position,repeat_count
298,297
302,2
305,1
309,2
313,2
315,1
319,2
322,1
325,2
329,2
333,2
337,2
341,2
345,2
347,1
350,1
353,2
357,2
361,2
363,1
367,2
370,1
373,2
377,2
381,2
385,2
389,2
393,2
395,1
399,2
402,1
405,2
409,2
413,2
417,2
421,2
423,1
427,2
430,1
433,2
437,2
441,2
445,2
448,1
451,2
453,1
457,2
460,1
462,1
465,2
468,1
471,2
474,1
476,1
481,4
485,2
489,2
492,1
494,1
496,1
499,2
501,1
503,1
505,1
508,2
510,1
512,1
514,1
517,2
519,1
521,1
526,4
532,2
537,2
541,2
546,2
549,1
551,1
553,1
556,2
559,2
562,1
564,1
569,4
572,1
574,1
576,1
579,2
581,1
584,2
588,2
591,1
593,1
595,1
598,2
600,1
602,1
607,4
611,2
614,1
617,2
620,1
622,1
624,1
627,2
630,2
633,1
635,1
637,1
640,2
642,1
644,1
649,4
652,1
654,1
656,1
659,2
661,1
664,2
668,2
671,1
673,1
675,1
678,2
680,1
682,1
687,4
691,2
694,1
697,2
700,1
702,1
704,1
707,2
709,1
711,1
713,1
716,2
720,3
724,1
729,4
732,1
735,2
738,1
740,1
742,1
745,2
748,2
751,1
753,1
755,1
758,2
760,1
762,1
764,1
767,1
772,1
774,1
777,1
782,2
786,1
788,1
791,1
796,1
798,1
800,1
805,1
807,1
809,1
814,1
816,1
819,1
824,1
826,1
829,1
834,1
836,1
838,1
845,6
849,1
851,1
853,1
858,2
863,1
866,1
868,1
873,1
877,2
882,1
886,1
891,1
894,2
900,2
904,1
907,2
911,1
913,1
915,1
917,1
920,1
922,1
926,2
928,1
931,1
933,1
935,1
939,1
942,1
944,1
947,2
951,1
953,1
955,1
957,1
961,2
964,1
966,1
970,1
972,1
976,2
979,1
981,1
983,1
985,1
987,1
990,1
992,1
996,1
999,1
1003,2
1006,1
1014,1
1021,1
1028,1
1034,1
1037,2
1042,2
1050,2
1058,2
1064,1
1073,2
1081,2
1101,2
1106,1
1167,1
1185,1
1200,1
1251,2
1263,1
1282,1
1285,1
1292,1
1299,1
1305,1
1308,2
1318,1
1335,1
1342,1
1344,1
1351,1
1360,2
1367,1
1386,1
1393,1
1395,1
1414,1
1435,1
1456,1
1477,1
1491,1
1505,1
1514,1
1519,1
1521,1
1523,1
1543,1
1558,1
1568,1
1570,1
1572,1
1585,1
1594,1
1599,1
1605,1
1641,1
1651,1
1667,1
1671,1
1692,1
1697,1
1712,1
1740,1
1745,1
1753,1
1755,1
1758,1
1760,1
1770,1
1773,1
1779,1
1782,1
1785,1
1798,1
1806,1
1830,2
1837,1
1841,1
1847,1
1856,1
1858,1
1862,1
1872,1
1890,1
1894,1
1897,2
1904,2
1909,2
1913,1
1915,1
1924,1
1931,1
1933,1
1937,1
1945,1
1948,1
1960,1
1962,1
1964,1
1970,1
1988,1
1993,1
1995,1
2006,2
2010,1
2013,2
2020,1
2022,1
2026,1
2036,1
2042,1
2051,1
2058,1
2060,1
2064,1
2072,1
2093,1
2099,1
2106,2
2119,1
2123,1
2126,2
2130,1
2136,1
2143,2
2157,1
2166,1
2173,1
2175,1
2179,1
2187,1
2200,3
2209,1
2211,1
2218,1
2227,2
2231,1
2239,1
2247,1
2250,1
2254,2
2258,1
2268,1
2272,1
2279,1
2288,1
2290,1
2305,1
2308,1
2312,2
2319,1
2321,1
2328,1
2335,1
2346,1
2353,1
2364,1
2367,1
2375,1
2377,1
2381,1
2384,2
2388,1
2391,2
2414,1
2419,1
2421,1
2425,2
2432,1
2434,1
2441,1
2443,1
2451,1
2456,1
2459,1
2462,2
2483,3
2487,1
2490,2
2497,1
2510,1
2512,1
2527,1
2531,1
2534,2
2541,1
2547,1
2555,1
2563,1
2570,1
2573,1
2577,2
2581,1
2587,1
2613,1
2616,2
2624,1
2627,1
2631,2
2638,1
2640,1
2644,1
2659,1
2661,1
2665,1
2668,2
2679,1
2683,2
2687,1
2690,2
2698,1
2703,2
2706,1
2723,1
2725,1
2732,1
2735,1
2739,2
2743,1
2746,2
2764,1
2767,2
2780,1
2783,1
2787,1
2791,1
2797,1
2800,2
2806,1
2814,1
2819,1
2824,1
2828,1
2836,2
2840,1
2849,1
2853,1
2858,1
2862,2
2866,1
2869,2
2873,1
2876,2
2878,1
2882,1
2897,1
2901,1
2904,1
2908,1
2912,1
2924,2
2931,2
2942,1
2946,1
2949,1
2951,1
2959,1
2967,1
2979,1
2989,1
2998,1
3001,1
3004,1
3006,1
3011,1
3028,1
3033,1
3035,1
3042,1
3046,1
3049,1
3051,1
3059,1
3061,1
3065,2
3073,2
3078,1
3082,1
3085,1
3089,1
3094,1
3098,2
3105,1
3112,1
3119,1
3123,1
3125,1
3139,1
3146,1
3151,1
3165,1
3174,1
3177,1
3181,1
3184,1
3189,1
3192,1
3196,1
3198,1
3203,1
3238,1
3241,2
3244,1
3248,2
3254,1
3267,1
3292,1
3296,2
3300,1
3304,2
3308,1
3312,2
3355,1
3357,1
3359,1
3365,1
3373,1
3388,3
3404,1
3410,1
3414,1
3429,1
3432,1
3439,1
3442,1
3485,3
3487,1
3491,2
3495,1
3499,2
3509,1
3513,2
3519,1
3522,1
3542,1
3545,1
3550,1
3553,1
3557,1
3563,2
3570,1
3585,1
3588,1
3607,3
3610,1
3613,1
3636,1
3640,2
3645,1
3648,1
3670,1
3672,1
3676,2
3679,1
3682,1
3701,1
3704,1
3728,1
3731,1
3754,1
3757,1
3760,1
3773,1
3776,1
3789,1
3791,1
3794,1
3796,1
3810,1
3812,1
3816,1
3827,1
3830,1
3842,1
3844,1
3848,1
3857,1
3865,1
3868,1
3872,2
3885,1
3887,1
3891,1
3894,1
3897,1
3901,2
3907,1
3909,1
3911,1
3915,1
3924,1
3932,1
3934,1
3954,1
3956,1
3961,1
3963,1
3971,1
3979,1
3992,1
4000,1
4004,1
4007,1
4014,1
4019,1
4027,1
4031,1
4043,1
4046,1
4050,2
4060,1
4063,1
4067,2
4080,1
4082,1
4103,1
4105,1
4107,1
4131,1
4133,1
4146,1
4150,1
4153,1
4156,1
4161,1
4163,1
4171,1
4186,1
4202,1
4215,1
4219,1
4229,1
4234,1
4236,1
4240,1
4244,1
4246,1
4253,1
4259,1
4264,1
4266,1
4268,1
4271,1
4274,1
4278,1
4282,2
4302,1
4307,1
4309,1
4314,1
4325,1
4329,1
4333,1
4336,1
4341,1
4343,1
4359,1
4367,1
4369,1
4372,1
4375,1
4380,1
4384,2
4388,1
4392,1
4395,1
4403,1
4407,2
4419,1
4421,1
4442,1
4450,1
4452,1
4454,1
4461,1
4465,2
4475,1
4478,1
4482,2
4492,1
4494,1
4500,1
4502,1
4537,1
4539,1
4544,1
4546,1
4556,1
4559,2
4567,1
4574,1
4582,1
4590,1
4592,1
4602,1
4616,1
4630,1
4632,1
4636,1
4661,1
4666,1
4668,1
4671,1
4675,2
4707,1
4710,1
4714,2
4719,1
4732,1
4741,1
4749,1
4752,1
4757,1
4769,1
4771,1
4776,1
4779,1
4783,2
4797,1
4802,1
4804,1
4810,1
4814,2
4822,1
4830,1
4843,1
4845,1
4850,1
4860,3
4881,1
4885,2
4890,1
4893,1
4915,1
4918,1
4929,1
4931,1
4935,2
4942,3
4959,1
4980,1
4998,3
5001,1
5005,2
5009,1
5012,1
5062,1
5072,1
5074,1
5076,1
5079,1
5086,1
5099,1
5118,3
5120,1
5122,1
5126,2
5149,1
5153,2
5159,1
5164,1
5170,1
5180,1
5186,1
5190,2
5192,1
5196,2
5206,1
5214,1
5220,1
5224,2
5228,1
5231,1
5256,3
5297,1
5299,1
5302,2
5304,1
5306,1
5308,1
5314,1
5322,1
5330,1
5333,1
5359,1
5385,1
5405,1
5413,1
5419,3
5424,2
5427,2
5431,1
5436,2
5438,1
5441,1
5451,1
5459,2
5462,2
5474,2
5477,2
5487,1
5490,2
5494,2
5496,1
5499,1
5508,2
5512,1
5531,1
5538,1
5541,1
5548,1
5554,1
5563,1
5566,1
5568,1
5579,1
5581,1
5583,1
5587,2
5591,1
5602,2
5606,1
5616,1
5622,1
5629,1
5632,1
5634,1
5637,1
5639,1
5644,2
5682,2
5690,2
5692,1
5700,2
5703,1
5722,1
5725,1
5730,1
5733,1
5741,1
5755,1
5760,4
5762,1
5765,1
5767,1
5771,1
5773,1
5775,1
5779,2
5787,3
5802,1
5812,1
5822,2
5827,1
5835,1
5838,1
5840,1
5844,1
5854,1
5864,2
5874,1
5877,1
5880,1
5884,1
5894,2
5899,2
5901,1
5905,1
5927,4
5931,1
5940,1
5949,1
5959,1
5961,1
5970,2
5972,1
5997,1
6018,2
6021,1
6032,2
6041,1
6047,2
6049,1
6058,3
6064,1
6066,1
6068,1
6072,2
6076,1
6082,1
6088,1
6092,1
6096,1
6119,1
6122,1
6130,2
6132,1
6137,1
6141,1
6149,2
6151,1
6159,2
6163,1
6170,1
6176,1
6180,1
6184,2
6191,1
6193,1
6198,2
6210,1
6213,1
6216,2
6220,1
6224,1
6233,2
6240,1
6247,1
6251,1
6254,1
6259,3
6263,1
6268,1
6271,1
6275,3
6291,2
6295,1
6301,1
6304,1
6310,1
6312,1
6315,1
6322,2
6326,1
6329,1
6335,1
6338,1
6343,3
6350,2
6357,1
6364,1
6371,1
6377,1
6382,1
6385,1
6389,3
6405,1
6409,2
6412,1
6422,1
6433,2
6437,1
6445,1
6448,1
6453,3
6459,1
6464,1
6467,1
6470,2
6474,3
6480,2
6487,1
6493,1
6504,1
6512,1
6518,1
6526,2
6532,1
6538,1
6542,1
6549,1
6554,1
6562,1
6564,1
6566,1
6584,1
6590,1
6595,1
6598,1
6601,2
6608,1
6615,1
6623,1
6632,4
6637,2
6644,1
6676,1
6682,2
6687,2
6694,1
6721,1
6725,2
6731,1
6740,1
6747,1
6754,2
6758,3
6765,1
6768,1
6772,1
6780,1
6791,1
6799,1
6803,2
6815,2
6827,2
6836,1
6853,1
6865,1
6870,1
6875,2
6878,1
6881,1
6884,1
6889,4
6892,2
6894,1
6898,2
6901,1
6908,1
6912,1
6920,1
6930,2
6932,1
6935,1
6937,1
6945,2
6949,1
6966,2
6972,1
6979,1
6983,2
6986,2
7000,1
7010,1
7012,1
7014,1
7016,1
7031,1
7042,1
7060,1
7064,2
7079,2
7082,2
7089,2
7102,2
7106,3
7111,1
7118,1
7128,1
7132,2
7139,2
7153,1
7161,1
7166,1
7170,2
7183,1
7187,2
7190,1
7200,1
7203,1
7207,1
7212,4
7219,2
7225,1
7232,1
7239,2
7245,2
7254,2
7263,4
7281,2
7285,1
7288,1
7300,2
7304,1
7307,1
7309,1
7314,2
7318,3
7323,1
7338,1
7341,1
7343,1
7355,1
7359,1
7364,4
7368,1
7379,1
7385,1
7388,1
7393,2
7402,4
7406,1
7435,1
7446,1
7451,2
7453,1
7456,1
7458,1
7462,1
7465,2
7472,1
7477,2
7483,1
7489,1
7491,1
7495,1
7500,1
7504,1
7510,1
7515,2
7521,1
7528,1
7532,1
7540,1
7543,1
7548,3
7558,4
7565,2
7570,1
7574,2
7578,1
7585,2
7589,3
7600,4
7612,1
7616,2
7622,1
7650,1
7661,4
7665,1
7671,1
7674,1
7678,3
7681,2
7689,2
7693,1
7706,1
7722,1
7736,1
7747,2
7750,2
7754,3
7763,2
7765,1
7769,1
7775,4
7781,1
7783,1
7785,1
7791,1
7801,1
7814,2
7826,2
7829,2
7833,3
7840,1
7842,1
7846,1
7870,1
7880,2
7897,2
7901,3
7913,2
7917,1
7925,1
7940,1
7942,1
7944,1
7948,3
7950,1
7958,2
7963,2
7966,2
7970,3
7979,1
7986,2
7990,1
8000,1
8019,1
8021,1
8026,2
8031,2
8039,1
8044,2
8048,3
8054,1
8058,2
8062,1
8073,2
8081,2
8085,1
8094,2
8101,2
8108,2
8116,1
8121,2
8124,2
8129,4
8134,1
8138,2
8142,1
8155,2
8163,2
8170,2
8175,1
8178,1
8185,1
8194,2
8198,1
8202,1
8208,2
8212,3
8219,1
8232,3
8237,2
8243,1
8247,2
8249,1
8254,2
8258,1
8268,1
8270,1
8276,1
8278,1
8285,2
8290,2
8295,4
8303,1
8314,2
8322,1
8328,1
8330,1
8338,2
8347,1
8361,2
8364,2
8369,4
8375,2
8386,2
8390,1
8408,1
8410,1
8416,1
8426,1
8435,2
8439,3
8446,1
8448,1
8460,1
8470,1
8488,2
8505,2
8508,2
8513,4
8520,2
8525,2
8536,2
8543,2
8549,1
8551,1
8559,1
8574,1
8576,1
8581,2
8585,3
8590,1
8600,1
8617,2
8632,2
8637,1
8641,2
8663,1
8665,1
8670,2
8673,2
8678,4
8685,2
8689,1
8706,1
8716,1
8725,2
8730,2
8735,2
8740,4
8744,1
8759,1
8769,1
8787,2
8793,1
8803,2
8808,2
8811,2
8816,4
8829,1
8833,2
8848,2
8870,2
8874,1
8883,2
8887,3
8894,1
8905,1
8915,1
8945,2
8948,2
8953,4
8957,1
8968,2
8972,1
8988,2
8991,1
8996,2
9002,1
9010,1
9017,1
9023,4
9028,2
9033,4
9040,2
9052,1
9056,2
9062,1
9070,1
9072,1
9076,1
9086,1
9105,1
9110,2
9113,2
9118,4
9137,1
9145,1
9155,1
9163,1
9176,2
9180,3
9187,1
9204,2
9208,1
9214,4
9217,1
9219,1
9227,1
9234,1
9242,1
9251,2
9254,2
9259,4
9266,2
9272,1
9281,1
9289,1
9298,2
9312,1
9321,1
9325,2
9332,2
9337,2
9341,3
9344,2
9352,2
9359,2
9371,1
9375,2
9381,2
9397,2
9405,1
9412,3
9425,2
9429,3
9434,1
9445,2
9449,1
9459,1
9474,2
9484,2
9487,2
9492,4
9503,2
9507,1
9517,1
9525,1
9527,1
9547,1
9556,2
9560,3
9565,1
9575,1
9586,2
9592,1
9600,1
9604,2
9628,2
9635,2
9640,2
9643,2
9648,4
9650,1
9653,2
9671,3
9676,2
9682,1
9711,1
9715,1
9724,2
9729,4
9737,1
9746,1
9752,1
9755,1
9759,1
9762,1
9767,1
9771,2
9785,2
9795,2
9798,2
9802,3
9812,2
9818,1
9829,1
9837,1
9842,4
9845,1
9848,1
9858,2
9863,2
9866,2
9873,1
9875,1
9881,1
9883,1
9891,2
9899,1
9905,1
9907,1
9911,1
9916,1
9918,1
9928,1
9936,2
9939,2
9943,3
9956,1
9971,1
10003,2
10008,2
10013,2
10016,2
10021,4
10025,1
10044,2
10051,2
10064,1
10068,2
10072,1
10082,1
10090,2
10095,4
10101,1
10116,1
10124,1
10136,1
10158,1
10166,2
10169,2
10174,4
10185,2
10189,1
10197,1
10209,1
10218,1
10227,2
10232,2
10236,3
10244,2
10259,2
10266,2
10270,1
10288,2
10293,2
10296,2
10300,3
10307,1
10309,1
10315,1
10323,2
10328,2
10334,1
10340,1
10348,1
10359,2
10364,2
10367,2
10371,3
10380,1
10387,2
10394,2
10402,2
10404,1
10406,1
10409,1
10414,1
10423,2
10429,1
10438,1
10445,1
10449,2
10454,2
10457,2
10461,3
10466,1
10477,2
10488,1
10507,2
10511,1
10520,2
10524,3
10529,1
10548,2
10550,1
10562,1
10566,2
10570,1
10575,4
10578,1
10583,1
10592,2
10603,4
10609,1
10616,2
10620,3
10625,1
10638,2
10642,1
10656,3
10665,1
10674,2
10678,1
10691,2
10694,2
10698,3
10703,1
10708,2
10714,1
10716,1
10725,1
10733,1
10741,2
10745,1
10759,1
10767,2
10770,2
10775,4
10779,1
10792,1
10797,1
10799,1
10803,1
10808,1
10831,1
10840,2
10844,3
10851,1
10860,1
10869,1
10886,2
10899,1
10915,2
10918,2
10922,3
10938,2
10944,1
10954,2
10968,2
10975,2
10983,1
10996,2
11001,2
11006,4
11010,1
11021,2
11045,1
11047,1
11052,2
11057,2
11062,2
11066,3
11071,1
11082,2
11086,1
11097,2
11104,2
11115,1
11117,1
11129,2
11132,2
11136,3
11139,1
11141,1
11144,1
11149,1
11153,1
11159,4
11166,2
11174,1
11176,1
11183,2
11188,1
11192,2
11207,2
11216,2
11220,3
11223,2
11236,1
11247,2
11258,4
11264,1
11268,1
11270,1
11285,2
11293,1
11300,3
11304,1
11313,2
11316,2
11320,3
11325,1
11337,1
11342,1
11345,1
11359,1
11362,1
11375,2
11378,2
11383,1
11387,1
11401,2
11407,1
11409,1
11417,2
11433,2
11441,1
11455,2
11458,2
11461,2
11468,1
11470,1
11476,1
11478,1
11490,1
11497,1
11500,1
11508,2
11528,2
11531,2
11535,3
11542,1
11556,3
11561,2
11567,1
11578,2
11584,1
11586,1
11594,1
11598,1
11601,1
11611,1
11620,2
11624,3
11631,1
11637,1
11640,1
11652,1
11662,1
11672,2
11683,2
11688,2
11692,3
11699,1
11707,2
11713,1
11722,2
11729,2
11734,1
11738,2
11742,1
11753,2
11758,2
11761,2
11766,4
11772,1
11781,2
11790,2
11792,1
11796,1
11812,2
11819,2
11823,1
11832,2
11837,4
11841,1
11851,1
11860,1
11873,2
11896,1
11903,2
11906,2
11910,3
11915,1
11929,3
11937,2
11944,1
11948,2
11954,1
11959,1
11963,2
11967,1
11979,2
11981,1
11986,2
11990,3
11995,1
12011,1
12014,1
12019,3
12033,2
12042,2
12056,1
12060,2
12065,2
12068,2
12072,3
12077,1
12088,2
12098,3
12103,2
12112,2
12123,2
12128,2
12132,1
12141,2
12145,3
12152,1
12154,1
12158,1
12182,1
12186,1
12189,1
12198,1
12208,1
12210,1
12215,2
12218,2
12222,3
12231,1
12238,3
12249,1
12260,2
12267,2
12282,1
12284,1
12298,2
12302,3
12309,1
12316,1
12336,4
12344,1
12355,1
12369,2
12375,2
12378,2
12382,3
12390,2
12400,1
12407,1
12419,1
12437,4
12447,2
12451,3
12456,1
12466,1
12472,1
12475,1
12490,1
12495,4
12501,1
12510,1
12519,2
12522,2
12527,4
12533,1
12546,3
12551,2
12559,2
12563,1
12577,1
12580,1
12592,2
12603,1
12611,1
12613,1
12621,1
12625,1
12633,2
12637,1
12640,1
12644,3
12654,2
12656,1
12665,1
12671,1
12679,1
12683,2
12693,2
12695,1
12699,1
12702,1
12707,3
12720,2
12723,2
12728,4
12732,1
12749,2
12755,1
12769,2
12776,2
12781,2
12790,2
12793,2
12797,3
12805,2
12809,1
12818,1
12822,2
12829,2
12840,2
12857,2
12868,4
12873,2
12877,3
12882,1
12890,1
12900,1
12902,1
12913,4
12940,1
12943,1
12946,2
12949,2
12954,1
12964,1
12966,1
12972,1
12974,1
12980,1
12988,2
12997,2
12999,1
13003,1
13010,2
13015,2
13019,1
13025,1
13028,1
13032,3
13040,2
13044,1
13047,1
13052,3
13056,1
13070,1
13075,4
13082,2
13089,2
13104,4
13109,2
13112,2
13116,3
13123,1
13132,1
13146,2
13154,1
13159,1
13163,2
13167,1
13178,2
13185,2
13190,2
13193,2
13197,3
13202,1
13220,4
13232,1
13242,1
13249,1
13259,1
13267,2
13272,4
13280,2
13289,2
13309,1
13317,1
13327,1
13329,1
13334,2
13337,2
13341,3
13350,1
13357,2
13362,2
13370,1
13394,1
13405,2
13410,2
13413,2
13417,3
13438,2
13443,2
13453,1
13467,3
13473,1
13477,1
13480,1
13484,1
13500,1
13506,1
13510,2
13514,1
13525,1
13529,1
13532,1
13548,1
13553,1
13562,2
13567,4
13574,2
13579,2
13584,1
13588,2
13592,1
13605,2
13612,2
13635,2
13640,2
13643,2
13647,3
13652,1
13660,1
13671,2
13697,1
13702,1
13705,2
13710,2
13714,3
13726,1
13747,3
13752,2
13764,2
13769,2
13773,1
13776,1
13781,3
13786,2
13789,2
13793,3
13803,2
13806,1
13819,2
13823,1
13834,2
13838,1
13846,1
13859,2
13861,1
13868,1
13870,1
13892,1
13895,1
13898,1
13901,1
13913,2
13918,2
13921,2
13924,2
13932,2
13935,1
13940,4
13947,2
13953,1
13961,2
13966,2
13972,1
13974,1
13978,1
13988,1
13996,2
13999,2
14007,2
14011,1
14019,1
14030,2
14041,4
14062,2
14069,2
14074,2
14076,1
14081,1
14089,1
14102,2
14110,2
14112,1
14127,1
14133,4
14136,2
14140,1
14144,1
14150,1
14156,1
14162,1
14168,1
14172,2
14181,2
14185,1
14193,1
14196,1
14218,2
14223,4
14230,2
14234,1
14238,1
14243,1
14248,4
14255,2
14265,3
14270,2
14277,2
14282,2
14287,2
14290,2
14295,1
14303,1
14307,1
14317,1
14323,1
14325,1
14335,3
14339,1
14352,1
14356,2
14360,1
14363,1
14368,3
14378,3
14383,2
14395,1
14400,2
14405,4
14409,1
14415,1
14420,2
14430,1
14434,1
14439,4
14447,1
14452,2
14459,2
14476,2
14480,3
14483,1
14486,1
14495,1
14500,1
14513,2
14517,1
14531,1
14539,1
14544,1
14550,1
14561,2
14563,1
14565,1
14567,1
14570,1
14579,1
14582,1
14585,1
14588,1
14594,1
14602,1
14610,1
14616,1
14619,1
14623,3
14645,1
14650,1
14659,1
14664,4
14669,1
14673,2
14675,1
14678,1
14685,2
14692,2
14696,1
14705,1
14711,1
14713,1
14718,1
14722,2
14726,1
14736,1
14745,1
14752,2
14755,2
14760,4
14767,2
14784,1
14808,1
14812,1
14816,1
14830,2
14835,2
14839,3
14844,1
14853,2
14873,1
14882,1
14889,2
14897,1
14903,2
14906,2
14908,1
14914,1
14918,1
14921,2
14927,1
14937,2
14944,2
14951,2
14955,1
14965,1
14967,1
14972,1
14976,2
14980,1
14988,2
14991,2
14995,3
15003,2
15014,4
15022,2
15035,2
15043,1
15056,1
15059,1
15064,1
15071,1
15074,1
15080,2
15085,4
15092,2
15096,1
15104,1
15115,2
15122,2
15139,1
15152,2
15155,2
15158,2
15169,4
15175,1
15180,2
15184,1
15194,1
15203,1
15210,2
15212,1
15217,1
15229,2
15258,2
15268,2
15270,1
15274,1
15278,2
15284,1
15289,1
15293,2
15303,4
15308,1
15312,2
15318,1
15325,2
15330,2
15333,2
15335,1
15341,1
15344,2
15347,1
15350,1
15355,4
15363,1
15370,2
15377,2
15383,1
15387,2
15397,1
15403,2
15407,1
15416,2
15420,3
15429,2
15433,1
15441,1
15457,2
15478,1
15490,2
15493,2
15498,1
15502,1
15508,1
15512,2
15517,2
15523,1
15529,1
15534,4
15557,2
15569,2
15573,3
15580,1
15587,1
15591,2
15601,1
15612,2
15623,4
15644,2
15660,2
15665,4
15669,1
15677,1
15687,1
15704,1
15707,1
15710,1
15713,1
15724,2
15727,2
15731,3
15739,2
15745,1
15752,1
15756,2
15763,2
15767,1
15786,2
15795,1
15799,2
15807,1
15812,2
15817,4
15827,3
15832,2
15838,1
15846,1
15849,1
15854,3
15861,2
15869,2
15883,2
15887,1
15898,2
15903,2
15906,2
15910,3
15919,1
15923,1
15935,2
15943,1
15946,1
15949,1
15952,1
15960,2
15972,2
15981,1
15991,1
15994,2
16000,1
16005,1
16015,1
16030,1
16033,1
16040,2
16043,2
16045,1
16052,1
16056,2
16062,1
16067,1
16071,2
16075,1
16078,1
16081,1
16084,1
16092,2
16094,1
16104,1
16110,1
16124,2
16127,2
16131,3
16142,1
16145,1
16148,1
16151,1
16154,1
16159,2
16173,1
16175,1
16197,1
16204,2
16208,1
16215,1
16218,1
16220,1
16228,2
16230,1
16233,1
16237,3
16248,3
16264,1
16270,1
16272,1
16276,1
16284,1
16300,1
16306,1
16316,1
16328,1
16334,1
16337,1
16347,1
16350,1
16354,2
16356,1
16361,1
16364,2
16367,1
16370,2
16378,2
16388,2
16393,1
16397,2
16401,1
16404,1
16409,3
16414,2
16420,1
16424,2
16426,1
16436,4
16438,1
16440,1
16443,1
16448,1
16454,1
16461,1
16475,1
16480,2
16483,2
16487,3
16492,1
16495,1
16498,1
16501,1
16507,2
16516,2
16533,1
16537,2
16546,2
16552,1
16561,1
16567,1
16576,1
16580,2
16582,1
16586,1
16589,1
16594,3
16599,1
16602,1
16605,1
16608,1
16613,1
16619,1
16627,1
16633,4
16642,2
16644,1
16650,1
16653,1
16658,4
16668,2
16672,1
16682,1
16699,1
16703,1
16707,1
16717,1
16719,1
16722,1
16728,1
16730,1
16734,1
16751,1
16754,1
16762,2
16764,1
16767,1
16770,2
16775,1
16779,1
16805,1
16809,1
16818,2
16829,2
16831,1
16841,2
16843,1
16852,1
16855,1
16860,3
16870,4
16877,2
16882,4
16889,2
16893,1
16901,1
16904,1
16914,1
16922,1
16927,2
16931,3
16940,1
16955,2
16966,4
16970,1
16973,1
16976,1
16979,1
16981,1
16983,1
16986,1
17002,3
17007,2
17017,1
17022,1
17026,2
17030,1
17039,2
17044,1
17048,2
17053,1
17058,2
17062,1
17070,1
17083,2
17085,1
17104,1
17113,2
17118,2
17122,1
17125,1
17130,3
17135,1
17144,2
17149,1
17152,1
17157,1
17163,4
17175,2
17180,1
17184,2
17186,1
17189,1
17194,4
17196,1
17209,1
17222,2
17224,1
17233,2
17235,1
17239,1
17245,4
17263,2
17265,1
17270,1
17273,1
17282,1
17291,1
17313,2
17315,1
17319,1
17325,1
17331,4
17343,2
17352,1
17354,1
17357,1
17364,2
17375,1
17379,2
17382,1
17388,1
17390,1
17392,1
17395,1
17397,1
17404,1
17406,1
17412,1
17441,1
17459,1
17470,4
17474,1
17478,1
17485,2
17495,1
17499,2
17506,2
17515,1
17524,1
17530,1
17537,1
17541,2
17550,1
17553,1
17556,2
17560,3
17580,1
17590,2
17594,1
17598,1
17605,1
17609,2
17613,1
17625,1
17635,1
17641,1
17648,2
17655,4
17659,1
17664,1
17667,1
17671,3
17686,2
17691,1
17695,2
17699,1
17707,1
17720,1
17724,2
17726,1
17730,1
17739,2
17742,2
17744,1
17750,1
17753,1
17756,1
17759,1
17770,2
17784,1
17812,1
17829,3
17835,1
17843,1
17845,1
17848,1
17852,3
17861,1
17878,1
17880,1
17888,1
17891,1
17894,1
17897,1
17901,1
17906,1
17909,1
17917,2
17925,1
17933,1
17944,1
17948,2
17954,1
17959,2
17964,1
17983,4
17985,1
17987,1
17990,1
17992,1
17995,1
18004,1
18010,1
18014,1
18020,1
18023,1
18026,1
18029,1
18034,2
18037,2
18041,3
18045,1
18050,2
18058,1
18065,2
18069,1
18081,2
18087,1
18093,1
18104,2
18109,2
18112,2
18116,3
18124,2
18128,1
18149,3
18154,2
18170,1
18173,1
18178,3
18186,2
18192,2
18197,2
18201,3
18208,1
18210,1
18214,1
18232,2
18242,1
18247,2
18251,1
18254,1
18257,1
18260,1
18262,1
18265,1
18268,2
18272,3
18276,1
18282,1
18289,2
18296,2
18302,2
18306,1
18314,1
18325,2
18350,2
18353,2
18366,1
18369,1
18383,2
18390,2
18395,2
18400,2
18414,2
18417,2
18419,1
18425,1
18428,1
18431,1
18434,1
18441,1
18443,1
18453,2
18458,1
18462,2
18466,1
18476,1
18486,3
18491,2
18496,1
18501,4
18518,2
18520,1
18523,1
18527,3
18530,1
18532,1
18535,1
18544,1
18552,2
18557,2
18566,2
18568,1
18573,2
18580,2
18595,1
18600,1
18604,2
18613,2
18617,1
18620,1
18625,3
18631,1
18638,2
18645,2
18649,1
18657,2
18659,1
18662,1
18667,4
18671,1
18679,1
18688,1
18692,2
18700,1
18708,1
18711,2
18714,2
18727,2
18729,1
18734,1
18760,1
18766,1
18777,1
18780,2
18782,1
18784,1
18786,1
18788,1
18791,1
18794,1
18797,1
18800,2
18804,3
18809,1
18813,2
18820,2
18830,1
18833,1
18836,1
18839,1
18841,1
18844,2
18852,1
18862,4
18865,1
18877,1
18888,1
18900,2
18915,1
18917,1
18919,1
18922,1
18929,1
18938,1
18943,2
18946,2
18950,3
18955,1
18961,1
18963,1
18968,1
18972,1
18982,2
18989,2
18997,2
19003,1
19011,2
19020,2
19024,1
19032,1
19036,1
19039,1
19043,2
19046,2
19048,1
19079,2
19082,1
19089,1
19092,1
19109,3
19114,2
19120,1
19127,2
19132,2
19136,1
19139,1
19144,3
19146,1
19149,1
19152,1
19157,4
19164,2
19175,1
19188,2
19190,1
19202,2
19205,2
19209,3
19212,1
19214,1
19217,1
19222,1
19226,1
19240,1
19249,1
19251,1
19254,1
19263,1
19279,4
19286,2
19290,1
19298,1
19305,1
19309,2
19317,1
19329,2
19331,1
19335,1
19341,4
19343,1
19345,1
19348,1
19351,1
19354,1
19359,4
19363,1
19376,2
19395,2
19397,1
19402,2
19407,2
19412,2
19415,1
19420,1
19423,1
19428,3
19431,1
19446,4
19450,1
19455,1
19463,1
19466,2
19475,1
19488,2
19490,1
19497,2
19502,1
19508,1
19513,1
19517,2
19526,2
19528,1
19532,1
19538,4
19554,2
19558,1
19564,4
19569,1
19573,2
19579,1
19597,4
19601,2
19604,2
19611,2
19622,1
19626,1
19641,2
19643,1
19647,1
19657,3
19665,2
19674,1
19680,4
19688,1
19699,2
19714,1
19718,2
19728,3
19733,2
19739,1
19745,2
19748,2
19755,2
19763,2
19767,1
19771,2
19774,1
19776,1
19779,1
19783,3
19793,2
19797,1
19801,1
19812,2
19814,1
19818,1
19822,1
19824,1
19827,1
19837,1
19846,1
19850,1
19862,1
19865,1
19875,2
19881,1
19884,1
19887,1
19894,2
19896,1
19898,1
19901,1
19925,1
19929,2
19931,1
19934,1
19937,2
19941,3
19946,1
19957,2
19966,2
19968,1
19972,1
19982,1
19991,2
19995,1
19998,2
20001,1
20007,1
20014,2
20019,1
20022,1
20024,1
20027,1
20037,2
20044,2
20057,1
20062,4
20066,1
20077,2
20082,2
20086,3
20094,2
20099,1
20103,2
20113,3
20117,1
20129,1
20137,2
20141,1
20156,1
20162,1
20164,1
20173,2
20177,2
20181,2
20189,1
20194,1
20197,1
20200,2
20204,3
20210,2
20214,1
20226,1
20231,1
20235,2
20244,2
20251,2
20255,1
20265,1
20272,2
20279,2
20282,1
20285,1
20292,4
20296,1
20309,2
20312,2
20321,1
20325,1
20329,2
20332,1
20337,4
20341,1
20358,2
20360,1
20368,1
20371,1
20374,1
20377,1
20387,1
20393,1
20398,1
20402,1
20417,2
20426,1
20433,2
20438,4
20442,1
20456,3
20465,2
20470,1
20474,2
20476,1
20478,1
20480,1
20485,1
20488,1
20492,1
20495,1
20502,2
20522,2
20524,1
20527,1
20531,3
20537,1
20541,2
20551,3
20556,2
20564,1
20567,1
20570,1
20573,1
20576,1
20585,2
20590,1
20593,1
20599,1
20603,2
20605,1
20612,2
20614,1
20618,2
20620,1
20622,1
20625,1
20634,1
20642,1
20646,1
20658,2
20660,1
20668,1
20684,2
20696,2
20701,4
20705,1
20708,1
20711,1
20714,1
20722,1
20727,2
20732,2
20736,1
20740,1
20747,1
20752,1
20767,2
20769,1
20780,1
20784,2
20791,1
20795,1
20807,2
20812,1
20821,1
20830,1
20834,2
20855,2
20859,1
20866,1
20869,1
20872,1
20875,1
20881,1
20892,2
20896,1
20904,1
20913,2
20915,1
20917,1
20919,1
20922,1
20931,1
20937,4
20945,2
20948,2
20950,1
20953,1
20961,1
20965,1
20971,4
20980,2
20982,1
20985,1
20992,2
20998,1
21016,2
21018,1
21022,1
21028,2
21036,1
21039,1
21043,1
21047,2
21057,1
21062,1
21066,2
21070,1
21085,2
21090,4
21102,1
21111,1
21117,1
21120,1
21123,1
21127,1
21140,2
21142,1
21156,1
21159,1
21163,3
21173,2
21178,2
21184,1
21195,1
21200,1
21203,1
21205,1
21211,1
21215,2
21222,2
21224,1
21227,1
21229,1
21232,1
21243,3
21248,2
21254,1
21262,1
21268,4
21275,2
21280,1
21284,1
21286,1
21288,1
21290,1
21296,1
21307,4
21309,1
21312,1
21316,3
21326,2
21329,1
21334,1
21338,2
21349,4
21353,1
21359,4
21363,1
21376,1
21385,2
21388,1
21392,1
21395,2
21399,3
21402,1
21404,1
21407,1
21412,1
21426,3
21437,2
21439,1
21443,1
21448,1
21451,1
21472,1
21480,1
21483,1
21487,1
21490,1
21499,1
21504,1
21506,1
21512,1
21519,1
21525,1
21534,1
21538,1
21541,1
21546,1
21560,1
21564,1
21573,2
21578,2
21592,2
21597,2
21599,1
21602,1
21605,2
21615,1
21631,1
21641,2
21652,2
21656,1
21662,1
21664,1
21667,1
21672,1
21676,1
21687,2
21689,1
21692,1
21695,1
21705,1
21712,1
21715,1
21720,3
21724,1
21747,4
21749,1
21752,1
21755,2
21759,3
21764,1
21774,1
21783,1
21787,1
21791,1
21800,2
21804,2
21815,1
21819,1
21827,1
21836,1
21845,2
21869,1
21873,1
21876,2
21880,1
21887,2
21897,4
21911,2
21916,1
21919,1
21938,1
21942,1
21946,1
21950,1
21952,1
21955,1
21960,1
21964,1
21972,1
21979,1
21983,2
21985,1
21989,1
21992,1
21997,3
21999,1
22001,1
22004,1
22007,1
22010,1
22013,2
22017,3
22022,1
22033,1
22037,2
22039,1
22050,4
22054,1
22059,4
22061,1
22063,1
22068,1
22080,2
22088,2
22092,1
22098,1
22113,2
22119,1
22126,2
22133,2
22138,1
22142,2
22144,1
22146,1
22149,1
22152,2
22154,1
22160,1
22163,1
22169,1
22172,1
22177,3
22187,4
22196,1
22204,2
22219,1
22226,2
22228,1
22230,1
22233,1
22238,1
22248,1
22255,2
22258,1
22261,1
22268,2
22275,1
22286,2
22288,1
22291,1
22294,1
22304,2
22310,1
22313,1
22318,1
22320,1
22340,4
22343,1
22346,1
22350,1
22354,3
22356,1
22373,2
22377,1
22385,1
22387,1
22390,1
22393,2
22397,3
22408,1
22412,1
22418,1
22423,1
22426,2
22431,2
22438,2
22444,2
22450,1
22463,3
22472,2
22479,4
22483,1
22492,1
22496,2
22498,1
22500,1
22503,1
22506,2
22510,3
22515,1
22518,1
22521,1
22524,1
22531,2
22540,2
22544,1
22552,1
22556,1
22565,1
22574,2
22586,1
22595,2
22602,2
22608,1
22615,2
22619,1
22622,1
22632,1
22634,1
22636,1
22639,1
22643,1
22657,2
22659,1
22663,1
22674,2
22679,1
22686,4
22693,1
22704,4
22706,1
22708,1
22711,1
22716,1
22728,1
22738,3
22743,2
22749,1
22753,1
22755,1
22758,1
22763,1
22769,4
22774,1
22778,2
22780,1
22787,2
22793,1
22795,1
22797,1
22800,1
22808,2
22811,1
22814,1
22817,1
22820,1
22827,2
22832,1
22835,1
22840,1
22842,1
22856,4
22864,2
22867,2
22871,1
22877,4
22881,2
22902,1
22906,1
22919,2
22922,1
22924,1
22927,1
22930,2
22933,2
22940,1
22942,1
22946,1
22949,1
22955,1
22958,1
22961,1
22965,1
22981,1
22988,1
23008,2
23014,1
23027,2
23033,1
23037,1
23048,1
23050,1
23052,1
23055,1
23058,2
23062,3
23065,1
23067,1
23070,1
23078,2
23084,1
23093,1
23098,1
23109,4
23114,1
23117,1
23122,1
23129,2
23136,2
23142,1
23146,1
23149,1
23155,1
23162,2
23164,1
23166,1
23169,1
23174,2
23183,1
23191,2
23194,1
23197,1
23203,1
23211,1
23222,1
23234,1
23240,2
23244,2
23253,1
23257,1
23279,1
23286,2
23299,1
23301,1
23305,1
23314,1
23320,1
23326,2
23332,1
23336,1
23345,2
23350,1
23357,1
23373,1
23376,1
23383,2
23390,2
23402,4
23408,1
23410,1
23412,1
23415,1
23420,1
23429,2
23436,1
23440,1
23449,4
23468,2
23476,1
23487,1
23489,1
23502,4
23506,1
23508,1
23511,1
23519,1
23526,3
23538,2
23546,1
23550,2
23558,1
23560,1
23562,1
23567,1
23576,1
23578,1
23580,1
23583,1
23588,1
23592,1
23597,1
23610,2
23612,1
23615,1
23618,1
23628,2
23634,1
23640,2
23648,2
23661,4
23663,1
23667,2
23675,2
23685,1
23689,1
23692,1
23695,1
23700,4
23707,1
23722,2
23725,2
23727,1
23729,1
23732,1
23738,1
23743,1
23757,1
23767,1
23769,1
23772,1
23775,1
23778,1
23780,1
23783,1
23787,1
23800,2
23807,2
23809,1
23811,1
23814,1
23819,1
23826,2
23832,1
23846,4
23850,1
23860,1
23871,1
23874,1
23878,2
23887,2
23892,2
23897,1
23907,2
23909,1
23911,1
23914,1
23918,1
23921,1
23930,2
23932,1
23937,1
23939,1
23941,1
23948,1
23953,1
23955,1
23958,1
23962,1
23965,1
23974,2
23976,1
23980,1
23985,4
23996,4
23998,1
24000,1
24003,1
24008,1
24011,1
24014,1
24017,1
24020,1
24029,1
24032,1
24035,2
24040,4
24048,1
24055,3
24059,1
24065,1
24074,1
24079,1
24082,2
24093,4
24099,1
24102,1
24105,1
24111,1
24124,2
24128,1
24141,2
24153,2
24157,1
24161,2
24172,1
24178,4
24182,1
24186,2
24189,1
24195,1
24197,1
24202,2
24207,1
24211,2
24215,1
24223,1
24230,1
24239,1
24243,2
24245,1
24247,1
24250,1
24253,2
24256,2
24262,1
24266,2
24277,4
24281,1
24290,1
24294,2
24296,1
24303,2
24305,1
24311,1
24323,2
24329,2
24342,2
24346,1
24352,1
24358,4
24367,2
24369,1
24371,1
24381,2
24389,1
24396,1
24406,2
24410,1
24412,1
24416,1
24424,2
24426,1
24429,1
24431,1
24434,1
24443,2
24452,1
24455,1
24460,1
24462,1
24474,2
24478,1
24498,1
24501,1
24506,1
24510,2
24513,1
24519,1
24521,1
24525,1
24528,1
24532,1
24534,1
24537,1
24544,1
24552,2
24556,1
24559,1
24570,2
24577,2
24584,2
24591,4
24593,1
24598,2
24603,1
24607,1
24616,2
24622,1
24626,2
24628,1
24633,1
24636,1
24638,1
24641,1
24643,1
24656,4
24666,2
24669,1
24672,1
24676,3
24681,1
24684,1
24687,1
24690,1
24694,1
24709,2
24711,1
24719,2
24721,1
24723,1
24726,1
24731,1
24736,1
24739,1
24749,2
24757,1
24762,1
24767,1
24771,2
24778,2
24785,1
24797,2
24806,1
24809,1
24820,1
24823,1
24830,2
24835,1
24843,1
24857,2
24864,1
24869,1
24871,1
24874,1
24881,1
24887,1
24894,2
24897,2
24904,1
24915,2
24920,2
24927,1
24930,1
24935,4
24951,1
24956,2
24960,1
24968,1
24972,1
24980,1
24987,2
24998,4
25002,1
25010,1
25012,1
25022,2
25039,1
25043,2
25076,1
25084,1
25087,1
25097,2
25102,1
25104,1
25108,1
25116,2
25120,1
25125,1
25128,1
25130,1
25137,1
25139,1
25142,1
25146,1
25152,1
25156,1
25164,1
25171,1
25175,2
25177,1
25188,4
25193,1
25195,1
25197,1
25203,2
25208,1
25216,1
25221,1
25223,1
25226,1
25233,1
25243,1
25248,1
25252,2
25254,1
25260,1
25262,1
25264,1
25267,1
25272,1
25277,4
25286,2
25294,2
25300,1
25302,1
25304,1
25307,1
25310,1
25313,1
25318,1
25326,2
25335,2
25337,1
25341,2
25345,2
25352,4
25357,1
25360,1
25363,1
25366,1
25369,2
25374,4
25381,2
25385,1
25391,1
25396,1
25399,2
25403,2
25407,1
25414,1
25420,1
25429,2
25438,2
25441,1
25444,1
25448,1
25451,1
25454,1
25457,1
25464,2
25472,1
25475,1
25478,1
25482,1
25498,2
25504,1
25515,2
25525,1
25528,1
25531,2
25534,2
25550,1
25559,2
25567,1
25575,1
25577,1
25585,1
25587,1
25592,2
25595,1
25598,1
25606,1
25615,2
25617,1
25621,2
25625,2
25644,2
25646,1
25649,1
25652,1
25656,1
25664,1
25668,1
25671,1
25674,1
25677,1
25686,2
25688,1
25690,1
25693,1
25697,3
25706,1
25709,1
25724,1
25726,1
25728,1
25731,1
25747,4
25753,1
25760,2
25762,1
25764,1
25767,1
25774,1
25782,1
25797,2
25804,2
25807,1
25810,1
25824,4
25832,1
25844,2
25847,1
25851,1
25853,1
25857,1
25860,1
25864,3
25876,4
25880,1
25884,1
25892,1
25901,2
25911,2
25916,1
25919,1
25922,1
25925,1
25933,2
25938,2
25947,2
25949,1
25951,1
25954,1
25958,1
25961,1
25965,1
25969,2
25972,1
25977,1
25981,2
25983,1
25990,2
25992,1
25997,1
26000,1
26007,2
26011,1
26015,2
26018,1
26027,2
26030,1
26033,1
26035,1
26042,3
26055,4
26057,1
26059,1
26062,1
26067,1
26080,2
26083,1
26088,2
26092,1
26106,1
26110,2
26124,2
26127,1
26134,2
26145,4
26154,1
26160,4
26167,1
26175,2
26181,1
26191,1
26198,1
26205,1
26212,1
26215,1
26222,2
26228,1
26234,2
26245,1
26248,1
26250,1
26252,1
26255,1
26263,2
26269,1
26275,2
26283,1
26287,1
26290,1
26293,2
26296,2
26299,1
26301,1
26304,1
26314,2
26317,2
26321,1
26324,1
26327,1
26333,1
26346,2
26348,1
26355,2
26361,1
26367,1
26376,2
26384,1
26387,1
26390,1
26393,1
26395,1
26397,1
26401,1
26408,1
26413,1
26416,1
26419,1
26422,1
26428,1
26439,2
26445,1
26460,2
26462,1
26464,1
26467,1
26472,1
26484,2
26487,2
26491,3
26498,1
26502,1
26509,2
26516,2
26520,1
26529,2
26538,2
26540,1
26544,1
26547,2
26551,1
26555,1
26562,1
26566,2
26569,1
26579,4
26583,2
26591,1
26597,4
26608,1
26614,1
26617,1
26620,1
26625,1
26628,1
26630,1
26633,1
26649,1
26659,1
26662,1
26666,1
26672,4
26680,2
26685,1
26688,1
26693,2
26704,1
26708,1
26718,1
26725,1
26734,2
26736,1
26738,1
26741,1
26747,2
26752,2
26756,1
26762,4
26773,4
26781,2
26795,1
26798,1
26807,2
26811,1
26816,1
26833,1
26835,1
26837,1
26840,1
26849,2
26852,1
26855,1
26861,1
26872,2
26874,1
26882,2
26887,2
26891,1
26897,4
26899,1
26901,1
26904,1
26916,3
26920,2
26946,1
26949,1
26953,3
26965,1
26969,1
26978,1
26985,3
26987,1
26989,1
26992,1
26998,1
27011,2
27013,1
27023,1
27031,1
27043,2
27045,1
27048,1
27050,1
27052,1
27055,1
27061,1
27068,1
27075,1
27079,2
27081,1
27089,2
27092,1
27095,1
27100,1
27110,2
27121,1
27125,2
27128,1
27135,4
27140,2
27151,4
27155,1
27161,1
27163,1
27173,2
27177,2
27182,1
27187,4
27192,1
27196,2
27204,1
27212,3
27236,2
27239,2
27244,2
27253,1
27258,2
27266,1
27271,1
27276,1
27280,2
27285,1
27291,1
27295,1
27305,2
27313,1
27323,1
27325,1
27327,1
27330,1
27335,1
27342,1
27348,1
27352,2
27354,1
27364,4
27366,1
27368,1
27371,1
27376,1
27379,1
27383,1
27386,1
27393,2
27410,2
27417,2
27422,2
27425,2
27427,1
27446,1
27449,1
27454,3
27462,2
27475,2
27477,1
27491,1
27493,1
27496,1
27509,2
27517,2
27519,1
27521,1
27524,1
27527,1
27530,1
27534,1
27537,1
27554,2
27557,2
27564,2
27566,1
27571,2
27576,1
27579,1
27582,1
27585,1
27587,1
27597,2
27601,2
27611,2
27614,2
27616,1
27619,1
27623,1
27629,4
27637,2
27640,1
27645,1
27655,2
27661,2
27665,2
27667,1
27673,1
27688,2
27693,2
27697,1
27699,1
27703,1
27705,1
27708,1
27713,1
27717,2
27726,2
27728,1
27737,1
27742,1
27745,1
27756,4
27766,1
27770,2
27780,1
27783,1
27787,1
27791,2
27794,1
27799,1
27803,2
27805,1
27812,2
27820,1
27825,1
27828,1
27838,2
27840,1
27843,1
27846,2
27850,3
27855,1
27866,1
27872,1
27875,2
27879,1
27891,2
27899,2
27903,1
27907,1
27919,2
27924,1
27929,1
27932,1
27939,1
27943,1
27946,1
27951,1
27953,1
27956,1
27958,1
27962,1
27977,2
27980,1
27997,1
28005,1
28010,1
28012,1
28014,1
28017,1
28026,2
28029,1
28033,1
28038,1
28043,1
28047,1
28058,4
28064,2
28068,2
28070,1
28076,1
28084,2
28094,1
28100,1
28106,1
28111,1
28115,2
28117,1
28120,1
28127,2
28131,1
28139,1
28153,2
28160,1
28163,1
28166,2
28170,3
28183,1
28186,1
28189,1
28192,1
28200,1
28211,2
28215,1
28219,2
28222,1
28228,1
28230,1
28232,1
28235,1
28243,2
28246,1
28249,1
28254,1
28258,2
28260,1
28262,1
28264,1
28267,1
28273,1
28283,2
28286,1
28289,1
28295,1
28304,2
28315,2
28321,1
28326,1
28331,4
28335,2
28347,2
28356,1
28363,1
28368,2
28374,1
28390,4
28396,1
28403,1
28411,1
28422,4
28424,1
28426,1
28429,1
28432,1
28435,1
28443,1
28451,1
28457,1
28463,1
28466,1
28475,1
28480,1
28487,2
28491,1
28493,1
28497,1
28502,1
28506,1
28511,1
28521,2
28523,1
28534,4
28539,1
28541,1
28545,1
28550,2
28559,2
28567,2
28577,3
28582,2
28588,1
28590,1
28597,2
28600,2
28607,1
28617,4
28622,1
28626,2
28628,1
28637,1
28642,2
28644,1
28646,1
28649,1
28663,1
28667,2
28669,1
28672,1
28675,1
28681,1
28688,2
28695,2
28702,1
28705,1
28709,1
28713,1
28718,1
28721,1
28732,4
28736,1
28739,1
28742,1
28745,1
28750,1
28753,1
28763,2
28771,2
28774,1
28777,1
28781,1
28794,2
28801,1
28805,2
28807,1
28811,1
28817,4
28828,4
28836,1
28840,2
28844,1
28859,2
28861,1
28871,3
28873,1
28875,1
28878,1
28880,1
28883,1
28888,1
28891,1
28896,2
28905,1
28910,1
28915,2
28923,2
28927,1
28931,2
28935,1
28946,1
28954,1
28963,4
28971,1
28978,2
28984,1
28986,1
28996,1
29000,1
29002,1
29009,1
29014,2
29024,1
29035,1
29040,2
29046,1
29062,1
29067,2
29070,2
29075,1
29077,1
29080,1
29083,1
29085,1
29089,1
29093,2
29095,1
29103,1
29106,1
29111,3
29113,1
29116,2
29121,1
29127,1
29138,1
29142,1
29144,1
29148,1
29158,2
29164,1
29181,1
29189,2
29197,2
29201,1
29204,1
29207,1
29209,1
29212,1
29215,1
29217,1
29225,2
29227,1
29230,1
29233,1
29239,1
29241,1
29247,1
29250,1
29255,3
29265,3
29270,2
29280,1
29289,2
29291,1
29295,1
29301,4
29305,1
29311,4
29319,1
29321,1
29324,1
29330,1
29334,2
29342,1
29347,2
29351,1
29357,1
29359,1
29362,1
29365,1
29368,1
29372,3
29377,1
29388,2
29396,2
29407,1
29414,1
29425,2
29437,1
29459,2
29461,1
29463,1
29466,1
29469,1
29472,1
29477,1
29481,2
29483,1
29489,1
29493,1
29496,1
29510,2
29512,1
29515,1
29520,1
29543,4
29545,1
29547,1
29550,1
29553,1
29556,1
29561,1
29565,2
29567,1
29572,1
29577,2
29579,1
29581,1
29583,1
29586,1
29589,1
29592,1
29596,1
29599,1
29604,3
29608,1
29611,1
29616,3
29627,3
29630,1
29636,1
29638,1
29641,1
29643,1
29647,1
29650,1
29653,1
29657,3
29662,1
29674,2
29687,1
29700,1
29707,2
29721,1
29723,1
29726,1
29729,1
29733,1
29736,1
29739,1
29742,1
29747,1
29751,2
29754,1
29761,2
29763,1
29765,1
29769,1
29772,1
29775,1
29779,3
29794,1
29798,2
29801,1
29813,4
29815,1
29818,2
29822,1
29836,1
29839,1
29842,1
29849,2
29853,1
29865,2
29873,1
29876,1
29879,1
29882,2
29886,3
29893,1
29900,1
29903,2
29907,1
29920,1
29928,1
29930,1
29933,1
29939,2
29947,2
29950,2
29954,1
29960,1
29963,1
29972,2
29974,1
29978,1
29981,1
29992,1
29996,2
30000,1
30003,1
30015,4
30017,1
30020,1
30037,2
30039,1
30044,1
30053,1
30063,1
30066,1
30076,1
30079,1
30086,2
30092,1
30094,1
30096,1
30098,1
30101,1
30108,1
30117,2
30127,1
30132,1
30134,1
30137,1
30140,1
30144,2
30149,1
30164,1
30175,4
30179,2
30184,1
30186,1
30189,1
30195,1
30198,2
30202,1
30205,2
30219,3
30224,2
30232,1
30239,2
30245,1
30247,1
30249,1
30252,1
30260,2
30263,1
30266,1
30271,1
30275,2
30277,1
30281,1
30284,1
30289,3
30291,1
30293,1
30296,1
30308,1
30312,2
30315,1
30324,2
30326,1
30329,1
30332,1
30334,1
30336,1
30339,1
30346,1
30352,1
30356,2
30367,2
30370,1
30373,1
30376,1
30378,1
30392,4
30398,1
30414,1
30417,1
30425,2
30441,1
30444,1
30457,1
30464,1
30473,2
30482,1
30484,1
30487,1
30491,3
30496,1
30505,2
30521,2
30538,1
30547,1
30551,1
30554,1
30559,1
30565,1
30577,2
30584,1
30593,1
30598,1
30605,1
30612,2
30614,1
30616,1
30619,1
30627,2
30630,1
30633,1
30637,2
30651,2
30653,1
30655,1
30657,1
30660,1
30668,2
30674,1
30685,1
30691,1
30693,1
30695,1
30698,1
30706,1
30709,1
30712,1
30715,1
30721,1
30724,1
30726,1
30730,1
30734,1
30737,1
30744,2
30751,2
30756,1
30760,2
30762,1
30766,1
30772,4
30779,2
30781,1
30784,1
30788,3
30791,1
30793,1
30796,1
30804,2
30815,4
30824,2
30827,1
30834,1
30847,2
30851,1
30861,1
30865,2
30874,2
30886,2
30899,2
30901,1
30903,1
30906,1
30911,2
30920,1
30927,1
30930,1
30936,1
30940,1
30950,1
30959,2
30961,1
30963,1
30966,1
30970,1
30973,1
30981,1
30992,3
30998,1
31008,4
31016,2
31019,2
31023,1
31025,1
31034,1
31036,1
31038,1
31041,1
31045,3
31064,3
31068,1
31077,2
31085,1
31088,1
31091,1
31113,2
31116,1
31120,2
31129,1
31132,1
31144,1
31153,1
31157,1
31160,1
31169,1
31172,1
31178,1
31180,1
31185,1
31187,1
31194,1
31197,2
31199,1
31201,1
31204,1
31210,1
31219,2
31225,1
31232,2
31234,1
31239,1
31242,1
31247,1
31262,1
31266,2
31268,1
31272,1
31277,1
31281,1
31288,2
31294,2
31298,1
31301,1
31307,1
31310,1
31313,1
31316,1
31318,1
31321,1
31326,1
31330,2
31332,1
31339,2
31342,1
31346,1
31349,1
31358,1
31366,1
31373,2
31375,1
31384,2
31395,2
31399,1
31403,3
31405,1
31407,1
31417,2
31434,4
31442,2
31444,1
31447,1
31450,1
31453,1
31461,2
31465,2
31469,1
31471,1
31478,1
31480,1
31482,1
31495,1
31503,2
31513,1
31515,1
31517,1
31528,3
31536,1
31538,1
31540,1
31543,1
31552,2
31565,1
31572,2
31574,1
31576,1
31579,1
31583,2
31586,2
31592,1
31596,1
31604,2
31615,1
31619,1
31629,2
31634,1
31637,1
31642,1
31647,2
31655,2
31659,1
31677,3
31688,2
31695,1
31701,2
31708,1
31711,1
31715,1
31721,1
31724,1
31730,1
31733,1
31744,3
31750,2
31752,1
31755,2
31758,1
31761,1
31764,2
31767,2
31779,1
31783,1
31795,1
31800,1
31805,1
31813,1
31815,1
31821,1
31823,1
31826,1
31829,1
31836,1
31863,4
31865,1
31869,2
31871,1
31873,1
31876,1
31884,2
31893,2
31897,1
31904,1
31910,2
31916,2
31922,2
31928,1
31931,1
31937,2
31940,1
31946,1
31949,1
31953,1
31955,1
31971,3
31976,2
31978,1
31985,2
31992,1
31994,1
31998,1
32009,2
32018,1
32020,1
32025,1
32030,1
32034,2
32041,2
32061,4
32063,1
32065,1
32069,1
32076,1
32082,1
32090,1
32097,3
32099,1
32102,1
32113,1
32121,1
32129,2
32136,1
32139,1
32142,1
32146,1
32152,2
32154,1
32161,1
32174,2
32176,1
32179,1
32186,1
32194,1
32196,1
32202,2
32205,1
32212,2
32215,1
32221,1
32226,2
32237,1
32248,1
32265,3
32272,1
32275,1
32277,1
32295,2
32300,1
32307,2
32310,1
32314,3
32318,1
32321,1
32326,1
32329,2
32332,2
32339,2
32343,1
32350,1
32354,1
32356,1
32365,1
32367,1
32372,2
32379,1
32381,1
32390,1
32394,1
32396,1
32399,1
32403,1
32417,4
32419,1
32422,1
32428,1
32430,1
32438,1
32446,1
32454,1
32456,1
32459,1
32468,1
32471,1
32475,1
32477,1
32480,1
32487,2
32493,1
32495,1
32497,1
32499,1
32508,2
32513,2
32520,1
32522,1
32535,2
32539,1
32542,1
32551,4
32561,3
32566,2
32573,2
32578,2
32586,1
32593,3
32597,1
32603,1
32606,1
32619,2
32622,2
32625,1
32642,2
32645,2
32650,1
32653,1
32657,2
32660,2
32668,1
32674,1
32678,1
32681,1
32689,1
32692,1
32704,1
32708,1
32711,1
32713,1
32716,1
32722,2
32727,1
32735,1
32745,1
32752,3
32754,1
32757,1
32763,1
32770,2
32777,1
32784,2
32789,1
32799,2
32806,1
32809,1
32814,2
32818,1
32821,1
32827,1
32833,1
32845,2
32851,2
32859,1
32865,1
32878,3
32884,2
32886,1
32888,1
32890,1
32893,1
32898,2
32911,3
32916,2
32921,1
32924,1
32935,1
32957,1
32960,1
32964,1
32967,1
32970,1
32973,1
32978,1
32981,1
32999,2
33003,1
33007,2
33010,1
33026,2
33028,1
33031,1
33035,3
33042,2
33048,2
33053,1
33058,1
33062,2
33064,1
33067,1
33074,1
33077,2
33087,4
33093,2
33101,1
33111,3
33116,2
33128,1
33131,1
33136,1
33140,2
33146,1
33149,1
33153,1
33155,1
33168,2
33170,1
33173,1
33177,3
33189,3
33194,1
33214,2
33218,2
33223,1
33232,1
33234,1
33241,1
33245,1
33247,1
33253,1
33256,1
33259,1
33261,1
33263,1
33266,1
33274,1
33279,2
33283,1
33286,1
33291,3
33305,1
33308,1
33314,2
33316,1
33318,1
33322,1
33327,1
33333,4
33335,1
33338,1
33349,4
33353,1
33365,3
33369,1
33378,1
33382,2
33386,1
33392,1
33395,1
33404,2
33406,1
33412,1
33415,1
33428,1
33438,1
33444,2
33451,1
33461,3
33465,1
33471,1
33475,2
33482,1
33497,2
33505,2
33512,1
33514,1
33516,1
33524,1
33528,1
33534,4
33542,2
33552,1
33559,1
33567,1
33573,1
33577,1
33580,1
33583,1
33586,1
33593,1
33595,1
33606,2
33608,1
33611,2
33614,2
33625,3
33630,1
33634,1
33636,1
33646,1
33655,2
33658,1
33660,1
33663,1
33665,1
33668,1
33685,1
33693,1
33695,1
33698,1
33707,2
33716,2
33721,1
33724,1
33731,1
33733,1
33736,1
33744,1
33751,1
33760,1
33774,2
33777,2
33782,1
33784,1
33787,1
33794,2
33799,1
33805,3
33807,1
33817,1
33821,1
33824,1
33830,1
33837,2
33841,1
33845,1
33849,1
33853,1
33860,1
33864,2
33867,2
33873,1
33878,1
33881,1
33885,1
33890,1
33900,2
33908,1
33912,2
33916,1
33918,1
33923,1
33931,1
33935,1
33940,2
33955,2
33959,1
33961,1
33967,1
33980,4
33986,2
33994,1
33997,2
34003,2
34007,1
34010,1
34012,1
34018,2
34025,1
34028,1
34032,1
34038,1
34041,1
34047,2
34050,1
34060,4
34066,2
34071,1
34084,1
34086,1
34089,1
34096,1
34104,2
34110,1
34113,1
34116,2
34119,2
34128,1
34136,1
34144,2
34150,2
34155,1
34163,1
34170,1
34177,1
34186,2
34189,1
34195,2
34200,1
34206,1
34220,3
34227,1
34230,1
34233,1
34236,1
34243,2
34250,1
34257,2
34260,1
34266,2
34272,2
34274,1
34278,1
34283,1
34287,3
34295,2
34298,1
34306,1
34311,1
34316,2
34327,1
34333,1
34338,1
34344,1
34347,1
34350,1
34353,1
34356,1
34362,1
34365,2
34370,1
34374,2
34376,1
34381,2
34396,1
34404,1
34410,1
34414,3
34418,2
34421,1
34424,1
34428,1
34433,1
34439,2
34441,1
34444,1
34455,2
34458,1
34462,3
34472,2
34474,1
34477,1
34484,1
34496,3
34498,1
34500,1
34516,2
34522,2
34524,1
34527,1
34534,1
34537,1
34541,1
34548,1
34554,1
34556,1
34558,1
34561,1
34567,1
34583,2
34587,1
34589,1
34591,1
34594,2
34598,1
34602,1
34606,1
34616,2
34625,1
34628,1
34634,2
34644,2
34648,1
34651,1
34662,2
34691,2
34695,2
34699,2
34711,1
34714,1
34717,1
34725,2
34737,2
34742,1
34747,1
34754,2
34760,2
34766,1
34769,2
34773,2
34782,1
34786,1
34790,1
34797,1
34805,1
34813,2
34821,2
34837,2
34845,3
34849,1
34855,1
34864,2
34867,1
34870,1
34873,1
34879,2
34889,3
34894,2
34901,1
34903,1
34906,1
34909,1
34912,1
34916,1
34924,2
34927,2
34931,1
34934,1
34937,1
34940,1
34946,2
34951,1
34955,1
34958,1
34969,4
34975,2
34980,1
34983,1
34985,1
34988,1
34992,1
34995,1
34999,1
35001,1
35010,2
35018,1
35025,3
35027,1
35032,2
35037,1
35053,2
35057,2
35066,2
35072,1
35074,1
35079,1
35082,2
35084,1
35086,1
35088,1
35092,2
35096,1
35101,1
35104,1
35111,1
35121,2
35129,2
35137,2
35140,2
35146,2
35150,1
35154,1
35156,1
35163,1
35168,1
35171,1
35177,2
35182,1
35189,1
35192,1
35195,1
35198,1
35203,1
35207,2
35210,1
35214,1
35225,1
35239,4
35244,1
35250,1
35259,1
35266,3
35280,2
35288,2
35298,1
35300,1
35303,1
35310,1
35312,1
35315,1
35317,1
35327,2
35330,2
35332,1
35337,2
35344,1
35350,1
35352,1
35356,1
35358,1
35361,1
35373,1
35378,1
35381,1
35385,3
35391,1
35393,1
35406,4
35419,1
35424,1
35434,1
35444,2
35446,1
35448,1
35452,2
35464,2
35475,2
35477,1
35485,1
35501,1
35522,1
35524,1
35527,1
35531,3
35543,1
35549,2
35563,1
35566,2
35570,2
35572,1
35574,1
35577,1
35585,1
35599,4
35601,1
35604,1
35623,2
35628,1
35637,1
35639,1
35642,1
35646,1
35649,1
35657,2
35660,2
35665,1
35675,1
35678,1
35690,2
35694,2
35696,1
35702,3
35706,1
35709,2
35721,2
35724,2
35726,1
35729,1
35733,3
35738,1
35741,1
35744,1
35747,1
35755,2
35763,2
35769,1
35773,1
35775,1
35778,1
35784,1
35797,2
35807,1
35810,1
35813,1
35816,1
35821,1
35828,1
35830,1
35834,1
35861,2
35863,1
35867,1
35877,1
35882,2
35886,1
35890,1
35896,1
35910,4
35912,1
35919,1
35923,2
35927,1
35930,1
35933,1
35936,1
35939,1
35942,1
35950,1
35955,1
35959,3
35969,1
35971,1
35973,1
35984,2
35992,1
35996,2
36000,1
36003,2
36006,2
36021,1
36023,1
36041,2
36045,1
36049,1
36054,1
36062,1
36070,1
36077,1
36083,1
36088,1
36096,1
36104,3
36109,1
36117,2
36127,3
36132,2
36140,1
36145,1
36152,1
36158,1
36166,1
36172,1
36174,1
36180,1
36182,1
36191,1
36193,1
36203,3
36208,2
36214,2
36220,1
36223,1
36228,1
36231,2
36239,1
36247,2
36251,1
36253,1
36262,1
36266,1
36268,1
36271,1
36274,1
36278,2
36289,1
36294,2
36301,2
36306,1
36312,1
36315,1
36322,1
36337,3
36342,2
36348,2
36358,2
36375,1
36381,2
36390,1
36392,1
36398,1
36401,1
36414,4
36422,2
36425,1
36428,1
36432,1
36435,1
36440,3
36447,1
36453,2
36455,1
36457,1
36460,1
36464,1
36467,1
36477,1
36479,1
36487,1
36497,1
36499,1
36502,1
36509,1
36512,1
36519,1
36525,2
36536,1
36543,1
36546,1
36561,1
36569,2
36574,2
36578,2
36585,4
36591,1
36596,1
36603,1
36609,1
36616,1
36619,1
36631,4
36638,1
36643,2
36645,1
36647,1
36650,1
36654,1
36657,1
36663,1
36675,1
36685,4
36690,1
36700,1
36706,2
36708,1
36710,1
36713,1
36721,1
36727,2
36731,1
36733,1
36742,2
36754,4
36761,1
36765,1
36767,1
36773,2
36777,1
36780,1
36784,1
36788,1
36791,1
36795,1
36797,1
36799,1
36802,1
36808,1
36812,1
36817,1
36820,1
36825,1
36846,1
36849,1
36856,3
36865,2
36870,1
36880,2
36888,2
36891,1
36894,1
36898,1
36901,1
36905,1
36907,1
36910,1
36918,2
36926,2
36929,2
36935,2
36938,1
36942,3
36946,1
36949,1
36951,1
36953,1
36956,1
36962,1
36974,1
36979,1
36985,1
36996,2
36998,1
37000,1
37003,1
37009,1
37014,1
37020,3
37023,2
37029,1
37037,1
37039,1
37042,1
37050,1
37058,1
37076,3
37081,1
37093,1
37099,2
37102,1
37105,1
37108,2
37113,1
37118,1
37128,3
37132,1
37141,1
37145,1
37155,2
37157,1
37159,1
37163,1
37179,2
37187,1
37193,1
37197,1
37201,3
37203,1
37208,2
37212,2
37215,2
37228,3
37232,1
37242,1
37253,1
37260,1
37262,1
37269,1
37271,1
37278,2
37283,1
37291,1
37296,1
37302,1
37314,2
37321,1
37326,1
37337,4
37344,1
37349,1
37359,2
37391,1
37402,1
37405,1
37408,1
37414,1
37424,1
37437,1
37441,1
37444,2
37447,2
37453,1
37457,3
37461,2
37465,1
37469,1
37473,1
37477,1
37481,1
37483,1
37485,1
37493,1
37498,1
37504,2
37507,1
37511,1
37515,1
37519,1
37525,2
37532,1
37543,2
37558,2
37575,1
37583,2
37586,1
37589,1
37591,1
37597,2
37604,1
37611,1
37616,1
37624,2
37633,1
37636,1
37646,1
37671,2
37675,1
37677,1
37680,1
37687,1
37694,1
37701,2
37707,2
37713,1
37715,1
37718,1
37722,1
37724,1
37727,1
37733,1
37735,1
37741,1
37743,1
37749,2
37753,2
37761,2
37770,2
37776,1
37779,1
37781,1
37789,2
37797,1
37804,3
37810,1
37814,1
37817,1
37823,1
37833,1
37839,1
37841,1
37848,2
37851,2
37859,1
37868,1
37873,1
37881,1
37887,2
37895,1
37898,1
37902,3
37906,1
37909,1
37916,1
37919,1
37925,1
37929,1
37933,1
37940,1
37948,1
37951,1
37957,2
37965,1
37971,1
37975,1
37978,1
37985,1
37994,3
38003,1
38018,2
38024,2
38041,3
38047,1
38055,1
38061,1
38064,1
38067,1
38081,1
38086,1
38094,1
38098,1
38102,3
38107,1
38111,3
38117,1
38123,2
38135,2
38140,2
38142,1
38148,1
38150,1
38158,1
38166,1
38170,1
38173,1
38182,1
38185,1
38187,1
38192,2
38203,4
38205,1
38208,1
38215,2
38223,1
38231,1
38240,2
38244,2
38246,1
38249,1
38255,2
38263,1
38267,2
38282,2
38288,2
38290,1
38293,1
38300,1
38303,1
38308,1
38311,1
38318,1
38324,2
38326,1
38328,1
38334,1
38337,1
38340,1
38345,1
38353,1
38360,2
38367,1
38381,2
38384,1
38392,4
38398,1
38405,1
38408,1
38414,1
38429,2
38433,2
38447,1
38450,1
38456,1
38458,1
38463,1
38465,1
38468,1
38479,1
38481,1
38484,1
38488,1
38501,1
38508,3
38514,1
38516,1
38522,2
38525,1
38528,1
38531,1
38535,1
38539,1
38542,1
38550,2
38555,1
38560,1
38565,2
38574,2
38577,2
38583,1
38587,2
38591,1
38593,1
38596,1
38607,4
38609,1
38612,1
38616,3
38625,2
38627,1
38629,1
38638,1
38653,3
38657,1
38666,1
38669,1
38679,2
38687,2
38696,1
38714,1
38716,1
38718,1
38721,1
38727,1
38732,1
38735,1
38738,1
38741,1
38744,1
38750,1
38754,1
38756,1
38759,1
38769,1
38776,1
38780,3
38788,2
38791,1
38797,2
38802,1
38805,1
38810,2
38823,4
38834,3
38840,2
38843,1
38850,1
38854,1
38857,1
38860,1
38870,2
38879,1
38881,1
38888,1
38890,1
38894,1
38897,1
38900,1
38910,3
38916,2
38937,2
38943,2
38946,2
38953,1
38972,1
38984,3
38987,1
38993,1
38995,1
38999,1
39003,1
39006,1
39019,1
39027,2
39031,2
39033,1
39036,1
39045,1
39048,1
39052,3
39060,1
39065,2
39073,2
39075,1
39077,1
39080,2
39082,1
39085,1
39088,2
39091,2
39099,1
39112,3
39118,1
39124,1
39135,1
39143,1
39147,2
39155,2
39163,2
39170,1
39172,1
39175,1
39191,2
39198,2
39207,1
39213,1
39220,1
39225,1
39229,1
39233,3
39235,1
39242,1
39246,2
39248,1
39255,2
39259,1
39263,1
39265,1
39268,1
39272,1
39276,2
39280,1
39284,1
39286,1
39295,1
39298,1
39301,1
39306,1
39313,2
39320,2
39331,3
39337,1
39344,3
39347,2
39356,1
39363,1
39376,1
39385,1
39393,3
39400,1
39427,2
39431,2
39440,2
39458,2
39462,1
39464,1
39470,2
39475,2
39481,1
39483,1
39488,1
39498,2
39501,1
39504,1
39509,1
39520,2
39526,2
39528,1
39531,1
39537,2
39541,1
39545,1
39547,1
39550,1
39553,1
39559,2
39563,1
39565,1
39568,1
39573,1
39580,2
39584,2
39590,1
39598,1
39601,2
39605,1
39616,4
39621,1
39625,2
39631,1
39642,2
39644,1
39648,1
39656,2
39664,1
39668,2
39674,1
39685,2
39688,1
39692,3
39699,1
39702,1
39708,1
39712,1
39715,1
39719,2
39727,1
39740,2
39744,1
39768,2
39779,3
39785,2
39788,1
39791,1
39795,3
39803,2
39814,2
39824,1
39827,1
39834,2
39836,1
39839,1
39842,1
39845,2
39848,1
39854,1
39856,1
39859,1
39865,2
39875,2
39883,1
39892,1
39897,1
39908,1
39911,1
39914,1
39917,1
39925,2
39928,1
39933,1
39937,2
39945,1
39955,2
39958,2
39962,1
39973,1
39976,1
39979,1
39984,1
39988,2
39993,1
40003,2
40010,1
40016,2
40027,4
40029,1
40031,1
40035,1
40038,1
40041,1
40053,1
40056,1
40061,3
40071,3
40075,1
40079,1
40088,1
40092,1
40094,1
40097,2
40100,2
40124,2
40128,1
40131,1
40137,1
40139,1
40143,1
40147,2
40149,1
40152,1
40157,1
40163,1
40168,1
40173,1
40176,1
40179,2
40183,2
40195,4
40205,1
40208,1
40214,2
40220,2
40227,1
40233,1
40236,1
40239,1
40244,1
40247,1
40249,1
40252,1
40262,2
40272,3
40277,2
40285,1
40289,1
40292,1
40298,1
40302,2
40304,1
40307,1
40315,1
40318,1
40323,1
40327,1
40330,1
40333,1
40336,1
40341,1
40357,1
40364,3
40370,2
40374,1
40378,1
40383,1
40390,2
40394,2
40400,1
40404,1
40409,1
40414,1
40420,1
40428,2
40438,4
40445,1
40449,1
40455,1
40460,1
40464,2
40469,1
40477,2
40482,1
40487,1
40494,2
40514,3
40520,2
40522,1
40535,1
40539,2
40542,2
40551,1
40561,2
40565,2
40571,2
40575,3
40577,1
40579,1
40584,1
40590,1
40593,1
40599,1
40608,4
40614,2
40617,2
40624,4
40628,1
40632,1
40646,1
40650,2
40653,1
40657,3
40665,2
40675,1
40681,1
40685,1
40688,1
40701,2
40706,1
40718,1
40727,1
40730,1
40733,1
40742,1
40748,2
40751,1
40755,1
40759,1
40763,1
40769,2
40773,1
40775,1
40778,1
40780,1
40787,1
40791,1
40794,1
40803,2
40808,1
40816,1
40831,3
40839,2
40841,1
40844,1
40848,1
40852,1
40859,1
40863,1
40865,1
40867,1
40873,1
40877,2
40882,2
40890,2
40895,1
40898,1
40908,3
40916,1
40925,1
40933,2
40945,2
40953,2
40958,1
40963,1
40967,1
40971,2
40975,2
40980,1
40986,1
40995,1
40998,2
41017,1
41021,2
41025,1
41029,2
41035,1
41038,1
41049,4
41051,1
41054,1
41065,4
41067,1
41073,1
41078,1
41091,1
41093,1
41098,2
41106,1
41115,1
41125,2
41129,2
41135,1
41140,2
41147,1
41149,1
41152,1
41163,4
41169,1
41177,1
41181,2
41185,1
41189,2
41194,1
41197,1
41202,2
41208,1
41224,3
41239,1
41241,1
41244,1
41246,1
41249,1
41255,1
41258,1
41269,2
41275,1
41278,1
41284,1
41288,1
41292,1
41301,2
41303,1
41305,1
41311,1
41313,1
41316,1
41319,1
41331,3
41336,1
41352,1
41355,1
41363,4
41368,1
41373,1
41383,1
41388,1
41393,1
41398,2
41405,2
41414,1
41417,1
41420,1
41424,1
41426,1
41437,2
41439,1
41442,1
41453,4
41460,1
41467,2
41473,2
41478,1
41480,1
41491,1
41495,1
41497,1
41501,1
41510,1
41521,1
41526,1
41544,1
41548,1
41552,1
41558,2
41566,1
41574,2
41582,2
41589,1
41591,1
41597,1
41604,1
41610,2
41624,2
41630,1
41633,2
41638,1
41644,1
41655,1
41658,1
41661,1
41672,1
41676,2
41684,3
41686,1
41689,1
41695,1
41698,1
41704,1
41718,1
41721,1
41724,1
41729,1
41735,2
41741,2
41746,1
41751,1
41757,1
41762,1
41764,1
41767,1
41773,1
41783,2
41796,1
41799,1
41802,1
41809,1
41817,1
41825,1
41828,1
41830,1
41833,1
41835,1
41838,1
41855,2
41867,3
41869,1
41879,1
41885,2
41895,2
41901,1
41904,1
41916,3
41923,2
41925,1
41928,1
41938,1
41946,1
41950,2
41955,1
41962,2
41964,1
41970,1
41981,1
41985,1
41999,2
42008,1
42011,1
42015,1
42029,2
42035,1
42043,2
42053,3
42057,1
42066,1
42069,1
42072,1
42081,1
42088,1
42093,2
42095,1
42098,1
42103,1
42127,2
42129,1
42134,1
42137,1
42140,1
42142,1
42145,1
42157,2
42162,1
42172,1
42179,1
42186,2
42194,1
42205,4
42212,1
42222,2
42230,2
42235,1
42245,1
42258,1
42261,1
42267,2
42272,1
42278,1
42283,1
42285,1
42293,1
42301,1
42305,2
42313,1
42317,1
42320,1
42325,1
42347,1
42353,2
42370,2
42375,1
42377,1
42386,2
42390,1
42394,1
42399,1
42402,1
42406,1
42411,1
42413,1
42421,1
42428,1
42440,2
42446,2
42448,1
42451,1
42462,4
42472,3
42477,2
42489,1
42496,1
42508,1
42517,1
42522,1
42526,1
42529,1
42533,2
42535,1
42542,2
42544,1
42547,1
42552,1
42559,1
42569,1
42574,2
42581,2
42587,2
42589,1
42591,1
42598,1
42601,1
42603,1
42606,1
42610,1
42612,1
42615,1
42617,1
42623,2
42629,2
42632,1
42653,1
42656,2
42669,1
42689,1
42692,1
42700,1
42715,1
42723,2
42728,1
42735,1
42739,1
42744,1
42754,2
42763,1
42766,1
42769,1
42776,4
42781,2
42784,1
42787,1
42794,2
42803,1
42805,1
42810,1
42823,4
42829,2
42839,1
42845,1
42854,1
42860,1
42862,1
42867,1
42872,2
42874,1
42887,1
42895,1
42899,1
42907,1
42915,3
42917,1
42920,1
42925,1
42930,1
42932,1
42940,1
42942,1
42947,1
42958,3
42963,2
42967,1
42973,1
42981,1
42988,3
42991,1
42993,1
42996,1
43002,1
43006,1
43008,1
43012,1
43018,1
43026,1
43037,2
43040,2
43043,2
43050,1
43057,1
43069,1
43077,2
43079,1
43081,1
43085,1
43089,1
43097,3
43100,2
43105,1
43109,1
43114,1
43118,2
43122,1
43125,1
43131,1
43135,2
43140,1
43147,1
43151,1
43155,1
43161,2
43167,1
43174,1
43177,2
43183,1
43186,2
43188,1
43191,1
43199,2
43208,1
43216,2
43221,1
43230,2
43241,4
43248,1
43252,1
43256,1
43259,2
43268,1
43272,1
43276,1
43281,1
43284,1
43289,3
43296,2
43304,1
43308,2
43310,1
43313,1
43319,2
43321,1
43327,1
43330,1
43336,1
43347,1
43351,1
43355,1
43358,1
43362,3
43368,1
43372,1
43374,1
43377,1
43383,2
43385,1
43390,2
43407,2
43413,2
43442,2
43445,2
43452,1
43455,1
43459,1
43462,1
43467,1
43471,3
43483,2
43486,2
43493,1
43497,2
43502,1
43505,1
43510,1
43512,1
43515,1
43519,1
43522,1
43527,1
43540,1
43549,2
43557,2
43562,1
43565,1
43568,1
43572,1
43580,2
43582,1
43585,1
43588,1
43593,1
43597,1
43603,1
43609,1
43612,1
43623,2
43625,1
43630,2
43633,1
43639,1
43647,2
43649,1
43651,1
43658,1
43662,1
43664,1
43666,1
43669,1
43673,2
43677,1
43679,1
43691,1
43698,1
43707,1
43717,1
43721,1
43723,1
43729,1
43738,1
43744,2
43749,2
43752,1
43761,1
43764,1
43770,1
43778,1
43782,2
43793,4
43799,3
43802,1
43804,1
43809,1
43812,1
43821,2
43823,1
43826,1
43832,1
43841,1
43863,2
43866,1
43869,1
43873,2
43880,2
43885,1
43892,1
43899,1
43908,2
43910,1
43913,1
43919,1
43931,1
43940,2
43945,1
43955,1
43960,2
43964,3
43967,2
43982,1
43986,1
43988,1
43990,1
43992,1
43995,1
44013,1
44020,4
44025,1
44032,2
44034,1
44037,1
44044,2
44055,4
44062,1
44069,2
44072,1
44076,1
44080,2
44083,2
44090,1
44094,1
44101,1
44105,1
44109,1
44118,1
44122,1
44130,1
44143,2
44149,2
44154,1
44181,2
44188,3
44190,1
44192,1
44202,4
44212,4
44215,1
44217,1
44225,1
44228,1
44237,2
44240,2
44249,2
44252,1
44263,1
44266,1
44271,1
44279,1
44288,2
44291,2
44312,1
44315,1
44321,1
44329,1
44333,2
44344,1
44347,1
44355,2
44358,2
44360,1
44363,1
44365,1
44368,1
44379,4
44381,1
44383,1
44387,1
44395,2
44399,2
44402,1
44404,1
44412,1
44416,1
44418,1
44425,1
44429,1
44431,1
44437,2
44439,1
44442,1
44446,3
44449,2
44453,1
44462,2
44467,1
44473,1
44485,2
44494,2
44498,1
44501,1
44506,1
44510,2
44514,1
44518,1
44523,1
44534,1
44540,2
44542,1
44549,1
44553,2
44557,1
44569,1
44573,1
44594,2
44598,2
44604,1
44608,1
44614,1
44621,2
44627,1
44639,4
44647,1
44655,1
44663,1
44671,2
44675,1
44677,1
44680,1
44684,1
44686,1
44689,1
44700,1
44709,2
44714,1
44723,2
44725,1
44728,1
44734,2
44741,1
44747,1
44749,1
44755,1
44758,1
44766,1
44775,2
44779,1
44783,1
44789,1
44792,1
44795,1
44800,1
44806,2
44813,2
44820,1
44828,1
44830,1
44837,2
44841,2
44852,1
44856,1
44862,1
44875,4
44888,1
44893,1
44898,1
44902,2
44910,1
44917,3
44928,1
44933,2
44936,1
44941,1
44947,2
44953,2
44959,2
44964,2
44966,1
44973,2
44979,2
44990,1
44997,3
45011,1
45016,1
45020,1
45025,1
45028,1
45037,2
45040,2
45046,1
45059,4
45062,1
45067,1
45070,2
45073,2
45082,2
45088,2
45095,1
45102,1
45105,1
45114,1
45117,1
45120,1
45123,1
45129,2
45138,1
45142,1
45146,1
45151,1
45154,1
45157,1
45165,1
45171,1
45175,2
45178,2
45186,1
45192,2
45195,1
45203,2
45209,1
45221,2
45231,1
45253,1
45259,1
45266,1
45274,1
45284,1
45294,2
45300,1
45307,2
45317,2
45325,1
45328,1
45333,1
45341,1
45354,1
45366,2
45371,1
45377,1
45381,1
45384,2
45389,2
45392,1
45403,1
45406,1
45423,4
45426,2
45444,1
45448,1
45463,3
45466,1
45469,1
45473,3
45478,2
45488,1
45497,1
45499,1
45504,1
45508,2
45514,2
45528,1
45531,1
45537,2
45548,2
45554,2
45556,1
45563,1
45570,2
45576,2
45581,1
45584,1
45587,1
45593,2
45598,1
45602,1
45611,3
45614,2
45621,1
45623,1
45627,1
45635,1
45639,1
45644,1
45651,1
45661,1
45669,3
45679,1
45683,1
45688,1
45692,2
45704,1
45718,1
45727,1
45733,1
45738,1
45743,1
45751,1
45754,1
45759,1
45761,1
45764,1
45777,1
45787,1
45815,1
45818,1
45820,1
45825,1
45830,1
45834,1
45841,3
45843,1
45845,1
45855,2
45860,1
45872,1
45875,1
45877,1
45887,2
45894,3
45896,1
45902,1
45918,2
45931,2
45933,1
45935,1
45946,2
45952,2
45954,1
45957,1
45977,3
45979,1
45981,1
45986,1
45990,1
45993,1
45997,2
46002,1
46014,1
46021,1
46024,1
46030,1
46040,1
46058,2
46063,1
46065,1
46070,1
46074,1
46084,2
46089,1
46093,2
46098,1
46102,2
46104,1
46107,1
46112,1
46116,1
46122,1
46127,1
46133,1
46139,1
46142,1
46146,1
46149,1
46164,1
46172,2
46178,2
46191,2
46200,3
46205,1
46214,1
46218,1
46222,1
46225,1
46229,3
46240,1
46243,1
46246,1
46254,2
46266,3
46275,1
46282,2
46288,1
46292,1
46303,4
46311,1
46318,3
46324,2
46331,1
46337,1
46345,1
46350,1
46357,1
46361,1
46376,1
46378,1
46384,1
46387,1
46393,1
46395,1
46401,1
46409,1
46412,1
46422,2
46433,2
46439,2
46443,1
46447,1
46454,1
46457,2
46463,2
46468,2
46470,1
46492,2
46497,1
46504,2
46507,1
46527,2
46534,1
46538,1
46541,2
46549,1
46555,1
46559,1
46563,1
46569,2
46571,1
46574,1
46578,1
46580,1
46586,1
46590,1
46594,1
46608,2
46614,2
46625,2
46638,1
46643,1
46646,1
46650,1
46660,4
46666,1
46672,1
46677,1
46684,1
46691,1
46699,2
46704,1
46712,2
46720,2
46725,1
46729,1
46734,1
46738,1
46758,1
46761,1
46765,1
46770,1
46774,2
46789,1
46793,1
46797,1
46801,1
46809,1
46814,1
46817,1
46823,1
46827,1
46831,1
46851,4
46856,1
46860,2
46864,1
46868,1
46872,1
46878,1
46881,1
46886,1
46889,1
46893,1
46906,4
46910,1
46915,1
46927,2
46930,1
46942,2
46953,4
46958,1
46969,1
46973,2
46980,1
46982,1
46985,1
46989,1
47001,1
47003,1
47014,1
47022,3
47030,2
47034,2
47043,1
47049,1
47055,1
47066,2
47068,1
47070,1
47072,1
47075,1
47077,1
47080,1
47087,1
47093,2
47100,2
47109,3
47111,1
47125,2
47130,1
47139,1
47142,1
47145,1
47149,1
47160,4
47165,1
47173,1
47178,3
47181,2
47188,1
47198,2
47202,2
47208,3
47211,1
47213,1
47227,1
47240,4
47248,1
47257,1
47265,2
47274,1
47280,1
47298,2
47309,1
47314,1
47317,1
47320,1
47323,2
47325,1
47333,1
47342,1
47349,1
47357,2
47360,2
47364,1
47366,1
47371,1
47375,1
47377,1
47380,1
47385,1
47389,1
47395,1
47408,1
47412,2
47423,3
47429,2
47432,1
47436,1
47450,4
47452,1
47456,1
47462,1
47469,2
47475,1
47484,1
47496,1
47500,3
47511,2
47514,2
47526,2
47533,2
47539,2
47543,1
47547,1
47551,1
47558,1
47562,1
47565,1
47571,2
47574,1
47578,1
47580,1
47586,1
47603,1
47606,1
47611,1
47615,2
47621,2
47639,1
47643,1
47655,3
47660,1
47664,2
47667,1
47670,1
47680,4
47685,1
47694,4
47702,1
47706,2
47711,1
47716,1
47724,1
47727,1
47734,2
47741,1
47746,2
47748,1
47753,2
47757,1
47765,1
47775,4
47782,2
47785,1
47793,1
47799,1
47804,1
47811,1
47823,4
47829,2
47834,1
47837,1
47841,1
47847,1
47850,1
47853,1
47870,1
47874,1
47877,1
47882,1
47899,2
47902,2
47908,1
47913,2
47920,1
47930,1
47934,1
47944,4
47947,1
47951,2
47957,1
47961,3
47968,1
47977,2
47983,2
47986,1
47991,2
48001,1
48003,1
48010,2
48016,1
48020,1
48025,2
48029,1
48033,2
48044,2
48048,2
48051,1
48055,1
48062,1
48072,1
48079,1
48094,1
48100,1
48108,1
48111,1
48117,2
48123,2
48127,1
48131,1
48136,1
48142,1
48152,1
48157,2
48167,3
48172,1
48185,1
48189,1
48192,1
48194,1
48197,1
48199,1
48205,2
48213,1
48218,1
48225,1
48228,1
48231,1
48242,2
48254,1
48270,2
48295,1
48298,1
48302,1
48308,1
48312,1
48317,1
48324,2
48336,1
48340,1
48345,1
48349,2
48357,2
48360,2
48366,1
48370,1
48380,2
48393,1
48396,1
48399,1
48402,1
48405,1
48414,1
48433,1
48439,1
48444,1
48461,4
48470,2
48475,1
48489,1
48497,3
48506,1
48509,1
48511,1
48513,1
48525,3
48540,2
48542,1
48551,2
48555,2
48557,1
48560,1
48565,1
48570,1
48572,1
48583,1
48591,2
48604,1
48612,1
48614,1
48624,2
48627,2
48631,2
48634,1
48638,1
48657,2
48662,1
48669,1
48682,1
48694,1
48698,1
48700,1
48704,2
48709,1
48711,1
48716,3
48719,2
48728,2
48736,2
48741,1
48753,3
48756,1
48773,2
48786,4
48791,1
48793,1
48802,1
48806,1
48808,1
48815,1
48818,1
48827,2
48833,1
48835,1
48838,1
48846,2
48864,1
48872,2
48875,2
48878,2
48886,1
48891,1
48896,1
48900,1
48905,1
48915,2
48921,1
48933,1
48935,1
48940,1
48947,1
48954,1
48956,1
48973,1
48977,2
48983,1
48988,1
49005,2
49017,3
49020,2
49025,1
49027,1
49039,3
49049,1
49052,1
49056,1
49071,2
49074,1
49080,1
49089,1
49093,1
49097,1
49102,1
49104,1
49112,2
49115,1
49118,1
49121,1
49125,1
49129,1
49137,1
49143,1
49147,2
49152,2
49161,1
49164,1
49167,2
49171,1
49179,2
49181,1
49183,1
49204,1
49213,1
49216,1
49222,1
49234,1
49238,2
49245,2
49250,1
49258,2
49261,2
49265,1
49269,1
49286,1
49291,1
49307,1
49313,1
49318,1
49322,1
49339,1
49345,1
49350,1
49354,1
49358,1
49361,1
49374,1
49383,1
49393,2
49396,1
49399,2
49403,1
49409,1
49419,1
49449,2
49455,1
49463,2
49468,1
49475,1
49477,1
49484,1
49489,1
49495,1
49500,1
49513,2
49515,1
49520,2
49533,2
49537,1
49546,1
49554,2
49580,3
49585,1
49591,2
49594,1
49601,3
49603,1
49611,1
49614,1
49616,1
49619,1
49631,2
49638,3
49640,1
49649,2
49660,1
49667,2
49669,1
49681,1
49684,1
49696,1
49698,1
49710,3
49718,2
49722,2
49730,2
49739,2
49741,1
49748,1
49752,1
49760,1
49766,1
49769,1
49777,3
49780,1
49786,1
49789,1
49802,1
49808,1
49816,1
49824,2
49830,1
49833,1
49839,1
49842,1
49850,3
49859,1
49869,2
49874,1
49881,2
49893,2
49899,1
49907,2
49915,1
49919,1
49922,1
49927,1
49930,1
49935,1
49944,1
49951,1
49954,1
49963,1
49973,3
49977,1
49981,1
49984,1
49987,1
49989,1
49998,2
50000,1
50002,1
50005,1
50020,1
50031,3
50033,1
50040,1
50044,1
50047,2
50053,3
50062,2
50071,2
50076,1
50093,1
50103,1
50105,1
50108,1
50114,2
50116,1
50123,1
50130,1
50135,1
50142,1
50146,2
50158,3
50161,1
50163,1
50166,1
50173,2
50178,1
50185,1
50190,2
50199,2
50202,1
50217,2
50221,1
50225,1
50230,1
50234,1
50236,1
50247,1
50250,1
50255,1
50264,3
50268,1
50274,2
50289,2
50302,4
50311,1
50314,1
50316,1
50320,2
50325,1
50328,1
50330,1
50335,1
50343,1
50346,1
50350,1
50354,3
50362,2
50370,1
50380,1
50386,2
50399,2
50408,1
50431,1
50443,2
50445,1
50463,3
50469,2
50472,1
50478,1
50491,1
50497,1
50504,2
50508,1
50512,1
50525,1
50528,1
50532,1
50541,2
50545,2
50558,1
50565,1
50594,1
50607,1
50612,1
50615,1
50620,2
50624,1
50628,1
50636,1
50642,1
50645,1
50653,1
50696,2
50702,1
50717,2
50723,1
50725,1
50728,1
50730,1
50733,2
50736,1
50740,1
50743,1
50756,1
50759,1
50765,1
50768,2
50775,1
50793,1
50796,2
50799,1
50810,1
50813,1
50815,1
50821,1
50829,2
50834,1
50838,1
50842,1
50847,1
50849,1
50861,2
50866,1
50870,1
50872,1
50878,2
50880,1
50888,2
50897,1
50899,1
50902,1
50921,3
50928,1
50950,1
50958,3
50960,1
50962,1
50965,2
50972,1
50982,2
50985,1
50989,2
50992,1
50996,2
51004,2
51007,1
51012,1
51014,1
51019,1
51040,1
51047,1
51049,1
51052,1
51057,1
51067,1
51073,1
51077,1
51080,1
51086,1
51089,1
51093,1
51097,1
51106,1
51114,2
51119,1
51128,1
51131,2
51143,1
51163,2
51181,1
51187,1
51193,1
51203,2
51212,1
51231,2
51237,1
51262,1
51268,1
51271,1
51275,1
51279,1
51292,1
51294,1
51299,1
51304,1
51308,1
51315,1
51320,2
51322,1
51328,1
51334,1
51338,1
51347,1
51353,2
51359,1
51362,2
51366,2
51377,2
51382,1
51384,1
51389,1
51394,1
51411,2
51425,1
51430,1
51446,3
51448,1
51450,1
51453,1
51457,2
51460,1
51467,1
51478,1
51493,2
51498,1
51503,1
51509,1
51512,1
51516,2
51524,2
51527,1
51533,1
51539,1
51544,1
51549,1
51558,1
51560,1
51567,1
51578,1
51582,2
51590,2
51594,2
51608,1
51611,1
51616,1
51621,1
51628,1
51631,1
51638,1
51651,2
51656,1
51667,4
51673,1
51676,1
51679,2
51682,2
51690,1
51698,1
51707,2
51713,2
51718,1
51723,1
51730,1
51745,1
51748,1
51753,1
51767,2
51774,1
51782,1
51794,2
51804,1
51813,1
51823,2
51828,2
51835,1
51849,1
51851,1
51888,1
51893,2
51912,1
51917,2
51922,1
51927,1
51934,1
51937,1
51941,1
51950,1
51955,2
51961,1
51966,1
51975,1
51979,1
51983,1
51986,1
51993,1
52010,1
52013,1
52017,1
52021,1
52031,1
52039,1
52044,1
52056,3
52064,1
52067,1
52083,1
52091,1
52100,1
52109,1
52114,1
52127,1
52142,1
52148,2
52150,1
52157,2
52159,1
52170,4
52176,1
52178,1
52184,2
52190,1
52201,2
52212,2
52215,1
52224,2
52229,1
52240,1
52268,1
52274,1
52282,2
52287,1
52294,4
52300,1
52306,2
52311,1
52317,1
52326,1
52333,1
52345,1
52366,1
52376,1
52383,1
52387,2
52390,1
52395,1
52401,1
52414,2
52424,1
52438,1
52451,2
52465,1
52467,1
52473,1
52479,2
52490,1
52502,1
52519,1
52535,1
52544,1
52558,1
52565,3
52567,1
52569,1
52574,1
52582,1
52592,1
52594,1
52601,1
52609,1
52611,1
52622,2
52628,2
52631,1
52636,1
52639,1
52648,1
52656,1
52682,2
52692,2
52698,2
52701,1
52708,1
52711,1
52714,1
52717,1
52723,1
52732,1
52741,1
52748,3
52754,2
52758,1
52762,1
52768,1
52771,1
52777,2
52782,1
52792,3
52797,2
52812,1
52822,1
52831,1
52836,1
52847,4
52851,1
52855,1
52860,1
52880,1
52902,2
52910,1
52914,2
52917,1
52921,1
52924,1
52926,1
52937,2
52940,2
52947,1
52951,1
52956,2
52958,1
52960,1
52969,1
52976,1
52981,2
52989,1
53002,2
53005,1
53011,1
53013,1
53016,1
53019,1
53035,2
53037,1
53043,1
53047,3
53049,1
53062,4
53067,1
53071,2
53074,2
53083,1
53089,2
53097,2
53103,2
53107,1
53111,1
53118,1
53126,1
53133,1
53140,2
53142,1
53147,2
53153,1
53158,1
53162,1
53167,1
53170,1
53175,1
53181,1
53183,1
53194,4
53210,1
53214,3
53219,2
53224,1
53227,1
53231,1
53236,1
53252,1
53254,1
53268,2
53270,1
53274,1
53282,2
53285,1
53290,1
53294,1
53297,1
53300,1
53306,1
53313,1
53330,2
53334,3
53337,2
53348,2
53353,1
53359,1
53365,2
53370,1
53381,3
53385,1
53396,1
53399,1
53410,1
53415,1
53417,1
53425,1
53431,1
53441,1
53444,1
53448,1
53452,1
53457,2
53460,1
53463,1
53469,1
53472,1
53481,2
53486,1
53488,1
53499,1
53506,1
53508,1
53511,1
53522,1
53527,1
53533,1
53540,3
53542,1
53544,1
53557,2
53570,1
53580,1
53585,1
53591,1
53597,2
53599,1
53608,1
53621,2
53628,3
53630,1
53650,2
53656,2
53658,1
53677,2
53680,2
53686,2
53690,1
53693,2
53697,1
53709,1
53717,1
53719,1
53725,1
53730,1
53734,1
53736,1
53742,1
53745,1
53755,1
53784,1
53794,2
53798,1
53807,1
53811,1
53815,1
53822,1
53824,1
53832,1
53837,2
53841,1
53855,2
53865,1
53874,1
53877,1
53882,1
53889,2
53895,1
53900,1
53909,1
53912,1
53916,1
53923,1
53929,1
53931,1
53935,1
53942,1
53949,1
53955,1
53961,1
53964,1
53966,1
53978,3
53983,1
53989,2
53995,2
54011,2
54016,1
54028,1
54033,1
54036,1
54039,1
54042,1
54047,1
54051,1
54058,1
54068,1
54086,2
54099,1
54111,3
54116,1
54128,2
54135,3
54137,1
54139,1
54151,2
54156,1
54167,2
54176,2
54178,1
54181,2
54183,1
54186,1
54193,2
54195,1
54199,1
54201,1
54209,1
54214,1
54221,4
54227,2
54232,1
54241,1
54255,1
54260,2
54265,1
54271,1
54278,1
54289,1
54303,1
54307,1
54309,1
54314,1
54320,1
54323,2
54327,2
54336,1
54348,2
54354,1
54361,1
54373,1
54379,2
54388,2
54400,2
54404,1
54407,1
54414,1
54423,1
54426,1
54430,1
54453,1
54456,1
54466,1
54478,1
54483,1
54487,1
54493,1
54498,2
54503,1
54508,2
54519,2
54529,1
54534,1
54546,1
54553,1
54556,2
54560,1
54564,2
54574,2
54586,1
54599,2
54602,2
54607,1
54613,1
54622,1
54628,1
54641,2
54650,1
54655,1
54658,1
54664,1
54667,1
54679,2
54691,1
54696,1
54703,3
54705,1
54707,1
54718,2
54724,2
54726,1
54735,2
54742,4
54751,1
54755,1
54760,2
54762,1
54768,1
54771,1
54775,2
54803,3
54810,1
54816,2
54824,1
54827,1
54834,1
54842,2
54845,1
54849,1
54856,1
54869,1
54871,1
54880,1
54888,2
54892,2
54897,1
54900,1
54904,1
54909,1
54920,3
54925,2
54929,1
54933,1
54937,1
54943,1
54946,1
54953,2
54959,2
54964,1
54971,2
54979,1
54981,1
55016,1
55018,1
55022,1
55030,2
55044,1
55047,1
55054,2
55062,2
55065,2
55070,1
55074,1
55079,1
55091,4
55096,1
55099,1
55103,1
55105,1
55113,1
55120,3
55130,1
55135,1
55138,1
55143,1
55148,2
55156,1
55165,2
55177,1
55182,1
55186,1
55193,1
55197,1
55213,1
55224,1
55229,1
55235,1
55237,1
55241,1
55243,1
55250,1
55254,1
55259,1
55267,2
55271,1
55275,1
55280,1
55282,1
55289,1
55292,1
55297,2
55301,1
55330,3
55334,1
55338,1
55346,1
55352,2
55359,1
55365,1
55367,1
55370,1
55372,1
55375,2
55381,2
55397,1
55404,1
55407,1
55416,1
55418,1
55426,1
55436,1
55444,1
55447,2
55453,1
55457,1
55462,1
55475,1
55487,2
55495,1
55497,1
55502,2
55507,1
55510,1
55513,1
55521,1
55529,3
55537,2
55539,1
55545,1
55550,1
55553,1
55556,1
55561,1
55567,1
55575,1
55578,1
55586,2
55595,1
55597,1
55600,1
55607,1
55617,2
55624,1
55627,1
55631,1
55635,3
55637,1
55651,1
55653,1
55656,1
55671,1
55677,1
55683,1
55685,1
55688,1
55693,1
55699,1
55709,2
55717,2
55720,1
55726,1
55730,1
55750,1
55767,2
55771,1
55779,1
55787,2
55792,1
55798,1
55808,1
55813,1
55815,1
55820,1
55830,1
55838,1
55843,2
55850,1
55856,1
55864,1
55879,1
55886,1
55891,1
55895,2
55900,1
55905,1
55915,2
55940,1
55945,1
55950,1
55958,1
55960,1
55970,2
55976,2
55982,1
55987,1
55992,1
56002,1
56007,1
56011,1
56026,1
56038,3
56043,1
56046,1
56050,1
56062,1
56066,2
56073,3
56075,1
56078,1
56083,1
56087,2
56091,1
56097,2
56099,1
56111,1
56115,1
56123,2
56130,3
56132,1
56139,1
56144,1
56151,1
56155,2
56157,1
56162,2
56167,1
56179,1
56181,1
56194,1
56199,1
56218,1
56222,1
56236,2
56246,1
56250,1
56252,1
56259,1
56265,2
56268,1
56273,1
56275,1
56277,1
56283,1
56289,1
56303,1
56311,1
56315,1
56319,1
56324,1
56328,2
56333,1
56345,2
56356,2
56366,1
56369,1
56376,3
56380,2
56385,1
56395,2
56398,2
56409,4
56414,1
56420,1
56431,1
56439,1
56446,3
56449,1
56451,1
56459,1
56463,1
56468,1
56470,1
56487,1
56492,1
56494,1
56501,2
56509,2
56514,1
56520,1
56523,1
56530,1
56532,1
56538,1
56549,1
56559,3
56564,2
56570,1
56574,1
56585,1
56594,1
56611,1
56617,1
56621,1
56626,1
56630,1
56634,1
56636,1
56655,1
56658,1
56663,1
56673,1
56678,1
56680,1
56700,1
56702,1
56707,1
56715,3
56717,1
56719,1
56727,1
56732,1
56734,1
56746,2
56754,2
56766,3
56774,1
56777,1
56781,1
56786,1
56798,1
56806,3
56808,1
56815,1
56821,2
56824,1
56834,2
56837,2
56841,1
56845,1
56851,2
56858,2
56860,1
56865,1
56872,1
56876,1
56887,3
56905,1
56908,1
56914,1
56923,1
56929,1
56937,1
56945,2
56949,1
56954,1
56958,1
56960,1
56963,2
56983,2
56988,1
56991,1
57008,2
57014,1
57017,1
57024,1
57031,2
57038,1
57045,1
57047,1
57050,1
57056,1
57061,1
57068,2
57074,1
57079,2
57087,2
57095,2
57105,2
57121,2
57125,1
57143,1
57146,1
57152,1
57163,1
57173,1
57179,2
57186,1
57190,1
57193,1
57199,1
57203,2
57206,1
57216,1
57219,1
57223,2
57227,1
57250,1
57265,3
57279,3
57281,1
57283,1
57286,1
57297,1
57301,1
57306,1
57310,1
57315,1
57320,2
57327,2
57333,1
57339,1
57348,2
57352,2
57358,1
57375,4
57380,1
57386,1
57392,1
57400,1
57403,1
57406,1
57414,1
57420,2
57431,2
57434,2
57447,1
57452,2
57457,1
57473,1
57475,1
57480,1
57502,2
57527,4
57534,3
57536,1
57548,1
57550,1
57559,2
57564,1
57568,1
57571,1
57585,2
57595,2
57608,2
57611,2
57619,1
57623,1
57634,2
57636,1
57638,1
57646,1
57653,3
57655,1
57657,1
57664,2
57671,2
57674,1
57686,2
57689,2
57695,2
57707,1
57712,1
57718,1
57722,1
57724,1
57736,3
57738,1
57740,1
57774,1
57776,1
57782,2
57784,1
57789,1
57796,1
57801,2
57803,1
57809,1
57825,2
57830,1
57838,2
57853,1
57855,1
57867,2
57869,1
57872,1
57876,2
57881,1
57887,1
57897,1
57911,1
57913,1
57919,1
57924,1
57941,1
57945,2
57974,1
57998,3
58000,1
58002,1
58009,3
58011,1
58013,1
58020,1
58028,1
58031,1
58037,1
58039,1
58055,1
58068,1
58079,2
58084,1
58087,2
58090,1
58101,2
58106,1
58120,2
58126,1
58128,1
58136,1
58143,1
58146,1
58155,2
58164,1
58171,1
58180,1
58188,1
58196,1
58202,1
58206,1
58209,1
58212,1
58229,1
58233,2
58238,1
58253,1
58257,1
58269,2
58276,3
58278,1
58280,1
58285,1
58291,1
58296,1
58302,1
58306,2
58309,1
58320,1
58322,1
58325,1
58331,2
58336,1
58340,1
58350,2
58359,1
58364,1
58367,1
58371,1
58373,1
58378,1
58380,1
58387,1
58394,3
58396,1
58398,1
58409,2
58415,2
58417,1
58420,2
58423,1
58434,2
58440,1
58445,2
58458,2
58463,1
58470,1
58475,1
58478,1
58497,3
58500,1
58509,1
58515,1
58524,1
58528,1
58537,1
58539,1
58542,1
58548,1
58554,1
58560,1
58569,1
58582,2
58585,2
58590,1
58599,1
58601,1
58603,1
58605,1
58617,3
58623,2
58626,1
58632,1
58634,1
58639,1
58641,1
58651,1
58669,1
58680,2
58688,1
58694,1
58701,3
58703,1
58710,2
58718,1
58722,1
58728,1
58733,2
58736,2
58739,1
58742,1
58745,2
58755,1
58768,2
58776,2
58781,2
58786,2
58795,1
58800,1
58804,1
58818,2
58823,1
58842,2
58844,1
58849,1
58853,2
58856,1
58862,2
58869,1
58873,1
58878,1
58880,1
58892,4
58897,1
58900,1
58912,2
58918,3
58935,1
58946,1
58950,1
58961,2
58970,1
58974,1
58982,2
58988,1
58993,1
59002,1
59005,1
59010,2
59012,1
59019,2
59024,1
59043,4
59048,1
59052,1
59059,2
59066,3
59068,1
59070,1
59074,1
59085,1
59090,1
59098,2
59101,2
59106,1
59117,1
59123,2
59126,1
59129,2
59135,1
59138,1
59142,1
59144,1
59157,1
59162,1
59173,1
59176,1
59182,1
59185,1
59197,1
59210,2
59215,1
59218,1
59230,1
59240,3
59242,1
59248,1
59253,1
59264,2
59270,1
59284,1
59290,1
59293,2
59296,1
59299,1
59303,1
59310,1
59313,1
59320,1
59329,3
59331,1
59338,2
59340,1
59347,1
59355,2
59359,1
59364,1
59379,1
59389,2
59396,1
59406,2
59411,1
59425,1
59430,1
59438,1
59445,2
59451,1
59454,1
59461,4
59470,1
59475,1
59477,1
59485,3
59487,1
59495,2
59505,1
59512,1
59517,1
59522,1
59528,1
59537,1
59553,1
59571,2
59576,2
59581,1
59586,1
59600,2
59605,1
59609,1
59615,1
59619,1
59623,1
59625,1
59629,2
59637,2
59640,1
59645,3
59656,2
59659,2
59670,1
59672,1
59674,1
59683,1
59689,2
59691,1
59707,2
59711,1
59713,1
59715,1
59723,2
59731,1
59733,1
59739,1
59750,2
59758,2
59763,1
59769,1
59775,1
59779,3
59782,1
59798,1
59809,1
59819,1
59833,1
59836,1
59848,2
59851,2
59856,1
59864,2
59869,1
59871,1
59888,4
59891,1
59896,1
59900,1
59905,1
59922,1
59925,2
59937,1
59966,1
59970,1
59976,1
59978,1
59990,1
59997,1
60004,1
60006,1
60014,1
60021,1
60024,1
60029,1
60036,1
60041,1
60058,3
60071,1
60085,1
60088,1
60097,1
60100,1
60106,1
60121,1
60127,1
60142,1
60146,1
60150,1
60158,1
60164,1
60169,1
60171,1
60176,1
60191,1
60196,1
60199,1
60202,2
60213,2
60233,2
60238,2
60244,1
60250,1
60259,3
60261,1
60271,1
60274,1
60277,2
60287,1
60291,1
60302,1
60310,1
60312,1
60314,1
60320,1
60323,1
60331,1
60338,1
60343,2
60349,1
60352,1
60360,1
60362,1
60368,1
60371,2
60374,1
60389,1
60393,1
60418,1
60431,1
60440,1
60444,1
60448,1
60451,1
60456,2
60462,1
60467,1
60475,1
60477,1
60497,2
60507,1
60512,1
60514,1
60519,1
60523,1
60530,1
60533,1
60550,1
60558,1
60564,1
60567,1
60571,1
60574,1
60581,4
60587,1
60592,1
60602,3
60604,1
60609,2
60612,1
60617,1
60620,1
60623,1
60637,1
60643,1
60649,1
60653,2
60660,3
60662,1
60664,1
60672,1
60682,1
60691,1
60719,3
60724,1
60727,1
60730,1
60735,1
60739,2
60741,1
60756,2
60758,1
60762,1
60769,1
60781,2
60794,1
60799,1
60809,1
60818,1
60827,1
60839,3
60847,1
60850,1
60854,1
60857,2
60869,1
60880,1
60888,1
60890,1
60893,1
60897,1
60902,1
60908,1
60918,1
60924,1
60931,3
60933,1
60939,1
60944,1
60952,2
60966,1
60970,1
60974,1
60979,1
60985,2
61001,1
61015,1
61030,1
61035,2
61037,1
61046,1
61052,1
61058,2
61063,1
61079,1
61085,1
61099,1
61101,1
61108,1
61110,1
61120,1
61125,2
61135,2
61144,1
61149,1
61162,1
61172,1
61174,1
61178,2
61181,2
61183,1
61197,2
61202,1
61215,1
61232,1
61244,2
61250,1
61259,1
61264,1
61268,1
61282,1
61285,2
61288,1
61308,1
61318,1
61325,1
61336,1
61345,1
61351,1
61357,1
61364,3
61366,1
61368,1
61374,1
61380,1
61386,2
61388,1
61397,1
61400,1
61404,2
61409,1
61419,2
61428,2
61433,1
61440,1
61443,1
61446,1
61448,1
61455,2
61463,2
61472,1
61475,1
61481,2
61496,2
61499,1
61511,4
61519,2
61523,2
61530,4
61535,1
61537,1
61539,1
61541,1
61544,2
61553,2
61555,1
61557,1
61563,1
61570,2
61581,4
61584,2
61587,2
61596,1
61601,1
61604,1
61613,2
61629,2
61638,1
61642,1
61646,1
61649,1
61656,1
61661,1
61665,2
61670,1
61678,2
61686,2
61688,1
61690,1
61693,1
61703,2
61707,1
61709,1
61723,2
61743,1
61755,1
61765,1
61771,1
61773,1
61777,1
61784,1
61795,4
61798,2
61800,1
61803,1
61816,2
61826,1
61834,1
61841,1
61848,1
61858,1
61861,1
61869,2
61877,2
61881,2
61887,1
61895,1
61903,1
61908,2
61919,4
61929,2
61932,2
61934,1
61937,1
61939,1
61941,1
61945,1
61960,1
61978,1
61986,1
61994,1
61998,1
62003,1
62005,1
62013,3
62015,1
62017,1
62022,1
62029,1
62034,1
62037,2
62044,2
62047,1
62052,1
62058,2
62061,2
62068,1
62074,1
62076,1
62084,1
62090,1
62097,1
62099,1
62104,2
62110,1
62119,2
62133,2
62139,1
62143,1
62146,1
62157,1
62162,1
62166,1
62169,1
62178,1
62181,2
62185,2
62191,1
62199,1
62204,2
62211,1
62214,1
62217,1
62225,2
62229,1
62241,2
62247,1
62262,1
62272,2
62280,1
62286,1
62295,2
62298,1
62304,1
62310,1
62325,1
62330,1
62342,2
62344,1
62367,2
62370,1
62372,1
62378,1
62382,1
62393,2
62397,1
62403,1
62407,1
62416,1
62422,1
62424,1
62427,1
62429,1
62434,1
62442,1
62461,4
62465,1
62469,1
62478,1
62481,1
62487,2
62491,1
62504,1
62519,2
62525,1
62547,3
62549,1
62551,1
62556,1
62567,4
62574,1
62576,1
62581,1
62588,2
62595,2
62598,2
62607,1
62612,2
62617,1
62624,1
62627,2
62629,1
62632,1
62638,1
62646,1
62648,1
62651,1
62660,1
62662,1
62666,1
62670,1
62685,3
62692,1
62701,1
62707,1
62711,1
62723,1
62725,1
62731,1
62747,1
62751,1
62755,1
62762,1
62776,1
62797,3
62799,1
62813,1
62817,1
62822,1
62832,1
62842,2
62847,1
62851,1
62860,1
62874,2
62877,2
62882,1
62887,1
62894,1
62907,2
62912,1
62926,1
62934,2
62942,2
62945,1
62947,1
62951,1
62954,1
62961,1
62972,2
62976,1
62982,1
62985,2
62990,1
62997,1
63008,1
63013,2
63023,1
63027,1
63030,1
63036,1
63041,1
63043,1
63046,1
63060,1
63063,2
63067,1
63072,1
63074,1
63080,1
63088,1
63095,2
63100,1
63106,1
63119,1
63122,1
63127,1
63130,2
63134,1
63136,1
63143,1
63147,1
63158,2
63166,1
63171,1
63176,1
63197,1
63204,1
63210,1
63213,1
63217,1
63221,1
63228,2
63239,2
63245,1
63248,2
63252,2
63270,1
63280,1
63286,3
63289,1
63293,2
63296,2
63300,1
63303,1
63310,2
63331,2
63337,1
63343,1
63358,1
63366,1
63376,1
63388,2
63398,1
63401,1
63404,1
63407,1
63415,1
63435,1
63437,1
63446,1
63449,1
63455,1
63459,1
63465,1
63468,1
63475,1
63478,1
63482,1
63486,1
63503,1
63505,1
63518,1
63523,1
63527,1
63533,1
63540,2
63555,1
63562,3
63564,1
63566,1
63570,1
63573,1
63584,2
63589,1
63593,1
63598,1
63617,2
63623,1
63631,1
63642,1
63650,1
63661,1
63663,1
63669,2
63674,1
63677,1
63682,1
63684,1
63690,1
63696,1
63699,1
63703,1
63705,1
63721,2
63724,1
63726,1
63735,1
63747,1
63754,2
63759,1
63764,2
63766,1
63776,1
63778,1
63789,2
63794,1
63796,1
63805,1
63807,1
63812,1
63814,1
63828,1
63830,1
63833,1
63842,1
63855,1
63873,1
63882,1
63888,1
63893,1
63897,1
63901,1
63905,1
63908,2
63913,1
63918,1
63926,1
63929,1
63936,1
63945,1
63949,1
63960,2
63973,1
63978,1
63990,1
63996,1
64004,1
64014,1
64036,1
64041,1
64064,2
64067,1
64071,1
64078,1
64080,1
64089,1
64092,1
64095,1
64099,1
64103,1
64112,1
64118,2
64124,2
64131,1
64143,3
64149,1
64155,1
64157,1
64166,2
64173,1
64179,1
64182,1
64185,2
64188,2
64191,1
64195,2
64200,1
64208,1
64211,1
64214,1
64217,2
64219,1
64222,1
64225,2
64235,2
64243,2
64255,1
64261,3
64264,1
64270,1
64276,1
64286,1
64295,1
64307,1
64314,1
64318,1
64321,1
64323,1
64331,2
64339,2
64343,1
64347,1
64350,2
64362,2
64369,2
64380,1
64383,2
64392,2
64396,2
64399,1
64404,1
64407,2
64428,1
64437,1
64456,1
64466,1
64469,1
64472,1
64476,1
64480,1
64483,1
64489,1
64493,1
64496,1
64505,1
64510,1
64519,1
64526,3
64528,1
64530,1
64533,1
64542,1
64546,1
64553,1
64567,3
64569,1
64571,1
64582,2
64587,1
64590,1
64594,2
64601,1
64605,1
64608,1
64616,1
64618,1
64623,1
64634,2
64637,2
64641,1
64644,1
64660,1
64662,1
64677,1
64679,1
64682,1
64689,1
64696,1
64725,1
64733,1
64737,1
64741,1
64758,1
64774,1
64777,1
64783,2
64787,1
64804,1
64808,1
64843,2
64851,1
64867,1
64875,1
64882,2
64889,2
64912,2
64920,1
64926,1
64929,1
64941,1
64949,1
64967,1
64973,2
64978,1
64982,1
64986,1
64990,1
64996,1
65003,2
65010,2
65016,1
65021,1
65030,1
65033,1
65038,1
65042,1
65049,1
65065,1
65071,1
65075,2
65077,1
65091,1
65105,1
65107,1
65112,1
65117,1
65122,2
65124,1
65127,1
65130,1
65137,1
65145,1
65150,1
65161,1
65163,1
65172,1
65177,1
65179,1
65185,1
65188,1
65195,3
65201,1
65206,1
65210,1
65214,2
65219,1
65221,1
65228,1
65265,1
65267,1
65275,1
65280,1
65284,1
65292,1
65295,1
65300,1
65305,1
65314,1
65320,1
65334,1
65347,1
65354,1
65357,1
65368,1
65374,2
65377,1
65383,1
65403,1
65408,1
65412,1
65416,1
65421,2
65425,1
65432,1
65438,1
65441,1
65443,1
65447,1
65458,2
65461,1
65465,2
65468,1
65475,2
65477,1
65483,1
65500,2
65504,2
65521,1
65525,1
65529,1
65532,2
65540,1
65547,3
65559,2
65563,1
65568,1
65574,1
65591,1
65600,1
65606,1
65613,1
65619,1
65627,1
65632,1
65637,1
65642,2
65646,1
65658,1
65662,2
65665,1
65675,1
65683,1
65690,1
65695,1
65697,1
65710,3
65715,1
65719,1
65743,1
65750,3
65752,1
65754,1
65782,1
65790,1
65796,1
65801,1
65808,2
65811,1
65818,1
65823,1
65827,1
65834,2
65839,1
65854,1
65875,3
65877,1
65879,1
65885,1
65898,1
65908,2
65912,2
65917,1
65925,1
65927,1
65930,2
65935,1
65943,2
65948,1
65953,1
65961,1
65965,1
65967,1
65974,1
65977,1
65992,1
65997,1
66003,1
66007,1
66013,1
66018,1
66031,1
66034,2
66040,1
66046,1
66050,1
66058,1
66063,1
66068,1
66071,1
66080,1
66083,1
66089,2
66091,1
66098,1
66103,3
66112,1
66126,1
66132,1
66142,2
66153,2
66173,2
66180,2
66183,1
66186,2
66194,1
66202,2
66204,1
66206,1
66212,1
66218,2
66220,1
66223,1
66229,1
66239,1
66247,2
66254,1
66256,1
66264,2
66271,1
66273,1
66275,1
66278,1
66280,1
66294,1
66299,1
66302,1
66318,1
66324,1
66341,1
66345,1
66349,1
66352,1
66358,1
66364,1
66372,1
66390,1
66401,4
66405,2
66408,2
66412,1
66420,2
66425,1
66431,1
66442,1
66450,1
66458,3
66463,1
66475,1
66481,1
66491,1
66498,1
66500,1
66506,1
66520,1
66530,1
66542,1
66546,1
66554,1
66561,2
66573,1
66585,4
66591,2
66595,1
66599,1
66602,1
66606,1
66619,1
66625,1
66630,2
66638,1
66642,1
66649,1
66664,2
66680,1
66692,1
66697,1
66703,1
66707,1
66736,1
66738,1
66744,1
66749,1
66767,2
66769,1
66778,1
66781,1
66784,2
66801,1
66806,2
66815,1
66819,1
66821,1
66836,2
66846,1
66850,1
66863,1
66877,1
66891,1
66900,3
66902,1
66904,1
66915,1
66928,1
66930,1
66948,3
66953,1
66965,1
66969,2
66972,2
66978,2
66981,1
66985,1
66992,1
66996,1
67001,2
67004,1
67007,1
67009,1
67011,1
67015,1
67021,1
67035,1
67043,2
67047,2
67050,1
67054,1
67056,1
67059,1
67065,2
67071,1
67080,1
67085,1
67108,3
67116,1
67118,1
67127,1
67134,3
67136,1
67138,1
67155,2
67157,1
67164,1
67168,1
67182,2
67189,1
67203,1
67206,1
67215,1
67219,1
67221,1
67236,1
67238,1
67242,1
67244,1
67249,1
67255,1
67258,1
67261,1
67264,1
67269,1
67275,2
67280,1
67288,1
67293,1
67299,2
67309,1
67317,1
67325,2
67330,1
67340,1
67349,1
67352,1
67357,1
67360,1
67363,2
67379,1
67392,2
67407,2
67409,1
67411,1
67441,1
67453,1
67459,1
67462,2
67465,1
67469,1
67475,1
67477,1
67507,2
67516,1
67519,1
67524,1
67527,1
67537,2
67540,2
67542,1
67553,2
67561,1
67568,3
67572,1
67578,1
67584,1
67590,1
67592,1
67610,1
67624,1
67634,1
67636,1
67640,1
67644,1
67647,1
67651,1
67654,1
67661,4
67674,1
67677,1
67680,1
67683,1
67687,1
67698,1
67700,1
67705,1
67711,1
67713,1
67722,1
67735,1
67748,1
67756,2
67763,1
67768,1
67770,1
67774,1
67796,2
67801,2
67810,1
67812,1
67822,1
67835,1
67840,1
67845,1
67850,1
67856,1
67860,2
67872,1
67884,1
67886,1
67888,1
67894,1
67898,2
67901,2
67913,2
67926,1
67935,2
67943,2
67953,3
67958,2
67962,1
67965,1
67967,1
67980,2
67983,1
67990,1
67993,1
67998,2
68000,1
68007,1
68019,2
68021,1
68025,1
68047,1
68055,3
68063,2
68068,1
68075,2
68084,1
68092,1
68099,1
68113,1
68116,1
68126,1
68134,1
68142,1
68144,1
68150,1
68154,1
68158,1
68164,1
68167,1
68177,1
68191,1
68208,1
68212,1
68214,1
68223,2
68230,1
68244,2
68246,1
68250,1
68254,1
68259,2
68277,1
68291,1
68294,1
68299,2
68305,1
68309,2
68323,1
68325,1
68333,1
68338,1
68340,1
68347,1
68357,1
68366,1
68385,2
68395,2
68403,2
68410,1
68412,1
68415,1
68432,1
68439,3
68441,1
68443,1
68453,1
68459,1
68481,2
68483,1
68490,1
68500,1
68504,1
68511,2
68514,1
68516,1
68521,1
68528,1
68532,1
68534,1
68537,1
68540,2
68546,1
68549,1
68551,1
68557,1
68560,1
68564,1
68573,1
68592,1
68595,1
68597,1
68607,2
68615,1
68620,1
68628,1
68633,1
68639,1
68642,1
68646,1
68650,1
68656,2
68661,1
68666,1
68674,1
68676,1
68679,1
68691,1
68695,1
68706,1
68710,1
68719,1
68733,1
68745,1
68749,2
68762,1
68769,3
68806,1
68817,1
68824,1
68831,1
68834,1
68841,2
68858,1
68864,1
68869,1
68871,1
68888,1
68894,1
68900,1
68906,1
68908,1
68923,2
68929,1
68937,1
68942,2
68949,1
68958,1
68964,2
68967,2
68980,1
68987,1
68995,1
68999,1
69007,1
69013,1
69040,1
69046,1
69058,2
69060,1
69065,1
69071,1
69079,2
69084,1
69088,1
69090,1
69093,1
69097,1
69099,1
69112,1
69117,1
69121,1
69131,2
69138,1
69147,3
69153,1
69162,1
69164,1
69171,1
69176,1
69190,1
69193,1
69209,3
69219,1
69222,1
69228,1
69236,1
69238,1
69243,1
69245,1
69254,2
69261,2
69284,1
69297,2
69302,1
69315,2
69328,2
69338,1
69340,1
69346,1
69348,1
69367,2
69377,1
69393,1
69398,1
69409,1
69411,1
69418,1
69445,1
69451,1
69453,1
69457,1
69461,2
69471,2
69481,2
69492,1
69494,1
69499,1
69515,1
69518,1
69522,1
69527,1
69533,1
69537,2
69557,2
69562,1
69567,1
69572,1
69577,1
69590,1
69594,1
69597,1
69611,1
69615,1
69621,1
69627,1
69634,4
69639,1
69641,1
69658,3
69669,2
69673,1
69678,1
69683,1
69689,1
69692,2
69698,2
69706,2
69710,1
69716,2
69721,1
69723,1
69734,1
69739,1
69752,1
69754,1
69757,1
69760,2
69766,1
69768,1
69774,1
69777,1
69785,1
69788,1
69791,1
69795,1
69804,1
69810,1
69813,2
69816,1
69825,2
69832,1
69841,1
69848,2
69851,1
69854,1
69862,1
69865,1
69867,1
69875,1
69901,1
69903,1
69905,1
69914,1
69923,1
69930,2
69932,1
69935,2
69951,1
69954,1
69979,1
69983,1
69996,1
69998,1
70006,1
70008,1
70013,2
70019,1
70023,1
70030,2
70039,3
70044,1
70046,1
70051,1
70053,1
70058,1
70063,1
70070,1
70072,1
70089,1
70091,1
70099,1
70101,1
70124,1
70128,1
70135,1
70162,1
70168,1
70171,1
70190,1
70193,2
70197,1
70219,1
70223,1
70225,1
70228,1
70232,1
70234,1
70238,1
70241,1
70247,1
70264,1
70280,1
70294,1
70297,1
70300,1
70307,1
70313,1
70318,1
70328,2
70335,2
70352,3
70358,1
70360,1
70368,1
70374,1
70377,1
70381,1
70394,2
70399,1
70403,2
70405,1
70408,1
70414,2
70424,2
70427,1
70434,1
70440,2
70456,1
70469,1
70487,1
70492,1
70501,2
70506,2
70532,1
70538,1
70540,1
70547,3
70549,1
70551,1
70561,1
70565,1
70568,1
70572,1
70584,1
70591,3
70595,1
70597,1
70612,1
70618,1
70621,1
70624,1
70627,1
70632,1
70635,1
70638,2
70642,1
70647,1
70649,1
70652,1
70668,2
70679,1
70688,1
70690,1
70694,1
70696,1
70698,1
70702,1
70704,1
70707,1
70711,1
70713,1
70720,1
70726,1
70732,1
70749,1
70752,1
70756,2
70768,1
70787,1
70799,1
70811,1
70823,1
70831,2
70837,1
70841,1
70843,1
70848,1
70853,1
70855,1
70860,1
70868,1
70873,1
70877,1
70882,2
70888,1
70894,2
70906,3
70910,1
70917,1
70921,1
70924,1
70926,1
70928,1
70930,1
70939,1
70941,1
70944,1
70947,1
70962,1
70975,1
70986,1
70988,1
70990,1
71003,1
71019,1
71024,1
71026,1
71028,1
71037,1
71040,1
71049,1
71054,1
71063,1
71073,2
71081,1
71094,1
71099,1
71108,1
71110,1
71114,2
71121,2
71126,1
71136,1
71141,1
71145,1
71166,3
71188,3
71191,1
71199,1
71203,1
71209,1
71212,1
71217,1
71229,1
71237,1
71246,1
71249,1
71251,1
71257,1
71263,1
71272,1
71277,1
71281,1
71289,1
71293,1
71296,1
71303,1
71325,1
71329,1
71342,1
71346,1
71352,1
71355,1
71361,1
71365,2
71381,1
71384,2
71390,1
71396,1
71400,1
71410,1
71413,1
71419,2
71424,1
71434,1
71446,1
71469,3
71471,1
71473,1
71484,1
71488,2
71491,1
71495,2
71499,1
71507,1
71511,1
71513,1
71525,1
71528,1
71544,1
71548,1
71550,1
71560,1
71569,2
71572,1
71574,1
71580,1
71585,2
71589,1
71600,1
71603,1
71605,1
71610,1
71614,1
71621,1
71624,1
71626,1
71628,1
71651,1
71657,1
71665,2
71668,1
71676,1
71700,1
71706,1
71711,1
71716,1
71731,1
71735,1
71741,2
71744,1
71753,1
71758,1
71765,1
71770,1
71783,1
71788,1
71792,2
71795,1
71799,2
71803,2
71808,1
71818,1
71824,1
71829,1
71835,1
71849,1
71857,1
71861,2
71867,1
71871,1
71873,1
71881,1
71884,1
71887,2
71890,1
71899,1
71914,1
71926,1
71930,2
71941,1
71946,1
71950,1
71952,1
71957,1
71959,1
71967,1
71976,1
71990,2
71999,1
72005,1
72015,1
72018,1
72021,1
72029,1
72031,1
72045,1
72051,1
72066,1
72076,2
72093,1
72097,2
72105,1
72116,1
72118,1
72123,1
72127,1
72132,2
72134,1
72137,1
72142,2
72144,1
72154,1
72173,2
72176,1
72180,1
72185,1
72187,1
72193,1
72195,1
72200,1
72205,1
72235,1
72242,2
72251,1
72255,2
72266,1
72270,1
72284,1
72289,1
72295,1
72302,2
72305,1
72315,2
72318,1
72322,1
72328,1
72333,1
72340,1
72347,1
72355,1
72372,1
72375,2
72380,1
72382,1
72393,2
72398,1
72401,1
72412,2
72420,1
72426,1
72434,1
72438,1
72449,2
72458,2
72463,1
72467,1
72471,1
72473,1
72480,3
72482,1
72484,1
72487,1
72495,1
72511,2
72513,1
72518,1
72524,1
72531,2
72543,1
72545,1
72550,1
72554,1
72559,1
72563,1
72580,2
72585,1
72588,1
72591,1
72596,2
72604,1
72606,1
72616,2
72626,1
72634,1
72636,1
72641,1
72649,1
72654,1
72659,1
72665,1
72667,1
72680,2
72685,1
72688,1
72692,1
72701,1
72712,1
72721,1
72731,1
72741,1
72759,1
72762,1
72775,2
72779,1
72800,1
72805,1
72809,2
72811,1
72816,2
72829,1
72840,2
72845,1
72850,1
72857,1
72866,1
72878,3
72882,2
72885,2
72889,1
72892,1
72906,1
72911,1
72915,1
72919,1
72928,1
72937,1
72939,1
72942,2
72948,2
72954,1
72957,1
72965,1
72971,1
72977,1
72983,1
72986,1
72990,1
72996,1
73002,1
73010,1
73016,1
73024,1
73039,2
73045,1
73047,1
73074,1
73077,1
73084,2
73087,1
73091,1
73093,1
73103,1
73105,1
73109,1
73116,1
73133,3
73150,2
73162,1
73167,2
73175,1
73183,1
73186,2
73206,1
73212,1
73214,1
73216,1
73220,1
73227,1
73229,1
73231,1
73235,1
73240,3
73246,1
73259,1
73274,1
73276,1
73285,2
73290,1
73297,1
73303,1
73309,1
73316,1
73325,1
73334,1
73341,1
73343,1
73369,1
73371,1
73374,1
73377,1
73382,1
73387,1
73391,2
73393,1
73404,1
73408,2
73416,1
73427,2
73432,1
73434,1
73450,1
73454,1
73464,1
73487,1
73489,1
73502,2
73506,2
73515,1
73520,1
73528,1
73538,2
73547,2
73557,1
73567,2
73572,1
73574,1
73580,1
73586,1
73597,3
73599,1
73606,1
73610,2
73625,2
73630,1
73636,1
73649,1
73657,1
73675,1
73680,1
73685,1
73693,3
73703,2
73705,1
73715,2
73718,1
73727,2
73735,1
73738,1
73750,1
73756,1
73760,2
73767,1
73769,1
73779,1
73786,1
73795,1
73805,1
73807,1
73814,3
73829,1
73832,1
73835,1
73855,1
73857,1
73868,1
73872,1
73889,1
73895,1
73904,1
73908,1
73912,2
73917,1
73922,1
73925,1
73928,2
73932,1
73943,1
73946,1
73951,2
73953,1
73958,1
73960,1
73965,1
73980,1
73989,1
73991,1
74000,1
74010,2
74015,1
74020,1
74023,1
74026,1
74034,1
74036,1
74042,1
74045,1
74048,1
74050,1
74059,2
74067,1
74070,1
74073,1
74080,1
74085,1
74088,1
74091,1
74096,2
74098,1
74111,2
74118,1
74133,2
74138,1
74142,2
74145,2
74148,1
74150,1
74185,2
74188,2
74194,1
74207,1
74218,1
74225,2
74228,2
74256,1
74259,2
74270,1
74282,1
74290,1
74309,1
74312,2
74314,1
74317,1
74324,1
74333,1
74339,1
74348,1
74353,1
74361,1
74367,2
74372,1
74375,2
74379,1
74389,2
74392,1
74399,1
74404,1
74407,1
74410,1
74415,1
74420,1
74425,1
74458,1
74460,1
74462,1
74465,1
74470,2
74478,1
74481,1
74486,2
74488,1
74496,2
74501,1
74503,1
74510,1
74512,1
74522,2
74527,2
74539,1
74543,1
74545,1
74553,1
74557,1
74561,1
74573,1
74579,1
74585,1
74590,1
74595,2
74599,1
74610,1
74615,1
74628,1
74647,1
74680,1
74685,1
74698,1
74702,2
74706,1
74732,1
74738,1
74740,1
74748,3
74750,1
74752,1
74760,1
74763,1
74766,1
74776,2
74781,1
74785,1
74788,1
74791,1
74795,2
74798,1
74802,2
74808,2
74813,2
74818,2
74830,1
74836,1
74839,1
74844,2
74850,1
74859,4
74864,1
74867,1
74887,1
74890,2
74898,1
74908,2
74918,1
74924,1
74928,1
74933,1
74938,1
74943,1
74951,2
74954,2
74956,1
74959,2
74967,1
74973,1
74977,1
74980,1
74983,1
74998,1
75018,1
75021,1
75026,2
75038,1
75041,2
75045,1
75050,1
75054,1
75070,1
75078,1
75082,1
75092,2
75095,1
75102,2
75106,1
75109,1
75135,1
75184,1
75195,1
75201,1
75204,1
75222,3
75229,2
75233,1
75237,1
75254,1
75264,1
75271,1
75277,2
75293,1
75300,1
75306,1
75313,2
75318,1
75332,2
75340,1
75345,1
75352,1
75355,1
75358,2
75360,1
75369,2
75382,1
75396,2
75421,1
75424,1
75429,1
75431,1
75433,1
75446,1
75452,1
75456,1
75460,1
75463,1
75475,2
75493,2
75502,1
75504,1
75512,3
75514,1
75516,1
75520,2
75528,2
75531,1
75535,1
75548,1
75552,1
75556,1
75561,1
75564,1
75569,1
75579,1
75594,1
75603,1
75608,1
75614,1
75620,1
75628,1
75632,1
75638,1
75650,1
75655,1
75667,1
75674,1
75677,1
75681,1
75685,1
75693,2
75697,1
75700,1
75704,1
75713,1
75717,2
75727,1
75731,1
75733,1
75736,1
75742,2
75747,1
75756,2
75767,2
75775,1
75781,1
75791,2
75795,2
75798,2
75835,1
75847,1
75849,1
75857,1
75863,1
75867,1
75871,1
75883,1
75886,1
75889,1
75892,1
75896,1
75900,1
75923,1
75942,1
75944,1
75948,1
75965,1
75969,1
75973,1
75980,1
75982,1
75991,1
76003,1
76005,1
76022,1
76025,1
76029,1
76033,1
76040,1
76056,1
76066,3
76071,1
76076,1
76080,1
76086,1
76093,1
76098,1
76107,1
76111,1
76115,2
76133,2
76143,2
76146,1
76156,2
76160,1
76166,1
76176,1
76179,1
76206,1
76227,2
76229,1
76232,1
76235,1
76239,1
76241,1
76247,1
76250,1
76257,2
76262,1
76269,1
76286,1
76299,3
76315,4
76323,1
76328,1
76332,1
76334,1
76350,1
76371,1
76374,1
76383,1
76385,1
76397,1
76405,1
76408,2
76421,2
76433,2
76452,1
76459,1
76462,2
76479,1
76482,1
76489,1
76500,1
76507,1
76519,1
76524,1
76526,1
76532,1
76538,1
76546,1
76556,1
76562,1
76587,1
76596,2
76611,2
76617,1
76622,1
76628,1
76634,1
76646,2
76657,3
76659,1
76663,1
76667,1
76671,2
76681,1
76692,1
76702,2
76708,1
76711,1
76715,1
76720,1
76726,1
76728,1
76737,2
76740,1
76749,1
76754,1
76757,1
76761,1
76766,1
76779,1
76789,2
76798,1
76807,1
76812,1
76814,1
76825,1
76832,1
76838,2
76855,2
76863,2
76868,1
76876,1
76891,1
76898,2
76901,1
76907,1
76913,2
76918,4
76923,1
76925,1
76935,1
76937,1
76942,1
76945,1
76956,1
76960,1
76962,1
76968,1
76982,1
76994,1
76997,1
77000,1
77004,2
77010,1
77017,2
77022,1
77037,1
77041,1
77058,1
77074,3
77079,1
77092,1
77094,1
77103,1
77110,2
77117,1
77136,2
77141,1
77145,1
77153,1
77159,1
77165,1
77169,2
77176,2
77192,1
77196,1
77201,1
77221,2
77224,1
77231,1
77234,2
77241,2
77244,1
77248,1
77257,1
77260,2
77266,1
77268,1
77272,1
77279,2
77289,1
77294,2
77300,1
77313,1
77316,1
77328,1
77332,1
77340,1
77350,1
77353,1
77355,1
77357,1
77367,1
77373,1
77377,1
77379,1
77388,1
77394,1
77404,1
77409,1
77415,1
77419,1
77426,1
77428,1
77440,1
77443,1
77445,1
77460,1
77473,3
77478,1
77496,2
77502,1
77508,1
77516,1
77521,1
77523,1
77531,1
77534,1
77543,1
77563,1
77567,1
77575,1
77580,4
77600,1
77603,1
77606,1
77608,1
77611,2
77617,1
77623,1
77631,1
77633,1
77635,1
77644,1
77649,1
77651,1
77656,2
77664,1
77675,1
77685,1
77693,1
77705,2
77715,1
77721,2
77725,1
77730,1
77740,1
77746,1
77751,2
77766,1
77771,2
77775,1
77785,1
77787,1
77790,1
77795,1
77828,1
77833,1
77848,1
77854,1
77860,1
77868,2
77873,1
77895,1
77904,1
77912,2
77919,1
77927,1
77935,1
77942,2
77947,1
77952,1
77956,1
77962,1
77965,2
77977,1
77981,1
77996,1
78002,2
78004,1
78007,2
78016,3
78036,1
78044,2
78047,1
78051,1
78056,1
78058,1
78069,1
78083,1
78085,1
78090,1
78095,1
78102,1
78105,1
78113,2
78116,1
78124,1
78136,1
78141,2
78145,1
78169,1
78178,1
78183,1
78192,1
78200,1
78231,1
78246,1
78253,1
78256,1
78260,1
78267,1
78276,1
78284,1
78296,3
78298,1
78303,2
78309,1
78324,1
78326,1
78347,1
78365,1
78367,1
78371,1
78378,1
78387,1
78391,2
78394,2
78410,1
78415,1
78424,1
78438,2
78446,1
78452,1
78458,1
78460,1
78469,1
78472,1
78476,2
78479,1
78483,1
78485,1
78488,1
78491,1
78502,1
78513,1
78518,2
78532,1
78535,2
78559,1
78575,1
78579,1
78583,1
78596,1
78600,1
78603,1
78613,1
78618,1
78622,1
78634,1
78638,1
78643,1
78652,1
78659,1
78670,1
78688,2
78691,2
78695,1
78715,1
78730,1
78736,1
78741,1
78744,2
78766,1
78778,1
78806,1
78808,1
78815,1
78822,2
78831,1
78837,1
78841,2
78864,2
78880,2
78902,1
78927,1
78933,1
78943,2
78950,1
78962,1
78964,1
78970,1
78975,1
78978,1
78988,2
78991,2
78999,1
79015,2
79024,1
79029,1
79031,1
79039,1
79045,1
79048,1
79063,1
79068,2
79077,1
79095,1
79114,2
79118,1
79125,4
79127,1
79131,2
79140,1
79146,1
79153,1
79160,1
79170,1
79172,1
79184,1
79188,1
79190,1
79194,1
79204,2
79215,1
79222,1
79225,1
79240,1
79246,1
79251,2
79267,1
79274,2
79286,1
79291,1
79299,1
79309,1
79314,2
79319,1
79322,1
79326,1
79329,2
79336,1
79374,1
79382,1
79388,1
79400,1
79419,2
79425,2
79430,1
79439,1
79444,2
79449,2
79457,1
79460,1
79466,1
79471,2
79477,1
79484,1
79489,1
79494,1
79498,1
79504,1
79507,2
79512,1
79515,1
79519,1
79522,1
79527,1
79532,1
79536,1
79543,1
79558,2
79567,3
79582,2
79585,2
79594,1
79599,1
79601,1
79607,1
79612,1
79623,1
79626,1
79631,1
79638,1
79655,1
79665,1
79669,1
79673,1
79677,2
79681,1
79695,1
79706,1
79715,1
79719,1
79728,1
79737,2
79739,1
79745,1
79748,1
79755,2
79758,2
79765,2
79771,1
79774,2
79778,1
79783,2
79787,2
79793,1
79805,1
79807,1
79811,1
79816,2
79820,1
79830,1
79835,2
79840,1
79857,1
79862,1
79867,1
79874,3
79888,2
79894,1
79904,1
79908,1
79912,1
79916,1
79922,1
79925,1
79933,1
79938,1
79943,1
79972,1
79979,1
79995,1
79999,1
80002,1
80007,1
80010,1
80019,1
80034,2
80045,1
80050,1
80055,1
80058,1
80065,1
80079,2
80084,1
80086,1
80088,1
80093,1
80096,1
80100,1
80104,2
80113,1
80120,1
80144,1
80150,1
80152,1
80155,1
80159,1
80165,1
80176,3
80200,1
80210,2
80220,1
80223,1
80235,1
80238,1
80244,1
80250,1
80252,1
80260,1
80267,3
80269,1
80272,1
80278,1
80281,1
80285,1
80291,1
80293,1
80299,1
80304,1
80310,1
80318,1
80324,1
80330,1
80332,1
80334,1
80343,1
80345,1
80349,2
80352,1
80356,1
80363,2
80368,1
80375,1
80381,1
80394,2
80400,1
80404,1
80406,1
80415,1
80424,1
80428,1
80434,1
80439,2
80443,1
80447,1
80453,1
80457,1
80462,1
80467,1
80472,1
80476,1
80484,1
80490,1
80495,1
80498,1
80502,1
80509,1
80516,1
80544,1
80555,1
80562,1
80583,1
80589,1
80598,1
80607,1
80612,1
80623,1
80631,1
80641,1
80648,1
80669,1
80686,3
80689,2
80699,1
80703,1
80705,1
80714,2
80719,1
80721,1
80731,1
80748,2
80752,1
80765,2
80773,1
80790,1
80793,1
80795,1
80804,1
80821,1
80842,1
80852,1
80855,2
80869,1
80880,3
80891,2
80893,1
80913,1
80915,1
80923,1
80925,1
80930,1
80932,1
80943,1
80952,2
80958,1
80967,1
80974,1
80978,1
80991,1
80995,1
81001,2
81003,1
81016,1
81018,1
81027,1
81035,1
81039,2
81054,1
81060,2
81063,1
81066,1
81071,1
81073,1
81080,1
81086,1
81091,1
81098,1
81106,1
81117,1
81122,1
81126,1
81131,2
81136,1
81155,2
81165,2
81173,1
81175,1
81185,1
81191,1
81194,1
81200,1
81205,2
81209,1
81213,1
81234,1
81244,1
81253,1
81256,1
81280,2
81286,1
81291,1
81294,1
81303,1
81315,1
81319,2
81334,1
81346,1
81349,1
81353,1
81360,1
81366,1
81369,1
81375,1
81382,2
81384,1
81388,1
81391,1
81394,1
81397,2
81407,2
81411,2
81418,1
81422,1
81431,1
81438,3
81454,1
81464,2
81467,1
81471,1
81481,1
81486,2
81493,1
81498,1
81500,1
81514,1
81518,2
81525,1
81545,1
81547,1
81551,1
81556,1
81560,2
81562,1
81569,1
81571,1
81575,1
81578,1
81583,1
81593,2
81600,1
81610,1
81615,1
81617,1
81627,1
81635,2
81642,1
81645,1
81656,2
81667,1
81676,1
81681,1
81685,1
81688,2
81696,1
81701,1
81704,1
81721,1
81727,1
81732,2
81740,2
81750,1
81760,1
81772,2
81775,1
81791,1
81794,1
81799,1
81802,1
81806,1
81817,1
81829,1
81833,1
81839,1
81845,1
81854,1
81859,1
81868,1
81872,1
81883,1
81887,1
81905,1
81913,1
81917,1
81925,2
81930,1
81934,1
81942,2
81947,1
81951,1
81954,1
81962,1
81965,1
81978,1
81990,1
81999,1
82016,1
82024,1
82032,1
82040,2
82048,1
82060,1
82062,1
82068,1
82077,1
82080,1
82089,1
82098,1
82107,1
82113,1
82131,2
82138,1
82145,1
82150,1
82155,2
82163,1
82178,1
82180,1
82182,1
82193,1
82197,2
82201,1
82205,1
82209,2
82217,1
82220,1
82224,2
82235,1
82243,2
82245,1
82248,1
82250,1
82256,1
82282,1
82285,1
82288,1
82297,1
82308,1
82314,1
82325,1
82330,1
82342,1
82359,1
82366,2
82372,1
82375,1
82382,2
82384,1
82396,1
82404,1
82407,1
82418,1
82421,2
82426,1
82430,1
82433,2
82440,1
82443,1
82445,1
82447,1
82455,1
82462,2
82465,1
82470,1
82477,1
82481,1
82486,2
82491,1
82504,1
82510,1
82518,1
82526,1
82531,1
82551,1
82556,1
82559,1
82564,1
82567,1
82572,1
82579,1
82587,1
82590,1
82595,1
82599,1
82613,1
82628,1
82631,1
82637,1
82640,2
82650,1
82662,1
82666,1
82670,1
82677,2
82680,2
82687,1
82695,1
82703,3
82705,1
82709,1
82713,2
82719,2
82722,1
82724,1
82726,1
82731,2
82736,1
82760,1
82763,1
82771,1
82783,1
82788,1
82790,1
82804,2
82810,1
82823,1
82827,2
82839,1
82842,1
82845,1
82862,1
82883,1
82893,1
82899,1
82906,1
82914,1
82916,1
82934,1
82940,1
82947,2
82955,2
82959,1
82970,1
82974,1
82983,1
82985,1
82998,1
83002,1
83005,2
83022,1
83027,1
83058,1
83063,2
83073,2
83076,1
83094,2
83096,1
83098,1
83101,1
83104,2
83108,1
83116,1
83125,1
83128,1
83133,1
83140,1
83155,1
83159,1
83172,1
83188,1
83194,1
83198,1
83202,1
83210,2
83215,1
83223,1
83229,1
83237,1
83248,2
83258,1
83262,1
83269,1
83273,1
83278,1
83283,1
83295,1
83298,1
83313,1
83318,1
83322,1
83334,2
83339,1
83341,1
83344,1
83351,1
83356,1
83371,1
83376,1
83379,1
83382,2
83415,1
83418,1
83427,1
83435,2
83443,1
83453,3
83461,1
83480,2
83527,1
83531,1
83534,1
83536,1
83552,1
83557,1
83559,1
83579,1
83582,1
83584,1
83586,1
83594,1
83598,2
83604,1
83614,1
83624,1
83632,1
83635,1
83642,2
83645,1
83649,1
83656,2
83667,1
83669,1
83674,1
83694,1
83703,1
83705,1
83711,1
83727,1
83735,1
83742,1
83755,1
83763,1
83772,4
83776,1
83783,2
83795,2
83807,1
83810,1
83812,1
83818,2
83823,2
83826,1
83834,1
83836,1
83843,1
83845,1
83855,1
83864,1
83878,1
83881,1
83890,1
83902,1
83905,1
83908,1
83911,2
83914,2
83917,1
83923,1
83928,1
83932,1
83953,2
83958,1
83961,1
83969,1
83976,1
83979,1
83986,1
83996,1
84001,1
84007,1
84012,1
84015,1
84019,2
84024,1
84033,1
84041,1
84044,1
84051,1
84056,1
84068,1
84071,1
84075,1
84083,1
84088,1
84092,2
84101,1
84108,1
84111,1
84116,1
84122,1
84129,1
84147,3
84149,1
84151,1
84155,1
84158,1
84163,1
84167,1
84180,2
84194,1
84199,1
84207,1
84211,1
84214,2
84243,1
84253,1
84266,1
84272,1
84275,1
84283,1
84288,1
84293,1
84300,1
84306,2
84309,1
84314,2
84319,1
84329,1
84331,1
84349,2
84353,1
84359,1
84369,1
84371,1
84392,2
84412,1
84419,1
84424,1
84428,1
84435,1
84439,1
84442,1
84455,1
84463,1
84471,1
84478,1
84481,2
84503,1
84509,1
84513,1
84519,1
84523,1
84532,1
84538,1
84548,1
84552,1
84559,1
84562,1
84568,3
84577,1
84579,1
84587,1
84594,2
84599,1
84605,1
84625,1
84630,2
84635,1
84643,1
84647,1
84652,1
84656,1
84661,1
84666,1
84670,1
84682,3
84684,1
84686,1
84696,1
84699,1
84712,1
84717,1
84721,1
84727,2
84729,1
84738,2
84745,1
84754,1
84783,2
84790,1
84793,2
84799,1
84804,1
84813,1
84818,1
84826,1
84832,1
84837,3
84846,1
84848,1
84853,1
84864,2
84872,1
84877,1
84882,1
84887,2
84897,1
84900,1
84916,1
84924,2
84927,1
84940,1
84945,1
84949,1
84953,1
84963,1
84984,1
84989,1
85007,2
85017,1
85024,1
85029,1
85033,1
85042,1
85062,1
85073,3
85082,1
85086,1
85097,1
85101,1
85108,1
85116,1
85122,1
85130,1
85143,1
85145,1
85151,1
85160,1
85162,1
85164,1
85166,1
85171,2
85175,1
85187,1
85190,2
85199,1
85201,1
85222,1
85225,2
85235,1
85237,1
85242,1
85246,1
85260,1
85268,1
85277,1
85283,1
85288,1
85291,1
85295,2
85298,2
85303,1
85308,1
85312,2
85318,1
85323,1
85328,1
85330,1
85335,1
85337,1
85339,1
85349,1
85353,1
85357,1
85362,1
85367,1
85382,1
85388,1
85394,1
85423,1
85431,1
85436,1
85440,2
85445,1
85452,1
85463,2
85474,1
85487,1
85490,1
85495,1
85501,1
85515,1
85520,1
85531,1
85543,1
85548,1
85553,1
85575,1
85578,1
85584,1
85590,1
85596,1
85611,1
85622,1
85624,1
85627,2
85633,1
85638,1
85641,1
85645,2
85657,1
85662,1
85664,1
85675,2
85689,1
85695,1
85699,2
85702,1
85705,2
85711,1
85719,1
85724,1
85728,1
85733,1
85738,1
85742,1
85747,1
85756,2
85759,2
85766,1
85786,1
85804,1
85806,1
85808,1
85816,1
85823,1
85825,1
85839,1
85843,1
85850,2
85857,1
85861,1
85868,1
85880,1
85893,2
85898,1
85901,1
85906,1
85908,1
85912,2
85916,1
85918,1
85921,2
85935,1
85937,1
85945,1
85950,1
85955,1
85975,1
85982,1
85991,1
85995,1
86000,1
86004,2
86014,2
86018,1
86020,1
86037,1
86039,1
86044,1
86055,1
86071,2
86076,1
86081,1
86098,2
86105,1
86109,1
86118,1
86121,1
86130,1
86135,1
86137,1
86143,2
86146,1
86154,1
86160,1
86183,1
86195,1
86200,1
86211,1
86217,1
86219,1
86223,1
86229,1
86234,3
86252,1
86257,1
86265,2
86272,1
86278,1
86300,1
86309,1
86317,1
86339,1
86342,2
86345,1
86358,1
86363,1
86370,1
86378,3
86380,1
86385,1
86388,1
86396,1
86401,1
86403,1
86424,1
86427,1
86430,2
86439,1
86462,1
86465,1
86475,2
86486,1
86498,1
86505,1
86512,1
86514,1
86522,1
86531,1
86541,1
86543,1
86547,1
86555,1
86557,1
86562,1
86568,1
86576,1
86581,2
86599,1
86601,1
86611,2
86616,1
86621,1
86623,1
86627,3
86639,1
86646,1
86648,1
86653,1
86658,1
86670,3
86675,1
86680,1
86689,1
86699,1
86716,1
86720,1
86729,1
86734,1
86759,1
86789,1
86795,1
86802,1
86812,1
86816,1
86819,1
86828,1
86835,1
86841,1
86846,1
86852,1
86862,3
86869,2
86872,1
86883,2
86886,1
86891,1
86907,1
86917,1
86923,1
86928,1
86940,1
86949,1
86962,1
86967,1
86980,1
86984,1
86988,2
86991,1
86999,1
87007,1
87012,1
87027,1
87045,1
87050,1
87052,1
87054,1
87061,2
87071,1
87079,1
87082,1
87106,1
87110,1
87112,1
87122,1
87128,1
87132,1
87145,2
87156,1
87167,1
87183,3
87185,1
87187,1
87190,1
87194,2
87200,1
87202,1
87207,2
87211,1
87226,2
87241,1
87251,1
87260,1
87267,2
87276,2
87282,1
87291,1
87294,1
87303,1
87310,2
87325,1
87333,1
87339,1
87347,1
87356,1
87377,1
87385,1
87395,1
87401,1
87408,1
87419,3
87426,1
87434,2
87437,2
87441,1
87445,1
87453,1
87456,1
87464,1
87466,1
87469,1
87476,2
87479,2
87484,1
87487,2
87492,1
87502,1
87506,1
87508,1
87519,1
87530,1
87534,1
87547,2
87554,1
87569,1
87581,1
87585,1
87593,1
87597,1
87599,1
87602,1
87606,1
87618,1
87625,1
87629,2
87638,1
87647,1
87659,1
87661,1
87663,1
87670,1
87685,1
87693,1
87701,1
87713,1
87724,1
87726,1
87732,1
87737,1
87773,1
87777,1
87783,1
87788,1
87791,1
87796,1
87798,1
87821,1
87830,1
87833,1
87839,1
87844,2
87851,1
87858,1
87866,1
87874,1
87879,1
87884,1
87887,1
87897,3
87912,1
87932,1
87948,1
87957,2
87962,1
87966,1
87972,1
87987,1
87992,1
88007,1
88009,1
88016,3
88026,2
88028,1
88034,2
88036,1
88042,1
88051,2
88056,1
88061,1
88067,1
88077,1
88079,1
88087,1
88093,1
88095,1
88104,1
88117,1
88129,2
88136,1
88139,1
88147,2
88150,1
88155,2
88157,1
88167,2
88172,1
88184,1
88192,2
88198,2
88209,1
88212,1
88237,1
88242,1
88244,1
88248,1
88254,2
88257,2
88261,1
88270,1
88275,1
88300,1
88308,1
88318,1
88325,1
88330,1
88336,1
88340,1
88345,2
88356,1
88363,1
88378,1
88390,1
88399,1
88415,1
88430,2
88433,1
88439,3
88443,2
88453,2
88461,1
88466,1
88469,2
88481,1
88486,1
88493,1
88503,1
88509,1
88511,1
88517,2
88531,2
88537,1
88550,1
88553,1
88557,1
88561,1
88572,1
88575,2
88599,1
88602,2
88613,1
88617,1
88622,1
88631,3
88646,1
88650,1
88660,1
88664,1
88669,1
88672,1
88682,1
88688,1
88699,1
88701,1
88713,1
88716,1
88718,1
88720,1
88733,1
88735,1
88740,2
88744,2
88750,1
88759,3
88764,1
88769,1
88774,1
88805,1
88811,1
88814,2
88826,1
88843,1
88846,1
88848,1
88851,1
88857,3
88859,1
88863,1
88870,1
88875,1
88886,2
88890,1
88898,1
88906,1
88910,1
88918,1
88922,1
88926,1
88929,2
88934,1
88940,1
88945,2
88951,1
88964,1
88969,1
88976,1
88980,1
88985,1
88987,1
88993,2
88997,1
89007,1
89012,1
89017,1
89022,1
89028,1
89031,1
89035,2
89059,1
89061,1
89066,2
89077,1
89088,1
89093,1
89096,1
89116,1
89124,2
89138,1
89142,2
89151,2
89158,1
89164,1
89171,1
89179,1
89186,1
89189,1
89194,1
89197,2
89205,1
89210,1
89212,1
89214,1
89232,1
89242,1
89247,1
89253,1
89257,1
89268,1
89274,2
89277,1
89279,1
89314,1
89321,2
89327,1
89331,1
89341,1
89346,1
89348,1
89352,1
89362,1
89365,1
89369,1
89372,1
89396,1
89412,1
89419,1
89433,1
89440,1
89446,1
89455,2
89459,1
89463,1
89476,1
89484,1
89492,1
89494,1
89496,1
89513,1
89517,1
89526,1
89535,1
89538,2
89549,1
89557,1
89561,2
89568,2
89572,1
89579,1
89591,1
89595,1
89598,1
89604,1
89610,2
89618,1
89632,1
89669,1
89677,1
89682,1
89694,1
89699,1
89714,1
89716,1
89720,1
89731,1
89745,1
89759,1
89766,1
89771,1
89776,1
89787,1
89792,3
89794,1
89796,1
89803,1
89806,1
89819,1
89825,1
89829,1
89833,2
89841,1
89849,2
89853,1
89858,2
89863,1
89867,1
89871,1
89874,2
89885,1
89893,2
89896,2
89898,1
89901,1
89909,1
89925,1
89938,2
89941,2
89951,2
89970,4
89978,2
89983,1
89988,1
89992,1
90008,1
90010,1
90018,1
90021,1
90023,1
90026,1
90031,2
90034,1
90043,2
90046,1
90054,1
90057,1
90062,2
90066,1
90081,3
90089,1
90092,1
90097,2
90104,1
90107,1
90113,1
90124,1
90129,1
90133,1
90142,1
90144,1
90156,1
90171,2
90178,1
90189,1
90194,1
90211,1
90215,1
90222,1
90225,2
90230,2
90238,1
90245,1
90248,1
90254,1
90261,1
90270,1
90273,1
90283,1
90295,1
90301,1
90310,2
90322,1
90327,1
90333,1
90345,1
90356,2
90358,1
90363,1
90365,1
90368,1
90370,1
90377,1
90385,1
90396,1
90399,2
90413,1
90416,1
90419,1
90422,1
90424,1
90430,1
90433,2
90445,2
90447,1
90457,1
90471,1
90477,1
90484,1
90486,1
90492,1
90505,1
90509,1
90521,3
90523,1
90525,1
90535,1
90543,1
90549,2
90554,1
90558,1
90563,1
90571,1
90574,1
90579,1
90582,1
90589,2
90595,1
90597,1
90602,1
90606,1
90611,1
90620,1
90626,1
90630,2
90634,1
90641,2
90649,1
90670,1
90679,1
90687,1
90702,1
90712,1
90715,2
90718,1
90733,1
90736,1
90740,1
90747,1
90754,1
90759,1
90763,1
90768,1
90773,2
90778,1
90782,1
90790,1
90793,2
90796,1
90800,1
90803,1
90812,1
90821,2
90826,1
90833,1
90837,1
90852,2
90855,1
90864,2
90870,1
90876,1
90884,2
90890,4
90899,2
90906,1
90919,1
90932,1
90936,2
90941,1
90955,2
90962,2
90965,1
90971,2
90982,1
90987,2
91005,3
91008,1
91013,1
91031,1
91040,1
91044,1
91048,1
91054,2
91057,2
91063,1
91066,1
91069,2
91073,1
91078,2
91080,1
91085,1
91099,2
91114,1
91122,1
91127,1
91129,1
91137,1
91143,1
91147,2
91151,1
91156,1
91159,1
91162,1
91168,1
91170,1
91175,1
91184,1
91194,1
91199,1
91204,1
91206,1
91209,1
91213,1
91216,1
91220,1
91225,1
91235,1
91241,1
91251,2
91255,2
91267,1
91276,1
91285,1
91295,1
91305,1
91312,1
91327,2
91330,1
91343,1
91348,1
91369,1
91375,1
91378,1
91395,1
91397,1
91401,1
91408,1
91413,2
91420,1
91428,1
91430,1
91432,1
91437,1
91470,1
91474,1
91486,1
91490,1
91493,2
91498,1
91503,1
91520,1
91524,2
91531,1
91533,1
91540,1
91558,1
91563,1
91575,2
91580,2
91585,1
91593,2
91597,1
91606,1
91608,1
91613,1
91621,1
91625,1
91631,1
91635,2
91647,1
91653,1
91658,1
91698,2
91702,1
91705,1
91711,1
91719,1
91736,1
91739,1
91742,1
91744,1
91755,1
91758,2
91766,2
91777,2
91782,1
91787,1
91805,2
91812,1
91815,1
91850,1
91854,1
91862,1
91864,1
91877,1
91883,1
91891,1
91905,2
91912,1
91937,1
91944,1
91949,1
91960,1
91970,1
91974,1
91985,2
92010,1
92021,2
92024,1
92026,1
92028,1
92040,1
92045,3
92048,2
92051,1
92064,2
92072,1
92076,1
92088,1
92092,1
92096,1
92102,1
92108,2
92110,1
92120,2
92125,1
92134,1
92139,1
92145,1
92151,1
92162,1
92168,1
92175,1
92183,1
92189,1
92199,1
92204,1
92209,1
92215,1
92228,2
92238,1
92245,1
92249,1
92254,1
92260,2
92263,2
92269,1
92281,1
92283,1
92288,2
92302,1
92307,1
92313,1
92317,1
92322,1
92324,1
92327,1
92343,1
92350,1
92353,1
92358,1
92361,1
92369,1
92376,1
92379,1
92383,1
92386,2
92397,1
92405,1
92410,2
92424,1
92429,1
92440,1
92444,1
92465,1
92473,1
92479,1
92488,1
92502,1
92515,1
92519,1
92543,1
92576,1
92584,1
92591,2
92597,1
92606,1
92615,2
92622,1
92635,1
92640,2
92656,1
92662,1
92683,1
92696,1
92714,1
92723,1
92733,1
92735,1
92741,1
92777,2
92790,1
92799,1
92805,2
92812,1
92829,1
92848,1
92854,2
92859,1
92864,1
92868,2
92870,1
92872,1
92887,2
92891,1
92894,1
92899,2
92909,4
92919,4
92937,1
92950,1
92981,1
92986,1
92988,1
92998,1
93001,1
93005,1
93009,1
93021,1
93051,1
93053,1
93055,1
93066,1
93069,2
93082,2
93088,1
93092,1
93105,1
93112,1
93121,1
93130,3
93135,1
93140,1
93145,1
93154,2
93170,1
93178,1
93181,1
93194,1
93208,1
93210,1
93212,1
93227,1
93229,1
93236,2
93248,1
93252,1
93258,1
93264,1
93275,1
93286,1
93295,1
93302,1
93308,1
93313,1
93332,1
93339,1
93346,1
93354,1
93362,1
93369,2
93374,1
93387,1
93390,1
93395,1
93400,1
93408,1
93416,2
93441,1
93444,1
93458,3
93467,2
93471,1
93475,1
93486,1
93490,1
93498,2
93503,1
93508,1
93527,2
93533,1
93535,1
93543,1
93548,1
93560,1
93562,1
93576,1
93602,1
93605,1
93617,1
93619,1
93628,1
93649,1
93652,1
93657,2
93662,1
93666,2
93670,2
93675,1
93677,1
93682,2
93687,1
93693,1
93697,1
93699,1
93704,2
93714,1
93719,1
93723,1
93730,1
93745,1
93749,2
93756,1
93769,1
93780,1
93785,1
93791,1
93801,1
93811,1
93827,1
93830,1
93834,1
93837,1
93848,1
93850,1
93853,1
93856,1
93859,1
93866,1
93868,1
93882,1
93886,1
93888,1
93893,1
93917,1
93920,1
93924,2
93931,2
93941,1
93947,2
93951,1
93957,2
93961,1
93968,1
93971,1
93977,1
93982,1
94002,1
94007,2
94009,1
94015,2
94019,1
94029,1
94032,1
94039,1
94048,1
94051,2
94069,1
94075,1
94084,2
94087,2
94097,1
94099,1
94103,2
94116,1
94140,1
94146,2
94154,1
94167,1
94173,1
94181,1
94184,1
94190,1
94196,1
94202,2
94204,1
94214,1
94224,2
94237,1
94241,1
94250,2
94254,1
94258,1
94263,1
94290,1
94299,1
94302,1
94305,1
94307,1
94309,1
94315,2
94319,1
94327,2
94334,1
94337,1
94354,1
94357,1
94360,1
94365,1
94375,1
94378,1
94388,1
94395,1
94409,1
94419,2
94425,1
94433,1
94441,1
94444,1
94447,1
94450,2
94459,1
94462,2
94475,2
94484,2
94486,1
94499,1
94507,1
94510,1
94515,1
94545,1
94552,2
94557,2
94571,1
94574,2
94584,2
94586,1
94596,1
94599,2
94611,1
94616,1
94618,1
94625,5
94628,1
94635,1
94640,1
94646,1
94659,1
94663,1
94668,1
94689,1
94692,2
94708,1
94713,1
94716,1
94718,1
94731,1
94744,1
94751,1
94772,3
94782,1
94786,1
94792,1
94796,1
94805,1
94809,1
94816,1
94821,1
94827,1
94833,1
94842,1
94844,1
94857,1
94864,1
94871,1
94878,1
94890,2
94897,1
94901,2
94904,1
94915,1
94929,1
94931,1
94938,1
94946,1
94956,1
94959,1
94968,1
94971,2
94991,1
94994,1
94999,2
95006,2
95011,1
95015,2
95018,1
95030,2
95038,1
95046,2
95049,1
95051,1
95055,1
95066,1
95069,1
95072,1
95076,2
95080,1
95087,2
95092,1
95096,1
95101,1
95105,1
95113,1
95125,2
95129,1
95133,1
95136,2
95142,1
95154,1
95156,1
95161,2
95163,1
95165,1
95183,3
95189,1
95200,1
95205,1
95211,1
95215,1
95218,1
95221,1
95239,2
95249,1
95265,1
95278,1
95288,4
95296,1
95323,2
95331,1
95355,1
95383,1
95388,1
95396,1
95401,1
95412,2
95415,2
95421,1
95426,1
95433,1
95442,1
95446,1
95453,1
95455,1
95458,2
95466,1
95493,1
95502,1
95505,1
95517,1
95519,1
95522,1
95526,2
95530,1
95537,1
95541,1
95550,1
95556,1
95578,1
95583,1
95592,1
95596,1
95615,1
95619,1
95622,2
95634,1
95640,1
95643,1
95646,1
95664,4
95667,1
95670,1
95673,2
95675,1
95680,1
95684,2
95687,1
95698,1
95704,1
95718,1
95724,1
95733,3
95767,1
95771,1
95782,2
95785,2
95788,2
95793,1
95806,1
95811,2
95814,1
95817,2
95829,1
95834,1
95840,1
95844,1
95853,1
95863,1
95878,1
95882,1
95885,2
95890,1
95894,1
95899,1
95901,1
95907,1
95909,1
95914,1
95920,1
95923,1
95926,2
95935,2
95940,1
95945,1
95954,1
95974,1
95977,1
95992,1
96001,2
96006,1
96013,1
96019,1
96026,1
96031,1
96065,1
96081,1
96089,1
96103,1
96110,2
96125,1
96128,1
96140,1
96145,2
96147,1
96152,1
96161,1
96165,2
96171,1
96174,1
96177,1
96182,2
96187,1
96191,2
96195,1
96201,1
96206,1
96213,1
96219,1
96233,1
96251,1
96255,1
96259,1
96269,1
96276,1
96280,1
96285,2
96290,1
96301,1
96304,1
96307,1
96309,1
96312,1
96318,1
96324,1
96329,1
96338,1
96347,2
96352,1
96356,1
96360,1
96365,2
96370,1
96372,1
96375,1
96381,2
96390,1
96397,1
96400,1
96404,2
96408,1
96412,1
96424,1
96428,1
96434,1
96442,1
96448,1
96452,1
96463,1
96475,2
96485,1
96499,1
96507,1
96517,1
96521,1
96526,1
96536,1
96542,1
96545,2
96548,1
96553,1
96555,1
96569,1
96599,1
96609,3
96613,1
96620,1
96634,1
96645,1
96648,2
96652,2
96668,1
96680,2
96700,1
96706,1
96719,2
96733,1
96743,3
96749,1
96762,2
96766,2
96785,1
96792,1
96805,2
96807,1
96812,1
96815,1
96817,1
96820,1
96828,2
96834,1
96844,1
96849,1
96852,1
96854,1
96856,1
96870,1
96880,1
96883,1
96889,1
96894,1
96915,1
96919,1
96928,2
96933,1
96942,1
96952,1
96956,1
96961,1
96966,1
96971,1
96976,1
96984,1
96991,1
96995,1
97021,1
97032,1
97036,2
97040,1
97049,1
97051,1
97058,1
97062,1
97066,1
97070,1
97075,2
97083,2
97088,1
97099,1
97102,1
97108,1
97112,2
97117,1
97119,1
97130,1
97146,1
97154,1
97183,1
97189,2
97194,1
97199,1
97204,1
97208,2
97211,1
97220,1
97228,1
97234,1
97243,1
97246,1
97248,1
97273,1
97287,1
97289,1
97291,1
97294,1
97299,1
97315,1
97323,1
97329,1
97337,1
97340,2
97344,1
97350,1
97357,1
97377,1
97388,1
97394,1
97403,2
97407,1
97412,1
97415,2
97417,1
97428,2
97443,1
97448,2
97451,1
97472,2
97475,2
97481,1
97493,2
97506,1
97514,1
97523,2
97530,1
97541,1
97546,1
97550,1
97555,1
97560,1
97581,2
97584,1
97591,1
97596,1
97604,1
97606,1
97618,1
97622,1
97629,1
97636,3
97645,1
97649,1
97653,1
97664,1
97676,2
97684,1
97695,2
97703,1
97709,2
97717,1
97723,1
97731,1
97741,1
97753,1
97763,1
97767,2
97771,2
97777,1
97779,1
97783,1
97785,1
97815,1
97818,1
97825,1
97835,1
97840,1
97856,1
97862,1
97883,1
97893,1
97901,1
97911,1
97916,1
97925,1
97928,1
97930,1
97932,1
97945,1
97948,1
97964,1
97981,1
97987,1
97998,1
98003,1
98012,1
98015,1
98017,1
98019,1
98029,1
98033,2
98038,1
98044,1
98048,2
98055,1
98058,1
98061,1
98064,1
98070,1
98073,1
98098,1
98104,1
98108,2
98114,1
98129,1
98136,1
98140,1
98157,1
98162,1
98167,1
98178,1
98184,1
98189,1
98205,2
98210,1
98219,1
98221,1
98223,1
98230,1
98239,1
98241,1
98243,1
98268,1
98283,1
98288,1
98290,1
98293,2
98298,1
98306,1
98310,1
98317,1
98324,1
98327,2
98336,1
98347,1
98353,1
98361,1
98364,1
98370,2
98375,1
98378,2
98384,1
98387,1
98390,2
98405,1
98413,1
98417,1
98420,2
98424,1
98435,1
98438,1
98448,2
98452,1
98455,2
98459,1
98462,2
98465,1
98468,2
98473,2
98478,1
98482,1
98493,1
98499,1
98503,2
98519,1
98526,1
98528,1
98530,1
98533,2
98539,1
98546,2
98552,1
98555,1
98560,2
98566,1
98575,2
98580,1
98586,1
98588,1
98595,2
98600,1
98615,2
98624,1
98626,1
98631,1
98649,1
98659,1
98687,1
98689,1
98693,1
98698,1
98700,1
98704,2
98717,1
98723,2
98726,1
98731,2
98740,1
98745,3
98756,2
98762,1
98764,1
98768,1
98771,1
98775,2
98782,1
98790,1
98795,2
98799,1
98807,2
98811,1
98814,2
98820,1
98831,1
98848,1
98851,1
98853,1
98855,1
98861,1
98867,3
98873,2
98882,2
98889,2
98894,1
98899,1
98920,1
98926,1
98930,1
98944,1
98949,1
98962,2
98964,1
98966,1
98968,1
98973,1
98976,1
98978,1
98993,1
98998,1
99003,1
99013,1
99018,1
99021,1
99026,2
99030,2
99038,2
99044,2
99047,1
99052,1
99057,1
99062,1
99066,1
99083,1
99092,1
99095,1
99106,2
99117,2
99120,1
99122,1
99125,1
99133,1
99150,2
99154,2
99161,1
99175,1
99205,2
99210,1
99214,1
99217,1
99242,3
99246,1
99250,1
99259,2
99265,1
99268,1
99274,1
99285,1
99290,1
99300,3
99304,1
99311,1
99315,2
99320,2
99324,1
99330,1
99361,1
99369,2
99377,1
99381,2
99387,1
99410,1
99416,1
99421,1
99424,1
99426,1
99428,1
99439,1
99445,1
99454,1
99458,1
99462,1
99471,3
99481,1
99484,1
99497,2
99514,1
99519,1
99540,1
99560,1
99565,1
99583,1
99591,1
99600,1
99605,1
99609,1
99614,1
99623,2
99629,2
99632,2
99636,1
99640,1
99656,1
99660,1
99664,1
99668,1
99678,2
99682,1
99688,1
99706,1
99714,1
99721,1
99727,1
99739,1
99743,1
99750,3
99756,1
99759,1
99764,1
99768,1
99775,1
99780,1
99795,1
99801,1
99810,1
99834,1
99838,2
99841,1
99845,1
99869,1
99879,1
99882,2
99890,1
99894,1
99905,2
99909,1
99914,2
99917,2
99919,1
99921,1
99923,1
99926,1
99945,1
99950,1
99956,1
99967,1
99969,1
99971,1
99981,1
99983,1
99989,1
99993,2
200000,1
200003,1
200017,1
200023,1
200025,1
200031,1
200036,1
200039,1
200048,2
200051,2
200055,2
200058,2
200065,1
200074,1
200091,1
200103,1
200117,1
200123,1
200129,3
200133,2
200139,1
200150,4
200164,1
200171,3
200173,1
200181,2
200188,1
200191,1
200197,2
200205,2
200210,1
200214,1
200220,1
200224,2
200232,1
200248,2
200262,1
200264,1
200269,1
200272,1
200290,1
200314,1
200318,1
200341,1
200350,1
200357,1
200360,1
200363,1
200367,1
200371,1
200375,1
200378,2
200384,1
200394,2
200409,2
200416,2
200419,1
200428,1
200431,1
200437,1
200446,1
200452,2
200457,1
200472,1
200475,1
200478,1
200481,2
200483,1
200490,1
200494,1
200501,1
200503,1
200508,1
200510,1
200514,1
200518,2
200528,2
200538,2
200547,1
200551,2
200557,1
200567,1
200579,1
200586,1
200599,1
200603,1
200617,1
200622,1
200627,1
200631,1
200664,3
200668,2
200676,1
200685,1
200688,1
200691,1
200699,2
200705,1
200710,1
200716,1
200722,1
200733,1
200741,1
200747,1
200768,1
200771,2
200774,1
200780,2
200783,2
200789,1
200792,1
200795,1
200806,2
200812,1
200817,1
200836,1
200842,2
200852,1
200858,1
200861,1
200867,1
200875,1
200880,1
200884,1
200888,1
200897,2
200903,1
200908,2
200919,1
200926,2
200931,1
200936,1
200943,2
200946,1
200961,2
200968,1
200978,1
200981,1
200984,2
200989,1
200997,1
200999,1
201005,1
201007,1
201015,1
201017,1
201027,1
201033,1
201046,2
201055,1
201071,2
201079,1
201092,1
201096,1
201102,1
201105,2
201129,1
201134,1
201142,2
201145,2
201151,1
201169,1
201173,1
201176,1
201178,1
201188,3
201198,1
201209,4
201224,1
201228,2
201230,1
201232,1
201238,1
201245,1
201247,1
201255,1
201270,1
201272,1
201275,1
201302,1
201308,2
201312,1
201323,1
201335,1
201337,1
201342,1
201349,1
201358,1
201374,1
201376,1
201382,2
201386,1
201390,1
201392,1
201394,1
201401,1
201406,2
201413,1
201416,1
201419,2
201424,1
201429,1
201434,1
201453,1
201460,1
201464,1
201473,1
201478,1
201481,1
201485,1
201492,1
201497,1
201507,3
201513,1
201523,1
201525,1
201531,1
201542,1
201564,1
201567,1
201580,1
201589,1
201595,1
201599,1
201607,1
201617,1
201623,1
201625,1
201634,1
201638,1
201643,1
201658,1
201668,2
201683,2
201691,1
201697,1
201701,1
201709,2
201711,1
201714,1
201716,1
201718,1
201727,2
201729,1
201731,1
201738,1
201753,1
201759,1
201768,1
201781,2
201791,3
201800,1
201802,1
201815,1
201820,1
201826,1
201831,1
201837,1
201845,2
201856,1
201860,1
201863,1
201867,1
201875,1
201891,2
201894,1
201897,1
201903,1
201906,1
201908,1
201910,1
201925,1
201928,1
201930,1
201932,1
201938,2
201940,1
201942,1
201945,1
201968,2
201987,1
202008,4
202021,1
202030,1
202033,1
202039,2
202042,1
202047,1
202055,1
202061,1
202070,1
202081,1
202095,1
202113,1
202115,1
202119,1
202124,2
202129,1
202133,1
202137,1
202143,1
202151,3
202162,1
202165,1
202174,1
202176,1
202181,1
202184,1
202189,1
202210,2
202222,3
202231,2
202233,1
202236,1
202239,2
202255,1
202259,1
202269,1
202278,1
202296,1
202311,1
202320,1
202329,1
202332,1
202343,1
202365,2
202370,1
202376,1
202388,3
202391,1
202397,1
202399,1
202405,2
202408,1
202417,1
202432,2
202436,1
202440,1
202447,1
202450,1
202456,1
202462,1
202470,2
202475,1
202482,1
202486,1
202488,1
202490,1
202501,1
202505,1
202509,2
202511,1
202513,1
202515,1
202520,2
202523,2
202534,1
202537,2
202548,4
202551,1
202557,2
202577,2
202581,1
202588,1
202590,1
202595,1
202616,1
202618,1
202625,1
202630,1
202639,2
202642,1
202648,2
202657,1
202660,2
202674,2
202677,1
202681,1
202685,1
202689,1
202698,1
202703,1
202716,2
202730,1
202744,1
202751,1
202776,2
202784,1
202786,1
202788,1
202791,1
202793,1
202797,1
202805,1
202810,2
202819,1
202824,2
202827,1
202840,1
202846,1
202863,1
202867,1
202874,1
202888,2
202895,2
202904,1
202911,1
202919,1
202939,1
202946,1
202957,4
202966,1
202969,1
202971,1
202973,1
202983,1
202989,1
203007,1
203010,1
203030,1
203051,1
203054,1
203070,2
203078,1
203085,1
203090,2
203110,1
203119,2
203121,1
203124,1
203129,1
203132,1
203143,1
203147,1
203151,1
203154,1
203158,1
203168,1
203171,2
203179,2
203189,2
203195,1
203199,1
203215,1
203221,1
203226,1
203231,1
203240,1
203249,1
203256,1
203261,2
203269,1
203274,1
203281,1
203295,1
203304,1
203315,1
203325,3
203328,1
203332,1
203336,2
203346,1
203362,1
203365,2
203372,1
203374,1
203382,2
203390,1
203398,1
203413,1
203417,1
203425,2
203430,2
203437,2
203442,2
203445,1
203448,2
203452,1
203457,1
203459,1
203464,1
203472,1
203474,1
203492,1
203496,1
203506,2
203509,1
203512,1
203522,2
203526,1
203540,1
203542,1
203545,1
203547,1
203550,1
203552,1
203555,1
203560,2
203569,1
203575,2
203578,1
203583,1
203590,2
203609,1
203611,1
203617,1
203624,2
203638,1
203647,1
203657,1
203664,2
203666,1
203682,1
203697,3
203706,3
203711,1
203715,1
203724,1
203739,2
203744,1
203767,1
203773,2
203778,1
203784,1
203795,2
203800,1
203803,2
203806,1
203828,1
203831,2
203834,1
203841,2
203854,2
203867,1
203873,1
203881,1
203920,2
203926,1
203937,1
203961,1
203973,1
203975,1
203985,1
203995,1
204007,3
204009,1
204011,1
204021,1
204037,1
204051,1
204056,2
204061,1
204071,1
204078,1
204083,1
204087,1
204090,1
204096,2
204101,1
204107,1
204111,1
204121,3
204126,1
204131,1
204134,1
204138,1
204144,1
204152,1
204155,1
204161,1
204163,1
204171,2
204180,2
204189,1
204192,1
204209,2
204211,1
204218,1
204221,2
204228,1
204237,1
204247,1
204250,1
204264,1
204271,2
204290,1
204293,1
204295,1
204298,2
204300,1
204304,1
204310,1
204318,2
204320,1
204327,2
204334,2
204341,2
204354,1
204359,2
204362,1
204369,2
204378,2
204387,1
204390,1
204407,2
204417,1
204426,1
204432,1
204440,3
204454,1
204458,1
204462,1
204466,1
204481,1
204487,1
204490,1
204502,1
204514,1
204524,1
204529,2
204554,1
204558,1
204562,1
204571,1
204574,2
204580,1
204583,1
204588,1
204604,1
204608,1
204611,1
204632,1
204635,1
204643,1
204649,1
204657,1
204662,2
204671,1
204682,2
204685,1
204689,1
204694,1
204699,1
204701,1
204708,1
204717,1
204719,1
204729,2
204737,1
204741,1
204750,1
204752,1
204757,1
204767,2
204770,1
204774,2
204782,1
204784,1
204787,1
204797,1
204800,1
204803,2
204805,1
204812,1
204815,1
204823,2
204826,2
204831,1
204858,1
204861,1
204863,1
204866,1
204871,2
204873,1
204883,2
204885,1
204891,1
204896,1
204898,1
204900,1
204912,2
204921,1
204927,1
204931,2
204945,1
204951,1
204954,1
204959,1
204965,1
204975,1
204979,1
204987,1
204989,1
204992,1
204995,2
205016,1
205018,1
205020,1
205022,1
205024,1
205040,1
205049,1
205055,1
205070,1
205075,1
205079,2
205082,1
205090,2
205097,1
205099,1
205123,2
205131,1
205133,1
205135,1
205138,2
205141,1
205152,1
205160,1
205168,1
205173,1
205177,1
205180,1
205187,3
205194,2
205209,1
205234,1
205237,1
205240,1
205245,1
205247,1
205255,2
205263,2
205266,2
205274,1
205277,1
205282,2
205302,1
205305,1
205307,1
205309,1
205313,2
205322,1
205333,3
205342,2
205360,1
205363,2
205371,1
205376,1
205381,2
205393,1
205396,2
205399,1
205404,2
205413,1
205418,1
205433,1
205440,1
205443,1
205445,1
205452,1
205457,1
205462,2
205470,1
205474,1
205476,1
205486,1
205488,1
205494,1
205498,1
205508,1
205512,1
205514,1
205536,1
205540,1
205567,1
205571,1
205581,3
205587,1
205597,1
205605,1
205608,2
205611,1
205614,2
205621,1
205623,1
205634,2
205640,1
205645,1
205647,1
205654,1
205658,1
205663,1
205671,2
205676,2
205684,2
205704,1
205718,1
205723,1
205727,1
205730,1
205746,1
205761,1
205763,1
205783,1
205800,1
205804,2
205822,1
205825,1
205830,1
205845,1
205847,1
205865,2
205868,1
205872,1
205878,1
205891,1
205901,2
205907,1
205911,1
205918,1
205922,2
205931,2
205940,1
205943,1
205945,1
205947,1
205956,1
205959,1
205967,1
205971,2
205981,1
205983,1
205986,2
205989,1
205991,1
205998,1
206001,1
206006,1
206021,2
206024,1
206034,2
206037,1
206045,2
206048,1
206052,1
206064,1
206071,1
206077,1
206080,1
206087,1
206094,1
206109,1
206113,1
206131,1
206140,2
206147,1
206162,1
206165,1
206168,1
206171,2
206175,1
206181,1
206188,1
206192,2
206197,1
206204,1
206222,1
206240,1
206248,1
206254,2
206263,1
206279,1
206282,2
206286,1
206291,1
206300,2
206308,1
206315,1
206321,1
206327,1
206338,1
206340,1
206355,1
206358,2
206361,1
206367,1
206389,1
206400,4
206410,1
206418,1
206422,1
206438,1
206444,1
206446,1
206459,2
206464,1
206467,1
206476,3
206479,1
206481,1
206489,1
206496,1
206502,2
206507,1
206512,1
206515,1
206517,1
206519,1
206526,1
206532,1
206540,1
206556,1
206562,1
206570,1
206575,1
206585,1
206588,2
206591,1
206595,1
206613,1
206618,1
206622,2
206629,1
206645,1
206647,1
206652,2
206661,1
206665,1
206668,2
206671,1
206676,2
206682,1
206688,1
206690,1
206692,1
206695,1
206707,1
206710,1
206716,1
206724,1
206729,1
206733,1
206744,2
206749,1
206765,1
206776,1
206783,1
206785,1
206788,2
206795,1
206805,1
206809,1
206825,1
206833,1
206841,1
206844,1
206849,1
206858,2
206873,1
206882,1
206891,1
206893,1
206896,1
206902,1
206906,1
206911,1
206920,2
206922,1
206927,2
206935,1
206948,2
206950,1
206954,2
206974,1
206980,2
207003,3
207006,1
207012,1
207015,1
207026,1
207029,1
207041,1
207051,2
207066,1
207069,1
207076,1
207084,1
207095,4
207115,1
207119,1
207125,3
207134,2
207140,1
207148,2
207151,1
207153,1
207156,1
207159,1
207161,1
207166,1
207168,1
207176,1
207180,1
207185,1
207193,2
207206,1
207214,1
207234,1
207241,1
207244,1
207248,1
207253,1
207258,2
207264,1
207269,1
207272,2
207285,2
207297,1
207299,1
207306,1
207308,1
207316,1
207318,1
207324,1
207336,1
207343,1
207348,1
207353,1
207359,1
207364,1
207373,1
207378,1
207380,1
207393,2
207409,1
207414,1
207418,1
207421,2
207427,1
207429,1
207432,1
207439,1
207443,1
207447,2
207451,2
207454,1
207458,1
207461,2
207466,1
207494,1
207516,2
207520,1
207525,1
207530,2
207532,1
207536,1
207540,2
207545,2
207550,1
207555,1
207559,1
207563,1
207572,1
207575,1
207581,1
207596,1
207602,1
207605,1
207615,1
207619,1
207621,1
207638,1
207658,1
207661,1
207666,1
207671,1
207678,1
207680,1
207683,1
207694,1
207698,1
207702,1
207717,1
207724,1
207727,2
207738,1
207768,1
207776,1
207790,1
207800,1
207820,1
207828,1
207840,1
207868,2
207874,1
207880,1
207886,2
207894,2
207897,2
207905,2
207908,2
207911,1
207916,2
207928,1
207930,1
207940,1
207943,1
207949,2
207958,2
207962,1
207964,1
207977,1
207985,1
207995,1
207998,1
208000,1
208002,1
208012,2
208020,1
208024,2
208030,1
208043,1
208046,1
208051,1
208062,3
208066,1
208074,1
208077,1
208079,1
208092,3
208098,2
208102,1
208106,1
208122,1
208137,3
208148,2
208153,2
208161,1
208165,1
208167,1
208171,1
208189,1
208191,1
208195,1
208198,2
208233,1
208235,1
208243,1
208245,1
208259,1
208262,1
208266,1
208269,2
208276,1
208290,1
208293,1
208298,2
208300,1
208309,1
208331,1
208333,1
208338,1
208344,1
208351,1
208354,1
208360,1
208366,1
208380,1
208388,2
208394,1
208418,1
208424,1
208428,2
208432,1
208440,2
208447,2
208461,1
208468,1
208480,2
208488,2
208503,1
208513,1
208516,1
208524,2
208535,1
208540,2
208542,1
208548,2
208552,1
208556,1
208561,1
208569,1
208575,1
208582,1
208585,1
208597,1
208599,1
208611,1
208616,1
208628,1
208630,1
208638,1
208643,2
208651,1
208655,1
208658,2
208661,1
208664,2
208675,1
208686,1
208696,1
208710,1
208713,2
208723,2
208729,1
208735,1
208742,2
208756,1
208758,1
208770,1
208779,1
208793,1
208798,1
208800,1
208803,1
208816,3
208819,1
208823,1
208830,1
208839,2
208845,1
208857,1
208865,1
208873,1
208881,1
208888,1
208890,1
208893,1
208913,2
208917,1
208931,2
208937,1
208952,1
208959,1
208964,1
208967,1
208976,1
208982,1
208985,1
208990,1
208997,1
209004,2
209016,1
209018,1
209023,1
209027,2
209035,1
209039,1
209042,2
209047,1
209049,1
209054,1
209072,1
209077,1
209086,1
209099,1
209101,1
209106,1
209116,1
209119,2
209128,1
209133,1
209136,1
209139,1
209145,2
209163,1
209172,1
209180,1
209192,4
209198,2
209201,1
209203,1
209205,1
209213,1
209229,1
209233,1
209247,1
209249,1
209264,1
209270,1
209283,3
209291,1
209293,1
209303,1
209308,1
209313,1
209317,1
209320,1
209328,1
209382,1
209388,1
209399,1
209403,1
209410,1
209416,2
209419,1
209444,1
209450,1
209458,1
209475,1
209477,1
209486,1
209491,1
209497,1
209506,1
209509,1
209512,1
209516,1
209532,1
209538,2
209551,1
209568,1
209581,1
209597,1
209607,1
209625,1
209629,1
209632,1
209637,2
209649,1
209653,1
209680,1
209688,1
209695,2
209701,1
209719,1
209721,1
209729,2
209746,2
209749,2
209756,2
209766,1
209768,1
209781,1
209783,1
209786,2
209801,2
209813,1
209817,1
209822,1
209830,1
209834,2
209837,1
209845,1
209851,1
209865,1
209871,1
209877,1
209887,1
209889,1
209898,1
209904,1
209909,1
209915,1
209920,1
209922,1
209949,3
209952,1
209964,1
209967,2
209972,1
209977,1
209990,1
209994,1
210003,2
210005,1
210010,1
210016,1
210023,2
210029,1
210038,1
210047,1
210050,1
210052,1
210057,1
210060,1
210069,1
210078,2
210083,1
210088,1
210105,1
210119,1
210127,2
210133,1
210157,1
210160,1
210175,1
210180,1
210184,2
210202,1
210229,1
210248,1
210252,2
210260,2
210264,1
210266,1
210270,1
210277,1
210283,1
210288,1
210298,1
210301,1
210306,1
210311,2
210324,1
210332,1
210335,1
210337,1
210345,2
210352,1
210359,2
210362,1
210371,1
210392,1
210401,1
210403,1
210405,1
210416,1
210421,1
210430,2
210435,1
210438,1
210442,1
210450,1
210454,2
210456,1
210462,1
210468,1
210481,1
210484,2
210490,1
210504,1
210513,1
210522,1
210525,1
210527,1
210539,1
210563,1
210572,1
210583,1
210585,1
210593,1
210605,1
210609,2
210623,1
210630,2
210638,1
210651,2
210653,1
210656,2
210658,1
210668,1
210672,1
210682,1
210684,1
210692,1
210710,1
210724,1
210727,1
210741,1
210750,1
210755,1
210757,1
210770,1
210774,1
210787,1
210790,1
210812,1
210821,1
210823,1
210832,1
210840,1
210848,1
210855,2
210859,1
210868,2
210876,2
210879,1
210886,2
210889,1
210895,1
210900,1
210908,1
210913,1
210929,2
210931,1
210935,2
210939,1
210944,1
210948,2
210952,2
210963,1
210969,1
210986,1
210993,1
211002,1
211011,1
211026,1
211030,1
211035,1
211042,2
211051,1
211056,1
211092,1
211096,2
211105,1
211114,1
211126,1
211128,1
211132,1
211142,1
211153,1
211157,1
211160,1
211173,1
211177,1
211187,1
211197,1
211205,2
211207,1
211211,1
211226,1
211230,2
211241,1
211247,1
211250,2
211254,1
211276,1
211289,1
211297,2
211302,1
211305,2
211318,1
211321,1
211323,1
211341,1
211343,1
211345,1
211349,1
211352,2
211365,2
211368,1
211372,1
211377,2
211383,2
211390,1
211394,2
211398,1
211400,1
211412,1
211432,1
211435,1
211452,1
211456,1
211460,2
211466,1
211488,1
211492,1
211499,1
211508,1
211513,1
211522,1
211538,1
211540,1
211544,2
211548,1
211558,1
211561,1
211568,2
211573,1
211586,1
211589,1
211591,1
211597,1
211604,1
211612,1
211617,1
211622,2
211625,1
211640,1
211648,1
211660,1
211663,1
211666,1
211671,1
211678,2
211690,1
211692,1
211694,1
211700,1
211734,1
211737,2
211744,1
211749,1
211752,1
211755,1
211762,1
211764,1
211771,2
211774,1
211777,1
211779,1
211781,1
211785,1
211798,1
211803,2
211809,1
211813,1
211819,1
211822,1
211828,1
211838,2
211841,1
211847,1
211862,1
211874,3
211882,2
211884,1
211887,1
211889,1
211895,2
211900,1
211915,1
211917,1
211928,1
211941,2
211949,1
211955,1
211957,1
211961,2
211969,1
211971,1
211977,1
211980,1
211991,1
211993,1
212009,1
212012,2
212014,1
212016,1
212019,2
212021,1
212024,1
212041,2
212058,1
212084,2
212090,2
212093,2
212104,1
212116,1
212126,1
212131,1
212156,1
212167,1
212172,1
212178,1
212184,1
212207,3
212211,1
212214,2
212224,1
212240,1
212251,1
212256,1
212265,2
212268,2
212276,1
212286,4
212288,1
212292,2
212300,1
212302,1
212306,2
212319,3
212328,1
212331,1
212333,1
212344,1
212351,1
212360,1
212378,1
212382,1
212385,1
212387,1
212389,1
212398,1
212401,2
212408,1
212419,1
212424,1
212433,2
212435,1
212440,1
212448,2
212457,4
212460,1
212462,1
212465,1
212481,2
212488,1
212497,1
212509,1
212514,1
212516,1
212525,1
212533,2
212536,2
212539,1
212544,2
212550,2
212568,1
212575,2
212582,1
212625,2
212632,1
212635,1
212637,1
212641,1
212645,1
212652,1
212658,1
212666,1
212671,1
212683,1
212687,1
212691,1
212701,2
212716,1
212719,1
212723,1
212728,1
212731,2
212738,1
212742,1
212745,1
212753,1
212776,2
212778,1
212780,1
212782,1
212789,1
212792,1
212805,1
212810,1
212841,1
212846,1
212850,1
212858,1
212865,1
212872,1
212885,1
212891,1
212895,1
212902,1
212906,1
212920,2
212924,1
212933,2
212938,1
212942,1
212949,1
212958,1
212960,1
212977,1
212982,1
212986,2
212994,1
213001,1
213004,1
213011,1
213021,1
213034,1
213036,1
213041,1
213048,1
213058,1
213062,1
213076,2
213078,1
213081,1
213083,1
213120,1
213123,1
213129,1
213132,1
213134,1
213138,2
213151,1
213153,1
213155,1
213170,2
213178,1
213181,1
213186,1
213191,1
213202,2
213205,2
213229,2
213231,1
213241,1
213243,1
213249,1
213253,1
213259,1
213263,1
213267,1
213270,1
213278,1
213297,1
213300,2
213304,1
213309,2
213312,1
213316,1
213332,1
213335,1
213341,1
213345,1
213350,1
213361,3
213368,1
213372,1
213380,1
213383,1
213385,1
213391,1
213394,1
213408,2
213411,2
213416,1
213428,3
213439,1
213447,2
213450,2
213454,2
213457,1
213460,2
213466,1
213470,1
213485,1
213492,1
213494,1
213501,1
213503,1
213509,1
213519,2
213522,2
213531,1
213533,1
213539,2
213543,1
213551,1
213553,1
213557,1
213565,1
213573,1
213578,1
213593,1
213596,1
213605,1
213616,1
213620,1
213624,1
213632,1
213642,1
213648,2
213652,1
213658,2
213662,2
213672,1
213682,2
213691,1
213699,2
213705,1
213712,1
213716,1
213724,1
213740,1
213750,1
213752,1
213754,1
213769,1
213772,1
213776,1
213781,1
213789,2
213791,1
213808,1
213831,1
213836,1
213844,2
213847,1
213849,1
213852,1
213872,1
213888,4
213894,1
213896,1
213900,2
213920,3
213923,1
213928,2
213932,1
213940,1
213974,1
213990,2
213999,1
214007,1
214016,1
214019,1
214026,1
214030,1
214035,1
214050,2
214054,2
214058,2
214063,1
214068,1
214077,1
214086,1
214096,2
214103,1
214109,1
214112,1
214114,1
214122,2
214125,2
214134,1
214142,1
214152,1
214154,1
214157,1
214164,2
214167,2
214172,1
214176,1
214179,2
214185,1
214188,1
214191,2
214218,1
214222,1
214230,2
214237,1
214250,3
214258,1
214272,1
214275,2
214279,1
214282,2
214291,1
214294,1
214298,1
214302,1
214306,1
214312,1
214315,1
214319,1
214339,1
214349,2
214353,3
214356,1
214361,1
214372,1
214375,2
214386,1
214394,1
214399,1
214406,1
214417,1
214421,1
214426,1
214434,2
214442,1
214447,1
214451,1
214454,1
214466,1
214471,1
214481,3
214494,1
214501,2
214508,1
214511,1
214517,1
214535,1
214545,1
214548,1
214551,2
214570,2
214572,1
214579,1
214581,1
214589,1
214594,1
214602,1
214605,1
214608,2
214614,1
214621,1
214624,1
214646,2
214652,1
214661,1
214669,1
214673,1
214675,1
214677,1
214687,1
214691,2
214694,1
214698,1
214717,1
214724,1
214728,1
214735,1
214740,1
214743,2
214747,2
214753,1
214768,1
214770,1
214779,1
214788,1
214790,1
214793,2
214796,1
214800,1
214804,2
214811,1
214813,1
214816,1
214834,2
214840,1
214849,1
214852,1
214856,1
214861,1
214868,2
214884,1
214888,1
214891,2
214894,1
214898,1
214901,1
214918,1
214925,1
214930,1
214936,1
214941,1
214943,1
214948,1
214966,1
214971,1
214980,2
215004,1
215011,1
215013,1
215017,1
215027,1
215031,1
215034,2
215038,1
215062,1
215066,2
215072,1
215076,1
215078,1
215086,1
215097,1
215099,1
215106,2
215116,3
215122,5
215139,2
215145,1
215161,2
215170,1
215175,1
215178,1
215192,1
215197,1
215199,1
215210,1
215223,1
215230,1
215232,1
215235,2
215239,1
215248,1
215253,1
215263,1
215267,1
215275,1
215279,1
215286,1
215289,2
215299,2
215303,1
215310,1
215319,1
215324,1
215335,1
215338,1
215349,1
215362,1
215374,1
215378,1
215389,1
215391,1
215395,1
215402,1
215407,1
215425,2
215437,1
215441,1
215454,1
215476,1
215491,2
215493,1
215496,2
215501,1
215504,2
215510,1
215513,1
215517,2
215526,1
215528,1
215533,1
215535,1
215538,1
215542,1
215555,1
215561,1
215564,2
215574,1
215577,1
215580,2
215588,1
215598,3
215606,2
215613,1
215620,2
215646,1
215651,1
215657,1
215660,2
215671,2
215673,1
215675,1
215680,1
215696,2
215698,1
215703,1
215726,3
215729,1
215735,2
215741,1
215751,1
215764,2
215766,1
215769,1
215773,2
215776,1
215778,1
215780,1
215784,2
215790,1
215812,2
215814,1
215819,1
215821,1
215823,1
215825,1
215827,1
215830,2
215842,2
215845,1
215847,1
215857,3
215859,1
215861,1
215863,1
215866,2
215868,1
215876,1
215889,1
215891,1
215893,1
215895,1
215901,1
215909,2
215911,1
215913,1
215915,1
215930,2
215932,1
215935,1
215938,2
215960,1
215966,1
215983,1
216006,1
216016,1
216018,1
216029,1
216033,1
216044,1
216050,1
216057,1
216062,1
216071,2
216081,1
216083,1
216087,1
216090,2
216095,1
216103,1
216109,1
216117,1
216152,1
216163,2
216181,2
216197,1
216203,1
216206,1
216208,1
216210,1
216219,2
216222,2
216226,1
216229,2
216234,1
216240,1
216242,1
216250,1
216256,1
216263,1
216277,1
216280,1
216284,1
216287,2
216295,1
216297,1
216305,1
216309,2
216314,1
216317,1
216320,1
216329,1
216357,1
216359,1
216367,1
216372,2
216379,1
216387,1
216406,1
216412,1
216422,1
216430,1
216434,1
216438,1
216447,1
216449,1
216463,1
216468,2
216474,1
216480,1
216486,1
216504,2
216507,1
216512,1
216544,1
216549,2
216555,1
216567,3
216573,1
216576,1
216580,2
216591,1
216594,1
216601,2
216612,1
216614,1
216625,2
216627,1
216630,1
216645,1
216660,1
216670,1
216685,1
216691,1
216694,1
216703,1
216705,1
216712,1
216721,1
216741,1
216745,1
216767,1
216773,2
216778,1
216781,2
216808,1
216813,1
216817,1
216821,2
216823,1
216826,1
216828,1
216830,1
216837,1
216843,1
216847,1
216851,2
216861,1
216888,1
216893,1
216898,1
216905,1
216908,1
216914,1
216920,2
216924,1
216928,2
216935,1
216940,1
216944,1
216953,1
216959,1
216963,1
216974,1
216978,1
216986,2
216992,1
217006,1
217015,2
217029,1
217046,2
217054,2
217058,1
217064,1
217066,1
217070,2
217077,1
217079,1
217085,1
217088,2
217097,1
217102,1
217107,1
217109,1
217114,1
217134,1
217145,1
217152,1
217157,1
217163,1
217165,1
217184,1
217188,1
217209,2
217217,1
217225,1
217237,1
217239,1
217247,1
217250,1
217256,5
217259,1
217262,1
217266,1
217273,1
217275,1
217277,1
217286,2
217288,1
217291,1
217294,2
217319,1
217321,1
217326,1
217332,1
217344,2
217346,1
217355,2
217366,1
217371,2
217381,3
217388,1
217390,1
217392,1
217395,1
217402,1
217420,1
217427,1
217438,1
217442,1
217448,1
217451,2
217456,1
217459,2
217465,1
217467,1
217478,1
217480,1
217484,2
217490,1
217494,1
217498,1
217504,1
217511,3
217515,2
217517,1
217529,1
217536,1
217549,2
217552,1
217556,1
217561,1
217564,1
217570,1
217572,1
217594,1
217598,1
217600,1
217603,1
217618,1
217620,1
217629,2
217631,1
217650,1
217656,1
217661,1
217665,1
217680,2
217685,2
217695,2
217709,1
217712,1
217727,1
217730,2
217735,1
217739,1
217747,2
217755,2
217761,1
217765,1
217771,1
217774,1
217782,2
217787,1
217792,1
217800,1
217807,1
217819,2
217824,1
217828,1
217832,1
217835,1
217844,2
217846,1
217863,1
217867,2
217875,1
217877,1
217885,1
217888,1
217900,1
217915,1
217922,1
217936,1
217941,1
217943,1
217948,1
217956,1
217961,1
217967,2
217976,3
217981,2
217986,1
218000,1
218004,1
218006,1
218011,2
218023,2
218026,1
218029,1
218035,1
218052,1
218060,1
218070,1
218072,1
218077,1
218083,1
218102,2
218105,2
218107,1
218116,1
218120,1
218124,1
218144,1
218147,2
218159,1
218164,1
218183,1
218186,1
218202,1
218206,1
218220,1
218230,1
218235,1
218241,1
218250,1
218257,2
218263,1
218269,1
218271,1
218278,2
218283,1
218298,2
218327,1
218338,1
218347,2
218353,2
218356,1
218365,1
218375,1
218386,1
218392,2
218405,1
218409,1
218417,1
218424,1
218429,1
218440,1
218444,1
218452,1
218458,2
218464,1
218468,1
218478,2
218494,1
218496,1
218499,2
218510,1
218514,1
218520,1
218522,1
218525,1
218530,1
218535,1
218545,1
218547,1
218551,2
218560,2
218568,1
218571,1
218580,4
218588,1
218595,1
218619,1
218624,1
218626,1
218628,1
218633,1
218636,2
218642,1
218647,1
218657,1
218666,1
218669,2
218672,1
218677,1
218690,1
218695,1
218698,1
218705,1
218707,1
218710,1
218733,1
218735,1
218738,2
218741,1
218743,1
218757,1
218766,1
218770,1
218780,1
218784,1
218788,2
218795,1
218800,2
218804,1
218809,1
218815,1
218818,1
218825,1
218838,1
218841,2
218843,1
218846,1
218848,1
218851,1
218858,1
218868,1
218871,2
218873,1
218880,1
218889,1
218897,1
218901,1
218907,2
218911,1
218913,1
218915,1
218920,1
218923,2
218930,1
218934,1
218943,2
218946,2
218949,1
218958,1
218969,2
218972,1
218976,1
218985,2
218987,1
218991,1
219002,2
219005,1
219013,2
219022,1
219032,1
219038,1
219040,1
219042,1
219047,1
219052,2
219056,1
219061,1
219064,2
219072,1
219076,1
219082,1
219092,1
219098,1
219103,1
219106,2
219114,1
219118,2
219123,1
219133,1
219136,1
219141,1
219143,1
219153,2
219156,1
219170,1
219172,1
219178,1
219180,1
219187,1
219196,2
219215,4
219222,1
219230,1
219236,1
219239,1
219242,2
219255,1
219257,1
219259,1
219270,1
219275,1
219277,1
219280,1
219288,2
219306,1
219325,1
219331,2
219339,1
219342,1
219344,1
219347,1
219359,1
219361,1
219372,1
219375,1
219380,1
219387,1
219393,1
219399,1
219409,1
219416,1
219424,1
219427,1
219433,1
219439,1
219443,1
219449,1
219453,1
219462,1
219475,1
219493,2
219498,1
219502,1
219504,1
219516,2
219529,2
219538,1
219541,1
219559,3
219571,1
219573,1
219582,1
219590,1
219599,2
219602,1
219610,2
219615,1
219618,1
219623,2
219651,1
219654,2
219659,1
219664,1
219672,2
219675,2
219680,1
219703,1
219707,1
219716,2
219725,2
219729,2
219746,1
219756,2
219761,1
219766,1
219771,1
219781,1
219784,2
219795,2
219805,1
219807,1
219817,1
219819,1
219821,1
219824,1
219832,1
219836,1
219846,2
219849,2
219854,1
219860,1
219881,1
219885,1
219892,2
219900,1
219915,1
219922,1
219935,2
219939,1
219956,1
219961,1
219963,1
219967,2
219975,1
219987,1
219996,1
220016,2
220020,1
220026,1
220035,1
220037,1
220040,1
220052,1
220062,1
220065,1
220069,1
220074,1
220080,1
220084,2
220087,1
220090,1
220101,2
220104,1
220111,1
220114,1
220126,1
220140,1
220147,1
220152,1
220159,2
220168,2
220170,1
220177,1
220182,2
220185,1
220216,2
220224,1
220230,1
220239,2
220243,1
220250,2
220258,1
220262,1
220269,1
220271,1
220275,1
220278,1
220280,1
220291,1
220293,1
220297,1
220303,1
220316,2
220328,1
220343,1
220349,1
220351,1
220362,3
220371,2
220382,2
220384,1
220387,1
220393,2
220399,1
220403,1
220408,1
220410,1
220413,2
220421,2
220427,1
220434,1
220436,1
220443,1
220452,1
220460,1
220479,1
220489,1
220491,1
220493,1
220502,1
220504,1
220509,1
220512,1
220517,2
220529,1
220545,1
220555,3
220568,1
220574,1
220578,2
220586,1
220595,1
220598,1
220601,1
220603,1
220608,2
220616,1
220621,1
220636,1
220640,2
220643,1
220646,1
220654,1
220657,1
220673,1
220683,1
220686,1
220688,1
220690,1
220700,1
220707,1
220711,2
220724,2
220745,1
220750,2
220752,1
220765,2
220769,1
220773,1
220775,1
220781,1
220797,1
220804,2
220817,1
220819,1
220823,1
220826,2
220832,1
220840,1
220845,1
220849,1
220857,2
220860,1
220867,1
220873,1
220878,2
220884,1
220888,1
220909,1
220917,2
220922,1
220927,1
220935,1
220938,1
220945,1
220951,1
220954,1
220964,1
220969,1
220972,1
220983,1
220987,2
220992,1
220996,1
221021,1
221024,1
221033,1
221042,1
221047,1
221051,1
221058,2
221062,1
221075,1
221077,1
221079,1
221084,1
221089,1
221116,1
221125,1
221128,2
221134,1
221136,1
221141,2
221152,1
221159,1
221161,1
221166,1
221168,1
221183,1
221198,1
221205,1
221208,1
221216,1
221218,1
221223,1
221227,2
221231,1
221233,1
221241,4
221249,1
221255,1
221263,1
221285,1
221298,2
221309,1
221315,1
221330,1
221332,1
221334,1
221337,1
221339,1
221347,1
221350,1
221352,1
221358,2
221371,1
221376,1
221378,1
221389,1
221398,1
221401,1
221408,1
221416,1
221422,1
221425,1
221437,1
221441,1
221452,1
221455,2
221462,1
221469,1
221481,2
221487,1
221493,2
221498,1
221509,1
221519,2
221524,2
221536,2
221538,1
221544,1
221554,1
221556,1
221559,1
221564,2
221572,1
221587,2
221592,1
221594,1
221599,1
221602,1
221618,1
221625,1
221645,1
221647,1
221660,1
221665,1
221670,1
221675,1
221695,2
221699,2
221706,1
221717,1
221733,1
221737,1
221742,2
221747,1
221752,1
221763,1
221767,1
221771,1
221780,1
221783,1
221786,2
221799,1
221804,1
221806,1
221817,1
221820,2
221824,1
221837,1
221841,1
221847,1
221851,2
221854,1
221857,1
221868,1
221876,1
221882,1
221902,1
221904,1
221911,1
221913,1
221916,1
221924,1
221932,1
221937,1
221944,1
221946,1
221954,2
221957,2
221977,1
221985,1
221988,1
221991,1
221994,1
221996,1
222001,1
222009,1
222015,2
222030,1
222036,1
222039,2
222041,1
222043,1
222046,1
222054,1
222056,1
222075,1
222094,1
222100,1
222111,1
222115,1
222120,1
222122,1
222130,1
222147,1
222155,2
222159,1
222163,1
222171,1
222183,2
222187,1
222205,1
222208,1
222215,1
222222,2
222233,3
222240,2
222244,2
222262,1
222277,1
222287,1
222289,1
222293,1
222299,2
222302,1
222306,1
222313,2
222317,1
222319,1
222330,1
222336,1
222339,2
222342,1
222346,1
222349,1
222351,1
222354,1
222356,1
222359,1
222368,2
222386,1
222407,1
222413,1
222415,1
222420,1
222431,2
222441,2
222443,1
222472,1
222477,1
222485,1
222488,1
222508,1
222517,1
222524,1
222526,1
222533,2
222535,1
222537,1
222547,1
222551,2
222564,1
222581,1
222584,1
222603,1
222607,1
222609,1
222617,1
222624,2
222637,1
222641,1
222649,4
222656,1
222659,2
222669,1
222672,2
222700,1
222703,1
222719,1
222732,2
222741,1
222745,2
222750,1
222758,2
222760,1
222774,2
222793,1
222795,1
222797,1
222803,3
222810,2
222817,1
222819,1
222830,2
222832,1
222843,1
222851,1
222853,1
222859,2
222861,1
222865,2
222868,2
222878,1
222880,1
222895,1
222906,1
222911,2
222913,1
222922,1
222928,1
222938,2
222940,1
222942,1
222946,1
222948,1
222952,1
222962,2
222966,1
222974,2
222977,1
222986,1
222992,1
223003,1
223008,1
223019,2
223022,1
223027,1
223032,1
223037,1
223040,2
223043,1
223048,1
223054,1
223058,1
223068,1
223073,1
223077,1
223085,1
223101,1
223106,1
223109,1
223118,2
223123,1
223126,2
223132,1
223136,1
223140,1
223147,1
223153,1
223162,1
223173,1
223179,1
223183,1
223188,1
223203,2
223205,1
223209,2
223225,1
223230,1
223238,1
223247,1
223249,1
223254,2
223257,1
223268,1
223270,1
223273,1
223278,1
223289,1
223298,1
223304,1
223314,2
223317,1
223319,1
223334,1
223341,1
223343,1
223348,1
223355,1
223360,2
223363,1
223366,1
223372,2
223382,1
223388,1
223396,1
223408,2
223417,1
223423,1
223430,1
223442,1
223454,1
223456,1
223459,1
223461,1
223464,1
223469,2
223471,1
223479,1
223483,2
223488,1
223492,1
223500,1
223502,1
223506,1
223509,1
223514,1
223520,1
223531,1
223533,1
223537,2
223548,2
223550,1
223560,2
223564,2
223575,1
223578,1
223587,1
223590,1
223595,1
223599,1
223606,1
223615,2
223618,2
223621,1
223626,1
223630,1
223634,1
223637,1
223686,1
223698,1
223700,1
223703,1
223708,2
223713,1
223716,1
223721,1
223725,1
223730,2
223736,2
223765,4
223768,2
223778,1
223784,1
223790,3
223797,3
223802,2
223810,1
223812,1
223814,1
223818,2
223827,1
223831,2
223834,2
223848,1
223853,1
223861,2
223865,1
223868,2
223875,1
223877,1
223883,2
223886,1
223894,1
223898,1
223904,1
223910,1
223916,1
223922,2
223932,1
223939,1
223944,2
223946,1
223955,1
223959,2
223969,1
223978,1
223988,1
223994,2
224004,1
224013,1
224022,1
224031,1
224037,1
224043,2
224049,1
224059,3
224063,1
224068,1
224070,1
224082,2
224091,1
224096,1
224101,1
224112,3
224119,1
224123,1
224128,1
224130,1
224138,2
224141,2
224147,1
224171,1
224177,1
224180,2
224192,1
224201,2
224210,2
224212,1
224220,1
224230,1
224232,1
224235,1
224237,1
224242,1
224255,1
224257,1
224260,1
224262,1
224271,1
224277,1
224279,1
224284,1
224286,1
224300,1
224305,1
224311,1
224315,1
224318,2
224321,1
224329,1
224333,1
224335,1
224354,2
224361,1
224367,1
224373,1
224393,1
224413,1
224422,1
224433,1
224437,1
224442,1
224447,1
224459,1
224465,2
224477,1
224481,1
224486,1
224491,1
224493,1
224499,1
224502,1
224516,1
224522,1
224526,1
224535,1
224537,1
224550,1
224553,2
224562,1
224577,3
224580,1
224589,1
224597,2
224603,1
224614,1
224618,1
224629,1
224631,1
224644,1
224646,1
224652,1
224657,1
224666,1
224669,1
224674,1
224686,1
224692,1
224697,1
224699,1
224703,1
224715,2
224720,1
224725,2
224731,1
224735,1
224739,1
224759,2
224763,1
224769,1
224771,1
224774,1
224778,1
224781,1
224786,1
224791,1
224805,1
224809,1
224821,1
224835,1
224837,1
224840,1
224843,2
224851,1
224854,1
224857,1
224861,1
224867,1
224871,1
224890,1
224893,1
224896,1
224900,1
224907,2
224913,1
224922,1
224926,1
224931,2
224939,1
224948,1
224951,2
224953,1
224960,1
224968,2
224970,1
224980,2
224987,1
224990,1
225002,1
225010,1
225018,1
225034,3
225043,1
225045,1
225051,1
225054,1
225061,1
225067,1
225069,1
225072,1
225075,1
225080,1
225085,1
225089,1
225093,2
225102,1
225108,1
225111,1
225133,1
225150,2
225158,1
225164,1
225186,2
225191,1
225194,1
225214,1
225221,1
225231,1
225244,1
225257,1
225272,2
225282,2
225285,1
225298,1
225304,1
225308,1
225316,1
225322,1
225328,2
225332,1
225338,1
225342,1
225354,1
225359,1
225368,2
225374,1
225379,1
225385,1
225388,1
225407,1
225413,2
225416,1
225420,1
225424,1
225426,1
225436,1
225443,1
225445,1
225461,1
225469,1
225490,1
225500,1
225512,2
225517,1
225521,1
225531,1
225541,1
225544,1
225548,1
225567,3
225579,1
225581,1
225587,1
225590,2
225597,2
225603,1
225630,1
225639,1
225648,1
225653,1
225656,2
225666,1
225669,1
225671,1
225676,2
225680,1
225689,1
225696,2
225702,1
225713,1
225718,1
225724,1
225728,1
225739,1
225742,1
225747,1
225753,1
225758,1
225768,1
225776,1
225781,1
225791,2
225797,1
225799,1
225808,2
225815,1
225824,1
225831,2
225835,1
225844,1
225853,1
225864,2
225869,2
225873,2
225876,1
225878,1
225884,1
225891,1
225896,1
225904,1
225914,3
225920,1
225929,2
225934,1
225938,2
225947,1
225950,2
225956,2
225967,1
225979,1
225992,1
225996,1
225999,1
226010,1
226013,1
226022,1
226027,2
226038,3
226044,2
226047,1
226054,1
226059,1
226064,1
226071,1
226082,1
226086,1
226094,1
226108,1
226112,2
226115,1
226117,1
226130,1
226140,1
226158,1
226166,1
226170,1
226186,1
226193,1
226207,2
226213,1
226216,2
226219,1
226223,2
226225,1
226232,2
226236,2
226252,1
226257,1
226263,1
226270,2
226278,2
226281,2
226287,1
226290,1
226300,1
226309,1
226311,1
226317,1
226319,1
226321,1
226327,1
226329,1
226339,1
226355,1
226357,1
226362,1
226369,1
226373,2
226376,1
226378,1
226392,1
226399,1
226401,1
226403,1
226408,2
226416,1
226424,1
226426,1
226432,2
226438,1
226448,1
226451,2
226455,1
226459,1
226467,2
226483,2
226486,1
226496,2
226501,1
226505,1
226510,1
226527,2
226541,1
226546,1
226579,2
226583,1
226592,1
226595,2
226599,1
226603,1
226606,1
226619,1
226622,2
226634,1
226640,1
226645,1
226655,1
226664,2
226675,1
226680,1
226697,2
226700,1
226704,2
226708,1
226713,1
226717,2
226724,1
226726,1
226735,2
226749,1
226760,1
226764,1
226771,1
226773,1
226779,1
226802,1
226813,1
226828,2
226835,2
226846,1
226849,1
226851,1
226868,2
226874,1
226877,1
226891,1
226893,1
226900,1
226905,1
226911,1
226916,1
226924,1
226927,1
226945,2
226948,1
226953,1
226964,1
226966,1
226969,1
226977,1
226981,1
226986,1
226992,1
227000,1
227009,1
227018,1
227026,2
227032,1
227035,1
227045,1
227049,2
227052,1
227055,1
227061,1
227065,1
227077,1
227080,2
227084,1
227092,1
227094,1
227113,1
227120,1
227123,1
227128,1
227131,2
227134,1
227138,1
227141,2
227144,1
227154,1
227167,2
227169,1
227171,1
227185,1
227231,2
227238,1
227246,1
227263,2
227281,1
227296,1
227299,1
227308,2
227311,2
227314,1
227319,1
227325,2
227329,1
227334,1
227339,2
227343,1
227352,1
227359,3
227363,1
227367,2
227369,1
227372,1
227376,1
227380,1
227385,1
227390,1
227398,1
227405,1
227408,1
227415,1
227418,1
227420,1
227422,1
227427,2
227444,3
227452,1
227457,1
227460,1
227467,1
227475,1
227478,2
227485,1
227499,1
227509,1
227519,1
227533,2
227536,1
227543,1
227550,1
227559,1
227570,1
227573,1
227579,2
227583,2
227589,1
227603,1
227607,1
227616,1
227627,1
227630,1
227633,1
227637,1
227642,2
227653,2
227655,1
227659,1
227662,1
227675,1
227678,1
227681,1
227697,1
227702,2
227704,1
227710,1
227713,1
227715,1
227718,1
227729,1
227733,1
227736,2
227748,1
227751,2
227755,1
227757,1
227765,1
227776,2
227784,2
227789,1
227794,1
227801,1
227814,1
227820,1
227822,1
227827,1
227838,1
227844,1
227848,2
227852,2
227855,1
227862,1
227868,2
227871,1
227874,1
227877,1
227879,1
227881,1
227891,2
227899,1
227905,2
227908,1
227911,2
227922,2
227926,1
227933,1
227937,1
227943,1
227947,1
227951,2
227954,1
227956,1
227963,1
227967,1
227984,1
227987,1
227995,1
228002,2
228010,1
228024,1
228027,1
228030,2
228038,1
228056,1
228059,2
228069,2
228072,1
228086,1
228101,1
228104,1
228112,1
228116,1
228121,1
228127,1
228134,3
228140,1
228143,1
228146,1
228153,1
228157,1
228170,1
228178,2
228183,1
228192,2
228194,1
228200,1
228217,1
228220,1
228223,2
228230,1
228235,2
228239,1
228244,1
228249,1
228271,2
228274,2
228284,2
228294,1
228296,1
228313,1
228319,1
228322,1
228327,1
228332,1
228334,1
228337,1
228343,2
228363,2
228366,2
228374,1
228376,1
228387,1
228393,2
228399,1
228403,1
228408,2
228418,1
228434,1
228449,1
228452,1
228458,1
228465,1
228468,1
228489,1
228517,1
228528,1
228536,1
228547,1
228560,1
228562,1
228566,2
228569,1
228572,2
228587,1
228589,1
228599,1
228609,1
228616,1
228619,1
228622,1
228627,2
228633,2
228639,1
228643,1
228651,1
228657,1
228659,1
228663,1
228671,1
228677,1
228685,1
228708,1
228730,1
228742,1
228766,1
228771,1
228784,1
228790,1
228804,1
228815,1
228826,1
228834,2
228842,1
228850,1
228854,2
228860,1
228862,1
228864,1
228871,1
228878,1
228882,1
228885,1
228887,1
228894,1
228896,1
228907,1
228914,3
228919,1
228922,1
228932,3
228944,1
228948,2
228951,1
228960,1
228981,1
228985,1
228993,1
228999,2
229006,1
229009,1
229017,1
229031,1
229040,1
229043,1
229060,2
229062,1
229089,2
229099,1
229106,1
229114,1
229120,1
229122,1
229135,1
229145,2
229161,1
229168,1
229170,1
229172,1
229178,1
229198,1
229207,1
229209,1
229214,1
229217,2
229228,1
229230,1
229233,1
229237,1
229245,1
229248,1
229253,1
229258,2
229272,1
229275,1
229286,3
229304,1
229309,1
229314,1
229318,1
229325,2
229343,1
229345,1
229354,1
229362,1
229370,1
229375,1
229378,1
229384,1
229386,1
229388,1
229393,1
229400,1
229407,2
229411,1
229422,2
229429,1
229447,2
229450,1
229453,1
229485,1
229491,1
229494,1
229505,1
229508,2
229525,1
229536,1
229542,1
229547,1
229553,1
229561,1
229572,2
229575,1
229577,1
229582,1
229592,1
229606,2
229610,1
229614,3
229617,1
229628,1
229632,1
229641,2
229649,1
229651,1
229667,1
229670,1
229680,1
229683,1
229685,1
229688,1
229691,1
229701,1
229712,1
229718,1
229724,2
229727,1
229736,1
229743,1
229751,1
229754,2
229759,1
229762,1
229765,1
229778,2
229785,1
229790,2
229794,1
229796,1
229799,2
229812,1
229820,1
229831,1
229835,1
229850,1
229852,1
229862,2
229866,1
229869,2
229888,1
229890,1
229893,1
229895,1
229904,2
229906,1
229913,1
229915,1
229918,1
229924,2
229939,1
229947,1
229968,2
229977,1
229981,1
229990,1
229998,2
230002,1
230006,1
230012,1
230017,1
230024,1
230026,1
230030,2
230038,1
230047,2
230050,2
230063,1
230078,2
230107,2
230109,1
230118,1
230124,1
230132,1
230134,1
230142,1
230144,1
230149,1
230152,1
230161,1
230166,1
230170,1
230178,1
230183,1
230185,1
230207,1
230219,1
230228,1
230239,1
230249,4
230252,1
230256,2
230260,2
230284,2
230292,2
230307,1
230312,1
230321,1
230331,1
230343,1
230352,2
230355,1
230359,1
230370,1
230375,2
230382,2
230386,1
230389,1
230391,1
230395,1
230402,2
230405,1
230414,1
230421,1
230431,1
230435,1
230447,2
230453,1
230459,1
230473,1
230490,2
230492,1
230494,1
230504,1
230512,1
230517,1
230524,1
230527,2
230533,2
230536,1
230546,2
230551,1
230557,1
230561,2
230568,2
230579,1
230582,1
230587,2
230599,1
230601,1
230607,1
230618,1
230621,1
230628,1
230636,1
230639,1
230643,1
230648,2
230660,2
230662,1
230666,1
230671,2
230673,1
230682,2
230695,1
230703,1
230710,1
230713,1
230716,1
230723,1
230737,1
230755,2
230770,1
230774,1
230797,1
230799,1
230818,1
230823,1
230832,1
230841,1
230847,1
230851,2
230854,1
230860,1
230865,1
230875,1
230885,2
230897,1
230901,2
230917,1
230927,1
230941,1
230945,1
230956,3
230958,1
230960,1
230964,2
230972,1
230980,1
230989,1
230998,2
231002,2
231004,1
231006,1
231008,1
231017,1
231020,1
231023,1
231026,2
231040,2
231043,1
231046,1
231054,1
231061,1
231068,1
231074,1
231076,1
231101,1
231110,1
231117,1
231122,2
231124,1
231135,1
231140,1
231147,1
231152,2
231158,2
231161,1
231163,1
231168,1
231171,1
231179,1
231184,1
231186,1
231188,1
231194,1
231203,1
231212,1
231217,1
231219,1
231235,1
231237,1
231239,1
231243,1
231251,1
231264,1
231268,1
231274,2
231282,1
231287,2
231302,1
231333,1
231337,1
231339,1
231344,2
231352,1
231354,1
231360,2
231370,1
231377,3
231386,1
231392,1
231397,1
231417,1
231419,1
231429,1
231453,1
231462,1
231466,1
231469,1
231473,1
231476,2
231481,1
231487,1
231490,1
231509,1
231519,1
231523,2
231526,1
231535,1
231556,1
231558,1
231560,1
231583,1
231588,2
231591,1
231596,1
231606,1
231648,1
231651,1
231656,1
231661,1
231671,2
231676,2
231678,1
231682,2
231685,1
231688,1
231698,1
231705,1
231709,2
231714,1
231720,1
231740,1
231742,1
231748,1
231759,1
231766,1
231773,1
231775,1
231780,1
231784,1
231790,1
231793,1
231798,1
231803,1
231808,2
231811,1
231818,1
231821,2
231827,1
231833,1
231836,1
231843,1
231851,1
231868,1
231877,1
231880,2
231883,1
231885,1
231894,1
231904,3
231907,1
231912,1
231918,2
231924,1
231927,1
231929,1
231934,1
231940,1
231943,1
231946,1
231959,1
231965,2
231970,1
231998,1
232000,1
232010,1
232014,2
232022,1
232026,1
232041,1
232045,1
232058,1
232061,1
232064,1
232072,2
232074,1
232078,1
232083,2
232102,1
232107,1
232125,1
232127,1
232129,1
232132,1
232135,1
232142,1
232145,1
232150,1
232164,1
232169,1
232172,1
232179,1
232185,1
232187,1
232189,1
232192,1
232194,1
232206,1
232215,1
232218,1
232223,2
232228,1
232232,1
232237,1
232241,2
232244,1
232254,1
232259,1
232261,1
232266,1
232280,1
232282,1
232286,2
232292,1
232297,1
232304,2
232310,1
232317,1
232320,1
232329,1
232332,2
232338,1
232352,1
232356,2
232358,1
232360,1
232376,2
232381,2
232389,1
232395,1
232401,1
232406,1
232410,1
232413,2
232430,1
232432,1
232435,1
232437,1
232447,1
232461,1
232471,1
232474,1
232489,1
232501,1
232505,2
232508,1
232523,2
232527,1
232530,1
232532,1
232538,2
232543,2
232551,1
232572,2
232575,1
232584,1
232587,1
232590,1
232597,2
232603,1
232605,1
232625,1
232637,1
232644,1
232650,1
232654,1
232660,2
232663,2
232671,1
232677,1
232682,1
232685,1
232689,1
232699,1
232706,1
232722,1
232732,2
232745,1
232752,1
232755,1
232760,2
232764,1
232779,1
232786,1
232792,1
232794,1
232799,1
232810,1
232818,1
232820,1
232833,2
232848,2
232851,1
232860,1
232863,2
232871,1
232881,2
232887,1
232894,1
232904,1
232911,1
232916,2
232920,1
232923,1
232925,1
232936,1
232945,2
232949,1
232952,1
232955,2
232979,2
232991,1
232997,1
233003,1
233005,1
233007,1
233016,2
233018,1
233024,2
233032,1
233038,1
233040,1
233044,1
233046,1
233055,1
233058,1
233069,1
233077,1
233090,1
233116,1
233121,1
233124,1
233126,1
233133,1
233141,1
233145,1
233147,1
233156,1
233163,1
233167,1
233175,2
233179,1
233187,2
233197,1
233200,1
233205,1
233223,2
233232,1
233234,1
233237,1
233241,1
233249,1
233251,1
233255,2
233269,1
233272,1
233275,1
233286,1
233289,1
233296,1
233308,1
233314,1
233325,1
233330,1
233333,1
233338,2
233343,1
233355,1
233358,2
233365,1
233373,1
233379,1
233395,2
233409,1
233412,2
233415,1
233417,1
233419,1
233426,1
233429,2
233448,1
233456,2
233459,1
233472,1
233483,2
233491,2
233493,1
233495,1
233513,2
233522,4
233541,1
233545,1
233551,1
233557,1
233560,2
233573,1
233578,1
233581,1
233589,2
233593,1
233597,1
233599,1
233604,1
233608,1
233621,1
233626,1
233631,2
233647,1
233650,1
233657,1
233661,1
233664,1
233672,1
233689,1
233693,1
233695,1
233698,2
233712,1
233719,1
233725,3
233728,1
233733,2
233736,1
233745,1
233749,2
233754,1
233766,2
233769,1
233771,1
233777,1
233781,1
233789,1
233798,2
233801,1
233805,1
233807,1
233809,1
233813,1
233816,2
233819,1
233823,2
233826,1
233831,1
233834,1
233841,1
233849,1
233855,1
233860,1
233864,1
233871,2
233879,1
233881,1
233899,1
233908,1
233912,1
233915,2
233920,1
233924,1
233951,2
233960,1
233969,2
233971,1
233975,1
233977,1
233989,1
234007,2
234011,2
234014,1
234031,1
234035,2
234043,1
234051,1
234066,1
234070,2
234075,1
234083,1
234097,1
234108,1
234114,1
234117,2
234140,1
234144,1
234159,2
234161,1
234167,2
234173,1
234190,1
234199,1
234203,1
234210,2
234214,1
234224,1
234227,1
234240,1
234254,1
234258,1
234267,2
234271,1
234274,2
234280,1
234295,2
234298,1
234300,1
234306,1
234308,1
234311,1
234320,1
234328,1
234333,1
234335,1
234353,1
234356,2
234364,1
234366,1
234368,1
234374,1
234384,1
234392,1
234402,2
234410,2
234417,1
234419,1
234447,3
234460,1
234464,1
234470,2
234484,1
234486,1
234491,2
234496,1
234499,2
234502,1
234506,2
234517,1
234520,1
234528,1
234536,1
234541,1
234553,1
234561,1
234570,1
234577,1
234597,1
234603,2
234605,1
234608,1
234613,1
234617,1
234628,1
234643,1
234646,1
234681,1
234683,1
234693,2
234711,1
234715,1
234719,1
234727,1
234736,1
234739,1
234743,2
234757,1
234759,1
234767,1
234770,1
234772,1
234774,1
234778,1
234784,1
234800,1
234805,1
234820,1
234825,1
234828,2
234835,1
234841,2
234846,1
234853,1
234859,1
234866,1
234873,2
234893,2
234897,2
234900,1
234903,1
234910,1
234913,1
234925,1
234933,1
234935,1
234938,1
234941,2
234943,1
234945,1
234948,1
234951,2
234964,1
234984,1
234993,1
234995,1
235014,1
235019,1
235026,1
235030,2
235033,1
235038,1
235040,1
235049,1
235053,1
235059,1
235064,1
235084,1
235089,1
235094,1
235098,2
235107,1
235113,1
235120,2
235123,1
235129,1
235133,1
235139,1
235142,2
235161,1
235174,1
235178,1
235196,1
235207,1
235211,1
235218,1
235228,1
235243,2
235246,1
235252,1
235267,2
235270,1
235274,1
235294,1
235301,1
235306,1
235312,1
235318,1
235323,1
235326,1
235331,1
235335,1
235357,1
235363,1
235365,1
235367,1
235371,1
235373,1
235375,1
235392,1
235396,1
235401,1
235406,2
235410,2
235416,1
235427,1
235444,2
235451,1
235453,1
235460,1
235464,1
235468,1
235471,1
235474,2
235484,3
235495,1
235499,1
235504,1
235510,1
235517,2
235520,1
235525,1
235555,1
235575,1
235606,1
235614,1
235616,1
235618,1
235621,1
235623,1
235625,1
235629,2
235634,1
235638,1
235645,1
235648,1
235652,1
235657,2
235664,1
235668,1
235672,1
235678,1
235681,2
235686,1
235693,1
235704,1
235708,1
235712,1
235716,1
235719,2
235724,1
235735,1
235762,1
235765,2
235773,1
235776,1
235778,1
235783,1
235791,1
235798,2
235801,1
235808,1
235821,1
235823,1
235836,1
235845,1
235857,1
235862,1
235868,1
235880,1
235890,1
235895,1
235901,2
235923,1
235927,1
235929,1
235932,1
235937,1
235940,1
235942,1
235946,3
235958,1
235965,1
235967,1
235970,1
235985,2
235990,1
235994,1
236015,2
236020,1
236024,1
236027,2
236033,1
236038,2
236040,1
236055,1
236057,1
236072,1
236078,1
236080,1
236083,1
236100,1
236103,2
236113,1
236119,1
236124,1
236131,1
236139,2
236152,1
236158,1
236179,1
236188,1
236195,1
236201,1
236207,1
236213,1
236231,1
236241,1
236247,1
236250,1
236253,1
236262,2
236265,1
236272,1
236275,1
236278,1
236288,1
236291,2
236300,1
236304,1
236309,1
236311,1
236318,1
236320,1
236329,1
236345,1
236348,1
236353,2
236356,1
236358,1
236364,1
236374,1
236383,2
236393,1
236395,1
236401,2
236405,1
236415,1
236418,1
236423,2
236426,1
236440,1
236443,1
236448,1
236454,1
236463,1
236466,1
236473,2
236478,1
236485,1
236489,1
236496,1
236510,1
236519,1
236530,1
236540,3
236546,1
236548,1
236554,2
236561,2
236564,1
236567,2
236573,1
236580,1
236583,1
236593,2
236597,2
236600,1
236604,2
236609,1
236612,2
236615,1
236630,2
236636,1
236646,1
236654,1
236661,1
236671,1
236685,1
236689,2
236703,1
236715,1
236721,1
236724,1
236726,1
236729,1
236738,1
236741,2
236756,1
236760,2
236766,1
236773,2
236789,1
236793,1
236797,2
236804,1
236808,1
236810,1
236815,2
236825,1
236830,1
236837,3
236841,1
236845,1
236850,1
236854,1
236863,1
236872,2
236874,1
236880,1
236892,2
236899,1
236905,1
236907,1
236918,1
236922,2
236929,2
236941,1
236949,1
236961,1
236968,2
236972,1
236974,1
236977,2
236990,2
236994,1
236997,1
237010,1
237013,2
237023,1
237029,2
237033,1
237043,2
237045,1
237054,1
237067,1
237070,1
237073,2
237076,1
237078,1
237082,1
237088,1
237092,1
237107,1
237118,1
237128,1
237134,1
237140,1
237157,1
237167,1
237169,1
237177,1
237180,1
237191,2
237199,3
237215,1
237219,2
237227,1
237237,1
237243,1
237245,1
237253,1
237259,1
237262,2
237282,2
237288,1
237295,1
237298,1
237305,1
237309,1
237313,1
237324,1
237328,2
237337,1
237350,1
237358,1
237365,1
237370,2
237377,1
237387,1
237399,1
237405,1
237415,1
237419,1
237423,1
237425,1
237428,1
237440,1
237445,2
237455,1
237459,2
237462,1
237465,1
237471,1
237475,1
237492,1
237513,2
237516,2
237530,2
237533,2
237548,1
237550,1
237562,3
237573,1
237581,1
237595,1
237597,1
237599,1
237603,2
237609,2
237612,1
237617,2
237640,1
237642,1
237649,1
237651,1
237663,1
237668,1
237671,1
237678,2
237686,1
237689,1
237697,1
237701,1
237704,1
237711,1
237715,2
237724,2
237726,1
237730,1
237735,1
237738,2
237741,1
237745,1
237748,1
237757,2
237760,1
237762,1
237765,2
237793,1
237800,2
237803,1
237805,1
237811,1
237816,1
237822,1
237828,1
237831,2
237833,1
237838,2
237841,2
237852,1
237860,1
237868,2
237878,1
237887,2
237890,1
237894,1
237900,1
237903,1
237909,2
237917,1
237920,1
237930,2
237934,2
237941,1
237945,1
237954,1
237960,1
237972,1
237976,1
237990,1
237992,1
237997,2
238003,1
238005,1
238009,1
238012,2
238020,1
238033,1
238035,1
238037,1
238041,1
238043,1
238051,1
238062,1
238064,1
238070,1
238073,2
238086,1
238088,1
238090,1
238094,1
238097,1
238101,2
238109,3
238114,1
238122,1
238128,1
238150,2
238154,1
238158,2
238173,1
238182,1
238188,1
238190,1
238196,1
238198,1
238201,1
238220,1
238222,1
238225,1
238229,1
238231,1
238235,2
238237,1
238245,1
238248,1
238255,1
238267,1
238270,2
238272,1
238274,1
238277,1
238280,1
238295,3
238298,1
238306,1
238309,1
238312,1
238326,1
238328,1
238346,1
238350,1
238353,1
238361,2
238364,1
238370,1
238387,1
238393,1
238395,1
238397,1
238408,2
238411,1
238417,1
238422,2
238428,1
238438,1
238444,1
238452,1
238468,1
238478,1
238490,1
238492,1
238495,1
238497,1
238501,1
238504,1
238508,1
238516,1
238519,1
238529,1
238533,1
238536,1
238547,1
238552,2
238555,2
238563,2
238567,1
238570,1
238577,2
238579,1
238592,1
238596,1
238599,1
238605,1
238610,1
238614,2
238624,1
238641,1
238645,1
238655,2
238659,1
238666,1
238680,1
238693,2
238695,1
238702,2
238714,1
238716,1
238722,2
238731,2
238733,1
238736,1
238740,1
238744,1
238754,1
238757,2
238759,1
238765,2
238771,1
238774,1
238778,1
238787,1
238797,1
238808,1
238818,1
238821,1
238830,2
238832,1
238835,1
238838,1
238843,1
238849,1
238860,1
238864,1
238873,1
238881,1
238883,1
238885,1
238888,2
238896,1
238900,2
238910,1
238917,1
238925,2
238927,1
238929,1
238936,2
238940,1
238945,1
238955,1
238964,1
238969,1
238978,1
238988,1
238991,2
238995,2
238999,1
239004,1
239010,1
239018,1
239020,1
239033,2
239043,1
239048,1
239053,1
239056,1
239061,1
239064,1
239069,1
239073,1
239076,2
239096,1
239103,1
239106,1
239109,2
239118,1
239121,1
239128,1
239143,1
239154,1
239157,1
239173,1
239180,2
239188,1
239203,1
239209,1
239212,1
239215,1
239249,2
239253,1
239258,1
239268,2
239271,1
239278,1
239283,1
239286,1
239289,1
239299,1
239301,1
239306,2
239309,1
239314,1
239320,1
239323,1
239328,1
239333,1
239362,1
239364,1
239370,2
239381,1
239384,1
239391,2
239394,2
239399,1
239404,1
239412,1
239420,1
239425,1
239428,2
239432,1
239436,1
239440,1
239451,2
239456,1
239464,1
239474,1
239479,1
239489,1
239495,1
239498,2
239503,1
239513,1
239521,1
239534,1
239543,1
239551,1
239553,1
239555,1
239561,1
239567,1
239569,1
239586,1
239591,1
239601,2
239615,1
239618,1
239629,2
239633,1
239644,1
239657,1
239660,1
239666,1
239673,1
239679,1
239690,1
239693,1
239697,1
239703,1
239705,1
239719,1
239722,2
239728,1
239734,1
239744,1
239748,2
239759,2
239765,1
239770,2
239774,1
239776,1
239783,2
239787,1
239797,2
239807,2
239815,2
239818,1
239826,1
239833,1
239843,1
239846,1
239853,2
239862,1
239865,1
239869,1
239876,1
239878,1
239881,2
239886,1
239892,1
239903,2
239911,1
239921,1
239927,1
239935,3
239941,1
239943,1
239947,2
239952,1
239963,2
239975,1
239980,2
239986,2
239990,1
239995,1
240007,1
240016,1
240019,1
240023,1
240026,1
240033,1
240037,1
240042,1
240047,1
240051,1
240063,1
240076,1
240084,2
240093,2
240114,1
240122,1
240129,1
240139,1
240144,1
240152,2
240166,2
240168,1
240171,1
240174,1
240180,1
240185,2
240206,2
240208,1
240217,1
240225,1
240237,1
240243,1
240266,1
240280,2
240283,1
240288,1
240300,1
240305,1
240323,1
240326,2
240336,1
240338,1
240348,1
240352,1
240357,1
240359,1
240363,1
240367,1
240372,1
240375,1
240379,1
240392,1
240395,1
240400,1
240404,1
240409,1
240416,2
240425,1
240427,1
240430,1
240433,2
240441,1
240445,1
240448,1
240451,2
240454,1
240469,1
240476,2
240484,1
240486,1
240495,1
240505,1
240512,3
240516,2
240519,1
240524,1
240527,2
240532,1
240541,2
240543,1
240546,1
240562,1
240565,1
240572,2
240576,2
240586,1
240590,1
240594,2
240599,2
240608,2
240610,1
240612,1
240616,1
240621,1
240642,1
240652,2
240658,1
240667,1
240675,1
240677,1
240686,1
240691,1
240697,1
240706,2
240708,1
240711,1
240718,1
240720,1
240724,1
240726,1
240731,1
240740,1
240753,2
240756,1
240767,3
240778,1
240784,1
240786,1
240788,1
240796,1
240804,1
240813,2
240815,1
240823,2
240827,2
240832,1
240838,1
240845,1
240847,1
240874,2
240876,1
240880,2
240883,1
240886,1
240892,1
240894,1
240902,1
240908,1
240912,1
240922,2
240928,1
240937,2
240939,1
240946,2
240948,1
240956,1
240965,1
240981,1
240985,2
240998,2
241000,1
241011,1
241014,1
241017,1
241024,1
241030,2
241040,1
241047,1
241063,2
241065,1
241071,1
241083,2
241087,1
241089,1
241099,1
241102,1
241105,1
241108,1
241111,2
241116,2
241119,1
241121,1
241131,1
241133,1
241136,1
241150,2
241152,1
241180,2
241188,2
241204,2
241210,1
241220,1
241222,1
241229,1
241236,1
241246,1
241248,1
241252,1
241256,2
241261,2
241264,2
241268,1
241273,1
241278,1
241291,1
241294,1
241306,1
241310,2
241319,1
241322,1
241327,2
241333,1
241345,1
241348,1
241377,1
241389,1
241392,1
241404,1
241435,1
241440,1
241443,1
241449,1
241454,1
241457,2
241462,1
241465,1
241468,2
241482,1
241486,1
241488,1
241494,1
241503,2
241510,1
241519,1
241524,1
241527,1
241530,1
241541,1
241568,1
241571,2
241578,1
241580,1
241595,1
241600,1
241605,1
241608,1
241616,1
241622,1
241626,2
241636,1
241639,1
241642,2
241657,1
241660,1
241664,1
241698,1
241701,1
241707,2
241711,2
241714,1
241729,1
241734,2
241740,2
241743,1
241752,2
241779,1
241784,1
241792,2
241794,1
241800,1
241808,2
241815,1
241817,1
241828,2
241833,1
241838,1
241847,1
241854,1
241863,1
241877,1
241884,1
241888,1
241892,1
241909,1
241915,2
241930,1
241936,1
241940,1
241942,1
241960,2
241963,1
241971,1
241974,1
241982,1
241995,1
242001,1
242012,2
242037,1
242040,1
242046,2
242049,2
242054,1
242073,1
242082,2
242085,1
242094,1
242098,2
242103,1
242109,1
242113,1
242130,1
242134,1
242138,1
242141,1
242143,1
242148,2
242153,1
242161,2
242168,1
242179,2
242184,1
242198,1
242206,1
242218,1
242227,2
242230,1
242234,1
242237,1
242240,1
242245,1
242259,2
242262,2
242266,1
242274,1
242280,1
242289,2
242299,1
242306,2
242315,2
242325,2
242332,1
242346,2
242348,1
242350,1
242374,2
242383,1
242393,2
242397,1
242402,1
242405,1
242413,1
242421,1
242431,1
242433,1
242439,1
242442,1
242465,1
242467,1
242474,1
242479,1
242483,1
242485,1
242489,1
242494,1
242499,2
242505,1
242510,1
242515,1
242519,1
242523,1
242526,1
242530,2
242534,1
242548,1
242562,1
242568,1
242573,2
242580,1
242590,1
242593,1
242596,1
242601,3
242608,1
242615,1
242617,1
242636,1
242649,1
242653,1
242656,1
242669,1
242671,1
242683,1
242696,1
242706,1
242715,1
242730,1
242732,1
242747,2
242753,1
242759,2
242766,1
242771,2
242783,1
242788,1
242794,1
242798,1
242801,1
242804,1
242806,1
242814,1
242820,1
242822,1
242826,1
242834,5
242843,1
242850,2
242861,1
242868,1
242878,1
242907,1
242915,1
242918,1
242932,1
242935,2
242947,1
242952,1
242958,1
242963,1
242968,2
242971,1
242973,1
242977,1
242983,2
242994,1
242997,1
243007,1
243015,1
243023,1
243025,1
243034,1
243043,1
243047,2
243051,1
243069,2
243091,1
243095,1
243103,1
243105,1
243107,1
243110,1
243113,1
243117,1
243123,1
243128,1
243131,1
243144,2
243146,1
243151,1
243156,1
243161,1
243169,1
243176,1
243179,1
243188,1
243197,1
243206,1
243209,1
243213,2
243216,1
243249,1
243251,1
243257,1
243259,1
243266,1
243268,1
243270,1
243282,1
243284,1
243287,1
243292,1
243297,1
243305,1
243307,1
243313,2
243319,2
243327,1
243335,1
243346,1
243348,1
243352,1
243356,1
243373,1
243379,1
243388,1
243393,2
243395,1
243404,1
243414,1
243416,1
243419,1
243423,1
243428,3
243431,2
243439,1
243454,1
243459,4
243463,1
243465,1
243480,1
243487,1
243491,1
243494,1
243498,1
243503,1
243507,1
243517,1
243523,1
243532,1
243538,1
243546,2
243549,1
243551,1
243559,1
243572,1
243577,1
243580,1
243583,1
243587,1
243591,1
243601,1
243609,1
243616,1
243618,1
243622,2
243628,1
243634,2
243637,1
243644,2
243654,1
243658,2
243661,1
243664,1
243712,1
243715,1
243719,2
243731,1
243741,1
243758,1
243778,1
243784,1
243795,1
243804,1
243813,2
243817,2
243829,1
243835,1
243838,1
243847,1
243855,1
243860,2
243864,1
243869,1
243879,2
243881,1
243891,1
243901,1
243903,1
243914,2
243920,1
243923,2
243934,2
243945,1
243949,1
243953,1
243957,1
243967,2
243969,1
243972,1
243979,1
243983,1
243999,1
244004,1
244019,1
244022,1
244029,1
244036,1
244048,1
244050,1
244060,1
244065,1
244078,1
244081,1
244094,1
244097,1
244103,1
244110,1
244119,1
244123,1
244128,2
244133,1
244136,1
244139,2
244144,1
244151,1
244160,1
244162,1
244168,2
244178,2
244187,1
244193,1
244204,1
244208,1
244212,1
244221,2
244223,1
244226,1
244231,2
244233,1
244237,1
244243,1
244248,1
244251,1
244255,2
244265,2
244267,1
244271,1
244276,1
244279,2
244286,1
244289,1
244292,1
244298,1
244302,1
244307,1
244311,1
244315,1
244323,1
244327,1
244351,1
244354,1
244363,1
244367,2
244373,1
244380,1
244383,2
244391,2
244394,2
244400,1
244408,1
244412,2
244417,2
244426,1
244433,2
244442,2
244445,2
244450,1
244454,1
244472,1
244486,1
244489,1
244492,1
244497,1
244500,1
244506,1
244513,1
244522,1
244525,1
244536,2
244556,1
244559,1
244563,1
244566,1
244574,1
244582,1
244590,1
244596,1
244602,1
244606,2
244609,1
244617,1
244624,1
244636,1
244639,1
244664,2
244673,1
244677,1
244686,1
244688,1
244694,1
244697,1
244700,2
244705,1
244710,1
244712,1
244723,2
244729,1
244745,1
244749,2
244752,1
244782,2
244784,1
244787,1
244789,1
244799,1
244804,2
244807,2
244810,1
244820,2
244822,1
244829,1
244836,1
244844,1
244846,1
244856,2
244859,2
244867,2
244876,1
244887,1
244891,1
244898,1
244907,1
244915,1
244922,1
244925,2
244928,1
244931,2
244934,1
244948,3
244954,1
244973,1
244991,1
244999,1
245002,1
245005,1
245011,1
245018,1
245025,1
245029,2
245032,1
245038,1
245041,2
245044,1
245057,1
245062,1
245065,1
245068,1
245070,1
245090,2
245120,1
245127,1
245133,1
245151,1
245165,1
245179,1
245182,2
245201,1
245205,1
245228,1
245230,1
245237,2
245240,1
245247,1
245260,1
245271,1
245273,1
245276,1
245293,1
245308,2
245317,1
245327,1
245336,1
245338,1
245343,1
245346,2
245352,1
245360,1
245368,1
245373,1
245377,1
245379,1
245396,1
245402,1
245404,1
245411,1
245419,1
245422,2
245443,1
245447,1
245453,2
245455,1
245461,2
245467,1
245469,1
245473,1
245476,1
245479,1
245495,1
245502,1
245507,1
245510,1
245512,1
245516,1
245526,1
245536,1
245538,1
245542,1
245549,1
245552,1
245556,2
245559,1
245561,1
245570,2
245576,1
245580,1
245584,1
245587,2
245591,1
245594,2
245601,1
245603,1
245612,1
245618,1
245621,1
245623,1
245628,1
245630,1
245638,1
245645,1
245649,2
245669,2
245681,2
245684,2
245698,1
245706,1
245708,1
245719,1
245728,1
245734,1
245741,1
245743,1
245750,1
245759,1
245768,2
245775,1
245778,1
245783,1
245793,1
245799,1
245803,1
245808,1
245812,1
245817,1
245820,1
245826,1
245829,2
245833,1
245839,1
245844,1
245847,1
245851,1
245855,1
245859,1
245862,1
245866,1
245877,1
245891,1
245894,1
245896,1
245898,1
245908,2
245918,1
245926,2
245934,2
245945,2
245950,1
245953,2
245959,1
245963,1
245968,1
245972,1
245975,2
245980,1
245993,1
245995,1
245997,1
246000,1
246002,1
246004,1
246010,1
246013,1
246029,1
246036,1
246039,1
246046,1
246057,1
246071,1
246073,1
246076,1
246082,1
246088,2
246097,1
246103,1
246106,2
246110,2
246117,1
246127,4
246130,1
246135,1
246141,1
246146,1
246152,1
246164,2
246169,1
246190,1
246197,1
246213,1
246217,1
246221,1
246228,1
246240,1
246248,1
246255,2
246259,2
246267,1
246287,2
246289,1
246301,1
246304,1
246309,1
246315,1
246318,1
246330,1
246334,1
246337,1
246341,1
246357,2
246366,1
246371,1
246379,1
246384,1
246390,1
246395,1
246405,2
246408,1
246411,1
246423,1
246429,1
246434,1
246455,2
246458,1
246472,1
246476,1
246495,2
246497,1
246502,1
246504,1
246506,1
246519,2
246525,1
246529,1
246532,1
246535,1
246541,1
246544,1
246548,2
246563,1
246570,1
246575,1
246597,1
246600,1
246609,1
246613,1
246631,2
246635,1
246638,2
246641,1
246652,1
246657,1
246660,1
246662,1
246679,1
246695,1
246704,1
246710,1
246730,1
246733,1
246746,2
246749,1
246760,2
246763,1
246765,1
246770,1
246774,1
246777,1
246785,2
246789,1
246795,1
246800,1
246803,2
246815,1
246818,1
246827,1
246836,1
246838,1
246846,2
246849,1
246859,1
246869,1
246874,1
246878,2
246897,1
246901,1
246914,1
246918,2
246921,1
246923,1
246931,2
246935,1
246945,1
246949,1
246960,1
246962,1
246968,2
246971,2
246978,1
246981,1
246997,1
247001,1
247005,2
247012,1
247017,1
247021,1
247027,1
247030,1
247038,1
247042,2
247058,2
247065,1
247071,1
247073,1
247078,1
247093,1
247096,1
247099,2
247108,1
247114,2
247117,1
247121,1
247125,1
247128,1
247133,1
247142,2
247146,1
247148,1
247164,1
247167,1
247171,1
247174,2
247176,1
247188,1
247198,1
247200,1
247206,1
247208,1
247210,1
247213,1
247215,1
247218,1
247222,1
247226,2
247231,1
247250,1
247262,1
247271,1
247273,1
247294,1
247299,1
247306,1
247317,1
247323,1
247330,1
247333,1
247338,1
247346,1
247352,1
247363,2
247366,1
247368,1
247384,1
247391,2
247405,1
247413,1
247419,1
247436,1
247446,2
247453,1
247481,1
247485,1
247493,1
247496,1
247500,1
247509,2
247519,1
247524,2
247527,1
247533,1
247538,1
247546,1
247549,1
247552,1
247564,2
247570,2
247575,1
247580,1
247588,1
247607,2
247623,1
247635,2
247642,1
247655,1
247657,1
247671,1
247685,2
247689,1
247695,1
247700,1
247705,1
247712,1
247716,1
247719,1
247724,2
247729,1
247737,1
247739,1
247756,2
247759,2
247762,1
247767,2
247770,1
247784,2
247790,1
247795,1
247797,1
247811,1
247829,1
247832,1
247840,1
247853,1
247861,2
247878,2
247881,1
247885,1
247893,1
247896,1
247904,2
247908,2
247920,1
247924,2
247936,1
247941,1
247944,1
247951,1
247954,1
247962,1
247970,1
247975,2
247988,1
248002,1
248022,1
248026,2
248029,1
248033,1
248044,2
248048,1
248058,1
248066,1
248072,1
248079,1
248086,1
248096,1
248098,1
248102,1
248108,1
248130,1
248139,1
248141,1
248149,1
248152,1
248155,1
248157,1
248164,1
248173,1
248175,1
248181,1
248187,1
248202,1
248213,1
248224,2
248226,1
248228,1
248235,1
248239,1
248245,1
248249,1
248253,1
248269,1
248273,1
248276,1
248282,1
248285,1
248291,1
248298,1
248304,1
248310,2
248329,1
248370,1
248373,1
248377,1
248386,1
248388,1
248393,1
248396,1
248409,1
248412,1
248431,1
248435,1
248438,1
248446,1
248449,2
248456,1
248461,2
248468,1
248470,1
248481,2
248485,1
248491,2
248494,1
248498,1
248501,2
248506,1
248518,1
248536,1
248542,1
248545,1
248551,1
248553,1
248556,1
248559,1
248562,1
248567,2
248569,1
248587,1
248593,1
248601,2
248605,2
248609,1
248617,2
248621,1
248637,1
248640,1
248644,1
248648,2
248655,1
248665,4
248671,2
248686,1
248693,1
248697,1
248700,1
248714,1
248724,1
248729,1
248735,1
248744,1
248746,1
248748,1
248753,1
248756,2
248773,1
248802,1
248819,1
248826,2
248830,1
248835,1
248840,1
248848,1
248852,1
248855,2
248864,2
248872,1
248875,1
248877,1
248879,1
248890,1
248897,1
248901,1
248905,2
248926,1
248932,1
248941,1
248971,1
248981,1
249008,1
249017,1
249019,1
249028,2
249040,2
249043,2
249049,1
249052,1
249061,1
249074,1
249079,1
249083,2
249109,2
249112,1
249117,1
249129,1
249133,1
249147,1
249151,2
249155,1
249163,1
249166,1
249171,1
249173,1
249179,1
249183,2
249186,1
249190,1
249193,1
249199,2
249218,1
249226,1
249240,1
249246,1
249248,1
249254,1
249258,2
249265,2
249278,1
249281,1
249285,2
249297,1
249302,1
249314,1
249325,2
249327,1
249341,1
249346,1
249349,1
249353,1
249356,1
249363,1
249365,1
249379,2
249386,1
249390,1
249395,1
249405,1
249410,1
249415,1
249427,1
249432,2
249441,3
249446,1
249456,1
249458,1
249462,1
249464,1
249471,2
249482,1
249490,1
249492,1
249499,1
249505,1
249509,1
249518,2
249523,1
249527,1
249539,1
249542,1
249547,1
249550,2
249563,1
249569,1
249571,1
249576,1
249579,1
249582,1
249585,1
249587,1
249599,1
249607,1
249611,1
249614,2
249617,1
249619,1
249624,1
249626,1
249630,1
249635,1
249642,1
249646,1
249656,1
249659,1
249662,1
249669,1
249673,2
249676,1
249678,1
249685,1
249688,1
249698,1
249700,1
249709,2
249712,2
249714,1
249720,2
249726,1
249730,1
249741,2
249743,1
249758,2
249765,1
249770,1
249779,1
249785,1
249788,1
249796,1
249805,1
249812,1
249823,1
249826,1
249833,1
249838,1
249840,1
249850,2
249853,1
249859,2
249871,1
249875,1
249897,2
249913,1
249916,1
249919,1
249940,2
249947,1
249954,2
249959,1
249967,3
249976,1
249979,2
249999,1
250003,1
250010,1
250013,1
250016,1
250018,1
250027,1
250030,2
250034,1
250037,1
250053,1
250056,2
250067,1
250070,1
250073,1
250083,1
250093,2
250100,1
250122,1
250125,1
250128,1
250133,1
250136,2
250139,2
250142,1
250145,1
250148,1
250150,1
250175,1
250177,1
250182,1
250197,2
250205,1
250210,1
250213,2
250220,1
250227,2
250230,1
250233,1
250247,1
250250,1
250253,1
250256,2
250260,1
250267,1
250283,1
250299,1
250305,1
250309,1
250312,1
250325,2
250328,1
250330,1
250337,2
250348,1
250358,1
250361,2
250370,1
250373,1
250376,1
250401,1
250410,4
250420,1
250428,1
250434,2
250443,1
250447,1
250453,1
250456,1
250464,1
250470,1
250474,1
250483,2
250490,1
250494,1
250496,1
250503,1
250509,2
250526,1
250529,1
250535,1
250544,1
250549,1
250561,1
250573,2
250576,1
250588,1
250590,1
250593,1
250602,1
250606,1
250612,1
250617,1
250620,1
250623,2
250634,2
250636,1
250653,2
250656,1
250661,1
250664,1
250671,1
250678,2
250684,1
250697,1
250701,1
250705,2
250711,2
250715,1
250726,1
250734,1
250741,2
250745,2
250780,3
250786,1
250789,1
250799,1
250811,1
250816,1
250820,1
250830,1
250847,1
250854,1
250860,1
250874,1
250877,2
250881,1
250885,1
250897,2
250904,1
250908,1
250921,2
250925,1
250942,2
250950,1
250957,1
250960,1
250966,1
250995,2
251001,1
251010,1
251017,1
251019,1
251023,1
251028,1
251032,1
251039,2
251048,1
251068,1
251073,1
251083,4
251088,1
251102,1
251109,1
251112,2
251117,1
251125,1
251130,1
251133,1
251138,1
251145,1
251162,2
251165,1
251175,2
251177,1
251183,1
251199,1
251206,1
251208,1
251217,1
251220,1
251225,1
251230,1
251242,1
251254,2
251260,2
251284,1
251290,1
251292,1
251306,1
251310,1
251320,1
251327,2
251331,1
251335,1
251339,1
251358,3
251367,1
251370,1
251398,1
251402,1
251408,1
251413,1
251422,1
251429,2
251438,1
251450,2
251454,2
251457,1
251460,1
251463,2
251477,1
251481,1
251496,1
251512,2
251519,2
251524,2
251535,1
251539,1
251548,1
251563,1
251571,1
251574,1
251583,1
251587,2
251591,1
251604,2
251613,1
251615,1
251619,1
251627,1
251648,1
251652,1
251658,1
251663,1
251672,1
251682,1
251689,2
251691,1
251697,1
251704,1
251711,2
251725,1
251730,1
251732,1
251739,1
251752,2
251756,2
251764,1
251774,1
251778,3
251783,1
251788,1
251791,2
251805,1
251809,1
251817,1
251821,2
251828,1
251832,2
251840,1
251850,1
251852,1
251859,1
251861,1
251864,1
251872,1
251883,2
251888,1
251891,1
251900,1
251903,2
251906,1
251911,1
251918,1
251920,1
251928,1
251947,1
251951,1
251956,1
251961,1
251972,1
251975,1
251986,1
251995,1
251998,1
252000,1
252006,2
252017,1
252041,1
252045,1
252060,2
252063,1
252085,1
252089,2
252092,1
252109,2
252118,1
252130,1
252133,1
252156,1
252158,1
252163,1
252166,1
252174,1
252176,1
252186,1
252190,1
252201,2
252211,1
252221,1
252231,1
252235,1
252238,2
252242,2
252245,1
252249,2
252256,2
252259,1
252261,1
252277,1
252279,1
252291,1
252296,1
252302,1
252306,1
252315,1
252318,1
252320,1
252328,2
252331,2
252334,1
252337,1
252339,1
252348,1
252360,2
252365,1
252377,1
252382,1
252387,2
252391,1
252398,1
252412,1
252415,1
252421,1
252425,1
252428,2
252431,1
252433,1
252436,1
252449,1
252454,1
252460,1
252464,1
252466,1
252469,2
252475,1
252479,2
252483,1
252489,2
252496,1
252503,1
252508,1
252512,1
252515,2
252520,1
252528,1
252533,1
252541,1
252543,1
252549,1
252554,1
252561,4
252570,1
252575,1
252597,1
252600,2
252603,1
252608,1
252619,1
252627,1
252630,1
252636,1
252654,1
252657,2
252674,1
252676,1
252678,1
252686,1
252695,1
252698,2
252701,1
252715,1
252721,1
252727,1
252733,1
252736,1
252748,2
252750,1
252767,2
252770,1
252772,1
252774,1
252779,1
252783,1
252785,1
252789,1
252796,1
252801,1
252804,1
252807,1
252810,1
252812,1
252814,1
252825,1
252827,1
252830,1
252838,2
252849,1
252852,1
252860,1
252867,1
252872,1
252874,1
252882,1
252886,1
252890,1
252895,1
252902,1
252905,1
252908,1
252916,1
252918,1
252921,1
252936,1
252944,1
252949,1
252952,1
252959,1
252963,1
252970,1
252975,1
252978,2
252991,1
252995,1
253000,2
253002,1
253018,2
253020,1
253041,2
253044,1
253060,2
253078,1
253080,1
253084,1
253086,1
253089,1
253101,1
253103,1
253116,1
253127,1
253131,1
253137,1
253155,1
253159,2
253167,1
253172,1
253179,1
253185,2
253194,1
253197,1
253200,1
253209,1
253212,1
253221,1
253224,1
253230,1
253243,2
253246,1
253251,1
253262,1
253272,1
253275,1
253283,2
253286,1
253289,1
253294,1
253300,1
253309,1
253314,1
253325,1
253329,1
253337,1
253343,1
253347,1
253352,1
253362,1
253375,1
253378,1
253387,1
253394,1
253398,2
253400,1
253403,1
253405,1
253407,1
253415,1
253439,2
253442,1
253449,1
253453,1
253460,2
253470,1
253481,1
253489,1
253495,1
253498,2
253504,1
253508,1
253513,1
253526,2
253528,1
253533,1
253539,1
253545,1
253547,1
253555,1
253558,1
253562,1
253567,1
253570,1
253576,2
253580,1
253590,1
253599,1
253602,1
253604,1
253608,1
253619,1
253621,1
253625,1
253628,2
253636,1
253640,1
253643,2
253647,2
253653,1
253657,1
253661,1
253665,1
253671,1
253675,1
253678,1
253696,1
253712,1
253718,1
253722,1
253729,1
253736,2
253738,1
253742,2
253746,2
253749,2
253760,1
253768,1
253774,1
253776,1
253784,1
253788,1
253795,2
253800,2
253803,1
253810,1
253812,1
253814,1
253817,1
253822,1
253824,1
253827,1
253835,1
253839,1
253843,2
253850,1
253859,2
253866,1
253881,2
253886,2
253891,2
253898,1
253901,2
253905,2
253909,1
253915,1
253919,1
253930,1
253940,1
253949,1
253953,1
253955,1
253963,2
253967,1
253970,2
253978,1
253985,1
253995,1
254008,1
254011,1
254017,2
254023,1
254028,1
254032,1
254037,1
254045,2
254049,1
254070,1
254073,1
254084,1
254090,1
254107,1
254109,1
254113,1
254125,1
254130,1
254136,2
254138,1
254147,2
254163,1
254177,1
254179,1
254194,2
254198,1
254202,1
254206,1
254212,1
254215,1
254218,1
254221,2
254229,1
254232,2
254235,1
254239,1
254255,1
254260,1
254274,1
254276,1
254284,1
254288,2
254297,2
254301,1
254313,2
254315,1
254323,1
254326,1
254330,1
254343,1
254357,1
254361,1
254366,1
254375,1
254380,1
254384,2
254387,1
254393,1
254410,1
254414,1
254423,2
254426,1
254429,1
254441,2
254446,1
254454,2
254456,1
254460,2
254463,1
254471,1
254473,1
254476,1
254496,1
254498,1
254503,2
254505,1
254513,1
254528,1
254537,2
254544,2
254551,1
254566,1
254569,1
254574,1
254577,1
254584,1
254590,1
254604,2
254614,1
254622,1
254633,2
254635,1
254640,1
254662,2
254664,1
254671,1
254681,2
254683,1
254694,2
254697,1
254712,1
254715,1
254720,1
254725,1
254731,1
254746,1
254748,1
254753,1
254758,1
254768,1
254776,1
254782,1
254787,1
254791,1
254794,2
254800,1
254804,1
254809,2
254823,1
254827,1
254840,1
254849,1
254852,1
254866,1
254877,2
254898,2
254901,1
254905,2
254908,1
254917,1
254922,2
254928,1
254937,2
254946,2
254949,2
254954,1
254960,1
254966,2
254969,1
254973,1
254977,1
254981,1
254983,1
255000,1
255005,1
255007,1
255010,1
255018,1
255024,1
255047,1
255051,1
255054,1
255062,2
255075,1
255088,1
255092,1
255094,1
255098,2
255104,1
255112,2
255116,1
255136,1
255139,1
255144,1
255148,1
255160,2
255173,1
255178,1
255190,1
255194,1
255199,1
255203,1
255206,1
255208,1
255217,1
255227,2
255230,2
255244,1
255258,2
255273,2
255275,1
255297,1
255299,1
255302,2
255309,1
255312,1
255323,2
255325,1
255329,1
255344,1
255369,1
255372,1
255391,2
255393,1
255398,1
255427,1
255433,2
255436,1
255438,1
255449,1
255456,1
255469,1
255481,1
255484,1
255489,1
255494,1
255497,1
255507,2
255518,2
255527,1
255533,2
255536,1
255541,1
255548,1
255557,1
255574,1
255581,3
255589,1
255597,2
255604,1
255612,2
255620,1
255633,1
255643,1
255646,1
255654,1
255658,2
255665,2
255669,1
255671,1
255677,1
255684,1
255687,1
255693,1
255701,1
255704,1
255708,1
255714,1
255722,2
255726,1
255736,2
255739,1
255742,1
255750,1
255759,2
255762,1
255767,1
255770,1
255782,1
255785,1
255789,1
255794,1
255805,2
255809,1
255814,2
255831,1
255841,1
255848,1
255853,1
255871,2
255874,1
255883,2
255888,1
255892,2
255900,1
255904,1
255907,2
255914,1
255921,1
255927,1
255929,1
255933,2
255937,1
255942,2
255951,1
255953,1
255960,1
255962,1
255972,1
255976,1
255988,2
255991,1
255993,1
256004,1
256009,1
256016,2
256022,1
256054,1
256057,1
256073,1
256081,1
256088,1
256091,1
256097,1
256100,1
256108,1
256116,1
256119,1
256122,1
256124,1
256134,1
256138,1
256143,1
256146,2
256170,1
256175,1
256178,2
256185,1
256192,1
256201,2
256208,1
256213,1
256221,1
256227,1
256252,1
256257,1
256271,2
256274,1
256276,1
256292,1
256298,1
256302,1
256314,1
256320,1
256330,1
256334,2
256337,1
256346,1
256356,4
256358,1
256379,2
256385,1
256388,1
256393,1
256398,2
256401,1
256404,1
256424,2
256432,1
256434,1
256438,1
256443,2
256451,1
256469,1
256471,1
256478,1
256491,2
256494,1
256499,1
256501,1
256508,1
256518,1
256527,1
256530,1
256534,2
256537,1
256539,1
256544,2
256556,1
256563,2
256568,2
256571,1
256574,2
256581,1
256586,1
256594,1
256596,1
256603,1
256608,1
256610,1
256613,1
256629,1
256635,1
256640,1
256647,2
256653,2
256658,1
256665,1
256676,1
256683,1
256694,1
256699,2
256708,1
256744,1
256748,2
256784,1
256786,1
256791,2
256795,2
256799,2
256805,1
256813,2
256816,2
256826,1
256832,1
256834,1
256842,1
256844,1
256850,1
256852,1
256859,1
256864,1
256867,1
256877,1
256881,1
256884,2
256899,1
256905,2
256911,1
256922,2
256926,1
256938,1
256947,1
256957,1
256968,1
256975,1
256983,1
256987,2
256996,2
256998,1
257003,1
257006,1
257011,1
257013,1
257017,1
257035,1
257046,1
257048,1
257052,1
257056,1
257058,1
257061,1
257064,2
257069,1
257078,1
257085,1
257089,2
257097,1
257103,1
257108,1
257110,1
257114,1
257118,1
257131,2
257133,1
257136,1
257138,1
257141,1
257144,2
257153,1
257171,1
257175,2
257181,2
257193,1
257196,1
257198,1
257203,2
257208,1
257217,2
257221,1
257224,1
257228,1
257232,2
257237,1
257247,1
257259,1
257261,1
257267,1
257274,1
257276,1
257281,1
257284,1
257291,2
257302,2
257310,1
257317,1
257335,2
257342,1
257352,1
257363,2
257366,2
257371,1
257377,1
257386,1
257394,1
257399,1
257412,1
257416,1
257424,1
257430,1
257434,1
257443,1
257446,1
257449,1
257456,1
257460,1
257463,1
257473,1
257488,1
257492,1
257498,1
257501,1
257512,2
257515,1
257518,1
257525,1
257531,2
257534,1
257538,1
257552,1
257558,1
257574,1
257590,2
257600,1
257602,1
257609,1
257614,1
257618,1
257622,2
257631,1
257635,1
257637,1
257650,3
257653,1
257658,1
257666,1
257668,1
257673,2
257686,1
257705,1
257707,1
257709,1
257712,1
257716,1
257720,2
257725,1
257729,1
257732,2
257736,1
257741,1
257744,1
257749,2
257754,1
257758,2
257763,2
257767,1
257771,1
257775,2
257778,1
257780,1
257784,1
257787,1
257791,1
257805,2
257811,1
257819,2
257823,1
257846,1
257849,1
257853,1
257861,3
257865,1
257871,1
257879,1
257883,1
257896,1
257899,1
257902,1
257920,2
257923,1
257925,1
257936,1
257938,1
257940,1
257942,1
257956,1
257960,1
257971,1
257974,1
257976,1
257982,2
257986,1
257996,1
258000,1
258004,1
258012,1
258027,1
258043,2
258047,2
258053,1
258055,1
258057,1
258061,1
258066,2
258073,1
258075,1
258078,1
258083,2
258089,1
258093,1
258100,1
258108,1
258116,1
258122,1
258124,1
258127,1
258136,1
258140,1
258147,1
258149,1
258160,1
258165,1
258174,2
258179,1
258187,1
258196,1
258209,2
258214,1
258217,1
258226,1
258229,1
258233,1
258240,1
258253,1
258256,1
258259,1
258267,1
258269,1
258271,1
258284,2
258295,1
258304,2
258326,1
258331,1
258339,1
258344,1
258347,1
258353,1
258363,1
258365,1
258376,1
258383,1
258386,1
258389,1
258392,1
258403,1
258417,1
258452,1
258462,1
258465,1
258468,1
258480,1
258490,1
258493,2
258499,1
258505,1
258509,1
258518,1
258520,1
258523,1
258526,1
258528,1
258540,3
258548,1
258554,1
258557,1
258564,2
258595,1
258605,1
258610,1
258617,1
258619,1
258622,1
258627,1
258633,1
258638,1
258653,1
258657,3
258660,1
258663,1
258665,1
258672,1
258674,1
258678,2
258681,1
258684,1
258687,1
258692,1
258702,1
258705,2
258716,1
258733,2
258742,1
258746,1
258749,1
258765,1
258770,2
258772,1
258777,1
258786,1
258791,1
258801,1
258812,1
258818,1
258823,1
258828,1
258851,1
258857,1
258860,1
258867,1
258869,1
258874,1
258882,1
258893,1
258899,1
258905,1
258913,2
258917,1
258921,1
258931,1
258939,1
258942,1
258948,1
258953,1
258957,2
258966,1
258971,1
258978,1
258981,2
258987,1
258996,1
258998,1
259002,1
259008,1
259016,1
259025,2
259027,1
259031,1
259036,1
259038,1
259044,1
259049,2
259061,1
259069,2
259075,1
259077,1
259079,1
259086,1
259096,1
259100,2
259103,1
259117,1
259120,1
259125,1
259130,1
259137,1
259139,1
259157,1
259164,1
259179,2
259182,1
259190,1
259199,1
259202,1
259207,1
259209,1
259211,1
259214,1
259217,1
259222,2
259228,1
259233,1
259241,1
259248,1
259258,2
259261,1
259263,1
259265,1
259273,2
259278,1
259281,1
259288,2
259293,1
259304,1
259306,1
259309,1
259319,1
259322,1
259324,1
259329,1
259337,1
259339,1
259351,1
259366,1
259385,2
259394,1
259401,1
259404,1
259410,1
259415,2
259422,1
259425,1
259428,1
259432,1
259438,1
259441,1
259449,1
259454,1
259459,1
259464,1
259466,1
259469,1
259471,1
259479,1
259483,2
259493,1
259495,1
259501,1
259503,1
259507,1
259510,1
259513,2
259516,1
259524,1
259532,1
259535,1
259538,1
259547,2
259552,2
259564,1
259570,1
259577,1
259587,2
259594,2
259599,1
259602,1
259607,1
259611,1
259622,1
259627,1
259631,1
259647,1
259650,2
259655,1
259662,1
259665,1
259668,1
259672,1
259680,2
259688,3
259709,2
259713,1
259715,1
259724,2
259727,1
259730,1
259740,1
259746,1
259757,2
259760,2
259764,1
259771,2
259774,1
259776,1
259783,1
259795,1
259797,1
259807,2
259809,1
259826,1
259832,1
259839,1
259849,1
259856,1
259860,1
259863,1
259870,2
259874,2
259879,2
259887,1
259889,1
259895,1
259897,1
259902,1
259915,1
259937,1
259939,1
259941,1
259945,2
259961,1
259964,1
259970,1
259980,1
259995,2
260000,1
260002,1
260009,1
260013,1
260017,1
260049,1
260052,1
260059,4
260066,1
260071,1
260076,1
260083,1
260088,1
260092,1
260117,1
260121,1
260130,2
260134,1
260141,1
260146,1
260166,1
260173,2
260178,1
260185,1
260197,1
260203,1
260205,1
260207,1
260212,1
260214,1
260219,1
260226,1
260229,1
260232,1
260237,1
260244,1
260246,1
260249,1
260254,1
260261,1
260263,1
260267,2
260271,1
260282,1
260288,1
260297,1
260303,1
260309,1
260315,1
260320,1
260329,1
260334,1
260336,1
260340,1
260342,1
260349,1
260360,1
260365,1
260371,1
260375,1
260379,2
260386,1
260391,2
260393,1
260399,1
260404,2
260406,1
260412,1
260414,1
260419,1
260424,1
260428,1
260430,1
260440,1
260446,1
260449,1
260453,1
260456,2
260460,2
260465,1
260472,2
260479,1
260486,1
260488,1
260497,1
260502,1
260504,1
260518,2
260532,1
260559,1
260563,2
260565,1
260567,1
260571,1
260575,1
260579,2
260582,1
260589,1
260610,1
260616,1
260622,2
260629,1
260636,1
260646,2
260652,1
260654,1
260659,1
260661,1
260672,2
260676,2
260679,1
260683,1
260692,2
260695,1
260703,1
260705,1
260710,1
260717,2
260740,1
260745,1
260747,1
260751,2
260754,1
260756,1
260774,1
260788,1
260791,1
260794,2
260811,1
260813,1
260817,1
260823,1
260833,1
260835,1
260844,1
260847,1
260850,1
260852,1
260869,1
260873,1
260878,1
260885,1
260889,1
260899,1
260909,2
260912,1
260917,2
260919,1
260928,1
260932,2
260937,1
260944,1
260950,1
260954,1
260967,1
260970,1
260977,1
260980,2
260983,1
260986,1
260992,1
261003,2
261019,1
261029,1
261032,1
261053,1
261070,1
261082,1
261084,1
261096,2
261104,1
261119,1
261123,2
261126,1
261128,1
261139,1
261148,1
261165,1
261169,1
261172,1
261180,1
261195,2
261200,1
261212,1
261215,2
261225,1
261234,1
261238,1
261247,1
261249,1
261254,1
261259,1
261262,1
261283,1
261296,1
261301,1
261320,1
261329,1
261331,1
261335,1
261338,1
261340,1
261344,1
261346,1
261351,1
261356,2
261359,1
261365,2
261367,1
261371,2
261378,2
261383,2
261385,1
261392,1
261401,1
261410,1
261413,1
261417,1
261421,1
261424,1
261428,1
261432,2
261449,1
261452,1
261454,1
261463,2
261471,1
261480,1
261489,1
261496,1
261501,1
261505,1
261512,1
261517,1
261520,1
261524,1
261529,1
261536,2
261541,1
261545,2
261551,2
261553,1
261555,1
261565,1
261568,1
261571,2
261574,1
261580,1
261606,1
261618,1
261622,1
261624,1
261626,1
261630,1
261633,1
261641,1
261646,1
261674,1
261685,1
261689,1
261695,1
261707,1
261718,2
261736,2
261742,1
261750,1
261762,1
261764,1
261774,1
261792,1
261796,1
261798,1
261801,1
261805,1
261807,1
261820,1
261828,1
261836,1
261844,1
261848,1
261852,1
261869,1
261875,2
261889,1
261892,1
261896,1
261913,2
261922,1
261925,1
261937,1
261940,1
261943,1
261951,2
261954,1
261960,1
261969,1
261973,1
261978,1
261987,1
261989,1
262001,2
262014,2
262016,1
262029,1
262041,1
262055,2
262057,1
262067,1
262070,1
262081,1
262083,1
262086,2
262090,1
262095,1
262108,1
262138,1
262158,1
262164,1
262174,2
262177,1
262187,2
262192,1
262215,1
262222,1
262236,1
262247,1
262252,1
262259,1
262266,1
262269,1
262272,2
262275,1
262282,1
262287,1
262290,1
262295,1
262304,2
262310,1
262319,1
262329,1
262332,1
262335,1
262338,2
262342,1
262351,1
262356,1
262366,1
262375,1
262382,1
262391,1
262399,1
262402,1
262421,1
262425,1
262431,1
262441,1
262451,1
262453,1
262457,1
262461,1
262463,1
262470,2
262489,1
262500,1
262503,1
262513,1
262516,2
262527,1
262534,1
262540,2
262544,1
262548,1
262551,1
262556,1
262570,1
262575,1
262584,1
262588,1
262602,1
262612,1
262629,1
262633,1
262637,1
262658,2
262661,1
262663,1
262666,1
262674,1
262683,1
262691,1
262695,1
262703,1
262706,1
262711,1
262714,1
262723,1
262731,2
262738,1
262747,1
262751,2
262754,1
262756,1
262770,1
262774,2
262777,1
262787,1
262791,1
262794,2
262797,1
262799,1
262806,1
262817,1
262828,1
262832,2
262838,1
262848,1
262852,1
262858,1
262863,1
262871,1
262875,1
262879,1
262883,2
262888,1
262890,1
262910,2
262913,1
262923,1
262945,1
262970,2
262990,1
262996,1
263003,1
263006,1
263038,1
263052,2
263077,1
263079,1
263086,1
263089,1
263101,2
263103,1
263110,2
263114,2
263122,1
263126,1
263138,1
263148,1
263151,1
263155,2
263171,1
263174,1
263180,1
263186,1
263188,1
263194,1
263197,1
263203,1
263212,1
263214,1
263219,1
263223,1
263227,1
263236,1
263241,1
263248,2
263252,1
263260,1
263282,1
263288,1
263297,1
263299,1
263314,1
263317,1
263326,1
263329,1
263351,1
263369,2
263381,1
263398,1
263409,1
263414,1
263417,2
263430,1
263432,1
263438,1
263449,2
263452,1
263460,1
263464,2
263488,1
263491,1
263496,1
263500,1
263508,1
263519,1
263521,1
263528,1
263541,1
263544,1
263560,1
263565,3
263568,2
263573,1
263577,2
263584,1
263593,2
263595,1
263601,1
263605,1
263611,1
263618,1
263620,1
263625,1
263629,1
263633,1
263637,1
263651,1
263658,1
263672,1
263674,1
263677,1
263687,1
263696,1
263700,1
263713,1
263721,1
263723,1
263736,1
263744,1
263748,1
263752,1
263754,1
263756,1
263762,1
263765,2
263777,1
263782,1
263795,1
263809,2
263812,1
263820,2
263841,1
263853,1
263856,1
263861,2
263863,1
263865,1
263868,1
263877,1
263889,1
263901,1
263918,2
263942,1
263945,1
263948,1
263953,1
263959,1
263974,1
263988,1
263992,2
264001,1
264006,1
264008,1
264012,1
264017,1
264022,1
264027,1
264038,1
264042,1
264044,1
264048,1
264053,1
264055,1
264059,1
264062,1
264066,1
264071,1
264075,1
264083,2
264106,1
264114,1
264117,1
264121,1
264128,2
264132,1
264136,1
264140,1
264145,1
264148,2
264169,1
264172,1
264176,1
264178,1
264186,1
264193,1
264197,2
264200,1
264208,1
264213,1
264216,1
264226,2
264232,1
264258,1
264261,1
264271,1
264273,1
264275,1
264304,1
264308,1
264315,2
264322,1
264325,2
264337,2
264341,1
264344,2
264352,1
264358,2
264361,1
264364,1
264383,1
264387,1
264393,2
264399,1
264407,1
264409,1
264418,1
264426,2
264442,2
264452,1
264465,1
264473,2
264476,1
264483,1
264485,1
264488,1
264505,1
264516,1
264523,2
264531,1
264535,1
264543,1
264553,1
264556,1
264564,2
264576,2
264578,1
264582,1
264587,1
264593,1
264595,1
264600,2
264608,1
264610,1
264613,1
264618,1
264623,1
264625,1
264631,1
264638,1
264648,2
264650,1
264661,1
264665,2
264668,1
264671,2
264674,1
264678,1
264685,1
264688,1
264692,2
264695,1
264698,1
264703,1
264725,2
264728,1
264735,2
264753,1
264764,1
264767,1
264775,1
264785,1
264791,1
264795,1
264816,1
264826,2
264828,1
264836,1
264848,2
264856,2
264859,2
264864,2
264869,1
264885,1
264893,1
264896,1
264901,1
264908,1
264915,1
264926,1
264930,1
264932,1
264938,1
264944,2
264957,1
264960,1
264965,1
264972,1
264974,1
264976,1
264980,2
264983,1
264992,1
265007,1
265011,1
265016,1
265044,1
265046,1
265056,1
265070,1
265076,2
265079,1
265085,1
265088,1
265093,1
265104,1
265111,1
265117,1
265119,1
265124,1
265148,1
265159,1
265163,1
265174,1
265179,1
265185,1
265189,2
265203,1
265207,1
265210,1
265213,1
265224,1
265227,1
265231,1
265237,1
265244,1
265249,1
265259,1
265269,2
265278,1
265284,1
265287,1
265301,1
265304,1
265308,2
265311,1
265318,1
265325,1
265329,1
265333,2
265336,1
265338,1
265343,1
265346,1
265361,1
265363,1
265365,1
265382,1
265387,1
265400,2
265404,1
265407,2
265414,2
265424,1
265438,2
265447,1
265452,1
265457,2
265467,2
265473,1
265478,1
265486,2
265495,1
265504,1
265507,1
265510,1
265518,2
265522,1
265524,1
265529,1
265538,2
265553,2
265556,2
265563,1
265569,1
265574,1
265578,1
265583,2
265586,1
265590,2
265602,1
265625,1
265629,1
265632,2
265634,1
265650,1
265661,1
265678,1
265682,1
265685,1
265689,2
265691,1
265707,1
265711,2
265714,1
265717,1
265726,1
265728,1
265732,1
265740,1
265751,1
265754,1
265759,1
265764,2
265771,2
265789,1
265793,1
265797,1
265808,1
265814,1
265817,1
265820,1
265823,2
265829,1
265831,1
265839,2
265845,2
265848,1
265850,1
265855,1
265858,1
265863,1
265865,1
265878,2
265897,1
265899,1
265902,1
265914,1
265919,1
265922,1
265927,1
265932,1
265936,1
265939,1
265945,1
265947,1
265950,1
265966,1
265971,2
265980,1
265990,2
265993,1
265998,2
266000,1
266002,1
266022,1
266026,1
266045,1
266055,1
266057,1
266067,1
266072,1
266089,1
266099,2
266103,1
266105,1
266108,2
266113,1
266117,1
266122,1
266131,1
266136,1
266146,1
266150,1
266165,1
266170,1
266181,1
266183,1
266189,1
266192,1
266195,2
266203,1
266205,1
266209,1
266211,1
266218,1
266225,1
266229,2
266232,1
266234,1
266240,1
266249,2
266255,1
266258,2
266263,1
266266,1
266270,1
266276,1
266280,2
266286,1
266290,2
266296,1
266300,1
266303,2
266311,1
266313,1
266332,2
266344,1
266348,1
266352,2
266359,1
266362,1
266369,1
266377,2
266388,1
266394,1
266396,1
266402,1
266405,1
266423,1
266437,1
266439,1
266445,1
266454,1
266459,1
266463,1
266471,1
266495,2
266502,1
266507,1
266519,2
266529,1
266539,1
266544,1
266555,2
266559,2
266569,1
266577,1
266581,1
266588,1
266591,1
266605,1
266609,1
266613,2
266622,1
266627,1
266634,1
266640,1
266649,1
266657,1
266678,1
266681,1
266684,1
266689,1
266693,2
266696,1
266699,1
266707,2
266726,2
266732,1
266737,1
266752,1
266758,1
266765,1
266768,1
266770,1
266779,1
266784,1
266792,1
266801,1
266806,1
266810,2
266824,1
266826,1
266831,1
266833,1
266838,2
266843,1
266852,2
266862,1
266865,1
266875,1
266879,2
266893,2
266899,1
266906,1
266908,1
266916,2
266923,1
266927,1
266932,2
266934,1
266938,1
266950,1
266957,2
266964,1
266967,1
266970,2
266977,1
266981,1
266990,1
266993,1
266997,1
267004,1
267013,1
267023,2
267026,1
267035,1
267042,1
267052,1
267055,1
267058,1
267067,1
267077,1
267081,1
267083,1
267087,1
267090,1
267094,2
267097,1
267102,2
267105,1
267109,1
267113,1
267120,1
267123,2
267129,1
267133,1
267136,1
267146,1
267150,1
267155,1
267160,1
267163,1
267174,1
267189,1
267192,1
267211,1
267213,1
267218,1
267221,1
267223,1
267231,2
267237,1
267242,1
267258,1
267262,1
267269,1
267272,2
267275,2
267278,1
267289,1
267294,1
267302,2
267309,1
267313,1
267326,1
267330,1
267336,1
267338,1
267346,1
267350,1
267354,1
267361,1
267368,1
267376,1
267383,1
267386,2
267390,1
267392,1
267397,1
267407,1
267419,1
267426,1
267434,1
267436,1
267444,1
267447,1
267452,1
267457,2
267472,1
267479,1
267482,1
267487,1
267512,1
267519,1
267524,1
267528,1
267532,1
267535,1
267538,1
267546,1
267555,1
267558,1
267562,1
267567,2
267570,1
267573,1
267579,1
267582,1
267589,1
267593,1
267600,2
267602,1
267606,1
267617,1
267620,1
267624,1
267637,1
267639,1
267643,1
267647,1
267653,1
267661,1
267665,2
267672,1
267677,2
267683,1
267688,1
267692,1
267697,1
267702,1
267711,2
267717,1
267723,1
267727,1
267729,1
267738,1
267742,1
267744,1
267759,2
267765,1
267779,1
267783,1
267795,1
267810,1
267814,1
267817,1
267833,1
267836,2
267842,1
267844,1
267849,1
267855,1
267860,1
267863,2
267872,1
267874,1
267877,1
267884,1
267894,1
267904,2
267907,1
267916,2
267924,1
267929,2
267937,1
267939,1
267957,1
267972,1
267975,1
267985,4
267998,2
268008,2
268012,1
268014,1
268030,2
268038,1
268051,1
268053,1
268062,2
268067,2
268079,1
268082,1
268087,1
268092,1
268095,1
268097,1
268107,1
268117,2
268121,1
268125,1
268128,1
268146,2
268148,1
268150,1
268153,1
268158,1
268166,1
268173,1
268191,1
268196,1
268202,1
268206,1
268223,1
268225,1
268238,1
268253,1
268266,1
268271,1
268287,1
268295,1
268299,1
268302,2
268326,1
268328,1
268333,1
268337,2
268343,2
268349,1
268352,1
268355,1
268362,1
268369,1
268382,1
268390,1
268402,1
268405,1
268407,1
268413,1
268415,1
268420,1
268433,2
268438,1
268463,1
268470,2
268484,1
268514,1
268518,2
268523,2
268537,1
268541,1
268544,1
268549,1
268556,1
268558,1
268561,1
268563,1
268569,2
268572,2
268577,1
268581,1
268585,1
268587,1
268602,1
268605,1
268611,1
268616,1
268619,1
268621,1
268634,1
268641,1
268644,1
268647,1
268652,1
268654,1
268661,2
268666,1
268670,1
268680,1
268682,1
268685,2
268694,1
268697,1
268701,1
268707,1
268716,1
268720,1
268723,1
268725,1
268733,1
268738,1
268742,1
268748,1
268764,1
268768,2
268772,1
268783,1
268786,2
268789,1
268803,2
268811,1
268813,1
268821,1
268824,1
268829,1
268832,1
268834,1
268838,1
268840,1
268844,2
268847,1
268849,1
268853,1
268858,1
268864,1
268868,3
268878,1
268888,1
268902,1
268907,1
268909,1
268930,1
268934,1
268945,1
268948,2
268952,1
268963,1
268968,1
268976,1
268980,1
268983,1
268986,2
268998,1
269003,1
269010,1
269014,1
269023,1
269026,1
269032,1
269035,1
269038,1
269043,1
269049,1
269051,1
269069,1
269072,1
269077,1
269081,1
269083,1
269089,1
269092,1
269095,2
269103,1
269105,1
269109,2
269112,1
269127,2
269129,1
269132,1
269140,1
269149,1
269171,1
269176,1
269184,1
269187,1
269192,1
269196,2
269200,1
269212,1
269220,1
269223,2
269240,1
269260,1
269265,1
269267,1
269271,1
269276,1
269279,1
269286,1
269292,1
269300,1
269303,1
269308,1
269316,1
269328,1
269331,1
269335,1
269337,1
269341,1
269352,1
269356,2
269361,1
269367,1
269374,2
269383,1
269386,1
269392,1
269398,2
269401,1
269403,1
269408,1
269410,1
269415,1
269418,2
269423,2
269427,1
269437,1
269445,1
269454,1
269460,1
269465,1
269472,1
269493,1
269500,1
269504,1
269523,1
269527,2
269535,1
269547,1
269554,1
269559,1
269562,2
269574,1
269580,1
269596,1
269599,1
269610,1
269617,1
269624,2
269626,1
269631,2
269644,1
269647,1
269649,1
269651,1
269659,1
269664,1
269667,1
269670,1
269673,1
269675,1
269678,1
269685,2
269688,2
269693,2
269698,2
269700,1
269705,2
269710,1
269714,2
269738,1
269744,2
269752,1
269766,1
269768,1
269772,2
269777,2
269780,2
269785,1
269794,2
269808,1
269812,1
269816,2
269818,1
269823,2
269834,1
269845,1
269860,1
269870,1
269884,1
269887,1
269889,1
269895,2
269897,1
269914,1
269921,1
269924,1
269926,1
269929,1
269936,1
269939,1
269943,1
269948,2
269951,2
269954,1
269961,1
269963,1
269965,1
269976,1
269982,2
269985,1
269990,1
269994,1
269998,1
270007,1
270009,1
270014,1
270016,1
270021,1
270026,1
270034,2
270044,2
270057,2
270082,1
270094,1
270108,1
270119,2
270127,1
270133,1
270139,1
270168,2
270173,1
270181,1
270189,2
270191,1
270195,1
270200,1
270205,1
270209,1
270218,1
270225,1
270230,4
270235,1
270240,1
270259,1
270262,2
270270,1
270278,1
270301,1
270306,1
270312,1
270316,1
270319,2
270326,1
270328,1
270345,1
270352,2
270364,1
270367,1
270378,2
270380,1
270393,1
270397,1
270402,1
270415,1
270420,1
270425,1
270428,1
270437,1
270441,2
270451,2
270459,1
270463,1
270466,1
270470,1
270477,1
270485,1
270490,2
270492,1
270498,1
270506,1
270511,2
270519,1
270522,1
270540,1
270543,1
270546,1
270548,1
270557,1
270564,1
270570,1
270572,1
270577,1
270579,1
270582,2
270587,2
270590,1
270594,1
270602,1
270604,1
270607,1
270613,1
270622,2
270625,1
270632,1
270635,1
270638,1
270640,1
270644,1
270648,2
270651,1
270656,1
270665,1
270667,1
270672,1
270680,1
270693,2
270698,1
270708,1
270714,1
270725,1
270727,1
270731,1
270734,2
270747,1
270749,1
270760,1
270772,1
270784,1
270787,1
270795,1
270802,1
270805,1
270814,1
270816,1
270838,1
270843,1
270851,2
270856,1
270861,1
270868,2
270874,1
270880,1
270891,1
270898,2
270900,1
270907,1
270920,1
270922,1
270927,1
270936,1
270950,1
270956,1
270967,1
270992,1
270997,2
271005,1
271013,2
271024,1
271028,1
271033,1
271037,1
271040,1
271047,1
271055,1
271062,1
271070,1
271075,2
271080,4
271083,1
271094,3
271100,1
271102,1
271108,1
271110,1
271116,1
271118,1
271128,1
271140,1
271151,1
271161,1
271173,1
271176,1
271180,1
271186,1
271190,1
271196,1
271201,2
271204,1
271209,1
271212,1
271221,1
271224,1
271233,1
271241,1
271249,1
271263,1
271266,1
271269,1
271273,1
271285,1
271293,1
271298,2
271308,1
271313,1
271316,1
271322,2
271324,1
271328,2
271334,2
271340,2
271344,1
271354,2
271356,1
271358,1
271363,2
271367,1
271370,1
271380,2
271382,1
271387,1
271392,1
271407,3
271417,2
271419,1
271431,2
271434,1
271437,1
271453,1
271461,1
271467,1
271479,1
271482,2
271488,1
271494,1
271500,1
271508,2
271524,1
271535,1
271541,1
271544,1
271550,1
271558,1
271560,1
271565,1
271570,2
271579,1
271586,1
271590,1
271599,1
271604,2
271606,1
271618,1
271624,1
271628,1
271633,1
271640,1
271643,1
271647,2
271650,1
271653,1
271665,1
271681,1
271684,2
271689,1
271692,2
271695,1
271701,1
271703,1
271708,2
271717,2
271721,2
271723,1
271734,2
271739,1
271743,1
271754,1
271766,1
271769,1
271775,1
271778,2
271794,1
271804,4
271813,2
271816,1
271826,1
271844,2
271851,1
271854,1
271858,1
271877,1
271879,1
271887,1
271889,1
271895,1
271934,1
271947,1
271955,1
271965,2
271973,1
271982,1
271988,1
271993,1
271996,1
272002,1
272008,1
272012,1
272015,1
272020,1
272022,1
272031,3
272041,2
272047,2
272052,2
272058,1
272060,1
272068,1
272070,1
272075,1
272079,1
272085,1
272089,1
272105,1
272113,2
272117,1
272121,1
272126,2
272129,1
272132,1
272139,1
272142,1
272157,1
272163,1
272176,1
272186,3
272196,2
272201,1
272207,1
272213,1
272216,1
272223,1
272230,1
272235,1
272262,1
272267,1
272278,2
272282,1
272287,2
272290,1
272293,1
272312,1
272318,1
272322,1
272330,1
272334,1
272338,2
272348,1
272351,1
272357,1
272364,2
272366,1
272370,1
272372,1
272377,2
272388,1
272392,1
272397,1
272399,1
272414,1
272418,1
272424,1
272448,1
272455,1
272461,1
272485,1
272490,1
272496,2
272504,1
272506,1
272514,2
272522,1
272531,2
272543,2
272548,1
272563,1
272568,1
272574,1
272581,1
272583,1
272586,2
272598,1
272601,1
272604,1
272612,1
272618,1
272620,1
272622,1
272628,1
272632,1
272634,1
272638,1
272645,1
272647,1
272668,1
272674,1
272678,1
272681,2
272696,1
272701,1
272710,1
272716,1
272725,2
272734,1
272742,2
272744,1
272747,1
272753,1
272759,1
272766,1
272771,1
272777,1
272780,1
272786,1
272789,1
272803,1
272810,1
272814,1
272816,1
272820,1
272834,2
272836,1
272839,1
272852,1
272858,1
272860,1
272872,1
272878,1
272883,4
272887,2
272890,1
272893,2
272907,1
272909,1
272914,1
272917,1
272920,1
272923,1
272926,2
272931,2
272938,1
272943,1
272949,1
272955,1
272959,1
272979,1
272988,2
272996,1
272999,2
273002,1
273006,2
273008,1
273013,2
273018,1
273027,1
273029,1
273038,2
273046,1
273053,1
273067,1
273072,1
273075,1
273077,1
273083,1
273086,1
273090,1
273096,2
273113,2
273116,2
273123,2
273128,1
273149,2
273154,1
273161,1
273170,1
273183,1
273191,2
273197,1
273215,1
273219,1
273226,1
273228,1
273240,1
273242,1
273249,2
273254,2
273257,1
273263,1
273267,1
273274,1
273288,1
273297,1
273302,1
273322,2
273325,1
273328,1
273332,1
273343,1
273369,1
273387,1
273397,1
273401,1
273412,1
273417,1
273432,1
273442,1
273453,1
273458,1
273461,1
273464,1
273467,2
273485,1
273495,2
273498,1
273507,1
273516,1
273521,1
273526,1
273530,2
273533,2
273538,1
273543,1
273549,1
273554,1
273556,1
273563,2
273573,1
273579,2
273587,1
273598,1
273606,1
273609,1
273616,1
273618,1
273624,1
273632,1
273635,1
273652,1
273655,1
273659,1
273663,1
273684,1
273687,1
273689,1
273692,1
273695,1
273698,1
273705,1
273707,1
273719,1
273733,2
273739,2
273751,1
273757,1
273763,1
273765,1
273790,1
273792,1
273803,1
273806,1
273810,2
273813,1
273816,1
273819,1
273821,1
273825,1
273832,1
273834,1
273843,1
273868,2
273877,2
273881,2
273884,1
273887,1
273893,1
273896,1
273899,1
273902,2
273912,1
273916,1
273919,1
273925,1
273932,1
273937,1
273942,2
273948,1
273953,1
273964,1
273970,2
273976,1
273992,1
273995,1
273997,1
274003,1
274010,1
274017,1
274022,1
274029,1
274031,1
274036,2
274043,2
274050,1
274067,1
274075,1
274093,2
274096,1
274100,1
274103,1
274108,1
274119,1
274150,1
274161,1
274164,1
274167,2
274172,1
274180,1
274185,2
274194,1
274200,1
274209,1
274215,1
274220,1
274232,1
274240,1
274249,1
274252,1
274258,1
274273,2
274279,1
274282,1
274296,1
274298,1
274303,1
274312,1
274318,1
274327,1
274330,1
274333,1
274352,3
274366,2
274376,2
274379,1
274383,1
274386,1
274391,2
274397,1
274401,1
274407,2
274418,1
274426,1
274445,1
274450,1
274456,1
274458,1
274461,1
274475,1
274481,1
274497,1
274500,1
274508,1
274512,1
274523,1
274531,1
274538,1
274544,1
274548,1
274551,2
274554,1
274558,1
274560,1
274562,1
274564,1
274569,1
274577,2
274581,1
274585,1
274592,1
274596,1
274605,1
274611,1
274615,2
274623,1
274625,1
274629,1
274634,2
274637,1
274642,1
274644,1
274662,1
274670,2
274674,1
274683,1
274694,1
274696,1
274701,1
274705,1
274710,1
274717,1
274737,1
274744,1
274759,1
274772,2
274776,1
274778,1
274787,1
274797,1
274807,1
274812,1
274817,1
274822,1
274827,2
274830,2
274835,1
274838,1
274847,1
274850,1
274859,1
274861,1
274865,1
274871,1
274876,1
274883,2
274889,1
274896,1
274916,1
274923,1
274958,1
274964,1
274966,1
274969,1
274972,1
274978,1
274991,2
274999,1
275005,1
275009,2
275012,2
275019,1
275023,1
275029,1
275033,1
275040,1
275046,1
275058,1
275065,1
275079,2
275083,2
275087,2
275090,1
275092,1
275095,1
275101,1
275105,1
275108,1
275114,1
275117,1
275121,2
275137,2
275140,1
275151,1
275159,1
275174,1
275177,2
275194,1
275198,1
275201,1
275221,1
275225,1
275230,2
275239,1
275242,1
275272,1
275275,1
275277,1
275284,1
275291,1
275296,1
275301,1
275303,1
275305,1
275307,1
275313,1
275321,1
275324,1
275328,1
275347,1
275354,2
275357,1
275359,1
275369,2
275372,2
275378,1
275391,2
275393,1
275402,1
275405,2
275408,1
275410,1
275415,2
275423,1
275434,1
275438,1
275441,2
275444,1
275446,1
275450,1
275452,1
275462,2
275466,1
275469,1
275472,1
275487,1
275490,1
275496,1
275502,1
275505,1
275509,1
275513,1
275518,1
275522,2
275526,1
275534,1
275544,1
275557,1
275562,1
275569,1
275571,1
275573,1
275584,2
275592,1
275597,1
275602,1
275614,1
275617,1
275623,2
275625,1
275630,2
275632,1
275665,1
275667,1
275672,1
275693,1
275699,1
275708,2
275715,1
275718,1
275726,1
275729,1
275735,1
275757,3
275772,2
275774,1
275776,1
275797,2
275812,2
275828,1
275836,1
275839,1
275844,1
275850,1
275860,1
275868,1
275871,1
275887,2
275892,1
275898,1
275910,1
275914,2
275918,1
275927,1
275930,1
275939,2
275942,1
275947,1
275954,2
275958,1
275963,1
275971,1
275976,1
275978,1
275985,1
275989,1
276003,2
276006,2
276012,1
276021,1
276036,1
276039,2
276047,1
276050,1
276062,1
276066,1
276073,1
276080,1
276093,1
276096,1
276107,1
276114,1
276117,1
276128,1
276131,1
276135,1
276154,1
276160,1
276167,1
276170,1
276179,1
276190,1
276194,1
276197,1
276204,2
276212,1
276219,1
276233,2
276241,1
276243,1
276246,1
276251,2
276259,1
276263,1
276275,1
276284,3
276286,1
276295,1
276297,1
276314,1
276318,1
276325,1
276331,1
276333,1
276337,1
276353,2
276356,1
276365,1
276371,2
276378,1
276381,1
276384,1
276401,1
276408,1
276412,1
276420,1
276423,1
276426,1
276439,2
276443,1
276455,1
276458,1
276462,1
276467,1
276469,1
276480,1
276484,1
276487,1
276492,1
276504,1
276507,2
276513,2
276515,1
276517,1
276520,1
276528,1
276530,1
276567,1
276584,1
276599,1
276602,2
276612,1
276618,1
276627,1
276632,1
276636,2
276639,1
276652,1
276658,2
276666,1
276669,1
276674,1
276691,1
276695,3
276698,1
276705,2
276708,1
276716,2
276727,1
276755,1
276757,1
276763,1
276769,1
276772,1
276776,1
276792,1
276795,1
276798,2
276805,1
276818,1
276828,1
276835,1
276851,1
276859,2
276868,1
276873,1
276889,1
276891,1
276896,1
276900,1
276907,1
276915,1
276918,1
276921,1
276929,1
276932,1
276942,4
276948,1
276952,1
276959,1
276967,1
276969,1
276972,1
276975,1
276977,1
276988,2
276992,1
276999,1
277010,2
277034,2
277037,1
277040,2
277047,1
277053,1
277056,1
277059,1
277067,1
277073,2
277077,1
277080,1
277088,1
277093,1
277108,1
277116,1
277125,2
277129,2
277133,1
277136,2
277140,2
277146,1
277149,1
277152,2
277158,1
277162,1
277166,1
277169,1
277175,1
277180,2
277187,2
277189,1
277200,1
277204,1
277210,1
277214,1
277217,1
277225,1
277233,1
277246,1
277250,1
277260,1
277264,1
277275,1
277294,1
277300,1
277312,1
277317,1
277324,1
277330,1
277334,1
277358,1
277360,1
277365,2
277375,1
277380,2
277383,2
277390,2
277394,2
277400,1
277404,1
277410,1
277414,1
277433,1
277437,1
277441,1
277463,1
277468,1
277471,1
277475,2
277478,1
277482,2
277490,1
277497,1
277502,1
277507,1
277520,1
277526,1
277530,1
277538,1
277540,1
277544,1
277547,1
277552,1
277555,1
277557,1
277561,2
277571,1
277578,1
277586,1
277588,1
277593,2
277596,1
277600,1
277608,1
277614,1
277618,1
277635,1
277638,1
277642,1
277653,1
277657,1
277663,2
277667,1
277677,1
277682,1
277685,1
277688,2
277695,1
277700,1
277707,1
277718,1
277734,1
277739,2
277742,1
277744,1
277753,1
277757,2
277763,1
277766,1
277779,2
277785,1
277795,1
277805,1
277808,1
277811,1
277813,1
277823,1
277832,1
277838,1
277840,1
277842,1
277849,1
277855,1
277858,1
277862,1
277881,1
277891,1
277898,1
277902,3
277925,1
277932,1
277934,1
277939,1
277950,1
277957,1
277959,1
277962,1
277966,1
277980,1
277987,1
277989,1
277991,1
277994,1
277998,1
278011,1
278014,2
278022,1
278025,1
278031,1
278036,1
278060,1
278062,1
278083,1
278086,1
278094,1
278101,1
278104,1
278120,1
278126,2
278129,1
278138,1
278145,1
278172,1
278174,1
278182,1
278186,1
278191,2
278197,1
278215,1
278232,1
278240,1
278244,1
278249,2
278254,1
278261,2
278268,1
278272,1
278276,2
278279,1
278281,1
278288,1
278290,1
278297,1
278311,3
278315,1
278318,1
278322,1
278324,1
278328,1
278331,1
278336,1
278338,1
278344,1
278347,1
278349,1
278352,2
278359,2
278368,2
278372,1
278380,1
278391,1
278399,1
278404,1
278410,1
278416,2
278423,1
278429,1
278437,1
278460,1
278467,1
278472,1
278479,1
278485,1
278500,2
278509,1
278520,2
278526,2
278534,1
278538,1
278549,1
278554,1
278561,1
278564,2
278567,1
278580,1
278582,1
278588,1
278591,1
278594,2
278600,1
278622,1
278635,1
278645,1
278668,1
278683,1
278686,1
278691,1
278694,1
278701,1
278703,1
278712,1
278721,1
278730,1
278742,1
278746,1
278750,1
278753,1
278760,2
278766,1
278783,2
278786,1
278791,1
278795,1
278799,2
278813,1
278815,1
278818,1
278825,1
278831,1
278834,1
278836,1
278845,1
278850,1
278881,1
278889,1
278891,1
278901,1
278909,1
278923,1
278932,2
278936,1
278940,1
278944,1
278947,1
278953,2
278960,1
278971,1
278982,1
278991,1
279015,1
279020,1
279022,1
279025,1
279027,1
279034,2
279042,1
279051,2
279053,1
279058,1
279078,1
279102,1
279105,1
279109,1
279135,1
279141,1
279145,1
279153,1
279158,2
279163,1
279172,1
279180,1
279185,1
279196,1
279199,1
279207,2
279212,1
279214,1
279225,1
279234,1
279237,1
279241,1
279255,1
279258,1
279285,1
279287,1
279300,1
279304,1
279308,2
279312,1
279317,1
279320,1
279332,1
279336,1
279343,1
279345,1
279349,1
279352,1
279354,1
279362,1
279369,1
279373,1
279379,1
279381,1
279389,1
279392,2
279409,1
279416,1
279420,1
279424,1
279436,1
279440,2
279449,2
279453,1
279457,2
279489,2
279499,1
279503,3
279514,1
279516,1
279519,1
279526,1
279529,1
279531,1
279534,1
279538,1
279541,1
279549,1
279559,1
279563,2
279568,1
279577,1
279590,1
279595,1
279599,2
279609,1
279612,1
279623,1
279626,1
279628,1
279633,1
279642,1
279667,1
279673,2
279676,1
279683,1
279701,1
279708,2
279711,2
279716,1
279723,1
279733,1
279736,1
279740,2
279765,1
279772,1
279774,1
279796,1
279799,1
279806,1
279808,1
279822,1
279826,2
279831,1
279835,2
279840,1
279844,1
279853,1
279858,1
279873,1
279875,1
279881,1
279890,1
279895,1
279898,1
279901,1
279906,1
279909,1
279912,1
279917,1
279922,1
279927,1
279936,2
279941,2
279948,1
279954,1
279959,1
279968,1
279986,1
279994,1
280000,1
280006,1
280010,2
280013,1
280015,1
280018,1
280022,1
280025,1
280030,1
280033,1
280046,1
280048,1
280052,1
280064,1
280069,2
280074,1
280082,2
280096,1
280101,1
280110,2
280123,1
280128,2
280130,1
280143,1
280149,1
280152,1
280155,1
280162,1
280167,1
280175,2
280180,2
280182,1
280188,1
280194,1
280203,1
280205,1
280213,1
280235,1
280239,1
280244,1
280250,1
280262,1
280267,1
280273,1
280279,2
280287,1
280295,1
280307,2
280321,1
280327,1
280334,1
280345,1
280347,1
280351,2
280354,1
280367,1
280383,1
280387,1
280418,1
280421,1
280442,1
280452,1
280458,1
280491,1
280502,1
280509,1
280516,3
280543,1
280546,1
280550,2
280557,1
280560,1
280567,2
280572,1
280585,2
280588,1
280590,1
280597,1
280600,1
280606,1
280616,1
280621,1
280629,1
280632,1
280636,1
280638,1
280646,1
280654,1
280658,1
280670,1
280674,1
280690,1
280696,1
280700,2
280703,1
280720,2
280725,1
280747,2
280749,1
280760,1
280764,1
280766,1
280769,2
280772,2
280774,1
280779,2
280781,1
280785,1
280792,1
280798,1
280800,1
280804,1
280808,1
280813,2
280816,2
280821,1
280846,2
280857,1
280859,1
280871,1
280873,1
280876,1
280879,1
280889,3
280896,1
280908,2
280912,2
280917,1
280923,1
280927,1
280939,2
280947,1
280953,1
280960,1
280964,1
280970,2
280973,1
280976,1
280980,1
280987,2
280991,2
281014,1
281024,1
281031,1
281041,1
281047,1
281051,1
281064,1
281067,1
281069,1
281074,1
281084,1
281096,2
281100,1
281102,1
281111,2
281120,1
281123,1
281127,1
281132,2
281134,1
281137,1
281140,1
281144,2
281147,1
281155,1
281160,1
281168,1
281185,2
281194,1
281198,1
281200,1
281208,1
281210,1
281223,1
281226,1
281235,1
281240,1
281245,2
281252,1
281265,1
281269,1
281272,2
281276,1
281280,1
281290,1
281300,2
281304,2
281311,1
281321,1
281327,1
281333,1
281338,1
281341,1
281348,1
281352,2
281355,1
281368,1
281372,1
281381,1
281383,1
281386,1
281399,1
281410,1
281427,1
281442,1
281448,1
281452,1
281454,1
281457,1
281464,2
281466,1
281470,1
281475,1
281477,1
281517,1
281521,2
281555,1
281564,1
281568,1
281571,1
281578,1
281587,2
281608,2
281615,1
281624,2
281630,1
281634,1
281641,2
281643,1
281649,1
281654,1
281659,1
281668,1
281679,2
281694,1
281698,2
281706,1
281712,1
281718,1
281720,1
281723,1
281726,2
281736,2
281755,1
281763,2
281780,2
281797,2
281801,1
281807,1
281810,2
281827,1
281832,1
281840,1
281845,1
281847,1
281850,1
281861,1
281875,1
281879,1
281887,1
281907,1
281913,1
281915,1
281919,1
281924,1
281936,1
281941,1
281945,1
281958,1
281964,1
281968,1
281975,1
281982,1
281987,2
281993,1
282002,2
282014,1
282021,1
282024,2
282029,1
282033,2
282037,1
282048,1
282056,1
282063,1
282066,1
282070,1
282083,1
282092,1
282095,1
282105,1
282108,1
282116,2
282121,1
282127,1
282131,1
282136,1
282152,2
282157,1
282160,2
282169,1
282187,1
282189,1
282193,1
282198,1
282202,1
282207,1
282209,1
282213,1
282216,1
282224,1
282235,1
282239,1
282243,1
282247,1
282252,1
282256,1
282259,1
282264,1
282270,1
282279,1
282291,1
282294,1
282298,1
282301,1
282310,1
282314,1
282318,2
282321,1
282324,1
282334,1
282338,1
282342,2
282345,1
282351,1
282354,2
282357,1
282366,1
282370,1
282377,1
282382,1
282404,1
282409,1
282412,1
282416,1
282419,1
282427,1
282430,2
282433,1
282435,1
282441,1
282450,1
282459,1
282472,3
282478,1
282481,1
282489,1
282493,1
282499,1
282502,2
282517,2
282524,1
282527,2
282531,1
282537,1
282543,1
282563,1
282570,1
282574,1
282590,2
282595,1
282614,1
282626,1
282628,1
282635,1
282638,1
282642,1
282653,1
282656,1
282658,1
282688,1
282692,1
282698,1
282704,1
282706,1
282714,1
282720,2
282723,2
282728,1
282734,1
282747,1
282757,1
282766,2
282770,1
282775,1
282780,2
282782,1
282802,1
282806,1
282808,1
282811,1
282816,1
282822,1
282824,1
282827,2
282839,1
282842,2
282849,1
282858,1
282873,2
282879,1
282881,1
282886,1
282892,1
282899,2
282907,1
282912,1
282921,2
282929,1
282932,1
282935,1
282937,1
282942,1
282949,2
282958,1
282962,1
282967,2
282973,1
282976,1
282982,1
282984,1
282988,1
282991,2
282996,1
282998,1
283021,1
283024,1
283027,1
283033,2
283046,1
283051,1
283063,2
283076,1
283078,1
283084,1
283089,1
283101,1
283111,1
283125,1
283142,1
283151,1
283165,1
283167,1
283190,2
283195,1
283200,2
283204,1
283211,2
283214,1
283217,1
283238,1
283245,1
283264,1
283268,1
283274,1
283276,1
283280,1
283286,1
283291,1
283293,1
283298,2
283306,1
283309,1
283313,1
283317,1
283321,1
283327,1
283330,2
283334,1
283341,1
283350,1
283357,1
283360,1
283369,2
283383,1
283387,1
283398,1
283401,1
283406,1
283417,1
283420,1
283431,1
283438,1
283445,1
283449,1
283456,1
283459,1
283467,1
283470,1
283479,1
283493,2
283497,2
283510,2
283514,2
283518,1
283523,1
283534,1
283536,1
283541,1
283543,1
283548,1
283553,1
283562,1
283564,1
283567,1
283570,1
283573,2
283577,2
283581,1
283584,2
283587,1
283591,1
283596,1
283601,1
283604,1
283612,2
283616,1
283618,1
283626,1
283633,1
283636,1
283638,1
283651,2
283663,1
283667,2
283677,1
283684,1
283688,1
283697,2
283705,1
283717,1
283719,1
283721,1
283730,1
283733,1
283737,1
283745,2
283753,1
283755,1
283768,2
283770,1
283783,1
283800,2
283802,1
283809,1
283823,1
283825,1
283827,1
283845,1
283853,2
283859,2
283863,1
283882,1
283885,1
283887,1
283892,1
283906,1
283908,1
283914,1
283917,1
283924,1
283929,2
283940,1
283942,1
283947,1
283951,1
283953,1
283958,1
283966,1
283970,1
283976,1
283979,1
283984,1
283989,1
283996,1
283998,1
284009,2
284011,1
284014,2
284020,1
284024,1
284033,2
284042,1
284050,2
284072,1
284082,1
284085,2
284099,1
284115,2
284129,1
284132,2
284143,1
284147,1
284155,1
284160,1
284174,1
284189,1
284194,1
284196,1
284212,1
284232,2
284235,1
284240,2
284252,1
284256,1
284264,1
284285,1
284290,1
284295,1
284318,2
284326,1
284332,2
284336,1
284342,1
284344,1
284350,1
284371,1
284382,1
284394,1
284396,1
284399,1
284402,1
284411,1
284413,1
284416,2
284431,1
284433,1
284437,1
284446,1
284453,2
284459,1
284469,1
284482,2
284484,1
284491,1
284494,2
284496,1
284499,1
284501,1
284512,1
284518,1
284521,1
284531,1
284535,1
284539,1
284542,1
284551,1
284567,1
284573,1
284580,1
284599,1
284614,1
284620,1
284627,1
284630,1
284638,1
284641,1
284645,1
284653,1
284658,1
284663,1
284666,1
284672,1
284675,2
284679,1
284681,1
284683,1
284689,1
284692,1
284695,1
284700,1
284704,1
284708,1
284713,1
284721,1
284723,1
284728,1
284731,1
284738,1
284741,1
284755,1
284759,1
284762,1
284765,1
284779,2
284781,1
284795,1
284799,2
284802,2
284809,2
284812,1
284815,2
284818,1
284835,2
284842,1
284846,1
284865,2
284870,2
284875,1
284880,2
284883,2
284888,1
284897,2
284910,1
284915,2
284918,1
284927,3
284931,1
284949,2
284957,1
284963,1
284967,1
284970,1
284977,1
284984,1
284993,1
284996,1
285005,2
285008,1
285019,1
285032,1
285041,2
285043,1
285053,1
285056,2
285064,2
285068,1
285084,1
285098,3
285102,2
285106,1
285110,1
285114,1
285118,2
285121,1
285135,1
285153,2
285167,1
285175,1
285178,1
285182,2
285187,2
285189,1
285192,1
285197,1
285212,1
285217,1
285221,1
285233,1
285236,2
285242,1
285249,2
285257,1
285260,1
285271,1
285285,1
285288,1
285294,1
285296,1
285299,1
285308,2
285313,1
285332,1
285342,1
285344,1
285347,1
285349,1
285360,1
285363,1
285368,1
285374,1
285380,1
285388,1
285396,1
285399,1
285403,1
285407,1
285414,1
285432,1
285437,2
285441,2
285445,1
285447,1
285450,1
285458,1
285466,1
285469,2
285473,1
285480,1
285482,1
285486,1
285503,2
285517,1
285523,1
285572,3
285576,1
285579,1
285582,2
285587,1
285593,1
285595,1
285613,1
285620,1
285627,1
285631,1
285639,1
285643,1
285655,1
285668,2
285675,1
285692,1
285694,1
285706,1
285710,1
285720,1
285727,1
285733,1
285742,1
285748,1
285755,2
285762,1
285769,1
285778,1
285789,2
285791,1
285799,1
285814,1
285818,1
285837,1
285840,1
285846,1
285853,2
285855,1
285868,1
285879,1
285883,1
285885,1
285888,1
285891,1
285895,1
285900,1
285912,1
285915,1
285920,1
285924,1
285930,2
285933,1
285940,1
285944,1
285950,1
285966,2
285968,1
285974,2
285983,1
285988,1
285994,1
285996,1
285999,2
286003,1
286007,1
286012,1
286017,1
286023,1
286025,1
286030,1
286036,1
286045,1
286052,1
286072,1
286074,1
286082,1
286092,1
286095,1
286104,1
286106,1
286109,1
286116,1
286123,1
286131,1
286135,1
286147,2
286150,2
286158,1
286162,2
286167,1
286184,1
286192,1
286194,1
286198,1
286201,1
286210,1
286237,1
286240,2
286245,2
286247,1
286253,1
286258,1
286261,1
286272,1
286279,1
286286,1
286288,1
286298,1
286300,1
286303,1
286311,1
286315,1
286321,1
286324,1
286333,1
286337,1
286344,2
286346,1
286351,1
286354,2
286373,1
286382,1
286388,1
286391,1
286401,1
286406,1
286412,1
286414,1
286420,1
286426,1
286433,1
286437,2
286441,1
286444,1
286452,1
286455,1
286473,3
286480,1
286482,1
286497,1
286502,2
286504,1
286519,1
286531,1
286535,2
286545,1
286557,1
286567,1
286578,2
286581,1
286583,1
286593,2
286601,1
286603,1
286606,1
286611,1
286635,1
286639,1
286647,2
286653,1
286659,1
286663,1
286679,2
286682,1
286690,1
286697,1
286705,1
286713,1
286717,2
286722,1
286725,1
286733,1
286739,1
286743,1
286747,1
286757,1
286763,1
286775,1
286778,1
286788,1
286795,1
286800,1
286816,1
286830,1
286832,1
286846,2
286854,1
286857,2
286865,1
286870,1
286877,1
286882,1
286895,1
286917,1
286919,1
286927,1
286932,1
286937,1
286947,1
286949,1
286952,1
286955,2
286966,1
286973,1
286977,1
286988,1
286993,1
286999,1
287007,1
287014,1
287016,1
287018,1
287021,2
287024,1
287027,1
287030,1
287034,1
287043,1
287052,2
287060,2
287067,1
287086,1
287093,1
287095,1
287103,1
287105,1
287108,1
287111,2
287116,1
287123,1
287126,1
287129,1
287134,1
287138,1
287168,1
287172,2
287185,1
287191,1
287204,1
287209,1
287216,1
287223,2
287226,1
287232,1
287239,1
287242,1
287245,1
287247,1
287260,2
287266,1
287270,2
287276,1
287281,1
287286,1
287296,1
287301,1
287305,2
287309,1
287319,3
287330,1
287335,1
287340,1
287344,1
287349,1
287353,1
287364,1
287368,2
287371,2
287393,1
287396,1
287400,1
287405,2
287409,1
287412,1
287416,1
287426,1
287428,1
287435,1
287443,1
287455,1
287474,2
287489,2
287495,1
287511,1
287518,1
287526,2
287537,2
287540,2
287545,1
287552,1
287566,1
287570,1
287576,1
287582,1
287587,1
287590,1
287595,1
287602,1
287604,1
287607,1
287624,1
287629,1
287634,1
287645,1
287648,1
287650,1
287654,1
287661,2
287665,2
287672,1
287674,1
287682,1
287693,1
287706,1
287711,1
287713,1
287728,2
287732,1
287735,1
287738,2
287743,1
287746,1
287750,1
287760,2
287771,1
287774,1
287777,2
287788,2
287791,2
287795,1
287799,1
287807,1
287809,1
287817,1
287819,1
287834,1
287843,2
287853,2
287859,1
287861,1
287868,1
287870,1
287872,1
287877,1
287880,1
287882,1
287888,1
287891,1
287897,1
287901,1
287904,2
287907,1
287911,1
287918,1
287921,2
287926,1
287931,1
287937,1
287959,2
287974,2
287988,1
287997,1
287999,1
288024,1
288031,2
288036,1
288041,1
288046,2
288049,2
288063,1
288067,1
288070,1
288075,1
288095,2
288097,1
288107,3
288112,3
288120,1
288122,1
288126,1
288135,1
288140,1
288145,1
288154,1
288156,1
288159,1
288161,1
288181,1
288186,1
288188,1
288197,1
288199,1
288209,1
288217,1
288221,1
288231,1
288234,1
288239,1
288245,1
288250,1
288254,2
288260,1
288264,2
288267,1
288276,2
288282,2
288287,1
288295,1
288301,1
288304,1
288309,1
288314,1
288322,1
288327,1
288336,1
288354,1
288357,1
288362,1
288365,2
288370,2
288381,1
288389,1
288405,1
288417,1
288421,1
288436,3
288446,1
288449,1
288455,1
288460,1
288465,1
288474,1
288478,1
288483,1
288486,1
288489,1
288494,2
288502,1
288511,2
288513,1
288520,1
288526,2
288535,1
288544,1
288548,1
288572,1
288576,1
288581,2
288590,1
288593,2
288596,1
288607,1
288619,2
288625,2
288634,1
288641,1
288653,2
288659,2
288664,1
288685,1
288695,1
288703,1
288708,1
288710,1
288715,1
288720,1
288725,2
288732,2
288738,1
288747,2
288757,1
288761,2
288780,2
288783,1
288785,1
288798,1
288804,1
288813,2
288820,1
288826,1
288835,1
288847,1
288872,2
288875,2
288878,1
288889,2
288891,1
288899,1
288908,1
288911,1
288922,1
288930,1
288933,2
288938,1
288941,1
288961,1
288965,2
288968,1
288971,1
288977,2
288990,1
288993,1
288995,1
289000,1
289006,1
289008,1
289016,1
289029,1
289031,1
289041,2
289045,1
289049,2
289054,1
289104,2
289108,1
289110,1
289113,1
289117,2
289127,2
289135,1
289142,1
289150,1
289174,1
289179,1
289184,2
289187,2
289196,1
289211,1
289218,1
289223,1
289225,1
289230,1
289234,1
289236,1
289241,1
289246,2
289251,1
289259,1
289261,1
289269,1
289271,1
289277,1
289287,1
289290,1
289294,1
289303,2
289305,1
289311,2
289314,1
289319,1
289326,1
289350,2
289356,1
289361,1
289366,1
289370,1
289395,2
289399,3
289401,1
289413,1
289420,1
289422,1
289430,1
289439,1
289444,1
289452,1
289462,2
289483,2
289498,1
289500,1
289503,1
289510,1
289525,1
289546,1
289572,1
289574,1
289578,2
289593,1
289609,1
289620,1
289627,1
289631,2
289635,1
289642,2
289644,1
289656,1
289659,1
289664,2
289666,1
289677,1
289683,1
289685,1
289689,1
289691,1
289695,2
289704,1
289713,1
289720,1
289725,1
289728,1
289739,1
289748,1
289753,1
289762,1
289786,1
289790,1
289797,1
289810,1
289815,1
289819,1
289821,1
289827,1
289838,1
289846,1
289857,2
289860,1
289866,3
289869,1
289872,1
289877,1
289879,1
289913,1
289919,1
289922,1
289928,2
289946,1
289949,1
289952,2
289971,1
289979,1
289982,1
289989,1
289995,1
289997,1
290002,1
290022,2
290032,2
290038,1
290043,1
290049,2
290058,1
290063,1
290070,1
290072,1
290075,1
290083,1
290088,1
290090,1
290103,1
290130,1
290136,1
290138,1
290148,1
290151,1
290153,1
290162,1
290167,1
290171,1
290173,1
290177,1
290180,1
290219,1
290238,1
290251,1
290258,1
290278,2
290281,2
290287,1
290298,2
290303,2
290306,1
290308,1
290314,2
290318,1
290340,1
290354,1
290363,1
290383,1
290402,2
290405,1
290411,1
290417,1
290442,1
290458,1
290463,2
290467,1
290475,1
290480,1
290487,1
290509,2
290514,1
290520,2
290523,1
290529,1
290532,1
290534,1
290537,1
290548,1
290551,1
290566,2
290574,1
290576,1
290582,1
290587,3
290590,1
290594,1
290599,1
290606,1
290619,1
290622,1
290628,1
290633,1
290639,1
290648,1
290652,1
290657,1
290660,2
290670,1
290673,1
290682,1
290685,2
290692,1
290709,1
290723,1
290726,1
290729,2
290741,2
290743,1
290780,2
290788,1
290791,1
290794,1
290798,1
290807,1
290812,1
290814,1
290817,1
290824,1
290831,1
290835,1
290857,1
290863,5
290870,1
290890,1
290896,1
290912,1
290921,1
290934,1
290937,1
290940,1
290945,1
290947,1
290966,1
290977,1
290993,1
291010,1
291016,1
291018,1
291027,2
291034,1
291041,1
291044,1
291046,1
291062,2
291071,1
291079,2
291083,1
291087,1
291093,1
291096,2
291099,2
291103,1
291106,2
291110,1
291114,2
291128,1
291141,1
291153,2
291159,1
291170,1
291172,1
291181,1
291211,1
291218,1
291221,1
291229,2
291244,1
291248,1
291254,1
291256,1
291263,1
291270,1
291281,1
291285,1
291287,1
291291,1
291306,1
291315,1
291319,1
291322,2
291330,1
291344,1
291352,1
291354,1
291358,1
291362,2
291365,1
291369,1
291372,2
291378,2
291385,1
291400,1
291402,1
291407,1
291409,1
291411,1
291431,1
291439,1
291441,1
291455,1
291459,2
291467,1
291470,1
291479,2
291483,1
291488,1
291509,1
291517,1
291523,1
291526,2
291532,1
291536,1
291550,1
291552,1
291560,1
291563,1
291571,1
291573,1
291577,1
291582,1
291585,1
291595,1
291605,1
291614,1
291619,1
291624,1
291639,2
291647,1
291655,1
291660,2
291663,2
291667,1
291679,1
291707,2
291712,2
291716,1
291733,1
291735,1
291740,1
291748,1
291750,1
291755,2
291757,1
291760,1
291763,1
291767,1
291770,1
291772,1
291781,1
291783,1
291795,2
291799,1
291803,1
291814,1
291820,2
291828,1
291833,1
291841,1
291844,1
291849,1
291854,1
291857,1
291863,2
291868,1
291870,1
291874,1
291880,1
291897,1
291913,1
291924,1
291936,1
291951,1
291958,2
291966,1
291977,1
291994,1
291999,2
292013,1
292026,1
292033,2
292036,1
292042,1
292048,1
292056,1
292074,2
292081,1
292084,1
292098,2
292102,1
292105,2
292111,1
292115,1
292120,2
292124,2
292130,1
292136,1
292147,2
292152,1
292154,1
292167,2
292172,1
292177,1
292181,1
292190,2
292202,1
292216,1
292221,1
292229,1
292235,1
292249,2
292262,1
292274,1
292284,1
292294,1
292318,1
292320,1
292327,2
292329,1
292336,1
292342,1
292348,1
292358,3
292361,1
292363,1
292365,1
292370,1
292381,1
292386,1
292395,1
292397,1
292403,1
292409,1
292412,2
292414,1
292421,1
292426,1
292437,1
292444,2
292447,2
292456,2
292461,1
292466,1
292470,1
292475,1
292485,1
292488,1
292493,1
292501,2
292505,1
292508,1
292521,1
292525,1
292529,1
292536,2
292543,1
292546,1
292555,1
292557,1
292565,2
292570,1
292582,1
292590,1
292595,1
292599,2
292615,2
292617,1
292620,1
292623,1
292625,1
292629,1
292631,1
292639,2
292652,1
292658,1
292664,1
292669,2
292672,2
292695,2
292700,1
292715,1
292726,1
292738,1
292741,1
292755,1
292758,1
292764,1
292768,1
292774,1
292781,1
292788,1
292791,2
292800,1
292803,1
292834,1
292846,1
292859,2
292863,1
292866,2
292885,1
292892,2
292899,1
292903,2
292908,1
292919,1
292924,1
292938,1
292941,1
292943,1
292955,2
292959,2
292966,2
292971,2
292977,1
293032,1
293035,2
293038,1
293041,1
293057,1
293059,1
293073,2
293080,2
293085,1
293096,1
293098,1
293102,2
293114,2
293128,1
293131,2
293154,2
293157,1
293174,1
293177,1
293194,3
293199,1
293202,1
293209,1
293215,1
293218,1
293229,1
293235,2
293237,1
293239,1
293242,1
293250,1
293255,2
293260,1
293270,1
293284,2
293287,1
293300,1
293302,1
293304,1
293307,1
293316,1
293321,1
293325,2
293328,1
293336,1
293358,1
293363,1
293366,1
293368,1
293375,1
293391,2
293395,2
293398,1
293401,1
293416,1
293419,1
293427,1
293433,1
293440,1
293448,1
293452,2
293457,1
293463,1
293479,1
293492,1
293494,1
293501,1
293508,1
293524,1
293528,1
293533,1
293539,1
293547,1
293549,1
293555,1
293572,2
293589,1
293592,1
293595,1
293599,1
293607,2
293612,1
293614,1
293619,1
293630,1
293634,1
293641,2
293644,1
293653,2
293657,2
293661,1
293670,1
293673,1
293692,1
293701,2
293706,1
293715,1
293718,2
293724,1
293733,1
293749,1
293754,1
293760,1
293768,1
293771,2
293774,1
293789,1
293798,2
293801,1
293805,1
293809,1
293815,2
293837,2
293839,1
293845,2
293856,1
293860,1
293868,3
293875,1
293884,1
293886,1
293891,1
293894,1
293906,1
293929,2
293932,1
293954,1
293961,1
293967,1
293974,2
293987,1
293991,1
294004,1
294007,1
294009,1
294023,1
294026,1
294034,1
294038,2
294041,1
294047,2
294062,1
294067,1
294073,1
294076,1
294087,1
294091,3
294131,1
294137,1
294146,1
294148,1
294153,2
294158,1
294170,1
294177,1
294190,1
294208,2
294211,1
294214,1
294219,1
294221,1
294230,2
294240,1
294246,2
294254,1
294261,1
294266,1
294271,1
294280,1
294284,1
294287,1
294292,2
294294,1
294300,1
294321,2
294323,1
294330,1
294335,1
294339,1
294341,1
294356,1
294359,1
294366,2
294374,1
294376,1
294385,1
294387,1
294390,1
294392,1
294400,2
294410,1
294425,1
294428,1
294430,1
294434,2
294446,1
294452,1
294456,1
294461,1
294465,1
294474,1
294480,1
294484,1
294486,1
294488,1
294491,1
294495,1
294500,1
294504,1
294509,1
294512,1
294515,1
294519,1
294526,1
294550,1
294555,1
294560,1
294565,1
294577,2
294584,1
294595,1
294601,1
294607,2
294613,2
294624,1
294628,1
294636,1
294646,2
294650,3
294656,2
294665,1
294669,1
294677,1
294680,2
294686,1
294697,1
294713,1
294717,1
294726,1
294728,1
294737,1
294739,1
294750,1
294761,1
294763,1
294769,1
294775,2
294783,1
294786,1
294792,2
294796,2
294798,1
294817,1
294833,1
294839,1
294841,1
294844,1
294853,1
294874,1
294888,2
294907,1
294915,1
294923,1
294931,1
294934,1
294947,1
294956,1
294958,1
294964,1
294970,1
294972,1
294978,1
294980,1
294983,2
294987,1
294989,1
294993,1
294999,1
295007,1
295011,1
295013,1
295025,1
295033,1
295035,1
295042,1
295044,1
295050,1
295066,1
295072,1
295075,1
295081,1
295085,1
295100,1
295106,1
295128,1
295136,1
295141,2
295144,1
295149,2
295151,1
295168,1
295170,1
295183,1
295202,1
295204,1
295208,1
295214,1
295216,1
295220,3
295224,2
295227,1
295230,1
295233,1
295235,1
295241,1
295244,1
295247,1
295254,2
295261,1
295263,1
295266,2
295270,1
295272,1
295276,1
295279,2
295288,2
295295,1
295303,1
295307,1
295312,1
295317,2
295320,2
295325,2
295330,1
295335,1
295341,1
295349,1
295352,2
295359,1
295372,1
295384,2
295397,1
295414,1
295418,2
295425,1
295427,1
295433,1
295452,2
295458,2
295460,1
295476,2
295479,1
295482,1
295510,1
295521,3
295525,2
295527,1
295535,1
295538,1
295542,1
295544,1
295552,1
295555,2
295557,1
295559,1
295568,2
295570,1
295573,1
295590,1
295596,1
295599,2
295624,1
295629,1
295638,1
295646,1
295651,1
295654,1
295661,2
295665,1
295685,2
295694,2
295707,1
295713,1
295716,1
295731,1
295740,1
295751,1
295755,1
295760,1
295762,1
295767,1
295770,1
295774,1
295781,2
295814,1
295819,1
295823,1
295832,1
295838,1
295842,1
295850,1
295856,2
295858,1
295860,1
295869,1
295873,1
295876,1
295878,1
295889,1
295892,1
295895,1
295910,1
295915,2
295921,1
295928,1
295930,1
295939,1
295941,1
295945,1
295961,1
295963,1
295971,1
295981,1
295995,1
296008,1
296010,1
296014,1
296034,1
296045,1
296048,1
296060,1
296063,1
296072,2
296085,2
296088,2
296094,1
296100,1
296103,1
296118,1
296122,1
296127,1
296142,1
296148,1
296162,2
296169,2
296179,1
296191,1
296194,1
296207,1
296225,1
296238,1
296251,1
296256,1
296260,1
296268,2
296272,1
296283,3
296292,1
296294,1
296315,1
296319,2
296334,1
296364,1
296368,2
296380,1
296383,1
296389,1
296392,1
296399,1
296406,1
296410,1
296417,2
296422,1
296424,1
296428,2
296434,1
296443,2
296445,1
296454,1
296458,2
296462,1
296465,2
296467,1
296469,1
296472,1
296479,1
296488,1
296496,1
296520,2
296527,1
296529,1
296535,1
296539,2
296542,1
296544,1
296549,1
296569,1
296573,1
296580,1
296613,1
296620,2
296626,1
296631,1
296633,1
296635,1
296645,1
296648,1
296654,1
296667,1
296670,1
296676,1
296689,1
296695,1
296705,1
296707,1
296718,2
296728,1
296734,1
296737,1
296740,1
296783,1
296792,2
296800,2
296803,1
296807,1
296813,1
296815,1
296824,1
296843,1
296846,1
296863,1
296866,1
296871,1
296878,1
296889,1
296896,1
296899,1
296902,1
296911,1
296913,1
296915,1
296923,1
296939,1
296944,2
296947,1
296951,1
296959,1
296963,3
296978,1
296983,1
296988,1
296996,1
297000,1
297003,1
297005,1
297007,1
297010,2
297014,1
297025,1
297033,1
297037,1
297044,1
297047,1
297055,1
297057,1
297060,1
297069,2
297084,1
297092,1
297107,1
297119,1
297125,1
297133,1
297136,1
297139,2
297145,1
297163,2
297170,1
297178,1
297185,1
297195,1
297200,1
297204,1
297207,2
297226,2
297238,1
297264,1
297267,1
297272,2
297283,1
297296,1
297301,1
297310,1
297314,1
297318,1
297338,1
297347,1
297366,1
297371,1
297381,1
297394,1
297396,1
297404,1
297411,1
297414,2
297416,1
297428,2
297438,1
297460,1
297463,1
297472,1
297484,1
297489,1
297493,1
297508,2
297512,1
297519,1
297522,1
297525,1
297531,1
297542,1
297549,1
297553,2
297558,1
297563,2
297574,2
297577,1
297580,1
297584,1
297595,1
297608,1
297613,1
297618,1
297631,1
297636,1
297649,1
297651,1
297654,1
297661,1
297675,2
297683,1
297701,1
297712,1
297714,1
297724,1
297727,1
297733,1
297740,2
297747,1
297761,1
297763,1
297769,1
297773,1
297785,1
297791,1
297796,1
297799,1
297808,2
297814,1
297831,1
297834,1
297844,1
297847,1
297851,1
297858,1
297861,1
297869,1
297874,1
297883,1
297887,1
297889,1
297901,1
297903,1
297907,2
297923,1
297931,1
297935,1
297939,1
297944,1
297960,1
297966,1
297969,1
297971,1
297976,1
297980,1
297983,2
297987,1
297991,1
298005,1
298017,1
298031,1
298035,1
298045,1
298054,1
298062,1
298067,2
298073,2
298075,1
298093,1
298107,1
298109,1
298116,2
298120,1
298132,1
298137,1
298151,1
298156,2
298161,1
298163,1
298166,2
298179,1
298188,1
298196,2
298204,1
298211,1
298220,1
298223,1
298226,1
298232,2
298236,1
298248,1
298252,2
298255,2
298260,1
298265,1
298275,1
298282,1
298288,1
298294,1
298306,2
298312,1
298320,1
298322,1
298332,1
298335,1
298352,2
298356,1
298358,1
298364,1
298368,2
298377,2
298388,1
298396,2
298400,1
298406,1
298432,1
298436,1
298439,1
298444,1
298446,1
298449,2
298455,1
298469,1
298477,1
298480,1
298492,1
298498,1
298504,1
298514,1
298525,2
298531,1
298536,1
298544,1
298552,2
298559,1
298565,1
298584,1
298589,1
298593,2
298605,1
298611,1
298615,1
298621,1
298633,1
298635,1
298644,3
298649,1
298652,1
298654,1
298659,4
298662,1
298665,1
298669,1
298679,2
298684,1
298692,1
298701,1
298716,1
298725,1
298741,1
298751,2
298756,2
298758,1
298772,1
298777,1
298791,1
298796,2
298799,1
298836,1
298838,1
298848,1
298853,1
298861,1
298868,1
298870,1
298876,1
298878,1
298886,1
298890,1
298894,1
298909,2
298915,2
298929,1
298939,1
298956,1
298965,1
298972,2
298979,1
298983,1
298985,1
299013,1
299015,1
299017,1
299022,1
299029,1
299032,1
299038,1
299041,2
299064,1
299069,2
299082,1
299089,2
299095,1
299099,2
299103,1
299116,2
299120,2
299132,1
299139,1
299141,1
299143,1
299149,1
299182,1
299194,1
299206,1
299215,1
299231,1
299234,2
299237,1
299248,1
299250,1
299264,1
299267,2
299277,1
299284,1
299286,1
299292,1
299299,1
299302,1
299318,1
299325,1
299327,1
299339,2
299342,1
299348,1
299356,1
299360,1
299380,1
299382,1
299391,3
299402,1
299404,1
299410,1
299428,1
299430,1
299441,1
299450,1
299461,1
299464,1
299468,1
299490,1
299500,1
299505,1
299512,1
299519,1
299525,2
299536,2
299546,3
299553,1
299559,1
299564,1
299566,1
299571,2
299577,2
299587,1
299595,1
299598,2
299602,1
299605,1
299608,1
299616,1
299627,1
299642,1
299661,1
299679,1
299687,1
299696,2
299715,1
299718,1
299726,2
299729,2
299738,1
299740,1
299745,1
299756,1
299759,2
299774,1
299777,2
299794,1
299802,1
299804,1
299815,2
299826,1
299834,1
299840,1
299848,1
299852,1
299869,1
299881,2
299885,1
299888,1
299891,1
299894,1
299897,1
299918,1
299950,1
299953,2
299960,1
299962,1
299965,1
299989,1
299994,1
400001,1
400004,1
400010,1
400012,1
400016,1
400023,1
400033,1
400039,1
400045,1
400052,2
400056,1
400059,1
400063,2
400071,2
400073,1
400102,2
400106,1
400116,1
400119,1
400127,2
400141,1
400144,1
400149,1
400154,1
400159,1
400178,2
400180,1
400182,1
400189,1
400193,1
400200,2
400204,1
400212,1
400221,1
400254,1
400257,2
400267,1
400272,2
400275,2
400277,1
400282,2
400292,3
400309,1
400311,1
400313,1
400340,2
400356,1
400369,1
400393,1
400406,2
400422,1
400452,2
400456,1
400459,1
400469,1
400474,1
400478,2
400481,1
400499,1
400537,1
400542,1
400560,2
400563,2
400567,1
400586,1
400591,1
400606,1
400619,1
400640,1
400645,1
400651,1
400655,1
400671,1
400678,1
400685,2
400701,1
400713,1
400722,2
400728,1
400731,1
400744,3
400747,1
400751,1
400755,1
400757,1
400774,2
400779,1
400781,1
400784,1
400787,1
400802,2
400813,2
400815,1
400822,1
400831,2
400839,1
400846,1
400848,1
400858,2
400867,1
400876,2
400882,1
400904,1
400907,1
400920,1
400923,1
400928,3
400931,1
400940,1
400953,1
400955,1
400958,1
400978,1
400984,1
400986,1
400995,1
401003,1
401006,1
401010,1
401014,1
401019,1
401042,2
401044,1
401053,1
401061,1
401063,1
401071,1
401073,1
401077,1
401083,1
401089,1
401091,1
401099,1
401107,1
401115,1
401117,1
401123,1
401127,1
401133,1
401135,1
401145,2
401152,2
401157,1
401164,1
401182,1
401192,1
401195,2
401208,2
401214,1
401224,1
401231,1
401242,1
401257,1
401263,1
401267,2
401279,1
401284,1
401293,1
401296,1
401311,1
401313,1
401316,1
401322,2
401327,1
401330,1
401333,1
401337,1
401340,1
401350,1
401355,1
401358,1
401368,1
401376,1
401385,1
401388,1
401402,1
401405,1
401420,1
401422,1
401428,1
401433,1
401436,1
401448,2
401454,1
401457,1
401472,2
401482,1
401496,3
401506,1
401512,1
401514,1
401522,1
401525,1
401534,2
401542,1
401551,1
401559,1
401568,1
401578,2
401581,1
401588,1
401591,2
401610,1
401616,2
401623,1
401630,1
401632,1
401648,1
401652,1
401655,2
401670,1
401672,1
401677,2
401687,1
401692,1
401700,1
401703,1
401705,1
401711,1
401718,2
401722,1
401744,1
401753,1
401758,1
401782,1
401785,1
401794,1
401803,1
401812,1
401818,1
401833,2
401857,1
401863,1
401865,1
401879,1
401881,1
401884,1
401886,1
401895,3
401899,2
401904,2
401906,1
401912,1
401916,1
401918,1
401925,1
401943,1
401956,1
401973,2
401982,1
401984,1
401995,1
402005,1
402019,2
402024,1
402030,1
402035,3
402038,1
402042,1
402047,2
402055,1
402057,1
402064,1
402068,1
402081,1
402087,1
402097,1
402102,1
402104,1
402109,2
402117,1
402123,2
402136,1
402141,2
402144,1
402149,1
402152,1
402158,1
402160,1
402168,1
402173,2
402177,1
402190,1
402193,1
402200,1
402216,1
402218,1
402223,2
402225,1
402245,1
402250,1
402258,1
402260,1
402264,2
402268,1
402274,1
402286,1
402301,1
402307,1
402313,1
402317,1
402329,1
402338,2
402340,1
402343,2
402347,1
402352,2
402356,2
402381,1
402393,1
402397,1
402401,1
402406,1
402415,1
402419,1
402423,2
402443,1
402452,1
402460,1
402469,1
402475,1
402481,1
402486,1
402488,1
402495,2
402501,2
402504,1
402517,1
402529,1
402532,1
402535,2
402540,1
402544,2
402550,1
402553,1
402565,1
402568,1
402570,1
402578,1
402582,1
402597,2
402601,1
402605,1
402614,1
402617,1
402624,2
402632,1
402636,1
402638,1
402653,2
402668,1
402673,1
402681,1
402683,1
402688,2
402695,2
402709,1
402715,1
402726,1
402728,1
402738,1
402744,1
402747,1
402750,1
402760,1
402771,2
402777,1
402795,1
402799,1
402803,1
402807,2
402812,1
402827,1
402829,1
402831,1
402837,1
402839,1
402851,2
402853,1
402864,1
402868,1
402873,1
402875,1
402878,1
402886,1
402892,2
402899,1
402904,1
402920,1
402925,1
402930,2
402932,1
402938,1
402942,2
402944,1
402949,1
402955,2
402961,1
402963,1
402965,1
402972,1
402982,1
403000,1
403003,1
403005,1
403008,1
403015,1
403019,1
403024,1
403036,1
403039,1
403047,1
403050,1
403070,1
403078,1
403082,1
403086,1
403088,1
403091,2
403115,1
403118,1
403127,1
403133,1
403143,2
403154,1
403157,1
403161,1
403167,1
403171,1
403183,1
403185,1
403191,1
403212,1
403215,1
403221,1
403224,1
403228,1
403233,1
403240,1
403246,1
403253,1
403270,3
403280,1
403286,1
403293,1
403299,1
403303,1
403306,1
403318,1
403330,1
403337,1
403342,1
403346,1
403351,1
403353,1
403360,2
403365,1
403368,2
403382,1
403400,2
403403,1
403407,1
403412,1
403422,1
403441,1
403445,3
403452,1
403462,1
403470,1
403482,1
403487,1
403489,1
403492,1
403501,1
403504,1
403509,1
403514,1
403521,1
403523,1
403526,1
403542,1
403546,2
403553,1
403561,1
403567,2
403582,1
403584,1
403588,1
403594,2
403612,2
403620,1
403623,2
403626,2
403630,1
403632,1
403638,2
403647,1
403653,1
403660,1
403673,1
403680,1
403688,1
403695,1
403706,1
403723,2
403734,1
403747,1
403753,1
403756,1
403773,1
403776,1
403792,2
403804,1
403809,1
403812,2
403822,2
403824,1
403829,1
403831,1
403839,2
403846,2
403851,1
403853,1
403855,1
403862,1
403866,1
403869,1
403872,1
403874,1
403879,2
403885,2
403893,2
403900,1
403904,2
403909,1
403916,1
403921,1
403928,1
403936,1
403939,2
403943,1
403947,1
403965,2
403968,1
403972,1
403978,1
403981,2
403991,1
403996,1
404007,2
404010,1
404016,1
404020,1
404047,3
404053,2
404062,1
404070,1
404087,1
404090,1
404095,2
404108,1
404112,2
404116,1
404127,1
404135,1
404138,2
404166,1
404170,1
404186,1
404198,1
404205,1
404220,1
404230,1
404232,1
404235,1
404250,1
404253,1
404257,1
404271,1
404286,1
404288,1
404306,2
404309,2
404323,1
404326,1
404331,1
404358,1
404364,1
404366,1
404370,1
404373,1
404386,1
404389,1
404408,1
404410,1
404413,1
404421,1
404427,1
404430,1
404434,1
404438,1
404444,1
404451,1
404458,1
404470,2
404473,1
404479,1
404486,1
404502,1
404507,2
404510,1
404512,1
404517,3
404519,1
404542,1
404546,1
404554,2
404570,2
404577,1
404580,1
404583,1
404596,1
404600,1
404602,1
404609,1
404612,1
404615,1
404618,1
404625,1
404632,1
404636,2
404644,1
404649,1
404657,1
404668,1
404679,1
404691,1
404693,1
404697,2
404700,1
404702,1
404705,1
404708,1
404715,1
404720,1
404725,2
404728,1
404754,2
404763,1
404769,1
404771,1
404776,1
404778,1
404782,2
404788,1
404796,1
404799,1
404801,1
404811,1
404820,1
404826,1
404836,1
404843,1
404845,1
404849,1
404861,1
404868,2
404881,1
404891,1
404905,1
404907,1
404917,1
404920,1
404924,1
404928,2
404931,1
404933,1
404951,1
404965,1
404968,1
404973,1
404993,1
405010,1
405021,1
405025,1
405031,2
405034,1
405046,2
405050,1
405052,1
405055,1
405073,1
405086,1
405089,1
405097,2
405104,1
405118,1
405121,2
405125,1
405150,1
405158,1
405165,1
405167,1
405178,1
405182,2
405188,1
405190,1
405209,1
405215,1
405219,1
405227,1
405245,2
405249,1
405253,1
405267,1
405274,1
405280,1
405284,1
405289,1
405292,1
405298,1
405302,1
405307,1
405316,1
405318,1
405322,1
405325,1
405340,1
405347,1
405351,1
405357,1
405362,1
405365,2
405369,1
405371,1
405377,2
405381,1
405386,1
405404,2
405407,1
405417,1
405424,1
405433,1
405444,1
405452,1
405455,2
405457,1
405460,1
405463,2
405465,1
405473,1
405483,2
405486,1
405502,2
405508,2
405517,2
405527,1
405531,1
405535,1
405538,2
405547,1
405550,1
405555,1
405559,1
405563,1
405566,1
405572,2
405578,1
405584,1
405588,1
405591,1
405597,1
405608,2
405628,2
405636,1
405638,1
405660,1
405662,1
405666,1
405673,1
405681,1
405683,1
405687,2
405693,1
405718,2
405725,1
405729,1
405733,2
405737,1
405751,1
405753,1
405755,1
405767,1
405770,1
405778,3
405799,2
405818,1
405831,1
405835,1
405839,2
405842,1
405845,2
405849,1
405855,2
405863,1
405869,2
405881,1
405885,1
405895,2
405902,1
405912,1
405920,2
405925,2
405939,1
405942,1
405951,1
405957,1
405960,1
405983,1
405990,1
405994,1
406002,1
406006,1
406015,1
406026,1
406037,1
406042,1
406048,1
406052,1
406057,2
406060,2
406065,1
406083,1
406089,1
406095,2
406111,1
406118,1
406126,1
406132,1
406136,1
406139,1
406142,1
406144,1
406148,2
406152,1
406155,2
406160,2
406170,1
406179,2
406182,1
406185,1
406191,1
406195,2
406215,1
406217,1
406233,1
406253,1
406256,1
406261,1
406271,1
406273,1
406279,1
406281,1
406297,2
406308,2
406313,1
406330,1
406339,1
406343,2
406349,1
406357,2
406377,1
406380,1
406400,2
406405,4
406416,1
406421,1
406424,1
406429,2
406436,3
406443,1
406450,1
406454,1
406460,1
406464,1
406467,1
406470,2
406487,1
406495,1
406497,1
406506,1
406508,1
406512,1
406543,2
406545,1
406547,1
406554,1
406564,1
406566,1
406571,1
406574,1
406577,1
406582,1
406592,2
406610,1
406617,1
406625,1
406630,2
406635,1
406637,1
406644,1
406662,2
406682,1
406688,1
406691,1
406700,1
406710,1
406723,2
406725,1
406728,1
406732,1
406737,1
406741,1
406744,1
406747,1
406756,1
406772,1
406781,1
406789,1
406800,1
406805,1
406816,1
406821,4
406826,1
406831,2
406834,1
406838,1
406845,1
406852,1
406862,1
406888,1
406898,1
406932,3
406936,1
406941,1
406964,1
406967,1
406970,1
406973,1
406981,1
406989,1
406994,1
406998,1
407008,1
407016,1
407023,1
407033,3
407036,1
407041,1
407044,1
407047,1
407054,1
407074,1
407092,1
407098,1
407106,3
407110,2
407115,1
407120,1
407125,2
407131,1
407135,2
407157,2
407161,1
407182,1
407188,1
407190,1
407196,1
407203,2
407206,1
407208,1
407211,1
407214,1
407220,1
407227,1
407229,1
407232,1
407248,1
407262,1
407270,2
407274,2
407280,2
407285,1
407292,1
407295,2
407309,1
407324,1
407330,1
407338,1
407341,1
407345,1
407348,1
407365,1
407367,1
407373,1
407389,1
407405,1
407408,1
407411,1
407413,1
407420,2
407443,1
407446,2
407462,1
407468,2
407470,1
407480,1
407494,1
407500,1
407504,1
407510,1
407525,2
407528,1
407535,1
407538,2
407554,1
407569,1
407572,1
407577,1
407580,1
407582,1
407585,1
407591,1
407597,1
407600,1
407613,1
407619,2
407623,2
407628,1
407630,1
407640,2
407644,1
407647,1
407659,1
407664,1
407675,1
407677,1
407681,2
407685,1
407687,1
407693,1
407695,1
407698,1
407706,1
407709,1
407713,1
407732,2
407743,1
407745,1
407768,1
407770,1
407772,1
407774,1
407779,2
407787,2
407799,1
407814,1
407817,1
407825,1
407829,1
407833,1
407847,2
407850,1
407853,2
407858,1
407864,1
407871,2
407880,1
407884,2
407893,1
407904,1
407907,1
407911,1
407915,1
407921,2
407925,1
407929,1
407945,1
407965,1
407967,1
407970,2
407972,1
408001,2
408008,1
408013,2
408015,1
408022,1
408024,1
408030,1
408039,1
408042,1
408050,1
408054,2
408059,1
408066,1
408068,1
408084,1
408107,1
408110,1
408114,2
408120,2
408122,1
408126,1
408130,1
408135,1
408140,1
408156,2
408160,1
408163,1
408174,1
408176,1
408183,1
408189,1
408192,1
408195,1
408198,1
408200,1
408207,1
408216,1
408220,1
408223,1
408228,1
408231,2
408236,1
408247,1
408254,2
408258,1
408263,2
408274,1
408277,1
408283,1
408290,2
408293,2
408296,1
408301,1
408304,1
408308,1
408315,1
408320,2
408326,2
408328,1
408331,1
408336,1
408342,1
408347,2
408349,1
408356,1
408366,1
408382,1
408385,1
408395,1
408399,1
408408,1
408419,1
408421,1
408425,1
408448,1
408451,2
408460,1
408466,1
408468,1
408473,2
408481,2
408484,1
408491,1
408495,1
408504,1
408507,2
408512,1
408518,1
408522,2
408528,1
408530,1
408548,1
408554,1
408564,1
408570,1
408578,2
408590,2
408597,2
408608,1
408613,2
408616,1
408630,1
408635,3
408640,1
408653,1
408659,1
408668,1
408674,1
408677,1
408682,1
408685,1
408690,1
408708,1
408715,2
408717,1
408721,1
408726,1
408729,1
408739,2
408745,2
408748,1
408751,2
408759,3
408762,1
408764,1
408775,1
408779,1
408785,1
408794,1
408805,1
408809,1
408813,1
408824,2
408831,2
408839,1
408842,1
408845,1
408852,1
408854,1
408862,1
408865,1
408871,1
408876,1
408896,1
408902,1
408913,2
408922,1
408928,2
408939,1
408953,1
408957,3
408962,1
408973,3
408979,2
408982,1
408986,1
408989,1
408993,1
408997,2
409002,2
409004,1
409010,1
409013,1
409019,1
409027,1
409032,2
409034,1
409041,1
409044,1
409053,1
409069,2
409073,2
409083,1
409085,1
409092,1
409095,1
409101,1
409119,2
409124,1
409126,1
409134,1
409137,2
409140,1
409156,1
409159,1
409161,1
409165,1
409174,2
409177,2
409188,1
409190,1
409215,1
409224,2
409227,2
409231,1
409236,1
409246,1
409254,1
409265,3
409269,1
409281,1
409299,1
409302,1
409308,1
409310,1
409313,1
409324,1
409329,1
409333,2
409347,1
409353,1
409355,1
409379,1
409381,1
409384,1
409388,1
409396,1
409403,2
409408,1
409420,1
409423,1
409426,1
409433,1
409438,2
409446,2
409450,1
409469,1
409475,1
409479,1
409492,1
409495,1
409499,1
409504,1
409515,1
409529,1
409557,2
409572,1
409575,1
409584,2
409591,1
409598,1
409605,2
409615,1
409625,2
409628,1
409632,2
409640,1
409654,1
409661,1
409680,1
409694,1
409699,1
409708,1
409714,1
409717,1
409721,1
409726,2
409732,1
409735,1
409738,1
409761,1
409772,2
409777,1
409780,1
409791,1
409800,1
409805,1
409812,2
409821,1
409835,1
409838,1
409850,1
409862,1
409864,1
409868,1
409870,1
409873,1
409881,2
409885,1
409888,1
409902,1
409904,1
409913,1
409915,1
409920,2
409925,2
409932,1
409940,1
409943,1
409951,1
409958,1
409963,1
409965,1
409968,1
409971,1
409974,2
409977,1
409985,1
409992,1
409999,2
410005,1
410007,1
410009,1
410016,1
410022,1
410026,1
410036,2
410042,1
410044,1
410048,1
410054,1
410059,1
410061,1
410064,1
410071,2
410076,1
410083,1
410088,1
410098,1
410102,1
410104,1
410107,1
410111,1
410115,1
410121,1
410125,1
410128,2
410147,1
410151,1
410155,1
410161,1
410164,1
410173,1
410179,2
410185,1
410189,1
410195,4
410200,1
410215,1
410218,1
410223,1
410225,1
410228,1
410233,1
410241,1
410245,1
410249,1
410253,1
410258,1
410262,2
410271,1
410275,1
410281,1
410307,2
410310,1
410321,1
410325,2
410330,1
410345,2
410357,2
410359,1
410363,1
410369,2
410380,1
410385,2
410388,1
410392,1
410394,1
410398,2
410403,1
410417,1
410430,1
410433,1
410437,1
410449,1
410475,2
410479,1
410489,2
410494,1
410502,1
410511,1
410517,1
410526,3
410534,1
410557,1
410562,1
410569,1
410581,1
410588,1
410590,1
410595,2
410604,2
410607,1
410613,1
410616,1
410621,1
410627,2
410634,2
410640,1
410643,1
410646,1
410654,1
410663,1
410674,1
410678,1
410681,2
410684,1
410687,1
410691,2
410707,1
410709,1
410714,2
410725,1
410729,3
410741,1
410750,1
410752,1
410758,1
410762,2
410770,2
410779,2
410785,1
410791,1
410795,1
410813,1
410817,1
410819,1
410821,1
410825,2
410828,1
410832,1
410842,1
410849,1
410854,2
410869,1
410879,2
410883,1
410893,1
410896,1
410900,2
410905,1
410907,1
410922,1
410924,1
410936,1
410942,1
410944,1
410950,1
410963,1
410975,1
410984,1
410991,2
410994,1
411000,1
411007,1
411032,2
411038,1
411048,1
411050,1
411059,1
411062,1
411066,1
411072,1
411080,2
411085,2
411096,1
411108,2
411117,1
411144,1
411150,1
411160,1
411165,1
411171,1
411173,1
411179,1
411182,1
411211,1
411229,2
411239,1
411248,1
411254,2
411259,1
411267,1
411273,1
411275,1
411282,1
411285,2
411292,1
411295,1
411301,1
411313,1
411316,2
411322,1
411332,2
411348,1
411354,1
411360,4
411366,1
411382,1
411389,2
411393,1
411403,1
411420,2
411422,1
411430,1
411432,1
411439,1
411446,2
411466,2
411482,2
411489,1
411496,2
411504,2
411514,2
411522,1
411529,1
411537,1
411544,1
411547,1
411552,1
411559,1
411573,2
411577,2
411582,1
411587,1
411590,2
411596,1
411606,2
411612,1
411616,1
411632,1
411634,1
411640,1
411650,1
411652,1
411659,2
411665,1
411673,2
411710,2
411715,1
411748,1
411753,1
411762,1
411780,1
411785,2
411788,2
411792,1
411795,1
411800,1
411807,2
411810,1
411821,2
411843,2
411852,1
411856,1
411858,1
411862,1
411874,1
411882,1
411898,1
411901,2
411904,1
411909,1
411929,2
411945,1
411949,1
411951,1
411966,1
411970,1
411972,1
411994,1
412002,1
412005,1
412009,1
412027,1
412030,1
412040,1
412045,1
412060,1
412063,2
412069,1
412077,1
412085,1
412088,1
412097,1
412106,1
412132,1
412140,1
412149,1
412160,1
412166,1
412168,1
412172,2
412177,1
412182,1
412187,1
412195,1
412201,1
412210,2
412222,1
412227,1
412240,2
412244,1
412250,1
412252,1
412259,1
412264,3
412268,2
412283,3
412291,1
412297,1
412313,3
412321,2
412332,2
412335,1
412343,1
412354,1
412357,1
412365,2
412367,1
412374,1
412377,1
412383,1
412389,1
412396,1
412398,1
412400,1
412403,1
412410,2
412415,1
412426,1
412432,1
412434,1
412441,1
412448,1
412451,1
412458,1
412462,1
412482,1
412485,2
412493,1
412495,1
412499,1
412503,1
412512,2
412517,1
412526,2
412528,1
412531,1
412546,1
412566,1
412572,1
412574,1
412581,2
412584,2
412588,1
412599,1
412602,1
412604,1
412606,1
412609,2
412611,1
412618,1
412627,1
412638,2
412640,1
412643,1
412654,1
412659,1
412662,1
412674,1
412678,1
412710,1
412715,2
412731,1
412738,2
412740,1
412744,2
412746,1
412751,1
412757,1
412763,2
412775,1
412787,2
412794,1
412798,1
412805,1
412816,1
412819,1
412829,1
412837,1
412848,2
412854,1
412859,2
412865,1
412869,1
412877,1
412895,1
412898,1
412913,1
412917,1
412933,1
412940,2
412951,1
412954,2
412960,1
412968,1
412970,1
412978,1
412984,1
412987,1
413002,1
413007,2
413014,1
413030,1
413042,1
413059,1
413069,1
413078,1
413090,2
413097,2
413103,1
413106,1
413110,2
413114,1
413121,1
413123,1
413133,2
413140,1
413148,2
413158,5
413161,1
413171,1
413186,1
413192,1
413203,2
413208,1
413222,1
413236,1
413239,1
413242,1
413256,1
413261,1
413268,1
413280,2
413283,2
413288,1
413301,1
413305,1
413309,1
413323,1
413335,1
413345,1
413351,1
413357,1
413360,1
413366,2
413375,1
413384,1
413387,1
413407,1
413418,1
413421,1
413429,2
413435,2
413441,1
413449,1
413462,1
413468,2
413475,4
413477,1
413488,1
413494,1
413499,1
413502,1
413513,1
413538,2
413542,1
413549,1
413556,1
413559,1
413578,2
413583,1
413586,1
413619,1
413622,2
413628,1
413631,2
413640,1
413648,2
413661,1
413675,1
413679,2
413683,1
413698,2
413705,1
413713,2
413718,1
413741,1
413749,1
413783,1
413789,1
413800,1
413802,1
413809,1
413812,1
413817,1
413820,1
413822,1
413832,1
413834,1
413841,1
413852,1
413858,1
413865,1
413879,1
413883,1
413888,1
413890,1
413898,1
413905,2
413908,1
413912,1
413920,2
413925,1
413927,1
413941,2
413951,1
413960,1
413963,1
413971,1
413975,1
413992,1
413998,1
414004,1
414008,1
414016,1
414022,1
414029,1
414034,1
414037,1
414039,1
414043,1
414078,1
414104,1
414109,2
414115,1
414120,1
414132,2
414150,1
414153,2
414160,1
414167,1
414175,1
414187,1
414191,2
414195,1
414210,2
414223,3
414245,2
414247,1
414253,1
414259,1
414263,1
414271,1
414280,2
414283,1
414286,1
414288,1
414291,1
414308,1
414312,1
414317,2
414324,2
414326,1
414331,2
414337,1
414340,1
414345,1
414353,1
414355,1
414363,1
414366,1
414380,1
414384,2
414389,1
414393,1
414398,1
414401,1
414404,1
414418,1
414425,2
414431,1
414434,1
414439,1
414441,1
414470,1
414474,3
414482,1
414487,1
414489,1
414497,2
414503,1
414507,1
414522,1
414526,1
414532,2
414534,1
414544,1
414547,2
414550,1
414553,1
414572,1
414574,1
414583,1
414595,1
414597,1
414599,1
414605,1
414608,2
414610,1
414617,1
414629,1
414648,1
414651,2
414654,1
414665,2
414672,1
414675,1
414678,1
414691,1
414702,2
414705,1
414708,1
414718,1
414720,1
414723,1
414726,2
414736,1
414744,1
414757,1
414763,1
414766,2
414771,1
414780,1
414787,1
414796,3
414807,1
414810,1
414815,4
414818,1
414821,1
414823,1
414827,1
414835,2
414843,1
414853,1
414885,1
414893,1
414898,2
414903,2
414908,1
414913,2
414917,2
414920,1
414931,1
414935,1
414943,1
414946,1
414953,1
414958,1
414975,1
414991,2
414993,1
414999,1
415001,1
415004,2
415008,1
415014,1
415029,1
415034,1
415040,1
415044,2
415047,1
415053,1
415064,1
415068,2
415074,1
415076,1
415082,1
415084,1
415094,1
415115,1
415121,1
415127,1
415138,2
415145,1
415150,1
415169,1
415182,2
415197,2
415199,1
415203,2
415209,1
415211,1
415225,1
415235,1
415254,1
415256,1
415259,2
415274,1
415291,2
415294,1
415305,1
415315,1
415319,1
415322,1
415331,1
415335,2
415340,1
415352,2
415357,1
415367,2
415375,1
415390,2
415395,2
415398,1
415403,1
415410,1
415414,1
415417,1
415426,3
415445,2
415450,1
415462,1
415470,1
415478,1
415489,3
415501,2
415506,1
415510,2
415512,1
415517,2
415521,1
415537,1
415543,1
415555,1
415558,1
415561,1
415563,1
415569,2
415575,1
415581,1
415583,1
415599,1
415613,1
415632,1
415636,1
415644,1
415655,2
415661,1
415663,1
415670,1
415677,1
415684,1
415688,1
415695,2
415699,2
415704,1
415708,1
415711,2
415719,1
415740,1
415742,1
415746,2
415750,2
415768,1
415771,1
415779,1
415784,1
415787,1
415790,1
415795,1
415802,1
415839,1
415865,1
415884,1
415886,1
415891,2
415903,2
415909,2
415912,1
415915,1
415919,2
415923,2
415936,1
415946,1
415951,1
415969,1
415975,1
415977,1
415986,2
415989,1
415995,1
416005,1
416021,1
416026,1
416031,1
416033,1
416036,1
416038,1
416040,1
416049,1
416056,2
416059,2
416062,1
416066,2
416072,2
416086,1
416092,2
416100,1
416104,1
416106,1
416111,1
416118,2
416120,1
416146,2
416155,1
416159,1
416163,1
416168,2
416182,1
416193,1
416198,1
416204,1
416213,1
416218,1
416233,1
416237,1
416239,1
416248,1
416253,1
416257,1
416266,1
416276,1
416286,2
416295,1
416303,1
416305,1
416309,1
416313,1
416331,1
416337,1
416340,1
416343,2
416350,1
416354,1
416356,1
416359,2
416364,2
416371,1
416373,1
416377,1
416383,1
416392,1
416394,1
416403,2
416406,1
416421,1
416424,2
416432,2
416436,1
416439,1
416445,1
416453,1
416459,1
416483,1
416490,2
416493,2
416502,1
416526,2
416530,3
416533,1
416537,2
416544,1
416563,1
416572,1
416576,1
416582,1
416585,1
416592,1
416595,1
416599,2
416605,1
416609,1
416632,1
416652,1
416658,1
416672,1
416681,1
416683,1
416691,1
416694,1
416699,1
416707,1
416712,2
416721,1
416724,2
416732,1
416734,1
416744,1
416746,1
416752,1
416754,1
416756,1
416758,1
416762,1
416771,1
416788,2
416792,2
416812,1
416814,1
416821,1
416825,2
416832,1
416839,1
416843,2
416849,1
416855,1
416864,2
416866,1
416869,2
416879,1
416881,1
416884,1
416897,1
416904,2
416909,1
416914,1
416925,1
416932,1
416935,1
416940,2
416943,2
416951,1
416975,1
416983,2
416987,1
416992,2
417016,1
417023,2
417031,1
417034,1
417037,2
417050,1
417056,2
417061,1
417069,2
417075,1
417083,1
417098,2
417101,1
417111,2
417117,1
417120,1
417131,1
417136,1
417139,1
417143,1
417146,1
417151,1
417174,5
417178,1
417181,1
417191,1
417203,1
417205,1
417216,2
417223,2
417233,1
417240,1
417243,1
417246,1
417253,1
417259,1
417263,2
417266,1
417270,1
417283,2
417290,2
417293,1
417297,1
417312,2
417314,1
417317,2
417320,1
417327,1
417335,1
417350,1
417353,2
417359,1
417363,3
417366,2
417369,1
417373,2
417377,1
417382,2
417387,2
417392,1
417397,3
417401,1
417405,1
417434,1
417439,3
417442,1
417445,1
417453,1
417455,1
417460,2
417462,1
417476,1
417481,1
417488,2
417495,1
417503,1
417509,2
417523,1
417526,2
417542,1
417555,2
417557,1
417562,2
417564,1
417567,2
417574,1
417580,1
417583,2
417586,1
417595,3
417603,1
417607,1
417612,1
417617,1
417621,1
417625,2
417647,1
417664,1
417666,1
417679,1
417682,1
417691,1
417702,1
417720,2
417722,1
417727,2
417729,1
417744,1
417750,1
417754,1
417760,1
417762,1
417764,1
417770,1
417773,1
417776,2
417779,1
417787,1
417793,2
417800,1
417814,1
417821,1
417830,1
417832,1
417836,1
417840,1
417847,3
417850,1
417871,1
417874,1
417878,2
417880,1
417885,2
417891,1
417903,1
417912,2
417920,1
417937,2
417939,1
417950,1
417953,1
417963,2
417968,1
417970,1
417982,1
417989,2
417991,1
417993,1
417995,1
418000,1
418002,1
418009,1
418015,1
418020,1
418023,1
418034,1
418041,1
418045,1
418049,2
418052,1
418070,2
418072,1
418075,1
418078,1
418090,1
418092,1
418115,1
418120,1
418132,1
418140,2
418146,1
418151,2
418167,1
418170,1
418174,2
418180,2
418183,1
418186,1
418198,1
418200,1
418204,1
418206,1
418209,1
418212,2
418217,1
418221,1
418228,2
418231,1
418234,1
418252,1
418256,1
418260,1
418264,1
418269,1
418276,1
418284,1
418296,1
418304,1
418312,1
418319,1
418325,2
418327,1
418334,1
418341,1
418351,1
418353,1
418381,1
418385,1
418388,1
418393,2
418396,2
418405,1
418409,1
418422,1
418425,2
418430,2
418436,1
418444,2
418451,1
418464,1
418474,2
418476,1
418481,1
418484,2
418492,1
418500,2
418505,1
418509,1
418518,1
418520,1
418522,1
418528,1
418534,2
418539,1
418544,2
418548,1
418552,1
418557,1
418567,2
418573,1
418585,2
418591,1
418600,2
418609,1
418616,1
418622,1
418629,1
418637,1
418657,2
418659,1
418664,2
418666,1
418669,1
418677,1
418686,2
418693,1
418698,1
418701,1
418706,1
418712,1
418718,1
418722,1
418725,1
418729,1
418741,1
418746,2
418748,1
418753,2
418759,1
418770,1
418773,1
418781,1
418786,1
418792,2
418802,2
418816,1
418820,1
418833,1
418837,1
418841,1
418844,1
418851,2
418858,1
418861,1
418864,1
418868,1
418875,1
418880,1
418882,1
418894,2
418910,1
418915,1
418921,1
418933,1
418942,1
418947,1
418955,1
418957,1
418960,1
418968,2
418975,2
418980,3
418984,2
418987,2
418995,1
419010,1
419016,1
419019,2
419024,1
419029,1
419036,2
419042,2
419052,2
419058,1
419060,1
419062,1
419074,1
419083,1
419085,1
419093,1
419098,1
419101,2
419104,1
419120,2
419122,1
419126,1
419131,1
419156,1
419163,1
419170,1
419178,1
419185,1
419196,1
419199,1
419202,2
419204,1
419233,1
419236,2
419244,1
419250,2
419253,1
419262,1
419270,1
419282,1
419287,1
419294,1
419298,1
419315,1
419322,2
419329,1
419332,2
419348,1
419357,1
419365,2
419373,1
419376,1
419378,1
419380,1
419391,1
419393,1
419409,1
419411,1
419414,2
419420,1
419423,1
419433,2
419439,1
419444,1
419450,2
419456,1
419463,1
419472,1
419475,2
419478,2
419485,1
419492,1
419499,1
419501,1
419505,1
419508,1
419511,1
419518,1
419524,2
419529,1
419547,2
419550,1
419552,1
419563,1
419568,1
419570,1
419572,1
419575,1
419582,1
419584,1
419587,1
419590,2
419598,1
419601,1
419609,1
419634,1
419639,1
419645,1
419655,1
419659,1
419663,1
419677,2
419680,1
419686,2
419695,1
419700,2
419702,1
419709,1
419719,1
419726,2
419744,1
419751,2
419753,1
419755,1
419760,4
419770,2
419783,1
419788,1
419794,1
419801,1
419806,1
419813,1
419816,1
419819,1
419827,1
419833,2
419843,1
419862,1
419865,2
419870,2
419873,1
419877,1
419887,1
419891,1
419895,2
419905,1
419908,1
419913,1
419916,1
419924,1
419927,1
419949,1
419951,1
419958,1
419964,1
419970,1
419973,1
419986,1
419993,1
419996,1
419998,1
420006,1
420014,1
420019,1
420025,1
420028,1
420052,1
420057,1
420070,1
420076,1
420088,2
420094,1
420101,1
420105,2
420110,1
420115,1
420122,1
420138,1
420153,1
420163,2
420166,1
420176,1
420178,1
420210,1
420213,1
420227,1
420234,1
420239,1
420256,2
420263,2
420265,1
420272,1
420274,1
420278,2
420283,1
420288,1
420308,1
420315,1
420341,1
420343,1
420350,3
420354,2
420366,1
420369,1
420373,2
420402,1
420413,1
420424,2
420429,1
420437,2
420463,1
420466,2
420474,1
420478,1
420480,1
420487,1
420489,1
420495,1
420508,1
420512,3
420514,1
420529,1
420531,1
420538,2
420546,1
420548,1
420552,1
420576,1
420579,2
420592,1
420600,1
420607,2
420610,1
420613,2
420621,2
420631,2
420639,1
420641,1
420645,1
420652,2
420659,2
420668,1
420673,1
420685,1
420688,1
420697,1
420704,1
420707,1
420711,1
420713,1
420715,1
420730,1
420749,1
420755,1
420764,1
420766,1
420779,1
420787,1
420791,2
420798,2
420807,1
420810,1
420813,1
420816,1
420825,2
420827,1
420836,1
420850,1
420855,2
420857,1
420860,2
420865,2
420870,1
420874,2
420914,1
420924,1
420930,1
420943,1
420946,1
420950,2
420954,1
420956,1
420960,1
420976,1
420980,1
420982,1
420990,1
420994,1
420998,1
421005,2
421017,2
421020,1
421022,1
421025,1
421034,1
421053,3
421069,1
421071,1
421075,1
421079,1
421093,1
421099,1
421112,1
421115,2
421129,1
421135,1
421146,1
421153,1
421164,3
421166,1
421173,1
421175,1
421187,1
421194,1
421199,2
421220,1
421233,1
421235,1
421243,1
421246,1
421251,1
421269,1
421280,1
421282,1
421286,1
421291,1
421307,2
421313,1
421316,1
421325,1
421331,2
421346,2
421361,2
421374,2
421381,1
421384,1
421387,1
421394,1
421400,1
421417,1
421421,1
421426,2
421441,2
421446,1
421457,2
421463,2
421466,2
421469,1
421474,1
421476,1
421481,2
421483,1
421506,1
421511,1
421513,1
421517,2
421524,1
421539,1
421548,1
421552,1
421561,1
421567,2
421575,2
421584,1
421588,1
421597,1
421625,2
421632,2
421636,1
421643,1
421645,1
421661,1
421665,1
421670,2
421673,1
421678,1
421689,1
421696,1
421712,1
421715,1
421727,1
421732,1
421739,1
421745,1
421747,1
421752,2
421755,1
421760,1
421762,1
421776,1
421782,1
421790,2
421793,1
421797,2
421803,1
421811,1
421814,2
421831,1
421837,1
421845,1
421847,1
421853,1
421855,1
421859,2
421863,1
421866,1
421872,1
421877,1
421894,1
421898,1
421900,1
421908,1
421915,1
421920,2
421924,1
421931,1
421934,2
421940,2
421946,1
421948,1
421953,1
421962,2
421969,1
421971,1
421974,1
421983,1
421985,1
421988,1
421995,2
421998,1
422001,2
422003,1
422026,1
422028,1
422031,1
422035,2
422043,1
422046,1
422048,1
422054,2
422063,2
422065,1
422077,1
422085,2
422091,1
422095,1
422109,1
422112,1
422116,1
422118,1
422122,1
422125,1
422130,1
422133,1
422135,1
422140,1
422142,1
422149,1
422157,1
422161,2
422166,1
422171,1
422176,1
422184,2
422191,1
422193,1
422200,1
422203,1
422212,1
422224,1
422230,1
422233,2
422238,1
422244,1
422255,2
422264,1
422273,1
422282,2
422296,1
422298,1
422310,2
422313,1
422327,1
422336,1
422341,2
422344,1
422346,1
422357,2
422364,2
422399,1
422407,2
422410,1
422415,2
422420,1
422423,2
422431,1
422439,1
422443,1
422449,1
422462,1
422465,1
422474,1
422488,1
422492,1
422498,2
422502,1
422510,1
422522,1
422526,1
422537,1
422556,1
422569,1
422580,1
422599,2
422601,1
422616,1
422633,2
422643,2
422652,2
422657,1
422660,2
422666,1
422673,2
422676,2
422683,1
422686,1
422709,1
422712,2
422714,1
422716,1
422720,1
422724,1
422737,3
422744,1
422746,1
422762,1
422770,1
422775,2
422778,2
422790,1
422798,1
422800,1
422812,2
422817,2
422820,2
422822,1
422828,1
422848,1
422862,1
422869,1
422876,2
422885,1
422889,1
422892,1
422897,1
422906,1
422909,1
422926,1
422929,1
422932,2
422936,1
422947,1
422952,1
422959,2
422967,2
422970,1
422979,1
422981,1
422987,1
422989,1
422994,1
422999,2
423004,1
423017,2
423021,1
423026,1
423038,1
423047,1
423051,1
423062,1
423065,2
423093,2
423100,2
423109,1
423117,1
423121,1
423124,1
423127,1
423138,2
423140,1
423144,2
423172,1
423188,1
423192,2
423198,1
423201,1
423204,1
423218,1
423222,1
423229,1
423233,1
423259,1
423262,1
423267,1
423270,1
423274,1
423276,1
423280,1
423283,1
423290,1
423293,1
423300,1
423304,1
423310,1
423315,1
423321,1
423330,1
423335,4
423341,2
423346,2
423353,1
423362,1
423374,1
423379,1
423393,1
423401,1
423418,2
423425,2
423446,2
423451,1
423454,1
423463,1
423476,1
423488,1
423502,1
423506,1
423509,1
423511,1
423526,1
423528,1
423549,2
423568,1
423578,1
423581,1
423587,2
423600,2
423609,2
423622,1
423633,2
423637,2
423647,1
423660,1
423662,1
423668,1
423671,1
423673,1
423677,1
423680,1
423697,3
423701,2
423719,1
423732,1
423754,1
423763,2
423771,1
423789,2
423794,1
423800,1
423802,1
423810,2
423821,2
423830,1
423836,1
423841,1
423857,1
423860,1
423866,4
423869,1
423872,1
423876,1
423879,1
423881,1
423884,1
423897,1
423911,1
423929,1
423931,1
423935,1
423942,1
423962,4
423966,1
423978,1
423981,1
423992,1
424004,1
424009,2
424022,2
424037,1
424049,1
424053,2
424079,1
424084,1
424107,1
424123,1
424129,2
424138,1
424143,1
424151,1
424162,1
424170,1
424175,1
424177,1
424185,2
424190,1
424196,1
424201,1
424206,1
424209,1
424220,1
424234,1
424237,1
424241,1
424246,1
424252,1
424255,1
424274,1
424283,1
424295,1
424306,1
424321,1
424331,1
424335,1
424358,1
424365,1
424369,1
424379,1
424383,1
424386,1
424396,1
424403,5
424407,1
424412,1
424428,1
424437,1
424442,1
424453,1
424464,1
424470,1
424488,1
424493,2
424504,1
424521,1
424526,2
424528,1
424539,1
424547,1
424577,1
424579,1
424582,1
424594,1
424598,2
424600,1
424604,1
424607,1
424611,1
424617,1
424621,2
424624,1
424632,1
424638,1
424648,1
424654,1
424663,1
424669,1
424689,1
424692,2
424697,1
424705,1
424708,1
424713,2
424716,1
424734,1
424743,1
424747,2
424775,1
424785,2
424788,1
424791,1
424810,1
424814,1
424839,1
424844,1
424846,1
424848,1
424853,1
424856,2
424864,1
424872,1
424878,2
424884,1
424896,2
424906,1
424908,1
424922,1
424935,1
424946,1
424962,2
424964,1
424967,1
424971,1
424974,2
424979,1
424981,1
424989,2
424995,1
424997,1
425004,2
425010,1
425015,1
425045,1
425050,1
425057,1
425061,2
425065,1
425068,2
425072,2
425083,1
425090,1
425092,1
425111,2
425116,1
425121,1
425127,1
425157,2
425181,1
425185,1
425215,1
425222,1
425229,1
425239,1
425242,2
425247,1
425253,1
425260,1
425265,1
425286,1
425288,1
425293,1
425295,1
425302,2
425304,1
425307,1
425330,1
425336,1
425341,1
425344,1
425353,2
425371,1
425378,1
425381,1
425397,1
425414,1
425422,1
425437,1
425440,2
425444,2
425453,1
425457,1
425461,1
425478,1
425486,1
425493,2
425496,1
425498,1
425502,1
425504,1
425510,1
425512,1
425515,1
425518,2
425529,1
425534,2
425539,1
425545,1
425562,2
425564,1
425575,1
425579,1
425595,1
425598,1
425601,2
425606,1
425613,1
425618,2
425625,1
425628,1
425630,1
425640,2
425643,2
425656,1
425659,1
425669,1
425671,1
425675,2
425685,2
425687,1
425694,1
425699,3
425705,1
425711,1
425719,1
425721,1
425729,1
425737,1
425743,1
425745,1
425749,1
425760,1
425763,1
425765,1
425769,1
425805,1
425808,1
425811,1
425815,1
425822,2
425830,1
425837,1
425839,1
425843,3
425848,1
425860,1
425863,2
425880,2
425883,1
425886,1
425888,1
425893,1
425895,1
425903,2
425907,1
425917,1
425921,1
425943,1
425946,2
425948,1
425968,3
425986,1
425993,1
425995,1
425999,1
426008,1
426015,1
426024,1
426026,1
426040,2
426043,1
426045,1
426047,1
426064,1
426069,1
426086,2
426093,1
426104,1
426106,1
426110,2
426118,1
426123,1
426129,2
426133,1
426135,1
426138,2
426149,1
426156,1
426164,1
426173,1
426180,1
426188,1
426196,1
426200,1
426221,1
426233,1
426241,1
426252,1
426269,1
426277,1
426280,2
426292,2
426298,1
426304,2
426313,2
426316,1
426322,2
426328,1
426330,1
426332,1
426339,1
426348,1
426354,1
426361,1
426386,1
426389,1
426397,1
426402,1
426404,1
426417,2
426424,2
426430,1
426432,1
426448,1
426452,1
426454,1
426464,1
426466,1
426484,1
426486,1
426495,1
426504,2
426513,1
426522,2
426525,1
426530,2
426532,1
426536,3
426538,1
426542,1
426545,2
426548,2
426552,1
426554,1
426556,1
426560,2
426569,2
426572,2
426575,1
426578,1
426584,2
426592,2
426615,1
426617,1
426626,1
426628,1
426637,1
426648,1
426653,1
426658,1
426664,1
426667,1
426673,2
426675,1
426687,2
426696,1
426716,1
426720,1
426729,1
426749,2
426753,1
426766,1
426779,1
426786,1
426796,1
426810,1
426815,2
426828,1
426836,2
426849,3
426852,1
426860,1
426872,4
426875,2
426881,1
426883,1
426887,2
426892,1
426898,1
426909,2
426913,1
426915,1
426918,1
426925,2
426936,1
426943,1
426951,1
426970,2
426992,1
426995,1
427006,1
427015,1
427025,1
427044,2
427053,1
427056,1
427058,1
427065,1
427080,1
427096,1
427105,1
427115,3
427118,1
427125,1
427135,1
427149,1
427154,2
427158,3
427169,2
427176,1
427178,1
427186,1
427188,1
427192,1
427196,1
427212,1
427215,1
427218,1
427220,1
427248,2
427255,1
427258,2
427261,1
427279,1
427284,2
427287,2
427289,1
427294,1
427296,1
427302,1
427308,1
427311,2
427324,1
427328,1
427341,1
427356,2
427366,1
427368,1
427394,1
427398,2
427404,1
427414,2
427424,2
427428,1
427438,2
427442,1
427445,1
427468,1
427480,1
427487,1
427489,1
427492,1
427495,1
427499,1
427501,1
427506,1
427508,1
427511,1
427514,2
427518,1
427520,1
427525,2
427530,1
427535,2
427549,2
427554,2
427559,1
427574,1
427579,1
427582,1
427600,2
427607,2
427617,1
427637,1
427641,1
427656,1
427659,2
427663,1
427671,2
427679,1
427687,1
427691,2
427710,1
427713,1
427729,1
427740,1
427746,1
427749,1
427760,1
427767,1
427775,1
427777,1
427779,1
427784,2
427787,1
427790,1
427798,1
427803,2
427808,1
427811,1
427814,1
427824,1
427828,1
427831,1
427840,1
427846,1
427852,1
427856,1
427862,2
427868,1
427870,1
427872,1
427875,1
427883,1
427896,1
427902,2
427907,1
427910,1
427912,1
427915,1
427918,1
427928,2
427931,1
427935,1
427941,1
427945,1
427960,2
427963,1
427978,1
427982,1
427988,1
428000,1
428012,2
428019,1
428024,1
428029,1
428038,2
428050,1
428055,2
428057,1
428071,1
428075,1
428078,1
428082,1
428084,1
428090,2
428096,1
428100,1
428103,2
428106,1
428109,1
428113,2
428121,1
428126,2
428131,1
428141,1
428151,1
428159,1
428166,2
428168,1
428171,1
428174,1
428180,2
428198,1
428206,1
428224,1
428229,2
428242,2
428244,1
428250,1
428256,1
428260,2
428265,2
428268,2
428276,4
428280,2
428286,1
428297,1
428305,1
428310,1
428319,2
428324,1
428329,1
428331,1
428340,3
428345,1
428353,1
428356,2
428358,1
428364,2
428374,2
428380,1
428387,1
428393,1
428401,1
428406,1
428418,1
428420,1
428430,1
428441,1
428454,1
428458,1
428463,2
428470,2
428473,1
428479,2
428483,1
428491,2
428497,1
428504,1
428508,1
428514,1
428517,1
428519,1
428539,2
428549,2
428566,2
428568,1
428574,2
428585,2
428588,1
428592,1
428605,2
428617,3
428624,1
428653,2
428667,1
428673,1
428681,1
428695,2
428706,1
428711,1
428716,1
428720,3
428728,2
428732,2
428737,2
428740,1
428760,1
428768,1
428776,2
428783,1
428802,1
428807,1
428821,1
428828,1
428833,1
428861,2
428868,1
428875,1
428887,1
428892,1
428898,1
428900,1
428909,1
428914,1
428919,1
428922,1
428924,1
428927,1
428930,2
428937,1
428951,1
428959,1
428973,1
428977,2
428986,1
428989,2
428991,1
428993,1
428995,1
428999,1
429006,1
429030,1
429032,1
429038,1
429051,2
429054,1
429056,1
429058,1
429077,1
429082,1
429094,1
429104,1
429116,2
429139,1
429148,1
429157,2
429164,1
429166,1
429177,1
429184,1
429190,1
429194,1
429216,1
429248,1
429266,1
429282,1
429294,2
429297,1
429301,1
429308,1
429310,1
429312,1
429318,1
429324,1
429339,1
429342,1
429357,1
429365,1
429367,1
429373,1
429377,1
429380,1
429385,1
429388,1
429391,2
429396,1
429399,1
429408,1
429428,1
429434,2
429440,1
429447,1
429452,1
429462,2
429481,1
429485,1
429489,1
429498,2
429506,1
429509,1
429511,1
429516,1
429530,1
429535,1
429549,1
429556,1
429565,1
429575,1
429588,2
429592,1
429595,1
429599,2
429605,1
429607,1
429627,1
429648,2
429656,1
429659,1
429663,1
429667,1
429669,1
429672,1
429675,2
429685,1
429692,3
429695,2
429705,1
429716,1
429719,1
429725,1
429730,2
429733,1
429745,1
429758,2
429765,1
429772,1
429781,1
429784,1
429790,1
429796,1
429801,1
429814,2
429816,1
429820,1
429822,1
429830,1
429835,1
429839,1
429844,1
429850,1
429853,2
429857,1
429862,1
429871,1
429877,2
429886,1
429892,1
429904,1
429907,2
429911,2
429919,1
429926,1
429931,1
429933,1
429937,2
429944,1
429947,1
429964,1
429967,1
429983,2
429990,1
429998,1
430001,1
430004,1
430017,2
430028,2
430035,1
430037,1
430044,1
430050,1
430052,1
430055,2
430066,1
430071,2
430098,1
430104,2
430112,1
430121,2
430139,1
430145,2
430151,1
430154,1
430179,1
430183,1
430213,1
430221,1
430223,1
430235,1
430238,2
430246,1
430253,2
430257,2
430260,1
430269,1
430274,1
430276,1
430281,2
430286,1
430290,1
430295,1
430314,2
430323,2
430325,1
430335,1
430338,1
430360,1
430362,1
430373,1
430375,1
430378,2
430381,1
430386,2
430390,1
430395,1
430398,1
430403,1
430406,1
430423,1
430430,1
430432,1
430439,1
430441,1
430447,2
430449,1
430464,1
430468,1
430476,1
430483,1
430486,2
430504,1
430506,1
430514,1
430521,1
430524,2
430530,1
430539,1
430551,1
430597,1
430610,1
430629,1
430634,1
430638,1
430642,1
430654,1
430697,1
430710,1
430712,1
430718,1
430727,1
430736,1
430738,1
430745,1
430747,1
430761,2
430765,2
430772,2
430782,1
430786,1
430789,1
430793,1
430814,1
430821,2
430825,1
430830,2
430832,1
430835,1
430839,1
430842,1
430850,1
430852,1
430855,1
430862,1
430866,1
430885,1
430889,2
430893,1
430904,1
430906,1
430915,1
430924,2
430931,2
430938,1
430946,2
430949,1
430958,1
430965,2
430973,1
430978,1
430981,1
430984,1
430990,3
430994,1
430999,2
431003,1
431008,1
431011,1
431016,1
431035,1
431043,2
431047,1
431055,2
431062,1
431066,2
431076,1
431087,1
431104,3
431116,1
431130,1
431139,2
431149,1
431155,1
431160,1
431163,2
431166,1
431169,2
431173,1
431199,2
431212,1
431225,2
431234,2
431242,1
431244,1
431256,1
431266,1
431283,1
431288,1
431296,1
431298,1
431300,1
431303,1
431317,1
431321,1
431326,2
431329,1
431340,1
431351,3
431357,2
431363,1
431366,1
431369,1
431381,1
431385,2
431388,2
431393,1
431398,1
431408,2
431411,1
431419,1
431423,1
431427,1
431431,1
431445,1
431457,1
431461,2
431466,1
431469,1
431479,1
431488,1
431509,1
431511,1
431527,1
431531,1
431534,2
431537,1
431542,2
431546,1
431561,3
431565,1
431572,3
431580,1
431586,2
431589,1
431592,1
431598,2
431611,1
431613,1
431621,1
431624,2
431634,1
431644,1
431649,1
431700,2
431703,1
431713,1
431720,1
431722,1
431728,1
431732,1
431753,1
431759,1
431762,1
431778,1
431784,2
431791,1
431813,2
431819,1
431821,1
431829,1
431834,1
431839,1
431842,1
431846,2
431852,2
431858,1
431861,1
431874,1
431883,1
431903,1
431908,4
431913,1
431916,1
431921,1
431928,1
431941,1
431949,2
431967,1
431970,2
431978,1
431989,1
432000,2
432016,1
432019,1
432024,2
432034,2
432042,1
432047,1
432063,1
432074,1
432076,1
432086,1
432094,1
432102,1
432107,1
432113,1
432117,1
432122,1
432141,2
432165,1
432167,1
432171,1
432174,1
432176,1
432178,1
432186,1
432190,1
432199,1
432202,1
432213,2
432226,1
432229,1
432232,1
432235,1
432246,1
432255,2
432269,1
432271,1
432282,1
432285,2
432288,2
432296,1
432300,1
432308,1
432312,2
432315,1
432331,2
432341,1
432344,1
432349,1
432352,2
432358,1
432362,3
432365,2
432370,1
432383,1
432391,1
432394,1
432399,1
432402,1
432416,1
432424,1
432428,1
432431,2
432438,2
432445,1
432454,1
432457,1
432459,1
432467,1
432481,1
432490,1
432492,1
432496,2
432507,1
432513,1
432519,1
432531,1
432536,2
432538,1
432540,1
432549,1
432554,2
432559,1
432580,1
432592,1
432601,1
432620,2
432629,2
432645,1
432647,1
432653,1
432669,1
432672,1
432675,1
432680,1
432689,1
432691,1
432698,1
432701,2
432706,1
432708,1
432715,1
432717,1
432719,1
432722,1
432725,1
432734,1
432737,1
432747,1
432750,2
432755,2
432760,1
432765,2
432770,1
432779,1
432781,1
432788,1
432793,1
432806,2
432823,2
432831,1
432836,1
432850,2
432854,1
432864,1
432870,1
432872,1
432877,1
432882,2
432888,1
432902,1
432906,1
432909,2
432922,1
432927,1
432933,3
432948,2
432951,1
432956,1
432961,2
432969,1
432974,1
432979,1
432989,1
432994,2
432997,2
433000,1
433004,1
433007,1
433015,1
433020,1
433022,1
433028,1
433035,2
433040,1
433053,1
433057,1
433061,2
433076,1
433079,1
433084,1
433088,1
433093,1
433096,1
433108,1
433114,2
433120,2
433123,1
433131,2
433133,1
433138,1
433143,1
433149,1
433161,2
433168,1
433185,1
433191,1
433195,1
433198,1
433204,1
433215,1
433220,2
433229,1
433239,1
433257,1
433268,1
433270,1
433286,1
433298,1
433303,1
433324,1
433327,2
433332,1
433334,1
433342,2
433345,1
433360,1
433362,1
433368,1
433375,1
433381,1
433387,1
433394,1
433396,1
433400,1
433403,1
433406,1
433410,1
433421,1
433429,1
433434,1
433443,1
433454,1
433465,1
433493,2
433503,2
433506,2
433522,1
433532,1
433540,1
433542,1
433548,2
433554,1
433558,1
433560,1
433569,1
433572,1
433594,1
433599,2
433606,1
433619,1
433624,1
433635,2
433640,1
433642,1
433651,1
433655,1
433660,2
433666,1
433669,1
433673,1
433678,3
433681,1
433686,1
433689,1
433693,1
433698,1
433710,1
433715,1
433717,1
433723,1
433730,1
433732,1
433744,2
433747,1
433749,1
433762,1
433765,2
433768,1
433783,1
433788,1
433796,1
433822,1
433826,1
433828,1
433831,1
433841,1
433844,1
433857,1
433868,1
433880,2
433885,1
433890,1
433893,1
433901,2
433909,1
433915,2
433918,1
433924,2
433931,2
433941,1
433953,2
433956,2
433958,1
433969,2
433976,2
433978,1
433985,1
433991,2
434007,1
434021,1
434024,1
434026,1
434028,1
434032,1
434034,1
434047,1
434052,1
434061,1
434077,2
434091,1
434094,1
434110,2
434118,1
434120,1
434123,1
434128,2
434131,1
434136,1
434141,1
434146,2
434156,1
434167,1
434172,2
434180,1
434187,1
434193,1
434213,1
434218,1
434226,1
434232,1
434246,1
434252,2
434256,1
434264,2
434270,2
434277,1
434285,1
434291,1
434296,2
434300,1
434303,2
434306,1
434308,1
434310,1
434323,1
434325,1
434331,2
434336,2
434339,1
434343,1
434354,1
434369,2
434381,1
434390,2
434406,2
434413,2
434419,1
434422,1
434426,1
434448,1
434454,1
434465,1
434468,1
434473,1
434489,1
434499,1
434502,2
434507,1
434514,1
434519,1
434544,1
434546,1
434550,1
434553,1
434566,1
434576,1
434580,1
434592,1
434598,1
434603,1
434617,1
434628,2
434636,1
434645,1
434653,1
434655,1
434661,1
434665,1
434667,1
434674,1
434678,1
434683,1
434689,1
434693,2
434697,2
434705,1
434708,2
434711,1
434722,1
434731,1
434743,1
434745,1
434757,1
434768,2
434784,1
434790,1
434794,1
434801,1
434806,1
434809,1
434819,1
434829,1
434832,1
434840,1
434853,2
434856,1
434864,1
434869,1
434879,1
434885,1
434902,1
434906,2
434921,1
434942,1
434947,2
434952,1
434958,1
434960,1
434967,1
434981,2
434984,2
434994,1
434998,1
435001,1
435017,1
435027,1
435037,1
435042,2
435049,2
435061,1
435071,2
435078,1
435083,2
435087,1
435089,1
435092,1
435113,1
435122,1
435125,1
435132,1
435136,2
435138,1
435156,2
435161,1
435164,1
435166,1
435179,1
435184,1
435187,1
435190,2
435214,1
435227,2
435233,1
435242,2
435252,1
435259,1
435261,1
435263,1
435271,1
435273,1
435278,2
435307,1
435309,1
435317,1
435322,2
435330,1
435336,1
435346,1
435360,1
435369,1
435375,2
435377,1
435380,1
435391,1
435397,1
435405,1
435409,1
435414,2
435429,1
435436,1
435439,1
435441,1
435444,1
435448,1
435452,1
435467,1
435483,1
435496,2
435504,2
435509,1
435515,1
435517,1
435528,1
435537,1
435539,1
435547,1
435556,1
435570,2
435581,2
435583,1
435585,1
435588,1
435598,1
435605,1
435608,1
435611,1
435613,1
435628,1
435632,2
435639,1
435641,1
435644,2
435664,1
435674,2
435679,1
435685,1
435693,2
435703,1
435716,1
435720,1
435722,1
435730,1
435738,1
435740,1
435747,1
435750,1
435753,1
435765,2
435780,1
435784,1
435795,1
435815,1
435828,1
435835,1
435839,2
435850,1
435857,1
435862,1
435864,1
435867,2
435872,1
435874,1
435876,1
435888,1
435891,1
435893,1
435896,1
435909,2
435918,1
435935,1
435943,1
435945,1
435947,1
435954,1
435968,1
435986,1
435989,1
435994,1
435999,2
436008,1
436011,1
436018,1
436022,2
436031,1
436035,1
436046,1
436055,2
436058,1
436061,1
436064,1
436074,2
436101,1
436103,1
436108,2
436113,1
436118,1
436124,1
436126,1
436130,2
436139,1
436141,1
436147,1
436150,1
436154,1
436159,1
436162,1
436167,2
436170,2
436182,2
436185,1
436187,1
436192,1
436198,1
436210,2
436213,1
436223,1
436230,1
436235,1
436268,1
436276,1
436292,1
436297,3
436300,1
436306,1
436309,1
436313,2
436316,1
436322,1
436324,1
436326,1
436329,1
436342,1
436345,2
436355,1
436357,1
436370,1
436374,1
436378,2
436406,2
436411,1
436415,1
436419,2
436426,1
436430,1
436433,1
436435,1
436448,1
436451,1
436455,1
436474,1
436481,1
436489,1
436498,1
436515,1
436519,1
436527,2
436531,1
436540,1
436542,1
436554,1
436557,2
436567,2
436569,1
436583,1
436591,1
436598,1
436601,1
436607,1
436614,1
436619,1
436624,1
436626,1
436628,1
436630,1
436637,1
436670,1
436677,1
436684,1
436690,1
436700,1
436702,1
436711,1
436717,1
436723,1
436728,2
436731,2
436741,1
436758,1
436763,1
436779,2
436782,1
436788,2
436791,1
436797,1
436809,1
436812,1
436817,1
436819,1
436831,1
436835,1
436839,1
436846,1
436849,1
436861,1
436863,1
436868,2
436875,1
436889,1
436894,1
436912,1
436919,2
436924,2
436935,1
436941,1
436945,2
436951,1
436958,1
436960,1
436983,1
436986,1
436995,1
437002,2
437016,1
437020,1
437023,2
437031,1
437042,2
437045,1
437062,1
437066,1
437072,1
437079,1
437084,1
437090,1
437103,1
437113,1
437120,1
437133,1
437144,1
437165,1
437180,1
437193,1
437204,2
437214,1
437216,1
437221,1
437226,1
437240,1
437247,1
437264,1
437287,2
437291,1
437297,2
437305,1
437312,2
437315,1
437320,1
437333,1
437336,1
437344,1
437356,2
437360,1
437362,1
437364,1
437368,1
437375,1
437384,2
437389,2
437394,1
437397,1
437412,4
437418,1
437424,1
437428,1
437437,1
437452,2
437454,1
437464,1
437469,1
437485,2
437490,2
437499,2
437505,1
437530,2
437533,1
437538,1
437540,1
437546,1
437550,2
437558,1
437567,1
437569,1
437582,2
437589,1
437597,1
437600,1
437603,1
437611,1
437621,1
437626,1
437633,1
437639,1
437647,1
437656,1
437663,1
437674,2
437681,1
437689,2
437691,1
437696,1
437701,2
437710,1
437714,1
437717,1
437729,1
437744,1
437746,1
437756,1
437776,1
437787,1
437792,2
437798,2
437803,1
437817,1
437820,1
437827,2
437845,1
437849,1
437853,1
437857,1
437873,1
437877,1
437882,1
437891,1
437899,1
437902,1
437925,1
437938,2
437943,2
437950,2
437960,1
437987,1
437990,1
437994,1
437999,1
438002,2
438012,1
438018,1
438020,1
438029,1
438035,2
438050,3
438055,2
438058,2
438061,1
438079,1
438085,1
438092,1
438095,1
438103,1
438107,1
438115,1
438118,1
438120,1
438123,1
438131,1
438133,1
438137,2
438148,1
438153,1
438159,1
438161,1
438175,2
438180,1
438188,1
438196,1
438208,1
438218,1
438229,2
438237,1
438254,2
438291,2
438293,1
438296,1
438301,1
438308,1
438310,1
438314,1
438321,1
438323,1
438332,1
438337,1
438349,2
438371,1
438374,1
438380,1
438385,1
438388,1
438410,1
438413,1
438419,1
438426,1
438431,2
438435,1
438441,2
438451,1
438461,2
438465,1
438484,1
438493,1
438497,2
438501,1
438503,1
438529,1
438539,1
438546,2
438550,1
438553,1
438566,2
438572,1
438583,1
438592,2
438595,1
438610,2
438612,1
438624,4
438630,1
438635,2
438641,1
438651,1
438656,1
438660,1
438665,1
438670,1
438683,1
438687,2
438690,1
438693,1
438701,1
438705,1
438709,2
438722,1
438735,1
438740,2
438745,1
438749,2
438761,1
438764,1
438774,2
438779,1
438781,1
438802,1
438810,5
438815,1
438823,1
438837,2
438840,2
438849,1
438856,1
438863,1
438870,2
438877,1
438881,1
438888,2
438895,2
438899,1
438910,1
438930,1
438937,1
438954,2
438961,1
438969,1
438971,1
438975,1
438982,1
438989,1
438992,1
438995,1
439024,1
439028,2
439036,2
439039,1
439044,1
439048,1
439053,3
439070,2
439078,1
439086,1
439093,1
439095,1
439101,2
439104,2
439112,1
439114,1
439118,1
439138,1
439155,1
439164,1
439169,2
439171,1
439179,1
439199,1
439203,1
439208,1
439214,1
439223,2
439228,1
439231,1
439237,1
439245,1
439247,1
439250,1
439255,1
439260,1
439268,1
439272,1
439276,1
439281,1
439308,1
439317,1
439319,1
439332,1
439346,1
439352,1
439355,1
439361,2
439367,1
439369,1
439376,2
439381,1
439391,1
439399,1
439401,1
439404,1
439409,1
439413,1
439418,4
439423,1
439428,1
439454,1
439459,2
439464,1
439469,1
439478,2
439484,1
439489,1
439492,1
439507,1
439515,1
439518,1
439525,2
439530,1
439536,1
439545,1
439553,2
439569,1
439573,2
439576,1
439588,1
439595,1
439601,1
439613,1
439615,1
439621,2
439625,1
439628,1
439637,1
439640,1
439653,1
439660,1
439662,1
439681,1
439684,1
439699,2
439708,1
439725,2
439727,1
439732,2
439735,1
439737,1
439742,1
439749,1
439768,1
439781,1
439784,1
439792,1
439795,1
439797,1
439809,2
439812,2
439814,1
439822,1
439829,1
439832,1
439834,1
439836,1
439842,2
439844,1
439865,1
439869,1
439874,1
439877,2
439890,1
439894,1
439899,1
439901,1
439911,2
439925,1
439928,1
439932,1
439938,1
439942,1
439949,1
439955,2
439958,1
439961,1
439968,1
439975,1
439977,1
439989,1
439993,1
439996,2
440005,1
440022,1
440032,1
440038,2
440053,2
440062,1
440068,2
440077,1
440081,2
440091,3
440097,1
440102,1
440105,1
440120,2
440122,1
440130,1
440137,1
440143,1
440145,1
440147,1
440149,1
440160,2
440163,2
440168,2
440177,1
440180,1
440188,1
440194,2
440199,1
440206,1
440216,1
440227,1
440229,1
440233,1
440235,1
440237,1
440245,1
440263,1
440266,1
440269,2
440271,1
440279,1
440290,2
440292,1
440297,1
440299,1
440302,1
440311,1
440322,1
440327,1
440329,1
440332,2
440341,1
440347,2
440351,1
440360,1
440362,1
440364,1
440367,1
440373,1
440379,1
440389,1
440393,2
440399,1
440406,1
440410,1
440415,1
440418,2
440422,1
440428,1
440434,2
440440,1
440449,1
440458,1
440462,1
440498,1
440503,1
440515,1
440528,1
440531,1
440534,2
440546,1
440556,1
440559,1
440565,1
440573,1
440578,1
440589,2
440591,1
440594,1
440600,1
440608,1
440613,1
440615,1
440622,1
440628,1
440644,1
440649,1
440661,2
440664,1
440670,1
440677,2
440685,1
440690,1
440707,2
440716,1
440719,1
440729,1
440731,1
440734,1
440738,1
440747,1
440752,1
440755,1
440769,2
440778,1
440786,1
440793,1
440800,1
440806,2
440813,2
440820,2
440824,1
440831,2
440836,1
440839,1
440845,2
440847,1
440849,1
440870,2
440874,1
440891,1
440893,1
440903,2
440921,1
440926,1
440934,1
440938,1
440941,1
440945,1
440949,1
440951,1
440957,1
440962,2
440968,1
440972,1
440975,1
440979,1
440993,1
441012,2
441017,1
441051,2
441068,1
441074,2
441081,2
441091,2
441097,1
441099,1
441101,1
441103,1
441112,2
441114,1
441123,2
441128,1
441161,1
441163,1
441171,1
441190,3
441206,3
441210,1
441216,2
441221,1
441224,1
441227,2
441235,2
441244,1
441249,1
441254,1
441272,1
441276,2
441281,1
441285,1
441288,1
441306,2
441317,2
441323,1
441340,1
441343,1
441348,1
441354,1
441360,1
441369,1
441372,2
441375,2
441377,1
441383,2
441395,1
441401,1
441405,2
441408,2
441415,2
441419,1
441430,1
441439,1
441447,1
441454,1
441461,2
441464,1
441477,1
441479,1
441484,1
441487,1
441489,1
441493,3
441520,1
441549,2
441556,1
441565,1
441571,1
441576,1
441580,2
441587,1
441592,1
441597,1
441602,1
441604,1
441607,2
441610,1
441618,1
441633,2
441636,1
441639,1
441645,1
441653,1
441660,1
441664,2
441669,1
441675,1
441677,1
441679,1
441687,2
441693,1
441698,2
441703,1
441706,1
441718,2
441722,2
441725,1
441742,2
441749,1
441751,1
441755,1
441758,1
441763,1
441768,2
441770,1
441774,1
441783,1
441787,1
441793,1
441800,1
441819,2
441827,1
441834,2
441839,1
441848,2
441851,1
441876,1
441879,1
441890,2
441903,1
441917,2
441926,1
441933,2
441949,1
441956,2
441962,1
441966,1
441972,1
441980,3
441992,1
441999,1
442003,2
442011,1
442016,1
442020,1
442027,1
442034,1
442044,2
442054,1
442059,2
442088,1
442097,1
442104,1
442115,1
442117,1
442124,2
442135,2
442157,1
442159,1
442168,2
442171,1
442174,1
442181,1
442187,1
442191,1
442195,2
442216,1
442224,3
442229,1
442232,1
442240,2
442243,1
442245,1
442249,2
442254,2
442256,1
442258,1
442271,2
442279,1
442284,1
442287,1
442313,2
442317,1
442323,1
442325,1
442327,1
442329,1
442332,2
442335,1
442344,2
442353,1
442363,1
442368,2
442377,1
442380,2
442383,1
442385,1
442388,1
442394,1
442411,1
442416,1
442430,2
442432,1
442434,1
442437,1
442441,1
442447,1
442455,1
442458,2
442461,1
442472,1
442474,1
442484,1
442488,1
442494,2
442505,1
442508,1
442513,1
442531,1
442535,2
442541,1
442543,1
442546,1
442552,1
442554,1
442569,1
442574,2
442577,2
442580,1
442584,1
442599,2
442604,1
442609,1
442612,1
442619,1
442627,1
442632,1
442648,1
442653,1
442656,1
442658,1
442663,1
442665,1
442671,1
442675,1
442684,2
442687,1
442702,1
442708,1
442719,1
442727,1
442736,1
442738,1
442741,1
442751,2
442758,1
442761,1
442766,1
442791,1
442799,1
442802,2
442808,1
442815,2
442825,1
442837,2
442842,1
442852,1
442856,2
442859,1
442871,1
442873,1
442878,1
442884,1
442896,1
442900,2
442904,1
442913,1
442917,1
442925,2
442932,1
442958,2
442965,1
442974,1
442979,1
442982,2
442991,1
442997,2
443001,2
443003,1
443007,1
443012,1
443016,2
443020,1
443025,1
443032,1
443036,1
443040,1
443048,2
443058,2
443063,1
443070,1
443076,1
443081,2
443085,1
443087,1
443092,1
443097,2
443116,2
443124,1
443134,1
443151,1
443160,2
443165,1
443168,2
443177,1
443184,2
443206,1
443213,1
443223,2
443226,1
443231,1
443238,2
443245,1
443255,1
443265,1
443270,1
443275,1
443281,1
443292,2
443297,1
443302,1
443306,2
443329,1
443341,1
443344,2
443351,1
443354,1
443358,1
443380,2
443393,2
443398,1
443410,1
443417,1
443423,1
443427,2
443430,1
443436,1
443438,1
443442,3
443445,1
443447,1
443455,1
443466,1
443470,2
443481,1
443485,1
443492,1
443495,1
443499,1
443504,2
443518,1
443522,2
443533,1
443546,1
443561,1
443564,1
443568,2
443571,2
443593,2
443598,2
443615,1
443617,1
443621,1
443634,2
443637,1
443642,2
443649,1
443660,2
443674,1
443682,2
443687,1
443711,1
443716,1
443721,1
443724,2
443729,1
443743,1
443753,3
443773,1
443778,2
443785,1
443789,1
443798,1
443803,1
443819,1
443822,1
443827,1
443835,1
443839,1
443847,2
443853,1
443860,1
443863,1
443868,1
443871,1
443875,1
443877,1
443902,1
443905,1
443908,2
443913,1
443923,1
443926,2
443937,1
443941,1
443943,1
443956,1
443959,1
443963,1
443969,3
443973,1
443977,1
443979,1
443983,2
443992,1
444009,1
444016,1
444019,2
444024,1
444034,1
444037,1
444040,1
444046,1
444058,1
444078,2
444083,1
444095,2
444101,1
444107,2
444113,1
444120,2
444140,1
444164,1
444169,2
444172,1
444177,2
444186,2
444191,1
444196,1
444203,1
444209,1
444214,1
444217,1
444220,1
444230,2
444239,1
444249,2
444253,1
444266,1
444292,1
444303,2
444310,1
444319,1
444322,2
444329,2
444340,1
444345,2
444347,1
444352,1
444364,1
444371,1
444375,1
444378,1
444387,1
444408,2
444410,1
444414,3
444432,2
444437,1
444443,1
444445,1
444452,2
444482,1
444488,1
444493,2
444508,1
444512,1
444516,1
444518,1
444544,2
444554,2
444557,1
444559,1
444566,1
444572,2
444576,2
444582,1
444584,1
444595,2
444604,1
444610,1
444625,2
444628,1
444637,1
444643,1
444662,1
444666,2
444673,2
444678,2
444683,1
444698,2
444708,1
444712,1
444717,1
444726,1
444728,1
444741,1
444749,1
444753,2
444764,1
444770,1
444773,1
444779,1
444786,1
444790,1
444811,2
444816,1
444823,1
444829,2
444835,1
444837,1
444843,1
444845,1
444848,2
444854,1
444859,1
444863,2
444866,1
444870,1
444875,1
444882,1
444896,2
444900,1
444905,1
444917,1
444920,1
444923,1
444930,1
444933,1
444938,1
444945,1
444958,1
444962,2
444967,1
444987,1
444996,1
445001,2
445010,1
445012,1
445015,1
445021,1
445028,1
445037,2
445050,1
445057,1
445067,1
445074,2
445076,1
445088,2
445092,2
445095,1
445100,1
445115,1
445120,1
445123,1
445125,1
445133,1
445144,2
445150,2
445155,1
445159,2
445168,2
445175,1
445187,1
445194,1
445197,1
445211,1
445216,1
445222,1
445231,1
445239,1
445247,1
445273,1
445276,1
445283,2
445288,1
445292,1
445297,1
445311,1
445322,1
445325,1
445329,1
445332,1
445335,2
445337,1
445344,2
445346,1
445348,1
445351,1
445355,1
445360,1
445366,1
445374,1
445376,1
445384,2
445389,1
445405,1
445409,1
445411,1
445414,2
445426,1
445428,1
445432,1
445442,1
445448,1
445462,1
445471,1
445477,2
445503,1
445505,1
445509,1
445511,1
445535,1
445537,1
445553,1
445570,1
445573,1
445587,2
445597,2
445605,1
445615,1
445627,1
445632,1
445639,1
445645,1
445652,1
445661,1
445672,1
445676,1
445678,1
445683,2
445693,1
445697,1
445707,1
445712,1
445719,1
445723,1
445732,1
445739,1
445746,1
445768,1
445785,1
445788,1
445799,1
445802,1
445804,1
445807,2
445811,1
445822,1
445828,1
445833,2
445841,1
445844,1
445852,2
445866,2
445877,1
445887,1
445895,1
445901,2
445906,1
445914,2
445916,1
445927,2
445930,1
445935,1
445942,1
445957,1
445964,2
445978,2
445980,1
445991,1
446002,1
446008,1
446020,1
446024,1
446026,1
446036,1
446041,1
446052,1
446063,1
446071,1
446095,2
446099,1
446113,2
446116,1
446121,1
446128,1
446134,1
446152,1
446160,1
446166,1
446169,1
446176,1
446190,1
446203,1
446206,2
446208,1
446216,1
446223,1
446227,2
446233,1
446245,1
446253,2
446259,2
446273,1
446286,1
446289,1
446293,1
446297,1
446302,1
446313,1
446324,2
446331,1
446338,1
446345,1
446350,1
446354,1
446360,1
446363,1
446370,1
446373,1
446378,1
446382,1
446385,2
446390,1
446396,1
446404,2
446411,1
446415,2
446424,2
446426,1
446430,2
446436,1
446449,1
446455,2
446457,1
446464,1
446469,1
446472,1
446476,2
446478,1
446482,1
446485,1
446488,1
446491,1
446497,1
446505,1
446516,1
446524,1
446534,2
446553,2
446555,1
446559,2
446561,1
446565,1
446567,1
446581,1
446588,1
446591,2
446609,3
446619,1
446639,1
446642,1
446651,1
446671,1
446688,1
446703,1
446709,1
446711,1
446725,1
446735,1
446743,1
446748,2
446754,1
446756,1
446762,1
446776,1
446778,1
446784,1
446786,1
446799,2
446803,2
446815,2
446821,1
446827,2
446844,2
446851,2
446860,1
446866,1
446875,1
446884,1
446891,3
446908,3
446913,2
446925,1
446928,1
446931,1
446934,2
446940,1
446949,2
446951,1
446954,2
446962,2
446964,1
446967,2
446975,2
446978,2
446984,2
446994,1
447008,1
447020,1
447038,2
447051,2
447057,2
447065,2
447072,1
447086,1
447092,1
447108,1
447115,1
447129,1
447144,1
447156,1
447159,2
447165,1
447168,1
447181,1
447184,1
447189,1
447199,2
447207,1
447221,1
447237,1
447239,1
447251,1
447265,1
447277,1
447284,1
447299,1
447312,1
447315,1
447322,1
447326,2
447334,1
447350,1
447372,1
447381,2
447392,1
447394,1
447401,2
447406,2
447412,1
447422,2
447437,2
447443,1
447462,2
447478,1
447493,2
447505,1
447510,1
447512,1
447515,1
447518,1
447534,1
447540,2
447542,1
447551,1
447553,1
447565,1
447568,1
447571,1
447581,1
447583,1
447590,2
447593,1
447598,2
447606,1
447609,1
447615,1
447620,1
447629,1
447635,1
447640,1
447642,1
447648,1
447677,2
447684,1
447688,1
447690,1
447698,1
447715,1
447719,1
447722,1
447726,1
447730,1
447735,2
447743,1
447751,1
447760,1
447779,2
447783,1
447804,2
447823,1
447829,1
447865,1
447871,2
447881,1
447884,1
447893,1
447900,1
447905,3
447911,2
447915,1
447920,2
447923,1
447944,1
447946,1
447949,1
447954,1
447959,1
447968,1
447971,2
447995,2
448001,1
448025,1
448033,2
448036,1
448041,2
448056,1
448062,1
448066,1
448070,1
448073,1
448080,1
448088,1
448090,1
448095,2
448107,1
448114,1
448123,1
448126,1
448133,1
448138,1
448146,2
448165,2
448190,2
448192,1
448197,2
448203,1
448208,1
448215,1
448221,2
448225,2
448232,1
448240,1
448243,1
448252,1
448257,1
448262,1
448264,1
448266,1
448271,1
448278,2
448283,2
448288,1
448291,1
448295,1
448297,1
448302,2
448309,1
448325,1
448328,1
448332,1
448335,1
448346,1
448364,2
448377,2
448379,1
448384,1
448389,1
448396,2
448399,1
448413,1
448425,1
448427,1
448431,1
448435,1
448452,1
448454,1
448456,1
448465,1
448475,1
448480,1
448487,2
448492,1
448501,2
448514,1
448518,1
448523,3
448537,1
448541,1
448552,1
448564,1
448578,2
448584,1
448588,1
448606,1
448608,1
448618,1
448631,1
448633,1
448638,1
448640,1
448655,2
448660,1
448667,2
448674,1
448679,1
448682,1
448686,1
448691,1
448701,2
448703,1
448707,1
448710,1
448714,1
448718,1
448720,1
448728,1
448736,1
448745,1
448759,1
448764,1
448766,1
448769,2
448772,1
448795,1
448799,2
448801,1
448805,1
448826,1
448840,1
448842,1
448847,1
448850,1
448872,1
448881,1
448888,1
448893,1
448898,1
448905,2
448912,1
448929,1
448940,1
448942,1
448945,1
448948,1
448952,2
448961,1
448970,1
448979,1
448983,2
448989,1
448994,1
448998,1
449027,1
449029,1
449036,1
449038,1
449051,1
449057,4
449060,1
449065,1
449070,1
449076,1
449087,1
449090,1
449094,1
449103,1
449106,1
449113,1
449115,1
449119,2
449129,2
449137,2
449139,1
449144,2
449151,2
449156,1
449160,3
449167,1
449172,1
449175,1
449177,1
449183,1
449200,1
449203,1
449206,1
449215,2
449223,1
449231,1
449242,1
449248,1
449257,1
449266,1
449271,1
449285,1
449289,1
449295,1
449297,1
449304,1
449311,1
449314,1
449316,1
449319,1
449332,1
449334,1
449337,1
449346,1
449355,1
449361,1
449364,1
449369,2
449371,1
449391,2
449397,2
449406,1
449419,1
449432,1
449434,1
449439,1
449442,1
449455,2
449473,2
449481,1
449485,1
449487,1
449506,1
449509,1
449520,1
449525,1
449527,1
449538,1
449546,1
449562,1
449568,1
449571,2
449575,1
449577,1
449581,2
449586,2
449588,1
449593,1
449598,1
449602,1
449618,1
449625,1
449627,1
449633,1
449639,2
449647,1
449658,1
449662,1
449669,1
449698,1
449705,2
449725,2
449728,1
449730,1
449735,1
449737,1
449751,1
449757,1
449760,1
449767,4
449771,1
449775,2
449784,1
449793,1
449803,1
449807,1
449812,1
449831,1
449834,1
449844,1
449847,1
449853,1
449856,1
449859,1
449863,1
449873,1
449878,1
449883,1
449887,1
449895,1
449901,1
449903,1
449905,1
449908,1
449912,2
449923,1
449931,1
449933,1
449935,1
449941,2
449956,1
449960,1
449973,3
449975,1
449979,1
449982,1
449985,1
449996,2
450007,1
450009,1
450017,1
450022,1
450041,1
450044,2
450061,1
450079,1
450083,1
450091,1
450099,1
450108,2
450110,1
450124,2
450129,1
450136,1
450144,1
450163,1
450168,2
450173,1
450176,1
450182,1
450187,2
450190,2
450195,2
450201,1
450212,1
450216,1
450226,1
450237,2
450249,1
450258,1
450261,1
450264,2
450269,2
450277,1
450280,1
450293,1
450301,1
450315,1
450318,1
450332,2
450341,1
450347,2
450351,1
450360,2
450366,1
450368,1
450375,1
450379,1
450390,1
450397,1
450417,2
450453,1
450455,1
450462,1
450470,1
450476,1
450484,1
450487,2
450492,1
450497,1
450499,1
450511,2
450519,1
450523,1
450526,2
450546,1
450555,1
450559,1
450568,2
450575,1
450585,1
450587,1
450589,1
450591,1
450596,1
450601,1
450604,1
450609,1
450613,1
450618,1
450625,2
450633,1
450646,1
450649,1
450663,1
450680,1
450691,1
450697,1
450700,1
450705,1
450709,1
450716,1
450721,2
450724,1
450729,2
450733,2
450737,1
450745,1
450753,1
450760,1
450763,2
450765,1
450778,1
450785,1
450802,1
450827,1
450833,1
450842,1
450848,1
450857,1
450862,1
450874,1
450882,1
450886,1
450892,1
450897,1
450902,1
450917,2
450922,1
450925,1
450930,1
450938,1
450940,1
450959,1
450983,1
450985,1
450991,2
450996,1
451018,1
451021,1
451023,1
451039,2
451042,1
451044,1
451047,1
451075,1
451081,1
451085,1
451089,1
451096,2
451099,2
451106,1
451113,1
451118,1
451122,2
451129,1
451135,1
451140,1
451142,1
451148,1
451152,1
451158,2
451162,1
451166,1
451176,2
451182,1
451188,1
451207,1
451212,2
451238,1
451251,3
451253,1
451263,1
451266,2
451271,1
451273,1
451277,1
451282,1
451285,1
451288,2
451296,1
451303,1
451314,1
451317,1
451320,1
451325,1
451344,1
451353,2
451358,1
451361,2
451370,2
451379,2
451407,2
451410,2
451427,2
451445,1
451453,1
451470,1
451478,1
451483,1
451487,3
451492,1
451495,1
451498,1
451502,2
451510,1
451523,1
451532,1
451535,1
451538,1
451547,2
451550,2
451552,1
451555,2
451560,1
451563,1
451570,1
451581,1
451586,1
451591,2
451599,1
451601,1
451608,2
451611,1
451618,1
451623,1
451625,1
451628,1
451632,1
451639,2
451641,1
451661,1
451665,1
451677,1
451683,1
451692,1
451698,1
451703,1
451705,1
451722,1
451726,1
451741,2
451745,1
451749,1
451760,2
451764,1
451771,1
451773,1
451786,1
451796,1
451801,2
451804,1
451817,1
451826,2
451829,1
451840,1
451848,1
451857,1
451862,1
451866,1
451878,1
451886,1
451890,1
451895,1
451903,1
451907,1
451917,1
451924,1
451926,1
451931,1
451940,1
451949,1
451971,1
451980,1
452003,1
452010,1
452012,1
452015,1
452019,1
452022,1
452029,1
452035,1
452038,1
452041,1
452046,2
452049,2
452066,1
452072,1
452074,1
452082,2
452087,1
452104,2
452113,1
452126,1
452138,1
452147,1
452155,2
452158,1
452176,1
452179,1
452197,2
452202,1
452205,1
452215,2
452227,1
452237,1
452240,1
452245,1
452248,1
452259,1
452267,1
452270,2
452278,1
452286,1
452291,1
452294,2
452314,1
452321,1
452333,1
452340,1
452345,1
452357,1
452363,2
452367,2
452376,2
452383,2
452392,1
452395,1
452421,1
452428,1
452431,1
452443,1
452461,1
452464,1
452467,1
452480,2
452482,1
452485,1
452493,1
452496,1
452504,1
452507,1
452515,1
452525,1
452528,1
452538,1
452540,1
452545,2
452547,1
452558,1
452562,1
452582,2
452586,1
452588,1
452593,1
452610,1
452618,1
452621,1
452626,1
452633,2
452638,1
452648,1
452654,1
452659,1
452666,2
452669,2
452678,2
452680,1
452690,2
452693,1
452696,1
452702,1
452710,1
452713,2
452722,1
452728,2
452734,1
452738,1
452743,1
452745,1
452748,2
452765,1
452771,1
452774,1
452785,1
452793,2
452808,2
452820,1
452826,2
452833,1
452840,1
452846,1
452850,1
452853,1
452861,2
452881,1
452884,1
452899,1
452901,1
452906,2
452911,2
452916,1
452921,1
452927,1
452935,2
452942,1
452949,2
452955,1
452961,1
452982,1
452985,1
452991,1
453003,1
453009,1
453013,2
453021,1
453024,1
453039,1
453046,2
453062,1
453076,1
453080,1
453082,1
453099,1
453115,1
453118,1
453121,1
453145,2
453147,1
453151,1
453159,1
453168,2
453179,1
453182,1
453187,2
453189,1
453191,1
453201,2
453215,2
453224,1
453236,2
453244,1
453257,1
453262,2
453267,1
453275,1
453283,1
453288,1
453290,1
453298,1
453304,2
453309,2
453313,1
453322,1
453332,2
453337,1
453342,1
453352,1
453358,2
453365,1
453372,1
453378,1
453381,1
453393,1
453401,2
453403,1
453406,1
453409,2
453414,1
453418,2
453434,1
453436,1
453442,1
453446,1
453453,1
453459,1
453467,1
453474,2
453479,1
453488,2
453496,2
453507,1
453519,1
453523,1
453532,1
453537,1
453547,2
453554,1
453559,2
453562,1
453566,1
453570,1
453573,1
453580,2
453584,1
453589,2
453598,2
453603,1
453606,1
453612,1
453621,1
453627,1
453640,1
453645,1
453656,1
453667,1
453675,1
453679,1
453691,2
453693,1
453696,1
453701,1
453703,1
453705,1
453721,2
453723,1
453725,1
453730,2
453737,1
453740,1
453747,1
453754,1
453766,1
453775,1
453782,1
453784,1
453787,1
453789,1
453804,3
453809,1
453814,1
453816,1
453823,1
453827,1
453837,1
453844,1
453848,1
453851,2
453857,2
453863,2
453871,2
453883,2
453898,1
453904,2
453906,1
453909,1
453913,2
453915,1
453917,1
453929,2
453931,1
453934,1
453945,1
453950,1
453955,1
453967,1
453978,1
453984,1
453986,1
453995,2
454006,2
454008,1
454011,1
454025,1
454035,2
454042,1
454048,1
454068,2
454082,2
454103,1
454108,1
454115,1
454117,1
454127,1
454130,1
454138,1
454141,2
454153,2
454156,1
454160,1
454165,1
454183,1
454190,1
454196,2
454203,1
454206,1
454209,2
454230,1
454238,1
454241,1
454246,1
454258,2
454260,1
454263,1
454284,2
454289,1
454302,1
454308,1
454313,2
454315,1
454326,1
454332,1
454343,1
454348,1
454360,1
454365,2
454371,1
454382,2
454396,1
454400,1
454403,1
454418,1
454427,1
454434,1
454440,2
454445,1
454450,1
454456,1
454460,1
454472,1
454487,1
454489,1
454496,2
454505,1
454509,1
454517,1
454524,2
454529,1
454532,1
454541,2
454552,1
454554,1
454561,1
454570,1
454575,1
454584,1
454589,2
454599,1
454604,2
454607,1
454614,2
454623,1
454626,2
454629,2
454633,1
454636,2
454640,1
454646,1
454651,1
454660,2
454664,1
454669,1
454675,1
454690,2
454692,1
454695,1
454704,1
454709,1
454720,1
454732,1
454740,2
454745,1
454749,1
454755,1
454758,1
454761,1
454766,1
454775,1
454777,1
454779,1
454794,1
454797,1
454806,1
454809,2
454816,1
454829,1
454832,2
454836,1
454851,1
454853,1
454858,1
454863,2
454866,1
454873,1
454875,1
454896,2
454899,2
454901,1
454903,1
454923,1
454949,1
454958,2
454961,2
454963,1
454967,3
454970,1
454975,1
454978,1
454987,1
454992,1
455003,1
455007,1
455011,1
455014,1
455017,1
455024,2
455033,1
455045,2
455050,2
455056,1
455059,1
455065,1
455067,1
455074,1
455081,1
455086,2
455097,1
455100,1
455102,1
455107,1
455123,1
455125,1
455144,1
455157,1
455165,1
455173,2
455187,1
455191,2
455197,1
455200,1
455206,2
455224,1
455241,2
455258,1
455265,1
455270,2
455274,1
455281,1
455299,2
455304,1
455309,1
455315,1
455318,1
455327,1
455331,3
455339,2
455344,1
455355,2
455357,1
455376,1
455386,1
455396,1
455408,2
455426,1
455434,1
455436,1
455438,1
455440,1
455445,2
455449,1
455457,1
455470,2
455474,1
455481,1
455492,1
455500,1
455502,1
455509,1
455511,1
455515,1
455517,1
455521,1
455524,1
455527,2
455530,1
455535,1
455541,2
455543,1
455559,3
455561,1
455566,1
455570,2
455576,2
455594,1
455599,1
455610,1
455626,1
455636,2
455644,2
455655,2
455664,1
455674,1
455685,1
455688,1
455694,1
455701,1
455706,1
455713,1
455721,1
455728,1
455734,2
455741,1
455744,1
455757,1
455763,2
455772,1
455786,2
455801,2
455812,1
455816,1
455820,2
455824,1
455826,1
455838,1
455840,1
455849,2
455854,1
455861,1
455864,1
455870,2
455882,1
455891,1
455901,1
455905,1
455909,1
455935,2
455939,2
455944,1
455946,1
455950,1
455953,1
455957,2
455965,1
455984,1
455987,1
455990,1
456001,1
456008,1
456019,2
456021,1
456026,2
456034,1
456036,1
456059,1
456068,2
456071,1
456074,2
456079,1
456092,2
456095,1
456102,1
456122,1
456130,1
456132,1
456139,1
456144,1
456147,1
456149,1
456166,2
456170,1
456176,1
456178,1
456186,1
456190,1
456203,1
456218,1
456223,1
456230,1
456233,1
456244,1
456252,2
456259,1
456267,1
456273,1
456278,1
456285,2
456295,2
456300,1
456306,1
456312,1
456314,1
456326,1
456331,1
456336,2
456348,1
456360,1
456378,1
456387,1
456390,2
456394,1
456405,1
456416,2
456422,1
456428,1
456440,1
456450,1
456465,1
456470,1
456474,1
456490,2
456501,1
456504,1
456507,1
456510,1
456532,1
456539,1
456541,1
456544,1
456547,1
456552,1
456555,1
456559,1
456562,2
456568,1
456570,1
456572,1
456590,1
456601,1
456603,1
456612,1
456621,2
456629,2
456637,1
456644,2
456655,1
456660,2
456665,1
456669,2
456674,1
456679,1
456690,2
456704,1
456710,1
456724,1
456732,1
456735,1
456745,1
456750,2
456755,1
456758,1
456767,1
456772,1
456775,2
456781,1
456789,1
456791,1
456797,1
456809,2
456814,1
456819,2
456828,3
456832,1
456849,1
456854,1
456862,1
456871,1
456879,1
456891,1
456901,1
456904,2
456906,1
456910,3
456923,1
456928,1
456932,1
456937,1
456939,1
456947,2
456957,1
456960,2
456964,2
456969,2
456974,2
456982,1
456989,1
456994,1
456998,2
457015,1
457025,1
457027,1
457053,1
457061,2
457067,1
457069,1
457087,1
457091,1
457096,2
457110,1
457130,1
457134,2
457144,2
457149,1
457153,1
457161,1
457171,1
457173,1
457182,2
457184,1
457191,1
457194,1
457196,1
457208,1
457215,2
457228,1
457232,1
457243,1
457246,2
457256,1
457264,2
457271,1
457281,1
457288,1
457294,1
457303,1
457316,2
457320,2
457327,2
457333,2
457346,2
457364,1
457367,2
457372,1
457382,1
457387,1
457396,2
457400,1
457402,1
457405,1
457408,1
457410,1
457415,2
457425,1
457437,1
457439,1
457445,2
457447,1
457451,1
457453,1
457456,1
457458,1
457466,1
457474,1
457491,2
457493,1
457502,1
457509,1
457511,1
457515,2
457521,1
457525,2
457562,1
457583,1
457588,1
457592,2
457612,1
457619,1
457624,2
457638,1
457649,1
457664,1
457670,1
457675,2
457685,1
457694,1
457700,1
457713,1
457716,1
457718,1
457728,1
457741,2
457747,1
457756,1
457759,2
457768,1
457779,1
457784,2
457786,1
457788,1
457809,2
457813,1
457824,1
457832,1
457839,2
457846,1
457850,1
457853,1
457859,1
457865,1
457867,1
457870,1
457875,1
457883,1
457890,2
457893,2
457895,1
457902,1
457907,1
457911,1
457917,1
457919,1
457946,1
457956,1
457961,1
457964,2
457966,1
457969,1
457978,2
457985,1
457994,2
458000,2
458004,1
458007,2
458014,1
458020,2
458024,1
458030,1
458032,1
458044,1
458046,1
458048,1
458056,1
458067,4
458074,2
458083,2
458095,1
458100,1
458104,2
458137,1
458145,1
458153,3
458174,1
458181,1
458185,1
458197,2
458201,1
458218,2
458231,1
458239,1
458262,1
458266,1
458269,1
458273,1
458276,2
458282,2
458293,2
458295,1
458305,1
458318,1
458340,1
458345,1
458357,1
458360,2
458369,1
458377,1
458387,2
458393,2
458395,1
458407,1
458416,1
458422,1
458433,1
458438,1
458446,1
458453,2
458456,1
458476,1
458483,1
458491,1
458495,1
458499,1
458501,1
458506,3
458508,1
458513,1
458518,1
458527,1
458545,1
458562,3
458566,2
458568,1
458573,1
458577,1
458580,1
458587,1
458591,1
458597,1
458612,2
458618,1
458626,2
458629,1
458644,1
458649,2
458654,1
458657,1
458663,1
458673,1
458676,1
458682,1
458691,1
458696,1
458704,2
458716,1
458721,1
458724,1
458726,1
458730,1
458733,1
458735,1
458745,1
458752,1
458759,2
458778,1
458781,2
458790,2
458797,1
458802,1
458809,1
458829,1
458835,1
458841,1
458850,2
458855,1
458857,1
458870,1
458878,1
458884,1
458887,1
458889,1
458897,1
458900,2
458904,1
458909,1
458915,2
458926,2
458928,1
458934,1
458936,1
458939,1
458944,1
458948,1
458957,2
458963,1
458969,1
458978,2
458991,1
458996,1
459000,1
459003,1
459009,1
459012,1
459020,1
459044,2
459050,1
459063,1
459065,1
459075,1
459083,2
459094,1
459098,1
459106,1
459121,1
459133,2
459143,1
459147,1
459151,1
459154,1
459157,1
459163,2
459195,1
459220,2
459227,1
459242,1
459248,1
459251,1
459254,1
459258,1
459264,1
459280,2
459290,2
459297,1
459300,1
459309,1
459311,1
459316,1
459325,1
459330,1
459337,1
459344,1
459354,2
459361,2
459363,1
459372,1
459380,1
459389,1
459396,1
459401,1
459406,1
459412,1
459419,3
459423,1
459427,1
459430,1
459441,1
459445,1
459457,1
459459,1
459463,1
459466,1
459473,2
459477,1
459482,1
459486,1
459489,2
459501,2
459504,2
459512,1
459529,2
459556,1
459561,1
459565,1
459568,1
459571,2
459577,1
459587,1
459596,1
459610,1
459624,1
459628,2
459642,1
459649,1
459670,1
459673,1
459681,1
459686,1
459697,1
459700,1
459707,1
459718,1
459723,2
459728,1
459731,1
459734,1
459747,2
459755,1
459758,2
459764,1
459774,1
459783,2
459787,1
459791,2
459795,1
459799,1
459801,1
459817,1
459821,1
459825,1
459828,2
459840,1
459845,1
459849,1
459855,1
459863,2
459870,2
459875,1
459888,1
459895,1
459902,1
459904,1
459913,1
459922,2
459928,2
459932,1
459940,1
459947,1
459949,1
459953,1
459958,1
459980,1
459983,1
459986,1
459994,1
459996,1
460001,1
460008,1
460010,1
460018,1
460022,1
460028,1
460034,2
460044,1
460048,1
460058,2
460062,1
460070,1
460072,1
460083,1
460098,1
460115,1
460122,2
460126,1
460130,1
460137,2
460139,1
460145,2
460151,2
460154,1
460161,1
460171,1
460181,2
460185,1
460187,1
460191,3
460194,2
460197,1
460202,1
460218,1
460222,2
460225,1
460229,2
460239,1
460241,1
460245,2
460248,1
460251,1
460256,1
460268,2
460285,1
460289,2
460295,1
460297,1
460308,1
460320,1
460336,2
460339,1
460350,2
460357,1
460376,1
460382,1
460386,2
460398,2
460404,3
460406,1
460414,1
460417,1
460420,1
460422,1
460427,2
460433,1
460445,2
460448,1
460451,1
460453,1
460458,1
460464,1
460470,1
460477,2
460482,1
460486,1
460493,1
460513,1
460527,1
460535,1
460546,1
460556,1
460561,2
460567,1
460572,1
460575,1
460587,2
460592,1
460594,1
460596,1
460603,2
460611,1
460615,2
460625,1
460631,1
460635,1
460637,1
460640,1
460655,2
460668,2
460676,1
460703,1
460719,1
460723,1
460729,2
460734,1
460740,1
460763,1
460776,2
460780,1
460783,1
460788,2
460795,1
460807,2
460811,1
460813,1
460816,1
460828,2
460830,1
460836,1
460865,1
460867,1
460889,1
460891,1
460898,1
460903,1
460914,1
460917,1
460920,2
460927,1
460930,1
460933,1
460949,1
460967,1
460989,1
460999,2
461004,1
461007,1
461012,1
461015,1
461020,2
461026,1
461032,1
461053,1
461058,1
461060,1
461063,1
461080,1
461120,1
461129,2
461132,2
461139,2
461152,1
461158,1
461160,1
461163,2
461167,2
461172,1
461184,1
461189,2
461194,1
461200,1
461203,1
461211,1
461218,2
461231,1
461250,1
461259,2
461278,1
461292,2
461295,1
461310,1
461316,1
461318,1
461325,1
461336,1
461341,1
461344,1
461348,1
461353,1
461358,1
461360,1
461389,1
461397,2
461405,1
461407,1
461415,2
461419,1
461441,2
461443,1
461445,1
461452,2
461465,1
461491,1
461498,2
461501,1
461505,1
461512,1
461514,1
461525,1
461531,1
461536,1
461543,2
461550,1
461553,2
461561,1
461570,1
461583,1
461586,1
461590,1
461592,1
461594,1
461606,1
461609,1
461616,1
461630,1
461640,1
461644,1
461654,2
461667,1
461670,1
461674,2
461679,1
461684,1
461689,1
461691,1
461704,1
461715,1
461723,2
461732,1
461734,1
461737,1
461740,1
461754,1
461760,1
461774,1
461782,1
461792,2
461794,1
461797,2
461818,2
461827,1
461831,1
461843,1
461852,1
461860,1
461865,2
461871,2
461878,2
461881,1
461883,1
461891,1
461894,2
461897,2
461900,1
461902,1
461908,2
461914,2
461923,1
461940,1
461942,1
461950,1
461953,2
461958,1
461963,3
461977,1
461982,1
461986,1
461989,1
461996,2
461999,1
462009,2
462011,1
462013,1
462020,1
462040,1
462043,1
462051,1
462061,1
462065,2
462071,1
462078,2
462083,1
462088,1
462093,1
462097,2
462100,1
462117,1
462120,2
462128,1
462131,1
462134,1
462138,1
462140,1
462144,1
462150,1
462154,2
462165,1
462170,2
462194,2
462204,1
462208,1
462215,1
462223,1
462227,1
462233,2
462236,2
462246,1
462249,1
462254,1
462275,1
462282,1
462288,1
462290,1
462295,1
462297,1
462302,1
462308,1
462340,2
462354,1
462361,1
462364,1
462370,1
462381,1
462385,2
462389,1
462394,1
462399,1
462402,1
462405,1
462408,2
462410,1
462415,1
462417,1
462428,1
462435,1
462444,1
462453,1
462465,1
462477,1
462491,1
462506,2
462508,1
462514,2
462519,1
462525,1
462527,1
462544,2
462550,1
462564,1
462572,1
462578,1
462583,1
462586,2
462595,2
462605,1
462611,1
462614,2
462626,1
462628,1
462630,1
462640,1
462646,1
462655,1
462658,1
462668,3
462672,2
462686,1
462705,1
462709,2
462716,1
462731,2
462739,1
462746,1
462760,1
462762,1
462769,2
462772,2
462783,1
462787,1
462801,1
462805,2
462819,2
462824,1
462836,1
462839,2
462841,1
462845,3
462847,1
462855,1
462888,1
462893,1
462899,2
462911,1
462913,1
462916,1
462922,1
462929,1
462949,1
462951,1
462957,2
462959,1
462964,1
462966,1
462973,1
462985,2
462988,1
462996,1
462998,1
463004,1
463012,1
463021,1
463024,2
463031,1
463037,2
463043,1
463089,1
463092,1
463096,2
463105,2
463111,1
463116,1
463127,2
463144,1
463154,1
463164,2
463174,2
463199,1
463202,1
463209,1
463223,1
463227,1
463233,1
463238,1
463241,1
463255,2
463257,1
463264,2
463268,1
463278,2
463284,1
463290,1
463300,1
463303,1
463306,1
463309,2
463311,1
463316,1
463326,1
463341,1
463350,1
463357,2
463362,1
463367,1
463378,2
463384,1
463386,1
463393,2
463399,1
463404,1
463410,2
463413,1
463419,1
463429,1
463434,1
463448,2
463453,1
463458,1
463467,2
463483,2
463491,1
463504,1
463508,1
463513,1
463528,1
463537,1
463540,1
463545,1
463549,2
463568,1
463574,1
463579,2
463583,1
463589,1
463603,2
463609,1
463620,1
463622,1
463638,2
463644,1
463662,1
463671,1
463676,1
463678,1
463682,1
463692,1
463695,1
463701,1
463705,2
463714,1
463718,1
463723,1
463726,1
463750,1
463771,1
463789,1
463792,1
463799,1
463806,2
463814,1
463819,2
463840,1
463847,1
463865,1
463874,1
463877,1
463880,1
463884,2
463891,1
463901,1
463913,1
463915,1
463919,1
463922,1
463927,2
463931,1
463936,1
463939,1
463945,1
463948,1
463958,1
463966,2
463968,1
463970,1
463984,1
463987,1
463994,2
463999,1
464004,1
464007,2
464010,1
464016,1
464018,1
464027,1
464045,1
464047,1
464055,1
464059,1
464068,1
464078,1
464087,2
464089,1
464098,2
464112,1
464117,2
464126,1
464128,1
464133,1
464144,1
464159,1
464169,2
464175,1
464183,1
464186,1
464188,1
464192,2
464203,1
464213,2
464217,1
464227,1
464230,1
464233,1
464241,2
464247,2
464254,1
464275,1
464278,1
464282,1
464286,1
464295,1
464303,1
464310,1
464318,1
464320,1
464325,2
464329,1
464338,1
464340,1
464342,1
464346,1
464353,1
464356,1
464367,1
464374,1
464376,1
464382,2
464389,1
464392,1
464394,1
464397,1
464400,1
464405,1
464411,1
464415,2
464420,2
464424,1
464426,1
464455,1
464474,1
464492,1
464503,2
464518,1
464528,1
464530,1
464547,1
464552,2
464556,1
464571,1
464575,1
464580,1
464583,1
464595,1
464604,1
464606,1
464610,2
464616,1
464637,1
464647,1
464652,1
464657,2
464670,1
464674,2
464683,1
464689,1
464691,1
464694,1
464710,2
464726,1
464752,2
464754,1
464765,1
464779,2
464797,1
464805,2
464808,1
464814,2
464818,1
464821,1
464824,1
464828,1
464830,1
464852,1
464858,1
464862,1
464869,2
464875,2
464884,1
464886,1
464905,1
464914,1
464927,1
464930,1
464933,1
464943,1
464952,3
464957,1
464965,2
464968,1
464973,1
464975,1
464982,1
464987,1
464995,2
464999,1
465001,1
465004,2
465006,1
465012,1
465029,1
465039,2
465045,1
465048,1
465051,1
465054,1
465062,1
465068,1
465070,1
465074,2
465079,1
465089,1
465093,1
465099,1
465106,1
465109,2
465117,1
465120,2
465123,1
465140,2
465142,1
465157,1
465160,1
465167,1
465169,1
465175,1
465184,1
465196,1
465202,1
465204,1
465208,1
465212,1
465214,1
465218,1
465223,2
465225,1
465229,1
465241,1
465248,1
465255,1
465266,1
465275,1
465294,1
465299,1
465313,1
465317,1
465321,1
465324,1
465335,2
465341,2
465347,2
465352,1
465356,1
465358,1
465360,1
465370,1
465374,2
465377,1
465383,1
465395,1
465405,1
465410,1
465413,1
465425,1
465430,2
465434,1
465449,1
465451,1
465454,1
465460,1
465470,1
465479,1
465484,1
465489,2
465492,2
465494,1
465499,1
465514,1
465526,1
465535,1
465539,1
465543,2
465554,2
465577,1
465579,1
465581,1
465589,2
465608,1
465612,1
465625,2
465630,1
465678,1
465681,1
465689,2
465694,1
465703,1
465709,1
465714,1
465721,1
465724,2
465736,1
465739,1
465742,1
465747,2
465752,1
465758,2
465763,1
465768,1
465775,1
465781,2
465788,1
465791,2
465795,3
465797,1
465808,1
465812,1
465815,1
465820,1
465828,1
465837,2
465854,1
465864,1
465869,2
465883,1
465888,1
465896,2
465911,1
465917,2
465922,1
465927,1
465934,1
465939,1
465946,1
465951,2
465956,1
465963,1
465966,2
465969,2
465972,2
465981,1
465987,1
465990,2
465998,1
466006,1
466013,1
466019,1
466028,1
466032,1
466035,1
466041,1
466050,1
466056,1
466063,1
466067,1
466076,2
466085,1
466094,1
466100,2
466108,1
466111,2
466119,1
466126,2
466131,1
466135,2
466147,1
466151,1
466156,1
466159,1
466177,1
466194,1
466208,1
466217,1
466222,1
466225,1
466228,2
466234,2
466245,2
466248,2
466251,1
466256,2
466260,1
466264,1
466271,3
466283,1
466291,1
466294,2
466297,2
466307,1
466317,1
466326,1
466341,1
466351,1
466370,1
466376,2
466381,2
466406,2
466410,1
466412,1
466414,1
466421,2
466423,1
466430,1
466442,2
466445,1
466456,1
466458,1
466462,1
466464,1
466469,1
466474,1
466478,1
466481,2
466484,2
466488,1
466491,1
466495,1
466500,1
466507,1
466510,1
466516,1
466524,2
466527,2
466536,1
466540,1
466542,1
466545,1
466554,1
466559,1
466563,1
466580,2
466583,1
466585,1
466597,1
466600,1
466603,1
466609,1
466617,1
466620,1
466623,1
466628,1
466631,1
466656,1
466663,1
466681,1
466688,1
466690,1
466704,1
466707,1
466719,2
466722,2
466725,1
466730,1
466737,1
466757,2
466761,1
466765,2
466770,1
466776,1
466779,2
466786,2
466792,1
466801,1
466806,2
466822,1
466830,1
466840,1
466845,1
466848,1
466859,1
466863,1
466869,2
466872,1
466886,1
466908,1
466911,1
466913,1
466918,1
466937,1
466945,1
466952,1
466955,1
466971,1
466976,1
466984,2
466995,1
467005,3
467009,2
467012,1
467014,1
467023,1
467026,1
467035,1
467044,1
467047,2
467049,1
467054,1
467067,1
467073,1
467076,1
467080,2
467086,1
467092,2
467096,1
467099,1
467104,1
467108,1
467115,1
467117,1
467126,2
467135,2
467140,1
467143,1
467148,1
467152,1
467163,1
467167,1
467176,1
467181,1
467183,1
467189,1
467202,2
467211,1
467215,2
467234,2
467239,1
467243,1
467254,1
467266,1
467282,1
467287,1
467298,2
467305,1
467309,1
467314,1
467320,1
467324,2
467327,2
467334,1
467337,2
467341,2
467357,1
467361,1
467376,1
467382,1
467384,1
467393,1
467405,2
467412,1
467420,1
467427,1
467435,1
467441,1
467446,1
467451,1
467466,2
467475,1
467477,1
467487,1
467500,1
467505,1
467514,1
467517,1
467524,1
467531,1
467538,1
467554,1
467561,1
467563,1
467566,1
467576,1
467585,2
467592,1
467597,2
467604,1
467609,1
467617,1
467621,1
467628,2
467645,2
467650,1
467653,2
467655,1
467663,1
467669,1
467675,1
467679,1
467684,1
467689,2
467693,1
467700,1
467710,2
467716,2
467722,1
467730,1
467746,1
467748,1
467753,1
467756,1
467760,2
467766,1
467774,1
467786,1
467793,2
467805,1
467809,2
467817,1
467822,1
467826,2
467828,1
467831,1
467837,1
467841,1
467845,1
467848,2
467854,1
467861,1
467863,1
467868,1
467870,1
467885,1
467891,1
467900,1
467920,1
467923,2
467927,2
467933,1
467938,1
467948,1
467950,1
467960,1
467968,1
467973,3
467978,1
467988,1
468004,1
468010,1
468023,1
468038,1
468040,1
468050,1
468060,1
468067,2
468077,1
468086,2
468091,2
468103,2
468109,2
468122,1
468132,2
468136,2
468142,1
468146,3
468149,2
468152,1
468157,1
468163,1
468175,1
468180,1
468187,2
468195,1
468198,1
468207,1
468211,2
468216,1
468224,1
468230,1
468235,2
468238,1
468241,2
468246,2
468257,2
468265,2
468270,1
468281,1
468290,2
468302,2
468305,2
468314,1
468318,1
468332,1
468348,2
468351,1
468354,1
468357,1
468369,1
468374,1
468389,1
468412,1
468420,1
468423,1
468451,1
468461,1
468487,1
468510,1
468512,1
468514,1
468523,1
468528,1
468540,2
468550,2
468552,1
468555,2
468557,1
468560,1
468566,1
468575,1
468580,1
468583,1
468590,2
468597,2
468602,1
468611,2
468614,1
468623,1
468626,1
468637,2
468641,1
468645,2
468656,2
468659,1
468675,1
468680,1
468689,1
468693,2
468695,1
468698,1
468701,2
468709,1
468711,1
468717,1
468750,1
468759,1
468764,1
468766,1
468780,1
468785,1
468790,1
468807,2
468815,2
468818,1
468826,2
468831,1
468834,1
468848,2
468861,1
468870,1
468878,1
468887,2
468895,2
468899,2
468904,1
468912,1
468920,2
468925,1
468933,1
468939,1
468948,1
468952,2
468972,1
468981,2
468989,1
468991,1
468997,1
469003,1
469014,1
469028,2
469032,1
469035,1
469045,2
469053,1
469059,1
469063,2
469071,1
469075,2
469080,1
469083,1
469094,2
469117,2
469137,1
469141,1
469143,1
469147,2
469154,1
469164,1
469171,1
469174,1
469183,1
469186,1
469191,1
469194,2
469200,3
469212,1
469217,1
469238,1
469240,1
469244,2
469246,1
469253,1
469258,2
469263,1
469266,1
469274,1
469284,1
469291,1
469297,2
469304,2
469306,1
469309,1
469317,1
469322,1
469327,1
469330,1
469335,1
469337,1
469345,1
469351,1
469359,2
469364,1
469368,1
469378,1
469385,2
469392,1
469397,1
469400,1
469408,1
469421,1
469424,1
469436,1
469440,1
469446,1
469459,1
469464,1
469480,1
469483,1
469495,2
469500,1
469505,1
469509,2
469525,1
469529,2
469536,1
469540,2
469543,2
469546,1
469561,1
469566,2
469569,1
469574,1
469582,1
469589,1
469608,1
469612,1
469618,1
469632,1
469645,1
469650,1
469652,1
469657,2
469668,1
469670,1
469672,1
469675,1
469682,2
469684,1
469691,1
469704,1
469709,1
469711,1
469717,1
469731,1
469738,2
469763,1
469768,1
469774,2
469791,1
469801,1
469810,1
469817,2
469828,1
469834,1
469840,1
469842,1
469846,2
469864,1
469866,1
469871,1
469878,1
469885,1
469893,1
469895,1
469900,2
469906,2
469917,4
469921,1
469930,1
469934,1
469939,1
469949,1
469960,2
469967,1
469969,1
469974,2
469977,1
469980,2
469982,1
469985,1
469992,1
470007,1
470012,1
470019,1
470025,1
470029,2
470040,1
470043,2
470052,1
470061,1
470073,1
470078,2
470085,1
470087,1
470089,1
470092,1
470097,2
470100,1
470109,1
470117,1
470123,1
470129,1
470132,1
470142,1
470155,2
470176,1
470180,1
470206,1
470212,2
470237,1
470240,1
470243,1
470251,1
470264,1
470271,2
470274,1
470283,2
470287,1
470291,2
470294,2
470298,1
470307,1
470311,1
470314,1
470320,1
470322,1
470325,1
470328,1
470337,1
470342,1
470345,1
470350,2
470354,1
470361,1
470372,2
470375,1
470382,1
470389,1
470391,1
470394,1
470396,1
470399,2
470407,2
470422,1
470425,1
470433,1
470437,2
470444,1
470461,1
470464,1
470473,2
470481,1
470487,1
470493,1
470496,2
470503,1
470512,1
470517,1
470524,1
470529,1
470539,1
470543,1
470548,1
470560,1
470565,1
470571,3
470573,1
470586,2
470598,1
470603,2
470607,1
470611,2
470614,1
470619,1
470632,1
470640,1
470662,2
470665,1
470677,1
470682,1
470685,1
470690,1
470693,1
470697,1
470705,2
470712,1
470717,2
470723,1
470728,1
470737,1
470740,2
470749,2
470756,1
470759,1
470769,2
470775,1
470789,2
470798,1
470810,1
470814,1
470816,1
470832,1
470837,2
470847,1
470851,3
470853,1
470859,2
470865,1
470872,1
470878,1
470883,1
470896,2
470901,1
470909,2
470912,2
470923,1
470939,1
470953,1
470962,1
470964,1
470973,1
470981,2
471003,1
471010,1
471014,1
471022,1
471029,2
471044,1
471059,2
471061,1
471073,3
471079,2
471089,1
471095,1
471099,3
471102,2
471107,1
471109,1
471123,1
471127,1
471129,1
471141,1
471146,2
471152,1
471156,2
471160,1
471164,1
471174,1
471197,1
471204,1
471210,2
471217,2
471219,1
471223,1
471229,2
471231,1
471251,1
471256,2
471262,1
471267,1
471269,1
471273,1
471295,1
471297,1
471306,2
471308,1
471311,1
471316,1
471327,1
471345,1
471348,2
471352,1
471358,1
471365,1
471368,1
471370,1
471374,1
471391,2
471394,1
471414,1
471420,1
471424,2
471429,1
471437,1
471441,1
471453,2
471456,1
471463,1
471466,2
471484,1
471504,3
471507,1
471516,1
471523,1
471525,1
471529,1
471532,1
471535,1
471546,2
471555,1
471559,2
471565,1
471573,2
471576,1
471580,2
471582,1
471592,1
471594,1
471604,1
471606,1
471612,1
471622,1
471628,1
471632,1
471656,1
471658,1
471663,1
471677,2
471682,2
471687,1
471700,1
471734,1
471740,1
471746,2
471748,1
471752,1
471768,2
471777,1
471781,1
471783,1
471791,1
471796,1
471799,1
471801,1
471803,1
471807,1
471818,1
471826,1
471829,1
471833,1
471848,1
471850,1
471855,1
471861,1
471873,2
471879,2
471882,2
471896,1
471898,1
471901,2
471911,1
471916,1
471927,1
471930,1
471939,1
471944,1
471952,1
471960,2
471967,2
471982,1
471988,1
471998,1
472008,2
472013,1
472019,2
472028,1
472031,1
472034,2
472039,1
472041,1
472047,2
472053,1
472056,1
472059,1
472067,1
472071,1
472074,1
472079,1
472081,1
472091,2
472096,1
472105,1
472109,1
472118,1
472132,1
472135,1
472140,1
472145,1
472148,1
472151,2
472164,1
472168,1
472170,1
472178,1
472195,1
472198,1
472205,1
472212,1
472217,2
472233,2
472244,1
472246,1
472252,1
472257,2
472270,1
472283,2
472295,1
472301,1
472308,1
472318,1
472347,1
472351,1
472357,2
472362,1
472374,1
472378,1
472380,1
472391,2
472396,1
472405,1
472409,1
472411,1
472414,1
472417,1
472429,2
472434,1
472436,1
472445,1
472447,1
472451,2
472453,1
472458,1
472495,1
472504,1
472511,2
472513,1
472515,1
472520,2
472528,2
472533,1
472547,2
472554,1
472569,1
472574,2
472578,1
472581,1
472585,1
472589,1
472601,1
472604,1
472621,1
472623,1
472630,2
472636,1
472649,2
472654,1
472658,1
472675,2
472680,1
472685,1
472702,1
472707,1
472711,1
472715,1
472721,2
472733,2
472737,2
472756,2
472764,2
472783,1
472785,1
472791,1
472796,1
472800,1
472807,1
472813,2
472816,1
472819,2
472821,1
472827,1
472832,1
472836,1
472839,2
472850,1
472855,1
472858,1
472863,1
472868,2
472875,1
472877,1
472895,1
472908,1
472919,2
472922,2
472933,2
472937,1
472941,2
472945,1
472961,1
472968,1
472975,1
472981,1
473002,1
473006,2
473012,1
473015,1
473017,1
473020,1
473028,1
473032,1
473041,1
473067,2
473074,1
473079,2
473083,1
473089,1
473103,1
473105,1
473107,1
473121,1
473125,2
473142,1
473149,1
473159,1
473161,1
473163,1
473167,1
473170,1
473173,1
473177,1
473180,1
473190,2
473196,1
473204,2
473208,1
473214,1
473219,1
473222,2
473255,1
473260,1
473263,1
473266,1
473268,1
473272,1
473280,1
473282,1
473289,1
473299,2
473302,1
473305,1
473315,2
473324,1
473326,1
473345,1
473347,1
473351,1
473359,1
473364,1
473377,2
473382,1
473387,1
473391,1
473407,1
473417,1
473421,1
473423,1
473439,1
473448,1
473458,1
473460,1
473469,1
473486,1
473491,1
473494,1
473512,1
473516,1
473523,1
473529,1
473532,1
473541,1
473549,3
473556,1
473565,3
473576,1
473586,1
473591,1
473598,2
473601,2
473605,1
473622,2
473635,2
473641,1
473655,1
473657,1
473662,1
473666,2
473668,1
473675,1
473678,2
473697,1
473703,1
473719,1
473731,1
473741,2
473750,1
473765,1
473767,1
473770,1
473774,1
473778,1
473780,1
473801,2
473827,1
473839,1
473859,1
473872,1
473879,1
473881,1
473884,2
473894,1
473899,2
473905,1
473908,1
473913,1
473921,1
473934,2
473940,1
473953,2
473956,1
473963,2
473981,2
473999,1
474003,1
474005,1
474007,1
474018,1
474020,1
474026,1
474033,2
474048,1
474054,1
474056,1
474061,1
474070,1
474072,1
474078,1
474095,1
474098,1
474100,1
474105,1
474108,1
474111,2
474114,1
474117,1
474123,1
474131,1
474137,1
474141,1
474153,2
474161,1
474163,1
474173,1
474179,1
474203,2
474206,1
474216,1
474219,2
474227,1
474233,1
474236,2
474249,1
474263,1
474268,1
474270,1
474290,1
474294,1
474299,1
474306,2
474309,1
474315,1
474317,1
474324,1
474333,1
474345,1
474351,1
474361,1
474368,2
474388,1
474396,1
474400,1
474407,1
474414,1
474429,1
474450,1
474459,1
474461,1
474466,2
474470,1
474472,1
474474,1
474478,1
474489,1
474492,1
474495,1
474506,2
474510,1
474518,2
474526,1
474543,2
474548,1
474551,1
474557,1
474564,2
474572,1
474574,1
474579,1
474584,4
474588,1
474596,1
474598,1
474605,1
474608,1
474611,1
474619,1
474623,1
474627,2
474641,1
474646,1
474650,1
474653,1
474658,1
474660,1
474666,2
474679,1
474686,1
474694,1
474701,1
474704,1
474709,1
474712,2
474717,1
474722,1
474727,1
474731,1
474741,1
474745,2
474752,1
474765,1
474772,1
474779,3
474783,2
474792,3
474798,1
474808,1
474811,1
474817,2
474830,2
474838,2
474842,1
474845,1
474853,1
474858,1
474866,2
474873,1
474883,1
474894,1
474919,2
474924,1
474941,2
474947,1
474951,1
474955,1
474958,2
474964,1
474966,1
474972,1
474974,1
474978,2
474985,1
474992,1
474994,1
474998,1
475002,1
475007,1
475014,1
475018,1
475020,1
475030,1
475033,1
475037,1
475039,1
475053,1
475067,1
475071,3
475087,1
475091,1
475126,1
475130,2
475134,1
475138,1
475144,1
475151,2
475153,1
475158,2
475191,1
475200,1
475204,1
475208,1
475212,1
475214,1
475218,2
475223,2
475226,2
475235,3
475240,1
475247,1
475251,2
475269,1
475280,1
475292,1
475304,1
475310,2
475313,1
475338,1
475340,1
475346,1
475353,1
475360,1
475366,2
475369,1
475378,1
475388,1
475395,1
475401,1
475403,1
475407,2
475412,1
475416,1
475423,1
475430,1
475433,1
475435,1
475441,1
475449,1
475451,1
475455,1
475461,1
475472,1
475486,1
475493,2
475499,1
475502,1
475514,1
475522,1
475529,1
475539,1
475545,1
475552,1
475560,1
475569,1
475572,1
475579,1
475583,2
475588,2
475591,2
475595,1
475597,1
475611,1
475614,1
475623,1
475636,2
475639,1
475642,1
475649,3
475654,1
475660,1
475664,1
475666,1
475670,2
475673,1
475681,1
475686,2
475690,1
475708,1
475717,1
475725,1
475731,1
475737,2
475743,1
475748,2
475751,2
475753,1
475755,1
475759,1
475762,1
475777,1
475779,1
475784,2
475795,1
475798,1
475807,1
475823,1
475825,1
475830,1
475838,1
475843,1
475845,1
475859,1
475868,2
475871,1
475873,1
475877,1
475881,2
475884,1
475895,2
475898,1
475900,1
475907,1
475909,1
475920,1
475922,1
475928,2
475937,1
475948,1
475950,1
475964,1
475970,1
475977,2
475982,1
475999,1
476001,1
476004,1
476008,1
476021,2
476038,1
476046,1
476054,1
476059,1
476064,2
476068,1
476070,1
476073,1
476077,1
476083,1
476088,1
476094,1
476100,1
476107,1
476110,1
476116,1
476123,1
476129,1
476131,1
476135,1
476139,1
476145,1
476148,1
476153,1
476165,1
476168,1
476170,1
476172,1
476176,1
476180,1
476184,1
476187,1
476191,1
476194,1
476199,1
476207,1
476210,1
476214,1
476218,1
476222,1
476231,1
476240,2
476246,1
476261,1
476269,1
476283,1
476285,1
476287,1
476291,1
476297,1
476305,2
476314,1
476319,1
476329,1
476335,1
476338,2
476341,2
476344,1
476354,1
476358,1
476361,1
476375,1
476383,2
476389,1
476391,1
476398,1
476404,1
476407,2
476409,1
476412,1
476416,1
476422,1
476430,1
476437,1
476439,1
476445,1
476454,2
476457,1
476468,1
476473,3
476492,1
476500,1
476505,1
476507,1
476510,2
476518,2
476536,1
476543,1
476551,1
476556,1
476559,1
476578,1
476585,2
476600,1
476603,1
476605,1
476608,1
476614,1
476619,2
476622,2
476633,1
476637,1
476647,2
476651,1
476662,1
476669,1
476672,1
476676,1
476682,1
476702,2
476718,1
476728,2
476737,1
476739,1
476743,1
476747,1
476750,1
476758,2
476763,1
476772,2
476775,1
476779,3
476781,1
476785,1
476802,1
476804,1
476820,1
476826,1
476834,1
476844,2
476847,1
476852,2
476856,1
476863,1
476865,1
476872,1
476876,1
476906,1
476910,2
476915,1
476919,2
476927,1
476931,1
476936,1
476956,1
476970,2
476976,1
476984,2
476989,2
476997,2
477006,1
477012,2
477017,1
477022,1
477029,1
477032,1
477039,2
477046,2
477050,1
477053,1
477057,1
477072,2
477076,1
477084,1
477089,1
477091,1
477096,1
477115,1
477117,1
477121,1
477125,1
477143,1
477145,1
477158,2
477166,1
477178,1
477183,2
477200,1
477212,1
477218,2
477222,1
477225,2
477227,1
477230,2
477232,1
477237,1
477244,2
477246,1
477256,1
477258,1
477261,1
477267,1
477275,2
477279,1
477281,1
477289,1
477313,1
477317,1
477320,1
477350,2
477359,1
477365,1
477370,1
477375,2
477383,1
477385,1
477387,1
477392,1
477395,1
477401,1
477406,1
477410,2
477418,1
477423,1
477429,1
477431,1
477439,1
477442,1
477448,1
477460,1
477463,1
477466,2
477473,1
477476,2
477478,1
477489,1
477491,1
477496,1
477511,1
477521,1
477530,2
477534,1
477536,1
477539,1
477541,1
477551,1
477565,1
477583,2
477591,1
477594,1
477600,2
477608,1
477616,2
477620,1
477624,1
477627,2
477632,2
477639,1
477642,1
477657,1
477673,1
477680,1
477683,1
477685,1
477690,2
477694,1
477697,2
477702,1
477709,1
477712,1
477716,1
477720,1
477727,1
477737,1
477740,1
477746,1
477749,1
477754,2
477760,1
477765,2
477769,2
477773,1
477795,1
477806,1
477809,1
477812,1
477819,1
477822,1
477832,1
477835,2
477838,1
477853,1
477857,1
477859,1
477876,1
477885,2
477894,1
477899,1
477905,1
477912,1
477929,1
477932,1
477939,2
477958,2
477964,1
477967,1
477974,1
477979,1
477984,2
477988,1
477992,1
477995,1
478007,1
478010,1
478023,2
478034,1
478036,1
478039,1
478044,1
478054,2
478061,1
478069,2
478077,1
478084,2
478090,1
478095,2
478100,2
478108,2
478110,1
478120,2
478130,1
478132,1
478151,1
478158,1
478162,1
478169,1
478171,1
478174,1
478183,1
478190,1
478192,1
478200,1
478203,1
478209,1
478212,2
478219,1
478221,1
478227,1
478230,1
478241,1
478253,1
478258,2
478266,1
478272,1
478275,1
478277,1
478281,2
478288,1
478290,1
478298,1
478300,1
478304,1
478311,1
478313,1
478323,1
478332,1
478339,1
478346,1
478357,1
478398,2
478403,1
478409,1
478420,2
478429,1
478436,1
478445,1
478454,1
478456,1
478460,1
478472,1
478479,1
478485,1
478490,1
478492,1
478499,2
478502,1
478510,1
478513,1
478516,1
478520,3
478525,1
478541,1
478548,1
478553,1
478564,1
478571,2
478580,1
478588,2
478596,1
478608,1
478616,1
478621,2
478628,2
478632,1
478641,1
478646,1
478652,1
478658,2
478667,2
478672,1
478674,1
478677,2
478681,1
478691,1
478695,1
478698,1
478712,1
478719,1
478724,2
478726,1
478732,1
478735,1
478744,2
478750,1
478756,1
478769,1
478774,2
478783,1
478790,2
478793,1
478798,1
478806,1
478810,2
478820,1
478823,1
478832,2
478838,1
478851,2
478862,1
478869,1
478874,1
478888,1
478891,1
478895,1
478897,1
478903,1
478908,1
478915,2
478921,1
478923,1
478929,1
478940,1
478950,1
478969,1
478976,2
478981,1
478984,1
478987,2
479011,1
479021,1
479025,2
479034,1
479049,1
479056,1
479069,1
479073,2
479092,3
479097,2
479100,1
479105,1
479110,1
479116,2
479121,1
479123,1
479137,1
479153,2
479155,1
479159,2
479169,1
479176,3
479181,2
479190,2
479199,1
479204,1
479212,2
479222,1
479228,2
479241,1
479243,1
479248,2
479253,2
479256,1
479266,1
479274,1
479300,1
479307,1
479311,2
479316,1
479321,1
479324,1
479328,1
479331,1
479338,1
479344,1
479351,1
479364,1
479374,2
479379,1
479392,1
479403,2
479406,1
479411,1
479416,1
479419,2
479425,1
479430,1
479439,1
479444,1
479456,1
479464,1
479469,1
479471,1
479477,2
479483,1
479492,1
479494,1
479502,2
479507,1
479525,1
479529,2
479531,1
479538,1
479545,1
479550,1
479555,1
479561,1
479576,1
479578,1
479594,2
479608,1
479622,1
479626,1
479633,2
479649,2
479668,1
479681,1
479703,1
479715,1
479744,1
479747,1
479754,2
479766,1
479775,1
479782,1
479786,1
479789,1
479795,2
479799,2
479802,2
479810,1
479813,2
479825,1
479840,2
479846,2
479852,1
479855,1
479862,1
479878,2
479881,1
479889,2
479893,1
479917,1
479920,1
479937,1
479941,1
479946,1
479952,2
479984,1
479988,1
479994,1
480006,1
480008,1
480012,1
480019,1
480023,1
480034,1
480036,1
480038,1
480043,2
480046,1
480052,1
480059,1
480061,1
480064,1
480067,1
480074,2
480081,2
480089,1
480117,2
480124,1
480131,1
480134,1
480151,1
480155,1
480169,1
480180,1
480183,1
480190,1
480198,1
480202,1
480204,1
480207,1
480212,1
480228,1
480237,2
480244,1
480247,1
480251,2
480255,1
480263,2
480266,1
480271,1
480277,2
480282,1
480289,1
480292,1
480298,1
480313,2
480320,2
480341,1
480343,1
480349,1
480352,1
480362,1
480376,1
480384,1
480387,1
480391,2
480396,2
480401,1
480408,1
480413,1
480416,1
480423,2
480428,1
480432,1
480434,1
480437,1
480441,1
480443,1
480450,2
480458,1
480476,2
480481,1
480487,1
480490,1
480492,1
480497,1
480508,1
480519,1
480527,1
480550,1
480557,1
480560,1
480564,2
480569,1
480575,1
480583,1
480585,1
480595,1
480603,1
480606,1
480610,1
480615,1
480617,1
480620,1
480625,1
480630,1
480632,1
480635,1
480643,1
480654,1
480657,2
480673,1
480680,1
480683,1
480693,2
480697,1
480709,1
480717,1
480719,1
480723,1
480726,2
480747,2
480751,1
480758,1
480764,1
480769,3
480773,2
480778,1
480783,1
480787,1
480791,1
480795,2
480804,1
480808,1
480814,2
480823,1
480831,2
480836,1
480851,1
480853,1
480867,2
480871,1
480878,2
480886,1
480893,1
480905,2
480911,1
480913,1
480922,1
480943,1
480947,1
480953,1
480956,1
480963,1
480968,1
480985,1
480992,1
480995,1
481021,2
481025,1
481034,2
481049,1
481054,1
481059,2
481066,2
481071,1
481078,1
481080,1
481089,1
481093,2
481095,1
481097,1
481099,1
481109,1
481118,1
481120,1
481125,1
481130,1
481134,2
481140,1
481148,1
481154,1
481162,1
481167,2
481170,1
481182,1
481184,1
481188,1
481191,1
481200,2
481203,2
481205,1
481220,1
481223,1
481228,1
481233,2
481235,1
481238,1
481242,2
481244,1
481249,1
481255,1
481262,1
481264,1
481267,1
481273,1
481280,1
481283,2
481292,1
481299,2
481305,1
481312,1
481314,1
481322,1
481336,1
481340,1
481346,2
481351,1
481354,1
481362,1
481369,2
481373,1
481380,2
481387,1
481393,1
481400,2
481403,2
481408,1
481419,2
481423,1
481427,1
481442,1
481452,1
481464,3
481466,1
481469,2
481476,1
481484,1
481492,1
481503,1
481505,1
481511,2
481513,1
481524,2
481529,4
481536,1
481540,2
481547,1
481552,1
481565,1
481571,1
481578,2
481581,1
481588,1
481606,1
481618,1
481628,2
481631,1
481636,1
481640,2
481645,1
481649,1
481660,1
481669,1
481675,2
481679,1
481686,1
481691,1
481697,2
481708,1
481711,1
481718,2
481722,2
481726,1
481731,2
481736,1
481753,2
481762,1
481770,2
481780,1
481786,1
481793,1
481801,2
481815,1
481831,1
481834,1
481839,1
481847,1
481854,1
481861,3
481872,2
481878,1
481887,2
481908,1
481916,1
481925,1
481928,2
481933,1
481955,2
481962,1
481967,1
481973,1
481977,2
481980,2
481986,1
481992,1
481999,1
482005,1
482009,1
482017,1
482024,1
482027,1
482033,1
482036,1
482039,1
482042,2
482049,1
482051,1
482056,1
482067,1
482070,1
482079,1
482090,1
482099,1
482105,1
482109,2
482115,1
482120,2
482132,1
482135,1
482142,1
482144,1
482146,1
482148,1
482150,1
482159,1
482164,2
482168,1
482171,2
482174,2
482179,1
482181,1
482186,1
482189,1
482197,2
482199,1
482210,1
482218,1
482226,1
482229,2
482236,1
482247,1
482254,1
482259,1
482281,2
482286,1
482288,1
482299,1
482335,2
482349,2
482356,2
482375,1
482380,1
482394,1
482400,1
482410,2
482415,1
482417,1
482420,2
482430,1
482435,2
482441,2
482454,1
482461,2
482469,1
482474,2
482493,1
482496,1
482501,1
482512,1
482522,1
482529,2
482535,1
482538,1
482551,1
482558,2
482568,1
482571,2
482590,1
482596,1
482601,3
482614,4
482629,1
482638,1
482643,1
482648,2
482658,1
482661,1
482672,3
482675,1
482692,1
482696,2
482698,1
482705,1
482709,1
482715,1
482719,1
482723,1
482729,1
482733,1
482739,1
482745,1
482753,1
482756,2
482763,1
482767,2
482769,1
482772,1
482780,2
482785,1
482789,1
482800,2
482805,2
482821,1
482823,1
482834,1
482837,1
482844,1
482858,2
482863,1
482868,1
482872,1
482877,2
482881,1
482889,1
482891,1
482902,1
482911,1
482925,1
482927,1
482930,1
482932,1
482935,1
482938,1
482945,1
482954,1
482957,2
482965,1
482967,1
482972,1
482976,2
482980,1
482990,1
482994,1
483004,1
483008,1
483010,1
483013,1
483024,1
483028,2
483032,1
483037,1
483052,1
483060,2
483063,1
483069,1
483074,1
483076,1
483082,1
483085,1
483091,2
483118,1
483123,1
483126,1
483141,1
483153,2
483158,1
483164,1
483173,1
483176,1
483182,2
483189,2
483196,1
483198,1
483201,1
483232,1
483239,1
483241,1
483244,1
483247,2
483253,1
483272,1
483285,1
483294,2
483298,1
483315,2
483331,1
483337,1
483344,1
483359,1
483369,2
483374,2
483389,1
483409,1
483415,1
483417,1
483422,2
483428,1
483432,2
483447,1
483456,2
483460,1
483466,1
483471,1
483475,1
483478,1
483480,1
483486,1
483491,1
483493,1
483501,1
483509,1
483513,1
483518,1
483522,1
483526,1
483532,1
483535,1
483540,1
483544,2
483548,1
483550,1
483553,1
483561,1
483564,1
483566,1
483573,2
483590,1
483598,2
483602,1
483607,1
483611,1
483618,1
483620,1
483624,1
483626,1
483636,2
483649,1
483652,1
483655,1
483658,1
483661,1
483674,1
483678,2
483688,1
483691,1
483693,1
483704,1
483708,2
483712,2
483721,2
483729,1
483734,2
483744,1
483749,1
483755,1
483760,1
483763,2
483787,1
483790,2
483793,1
483800,1
483807,1
483810,1
483815,1
483825,1
483828,1
483835,1
483839,2
483844,1
483847,1
483865,2
483872,1
483879,1
483888,1
483895,1
483900,2
483905,1
483943,1
483973,1
483975,1
483984,2
483986,1
483992,1
483999,2
484009,2
484018,1
484021,1
484026,1
484029,1
484034,1
484036,1
484044,1
484048,2
484057,1
484060,1
484063,1
484066,1
484071,1
484085,1
484095,1
484097,1
484104,1
484108,1
484113,2
484117,2
484122,2
484124,1
484130,1
484139,1
484143,1
484160,2
484165,1
484179,1
484183,1
484193,1
484197,2
484201,2
484203,1
484205,1
484207,1
484212,2
484215,1
484222,1
484233,1
484236,1
484239,2
484251,2
484255,2
484262,2
484265,2
484272,1
484278,1
484284,1
484286,1
484289,1
484291,1
484299,1
484309,3
484316,1
484320,1
484329,1
484341,2
484346,1
484349,2
484351,1
484357,2
484364,2
484377,1
484379,1
484387,1
484400,1
484410,1
484412,1
484438,1
484440,1
484443,2
484450,1
484464,1
484481,1
484487,2
484492,1
484497,1
484507,1
484516,1
484522,2
484524,1
484533,1
484535,1
484554,1
484556,1
484564,1
484567,1
484573,1
484579,1
484595,1
484600,3
484602,1
484608,1
484622,1
484625,1
484627,1
484635,2
484641,1
484651,1
484664,1
484666,1
484671,2
484673,1
484681,1
484697,1
484700,2
484712,1
484719,1
484728,1
484732,1
484741,2
484744,1
484747,2
484750,2
484753,1
484760,1
484770,1
484773,2
484776,1
484778,1
484790,1
484797,2
484800,1
484809,1
484830,1
484837,1
484848,1
484857,2
484860,1
484863,1
484865,1
484891,2
484894,1
484898,2
484904,1
484928,2
484934,1
484936,1
484940,1
484944,1
484955,1
484966,1
484972,1
484986,1
484990,2
484996,1
485002,1
485004,1
485007,1
485010,1
485032,1
485036,1
485040,1
485045,2
485050,1
485081,2
485088,1
485102,1
485111,1
485113,1
485116,1
485124,1
485133,2
485153,1
485161,2
485166,1
485172,1
485184,1
485190,1
485196,1
485206,1
485213,1
485218,1
485236,1
485254,1
485256,1
485275,1
485287,1
485296,1
485303,1
485309,1
485317,1
485320,2
485323,2
485325,1
485355,1
485361,1
485368,1
485374,1
485377,1
485379,1
485384,1
485388,1
485391,2
485393,1
485410,2
485425,1
485432,1
485434,1
485436,1
485440,1
485446,1
485451,1
485464,2
485467,1
485470,1
485473,1
485483,1
485485,1
485489,1
485492,1
485502,2
485511,1
485515,2
485524,1
485527,1
485534,2
485543,1
485548,1
485551,1
485556,1
485569,1
485572,1
485575,1
485582,2
485599,1
485602,1
485604,1
485609,1
485615,1
485617,1
485622,1
485629,1
485637,1
485649,2
485656,1
485661,1
485666,1
485678,1
485689,1
485691,1
485694,1
485700,1
485703,1
485706,1
485709,1
485714,1
485719,2
485722,1
485724,1
485728,1
485738,2
485745,2
485755,1
485763,1
485777,1
485781,1
485787,1
485792,1
485795,1
485802,1
485816,4
485823,1
485828,1
485832,1
485835,1
485840,1
485849,1
485853,1
485861,1
485865,2
485869,1
485877,1
485887,1
485889,1
485895,1
485905,1
485907,1
485912,2
485919,1
485927,1
485933,1
485940,1
485945,1
485951,2
485955,1
485957,1
485960,1
485969,1
485975,1
485982,1
485998,2
486011,1
486022,1
486032,1
486035,2
486043,1
486047,1
486052,1
486054,1
486057,1
486061,2
486064,2
486072,1
486081,1
486092,1
486115,1
486129,1
486136,1
486138,1
486140,1
486144,1
486152,1
486160,1
486169,2
486174,2
486177,2
486180,1
486184,1
486187,1
486203,1
486206,1
486213,2
486218,1
486220,1
486226,1
486236,1
486239,1
486241,1
486246,1
486267,1
486281,1
486296,1
486300,1
486305,1
486322,1
486335,2
486343,1
486350,1
486373,2
486376,1
486379,1
486382,1
486385,1
486389,1
486392,1
486398,2
486403,1
486413,2
486416,2
486418,1
486421,1
486428,1
486431,1
486441,2
486444,1
486456,1
486468,1
486472,2
486476,1
486488,1
486500,1
486508,2
486521,1
486527,2
486542,1
486547,1
486550,1
486557,2
486559,1
486563,3
486570,1
486572,1
486575,1
486583,1
486588,2
486591,1
486595,1
486603,2
486609,2
486614,2
486618,1
486623,2
486628,1
486633,1
486641,1
486648,1
486653,2
486665,2
486667,1
486669,1
486682,1
486691,1
486695,1
486701,1
486714,1
486730,2
486739,2
486769,1
486774,1
486778,1
486782,1
486786,1
486800,1
486805,1
486816,1
486826,1
486828,1
486835,1
486838,1
486841,2
486844,1
486851,1
486853,1
486856,1
486859,1
486868,2
486873,1
486884,1
486895,1
486908,1
486914,2
486919,1
486923,2
486930,1
486939,1
486945,1
486954,1
486964,2
486966,1
486978,1
486987,2
486996,2
487004,2
487008,1
487013,2
487015,1
487017,1
487023,1
487028,1
487037,1
487044,1
487059,1
487065,2
487074,2
487079,2
487086,2
487098,1
487106,1
487112,2
487120,2
487122,1
487126,2
487128,1
487149,1
487152,1
487155,1
487159,2
487165,1
487168,1
487183,1
487186,2
487196,2
487200,2
487207,2
487217,1
487222,2
487228,1
487232,2
487244,1
487254,1
487256,1
487261,1
487265,2
487267,1
487271,2
487276,2
487287,1
487307,1
487312,1
487314,1
487330,1
487336,1
487338,1
487340,1
487343,1
487347,1
487351,1
487358,1
487362,1
487365,1
487367,1
487371,2
487377,1
487394,1
487408,1
487413,1
487415,1
487419,2
487430,1
487445,2
487451,1
487457,1
487463,3
487475,1
487477,1
487479,1
487483,1
487490,1
487499,1
487509,2
487523,1
487526,1
487529,1
487532,1
487541,1
487544,2
487552,1
487560,1
487567,2
487572,1
487575,1
487577,1
487580,1
487591,1
487593,1
487597,1
487600,1
487603,1
487606,1
487627,2
487632,1
487642,1
487644,1
487659,1
487663,2
487667,1
487687,1
487689,1
487695,1
487697,1
487702,1
487733,1
487737,1
487741,1
487744,1
487746,1
487749,1
487752,2
487764,2
487767,2
487774,1
487778,2
487784,1
487793,1
487796,1
487802,1
487806,1
487815,2
487818,1
487822,1
487836,1
487839,1
487841,1
487846,1
487851,1
487859,1
487862,1
487868,1
487871,1
487882,1
487884,1
487890,1
487896,1
487914,1
487919,3
487921,1
487925,1
487931,1
487939,1
487945,1
487958,1
487971,2
487983,1
487988,1
487990,1
487995,2
488006,1
488009,1
488012,1
488026,1
488034,1
488040,1
488044,3
488051,1
488054,1
488059,2
488066,1
488069,1
488093,1
488100,1
488116,2
488120,1
488127,1
488135,1
488141,1
488146,1
488149,1
488151,1
488155,2
488157,1
488166,2
488170,2
488175,1
488180,1
488193,1
488199,1
488205,1
488217,1
488225,1
488235,1
488245,1
488249,1
488255,1
488257,1
488264,1
488267,1
488273,1
488279,1
488286,2
488290,1
488293,2
488318,1
488323,1
488328,1
488363,1
488367,2
488373,1
488376,2
488378,1
488384,1
488386,1
488397,2
488401,1
488411,1
488415,1
488418,1
488423,2
488426,2
488431,1
488440,1
488443,1
488446,1
488456,1
488462,1
488480,1
488485,2
488492,1
488498,2
488500,1
488517,2
488521,1
488562,1
488567,1
488574,1
488579,1
488589,2
488600,1
488613,2
488618,1
488620,1
488624,1
488633,1
488636,2
488642,1
488650,1
488653,1
488655,1
488659,1
488666,1
488669,1
488673,1
488680,1
488686,1
488690,2
488701,1
488707,2
488709,1
488711,1
488713,1
488717,1
488720,1
488723,1
488725,1
488734,1
488739,1
488741,1
488744,1
488755,1
488765,1
488769,1
488778,1
488787,1
488791,2
488799,1
488801,1
488807,1
488823,1
488828,1
488835,1
488837,1
488845,2
488847,1
488849,1
488852,1
488860,2
488881,1
488898,1
488900,1
488908,1
488913,2
488917,1
488932,1
488942,1
488960,3
488962,1
488967,1
488971,1
488974,2
488979,1
488982,1
488986,1
488996,1
489003,1
489005,1
489010,2
489013,2
489020,2
489022,1
489026,1
489030,1
489037,1
489053,1
489058,1
489061,1
489067,1
489070,1
489075,2
489078,1
489083,1
489085,1
489088,1
489098,3
489104,1
489112,2
489122,1
489125,2
489131,1
489133,1
489135,1
489144,2
489146,1
489156,1
489158,1
489170,2
489178,1
489182,2
489185,1
489187,1
489191,1
489197,2
489208,2
489210,1
489216,2
489229,2
489238,1
489243,1
489249,1
489257,1
489262,1
489267,1
489270,1
489273,2
489293,1
489299,2
489303,1
489311,2
489316,1
489319,1
489322,1
489327,2
489334,1
489337,2
489343,1
489351,1
489358,1
489362,1
489370,1
489372,1
489377,2
489379,1
489382,1
489385,1
489390,2
489400,1
489402,1
489424,1
489455,1
489459,1
489461,1
489463,1
489473,1
489482,3
489484,1
489487,1
489493,1
489501,1
489517,2
489521,1
489526,1
489529,1
489535,2
489545,1
489549,1
489558,2
489565,1
489569,1
489577,1
489579,1
489596,1
489602,1
489609,1
489616,1
489623,1
489628,2
489633,1
489639,1
489642,2
489645,1
489655,3
489660,1
489668,1
489672,1
489679,1
489684,1
489686,1
489704,4
489712,1
489716,1
489721,1
489742,1
489752,1
489765,3
489770,1
489773,1
489778,1
489780,1
489784,1
489787,1
489794,2
489801,1
489812,1
489814,1
489829,1
489835,2
489841,2
489849,2
489854,1
489857,1
489873,1
489885,2
489894,2
489898,1
489900,1
489905,1
489912,1
489919,1
489923,1
489928,2
489943,1
489947,1
489970,2
489976,1
489980,1
489983,1
489985,1
489989,1
489995,1
490004,1
490014,1
490023,2
490031,1
490037,1
490045,1
490047,1
490060,1
490066,1
490084,1
490089,1
490099,1
490105,2
490109,2
490113,1
490117,1
490123,1
490127,1
490131,1
490140,2
490144,1
490151,1
490154,1
490160,1
490172,2
490175,2
490178,1
490182,1
490196,1
490204,2
490206,1
490209,1
490217,1
490231,1
490234,1
490239,1
490242,1
490262,2
490266,1
490284,1
490286,1
490296,1
490300,2
490304,1
490308,1
490314,1
490327,1
490329,1
490333,1
490336,1
490339,1
490342,1
490347,1
490350,1
490357,1
490370,2
490378,1
490390,1
490393,1
490399,1
490401,1
490403,1
490407,1
490425,1
490432,1
490435,1
490442,1
490446,2
490451,1
490457,1
490462,1
490469,1
490485,1
490510,1
490517,1
490524,2
490539,1
490549,1
490563,1
490566,1
490570,1
490584,1
490586,1
490594,2
490600,1
490608,1
490618,2
490625,1
490628,2
490635,1
490650,2
490654,2
490683,1
490689,1
490695,1
490711,1
490717,1
490720,2
490736,1
490740,1
490744,2
490746,1
490750,1
490774,1
490780,2
490792,1
490798,2
490831,2
490842,2
490851,2
490855,1
490860,1
490865,1
490876,2
490878,1
490882,1
490884,1
490890,1
490906,2
490911,1
490921,1
490929,1
490931,1
490933,1
490944,1
490948,1
490950,1
490955,1
490973,1
490979,1
490982,1
490991,1
490996,1
490998,1
491023,2
491028,1
491032,2
491035,2
491041,1
491051,1
491053,1
491058,1
491060,1
491063,1
491065,1
491070,2
491075,2
491078,1
491085,1
491091,1
491099,1
491109,1
491111,1
491113,1
491118,2
491121,1
491124,1
491128,2
491136,2
491139,2
491149,2
491154,1
491157,2
491160,2
491164,1
491176,1
491182,2
491185,1
491194,2
491208,1
491216,2
491218,1
491234,1
491242,1
491244,1
491256,1
491263,1
491266,2
491270,1
491274,2
491279,1
491288,1
491292,1
491304,1
491309,1
491312,1
491316,1
491321,2
491323,1
491330,1
491341,4
491350,1
491363,1
491370,1
491378,1
491380,1
491391,2
491406,1
491417,1
491420,1
491429,1
491439,1
491448,1
491460,1
491466,1
491468,1
491476,2
491480,3
491482,1
491485,1
491488,1
491491,1
491497,1
491509,2
491513,1
491517,1
491526,2
491533,1
491538,1
491544,1
491552,1
491558,3
491561,2
491574,1
491581,1
491585,1
491590,1
491595,2
491597,1
491607,1
491609,1
491617,2
491624,1
491641,1
491650,2
491666,1
491678,2
491685,1
491693,1
491696,1
491699,1
491701,1
491703,1
491724,1
491735,1
491740,1
491746,1
491750,2
491753,2
491755,1
491759,3
491763,1
491776,2
491783,1
491785,1
491798,1
491802,1
491805,1
491812,1
491814,1
491817,1
491820,1
491822,1
491826,1
491830,1
491837,1
491844,2
491883,1
491886,1
491895,1
491899,1
491904,2
491908,1
491922,3
491930,1
491937,2
491947,2
491957,1
491961,1
491976,1
491984,1
491988,1
491994,1
491996,1
491999,1
492001,1
492008,2
492019,1
492026,1
492051,1
492055,2
492060,1
492065,1
492072,1
492077,1
492084,3
492091,2
492094,1
492101,2
492104,1
492116,1
492119,1
492121,1
492127,1
492129,1
492133,1
492140,1
492143,1
492158,2
492163,1
492167,2
492174,1
492178,2
492183,1
492185,1
492190,1
492199,1
492207,1
492211,1
492229,1
492232,1
492238,1
492250,1
492259,1
492263,1
492269,1
492271,1
492282,1
492289,1
492300,1
492309,1
492312,1
492320,1
492327,1
492333,1
492339,1
492357,1
492362,1
492371,2
492375,1
492378,1
492380,1
492383,1
492389,1
492391,1
492394,1
492403,1
492412,1
492433,1
492438,1
492445,2
492449,1
492459,1
492464,1
492475,2
492480,1
492486,1
492492,1
492496,1
492498,1
492515,2
492529,1
492535,1
492547,1
492561,1
492568,1
492585,1
492587,1
492590,1
492593,1
492615,2
492620,1
492629,1
492632,2
492638,1
492646,1
492651,1
492657,1
492663,1
492667,1
492670,1
492673,1
492681,2
492689,1
492693,1
492696,1
492701,2
492706,1
492710,1
492712,1
492716,3
492719,1
492721,1
492727,1
492732,2
492738,1
492743,1
492746,1
492748,1
492757,1
492760,1
492769,1
492773,1
492775,1
492781,1
492786,2
492789,2
492792,1
492798,1
492805,2
492808,1
492813,1
492820,2
492829,1
492832,1
492845,2
492862,1
492867,1
492870,1
492874,1
492883,1
492893,1
492896,2
492900,1
492906,2
492909,2
492912,1
492921,1
492925,1
492933,2
492949,1
492958,1
492961,1
492973,2
492977,1
492985,1
493004,1
493006,1
493008,1
493014,1
493017,1
493039,1
493045,1
493052,1
493055,1
493064,2
493071,2
493078,1
493080,1
493083,1
493088,1
493092,1
493096,1
493098,1
493108,2
493115,2
493129,1
493138,1
493146,1
493150,1
493152,1
493154,1
493167,1
493170,1
493172,1
493175,2
493178,2
493181,1
493185,2
493189,1
493195,1
493200,1
493206,1
493218,1
493224,1
493236,1
493243,1
493250,2
493255,1
493268,2
493272,1
493276,2
493282,1
493287,2
493291,1
493309,1
493312,1
493320,1
493334,1
493341,1
493347,2
493352,2
493357,1
493372,1
493379,1
493395,2
493412,2
493419,2
493429,2
493442,1
493448,2
493453,1
493469,1
493474,2
493479,1
493483,1
493488,1
493491,2
493497,1
493500,1
493526,1
493530,3
493538,1
493541,2
493544,2
493547,1
493549,1
493554,1
493556,1
493568,1
493571,1
493578,1
493594,1
493597,1
493600,2
493606,1
493616,1
493624,1
493637,1
493642,1
493649,1
493651,1
493654,2
493672,1
493678,1
493684,1
493688,2
493692,1
493696,1
493700,1
493706,2
493712,1
493723,1
493730,2
493733,1
493744,2
493746,1
493749,2
493752,2
493766,1
493771,1
493775,2
493780,2
493784,1
493790,1
493798,1
493807,2
493812,1
493818,1
493820,1
493830,1
493834,2
493843,2
493848,1
493852,1
493857,1
493859,1
493864,1
493870,1
493879,2
493884,1
493889,1
493907,2
493913,1
493921,1
493926,1
493929,1
493942,1
493948,1
493950,1
493955,1
493963,1
493971,1
493984,1
493991,1
493993,1
494005,1
494011,2
494015,1
494021,1
494034,1
494052,1
494057,2
494072,1
494079,2
494085,1
494095,1
494098,1
494103,2
494107,1
494116,1
494121,2
494126,1
494136,1
494138,1
494140,1
494146,2
494159,2
494177,1
494182,1
494185,1
494193,1
494196,1
494203,1
494225,1
494228,2
494231,1
494241,1
494253,1
494266,1
494284,1
494301,1
494307,1
494309,1
494311,1
494319,2
494331,2
494340,2
494346,1
494350,1
494356,1
494359,1
494364,1
494368,2
494374,2
494384,2
494390,1
494393,1
494396,1
494400,1
494418,1
494421,1
494424,1
494430,1
494436,2
494441,1
494464,1
494467,1
494473,1
494484,1
494501,2
494515,1
494520,1
494524,1
494531,2
494535,1
494538,2
494550,2
494577,1
494581,1
494592,1
494598,1
494604,1
494613,1
494623,1
494628,1
494632,1
494634,1
494640,1
494647,2
494649,1
494651,1
494656,2
494659,1
494671,1
494675,1
494692,2
494697,1
494707,2
494711,1
494714,1
494719,1
494723,1
494729,2
494733,2
494736,1
494740,1
494749,2
494754,2
494756,1
494763,1
494768,2
494794,2
494797,1
494802,2
494807,1
494825,1
494844,1
494851,1
494859,2
494867,3
494870,1
494877,1
494889,1
494892,1
494909,1
494917,1
494925,1
494927,1
494930,1
494936,1
494943,1
494946,2
494951,2
494954,2
494956,1
494959,1
494967,1
494976,2
494989,2
494996,1
495001,1
495006,2
495022,1
495025,2
495031,1
495039,1
495042,1
495057,1
495071,1
495074,1
495078,2
495085,1
495092,1
495118,1
495121,1
495125,1
495129,1
495140,1
495144,1
495151,2
495159,1
495161,1
495164,1
495170,1
495178,2
495181,1
495190,2
495193,2
495200,1
495204,1
495210,1
495214,1
495224,1
495229,1
495236,1
495242,2
495246,1
495250,1
495256,1
495269,1
495271,1
495286,1
495290,2
495293,1
495304,1
495309,2
495312,1
495321,1
495328,1
495341,2
495346,1
495348,1
495351,1
495358,2
495365,1
495374,3
495380,1
495382,1
495386,2
495393,1
495413,1
495423,1
495428,2
495431,2
495439,1
495441,1
495445,2
495454,1
495458,1
495464,1
495469,1
495487,1
495489,1
495492,1
495496,1
495500,1
495506,2
495510,1
495513,2
495520,1
495536,1
495547,1
495551,1
495559,1
495565,1
495567,1
495569,1
495574,1
495579,1
495582,2
495584,1
495589,1
495593,2
495595,1
495598,1
495603,1
495608,1
495612,2
495620,1
495625,2
495632,1
495642,2
495646,2
495652,2
495674,1
495677,1
495679,1
495684,1
495697,1
495728,2
495736,1
495745,2
495768,2
495780,1
495782,1
495791,1
495795,1
495801,1
495803,1
495816,1
495819,1
495823,1
495825,1
495832,2
495837,1
495861,1
495867,1
495871,1
495874,1
495882,1
495893,2
495898,2
495910,1
495919,1
495923,1
495929,1
495932,1
495947,1
495951,2
495954,1
495960,1
495968,1
495979,1
495989,1
495995,1
495998,2
496004,1
496013,2
496033,3
496050,1
496055,2
496073,1
496076,1
496084,1
496086,1
496093,1
496100,2
496104,1
496112,1
496114,1
496118,1
496122,2
496126,1
496134,2
496155,1
496159,1
496163,2
496167,1
496185,1
496192,1
496197,1
496203,2
496210,1
496212,1
496225,1
496227,1
496239,1
496247,1
496250,1
496257,1
496264,1
496280,2
496286,1
496288,1
496296,1
496299,1
496305,1
496316,1
496320,1
496334,1
496341,1
496348,1
496354,2
496365,2
496374,1
496378,2
496385,1
496412,1
496414,1
496417,1
496419,1
496425,1
496431,1
496443,1
496445,1
496468,1
496471,1
496479,1
496487,1
496510,1
496518,2
496527,1
496536,2
496541,1
496544,1
496546,1
496552,1
496556,1
496565,1
496571,1
496579,2
496581,1
496585,1
496600,1
496610,2
496620,1
496640,1
496644,2
496660,2
496663,1
496665,1
496672,1
496678,1
496708,1
496715,1
496721,2
496736,1
496747,1
496752,1
496756,2
496762,1
496767,1
496779,2
496792,2
496794,1
496803,1
496809,1
496818,1
496826,1
496832,1
496836,1
496842,2
496855,1
496864,2
496873,1
496882,2
496897,1
496919,1
496922,1
496933,1
496942,3
496950,1
496954,2
496957,1
496974,1
497003,1
497010,1
497018,1
497029,1
497032,1
497041,2
497072,1
497078,2
497084,1
497087,1
497094,1
497105,1
497111,1
497119,1
497126,2
497130,2
497139,2
497144,1
497156,2
497159,1
497176,1
497180,2
497182,1
497202,1
497215,1
497221,1
497223,1
497231,1
497248,2
497251,2
497255,2
497270,1
497272,1
497283,1
497287,1
497290,1
497296,1
497301,2
497304,2
497307,1
497313,1
497315,1
497322,2
497325,1
497329,1
497334,1
497341,1
497345,1
497352,1
497361,1
497368,1
497372,1
497379,1
497393,2
497400,1
497406,1
497415,1
497426,1
497428,1
497436,2
497440,1
497474,1
497478,2
497486,1
497488,1
497501,2
497504,1
497508,1
497512,1
497519,1
497525,1
497533,1
497539,1
497546,1
497549,1
497560,1
497567,2
497580,1
497583,2
497588,1
497619,1
497626,1
497629,1
497631,1
497646,1
497651,1
497656,1
497662,1
497664,1
497669,1
497680,1
497684,1
497692,1
497694,1
497698,2
497704,1
497706,1
497708,1
497714,1
497721,1
497723,1
497729,1
497732,1
497741,1
497756,2
497769,1
497779,1
497785,1
497792,1
497801,1
497803,1
497806,1
497809,1
497813,1
497817,1
497820,1
497822,1
497824,1
497831,1
497833,1
497835,1
497840,1
497843,1
497854,1
497860,1
497867,1
497875,1
497891,1
497895,1
497901,1
497903,1
497908,1
497942,1
497944,1
497953,1
497963,2
497979,2
497984,2
497988,2
497999,1
498001,1
498007,1
498012,2
498030,1
498038,1
498043,1
498047,1
498050,2
498053,1
498056,1
498062,1
498064,1
498067,1
498082,2
498090,2
498094,1
498099,1
498108,1
498111,2
498117,1
498122,1
498124,1
498128,1
498131,1
498135,1
498148,1
498153,1
498162,1
498165,1
498183,1
498185,1
498188,1
498191,2
498194,2
498201,1
498210,1
498217,1
498220,2
498227,1
498245,1
498268,1
498270,1
498276,1
498280,1
498288,1
498293,1
498299,1
498302,1
498305,2
498316,1
498324,1
498326,1
498331,3
498337,1
498342,1
498359,1
498366,1
498373,1
498381,1
498384,1
498391,1
498397,1
498399,1
498404,1
498414,1
498425,2
498427,1
498451,1
498470,1
498476,1
498485,1
498487,1
498492,1
498510,1
498514,1
498518,1
498525,2
498527,1
498529,1
498532,1
498534,1
498541,2
498546,1
498550,2
498553,1
498559,1
498561,1
498563,1
498565,1
498573,2
498597,1
498599,1
498602,2
498605,1
498608,1
498617,2
498627,1
498638,2
498640,1
498648,1
498654,1
498659,1
498661,1
498666,1
498676,1
498687,1
498702,1
498736,1
498748,1
498756,1
498770,1
498773,2
498778,1
498780,1
498790,2
498795,1
498799,2
498803,1
498812,1
498818,1
498820,1
498830,1
498842,1
498844,1
498847,2
498852,1
498862,1
498866,1
498870,2
498872,1
498876,1
498905,1
498907,1
498912,1
498924,2
498926,1
498929,1
498936,1
498944,1
498947,1
498957,1
498963,1
498980,1
498986,1
498992,1
498997,1
499000,2
499004,1
499007,1
499012,1
499018,1
499024,2
499027,2
499029,1
499031,1
499040,1
499042,1
499052,1
499066,1
499072,2
499078,1
499093,1
499097,2
499102,1
499111,3
499113,1
499117,2
499122,2
499124,1
499127,1
499136,2
499161,1
499178,4
499184,1
499187,1
499191,1
499209,1
499214,2
499219,1
499227,1
499244,1
499248,2
499254,1
499261,1
499269,2
499289,2
499293,1
499302,1
499308,1
499312,2
499328,1
499339,3
499342,1
499347,1
499351,1
499355,1
499360,1
499364,1
499367,2
499374,2
499379,2
499383,1
499389,1
499391,1
499401,1
499407,2
499410,2
499423,1
499425,1
499434,1
499436,1
499442,1
499453,2
499455,1
499472,1
499477,1
499483,1
499487,1
499490,1
499501,1
499503,1
499509,1
499511,1
499519,1
499536,2
499539,2
499547,1
499560,1
499567,2
499570,1
499579,2
499584,1
499587,1
499590,1
499595,1
499610,1
499618,1
499632,1
499636,1
499644,1
499648,2
499653,2
499656,2
499667,2
499671,1
499678,2
499683,1
499691,1
499694,1
499697,1
499699,1
499701,1
499707,1
499721,1
499726,1
499728,1
499733,1
499755,1
499760,1
499763,2
499775,1
499782,2
499787,1
499789,1
499799,1
499805,1
499816,1
499820,1
499822,1
499827,1
499844,1
499846,1
499854,1
499858,1
499864,2
499871,2
499887,1
499890,1
499893,2
499895,1
499899,2
499901,1
499905,1
499910,1
499919,1
499929,2
499933,2
499940,1
499951,1
499960,2
499963,1
499967,1
499990,2
499993,1
600018,2
600023,1
600026,2
600035,2
600038,1
600044,1
600050,2
600057,1
600062,1
600067,1
600070,1
600079,1
600084,2
600087,1
600091,2
600095,1
600106,1
600113,1
600129,1
600131,1
600146,1
600154,1
600156,1
600166,1
600170,1
600174,1
600177,1
600181,1
600183,1
600190,2
600195,1
600197,1
600201,2
600205,1
600213,1
600218,1
600228,3
600234,1
600251,1
600254,1
600265,1
600269,1
600292,1
600294,1
600299,2
600312,1
600314,1
600317,1
600320,1
600323,1
600341,2
600344,2
600355,1
600359,1
600364,1
600380,2
600385,1
600387,1
600392,1
600395,1
600400,1
600403,1
600406,1
600408,1
600415,1
600417,1
600424,1
600437,2
600439,1
600443,1
600447,1
600450,1
600456,1
600464,1
600466,1
600478,1
600488,1
600496,1
600502,1
600509,1
600522,1
600529,1
600535,2
600542,1
600545,1
600550,1
600555,1
600568,1
600573,2
600577,2
600594,2
600599,1
600625,1
600627,1
600632,1
600636,1
600639,1
600647,1
600654,1
600661,1
600663,1
600667,1
600672,2
600674,1
600678,2
600681,1
600683,1
600686,1
600691,1
600694,1
600696,1
600700,1
600706,1
600717,2
600720,1
600723,2
600726,2
600729,1
600735,4
600739,1
600743,2
600747,1
600753,2
600759,1
600761,1
600769,2
600778,2
600787,1
600809,1
600815,1
600820,1
600824,1
600832,1
600838,1
600842,2
600852,1
600859,1
600864,1
600868,2
600875,1
600877,1
600880,1
600889,1
600891,1
600896,1
600899,1
600903,1
600906,1
600911,1
600922,1
600924,1
600932,1
600935,2
600937,1
600940,2
600943,1
600950,1
600952,1
600955,1
600962,2
600973,1
600976,1
600983,2
600990,2
600997,1
600999,1
601003,2
601005,1
601016,2
601026,2
601053,1
601056,2
601067,1
601069,1
601072,1
601083,2
601088,1
601092,1
601102,2
601105,1
601110,1
601121,1
601132,1
601144,2
601157,2
601161,1
601167,1
601170,1
601174,1
601180,2
601186,1
601198,1
601201,2
601207,1
601230,1
601233,2
601240,1
601250,2
601256,1
601263,1
601266,1
601270,1
601274,1
601280,1
601289,1
601291,1
601299,4
601302,1
601305,2
601318,1
601323,1
601326,2
601337,1
601345,1
601359,1
601369,1
601382,1
601384,1
601390,1
601397,1
601399,1
601404,1
601410,1
601415,1
601418,1
601423,2
601427,1
601442,1
601453,1
601456,2
601460,1
601472,1
601480,4
601485,1
601493,1
601498,1
601510,1
601514,1
601518,1
601520,1
601529,1
601531,1
601536,2
601546,1
601555,1
601564,1
601568,1
601571,1
601574,2
601576,1
601585,1
601587,1
601591,1
601600,1
601607,1
601612,1
601619,1
601621,1
601623,1
601637,1
601645,1
601647,1
601657,1
601662,1
601677,1
601680,1
601685,1
601694,1
601703,1
601718,1
601723,1
601727,2
601730,1
601732,1
601736,1
601738,1
601742,1
601745,1
601748,1
601753,2
601781,1
601791,1
601800,1
601802,1
601805,2
601809,1
601819,1
601833,1
601854,2
601866,1
601872,1
601879,2
601884,1
601901,1
601903,1
601905,1
601912,1
601931,2
601936,1
601947,1
601953,1
601970,1
601974,1
601979,2
601983,1
601988,4
601991,1
601994,2
601998,1
602009,1
602019,1
602025,1
602039,1
602045,1
602051,2
602060,2
602067,1
602071,1
602080,1
602086,2
602088,1
602091,1
602097,1
602101,1
602115,1
602122,1
602128,3
602134,1
602138,2
602146,1
602154,2
602167,1
602173,1
602188,1
602193,1
602196,1
602199,1
602205,1
602213,1
602216,1
602220,1
602223,1
602225,1
602239,1
602258,1
602268,1
602271,1
602278,2
602283,1
602297,1
602302,1
602315,2
602318,1
602325,2
602328,1
602334,1
602341,1
602347,1
602350,1
602352,1
602354,1
602361,2
602363,1
602379,1
602382,1
602397,1
602403,2
602411,1
602417,1
602421,1
602428,2
602441,1
602446,2
602464,1
602471,1
602477,1
602479,1
602486,1
602498,1
602503,1
602505,1
602512,1
602520,2
602526,1
602529,1
602535,3
602542,5
602548,2
602552,1
602555,1
602567,2
602569,1
602571,1
602576,1
602579,1
602591,2
602595,1
602604,1
602619,1
602629,1
602637,1
602640,2
602648,1
602652,1
602655,1
602660,1
602666,1
602669,2
602672,1
602676,1
602682,2
602687,1
602690,2
602696,1
602720,1
602723,1
602734,1
602742,1
602744,1
602753,1
602755,1
602761,2
602763,1
602767,2
602770,1
602776,1
602781,1
602785,2
602799,1
602802,1
602806,1
602816,3
602826,2
602831,1
602837,1
602860,1
602870,2
602874,1
602878,2
602880,1
602887,1
602895,1
602903,1
602910,1
602912,1
602917,1
602919,1
602922,1
602927,1
602956,2
602961,1
602966,1
602969,2
602974,1
602983,1
602987,1
602991,1
602994,1
602996,1
603000,1
603012,1
603017,1
603019,1
603030,1
603039,3
603044,1
603056,1
603066,1
603069,1
603076,1
603081,1
603086,1
603094,1
603097,1
603103,2
603117,2
603119,1
603122,1
603128,2
603133,1
603139,2
603143,2
603149,1
603171,2
603179,1
603184,2
603193,1
603198,1
603207,1
603214,2
603216,1
603223,3
603231,1
603240,1
603252,2
603265,1
603275,1
603287,1
603290,1
603294,2
603297,1
603300,1
603303,1
603313,2
603318,2
603328,1
603333,1
603342,1
603347,1
603352,2
603357,1
603374,1
603382,1
603386,1
603389,1
603392,1
603395,1
603398,2
603401,2
603407,1
603410,1
603417,1
603428,2
603445,2
603450,2
603475,2
603480,1
603487,2
603491,1
603494,1
603504,1
603509,1
603512,1
603515,1
603517,1
603520,1
603523,2
603526,1
603532,2
603539,1
603542,2
603545,2
603558,1
603562,2
603566,3
603570,2
603577,1
603586,1
603595,1
603601,1
603604,1
603607,1
603611,1
603639,2
603642,1
603646,1
603649,1
603655,1
603662,2
603667,1
603674,1
603677,1
603689,1
603693,1
603695,1
603700,1
603710,1
603714,1
603748,1
603752,1
603757,1
603772,3
603783,1
603791,1
603795,1
603797,1
603800,2
603808,1
603817,2
603824,2
603829,1
603831,1
603834,1
603837,2
603839,1
603852,1
603855,2
603866,1
603872,2
603883,1
603897,1
603902,1
603904,1
603908,2
603914,1
603926,1
603929,2
603938,1
603942,1
603946,1
603960,1
603967,3
603973,1
603979,1
603984,1
603989,1
603996,1
604003,1
604008,1
604012,1
604016,1
604030,1
604034,2
604041,1
604055,1
604058,2
604061,2
604080,1
604100,1
604105,1
604109,1
604118,1
604122,2
604138,2
604150,1
604182,2
604187,1
604194,1
604200,1
604203,1
604206,1
604210,1
604216,2
604224,1
604235,1
604240,2
604256,1
604267,1
604280,1
604298,1
604302,1
604309,1
604314,1
604320,1
604332,1
604335,1
604348,1
604361,1
604372,1
604374,1
604376,1
604390,1
604402,1
604409,1
604418,2
604421,1
604426,1
604430,2
604434,1
604441,1
604447,2
604452,1
604457,1
604475,1
604491,1
604496,1
604503,1
604513,1
604527,2
604534,2
604538,1
604550,1
604555,1
604584,1
604589,1
604592,1
604594,1
604597,2
604604,1
604620,1
604622,1
604626,1
604635,1
604647,1
604656,2
604662,1
604666,1
604672,1
604675,1
604677,1
604679,1
604684,1
604694,1
604699,1
604707,1
604713,1
604718,1
604731,1
604740,1
604743,2
604746,2
604749,2
604756,1
604761,1
604768,1
604773,2
604782,1
604786,1
604790,2
604798,3
604805,1
604812,1
604821,2
604829,1
604831,1
604842,1
604845,1
604852,2
604871,1
604878,2
604887,1
604897,2
604899,1
604902,2
604904,1
604915,2
604926,1
604928,1
604931,2
604936,4
604946,1
604949,1
604953,1
604956,2
604962,1
604966,1
604968,1
604987,1
605006,1
605015,2
605022,1
605033,2
605040,1
605049,1
605053,1
605057,1
605060,1
605064,1
605068,1
605071,1
605082,1
605086,1
605089,1
605107,2
605110,2
605113,2
605116,1
605120,2
605123,1
605127,1
605129,1
605133,1
605144,1
605150,1
605156,1
605161,2
605197,1
605204,1
605212,1
605223,1
605226,1
605235,2
605246,2
605250,1
605252,1
605262,1
605268,1
605275,1
605279,1
605287,1
605300,2
605307,2
605310,2
605315,2
605320,1
605322,1
605329,2
605344,1
605356,1
605358,1
605365,1
605368,2
605380,2
605386,1
605388,1
605396,1
605407,1
605413,2
605438,2
605442,2
605448,2
605454,1
605457,1
605468,1
605477,1
605481,1
605498,1
605510,1
605517,1
605519,1
605527,1
605532,1
605538,2
605552,2
605560,1
605569,1
605571,1
605573,1
605610,1
605618,1
605629,1
605636,1
605643,1
605646,1
605657,1
605663,1
605681,2
605685,1
605688,1
605694,1
605697,1
605707,1
605715,1
605720,1
605722,1
605727,1
605729,1
605742,2
605755,1
605762,1
605778,2
605781,1
605783,1
605785,1
605790,1
605793,1
605800,2
605805,1
605807,1
605833,2
605842,1
605867,1
605882,1
605884,1
605887,1
605890,2
605893,1
605897,1
605900,1
605909,1
605913,1
605936,1
605949,1
605959,1
605964,1
605967,1
605969,1
605975,2
605991,2
606006,1
606013,1
606037,1
606041,1
606051,2
606054,1
606065,2
606071,2
606086,1
606094,1
606102,2
606108,1
606111,1
606114,2
606121,1
606126,1
606133,1
606136,1
606143,2
606154,1
606156,1
606170,1
606175,1
606184,1
606211,1
606222,2
606225,1
606234,2
606247,1
606254,1
606259,1
606263,1
606283,1
606292,1
606303,2
606306,1
606322,1
606333,2
606360,2
606363,2
606367,1
606377,1
606396,1
606402,1
606405,1
606407,1
606429,2
606440,1
606445,2
606448,1
606454,1
606457,1
606465,1
606478,2
606480,1
606488,1
606490,1
606502,1
606513,2
606516,1
606520,2
606522,1
606527,2
606530,1
606535,1
606546,1
606548,1
606557,1
606560,1
606573,1
606577,1
606582,1
606587,1
606591,1
606594,2
606602,1
606609,1
606614,2
606618,1
606624,1
606638,2
606643,1
606660,2
606667,2
606670,1
606675,1
606681,1
606700,1
606708,1
606714,1
606723,1
606726,1
606736,2
606747,2
606755,1
606771,2
606779,1
606785,2
606801,1
606808,1
606811,1
606813,1
606819,1
606828,1
606833,2
606838,1
606845,1
606847,1
606853,1
606864,1
606870,1
606875,2
606879,1
606890,1
606893,1
606900,1
606902,1
606907,1
606911,1
606930,1
606944,1
606959,2
606963,1
606972,1
606978,1
606982,1
606989,1
607007,1
607009,1
607013,2
607016,1
607048,1
607052,1
607058,1
607065,1
607076,1
607085,2
607087,1
607090,1
607095,1
607150,1
607162,1
607166,2
607168,1
607172,1
607184,1
607204,1
607210,1
607213,2
607220,1
607227,1
607233,1
607235,1
607251,1
607256,1
607262,1
607267,2
607275,2
607285,1
607290,1
607297,1
607300,2
607312,1
607314,1
607317,1
607330,1
607333,1
607353,1
607360,1
607363,1
607367,1
607376,1
607379,1
607384,1
607392,2
607401,1
607407,1
607411,1
607417,2
607419,1
607422,2
607424,1
607429,1
607436,1
607444,1
607446,1
607450,2
607459,1
607461,1
607466,1
607472,1
607478,1
607485,2
607487,1
607496,2
607503,2
607508,1
607514,1
607517,1
607521,1
607527,2
607531,1
607533,1
607535,1
607539,1
607543,1
607546,1
607548,1
607551,1
607558,2
607564,2
607573,1
607579,1
607592,1
607601,1
607614,1
607620,2
607625,1
607627,1
607640,1
607643,1
607653,1
607659,1
607663,1
607670,1
607681,1
607689,1
607699,1
607711,1
607716,1
607721,1
607728,1
607731,1
607740,1
607747,1
607755,2
607760,1
607769,1
607773,1
607779,1
607792,2
607796,1
607808,1
607832,2
607837,2
607846,1
607849,1
607858,2
607869,1
607877,1
607889,2
607903,2
607905,1
607907,1
607915,2
607922,2
607933,1
607935,1
607944,1
607952,1
607954,1
607957,1
607963,2
607966,1
607978,2
607984,1
607994,1
608016,1
608020,1
608024,2
608029,1
608032,1
608041,1
608045,1
608050,1
608052,1
608068,1
608075,1
608100,1
608109,1
608115,1
608118,2
608132,1
608135,1
608140,1
608152,2
608154,1
608158,2
608162,1
608167,1
608173,1
608178,1
608180,1
608183,1
608186,1
608203,1
608211,1
608217,2
608222,1
608224,1
608227,1
608229,1
608239,1
608242,1
608245,1
608253,2
608255,1
608259,2
608269,1
608274,1
608280,1
608283,2
608294,1
608298,2
608309,1
608312,1
608314,1
608319,1
608323,1
608327,2
608330,1
608339,1
608342,2
608346,1
608355,1
608358,1
608365,1
608369,1
608384,1
608386,1
608396,1
608399,1
608402,2
608406,1
608412,1
608417,2
608422,1
608434,1
608439,1
608441,1
608444,2
608459,1
608462,1
608465,1
608486,2
608503,1
608515,2
608539,1
608542,1
608548,2
608565,3
608569,2
608572,2
608575,1
608590,1
608597,1
608603,1
608606,1
608615,1
608617,1
608621,1
608632,2
608635,1
608637,1
608655,2
608659,1
608663,2
608668,1
608675,1
608677,1
608693,1
608697,1
608712,2
608717,1
608722,1
608730,2
608734,1
608751,2
608753,1
608759,1
608762,1
608776,1
608779,2
608786,1
608788,1
608797,1
608802,1
608804,1
608809,1
608819,1
608830,1
608837,1
608840,2
608857,1
608870,1
608875,2
608880,1
608889,1
608893,2
608906,1
608926,1
608934,2
608948,1
608962,2
608965,1
608975,1
608978,1
608980,1
608985,1
608993,1
609003,1
609012,2
609022,1
609030,1
609036,1
609044,1
609051,1
609055,1
609059,2
609061,1
609068,1
609073,1
609075,1
609078,2
609080,1
609083,2
609086,2
609090,1
609109,2
609113,1
609116,1
609122,1
609129,1
609134,1
609140,1
609144,1
609149,1
609153,2
609155,1
609159,2
609161,1
609164,1
609171,1
609175,1
609182,2
609185,1
609193,2
609202,2
609207,1
609215,3
609220,1
609223,1
609225,1
609232,1
609235,2
609240,1
609244,1
609246,1
609267,2
609271,1
609274,1
609279,1
609284,1
609286,1
609293,2
609296,1
609307,1
609310,1
609312,1
609328,1
609333,1
609338,2
609348,2
609363,1
609369,1
609372,1
609380,1
609392,1
609396,2
609399,2
609403,1
609406,2
609414,2
609425,1
609429,1
609433,1
609436,1
609443,1
609449,1
609452,1
609457,1
609460,2
609467,1
609470,1
609472,1
609485,3
609489,1
609495,1
609498,2
609501,1
609511,1
609520,1
609526,1
609542,1
609555,3
609566,1
609572,1
609577,1
609583,1
609589,1
609602,1
609606,2
609618,1
609628,1
609636,1
609642,1
609647,1
609650,2
609653,1
609656,1
609674,2
609680,1
609687,1
609692,1
609695,1
609697,1
609704,1
609710,2
609717,2
609722,1
609734,1
609751,1
609755,1
609763,1
609778,1
609782,2
609785,2
609792,1
609795,2
609799,1
609810,1
609820,1
609826,1
609834,1
609839,1
609855,1
609857,1
609860,1
609869,2
609874,1
609878,1
609893,2
609901,2
609905,1
609908,1
609911,1
609916,2
609921,1
609935,1
609941,1
609954,1
609960,1
609964,2
609971,2
609974,1
609978,1
609995,1
610003,2
610010,2
610015,1
610030,1
610048,1
610058,1
610070,2
610075,1
610078,2
610081,1
610087,1
610091,1
610102,1
610114,1
610123,1
610130,1
610134,1
610146,1
610153,2
610158,1
610161,1
610169,1
610172,1
610178,1
610181,1
610200,1
610202,1
610211,1
610213,1
610218,2
610239,1
610256,1
610265,1
610274,1
610280,1
610291,1
610293,1
610298,2
610309,3
610316,1
610319,2
610325,1
610334,1
610341,2
610343,1
610349,1
610356,1
610376,1
610392,2
610397,1
610405,1
610419,1
610433,1
610443,1
610454,2
610463,1
610465,1
610476,2
610478,1
610490,1
610495,2
610499,1
610508,1
610511,1
610514,1
610518,1
610527,1
610531,1
610534,1
610537,1
610542,1
610545,2
610553,2
610562,1
610575,1
610578,1
610583,1
610587,2
610590,1
610603,1
610619,1
610627,1
610631,1
610638,2
610644,1
610653,3
610656,1
610663,1
610665,1
610670,1
610680,1
610682,1
610697,1
610700,1
610710,1
610714,2
610726,1
610732,1
610737,1
610740,1
610750,1
610757,2
610776,1
610784,1
610795,1
610801,1
610811,1
610814,1
610830,1
610838,2
610846,2
610860,1
610869,2
610891,1
610903,1
610907,1
610915,1
610917,1
610931,1
610936,2
610940,1
610945,1
610953,1
610963,1
610966,1
610969,1
610976,1
610982,2
610991,1
610995,1
610998,1
611003,2
611027,1
611034,1
611042,2
611054,2
611061,1
611068,1
611077,2
611083,1
611085,1
611102,2
611122,2
611133,1
611142,1
611154,1
611156,1
611183,1
611186,2
611189,1
611195,1
611203,1
611206,1
611209,1
611212,1
611217,1
611220,1
611222,1
611232,1
611243,2
611251,1
611259,2
611265,1
611274,1
611282,2
611285,2
611300,1
611302,1
611306,1
611313,1
611322,1
611333,1
611344,1
611350,1
611357,2
611361,1
611367,1
611380,1
611384,1
611387,1
611390,1
611400,3
611406,1
611410,1
611416,1
611420,1
611422,1
611426,2
611429,2
611431,1
611434,1
611436,1
611444,1
611447,2
611455,1
611461,1
611464,1
611466,1
611473,2
611477,1
611481,2
611488,2
611497,1
611504,2
611509,1
611511,1
611515,1
611530,2
611538,2
611543,1
611553,2
611567,2
611571,2
611580,1
611585,1
611596,1
611604,1
611608,2
611610,1
611618,2
611626,1
611633,4
611639,2
611645,1
611648,2
611656,2
611662,1
611668,2
611673,2
611675,1
611683,1
611695,1
611698,1
611704,1
611707,2
611713,1
611723,1
611732,1
611739,1
611746,1
611752,1
611756,1
611758,1
611765,1
611774,2
611780,2
611785,1
611795,1
611810,1
611812,1
611814,1
611826,1
611840,1
611844,1
611850,2
611866,1
611870,2
611881,1
611884,1
611888,1
611896,1
611911,2
611923,1
611926,1
611933,1
611937,1
611940,1
611946,2
611952,2
611959,1
611961,1
611963,1
611971,2
611974,1
611979,1
611983,2
611986,1
611989,1
611992,1
612000,1
612004,1
612011,1
612021,1
612029,1
612035,1
612052,1
612057,1
612060,1
612067,1
612075,1
612088,1
612107,1
612112,2
612117,1
612124,2
612136,1
612142,1
612153,1
612155,1
612168,1
612183,1
612186,2
612190,1
612194,1
612204,1
612208,1
612214,1
612222,1
612233,2
612238,2
612250,1
612252,1
612258,2
612266,2
612271,1
612283,1
612295,2
612303,1
612309,1
612311,1
612314,1
612317,2
612338,1
612343,1
612354,3
612371,1
612376,2
612381,1
612383,1
612386,2
612405,1
612417,1
612419,1
612423,1
612429,2
612433,1
612441,1
612446,1
612453,2
612461,1
612464,2
612470,1
612489,1
612495,1
612500,1
612505,1
612508,2
612512,1
612525,1
612530,2
612533,2
612536,2
612541,1
612548,1
612574,4
612590,1
612596,1
612598,1
612603,2
612608,1
612610,1
612614,2
612617,1
612622,1
612624,1
612626,1
612637,1
612669,1
612695,1
612700,1
612717,1
612725,1
612744,1
612759,1
612763,2
612766,2
612772,1
612788,1
612791,2
612794,1
612799,1
612806,1
612810,2
612814,1
612822,1
612825,2
612827,1
612829,1
612833,1
612839,1
612843,1
612847,2
612860,1
612863,1
612869,1
612871,1
612883,2
612891,2
612913,1
612918,2
612932,2
612940,1
612955,1
612958,1
612971,2
612976,2
612984,2
612986,1
612993,1
613002,1
613017,3
613024,1
613032,1
613036,2
613044,1
613056,1
613058,1
613067,1
613070,1
613072,1
613075,1
613079,2
613083,2
613087,1
613092,1
613098,1
613102,1
613105,2
613120,1
613123,1
613130,1
613140,1
613142,1
613156,1
613167,1
613170,1
613173,1
613176,2
613200,1
613210,1
613217,1
613244,1
613256,1
613259,1
613265,1
613268,1
613272,2
613288,1
613293,2
613298,2
613301,2
613307,2
613312,2
613322,1
613325,2
613328,1
613330,1
613338,1
613341,1
613344,2
613347,1
613350,1
613357,1
613368,1
613376,1
613386,2
613390,1
613401,2
613415,1
613418,1
613423,1
613425,1
613429,1
613435,1
613439,1
613442,1
613461,1
613466,1
613473,1
613475,1
613488,1
613499,1
613502,1
613513,1
613525,1
613527,1
613535,1
613546,1
613554,2
613556,1
613558,1
613561,1
613565,1
613571,2
613574,2
613586,1
613591,2
613596,1
613602,1
613609,1
613614,1
613621,2
613632,2
613640,1
613647,1
613661,1
613688,2
613693,1
613698,1
613707,1
613709,1
613713,1
613718,1
613738,1
613745,1
613749,2
613751,1
613755,1
613760,1
613762,1
613767,1
613773,2
613778,1
613788,2
613790,1
613792,1
613794,1
613796,1
613798,1
613816,1
613820,2
613833,1
613835,1
613840,1
613845,2
613848,2
613863,2
613870,1
613872,1
613874,1
613877,1
613879,1
613882,2
613887,1
613890,1
613900,1
613912,1
613918,1
613932,1
613941,1
613954,1
613957,1
613965,1
613968,1
613979,1
613983,1
613989,1
614006,2
614022,2
614030,1
614038,2
614055,1
614061,2
614065,1
614071,2
614080,1
614087,1
614095,1
614097,1
614100,1
614115,1
614122,1
614124,1
614128,2
614132,1
614138,2
614141,2
614158,1
614166,1
614171,1
614176,1
614195,2
614207,2
614212,2
614238,1
614241,1
614245,1
614250,1
614253,1
614265,2
614269,1
614287,1
614293,1
614304,1
614312,2
614317,1
614332,1
614336,1
614341,1
614345,1
614352,2
614356,1
614362,1
614370,2
614375,1
614377,1
614379,1
614387,1
614396,1
614400,1
614403,1
614418,1
614423,2
614427,1
614434,2
614440,1
614450,2
614458,1
614465,1
614470,1
614485,1
614491,1
614494,1
614497,1
614503,1
614508,1
614512,1
614514,1
614517,1
614524,1
614530,1
614540,1
614545,1
614550,1
614563,1
614570,1
614576,1
614581,2
614586,1
614590,1
614596,1
614605,2
614612,2
614615,2
614630,1
614639,1
614644,1
614656,2
614672,1
614674,1
614685,1
614696,1
614714,2
614718,1
614722,1
614743,2
614749,1
614755,2
614765,1
614778,2
614781,1
614784,1
614790,1
614798,1
614803,1
614808,1
614810,1
614821,2
614827,1
614834,1
614841,1
614844,1
614846,1
614858,1
614860,1
614867,1
614869,1
614873,1
614889,3
614904,1
614907,1
614916,1
614932,2
614940,1
614957,1
614961,2
614966,1
614969,2
614972,1
614975,2
614985,1
615001,3
615006,1
615008,1
615013,2
615019,1
615022,1
615031,1
615036,2
615043,1
615047,1
615052,1
615055,2
615057,1
615064,2
615067,1
615078,1
615081,1
615087,1
615092,2
615096,1
615101,2
615107,1
615111,2
615113,1
615123,1
615129,1
615145,1
615152,1
615161,2
615179,2
615184,1
615186,1
615189,1
615196,1
615204,1
615208,1
615215,2
615221,1
615225,2
615230,1
615237,1
615255,1
615263,1
615267,1
615271,2
615276,2
615280,1
615283,2
615289,2
615298,1
615304,1
615311,1
615330,2
615333,1
615336,1
615343,1
615346,2
615359,1
615363,1
615366,1
615374,1
615382,2
615388,1
615393,1
615396,1
615403,1
615410,1
615413,2
615419,1
615423,1
615445,2
615448,2
615461,1
615469,2
615488,1
615492,1
615496,1
615501,2
615506,1
615510,1
615512,1
615517,1
615522,1
615524,1
615528,1
615533,1
615542,2
615548,2
615556,1
615563,1
615567,1
615569,1
615572,1
615581,1
615605,2
615621,2
615626,1
615632,1
615634,1
615636,1
615643,1
615647,1
615651,1
615653,1
615657,1
615660,2
615666,1
615671,2
615675,1
615678,2
615694,1
615702,1
615720,2
615728,1
615736,1
615744,1
615746,1
615748,1
615754,1
615763,2
615772,2
615783,1
615786,2
615790,1
615802,1
615804,1
615816,2
615818,1
615830,1
615838,2
615840,1
615855,2
615860,1
615868,1
615885,1
615890,2
615894,1
615897,1
615900,1
615906,2
615911,1
615916,1
615925,2
615928,1
615938,1
615950,2
615962,2
615970,1
615983,3
615986,1
615989,1
615993,1
615995,1
615998,1
616001,1
616006,1
616017,2
616020,1
616023,2
616027,1
616032,1
616052,1
616060,2
616064,1
616066,1
616070,1
616074,1
616077,1
616081,1
616096,1
616101,2
616106,1
616108,1
616112,2
616114,1
616122,1
616127,2
616134,1
616151,1
616154,1
616157,1
616165,1
616170,1
616173,1
616179,1
616200,1
616206,1
616215,1
616218,1
616220,1
616224,1
616227,1
616232,1
616240,1
616244,1
616247,2
616253,2
616263,1
616265,1
616267,1
616272,1
616276,1
616285,1
616292,1
616299,1
616303,1
616314,1
616328,1
616332,1
616338,1
616346,1
616359,1
616362,1
616366,2
616376,2
616387,1
616392,1
616403,1
616420,1
616427,1
616436,1
616438,1
616441,1
616446,1
616454,1
616477,1
616483,1
616491,2
616495,1
616501,2
616515,2
616520,1
616524,1
616529,2
616531,1
616540,2
616552,1
616556,1
616562,1
616576,1
616578,1
616584,1
616590,1
616592,1
616595,1
616600,1
616605,1
616609,1
616621,2
616624,1
616633,1
616637,1
616644,1
616653,1
616655,1
616668,2
616671,1
616679,1
616690,1
616709,1
616714,1
616722,2
616727,1
616740,1
616747,2
616750,1
616754,1
616774,1
616782,2
616787,1
616802,1
616814,1
616816,1
616818,1
616822,1
616825,2
616836,1
616840,1
616850,1
616855,1
616861,1
616863,1
616868,1
616886,1
616898,1
616901,1
616906,1
616908,1
616911,1
616914,2
616916,1
616919,1
616929,1
616935,1
616943,1
616951,2
616953,1
616961,2
616974,1
616978,1
616983,1
616993,1
617000,1
617004,1
617017,1
617023,1
617025,1
617029,2
617032,2
617043,2
617075,1
617083,1
617091,1
617097,1
617105,1
617111,3
617114,2
617126,1
617146,1
617160,1
617173,1
617202,2
617204,1
617213,2
617226,1
617236,1
617242,2
617252,1
617260,2
617266,1
617268,1
617275,1
617287,1
617294,1
617297,1
617304,1
617315,1
617322,1
617332,1
617336,1
617344,1
617356,1
617366,3
617374,3
617377,1
617379,1
617389,1
617396,1
617404,2
617411,1
617417,1
617422,1
617427,1
617433,1
617439,1
617441,1
617446,2
617452,1
617464,1
617469,2
617473,1
617479,2
617487,1
617489,1
617491,1
617503,1
617508,1
617511,1
617518,2
617527,1
617531,1
617536,1
617548,1
617559,1
617561,1
617570,1
617580,1
617586,1
617609,1
617613,1
617616,1
617620,1
617623,1
617630,1
617634,3
617638,3
617644,1
617648,2
617658,1
617666,1
617668,1
617673,1
617677,1
617681,1
617685,1
617689,1
617693,1
617697,2
617701,1
617717,1
617723,1
617725,1
617727,1
617729,1
617738,1
617744,1
617748,1
617751,2
617755,1
617757,1
617759,1
617764,1
617782,1
617786,1
617809,1
617811,1
617818,1
617822,1
617829,1
617833,1
617835,1
617840,1
617842,1
617846,2
617850,1
617872,1
617876,1
617880,1
617904,1
617909,2
617911,1
617913,1
617920,1
617925,1
617931,1
617935,1
617948,4
617957,1
617961,1
617978,1
617981,1
617987,1
618002,1
618009,1
618017,1
618032,2
618035,2
618037,1
618039,1
618048,1
618050,1
618059,2
618062,1
618065,1
618070,2
618075,1
618078,1
618091,1
618094,2
618097,1
618102,1
618115,1
618125,1
618128,2
618136,1
618142,2
618147,1
618156,1
618159,2
618162,2
618164,1
618167,2
618169,1
618171,1
618178,1
618182,2
618187,1
618192,1
618196,2
618203,1
618207,1
618221,1
618230,2
618237,1
618239,1
618244,2
618255,2
618260,1
618264,1
618267,2
618276,2
618282,1
618286,1
618288,1
618300,2
618305,1
618317,1
618321,1
618331,2
618339,1
618344,1
618349,2
618353,1
618371,2
618375,1
618381,1
618388,1
618392,2
618401,1
618408,2
618413,1
618419,2
618428,1
618433,2
618444,1
618449,1
618451,1
618455,2
618460,1
618467,3
618477,2
618482,1
618487,1
618494,1
618501,1
618510,1
618518,2
618521,1
618525,1
618528,1
618533,1
618538,1
618547,1
618553,2
618557,1
618569,2
618579,2
618585,2
618596,2
618608,1
618614,1
618638,1
618641,1
618650,1
618662,2
618665,1
618679,2
618685,1
618689,1
618695,1
618703,1
618708,2
618716,1
618731,2
618733,1
618735,1
618743,2
618746,2
618757,1
618764,1
618770,1
618773,1
618788,2
618792,1
618802,1
618805,1
618808,1
618811,1
618826,1
618829,1
618832,1
618844,1
618848,1
618858,1
618874,2
618879,1
618889,1
618898,2
618923,1
618926,1
618934,1
618936,1
618941,1
618944,1
618946,1
618952,1
618965,2
618970,1
618972,1
618977,1
618981,1
618988,2
618990,1
618997,1
619005,1
619021,1
619025,1
619027,1
619032,1
619036,2
619039,1
619041,1
619056,1
619058,1
619063,1
619069,2
619077,2
619082,1
619084,1
619086,1
619088,1
619091,1
619129,1
619138,1
619142,2
619156,1
619169,2
619171,1
619183,1
619194,1
619196,1
619199,1
619207,1
619211,1
619213,1
619215,1
619233,2
619243,2
619246,2
619256,2
619284,1
619294,2
619309,1
619330,1
619336,1
619342,1
619353,1
619356,2
619361,1
619370,2
619373,1
619380,1
619394,1
619396,1
619399,1
619404,2
619407,1
619410,1
619420,2
619428,1
619431,1
619436,1
619439,2
619441,1
619448,1
619453,1
619457,1
619462,1
619471,2
619474,2
619478,1
619483,1
619487,3
619493,1
619506,1
619512,1
619518,1
619522,1
619533,1
619536,1
619543,1
619549,2
619560,2
619562,1
619567,2
619571,1
619578,1
619581,1
619591,2
619593,1
619605,1
619612,1
619618,1
619625,1
619633,1
619646,2
619653,2
619657,1
619662,1
619673,1
619677,1
619681,1
619686,2
619697,1
619709,2
619724,1
619740,1
619742,1
619746,1
619749,1
619764,1
619768,1
619773,2
619776,1
619779,1
619783,1
619787,2
619793,1
619797,2
619812,1
619820,2
619824,2
619831,1
619835,2
619842,1
619844,1
619849,1
619851,1
619859,1
619871,1
619879,1
619892,1
619897,1
619899,1
619906,2
619920,1
619930,1
619932,1
619935,1
619950,1
619963,2
619988,1
619996,1
620023,1
620029,1
620031,1
620033,1
620036,1
620040,1
620045,1
620051,1
620054,2
620056,1
620065,1
620070,2
620076,1
620079,1
620091,2
620097,1
620103,1
620106,1
620109,1
620114,2
620120,1
620132,2
620135,1
620137,1
620143,2
620151,1
620156,1
620158,1
620161,1
620164,1
620173,1
620179,3
620185,1
620190,1
620199,1
620220,1
620226,1
620231,2
620248,1
620270,2
620275,1
620279,1
620291,1
620297,2
620301,1
620304,2
620318,2
620326,1
620334,1
620337,1
620339,1
620350,2
620358,2
620361,1
620366,2
620371,2
620377,2
620383,2
620389,2
620393,1
620395,1
620400,1
620405,1
620410,1
620417,2
620429,1
620432,1
620437,2
620455,1
620457,1
620460,1
620466,1
620479,1
620488,1
620495,2
620499,2
620504,1
620514,1
620546,1
620548,1
620563,1
620566,1
620568,1
620576,1
620579,1
620583,1
620594,3
620608,1
620614,1
620625,1
620641,1
620645,2
620654,2
620665,2
620673,2
620684,2
620694,1
620704,2
620712,1
620714,1
620717,1
620720,1
620723,1
620725,1
620727,1
620741,1
620756,1
620762,2
620765,1
620767,1
620771,1
620775,1
620780,2
620785,1
620789,2
620814,1
620826,2
620830,1
620836,1
620851,2
620860,1
620863,1
620866,1
620870,2
620873,2
620882,2
620887,1
620896,2
620898,1
620902,1
620912,1
620919,1
620923,1
620928,1
620933,1
620945,1
620948,1
620955,2
620957,1
620960,1
620963,1
620967,1
620970,2
620973,1
620984,2
620990,1
620995,1
620999,1
621005,1
621010,2
621017,2
621020,1
621022,1
621035,1
621049,1
621052,1
621062,2
621065,2
621068,1
621080,1
621085,2
621095,1
621097,1
621106,1
621109,1
621113,1
621120,2
621124,1
621141,1
621148,1
621165,1
621169,1
621172,1
621183,1
621186,1
621191,1
621197,3
621202,1
621212,2
621215,1
621220,2
621230,1
621234,2
621239,1
621243,1
621251,2
621262,1
621269,2
621274,1
621277,1
621282,1
621293,1
621296,2
621314,1
621317,1
621321,2
621323,1
621325,1
621331,1
621338,1
621361,1
621363,1
621369,1
621371,1
621377,1
621391,1
621405,2
621423,2
621425,1
621437,1
621442,2
621448,1
621455,1
621458,1
621464,1
621468,1
621479,1
621483,2
621486,1
621488,1
621491,1
621510,1
621513,1
621526,1
621533,1
621538,2
621547,1
621551,1
621559,2
621563,1
621573,1
621576,1
621578,1
621582,2
621588,2
621590,1
621597,3
621599,1
621607,1
621615,1
621617,1
621625,1
621628,1
621633,1
621639,1
621649,1
621656,1
621658,1
621661,2
621680,1
621687,1
621690,1
621696,1
621700,1
621704,2
621710,1
621722,1
621726,1
621734,1
621743,1
621745,1
621747,1
621750,1
621753,1
621760,2
621765,1
621767,1
621770,2
621773,1
621775,1
621783,2
621790,1
621793,2
621796,1
621799,1
621803,1
621812,1
621817,1
621821,1
621824,1
621827,1
621833,1
621842,1
621850,1
621854,1
621857,1
621859,1
621864,3
621873,1
621876,1
621882,1
621884,1
621888,2
621894,1
621899,1
621911,2
621913,1
621915,1
621921,1
621923,1
621929,1
621932,2
621945,2
621949,1
621954,1
621960,1
621966,1
621968,1
621975,1
621979,1
621987,1
621991,1
621995,2
621998,2
622036,1
622048,1
622052,2
622057,2
622060,2
622062,1
622070,1
622077,1
622080,1
622084,3
622087,1
622091,2
622094,1
622108,1
622118,2
622144,1
622163,1
622203,2
622212,2
622217,1
622223,1
622225,1
622230,2
622235,1
622238,1
622251,1
622258,2
622263,2
622266,1
622268,1
622271,2
622293,1
622297,1
622302,1
622311,2
622318,2
622323,1
622328,1
622331,1
622335,2
622339,2
622342,1
622346,1
622348,1
622352,1
622362,3
622365,1
622368,2
622370,1
622374,1
622378,2
622383,2
622388,1
622393,1
622396,1
622405,1
622407,1
622421,1
622425,1
622432,2
622436,1
622447,1
622454,2
622460,1
622466,1
622470,1
622474,1
622477,1
622484,1
622490,1
622492,1
622501,1
622507,1
622509,1
622518,1
622520,1
622524,1
622529,1
622562,1
622565,1
622576,1
622586,1
622593,2
622598,1
622601,2
622609,2
622612,1
622615,1
622626,1
622635,1
622640,1
622643,1
622649,1
622662,2
622666,1
622671,1
622674,1
622676,1
622681,1
622693,2
622698,1
622700,1
622708,1
622713,1
622720,1
622723,1
622736,2
622745,1
622749,1
622751,1
622765,2
622770,1
622777,1
622785,2
622798,1
622804,2
622809,1
622817,1
622823,1
622828,1
622836,1
622847,1
622854,2
622861,2
622868,1
622880,1
622883,1
622886,1
622891,1
622894,1
622902,2
622906,1
622908,1
622910,1
622917,1
622923,2
622941,2
622966,1
622968,1
622972,2
622977,1
622979,1
622981,1
622992,1
622995,1
622999,1
623003,1
623015,1
623031,1
623061,1
623065,1
623067,1
623070,1
623072,1
623082,2
623086,2
623091,1
623093,1
623102,1
623104,1
623115,1
623118,2
623134,2
623136,1
623141,1
623144,1
623153,1
623158,2
623173,2
623176,2
623182,1
623187,2
623198,2
623201,1
623211,1
623217,1
623224,2
623233,2
623236,2
623247,2
623252,1
623257,1
623263,1
623267,2
623270,1
623273,1
623280,1
623292,1
623301,2
623304,1
623315,2
623322,3
623349,1
623355,2
623362,1
623365,2
623369,1
623373,2
623377,2
623382,1
623384,1
623402,2
623412,1
623418,2
623429,2
623440,1
623448,1
623456,1
623463,2
623474,1
623476,1
623486,3
623505,1
623508,1
623524,1
623526,1
623529,2
623534,1
623544,1
623546,1
623552,2
623574,1
623576,1
623581,1
623587,1
623593,1
623602,1
623605,2
623611,1
623616,1
623620,1
623624,2
623626,1
623633,1
623639,1
623642,1
623655,2
623667,1
623670,1
623680,1
623683,1
623685,1
623689,1
623697,1
623702,1
623707,1
623709,1
623715,1
623726,1
623756,1
623759,2
623761,1
623770,1
623772,1
623775,2
623802,1
623810,1
623819,1
623825,1
623829,1
623843,1
623854,2
623862,2
623864,1
623871,2
623883,1
623892,1
623896,1
623898,1
623902,2
623906,1
623919,1
623930,2
623933,1
623938,1
623947,1
623962,1
623967,1
623970,1
623974,1
623977,1
623981,1
623988,1
623992,2
623995,1
624000,2
624010,2
624013,1
624015,1
624017,1
624024,2
624032,1
624040,1
624045,1
624051,2
624062,1
624067,1
624070,1
624076,1
624081,1
624085,1
624096,1
624099,1
624106,1
624117,2
624121,1
624129,1
624135,1
624144,1
624147,2
624154,1
624157,1
624166,1
624170,1
624172,1
624179,1
624181,1
624187,1
624191,1
624194,1
624198,1
624201,1
624205,2
624207,1
624210,1
624215,1
624232,1
624237,1
624254,1
624257,1
624282,1
624284,1
624289,2
624293,2
624299,1
624301,1
624304,2
624307,1
624322,2
624331,1
624338,1
624340,1
624347,1
624353,1
624371,1
624374,2
624379,1
624381,1
624395,1
624398,1
624406,1
624410,1
624418,2
624435,1
624441,2
624449,2
624452,2
624459,1
624462,1
624479,2
624487,1
624490,1
624493,1
624505,1
624510,2
624514,2
624518,1
624521,1
624528,2
624531,1
624537,2
624542,1
624548,1
624550,1
624555,1
624585,1
624588,1
624597,1
624608,1
624612,2
624617,2
624621,2
624628,1
624637,1
624640,1
624644,1
624652,1
624660,1
624667,2
624669,1
624679,1
624683,3
624686,2
624689,1
624693,1
624698,2
624702,1
624705,1
624707,1
624710,1
624717,1
624720,1
624724,1
624728,1
624738,1
624741,1
624745,2
624747,1
624754,2
624770,1
624776,1
624789,1
624791,1
624793,1
624800,1
624806,1
624813,1
624818,2
624829,1
624836,2
624845,2
624853,1
624864,1
624870,1
624878,1
624890,1
624894,1
624896,1
624902,1
624912,1
624919,2
624930,1
624934,1
624938,2
624942,1
624962,1
624987,1
624993,1
625000,1
625003,2
625012,2
625015,1
625021,1
625025,1
625027,1
625029,1
625032,1
625035,1
625040,1
625050,3
625056,4
625061,1
625065,1
625068,1
625073,2
625078,1
625083,2
625086,1
625095,2
625101,1
625106,1
625112,1
625119,1
625132,1
625134,1
625139,1
625144,1
625148,2
625151,1
625159,1
625176,1
625180,2
625186,1
625195,1
625198,1
625200,1
625203,1
625216,1
625228,1
625237,1
625239,1
625241,1
625244,1
625251,1
625253,1
625257,1
625261,2
625269,1
625285,3
625288,2
625292,1
625299,2
625310,1
625325,2
625339,2
625345,1
625350,1
625354,1
625363,1
625365,1
625373,2
625376,2
625397,1
625403,1
625412,2
625415,1
625420,2
625423,2
625427,1
625431,2
625436,1
625448,1
625453,2
625458,2
625464,1
625468,2
625472,1
625476,1
625487,1
625496,1
625504,1
625522,1
625535,1
625555,1
625557,1
625562,1
625575,1
625577,1
625581,1
625593,1
625602,1
625609,1
625614,1
625619,1
625621,1
625626,1
625630,2
625632,1
625641,1
625655,1
625665,1
625673,3
625688,2
625695,2
625708,1
625713,1
625715,1
625720,2
625722,1
625724,1
625730,1
625735,1
625744,1
625747,2
625752,2
625757,1
625760,1
625768,1
625774,1
625782,1
625785,1
625790,1
625793,1
625802,1
625820,3
625822,1
625825,1
625833,1
625836,2
625838,1
625843,1
625854,1
625856,1
625866,1
625871,1
625875,1
625878,1
625881,1
625892,1
625898,1
625912,1
625915,2
625921,1
625925,1
625930,1
625934,1
625943,1
625947,1
625950,1
625952,1
625956,2
625960,2
625964,1
625978,1
625984,1
625991,1
625993,1
626010,2
626014,1
626021,1
626029,2
626031,1
626034,1
626039,2
626048,1
626061,1
626067,1
626069,1
626076,1
626084,1
626096,1
626104,1
626108,2
626113,1
626121,1
626137,1
626140,1
626142,1
626149,2
626163,2
626169,1
626172,2
626185,2
626189,1
626193,1
626199,1
626206,1
626208,1
626210,1
626218,1
626222,2
626227,1
626231,1
626243,1
626246,1
626265,1
626273,2
626279,1
626281,1
626290,1
626299,1
626305,1
626310,1
626314,1
626317,1
626323,1
626329,1
626332,1
626335,1
626338,2
626344,1
626353,1
626355,1
626365,1
626370,1
626396,1
626408,1
626417,1
626432,1
626439,2
626445,1
626452,1
626459,1
626465,1
626469,2
626476,1
626483,1
626488,1
626492,1
626500,1
626520,1
626527,1
626543,1
626545,1
626549,1
626552,1
626558,1
626565,1
626572,1
626583,1
626591,3
626597,2
626607,2
626616,1
626630,1
626638,1
626646,1
626656,1
626665,1
626672,2
626689,1
626693,1
626698,1
626709,1
626713,1
626717,2
626721,1
626730,1
626742,1
626745,1
626755,1
626759,1
626765,2
626770,1
626772,1
626774,1
626785,2
626789,1
626800,1
626806,1
626808,1
626813,1
626819,2
626825,1
626829,2
626831,1
626837,2
626845,1
626851,1
626875,1
626878,1
626882,1
626884,1
626893,1
626899,1
626910,1
626913,2
626920,1
626923,2
626930,1
626933,1
626941,2
626943,1
626949,1
626955,1
626958,2
626960,1
626972,1
626976,2
626978,1
626992,1
626997,1
627014,1
627022,1
627029,1
627032,2
627034,1
627038,1
627042,1
627056,1
627075,1
627080,1
627086,1
627091,1
627097,1
627101,1
627108,1
627111,2
627116,1
627118,1
627124,2
627138,1
627140,1
627144,2
627149,1
627163,1
627181,1
627184,1
627188,1
627191,1
627201,2
627208,2
627216,1
627221,1
627227,1
627229,1
627234,1
627249,2
627256,1
627268,1
627274,1
627282,1
627286,3
627289,1
627293,1
627301,1
627307,2
627311,1
627319,1
627328,2
627335,1
627341,2
627343,1
627347,2
627357,1
627360,1
627363,2
627370,1
627372,1
627377,2
627382,1
627390,1
627396,1
627398,1
627412,1
627414,1
627422,1
627429,1
627440,1
627458,1
627463,1
627466,2
627473,1
627486,1
627498,1
627501,1
627505,2
627511,1
627514,2
627523,2
627531,2
627543,2
627546,1
627561,1
627569,1
627571,1
627575,1
627580,1
627583,1
627586,2
627592,1
627602,1
627604,1
627609,1
627612,1
627621,1
627625,1
627632,2
627639,1
627646,1
627654,1
627665,1
627673,2
627679,1
627681,1
627685,2
627688,1
627691,1
627693,1
627695,1
627697,1
627713,1
627716,1
627725,1
627730,1
627748,1
627759,1
627764,2
627770,1
627772,1
627774,1
627777,1
627782,1
627790,1
627793,2
627802,2
627808,2
627813,1
627823,1
627831,1
627845,2
627849,2
627864,1
627867,1
627869,1
627872,1
627878,1
627886,3
627892,2
627894,1
627898,1
627912,1
627916,1
627922,1
627929,1
627945,1
627950,1
627959,1
627968,1
627970,1
627978,1
627985,2
627991,2
627994,2
628003,1
628010,1
628014,1
628017,1
628021,1
628025,1
628031,1
628035,1
628040,1
628045,1
628049,2
628051,1
628055,1
628060,3
628067,1
628075,1
628088,1
628093,1
628102,1
628106,1
628114,1
628121,2
628133,1
628140,1
628149,1
628156,1
628171,2
628176,1
628181,1
628185,1
628189,1
628197,1
628204,1
628207,1
628214,1
628217,1
628221,1
628223,1
628238,1
628243,1
628250,2
628252,1
628255,1
628269,2
628273,1
628279,1
628282,1
628290,1
628295,1
628297,1
628300,2
628305,1
628310,1
628316,1
628320,1
628322,1
628324,1
628328,1
628331,1
628345,2
628350,2
628352,1
628367,1
628373,1
628376,1
628381,1
628396,1
628404,2
628408,1
628411,2
628434,1
628436,1
628454,1
628457,2
628464,1
628466,1
628469,1
628473,1
628480,1
628482,1
628491,1
628493,1
628501,1
628503,1
628514,1
628519,1
628522,1
628527,1
628535,2
628543,1
628548,1
628555,1
628558,2
628562,1
628564,1
628567,1
628592,2
628599,2
628607,1
628627,1
628631,1
628633,1
628643,1
628651,2
628655,1
628657,1
628663,1
628667,1
628669,1
628673,1
628677,2
628680,1
628690,1
628709,3
628717,1
628720,2
628724,1
628729,1
628732,2
628735,2
628743,1
628746,1
628750,1
628763,1
628768,2
628776,2
628778,1
628792,1
628796,2
628804,1
628816,2
628819,1
628872,1
628876,1
628886,2
628889,1
628891,1
628894,2
628898,1
628904,2
628910,1
628916,1
628924,2
628931,1
628935,1
628937,1
628941,1
628947,1
628954,1
628956,1
628969,1
628974,2
628980,1
628994,1
628997,1
629002,1
629007,1
629016,1
629019,1
629021,1
629025,2
629034,2
629039,1
629046,1
629048,1
629051,1
629068,2
629072,1
629078,1
629086,1
629096,2
629106,1
629109,1
629113,1
629124,1
629128,1
629137,1
629139,1
629147,2
629163,2
629165,1
629169,1
629187,2
629190,1
629193,1
629200,1
629205,1
629207,1
629210,1
629213,2
629215,1
629226,1
629232,2
629243,1
629253,1
629259,2
629263,1
629268,1
629271,1
629274,1
629283,1
629285,1
629289,1
629295,1
629302,1
629313,1
629321,1
629324,2
629331,1
629336,1
629348,1
629356,1
629369,2
629372,1
629381,2
629387,1
629398,2
629412,1
629417,1
629420,1
629426,2
629434,1
629439,1
629443,1
629446,1
629449,1
629453,1
629457,1
629464,1
629470,1
629472,1
629475,1
629478,1
629489,1
629492,1
629495,2
629520,1
629537,1
629541,1
629544,1
629549,1
629554,1
629558,1
629566,1
629575,2
629586,2
629594,1
629611,1
629617,1
629636,1
629663,2
629667,1
629670,1
629675,1
629682,2
629687,1
629693,2
629699,1
629704,1
629712,1
629714,1
629716,1
629721,1
629726,2
629729,2
629738,1
629741,2
629745,2
629748,2
629751,1
629756,1
629758,1
629762,1
629778,2
629786,1
629795,1
629806,1
629811,1
629820,1
629833,2
629836,2
629840,1
629852,1
629855,1
629862,2
629878,1
629883,1
629892,1
629895,1
629897,1
629905,1
629916,1
629919,1
629925,1
629931,1
629937,1
629940,2
629965,1
629974,1
629983,1
629987,1
630006,1
630013,1
630021,1
630023,1
630028,1
630039,2
630045,1
630053,1
630060,1
630063,1
630081,1
630090,1
630100,1
630106,1
630120,1
630122,1
630125,1
630133,1
630136,1
630139,1
630142,1
630145,2
630157,1
630165,2
630172,1
630174,1
630178,1
630184,1
630186,1
630196,1
630199,1
630202,1
630206,1
630227,2
630231,1
630240,1
630245,1
630248,1
630257,2
630260,1
630264,1
630272,1
630282,1
630293,1
630297,2
630300,1
630305,1
630311,1
630316,1
630321,1
630324,1
630339,1
630347,2
630353,1
630369,1
630372,1
630376,1
630391,2
630394,1
630417,1
630429,1
630443,1
630450,1
630454,1
630467,1
630478,1
630483,1
630486,2
630489,1
630502,1
630505,1
630511,1
630517,1
630521,2
630528,1
630533,1
630536,1
630539,1
630542,1
630545,2
630549,1
630554,1
630556,1
630559,1
630562,1
630566,2
630574,3
630579,2
630582,1
630589,2
630598,1
630605,1
630614,1
630618,1
630623,2
630625,1
630634,1
630643,2
630651,1
630654,1
630659,1
630663,1
630676,1
630680,1
630683,1
630689,1
630691,1
630693,1
630708,1
630714,1
630717,1
630722,2
630736,2
630741,1
630745,1
630750,1
630752,1
630764,1
630777,1
630785,1
630802,1
630804,1
630807,1
630812,1
630816,2
630822,1
630828,1
630833,1
630840,1
630842,1
630850,1
630852,1
630855,1
630864,3
630880,1
630889,1
630895,1
630901,2
630905,1
630909,2
630915,2
630922,2
630930,1
630938,1
630950,1
630955,2
630967,1
630992,1
631012,1
631015,1
631019,1
631025,1
631032,2
631035,2
631040,1
631046,1
631048,1
631054,1
631061,1
631063,1
631081,1
631085,1
631088,1
631093,1
631095,1
631108,2
631113,1
631115,1
631118,1
631120,1
631127,1
631130,1
631139,1
631146,1
631148,1
631152,1
631155,2
631163,1
631179,1
631182,1
631184,1
631186,1
631190,1
631196,4
631212,2
631222,1
631231,1
631235,2
631242,1
631261,1
631277,1
631280,1
631284,1
631298,2
631316,1
631322,1
631328,1
631336,1
631338,1
631346,1
631361,1
631373,1
631377,1
631386,1
631392,1
631397,3
631399,1
631401,1
631406,1
631429,1
631435,1
631439,1
631444,1
631471,1
631478,1
631482,1
631494,2
631506,2
631517,1
631521,1
631525,1
631536,1
631538,1
631542,1
631546,1
631551,1
631561,2
631566,1
631571,1
631577,1
631584,1
631587,2
631604,1
631607,1
631620,1
631630,1
631646,2
631650,1
631654,1
631664,2
631667,1
631673,1
631681,1
631684,1
631689,2
631694,1
631712,1
631715,1
631721,2
631724,1
631726,1
631728,1
631737,1
631745,1
631753,2
631756,1
631760,2
631762,1
631772,1
631779,2
631783,1
631787,1
631794,1
631805,1
631810,1
631813,1
631821,1
631823,1
631835,1
631849,1
631857,1
631870,1
631872,1
631875,1
631880,1
631888,1
631892,2
631904,1
631906,1
631928,1
631932,1
631937,1
631945,1
631947,1
631951,2
631960,2
631965,2
631967,1
631973,1
631978,2
631984,1
631995,1
632021,1
632023,1
632034,1
632046,1
632048,1
632054,1
632058,2
632061,2
632067,1
632070,1
632076,1
632080,1
632099,2
632101,1
632117,1
632127,1
632134,1
632137,1
632144,2
632151,1
632154,2
632156,1
632162,1
632164,1
632200,1
632209,1
632212,1
632215,1
632220,2
632230,1
632235,1
632243,1
632249,1
632256,2
632267,2
632270,2
632273,2
632275,1
632281,1
632293,2
632295,1
632300,1
632308,1
632313,1
632315,1
632325,1
632353,1
632360,1
632365,1
632369,1
632376,1
632384,2
632386,1
632392,1
632395,2
632410,1
632428,1
632433,1
632435,1
632440,1
632443,1
632448,2
632458,2
632463,1
632469,1
632475,2
632478,2
632482,1
632492,1
632503,2
632508,1
632512,1
632520,1
632525,1
632529,1
632534,1
632538,2
632554,2
632559,1
632568,1
632572,1
632583,1
632590,2
632597,2
632606,2
632609,1
632615,1
632622,1
632627,1
632629,1
632633,1
632636,1
632639,1
632648,2
632650,1
632660,1
632666,2
632668,1
632673,1
632685,1
632691,2
632694,2
632700,2
632703,1
632726,1
632736,1
632740,2
632742,1
632749,1
632752,1
632758,1
632761,1
632773,1
632776,2
632791,2
632797,1
632812,1
632817,1
632830,1
632832,1
632836,1
632840,1
632855,1
632861,1
632864,2
632886,1
632892,1
632907,1
632912,1
632919,1
632923,1
632925,1
632928,2
632939,2
632942,1
632949,1
632954,1
632961,1
632967,1
632971,1
632976,1
632981,1
632983,1
632998,2
633007,1
633009,1
633024,1
633026,1
633030,1
633049,1
633052,1
633055,1
633064,1
633069,1
633072,2
633085,1
633087,1
633092,1
633099,2
633104,1
633112,1
633118,1
633123,1
633136,1
633144,1
633146,1
633150,2
633162,1
633168,1
633173,1
633175,1
633191,1
633200,1
633204,1
633208,2
633210,1
633216,2
633223,2
633236,1
633239,2
633243,2
633246,1
633250,1
633253,1
633259,1
633266,1
633281,2
633300,1
633320,1
633326,1
633344,1
633350,1
633353,1
633357,1
633359,1
633365,1
633367,1
633371,1
633376,1
633378,1
633384,1
633399,1
633402,1
633406,1
633409,1
633411,1
633415,1
633423,2
633428,1
633435,1
633441,1
633444,1
633447,1
633456,3
633459,2
633465,1
633468,1
633470,1
633477,1
633482,1
633492,2
633498,1
633508,2
633513,1
633515,1
633518,2
633523,2
633527,1
633530,2
633535,1
633537,1
633541,2
633544,1
633547,1
633552,1
633570,1
633576,1
633583,2
633586,2
633589,1
633592,1
633601,1
633604,1
633610,1
633613,1
633628,2
633634,1
633648,1
633657,1
633660,2
633663,2
633667,1
633669,1
633672,1
633677,1
633685,1
633689,2
633694,2
633699,1
633711,1
633715,1
633727,1
633733,1
633736,2
633742,1
633745,2
633751,2
633754,2
633757,1
633762,1
633772,2
633774,1
633782,2
633785,1
633796,1
633805,1
633808,1
633811,1
633852,1
633860,1
633867,2
633888,1
633891,1
633910,1
633920,1
633927,1
633931,1
633936,1
633944,1
633947,1
633978,2
633983,1
633987,1
633991,1
633995,1
633999,1
634004,2
634016,3
634020,1
634023,1
634026,2
634031,2
634036,1
634044,1
634051,1
634054,1
634056,1
634065,1
634074,1
634090,1
634099,3
634112,1
634114,1
634117,1
634123,1
634128,1
634147,1
634156,1
634160,1
634164,1
634166,1
634180,1
634183,1
634201,1
634212,1
634218,1
634220,1
634225,1
634230,1
634250,1
634260,1
634266,1
634271,1
634275,1
634280,2
634283,2
634292,1
634295,2
634299,1
634304,1
634312,2
634320,1
634327,1
634333,1
634346,1
634355,1
634361,2
634365,1
634368,1
634371,1
634374,2
634379,1
634394,1
634399,2
634402,1
634405,2
634407,1
634409,1
634412,1
634420,1
634433,1
634439,2
634443,1
634460,1
634466,1
634472,1
634478,1
634487,2
634493,1
634495,1
634500,1
634505,1
634524,1
634531,1
634533,1
634535,1
634540,2
634544,1
634549,1
634553,2
634559,1
634568,2
634576,2
634584,1
634591,1
634594,1
634599,1
634603,1
634614,1
634620,1
634627,1
634629,1
634636,1
634644,1
634649,1
634652,1
634656,1
634664,2
634670,1
634673,1
634678,1
634686,1
634696,1
634699,1
634703,1
634710,1
634713,1
634723,2
634733,2
634738,1
634748,1
634752,1
634758,1
634762,1
634765,1
634768,1
634772,1
634780,1
634787,1
634793,2
634796,2
634802,2
634816,2
634821,1
634825,1
634839,1
634843,2
634848,1
634867,1
634869,1
634875,2
634882,1
634902,1
634912,1
634919,2
634931,1
634935,1
634943,2
634946,2
634950,1
634953,2
634957,2
634962,1
634979,1
634981,1
634987,1
634990,2
635000,1
635029,1
635036,1
635046,1
635057,2
635063,1
635080,2
635089,2
635093,2
635098,2
635103,1
635114,1
635119,1
635128,1
635135,1
635137,1
635141,1
635147,1
635149,1
635151,1
635153,1
635159,2
635174,2
635190,1
635195,1
635209,1
635213,1
635216,1
635230,1
635232,1
635235,1
635238,1
635240,1
635242,1
635245,1
635261,1
635266,1
635274,1
635279,1
635284,1
635288,1
635292,2
635296,1
635306,2
635309,1
635326,1
635329,1
635337,2
635345,1
635348,1
635353,2
635355,1
635366,2
635374,1
635386,1
635399,1
635408,2
635413,1
635418,2
635420,1
635424,1
635431,2
635436,1
635445,1
635456,1
635473,1
635482,1
635492,1
635501,1
635505,2
635511,1
635532,1
635539,2
635542,1
635544,1
635564,1
635572,1
635588,1
635596,2
635602,1
635606,1
635610,2
635613,1
635624,1
635628,1
635632,1
635637,1
635641,1
635644,1
635647,1
635651,1
635658,1
635660,1
635663,1
635673,1
635676,2
635679,1
635683,1
635686,1
635706,1
635711,2
635713,1
635720,1
635730,2
635733,2
635741,2
635744,1
635753,1
635770,2
635773,1
635790,2
635798,1
635806,1
635813,2
635816,1
635821,1
635826,2
635839,1
635842,1
635852,1
635856,1
635860,1
635868,1
635895,2
635900,1
635914,1
635921,1
635935,1
635942,2
635947,2
635952,1
635955,1
635965,1
635976,1
635979,2
635982,2
635984,1
635988,1
636001,1
636003,1
636005,1
636012,1
636017,2
636022,1
636024,1
636045,1
636048,1
636053,1
636055,1
636079,1
636085,1
636089,1
636094,2
636098,1
636106,1
636112,1
636115,2
636117,1
636119,1
636126,1
636140,1
636143,1
636147,1
636160,2
636162,1
636171,1
636174,2
636179,1
636186,1
636189,2
636192,1
636194,1
636196,1
636199,1
636202,1
636217,3
636219,1
636234,1
636240,2
636242,1
636247,2
636275,1
636281,1
636288,1
636302,1
636304,1
636308,1
636315,1
636321,1
636327,1
636337,1
636341,1
636352,1
636365,1
636375,1
636382,1
636395,1
636407,1
636409,1
636419,1
636430,1
636434,1
636436,1
636440,1
636444,2
636448,2
636453,1
636455,1
636462,1
636470,3
636480,1
636499,1
636505,1
636507,1
636509,1
636539,1
636543,1
636549,1
636558,1
636576,1
636588,2
636590,1
636594,2
636597,2
636607,2
636618,1
636626,1
636633,2
636644,2
636648,1
636651,1
636656,1
636665,1
636677,1
636685,1
636689,2
636695,1
636697,1
636711,2
636715,1
636723,1
636736,1
636739,2
636741,1
636745,1
636751,1
636753,1
636777,1
636788,1
636797,1
636806,1
636813,1
636816,1
636829,1
636836,1
636848,1
636852,1
636860,1
636864,1
636867,1
636874,1
636881,1
636889,1
636891,1
636901,2
636907,1
636915,1
636919,3
636929,1
636932,1
636934,1
636937,1
636946,1
636952,2
636962,1
636964,1
636968,1
636973,1
636975,1
636986,1
636989,1
636996,1
636998,1
637005,1
637009,2
637021,2
637038,1
637042,1
637044,1
637049,1
637051,1
637055,2
637057,1
637059,1
637074,2
637078,2
637093,2
637100,2
637104,1
637115,1
637118,1
637120,1
637126,1
637129,1
637134,1
637140,1
637142,1
637147,1
637152,1
637156,1
637162,2
637166,1
637169,1
637171,1
637207,2
637209,1
637226,1
637229,1
637260,1
637275,2
637279,1
637313,2
637316,1
637318,1
637321,2
637324,2
637332,1
637338,1
637341,2
637348,1
637359,1
637364,1
637369,1
637372,2
637375,1
637384,1
637388,1
637399,1
637409,1
637416,2
637419,2
637431,2
637434,2
637440,2
637444,1
637451,1
637457,2
637459,1
637465,2
637473,1
637479,1
637481,1
637484,2
637491,1
637493,1
637497,1
637506,1
637510,1
637524,1
637527,1
637536,1
637541,3
637552,2
637561,1
637565,1
637568,1
637593,1
637611,1
637613,1
637629,2
637632,2
637640,1
637645,1
637648,2
637662,1
637671,1
637673,1
637684,1
637689,1
637694,1
637700,1
637703,1
637708,1
637714,1
637722,1
637741,1
637750,1
637754,1
637758,2
637761,1
637763,1
637767,2
637771,2
637775,1
637780,1
637784,1
637789,1
637805,2
637810,1
637819,1
637824,1
637832,2
637839,1
637861,1
637874,1
637887,2
637890,2
637892,1
637895,1
637901,1
637903,1
637907,1
637911,2
637914,1
637923,1
637935,1
637956,1
637964,1
637969,2
637974,1
637989,2
638018,1
638027,1
638030,1
638036,2
638038,1
638042,2
638047,2
638051,1
638059,2
638062,1
638065,1
638071,1
638081,3
638084,1
638089,1
638093,1
638101,1
638106,1
638122,1
638132,2
638146,2
638151,1
638154,1
638157,1
638160,1
638167,1
638174,2
638178,1
638184,1
638201,1
638204,1
638211,1
638218,1
638224,1
638232,1
638240,1
638254,1
638265,1
638268,1
638288,2
638291,2
638299,2
638301,1
638308,1
638321,1
638330,2
638335,1
638345,1
638348,1
638351,2
638359,1
638365,1
638380,1
638383,2
638395,1
638398,2
638409,1
638412,1
638421,1
638427,1
638429,1
638447,1
638450,1
638455,2
638461,1
638466,1
638471,1
638477,1
638481,2
638485,1
638489,1
638491,1
638497,2
638500,1
638504,1
638508,1
638512,1
638522,1
638531,2
638534,1
638556,1
638558,1
638566,2
638574,1
638577,2
638582,1
638597,2
638602,1
638606,1
638610,1
638617,1
638619,1
638625,2
638640,1
638645,1
638647,1
638655,1
638658,1
638660,1
638665,1
638668,2
638684,1
638687,1
638692,1
638696,1
638700,2
638703,1
638717,1
638721,1
638727,2
638731,1
638740,1
638746,1
638751,1
638763,1
638769,1
638774,1
638780,1
638793,1
638801,1
638809,1
638811,1
638817,2
638822,1
638843,1
638876,2
638879,1
638882,2
638884,1
638910,2
638915,1
638923,2
638928,1
638931,1
638942,1
638949,1
638952,2
638958,1
638966,2
638975,1
638977,1
638988,2
638994,1
638997,1
639009,1
639015,1
639018,1
639021,1
639035,1
639039,1
639043,1
639048,1
639052,1
639058,1
639067,2
639070,1
639073,1
639077,1
639081,1
639084,2
639102,1
639107,1
639113,1
639118,2
639123,1
639135,2
639144,1
639147,1
639153,1
639162,1
639168,2
639170,1
639184,1
639188,2
639215,1
639222,1
639236,1
639244,2
639248,2
639252,1
639257,2
639266,1
639272,1
639277,1
639279,1
639284,1
639307,1
639309,1
639312,2
639317,1
639322,1
639327,1
639330,1
639332,1
639339,1
639341,1
639344,1
639347,1
639359,1
639384,1
639387,2
639393,2
639396,1
639402,1
639407,1
639414,1
639418,2
639435,1
639440,1
639442,1
639452,1
639459,1
639462,1
639470,1
639475,1
639477,1
639479,1
639485,1
639494,2
639497,1
639502,1
639505,2
639508,1
639512,2
639521,2
639523,1
639530,2
639535,1
639542,1
639545,2
639550,1
639552,1
639557,1
639580,1
639583,2
639593,2
639619,1
639623,1
639631,1
639634,2
639637,1
639648,1
639650,1
639655,1
639664,2
639673,1
639677,1
639679,1
639683,2
639685,1
639697,2
639701,1
639705,1
639708,1
639713,1
639719,1
639723,1
639731,1
639741,1
639745,1
639765,1
639767,1
639770,1
639778,1
639781,2
639786,1
639792,2
639798,2
639800,1
639811,1
639814,2
639822,1
639828,1
639834,1
639837,2
639841,2
639845,2
639848,1
639854,1
639863,1
639866,1
639869,1
639883,2
639887,1
639895,1
639899,1
639903,1
639906,1
639909,1
639929,1
639932,1
639938,2
639945,3
639952,1
639958,2
639963,1
639968,1
639976,1
639982,2
640001,1
640003,1
640015,1
640021,1
640024,1
640027,1
640033,2
640047,1
640051,2
640055,2
640064,1
640067,1
640071,1
640075,1
640079,1
640082,1
640089,1
640097,1
640103,1
640112,1
640121,2
640128,1
640131,2
640134,1
640137,1
640144,2
640149,1
640164,2
640173,1
640185,2
640187,1
640189,1
640193,3
640206,2
640211,1
640215,1
640225,2
640231,1
640234,1
640242,1
640249,3
640257,1
640260,1
640265,1
640268,1
640271,1
640279,1
640292,1
640305,2
640309,1
640318,1
640321,2
640324,1
640331,2
640334,1
640339,1
640353,2
640370,1
640377,1
640380,2
640386,2
640390,2
640398,1
640405,1
640408,1
640411,1
640419,1
640436,2
640453,1
640456,1
640460,1
640464,2
640467,2
640473,2
640476,1
640483,2
640493,1
640495,1
640503,1
640522,1
640543,1
640548,1
640557,1
640566,1
640572,1
640575,1
640583,1
640603,1
640614,1
640616,1
640619,2
640625,2
640627,1
640635,1
640637,1
640641,1
640650,1
640655,1
640662,1
640664,1
640671,1
640675,1
640680,1
640686,1
640691,1
640693,1
640698,1
640718,1
640734,1
640738,1
640744,1
640748,2
640763,2
640770,2
640808,2
640815,1
640818,1
640828,1
640854,2
640860,1
640862,1
640865,1
640867,1
640873,1
640878,1
640891,1
640900,1
640903,2
640907,1
640916,2
640925,1
640927,1
640935,1
640941,1
640943,1
640953,1
640961,2
640966,1
640970,1
640973,1
640980,1
640983,2
640990,1
640994,1
641027,1
641030,1
641033,1
641037,2
641040,1
641045,2
641050,1
641057,1
641067,1
641070,1
641074,1
641077,1
641088,1
641093,2
641105,1
641109,1
641114,1
641118,1
641127,2
641138,2
641147,1
641149,1
641153,2
641159,1
641166,1
641169,1
641181,1
641188,1
641191,1
641198,1
641207,1
641211,1
641216,1
641227,1
641229,1
641231,1
641238,2
641243,1
641249,1
641266,2
641296,2
641306,1
641321,1
641330,1
641336,2
641350,2
641354,1
641361,1
641369,1
641372,1
641375,1
641383,2
641389,1
641391,1
641395,1
641398,1
641401,1
641404,2
641424,1
641434,1
641438,2
641445,1
641447,1
641456,2
641467,1
641473,1
641476,1
641480,1
641487,1
641500,1
641504,1
641516,1
641525,1
641545,2
641550,1
641559,1
641566,3
641571,1
641576,1
641590,1
641594,2
641597,1
641604,1
641607,2
641611,1
641625,1
641632,1
641635,1
641645,1
641649,1
641671,1
641685,1
641693,1
641701,2
641712,1
641717,1
641723,1
641733,1
641738,1
641751,2
641762,1
641767,1
641772,1
641777,1
641779,1
641782,1
641801,1
641817,1
641820,1
641822,1
641830,1
641842,2
641846,1
641848,1
641852,1
641860,1
641863,1
641869,1
641886,2
641890,1
641893,2
641903,1
641906,1
641911,1
641918,2
641921,1
641923,1
641932,1
641943,2
641946,1
641950,1
641952,1
641959,1
641968,1
641970,1
641979,1
641990,1
641993,1
641997,1
642002,1
642008,1
642011,2
642016,2
642020,1
642026,1
642028,1
642033,1
642044,1
642054,1
642058,2
642078,1
642107,1
642117,1
642120,1
642125,1
642132,2
642137,1
642142,1
642151,1
642164,1
642177,2
642179,1
642187,1
642205,2
642208,2
642223,2
642226,1
642238,1
642246,1
642262,2
642267,2
642274,1
642280,1
642285,1
642302,1
642305,2
642312,1
642317,4
642327,1
642334,1
642337,2
642344,2
642349,1
642356,1
642369,2
642372,1
642376,1
642380,2
642385,2
642400,2
642407,1
642426,1
642433,1
642437,1
642443,1
642450,1
642453,1
642467,1
642473,1
642478,2
642482,1
642484,1
642491,2
642496,1
642502,1
642505,1
642508,1
642512,2
642514,1
642517,1
642523,1
642540,1
642545,1
642549,1
642557,2
642563,1
642587,1
642595,1
642600,2
642606,1
642612,1
642616,2
642627,1
642629,1
642635,1
642638,1
642643,2
642645,1
642651,1
642671,1
642699,1
642711,1
642734,2
642736,1
642739,1
642741,1
642747,1
642767,1
642775,1
642777,1
642786,1
642790,1
642795,1
642800,2
642821,2
642826,1
642829,1
642831,1
642838,2
642850,1
642855,1
642858,1
642861,1
642868,1
642874,1
642877,1
642880,2
642891,2
642894,1
642901,1
642903,1
642905,1
642907,1
642911,1
642916,1
642923,2
642929,1
642934,1
642936,1
642939,1
642944,1
642952,1
642954,1
642959,2
642970,1
642975,2
642979,1
642983,2
642985,1
642988,2
642994,1
642998,1
643000,1
643008,2
643014,1
643017,2
643022,2
643030,1
643038,2
643046,1
643050,2
643060,1
643065,1
643072,1
643078,1
643096,1
643105,1
643114,1
643116,1
643132,1
643138,1
643148,1
643152,1
643157,1
643166,1
643169,1
643175,1
643193,1
643204,2
643209,2
643213,1
643216,1
643223,1
643226,1
643232,3
643235,1
643241,1
643247,1
643250,1
643257,1
643262,1
643269,1
643297,3
643304,1
643310,1
643317,1
643320,1
643324,1
643326,1
643328,1
643331,2
643337,1
643339,1
643349,1
643354,1
643360,1
643367,1
643375,2
643384,1
643387,2
643406,2
643409,2
643415,1
643435,1
643441,1
643443,1
643450,1
643457,2
643462,1
643469,1
643473,1
643475,1
643481,1
643494,1
643497,1
643504,3
643506,1
643512,1
643523,1
643528,1
643534,2
643538,1
643543,1
643557,1
643561,1
643576,2
643585,1
643590,1
643594,1
643605,1
643615,1
643625,2
643628,1
643631,2
643642,1
643645,1
643651,1
643654,1
643661,1
643681,2
643683,1
643688,1
643698,2
643713,1
643720,1
643722,1
643728,1
643735,1
643738,1
643740,1
643745,1
643748,2
643750,1
643753,1
643770,1
643778,3
643800,2
643804,1
643811,1
643824,2
643826,1
643835,2
643837,1
643845,2
643852,1
643857,1
643863,1
643867,2
643875,1
643887,2
643900,2
643904,1
643909,1
643919,1
643929,1
643932,2
643936,1
643945,1
643957,1
643964,1
643993,1
643995,1
643998,1
644004,1
644011,1
644023,1
644031,1
644037,1
644042,1
644053,1
644062,2
644072,1
644083,1
644099,1
644101,1
644105,1
644108,1
644116,2
644124,2
644126,1
644132,1
644147,2
644150,1
644153,1
644155,1
644157,1
644162,1
644167,1
644178,1
644186,1
644190,3
644194,2
644199,1
644204,2
644212,2
644217,1
644223,1
644228,1
644235,2
644240,1
644243,1
644251,1
644253,1
644255,1
644263,1
644273,2
644277,1
644281,1
644284,1
644297,1
644310,1
644318,1
644321,2
644325,1
644330,1
644333,2
644351,1
644356,2
644361,1
644369,2
644371,1
644374,1
644381,1
644387,1
644399,1
644406,1
644411,1
644417,1
644420,2
644445,1
644451,1
644456,1
644480,1
644484,1
644487,1
644492,1
644511,1
644516,1
644519,1
644523,1
644528,2
644534,1
644551,2
644559,1
644572,3
644575,2
644583,1
644585,1
644588,1
644595,1
644604,1
644610,1
644615,1
644622,2
644628,1
644630,1
644636,1
644645,3
644648,1
644650,1
644652,1
644654,1
644661,1
644667,1
644672,1
644675,1
644684,1
644691,1
644695,1
644698,1
644701,1
644703,1
644713,1
644716,1
644721,1
644726,1
644730,1
644733,1
644736,1
644748,1
644755,1
644761,1
644763,1
644766,1
644770,1
644778,1
644786,1
644796,1
644808,2
644820,1
644829,1
644845,1
644848,1
644861,2
644864,1
644873,1
644880,1
644888,1
644891,2
644894,1
644899,2
644904,1
644915,1
644924,1
644928,1
644934,1
644937,1
644939,1
644950,1
644953,2
644964,1
644967,1
644974,2
644976,1
644978,1
644981,1
644984,1
644987,2
645000,1
645016,1
645030,1
645039,1
645042,1
645049,2
645054,1
645057,2
645066,1
645070,1
645084,1
645099,1
645109,1
645113,1
645129,1
645133,1
645148,1
645156,1
645159,1
645168,1
645181,1
645188,1
645193,2
645204,1
645212,1
645220,1
645223,1
645239,1
645244,1
645247,2
645260,1
645272,1
645286,2
645289,1
645295,2
645302,1
645310,1
645317,2
645321,2
645324,1
645340,2
645346,1
645350,1
645353,2
645356,1
645372,1
645381,2
645387,1
645392,1
645395,1
645404,1
645407,1
645411,1
645415,1
645425,2
645427,1
645435,2
645440,2
645445,1
645454,2
645462,1
645468,2
645478,1
645495,2
645498,1
645502,1
645507,2
645521,2
645526,1
645529,1
645534,1
645537,2
645546,1
645557,1
645563,1
645570,1
645576,1
645584,2
645596,1
645599,1
645603,1
645607,2
645610,2
645623,1
645630,1
645633,1
645635,1
645642,1
645649,2
645654,1
645667,2
645675,2
645677,1
645684,2
645687,2
645700,1
645702,1
645710,2
645712,1
645716,1
645721,1
645737,1
645739,1
645741,1
645748,1
645751,1
645755,2
645763,1
645772,2
645776,2
645785,1
645802,2
645811,1
645818,1
645827,1
645832,1
645840,2
645849,1
645851,1
645866,3
645882,2
645887,1
645890,2
645896,1
645902,1
645904,1
645906,1
645910,1
645916,1
645923,2
645935,3
645950,1
645952,1
645956,1
645959,1
645964,1
645974,1
645977,1
645980,1
645982,1
645998,2
646001,2
646004,2
646007,1
646009,1
646015,1
646035,1
646045,2
646049,1
646052,1
646058,2
646065,1
646074,1
646081,1
646085,2
646089,1
646097,1
646109,1
646124,2
646129,1
646136,1
646139,1
646142,1
646154,1
646157,2
646166,1
646172,3
646178,1
646181,2
646185,1
646196,1
646205,1
646217,2
646220,2
646231,2
646238,1
646240,1
646248,2
646254,1
646258,1
646269,2
646275,1
646277,1
646282,1
646285,1
646289,2
646297,2
646307,1
646315,2
646317,1
646332,1
646335,2
646341,1
646348,1
646352,1
646354,1
646357,1
646360,1
646375,1
646393,1
646396,2
646424,1
646426,1
646430,1
646433,1
646435,1
646439,1
646445,1
646450,1
646453,1
646456,1
646458,1
646461,1
646472,1
646482,1
646492,1
646495,1
646498,1
646501,2
646508,1
646512,1
646517,1
646521,2
646530,1
646535,1
646537,1
646543,1
646557,1
646562,1
646566,1
646571,2
646576,2
646580,2
646585,1
646593,1
646599,1
646607,1
646612,1
646615,2
646617,1
646619,1
646640,1
646647,1
646650,1
646653,1
646661,2
646663,1
646669,2
646678,1
646685,1
646693,1
646697,1
646716,1
646719,2
646727,1
646729,1
646735,2
646754,2
646758,1
646764,2
646768,1
646771,2
646777,1
646784,1
646794,1
646797,1
646803,1
646815,1
646817,1
646821,1
646834,2
646842,3
646846,2
646849,1
646859,2
646862,2
646865,1
646867,1
646886,1
646889,1
646893,1
646898,1
646904,2
646916,1
646920,1
646923,1
646934,1
646936,1
646940,1
646945,1
646948,1
646956,1
646966,1
646970,1
646973,2
646977,1
646990,1
647000,1
647009,1
647011,1
647016,1
647023,1
647029,1
647039,2
647044,2
647049,2
647064,1
647066,1
647072,2
647080,1
647086,1
647095,2
647098,2
647122,1
647128,1
647143,2
647148,1
647152,1
647157,1
647165,2
647170,1
647177,1
647179,1
647182,1
647199,1
647213,2
647218,1
647223,1
647240,1
647249,1
647256,1
647261,2
647265,1
647267,1
647271,1
647278,2
647282,1
647295,1
647297,1
647301,1
647304,2
647308,1
647315,3
647325,1
647327,1
647332,1
647340,1
647347,1
647352,1
647355,2
647358,1
647360,1
647367,1
647369,1
647373,1
647384,1
647393,1
647402,1
647407,1
647413,1
647418,1
647428,2
647430,1
647439,1
647442,1
647444,1
647455,1
647463,1
647465,1
647468,1
647476,1
647490,1
647496,1
647499,2
647514,2
647516,1
647537,1
647546,2
647550,1
647578,1
647582,1
647591,1
647606,2
647609,2
647620,2
647636,1
647639,1
647641,1
647650,1
647657,2
647663,2
647671,1
647677,1
647685,1
647688,1
647690,1
647713,2
647721,1
647731,1
647756,1
647759,1
647763,1
647771,1
647793,2
647795,1
647800,1
647802,1
647808,1
647811,1
647815,1
647825,1
647828,2
647835,1
647850,1
647858,1
647860,1
647864,1
647878,1
647897,1
647902,2
647914,1
647918,1
647920,1
647952,1
647962,1
647965,1
647969,1
647974,1
647985,1
647987,1
647996,1
648003,1
648020,2
648024,1
648028,2
648033,1
648037,1
648046,1
648057,2
648061,1
648069,1
648084,2
648089,1
648091,1
648100,1
648102,1
648121,1
648123,1
648125,1
648127,1
648132,1
648142,1
648144,1
648162,1
648167,1
648170,1
648174,1
648176,1
648186,1
648191,1
648194,1
648207,2
648216,1
648220,1
648226,2
648233,2
648236,1
648248,1
648263,1
648265,1
648277,1
648283,1
648289,1
648301,1
648305,1
648319,1
648325,1
648335,1
648341,1
648343,1
648353,2
648361,1
648367,1
648377,1
648382,2
648390,1
648395,1
648407,1
648411,1
648415,1
648420,1
648423,1
648426,2
648441,1
648453,1
648458,1
648462,1
648467,1
648474,1
648478,1
648481,1
648488,1
648490,1
648493,1
648495,1
648505,1
648507,1
648513,1
648516,1
648518,1
648526,1
648539,1
648542,1
648544,1
648555,2
648565,1
648575,1
648578,1
648591,2
648594,1
648603,1
648613,1
648622,1
648628,1
648634,1
648638,2
648675,1
648677,1
648690,1
648693,2
648708,1
648710,1
648713,2
648717,2
648724,2
648730,2
648739,1
648744,2
648747,2
648770,2
648777,1
648781,1
648783,1
648793,1
648798,1
648803,2
648808,1
648817,1
648823,2
648831,2
648844,1
648851,1
648864,2
648867,1
648869,1
648878,1
648882,1
648886,1
648894,1
648908,1
648922,1
648935,1
648949,1
648951,1
648953,1
648965,2
648971,1
648976,1
648979,1
648985,1
648994,2
648999,1
649007,2
649022,2
649031,2
649039,1
649048,2
649060,1
649062,1
649065,1
649067,1
649073,1
649085,1
649089,1
649097,2
649104,1
649111,1
649116,2
649119,2
649122,1
649126,1
649136,1
649142,1
649148,3
649155,1
649160,1
649166,1
649173,1
649177,3
649180,2
649185,1
649192,2
649198,1
649204,2
649208,1
649211,1
649224,1
649226,1
649230,1
649233,1
649239,1
649244,1
649250,1
649258,1
649265,1
649284,1
649308,1
649312,1
649316,1
649319,1
649325,1
649334,1
649342,2
649344,1
649349,1
649351,1
649357,1
649370,1
649373,1
649379,1
649387,2
649394,1
649396,1
649399,2
649402,2
649410,2
649414,1
649419,2
649424,1
649426,1
649429,1
649433,1
649445,1
649450,1
649457,1
649468,1
649472,1
649474,1
649484,1
649492,1
649505,1
649508,1
649510,1
649515,1
649521,1
649531,1
649535,1
649539,1
649541,1
649547,2
649551,1
649553,1
649561,1
649571,3
649580,1
649589,2
649593,1
649598,1
649607,2
649611,1
649618,2
649622,1
649625,1
649639,1
649650,1
649654,2
649663,2
649677,2
649680,1
649683,1
649687,1
649697,1
649704,2
649712,1
649715,1
649719,1
649726,1
649730,2
649735,1
649740,1
649749,1
649755,1
649762,1
649764,1
649777,2
649789,2
649796,1
649801,1
649807,1
649811,1
649819,1
649826,2
649833,1
649849,1
649857,3
649866,2
649872,1
649880,1
649897,2
649903,1
649906,1
649913,1
649939,1
649941,1
649945,1
649956,1
649963,1
649974,1
649978,1
649983,1
650001,1
650020,2
650022,1
650025,1
650039,1
650044,1
650046,1
650050,1
650056,1
650061,1
650064,2
650069,1
650073,1
650085,1
650088,2
650103,2
650108,1
650114,1
650118,2
650123,1
650126,1
650128,1
650138,1
650141,1
650144,1
650150,1
650154,1
650175,1
650184,1
650191,2
650193,1
650201,1
650208,1
650219,1
650233,1
650236,1
650241,2
650251,2
650255,2
650258,1
650264,1
650274,2
650286,3
650294,2
650306,1
650310,1
650318,3
650321,1
650324,1
650338,1
650344,1
650351,1
650354,2
650357,1
650363,1
650368,1
650371,1
650386,2
650390,1
650392,1
650396,1
650404,1
650406,1
650412,1
650415,2
650421,1
650430,2
650444,1
650452,2
650463,1
650471,1
650474,1
650482,1
650488,1
650495,1
650498,1
650511,1
650532,1
650542,1
650544,1
650557,1
650583,1
650588,1
650590,1
650595,1
650599,2
650616,2
650619,1
650622,1
650632,1
650655,1
650666,1
650679,1
650698,1
650705,1
650708,1
650716,1
650723,1
650728,1
650735,1
650741,1
650752,1
650759,2
650768,1
650772,1
650777,1
650779,1
650783,2
650788,2
650798,2
650803,1
650817,2
650823,1
650831,1
650851,1
650862,1
650865,1
650874,2
650877,2
650880,2
650891,1
650894,1
650901,1
650903,1
650911,1
650919,2
650927,2
650943,2
650958,2
650968,2
650971,2
650984,2
650991,1
650995,1
651001,2
651006,1
651010,1
651014,2
651029,1
651038,1
651048,1
651058,2
651064,1
651070,2
651073,1
651076,1
651084,1
651090,1
651095,1
651101,1
651107,1
651114,1
651120,1
651133,1
651143,1
651146,1
651148,1
651158,1
651167,2
651169,1
651175,1
651179,1
651183,1
651188,1
651190,1
651194,2
651199,2
651204,1
651211,1
651219,1
651223,1
651230,1
651232,1
651255,1
651257,1
651260,1
651269,1
651282,1
651289,1
651299,1
651301,1
651309,1
651315,1
651317,1
651328,2
651331,1
651334,1
651341,2
651345,1
651353,1
651358,2
651361,1
651372,1
651378,1
651380,1
651382,1
651410,1
651413,1
651429,1
651435,2
651440,1
651446,1
651453,1
651455,1
651459,2
651468,1
651486,1
651491,1
651494,1
651497,2
651503,1
651518,1
651524,2
651538,2
651541,1
651544,1
651557,1
651563,1
651565,1
651570,2
651573,1
651587,1
651590,2
651592,1
651603,1
651607,1
651611,2
651618,1
651627,2
651633,1
651635,1
651648,2
651666,1
651681,2
651686,1
651694,1
651706,1
651708,1
651721,2
651724,2
651731,1
651740,1
651744,1
651746,1
651762,1
651781,1
651790,1
651796,2
651798,1
651804,1
651814,3
651826,1
651831,1
651836,2
651840,1
651846,2
651854,2
651856,1
651860,1
651864,1
651871,1
651877,1
651884,2
651886,1
651888,1
651894,1
651897,2
651910,1
651921,1
651923,1
651931,1
651933,1
651938,2
651942,1
651956,1
651959,1
651963,1
651970,2
651972,1
651974,1
651981,1
652013,1
652027,1
652040,2
652053,1
652058,1
652065,1
652077,1
652087,2
652109,1
652112,1
652116,2
652121,1
652126,1
652131,1
652137,2
652144,2
652168,1
652173,2
652177,1
652180,1
652189,1
652205,1
652212,1
652218,1
652228,1
652234,1
652240,1
652244,2
652255,1
652262,1
652279,1
652293,1
652299,1
652303,1
652307,2
652309,1
652319,1
652325,1
652329,1
652331,1
652338,2
652343,1
652348,1
652365,1
652367,1
652377,1
652390,1
652394,1
652398,1
652400,1
652428,2
652433,1
652437,1
652441,1
652447,1
652463,1
652467,1
652477,1
652487,1
652490,2
652494,1
652512,1
652518,1
652526,2
652542,1
652544,1
652547,1
652549,1
652554,1
652557,1
652560,1
652562,1
652570,2
652575,1
652590,1
652598,2
652617,1
652619,1
652626,1
652640,2
652650,1
652663,1
652670,2
652675,1
652680,1
652687,1
652689,1
652692,1
652696,1
652712,1
652718,1
652725,1
652729,1
652751,1
652754,1
652761,1
652766,1
652777,1
652790,1
652795,2
652805,1
652815,1
652827,2
652836,1
652842,2
652846,1
652855,2
652861,1
652866,1
652870,1
652879,2
652893,1
652897,1
652899,1
652903,1
652907,1
652915,1
652921,1
652934,1
652937,1
652939,1
652943,1
652951,1
652955,2
652957,1
652961,1
652977,1
652984,2
652992,1
652995,2
653001,1
653007,2
653016,1
653019,1
653025,1
653029,1
653036,2
653039,2
653045,1
653049,1
653054,1
653059,2
653066,1
653073,4
653075,1
653084,2
653097,1
653104,1
653108,2
653114,1
653124,1
653141,1
653148,1
653154,1
653161,2
653175,1
653180,2
653183,2
653190,1
653192,1
653195,1
653198,1
653201,1
653215,1
653219,1
653223,1
653228,1
653232,2
653236,1
653242,1
653244,1
653247,2
653251,1
653262,2
653265,1
653276,1
653288,1
653304,2
653312,2
653314,1
653326,1
653331,1
653333,1
653337,1
653343,1
653353,1
653360,1
653362,1
653377,1
653400,2
653403,1
653405,1
653411,1
653416,1
653425,1
653437,1
653446,1
653452,1
653456,1
653459,1
653461,1
653465,1
653470,2
653474,1
653482,1
653487,1
653490,1
653493,1
653502,1
653519,2
653524,3
653526,1
653531,1
653537,2
653567,2
653571,1
653581,1
653584,1
653587,1
653597,1
653606,1
653608,1
653618,1
653630,1
653640,1
653645,1
653671,1
653673,1
653684,1
653699,1
653708,1
653711,1
653714,1
653717,1
653722,1
653724,1
653726,1
653731,2
653734,2
653739,2
653744,1
653755,1
653758,1
653761,2
653769,1
653779,1
653782,1
653788,2
653809,1
653811,1
653826,2
653830,1
653840,3
653847,2
653851,1
653862,1
653872,2
653874,1
653877,1
653889,2
653893,1
653897,2
653912,1
653924,1
653934,2
653939,1
653949,1
653969,1
653971,1
653973,1
653982,2
653993,2
653995,1
653998,1
654005,1
654013,1
654029,1
654031,1
654038,2
654055,1
654059,1
654063,2
654069,1
654076,2
654086,1
654088,1
654095,2
654099,1
654104,1
654113,1
654117,1
654125,1
654128,1
654130,1
654138,1
654140,1
654147,2
654149,1
654159,1
654164,2
654169,1
654176,1
654181,1
654187,1
654196,1
654198,1
654207,1
654210,1
654216,1
654218,1
654227,1
654238,1
654248,2
654251,2
654257,2
654266,2
654270,1
654276,1
654280,2
654283,2
654285,1
654294,2
654316,2
654333,2
654338,1
654340,1
654346,1
654355,1
654369,1
654373,1
654380,1
654383,2
654389,5
654393,1
654404,2
654411,1
654425,1
654428,1
654430,1
654435,1
654437,1
654451,2
654458,1
654463,1
654484,1
654487,1
654489,1
654494,1
654498,1
654502,2
654506,1
654508,1
654517,1
654535,1
654539,2
654545,1
654547,1
654555,1
654562,1
654564,1
654577,2
654587,2
654590,2
654593,1
654595,1
654605,3
654610,1
654618,1
654627,1
654643,1
654649,2
654654,1
654659,1
654673,1
654682,1
654685,1
654689,1
654697,1
654701,1
654706,1
654713,1
654715,1
654724,2
654732,2
654736,3
654742,1
654746,1
654750,1
654756,2
654764,1
654767,2
654781,1
654788,1
654797,1
654806,2
654809,2
654818,2
654822,2
654824,1
654827,1
654833,1
654838,2
654868,2
654874,2
654879,2
654882,2
654885,1
654887,1
654895,1
654902,2
654921,1
654926,1
654932,1
654938,2
654941,1
654944,2
654950,1
654954,1
654959,1
654967,1
654971,1
654978,1
654983,1
654989,2
655000,1
655007,1
655010,1
655013,1
655016,1
655020,2
655027,1
655029,1
655046,1
655053,1
655055,1
655070,1
655081,1
655084,1
655091,2
655097,1
655100,1
655131,1
655146,2
655149,1
655160,1
655173,2
655181,1
655185,1
655220,1
655224,2
655234,1
655236,1
655239,1
655243,1
655247,1
655257,1
655260,2
655266,1
655276,1
655284,1
655286,1
655294,1
655303,2
655307,1
655311,1
655320,1
655323,1
655333,1
655338,1
655351,1
655364,1
655369,1
655372,1
655377,1
655382,1
655384,1
655391,1
655398,1
655403,2
655408,1
655416,1
655422,2
655428,1
655431,2
655441,1
655447,1
655449,1
655452,1
655455,1
655457,1
655462,1
655467,1
655481,1
655494,2
655498,1
655500,1
655503,1
655508,1
655515,1
655519,1
655527,1
655541,1
655544,1
655556,1
655561,1
655567,1
655571,1
655574,1
655580,2
655590,2
655600,1
655603,2
655605,1
655614,1
655620,1
655627,1
655634,1
655639,1
655646,1
655652,1
655657,1
655670,1
655680,1
655682,1
655703,1
655706,1
655734,1
655738,1
655743,1
655748,1
655750,1
655754,2
655764,1
655766,1
655771,1
655774,1
655786,1
655794,1
655798,1
655812,1
655821,1
655842,1
655852,1
655865,1
655867,1
655871,2
655873,1
655876,2
655878,1
655880,1
655887,1
655901,2
655907,1
655910,1
655915,1
655918,1
655923,1
655943,1
655953,1
655969,1
655978,1
655990,1
655998,1
656003,1
656012,2
656017,1
656027,1
656035,2
656058,2
656072,1
656085,2
656094,1
656096,1
656100,1
656103,1
656114,1
656128,1
656147,2
656152,1
656159,1
656175,2
656186,1
656191,1
656196,1
656209,1
656212,1
656216,2
656221,2
656228,2
656230,1
656237,1
656245,1
656249,1
656251,1
656255,1
656273,1
656282,1
656289,2
656295,1
656298,1
656301,1
656307,1
656309,1
656323,2
656339,1
656341,1
656343,1
656355,1
656362,2
656367,2
656377,1
656380,1
656389,1
656395,1
656407,1
656412,1
656459,2
656461,1
656463,1
656467,3
656472,1
656484,1
656493,2
656496,1
656500,1
656505,1
656517,1
656527,2
656530,1
656543,2
656556,1
656558,1
656564,3
656569,1
656578,1
656587,1
656592,2
656598,2
656604,2
656606,1
656612,1
656618,2
656621,1
656625,1
656627,1
656644,1
656650,1
656654,1
656657,1
656668,1
656675,2
656694,2
656696,1
656712,1
656716,1
656719,1
656728,1
656730,1
656740,1
656743,1
656752,2
656758,1
656778,1
656784,2
656798,1
656801,2
656807,2
656813,1
656819,1
656825,1
656830,1
656842,1
656847,2
656852,1
656857,1
656866,1
656868,1
656882,1
656890,1
656897,1
656911,2
656919,1
656934,1
656942,1
656950,1
656952,1
656962,1
656981,2
656987,2
657000,1
657013,2
657016,2
657019,1
657025,2
657030,1
657036,1
657050,1
657063,1
657065,1
657068,2
657071,2
657079,1
657090,1
657095,1
657102,1
657108,1
657114,1
657119,3
657122,1
657130,1
657134,2
657140,2
657143,1
657146,1
657149,1
657152,1
657155,1
657160,1
657165,1
657175,1
657177,1
657182,1
657197,1
657202,1
657209,1
657222,1
657226,1
657230,1
657246,2
657249,1
657252,1
657258,1
657269,1
657271,1
657277,2
657288,2
657293,1
657304,1
657310,2
657312,1
657315,1
657322,1
657325,1
657327,1
657341,1
657345,2
657349,1
657354,1
657377,2
657386,2
657389,1
657391,1
657393,1
657399,1
657406,1
657409,1
657411,1
657420,1
657430,1
657432,1
657437,1
657441,2
657445,1
657452,1
657455,1
657457,1
657467,1
657472,2
657482,2
657493,1
657499,1
657513,1
657524,2
657527,1
657534,2
657537,1
657542,1
657547,1
657554,1
657571,1
657574,1
657578,1
657586,1
657589,1
657596,1
657607,1
657634,1
657642,1
657656,1
657665,1
657671,1
657676,2
657678,1
657688,1
657698,2
657703,2
657718,2
657723,1
657733,1
657739,2
657744,1
657749,2
657771,2
657773,1
657781,1
657788,2
657790,1
657792,1
657797,1
657801,1
657807,1
657809,1
657814,1
657817,2
657821,2
657825,2
657828,1
657839,1
657842,1
657847,1
657855,1
657859,1
657865,2
657875,2
657877,1
657887,2
657894,1
657904,1
657913,2
657919,2
657926,1
657931,2
657935,1
657946,1
657955,1
657960,1
657977,1
657980,1
657985,2
658000,1
658008,2
658012,1
658028,1
658032,1
658047,1
658060,1
658067,1
658069,1
658072,1
658078,3
658084,2
658092,2
658094,1
658096,1
658101,1
658106,1
658116,1
658123,1
658128,1
658131,1
658147,1
658156,1
658170,1
658174,1
658187,1
658223,1
658228,1
658231,2
658234,1
658238,2
658249,1
658255,2
658267,1
658271,2
658273,1
658282,1
658286,1
658295,1
658301,2
658306,1
658316,2
658318,1
658321,2
658327,1
658335,1
658338,1
658340,1
658342,1
658354,1
658366,1
658373,2
658386,1
658396,2
658401,2
658404,1
658409,2
658420,1
658425,1
658449,1
658454,1
658456,1
658461,2
658463,1
658469,2
658472,1
658482,2
658487,1
658493,1
658501,1
658512,1
658538,1
658549,1
658553,2
658558,1
658564,1
658573,1
658580,1
658583,1
658590,4
658595,1
658598,1
658605,1
658618,1
658621,1
658645,1
658652,1
658655,1
658665,1
658670,2
658673,1
658687,1
658693,1
658702,2
658708,1
658716,2
658718,1
658725,1
658745,1
658762,1
658768,2
658770,1
658774,2
658776,1
658779,1
658782,2
658786,2
658788,1
658791,1
658798,1
658808,2
658837,2
658845,2
658849,1
658871,1
658885,1
658888,1
658890,1
658893,1
658902,1
658916,1
658921,1
658926,2
658929,2
658940,1
658942,1
658953,1
658955,1
658960,1
658970,1
658974,2
658977,1
658986,2
658989,2
659000,1
659004,1
659008,2
659010,1
659022,1
659029,1
659031,1
659034,2
659039,1
659041,1
659055,2
659058,1
659060,1
659064,2
659068,1
659078,2
659081,1
659084,1
659092,2
659103,1
659109,2
659131,2
659143,1
659150,1
659156,2
659173,1
659183,1
659192,1
659195,2
659197,1
659208,2
659217,1
659236,1
659240,1
659245,1
659252,1
659256,1
659266,1
659280,1
659287,1
659291,2
659309,1
659314,1
659319,1
659330,1
659337,1
659341,1
659343,1
659346,1
659353,1
659359,1
659369,2
659375,1
659382,1
659384,1
659387,1
659391,2
659405,1
659414,1
659417,1
659428,1
659433,1
659443,1
659447,1
659462,1
659473,1
659479,2
659493,2
659496,2
659499,1
659502,1
659509,1
659511,1
659539,2
659543,3
659555,2
659561,1
659564,1
659568,1
659584,1
659586,1
659592,1
659606,1
659614,1
659617,2
659627,1
659630,1
659636,1
659644,2
659646,1
659654,1
659656,1
659663,1
659672,2
659685,2
659694,1
659701,1
659704,2
659706,1
659712,1
659715,2
659722,1
659731,1
659738,1
659742,1
659747,2
659758,1
659761,1
659763,1
659766,1
659773,2
659777,1
659788,1
659791,1
659796,1
659803,1
659810,1
659815,1
659820,1
659825,2
659832,1
659843,1
659850,1
659866,1
659870,1
659872,1
659877,1
659879,1
659882,2
659888,2
659892,1
659898,2
659905,2
659908,1
659916,1
659925,1
659933,2
659935,1
659943,2
659948,1
659950,1
659959,1
659972,1
659979,2
659982,2
659989,1
659994,1
659999,1
660002,1
660004,1
660011,1
660016,1
660027,1
660035,1
660043,2
660045,1
660050,2
660061,1
660067,1
660070,2
660073,1
660087,1
660101,1
660105,2
660112,1
660118,2
660143,2
660146,1
660151,1
660153,1
660159,2
660164,2
660167,1
660173,1
660183,1
660188,1
660191,1
660195,1
660199,1
660214,1
660216,1
660224,1
660226,1
660232,1
660244,1
660256,2
660262,1
660269,1
660274,1
660284,2
660289,1
660308,1
660312,2
660315,1
660324,1
660330,1
660337,1
660344,2
660368,1
660370,1
660381,2
660386,1
660388,1
660402,1
660406,1
660409,2
660413,1
660417,1
660419,1
660422,1
660434,1
660443,1
660449,2
660452,2
660465,1
660468,2
660474,2
660479,1
660482,1
660487,2
660490,1
660496,1
660503,1
660507,1
660511,1
660513,1
660525,1
660528,2
660533,1
660535,1
660540,1
660545,2
660549,1
660566,1
660573,1
660583,1
660585,1
660588,1
660594,1
660619,1
660624,2
660629,1
660634,1
660640,2
660650,1
660657,1
660659,1
660664,1
660668,1
660679,2
660685,1
660689,1
660692,2
660697,1
660700,1
660718,1
660722,1
660725,1
660729,1
660738,1
660747,1
660752,1
660754,1
660760,1
660764,1
660767,1
660770,1
660773,1
660779,2
660783,1
660794,2
660797,2
660802,2
660807,1
660813,1
660816,1
660821,2
660830,2
660834,2
660838,1
660842,1
660851,1
660859,1
660866,1
660884,4
660886,1
660893,1
660897,1
660900,1
660906,1
660910,2
660913,2
660917,1
660922,2
660951,1
660956,2
660959,1
660964,1
660986,1
661001,1
661009,1
661016,1
661021,1
661023,1
661025,1
661031,1
661040,1
661045,2
661051,1
661065,1
661082,1
661090,1
661102,1
661119,1
661136,2
661155,1
661160,1
661166,1
661170,1
661172,1
661174,1
661177,1
661183,2
661195,1
661197,1
661201,1
661212,1
661220,2
661231,2
661237,1
661246,2
661251,1
661263,1
661268,2
661271,1
661277,2
661300,1
661314,1
661319,2
661329,2
661331,1
661334,1
661344,1
661352,1
661359,1
661363,1
661375,2
661383,1
661392,1
661405,1
661407,1
661412,1
661418,1
661421,1
661432,1
661434,1
661437,2
661440,1
661456,1
661461,2
661469,2
661472,1
661477,1
661484,1
661487,2
661489,1
661492,1
661496,1
661502,1
661521,1
661534,1
661538,1
661544,2
661550,1
661553,1
661569,1
661575,2
661580,2
661590,1
661594,1
661596,1
661605,1
661609,1
661614,2
661624,1
661627,1
661634,1
661638,1
661640,1
661644,1
661648,1
661654,1
661663,2
661673,2
661675,1
661681,1
661684,1
661687,1
661696,1
661701,1
661707,1
661710,1
661712,1
661715,1
661721,2
661730,1
661739,1
661743,1
661753,1
661756,1
661760,1
661763,1
661772,2
661790,2
661798,1
661800,1
661809,2
661816,1
661827,1
661836,1
661841,2
661845,1
661850,1
661855,1
661869,1
661873,1
661875,1
661890,1
661894,2
661902,2
661908,2
661933,2
661939,1
661941,1
661952,1
661965,2
661969,1
661977,2
661986,1
661988,1
661999,1
662001,1
662009,1
662019,2
662024,1
662031,1
662038,2
662055,1
662057,1
662060,2
662074,2
662081,1
662084,2
662086,1
662090,1
662106,1
662120,1
662123,1
662130,1
662137,1
662142,1
662148,1
662156,1
662162,2
662175,2
662178,1
662184,1
662193,2
662198,2
662208,1
662210,1
662220,2
662226,1
662238,2
662240,1
662247,3
662263,1
662268,1
662276,1
662281,1
662289,1
662294,1
662302,1
662305,1
662308,1
662311,1
662319,1
662322,1
662330,1
662342,2
662345,2
662349,1
662356,1
662367,1
662381,2
662384,1
662392,2
662407,2
662412,1
662417,1
662419,1
662432,1
662435,1
662438,1
662448,1
662451,1
662454,1
662458,1
662463,1
662465,1
662483,2
662488,1
662494,2
662498,1
662510,1
662523,1
662536,1
662538,1
662546,1
662549,1
662551,1
662559,1
662568,1
662576,2
662587,2
662589,1
662603,1
662616,1
662637,2
662642,1
662646,2
662649,2
662666,1
662675,1
662681,1
662685,1
662695,2
662697,1
662705,1
662709,1
662716,2
662724,2
662728,1
662731,1
662736,1
662745,1
662757,2
662765,1
662779,1
662783,1
662785,1
662787,1
662791,1
662807,1
662810,1
662815,1
662817,1
662820,2
662825,1
662830,1
662848,2
662863,1
662866,1
662873,2
662876,1
662879,1
662882,1
662885,1
662903,1
662910,1
662935,1
662937,1
662941,2
662954,1
662968,1
662976,1
662984,1
662987,1
662993,1
663007,2
663023,1
663027,2
663031,2
663038,1
663042,2
663046,1
663048,1
663057,2
663064,1
663079,1
663082,1
663085,1
663087,1
663096,1
663099,1
663101,1
663108,1
663115,1
663120,1
663123,1
663126,1
663133,2
663135,1
663137,1
663145,1
663148,1
663152,1
663163,1
663167,1
663169,1
663171,1
663175,1
663177,1
663181,2
663186,1
663189,2
663196,1
663226,1
663229,1
663243,1
663252,1
663258,1
663261,2
663269,2
663271,1
663283,1
663288,1
663290,1
663293,1
663296,1
663299,1
663302,2
663322,1
663326,1
663329,1
663331,1
663344,2
663349,1
663353,1
663358,1
663364,1
663381,1
663383,1
663390,1
663397,1
663410,1
663420,1
663427,1
663430,1
663433,1
663448,2
663451,2
663454,2
663459,2
663462,1
663470,1
663483,1
663486,1
663488,1
663490,1
663494,1
663513,2
663522,1
663535,1
663541,1
663553,2
663557,1
663565,1
663573,2
663584,1
663587,1
663597,2
663600,1
663605,2
663616,2
663623,1
663626,1
663630,1
663643,1
663649,2
663659,1
663672,1
663674,1
663677,1
663693,1
663698,2
663701,1
663704,2
663706,1
663713,2
663719,1
663724,2
663733,1
663742,3
663753,1
663757,2
663767,1
663769,1
663777,1
663789,1
663803,1
663810,2
663817,1
663829,1
663836,1
663839,1
663844,1
663848,1
663851,1
663862,2
663866,3
663882,2
663884,1
663890,1
663897,2
663912,1
663916,2
663927,1
663933,1
663936,2
663952,1
663965,1
663972,1
663979,1
663988,2
664005,1
664012,1
664021,1
664025,2
664031,1
664039,1
664045,1
664068,1
664102,1
664104,1
664107,2
664109,1
664128,1
664138,1
664140,1
664152,1
664155,1
664160,2
664174,1
664178,1
664186,1
664206,1
664219,1
664224,1
664230,1
664241,1
664244,2
664246,1
664255,2
664260,1
664264,2
664272,1
664286,1
664288,1
664291,1
664295,1
664298,1
664307,1
664313,1
664317,1
664328,1
664341,1
664356,1
664358,1
664360,1
664368,1
664373,2
664386,2
664392,1
664400,1
664411,2
664416,1
664421,1
664431,1
664436,1
664443,1
664446,1
664450,2
664456,2
664464,1
664486,1
664499,1
664501,1
664511,1
664513,1
664525,1
664532,2
664535,1
664537,1
664539,1
664544,2
664547,2
664555,1
664568,1
664575,1
664581,1
664590,2
664592,1
664604,2
664607,1
664620,1
664625,1
664627,1
664638,1
664647,1
664661,1
664669,1
664678,2
664690,2
664694,2
664697,1
664715,1
664721,2
664724,2
664745,2
664751,1
664764,1
664774,1
664776,1
664798,2
664805,1
664812,1
664814,1
664824,1
664829,1
664833,1
664835,1
664845,2
664855,2
664862,1
664867,2
664870,1
664880,1
664885,1
664891,1
664898,1
664902,1
664906,2
664912,1
664920,2
664931,1
664936,1
664944,1
664962,2
664966,1
664978,1
664983,2
664992,1
664997,1
665018,1
665047,1
665055,1
665058,1
665072,1
665076,1
665079,1
665084,1
665087,1
665092,2
665102,2
665105,1
665111,1
665114,1
665122,1
665125,2
665131,1
665135,1
665142,1
665148,2
665162,1
665171,1
665174,1
665180,1
665184,1
665191,1
665195,2
665207,1
665210,2
665218,1
665235,1
665240,1
665242,1
665249,1
665253,2
665260,1
665268,1
665272,1
665275,1
665286,1
665289,1
665300,1
665308,2
665312,1
665315,1
665318,1
665324,1
665331,1
665340,2
665344,1
665349,1
665351,1
665367,1
665375,2
665381,1
665385,1
665387,1
665392,2
665397,1
665401,1
665404,1
665411,1
665415,1
665420,1
665439,1
665448,1
665454,1
665458,1
665462,1
665467,2
665472,1
665475,1
665506,1
665518,1
665527,2
665530,2
665533,2
665538,1
665541,1
665547,1
665549,1
665551,1
665554,2
665560,1
665570,1
665577,1
665584,1
665590,1
665595,1
665606,1
665608,1
665621,1
665625,1
665631,3
665644,1
665657,2
665660,2
665666,1
665670,1
665677,1
665680,1
665690,1
665696,1
665701,1
665703,1
665712,2
665718,1
665724,1
665727,1
665729,1
665734,2
665743,2
665745,1
665757,2
665760,1
665764,1
665768,1
665770,1
665775,2
665780,1
665784,1
665787,1
665792,1
665797,1
665799,1
665806,2
665810,1
665814,1
665816,1
665823,1
665829,2
665833,1
665844,2
665851,2
665854,1
665866,2
665870,1
665876,2
665889,1
665894,1
665914,1
665919,2
665922,2
665933,1
665936,1
665939,1
665942,1
665954,1
665956,1
665958,1
665967,1
665973,1
665981,2
665984,1
665989,2
665993,1
666003,1
666032,1
666037,1
666046,1
666059,1
666064,1
666073,1
666075,1
666097,1
666100,2
666103,2
666110,1
666113,2
666119,1
666121,1
666125,1
666128,2
666139,1
666145,3
666147,1
666150,2
666154,1
666160,3
666163,1
666167,1
666172,2
666176,1
666179,1
666184,2
666190,2
666194,1
666200,1
666208,1
666212,1
666215,1
666217,1
666221,1
666230,2
666238,1
666240,1
666250,1
666260,1
666265,1
666269,1
666272,1
666277,1
666280,1
666284,2
666290,1
666294,1
666300,2
666306,1
666310,1
666334,1
666339,1
666342,1
666348,2
666351,1
666357,3
666374,1
666377,1
666383,2
666389,1
666406,1
666410,2
666419,1
666423,1
666430,2
666446,1
666457,1
666460,1
666463,2
666468,1
666470,1
666488,1
666494,1
666500,2
666509,1
666521,1
666524,2
666530,1
666553,1
666555,1
666559,1
666563,1
666573,2
666576,1
666586,2
666590,1
666594,1
666597,1
666603,1
666609,1
666623,1
666626,1
666632,2
666635,1
666637,1
666641,1
666648,1
666653,1
666656,2
666662,1
666666,1
666673,3
666676,1
666679,1
666683,1
666686,1
666688,1
666694,1
666704,1
666713,1
666731,1
666739,1
666744,2
666753,1
666766,1
666772,1
666780,2
666789,1
666792,1
666797,2
666802,2
666804,1
666809,1
666814,2
666820,1
666827,1
666834,1
666837,2
666846,1
666850,1
666858,1
666868,1
666882,2
666888,2
666902,1
666911,1
666925,1
666930,1
666936,1
666940,1
666945,1
666951,1
666960,2
666967,1
666970,2
666973,1
666975,1
666978,2
666984,1
666989,1
667009,1
667016,1
667020,2
667029,1
667035,2
667037,1
667041,2
667044,1
667049,1
667051,1
667060,1
667077,1
667080,1
667089,2
667101,1
667112,1
667116,2
667118,1
667120,1
667125,1
667132,1
667134,1
667136,1
667142,1
667150,2
667157,1
667168,1
667174,1
667178,1
667183,1
667185,1
667191,1
667203,1
667212,1
667215,2
667252,1
667270,1
667275,1
667285,1
667288,1
667291,2
667294,2
667299,1
667303,1
667314,1
667316,1
667327,1
667338,1
667342,1
667347,1
667349,1
667353,1
667357,2
667364,1
667377,1
667379,1
667381,1
667396,1
667400,1
667406,1
667409,1
667415,1
667420,1
667424,1
667426,1
667437,1
667439,1
667441,1
667444,1
667448,1
667459,1
667462,1
667468,1
667472,1
667480,2
667483,2
667486,1
667501,1
667514,2
667520,1
667525,1
667542,1
667554,1
667561,2
667568,1
667578,2
667589,1
667596,1
667598,1
667621,1
667623,1
667631,2
667638,1
667657,1
667661,1
667667,2
667674,1
667683,2
667686,2
667689,1
667691,1
667697,1
667702,1
667707,2
667712,1
667719,1
667724,2
667731,1
667735,1
667738,1
667745,1
667749,1
667755,2
667757,1
667768,1
667777,2
667781,1
667784,2
667802,1
667805,1
667818,2
667821,1
667824,1
667831,2
667839,1
667854,2
667860,1
667881,2
667886,1
667891,2
667897,2
667918,1
667926,1
667933,2
667956,1
667966,1
667998,1
668001,1
668018,1
668022,2
668044,1
668046,1
668049,1
668052,1
668058,2
668067,1
668070,1
668075,1
668077,1
668088,1
668096,1
668106,1
668120,1
668123,1
668126,2
668132,1
668145,1
668147,1
668151,1
668154,1
668156,1
668163,1
668166,1
668169,1
668171,1
668176,1
668183,2
668188,1
668199,1
668213,1
668215,1
668217,1
668223,1
668262,1
668265,1
668271,1
668276,1
668280,1
668290,1
668301,1
668311,1
668323,1
668333,2
668340,1
668343,1
668351,2
668356,1
668360,1
668369,2
668372,1
668383,1
668385,1
668400,1
668403,1
668405,1
668411,1
668414,2
668420,1
668427,1
668434,1
668438,1
668448,1
668450,1
668453,1
668462,1
668465,1
668468,2
668474,1
668481,1
668488,1
668492,1
668500,1
668503,1
668509,1
668513,1
668515,1
668523,2
668533,1
668557,3
668559,1
668566,1
668573,2
668585,1
668587,1
668590,1
668592,1
668595,1
668599,1
668610,1
668615,2
668623,1
668630,1
668635,1
668640,1
668642,1
668645,2
668650,1
668659,1
668662,1
668675,1
668683,2
668685,1
668692,1
668701,1
668705,1
668712,1
668717,3
668721,2
668723,1
668728,2
668730,1
668735,1
668749,1
668756,2
668760,1
668765,1
668768,1
668775,3
668781,1
668789,1
668791,1
668796,1
668801,2
668803,1
668806,1
668814,1
668817,1
668823,1
668827,2
668830,1
668841,1
668846,1
668864,1
668877,1
668884,2
668899,1
668908,1
668915,1
668925,2
668933,1
668939,3
668950,1
668953,2
668957,1
668970,1
668980,1
668984,1
669012,1
669015,2
669017,1
669026,1
669033,2
669050,1
669052,1
669060,2
669067,2
669070,1
669073,2
669081,1
669084,1
669090,1
669104,1
669111,1
669113,1
669124,1
669128,1
669134,1
669136,1
669146,1
669151,1
669162,1
669196,1
669199,2
669204,1
669209,1
669214,1
669220,2
669224,1
669228,1
669237,1
669243,1
669255,1
669265,2
669268,1
669289,1
669294,1
669297,1
669299,1
669306,1
669309,2
669311,1
669316,1
669321,1
669323,1
669329,1
669331,1
669334,1
669338,2
669340,1
669348,1
669353,2
669357,1
669359,1
669367,2
669376,1
669384,2
669393,1
669397,1
669408,1
669410,1
669423,2
669432,1
669443,1
669448,1
669455,1
669459,1
669463,1
669470,2
669485,1
669487,1
669504,2
669512,1
669515,1
669521,1
669531,1
669543,1
669548,2
669557,2
669561,1
669568,2
669573,2
669582,1
669586,1
669591,1
669606,1
669611,1
669618,1
669622,1
669639,1
669659,2
669676,1
669683,1
669686,1
669690,1
669695,2
669698,2
669700,1
669706,1
669709,1
669712,1
669716,1
669721,2
669727,2
669730,2
669737,1
669740,1
669744,1
669747,1
669749,1
669758,1
669766,2
669769,2
669787,2
669790,1
669794,1
669796,1
669801,2
669806,1
669808,1
669816,1
669818,1
669825,1
669830,1
669835,2
669839,1
669841,1
669844,2
669850,1
669855,1
669860,1
669862,1
669880,2
669887,1
669893,1
669895,1
669899,1
669907,1
669915,1
669919,1
669930,1
669934,3
669941,1
669947,2
669956,1
669960,2
669962,1
669967,2
669970,1
669976,1
669984,2
669992,2
670000,1
670008,1
670033,1
670039,2
670046,3
670058,2
670063,2
670072,1
670084,1
670096,1
670126,1
670132,3
670136,1
670141,1
670154,1
670160,1
670180,2
670185,1
670195,1
670200,1
670209,1
670212,1
670225,2
670232,1
670239,2
670241,1
670246,1
670248,1
670253,1
670260,1
670278,1
670282,2
670294,1
670296,1
670301,1
670311,1
670339,1
670344,1
670354,1
670362,1
670379,1
670389,2
670410,1
670419,2
670426,1
670432,1
670436,1
670445,1
670449,1
670453,1
670460,2
670465,2
670473,2
670477,1
670482,1
670499,1
670501,1
670515,1
670518,1
670524,1
670539,1
670541,1
670546,1
670550,1
670555,1
670561,1
670573,1
670578,1
670588,1
670590,1
670592,1
670605,1
670614,1
670625,1
670633,1
670638,1
670648,1
670653,1
670665,1
670671,1
670677,1
670700,1
670719,2
670722,2
670725,1
670729,1
670731,1
670742,1
670750,1
670757,1
670764,1
670770,2
670780,1
670784,1
670789,1
670796,2
670801,1
670803,1
670807,1
670810,1
670816,1
670846,1
670855,2
670858,2
670864,1
670876,1
670879,1
670884,1
670887,2
670895,1
670905,1
670921,1
670927,1
670942,2
670946,2
670951,1
670954,2
670958,1
670960,1
670964,1
670970,3
670973,1
670983,1
671009,2
671018,1
671028,1
671040,1
671043,1
671045,1
671073,1
671080,1
671088,1
671090,1
671093,1
671097,1
671106,1
671122,2
671145,1
671151,1
671153,1
671155,1
671161,1
671168,2
671172,2
671184,2
671188,1
671192,2
671196,2
671200,1
671202,1
671211,1
671218,1
671230,1
671234,2
671236,1
671244,1
671251,1
671258,1
671261,1
671264,1
671266,1
671269,1
671271,1
671278,1
671283,1
671285,1
671288,1
671290,1
671295,2
671301,1
671303,1
671310,2
671313,1
671317,1
671322,2
671328,1
671334,1
671336,1
671338,1
671341,1
671348,1
671361,1
671364,1
671366,1
671371,1
671374,1
671377,2
671386,1
671391,1
671394,1
671396,1
671398,1
671402,1
671413,1
671419,2
671422,1
671428,1
671431,1
671435,1
671437,1
671439,1
671441,1
671446,1
671449,2
671452,1
671454,1
671459,2
671462,1
671469,1
671472,2
671475,1
671481,1
671485,1
671487,1
671494,2
671502,2
671505,1
671519,1
671532,1
671539,1
671548,1
671551,2
671562,1
671566,1
671569,1
671576,1
671601,1
671606,1
671613,1
671615,1
671618,1
671626,1
671631,1
671634,1
671636,1
671646,2
671651,1
671654,1
671662,1
671668,1
671673,1
671678,1
671681,2
671699,1
671711,2
671718,2
671727,1
671730,1
671734,2
671745,1
671749,1
671752,1
671762,1
671765,1
671771,1
671777,1
671783,1
671787,2
671789,1
671791,1
671794,2
671797,1
671806,1
671810,1
671814,2
671828,1
671846,2
671849,1
671854,2
671856,1
671865,2
671867,1
671875,2
671884,2
671890,2
671907,1
671914,1
671919,1
671923,1
671942,1
671953,1
671961,1
671966,1
671975,1
671981,1
671987,2
671991,1
671994,1
672002,2
672005,2
672020,1
672030,1
672032,1
672036,1
672051,1
672060,1
672070,2
672076,1
672082,1
672086,1
672090,2
672093,1
672098,1
672100,1
672111,2
672114,1
672125,2
672127,1
672133,1
672136,1
672142,1
672153,1
672159,2
672161,1
672169,1
672175,1
672185,3
672197,1
672200,1
672203,1
672210,1
672217,2
672228,1
672231,2
672237,1
672244,1
672252,1
672257,1
672263,1
672265,1
672274,1
672278,1
672285,1
672288,2
672295,2
672299,1
672309,1
672313,1
672331,1
672333,1
672337,1
672344,1
672353,1
672362,2
672367,1
672370,1
672375,2
672384,1
672390,2
672392,1
672397,1
672404,2
672415,2
672432,1
672442,1
672446,2
672458,1
672466,2
672482,1
672497,1
672515,1
672518,1
672522,1
672546,1
672560,1
672572,1
672574,1
672582,1
672586,1
672591,1
672599,2
672604,1
672607,1
672613,1
672619,1
672628,1
672630,1
672640,1
672649,1
672655,1
672662,1
672667,1
672673,1
672676,1
672678,1
672682,1
672693,3
672699,1
672702,2
672709,1
672724,1
672727,1
672729,1
672731,1
672735,1
672745,2
672747,1
672754,1
672763,1
672768,1
672772,1
672775,2
672785,1
672799,1
672801,1
672807,1
672814,2
672819,1
672823,2
672827,2
672835,1
672842,1
672850,1
672855,1
672857,1
672869,2
672883,1
672893,1
672904,2
672919,1
672923,1
672928,2
672943,1
672968,2
672979,1
673001,2
673005,1
673007,1
673013,1
673016,1
673020,1
673022,1
673024,1
673028,1
673033,2
673037,1
673043,1
673048,2
673052,1
673060,1
673062,1
673064,1
673071,1
673079,2
673083,1
673097,1
673100,1
673102,1
673109,1
673114,1
673117,1
673124,2
673133,2
673138,1
673148,1
673152,1
673156,1
673164,1
673170,1
673174,2
673183,1
673186,2
673194,1
673196,1
673205,1
673220,2
673223,1
673233,1
673244,1
673247,2
673249,1
673254,1
673257,1
673266,2
673269,1
673271,1
673275,2
673290,1
673295,1
673299,1
673305,2
673310,1
673324,1
673333,1
673335,1
673347,1
673351,1
673355,2
673366,1
673373,1
673377,1
673384,1
673396,2
673412,1
673419,1
673425,1
673431,1
673437,1
673441,1
673450,1
673458,1
673463,2
673477,1
673488,1
673492,1
673495,2
673498,2
673503,2
673512,2
673518,1
673530,1
673533,2
673537,2
673544,1
673547,1
673549,1
673553,1
673557,2
673559,1
673564,2
673578,1
673582,1
673586,2
673589,1
673594,1
673599,1
673603,2
673614,2
673624,1
673629,1
673636,2
673639,1
673658,1
673669,1
673675,1
673680,1
673682,1
673687,2
673702,1
673709,1
673712,2
673736,1
673747,1
673749,1
673762,1
673769,2
673781,1
673787,1
673789,1
673791,1
673805,1
673821,1
673826,1
673830,2
673840,2
673846,2
673853,2
673858,1
673861,1
673866,1
673868,1
673871,1
673874,1
673878,2
673882,1
673898,2
673902,1
673909,4
673914,1
673927,1
673933,1
673941,1
673944,1
673958,2
673966,1
673983,1
673985,1
673988,1
673991,1
673998,1
674000,1
674011,2
674020,3
674026,1
674030,2
674039,1
674044,1
674061,2
674066,1
674074,2
674083,1
674086,1
674098,1
674100,1
674104,1
674110,1
674114,2
674123,1
674125,1
674129,1
674133,1
674139,2
674151,1
674153,1
674157,1
674160,1
674171,1
674174,2
674179,1
674184,1
674188,1
674202,1
674205,2
674208,1
674213,1
674221,1
674231,2
674234,1
674240,1
674245,1
674248,1
674252,3
674260,1
674267,1
674269,1
674272,1
674278,2
674291,1
674317,1
674320,1
674325,3
674330,1
674336,1
674338,1
674340,1
674344,1
674348,1
674351,2
674357,2
674365,1
674372,1
674376,1
674379,1
674385,1
674391,1
674394,1
674403,2
674415,1
674420,1
674431,1
674436,1
674455,1
674464,2
674472,1
674477,1
674490,2
674509,1
674511,1
674516,1
674521,1
674525,1
674539,1
674545,2
674548,1
674555,2
674561,2
674569,1
674592,2
674603,1
674607,3
674615,2
674618,1
674623,1
674632,1
674640,1
674644,1
674646,1
674649,1
674657,2
674661,1
674667,2
674669,1
674694,1
674707,1
674716,1
674724,1
674727,1
674732,2
674737,1
674739,1
674742,1
674757,1
674760,1
674763,1
674769,2
674779,1
674786,1
674790,1
674809,2
674811,1
674815,1
674820,1
674829,1
674837,1
674856,1
674862,1
674865,1
674872,1
674879,3
674888,1
674892,2
674897,2
674900,2
674904,1
674907,2
674914,1
674918,1
674923,2
674931,1
674935,1
674950,1
674954,1
674960,1
674963,1
674967,1
674977,1
674987,1
674992,1
674997,1
674999,1
675003,2
675006,2
675022,1
675033,1
675035,1
675041,2
675053,1
675056,1
675072,2
675077,1
675083,2
675087,1
675092,1
675098,1
675113,1
675116,1
675119,1
675126,1
675149,2
675157,2
675160,2
675164,1
675170,1
675176,1
675178,1
675194,2
675198,1
675203,2
675210,1
675216,2
675218,1
675227,1
675229,1
675235,2
675238,1
675241,1
675245,1
675247,1
675253,1
675261,2
675269,1
675277,2
675284,1
675293,2
675306,1
675312,1
675322,4
675336,1
675343,1
675346,1
675349,1
675362,2
675370,1
675374,1
675377,2
675381,1
675383,1
675386,1
675388,1
675392,1
675394,1
675397,1
675405,1
675407,1
675422,1
675438,2
675440,1
675466,1
675483,1
675486,1
675497,2
675505,1
675515,1
675520,1
675525,1
675531,1
675538,1
675543,1
675547,1
675552,1
675556,1
675559,2
675564,1
675567,1
675576,1
675579,2
675585,1
675589,1
675595,1
675598,1
675604,1
675606,1
675619,1
675622,1
675630,1
675641,3
675655,1
675661,1
675676,1
675681,2
675686,1
675688,1
675690,1
675710,1
675714,2
675718,1
675722,1
675731,1
675742,1
675745,1
675751,3
675759,2
675761,1
675766,1
675783,1
675788,2
675793,1
675803,1
675805,1
675811,1
675814,1
675823,1
675828,1
675834,1
675838,2
675843,1
675852,1
675856,2
675872,1
675876,1
675884,1
675886,1
675890,1
675892,1
675894,1
675896,1
675900,2
675914,1
675924,1
675927,1
675940,2
675947,2
675949,1
675957,1
675961,1
675969,1
675972,1
675982,1
675990,1
675992,1
676001,1
676003,1
676007,1
676013,1
676022,1
676026,1
676036,1
676046,1
676048,1
676055,1
676070,1
676078,1
676081,1
676088,1
676091,1
676095,1
676100,2
676102,1
676115,1
676123,1
676125,1
676138,2
676147,1
676150,2
676152,1
676157,1
676165,1
676172,1
676178,1
676184,2
676187,2
676190,1
676192,1
676195,1
676197,1
676200,1
676202,1
676209,1
676229,1
676239,1
676246,1
676249,2
676254,1
676256,1
676258,1
676271,2
676275,1
676279,1
676284,1
676287,1
676292,1
676295,2
676308,1
676321,1
676326,2
676330,1
676333,1
676343,1
676348,1
676354,2
676356,1
676365,1
676370,1
676375,1
676385,2
676388,2
676392,1
676404,1
676406,1
676412,2
676418,1
676420,1
676422,1
676435,1
676450,1
676456,1
676458,1
676461,1
676463,1
676467,1
676476,2
676479,2
676486,2
676489,1
676495,3
676520,2
676526,2
676539,1
676541,1
676544,1
676559,1
676565,1
676568,1
676572,1
676581,2
676600,1
676602,1
676608,2
676614,1
676618,1
676626,1
676633,1
676638,2
676644,1
676648,1
676650,1
676660,2
676672,1
676675,1
676683,2
676685,1
676691,1
676698,2
676701,2
676705,1
676709,1
676713,2
676722,1
676732,2
676735,1
676737,1
676740,1
676746,2
676748,1
676755,2
676758,1
676768,1
676770,1
676774,1
676777,1
676788,1
676792,1
676803,1
676809,1
676814,1
676831,1
676842,1
676845,1
676850,1
676863,1
676876,2
676881,1
676892,2
676895,1
676897,1
676902,1
676910,1
676924,2
676928,1
676942,1
676947,1
676950,1
676956,2
676965,1
676972,1
676977,1
676984,1
676987,2
677002,1
677004,1
677007,1
677010,1
677015,2
677020,1
677024,1
677027,1
677034,1
677046,2
677052,1
677054,1
677069,1
677074,2
677078,1
677089,1
677093,1
677096,2
677098,1
677106,1
677111,1
677114,1
677124,1
677127,1
677129,1
677132,1
677152,1
677159,1
677168,1
677171,1
677184,2
677193,1
677195,1
677198,1
677200,1
677203,1
677210,1
677222,1
677227,1
677235,1
677255,1
677261,1
677271,2
677275,2
677280,1
677292,1
677295,1
677298,2
677301,1
677310,1
677319,2
677324,1
677338,1
677343,1
677349,1
677353,1
677361,1
677363,1
677368,2
677370,1
677373,1
677379,2
677383,1
677389,1
677394,1
677398,1
677404,1
677409,1
677412,1
677419,1
677423,2
677438,1
677442,1
677453,1
677455,1
677462,2
677469,1
677477,1
677480,2
677493,1
677498,1
677502,1
677510,2
677514,1
677529,2
677536,1
677540,1
677545,2
677549,1
677561,1
677564,2
677566,1
677568,1
677572,1
677579,2
677584,1
677587,1
677589,1
677594,1
677598,1
677601,1
677609,1
677613,1
677618,1
677623,1
677642,1
677645,1
677648,1
677650,1
677655,2
677663,1
677684,1
677710,2
677723,1
677728,1
677738,1
677753,2
677767,1
677786,1
677788,1
677792,1
677803,1
677805,1
677808,1
677812,2
677815,1
677824,2
677829,1
677841,1
677844,1
677852,2
677872,1
677876,1
677895,2
677897,1
677900,1
677905,1
677918,1
677922,1
677937,1
677956,2
677965,1
677971,1
677976,1
677987,1
678000,1
678004,1
678015,1
678018,2
678029,1
678031,1
678036,1
678054,1
678059,1
678063,1
678065,1
678075,1
678095,1
678100,1
678107,1
678113,1
678116,2
678134,1
678151,2
678155,1
678164,4
678171,1
678174,2
678193,1
678199,1
678202,1
678218,1
678222,1
678236,1
678246,2
678251,1
678256,1
678259,1
678262,1
678272,2
678275,1
678279,1
678289,1
678295,1
678297,1
678302,1
678304,1
678306,1
678309,1
678324,2
678329,1
678333,1
678335,1
678339,3
678347,1
678354,2
678356,1
678359,1
678363,1
678367,1
678370,1
678372,1
678376,1
678378,1
678383,1
678386,1
678395,2
678399,1
678403,2
678406,1
678410,1
678413,2
678416,2
678420,2
678422,1
678426,1
678428,1
678432,1
678442,2
678454,2
678470,1
678483,2
678492,1
678498,1
678500,1
678505,1
678511,1
678534,1
678536,1
678544,1
678547,2
678550,2
678560,1
678572,1
678580,1
678584,1
678593,1
678601,1
678608,1
678614,1
678616,1
678618,1
678621,1
678623,1
678630,1
678634,3
678638,1
678649,1
678654,1
678658,1
678662,1
678666,1
678670,2
678679,1
678682,1
678684,1
678688,1
678690,1
678702,1
678713,2
678715,1
678727,2
678748,1
678752,1
678759,2
678775,2
678777,1
678781,1
678785,1
678789,1
678793,1
678805,1
678815,2
678836,1
678839,2
678846,1
678852,2
678855,1
678867,1
678869,1
678875,1
678877,1
678883,2
678889,1
678905,1
678909,1
678914,1
678916,1
678918,1
678925,1
678927,1
678932,1
678941,1
678944,1
678948,1
678965,1
678970,1
678973,2
678981,1
678983,1
678990,3
679004,1
679009,1
679018,1
679024,2
679027,2
679039,1
679051,1
679053,1
679058,2
679067,2
679075,2
679077,1
679081,1
679084,1
679095,1
679106,1
679118,2
679122,1
679125,1
679130,1
679145,1
679150,1
679155,2
679159,1
679162,2
679170,1
679172,1
679175,2
679177,1
679185,1
679208,2
679213,1
679215,1
679220,1
679227,2
679231,1
679235,2
679240,1
679251,2
679257,1
679267,1
679269,1
679276,1
679278,1
679300,1
679303,1
679306,1
679309,1
679316,2
679329,1
679343,2
679346,2
679352,1
679354,1
679362,2
679365,1
679388,2
679398,1
679402,1
679414,2
679416,1
679424,1
679430,1
679436,1
679442,2
679465,2
679471,1
679473,1
679477,2
679484,1
679488,2
679494,1
679505,2
679509,1
679520,3
679523,1
679533,1
679546,1
679558,1
679560,1
679571,1
679577,1
679585,1
679591,1
679597,2
679602,1
679604,1
679611,1
679614,2
679620,1
679622,1
679640,1
679642,1
679652,1
679660,1
679663,1
679666,1
679674,1
679677,1
679680,1
679686,1
679689,1
679700,1
679703,1
679724,1
679726,1
679730,2
679747,1
679758,2
679765,1
679768,2
679771,1
679774,1
679777,1
679779,1
679789,1
679791,1
679796,1
679799,1
679803,1
679805,1
679807,1
679822,1
679826,1
679833,1
679847,1
679867,1
679874,1
679894,1
679901,1
679916,1
679924,1
679934,1
679938,2
679950,1
679959,1
679982,1
679988,2
679998,1
680005,1
680008,2
680010,1
680020,2
680025,1
680038,1
680047,1
680059,1
680062,1
680066,1
680068,1
680081,2
680085,2
680088,1
680092,1
680109,1
680114,1
680118,1
680121,2
680123,1
680133,1
680137,1
680150,1
680156,1
680164,1
680171,2
680176,1
680181,1
680184,2
680187,1
680196,1
680209,1
680211,1
680221,1
680229,2
680245,1
680247,1
680255,1
680262,2
680267,1
680273,2
680275,1
680286,2
680290,1
680296,2
680304,1
680309,1
680311,1
680315,1
680317,1
680319,1
680324,2
680340,2
680346,1
680348,1
680353,2
680364,2
680369,1
680371,1
680376,2
680388,1
680393,1
680408,1
680413,2
680416,1
680418,1
680427,2
680439,1
680442,1
680455,1
680480,1
680484,2
680486,1
680489,1
680494,1
680499,1
680511,1
680528,1
680530,1
680533,1
680536,1
680542,2
680548,1
680552,1
680560,1
680567,1
680569,1
680572,1
680575,1
680578,1
680583,1
680591,1
680597,1
680614,1
680625,1
680629,1
680635,1
680639,2
680653,2
680659,1
680667,1
680692,1
680696,1
680711,1
680718,2
680721,1
680730,1
680737,1
680745,1
680750,1
680761,1
680767,1
680777,1
680779,1
680786,1
680789,2
680791,1
680815,2
680820,1
680824,1
680828,2
680830,1
680838,2
680841,1
680851,1
680860,1
680863,1
680867,1
680870,1
680873,1
680879,1
680893,3
680897,1
680901,2
680906,1
680914,2
680931,1
680939,2
680944,1
680953,1
680956,1
680961,2
680963,1
680965,1
680968,2
680972,1
680977,2
680980,1
680983,1
680985,1
680994,1
680996,1
681008,2
681010,1
681031,2
681034,2
681036,1
681039,1
681043,1
681046,1
681058,1
681065,1
681069,1
681077,1
681089,2
681091,1
681096,1
681104,1
681106,1
681110,1
681114,1
681133,1
681136,1
681140,1
681142,1
681152,2
681160,1
681162,1
681167,1
681175,2
681179,1
681187,2
681189,1
681192,1
681200,2
681206,2
681208,1
681213,1
681218,1
681227,1
681230,1
681232,1
681253,1
681259,1
681262,1
681265,1
681270,2
681272,1
681276,1
681282,1
681286,2
681289,1
681292,1
681298,1
681305,1
681313,2
681335,2
681337,1
681345,1
681350,2
681354,1
681377,1
681381,1
681388,1
681394,1
681398,1
681401,1
681407,2
681410,2
681415,1
681426,1
681428,1
681431,2
681435,1
681437,1
681440,1
681447,1
681452,2
681454,1
681457,1
681477,2
681488,1
681495,2
681505,1
681512,1
681554,1
681565,1
681567,1
681579,1
681581,1
681587,1
681590,1
681595,1
681597,1
681602,2
681605,1
681612,2
681618,1
681624,1
681626,1
681628,1
681632,1
681644,1
681669,1
681677,2
681687,1
681693,1
681701,2
681706,2
681712,1
681717,2
681719,1
681723,1
681728,1
681731,1
681735,1
681742,1
681744,1
681752,1
681759,1
681774,1
681777,1
681785,1
681792,3
681794,1
681799,1
681804,1
681806,1
681813,1
681820,1
681829,1
681852,1
681854,1
681872,2
681875,2
681878,1
681897,1
681904,2
681923,1
681937,1
681944,1
681954,2
681959,1
681962,1
681971,1
681979,1
681988,1
682003,1
682010,2
682025,1
682030,1
682038,1
682042,1
682058,1
682060,1
682071,2
682088,2
682090,1
682112,1
682118,1
682121,2
682123,1
682131,1
682137,2
682141,1
682148,1
682158,2
682160,1
682163,1
682172,1
682180,2
682182,1
682184,1
682189,1
682194,2
682210,1
682215,1
682220,1
682223,1
682227,1
682230,1
682242,1
682244,1
682252,1
682258,1
682263,1
682265,1
682268,1
682271,1
682274,1
682277,1
682282,1
682284,1
682286,1
682297,1
682303,3
682305,1
682313,2
682321,1
682329,1
682333,2
682346,1
682354,1
682363,1
682365,1
682367,1
682374,1
682377,1
682383,1
682387,1
682390,2
682395,1
682403,2
682406,2
682414,2
682420,1
682425,1
682429,1
682432,1
682435,2
682438,1
682440,1
682444,1
682448,2
682454,1
682460,1
682465,1
682473,1
682484,1
682488,1
682497,2
682501,1
682511,1
682522,2
682532,1
682535,1
682540,2
682543,1
682546,1
682552,2
682562,1
682576,1
682581,1
682583,1
682585,1
682587,1
682610,1
682622,1
682629,1
682631,1
682637,1
682641,1
682646,2
682649,1
682652,1
682664,1
682669,1
682675,1
682697,1
682706,2
682716,1
682722,2
682735,1
682738,2
682746,1
682748,1
682755,1
682761,1
682771,1
682782,2
682794,2
682799,1
682802,2
682808,1
682810,1
682818,1
682823,1
682840,1
682844,1
682852,1
682859,1
682862,2
682865,1
682867,1
682870,1
682887,1
682891,2
682893,1
682900,2
682904,1
682909,1
682917,2
682919,1
682925,1
682931,1
682936,1
682953,2
682958,1
682962,2
682969,2
682972,1
682979,1
682981,1
682987,1
682991,1
682996,1
682999,1
683004,1
683012,1
683018,1
683026,1
683030,1
683048,1
683055,1
683058,1
683071,1
683078,1
683082,1
683088,1
683098,2
683102,1
683104,1
683107,1
683115,2
683120,1
683124,1
683130,2
683136,2
683143,1
683146,1
683162,1
683174,1
683180,1
683186,1
683194,1
683198,1
683200,1
683204,1
683207,1
683210,1
683212,1
683215,1
683220,1
683223,1
683226,1
683232,1
683234,1
683239,1
683243,1
683247,2
683250,1
683254,1
683257,2
683264,1
683268,1
683272,1
683275,1
683280,1
683297,2
683302,1
683308,1
683312,2
683315,1
683321,2
683327,1
683335,2
683337,1
683341,1
683350,1
683362,1
683365,2
683367,1
683371,1
683376,2
683378,1
683381,1
683387,1
683396,2
683404,1
683409,1
683411,1
683415,1
683425,1
683428,1
683433,1
683438,2
683441,1
683447,1
683457,1
683464,2
683468,2
683487,1
683491,2
683497,1
683502,2
683510,1
683520,1
683526,1
683529,1
683533,1
683537,1
683545,1
683557,1
683560,2
683566,1
683576,1
683580,1
683589,2
683595,1
683599,1
683603,1
683611,2
683613,1
683619,2
683628,1
683636,1
683639,1
683641,1
683646,2
683648,1
683650,1
683656,1
683661,1
683668,1
683673,1
683679,2
683681,1
683692,1
683703,1
683706,1
683710,1
683714,1
683716,1
683720,1
683728,1
683732,2
683743,1
683750,2
683755,2
683760,1
683764,2
683769,2
683774,1
683782,2
683797,1
683808,1
683815,2
683822,1
683830,1
683835,2
683837,1
683842,1
683845,1
683850,1
683852,1
683866,1
683876,2
683879,1
683883,1
683892,1
683895,1
683907,1
683915,1
683918,1
683928,1
683935,1
683939,1
683944,1
683947,2
683960,1
683967,1
683969,1
683973,1
683981,1
683987,1
683996,1
683999,1
684002,1
684005,2
684014,1
684016,1
684025,2
684047,1
684049,1
684056,1
684063,1
684071,1
684073,1
684084,1
684097,1
684108,1
684111,2
684114,1
684118,1
684122,1
684126,1
684136,1
684144,1
684164,2
684166,1
684169,1
684176,1
684179,2
684183,2
684186,1
684198,2
684201,1
684206,2
684212,1
684222,2
684226,1
684230,1
684236,1
684241,1
684247,1
684249,1
684256,2
684279,2
684283,1
684288,1
684295,1
684297,1
684306,1
684308,1
684310,1
684313,1
684320,1
684323,1
684326,1
684332,2
684337,1
684346,1
684357,1
684370,2
684375,1
684378,1
684380,1
684383,1
684399,1
684405,1
684408,1
684411,1
684416,2
684421,1
684423,1
684440,2
684445,1
684453,1
684456,1
684460,1
684464,2
684469,1
684473,2
684478,1
684481,2
684494,1
684500,1
684505,1
684507,1
684512,2
684524,1
684530,1
684538,1
684562,1
684567,2
684574,1
684587,1
684591,1
684594,2
684620,1
684626,2
684631,2
684635,1
684646,1
684655,2
684665,2
684674,1
684678,1
684685,1
684687,1
684695,2
684708,1
684711,1
684718,1
684721,1
684725,1
684730,1
684742,1
684747,1
684751,1
684758,2
684760,1
684768,2
684776,1
684782,1
684791,2
684796,1
684798,1
684802,2
684804,1
684829,1
684838,2
684845,1
684861,1
684864,1
684868,1
684870,1
684873,2
684878,1
684884,1
684886,1
684889,1
684891,1
684893,1
684896,1
684899,2
684911,1
684926,1
684933,2
684942,2
684950,1
684961,1
684975,1
684986,1
684990,1
684995,2
684998,1
685004,1
685009,1
685012,1
685016,1
685021,1
685029,2
685039,1
685044,1
685046,1
685048,1
685055,1
685066,1
685068,1
685079,1
685081,1
685091,1
685099,1
685101,1
685104,2
685111,1
685117,1
685121,1
685132,1
685153,1
685163,2
685172,3
685176,1
685178,1
685183,2
685188,1
685190,1
685203,1
685207,2
685211,1
685217,1
685225,1
685229,1
685234,1
685237,1
685241,2
685243,1
685252,1
685254,1
685260,1
685262,1
685272,1
685276,1
685278,1
685287,2
685308,2
685312,1
685317,2
685323,1
685332,2
685338,2
685342,2
685345,2
685347,1
685351,1
685353,1
685355,1
685357,1
685360,2
685383,1
685393,1
685396,2
685398,1
685401,1
685416,1
685421,1
685427,2
685450,1
685455,1
685474,1
685476,1
685481,1
685484,1
685488,1
685498,1
685504,1
685516,2
685521,1
685527,1
685532,1
685548,1
685552,1
685561,2
685566,1
685569,1
685579,2
685585,1
685592,1
685594,1
685596,1
685601,1
685604,1
685612,1
685615,1
685624,1
685627,1
685629,1
685632,1
685636,1
685639,1
685652,1
685655,1
685663,1
685666,1
685672,2
685678,1
685684,2
685686,1
685693,1
685700,2
685709,1
685714,1
685719,1
685724,1
685726,1
685732,1
685734,1
685748,1
685752,1
685759,2
685767,1
685772,1
685778,1
685781,2
685786,1
685789,2
685792,1
685798,1
685809,1
685816,1
685818,1
685821,1
685831,1
685833,1
685853,1
685869,1
685876,1
685881,1
685890,1
685899,2
685910,1
685916,1
685922,2
685931,1
685938,1
685952,1
685962,1
685964,1
685973,1
685976,1
685981,1
685992,2
685994,1
685999,2
686006,2
686015,1
686029,1
686031,1
686040,3
686042,1
686051,1
686058,1
686071,1
686076,2
686081,1
686090,1
686095,1
686097,1
686108,2
686113,1
686116,1
686121,1
686130,1
686132,1
686135,2
686142,1
686148,1
686154,2
686157,2
686165,1
686167,1
686182,1
686186,1
686189,1
686192,1
686196,1
686214,2
686219,2
686229,1
686239,1
686246,2
686249,1
686251,1
686256,1
686261,1
686271,1
686280,2
686293,1
686297,1
686300,1
686303,1
686311,1
686316,1
686326,1
686329,1
686331,1
686334,1
686338,1
686352,2
686366,1
686373,2
686378,2
686383,1
686411,2
686415,1
686418,1
686421,1
686431,1
686436,1
686440,1
686451,1
686457,1
686474,1
686476,1
686483,1
686491,2
686505,1
686508,1
686533,1
686539,1
686541,1
686545,1
686557,1
686560,2
686567,2
686572,1
686581,1
686594,1
686603,2
686608,1
686610,1
686617,1
686623,1
686630,1
686640,1
686665,1
686671,1
686679,1
686681,1
686685,1
686691,2
686701,1
686705,1
686709,1
686727,1
686740,1
686743,2
686750,1
686753,2
686757,1
686768,1
686772,1
686776,1
686802,1
686806,1
686809,1
686812,1
686818,2
686823,1
686826,1
686833,2
686836,1
686839,1
686845,2
686862,1
686875,1
686878,1
686880,1
686882,1
686892,1
686895,2
686902,1
686905,1
686912,1
686916,2
686921,2
686935,1
686938,1
686940,1
686947,1
686950,1
686964,1
686969,1
686972,1
686979,1
686981,1
686999,1
687006,2
687012,2
687016,1
687018,1
687035,1
687050,3
687054,1
687058,2
687067,2
687074,1
687077,1
687080,2
687084,2
687096,1
687098,1
687101,1
687107,1
687113,1
687120,1
687153,1
687157,2
687159,1
687164,1
687170,1
687176,1
687189,2
687200,1
687213,2
687216,1
687222,2
687230,1
687251,1
687256,1
687261,1
687264,1
687267,2
687270,1
687273,1
687276,1
687281,1
687284,2
687290,1
687303,2
687308,2
687312,1
687315,2
687318,1
687331,1
687334,1
687341,1
687343,1
687346,1
687355,1
687359,1
687364,1
687370,1
687393,1
687397,1
687404,1
687439,1
687442,1
687453,1
687462,2
687473,1
687475,1
687479,1
687482,1
687484,1
687493,1
687497,1
687505,1
687514,1
687516,1
687521,1
687524,2
687532,1
687541,1
687549,1
687552,1
687555,2
687565,2
687571,1
687576,1
687582,1
687588,1
687595,2
687602,1
687605,2
687615,1
687625,1
687638,1
687641,2
687648,4
687653,1
687656,1
687671,1
687687,2
687690,1
687692,1
687695,1
687699,1
687708,1
687712,1
687715,1
687721,1
687725,1
687730,1
687733,2
687748,2
687753,1
687758,1
687764,1
687771,2
687789,1
687806,1
687809,1
687817,1
687825,1
687831,1
687839,1
687843,2
687849,1
687851,1
687861,1
687863,1
687867,1
687869,1
687880,1
687883,2
687885,1
687889,2
687904,1
687914,1
687918,2
687921,2
687934,2
687939,2
687945,1
687952,1
687955,1
687959,1
687966,2
687968,1
687971,1
687985,2
687994,1
687999,1
688005,2
688007,1
688016,1
688023,1
688033,3
688037,1
688040,1
688047,2
688050,1
688061,2
688083,1
688088,1
688102,1
688106,1
688114,1
688122,1
688126,1
688147,1
688152,1
688155,1
688164,1
688173,1
688182,1
688186,1
688189,1
688195,1
688199,1
688203,2
688205,1
688217,1
688219,1
688221,1
688223,1
688243,1
688246,1
688254,1
688256,1
688265,1
688270,2
688275,1
688278,2
688282,1
688295,1
688297,1
688300,1
688308,2
688320,1
688322,1
688332,1
688336,1
688338,1
688345,2
688349,1
688351,1
688363,2
688366,1
688374,1
688376,1
688387,2
688391,1
688400,1
688404,1
688408,2
688415,2
688429,1
688433,1
688436,1
688450,1
688458,1
688460,1
688468,1
688470,1
688474,2
688479,2
688481,1
688494,1
688498,1
688500,1
688504,1
688508,2
688521,2
688530,1
688537,1
688542,1
688546,1
688548,1
688553,2
688566,2
688569,1
688571,1
688583,2
688590,1
688596,1
688598,1
688600,1
688604,1
688606,1
688619,1
688627,2
688631,1
688636,2
688640,1
688644,1
688653,1
688658,1
688667,2
688677,1
688682,1
688688,1
688703,1
688706,1
688709,1
688712,1
688714,1
688722,1
688730,1
688733,2
688741,1
688748,1
688765,1
688767,1
688780,1
688783,2
688787,2
688789,1
688792,1
688797,1
688803,1
688817,2
688828,1
688840,1
688842,1
688848,1
688853,2
688859,1
688862,2
688867,1
688881,2
688887,2
688922,1
688931,1
688934,2
688940,1
688948,1
688951,2
688967,2
688975,1
688981,1
688983,1
688985,1
688994,1
688997,2
689005,1
689008,1
689012,1
689015,1
689025,1
689043,1
689045,1
689047,1
689050,2
689057,1
689059,1
689066,2
689071,1
689074,1
689116,1
689131,1
689142,1
689153,1
689167,1
689175,1
689182,1
689185,1
689188,1
689195,1
689202,1
689218,1
689233,1
689236,1
689269,1
689273,1
689286,1
689291,1
689296,1
689308,2
689310,1
689315,2
689319,1
689327,2
689333,1
689335,1
689338,1
689344,1
689349,1
689359,1
689364,2
689372,1
689379,1
689384,2
689391,2
689405,1
689410,1
689414,1
689417,1
689428,2
689439,1
689446,1
689451,1
689455,1
689460,1
689462,1
689471,1
689473,1
689477,1
689483,1
689490,1
689492,1
689496,1
689504,1
689507,1
689515,1
689534,1
689538,1
689543,2
689555,1
689559,1
689569,1
689575,2
689578,2
689584,1
689603,2
689610,1
689613,1
689617,1
689619,1
689626,1
689640,1
689644,1
689647,2
689649,1
689664,2
689667,1
689670,1
689672,1
689677,1
689684,1
689690,2
689698,2
689702,1
689710,1
689712,1
689716,2
689744,1
689746,1
689761,1
689768,1
689771,1
689780,2
689789,1
689801,1
689803,1
689807,1
689809,1
689813,2
689819,1
689834,1
689839,3
689841,1
689847,1
689868,1
689871,1
689878,2
689884,2
689889,1
689893,2
689909,1
689932,1
689936,1
689943,1
689950,1
689953,1
689959,1
689973,2
689977,1
689979,1
689986,1
689988,1
690001,1
690005,2
690010,2
690013,1
690015,1
690019,1
690026,1
690034,1
690041,1
690049,1
690056,1
690067,1
690069,1
690075,1
690079,2
690082,1
690088,1
690107,1
690109,1
690123,2
690127,1
690130,2
690134,1
690141,1
690150,1
690169,1
690179,1
690183,1
690186,1
690194,1
690196,1
690199,1
690201,1
690204,1
690208,2
690224,1
690231,1
690242,1
690245,1
690253,1
690256,1
690259,1
690264,1
690268,1
690286,1
690295,1
690300,1
690307,1
690317,1
690325,2
690328,1
690334,1
690340,2
690363,1
690365,1
690367,1
690372,1
690375,2
690402,1
690404,1
690407,1
690409,1
690414,1
690419,2
690433,2
690441,1
690458,1
690460,1
690472,1
690482,2
690491,2
690497,1
690513,1
690538,1
690542,1
690545,1
690557,1
690559,1
690565,2
690572,1
690574,1
690578,1
690585,1
690589,1
690592,1
690611,1
690623,1
690628,2
690633,1
690635,1
690638,1
690640,1
690645,2
690651,1
690655,1
690657,1
690660,1
690662,1
690665,2
690669,2
690672,2
690686,1
690694,1
690700,2
690705,1
690707,1
690714,2
690733,1
690739,1
690742,1
690750,1
690757,2
690787,1
690789,1
690796,1
690803,1
690811,1
690816,1
690818,1
690822,1
690827,2
690830,1
690836,2
690849,1
690867,1
690873,2
690877,1
690879,1
690890,1
690897,1
690901,1
690919,2
690923,1
690940,1
690949,1
690951,1
690955,1
690971,1
690979,2
690981,1
690995,1
690997,1
691016,1
691021,1
691025,1
691030,1
691043,1
691048,2
691051,1
691054,1
691057,1
691061,1
691063,1
691085,2
691094,1
691101,1
691109,2
691128,1
691135,1
691140,2
691148,2
691156,1
691180,1
691184,1
691187,2
691193,1
691213,1
691218,1
691222,1
691226,1
691229,1
691237,1
691244,2
691246,1
691254,1
691263,1
691280,1
691285,2
691289,1
691321,1
691335,1
691337,1
691342,1
691346,1
691355,2
691359,2
691371,2
691377,2
691389,1
691400,1
691405,1
691409,1
691412,2
691417,1
691421,1
691426,1
691432,1
691463,1
691478,1
691488,1
691501,1
691504,1
691506,1
691509,1
691513,2
691515,1
691517,1
691521,1
691535,1
691541,3
691545,1
691549,1
691553,1
691557,1
691564,1
691568,1
691572,1
691579,1
691588,1
691590,1
691593,1
691597,1
691602,1
691609,2
691614,1
691618,1
691624,1
691633,1
691639,1
691645,1
691649,2
691659,1
691676,1
691682,1
691689,1
691692,1
691702,1
691709,1
691716,1
691721,1
691733,2
691737,1
691744,1
691748,2
691751,1
691758,1
691761,1
691768,1
691782,1
691787,1
691797,1
691802,1
691804,1
691811,1
691815,1
691817,1
691830,1
691844,1
691849,2
691853,1
691857,1
691863,1
691875,1
691896,1
691906,1
691912,1
691916,1
691924,1
691930,1
691935,1
691942,1
691945,1
691948,2
691951,2
691954,1
691965,1
691971,1
691975,2
691983,1
691988,1
691993,2
692007,2
692012,1
692018,1
692027,1
692038,1
692041,1
692048,1
692056,1
692063,1
692073,1
692076,1
692081,2
692094,1
692105,1
692110,2
692115,2
692118,2
692129,2
692133,1
692142,1
692147,1
692167,1
692169,1
692174,2
692179,2
692184,1
692202,1
692207,2
692210,1
692214,1
692224,2
692230,1
692235,1
692243,1
692260,1
692271,1
692275,1
692279,2
692287,1
692289,1
692293,1
692297,1
692299,1
692306,1
692309,2
692314,1
692331,2
692343,2
692346,1
692350,2
692353,2
692356,2
692366,1
692388,1
692393,1
692399,1
692411,1
692415,1
692418,2
692423,1
692426,1
692429,2
692432,1
692435,1
692453,1
692457,1
692460,2
692471,1
692482,1
692487,1
692500,1
692502,1
692510,1
692517,2
692522,1
692524,1
692529,1
692533,1
692536,1
692539,1
692546,2
692555,2
692561,1
692563,1
692568,1
692583,1
692590,2
692598,1
692604,1
692621,1
692627,1
692633,1
692635,1
692644,2
692656,1
692667,1
692669,1
692678,1
692684,1
692687,1
692692,2
692702,1
692708,1
692710,1
692722,2
692725,2
692732,1
692734,1
692738,1
692740,1
692743,1
692760,1
692762,1
692767,1
692776,1
692780,2
692783,1
692788,1
692790,1
692794,2
692796,1
692805,1
692808,2
692814,2
692822,2
692824,1
692830,1
692837,1
692840,1
692844,1
692858,2
692864,2
692876,1
692883,3
692885,1
692889,2
692896,1
692903,1
692905,1
692925,1
692927,1
692939,1
692947,1
692955,1
692958,2
692963,1
692973,1
692975,1
692983,2
692992,2
693002,1
693010,2
693012,1
693017,1
693024,1
693028,1
693031,2
693036,1
693041,1
693052,1
693057,1
693081,1
693100,2
693110,1
693112,1
693120,1
693123,1
693140,1
693148,2
693150,1
693163,1
693166,1
693183,1
693196,1
693202,1
693209,1
693223,1
693229,1
693252,2
693254,1
693257,1
693262,2
693265,1
693279,1
693286,2
693290,1
693304,1
693307,1
693310,1
693323,2
693326,2
693329,1
693333,2
693338,1
693343,1
693348,1
693363,1
693365,1
693367,1
693370,1
693387,1
693394,1
693398,1
693400,1
693411,2
693418,1
693428,2
693432,2
693447,1
693449,1
693459,2
693463,1
693467,2
693470,2
693474,1
693479,1
693493,1
693510,2
693513,1
693520,1
693524,1
693530,2
693533,1
693537,3
693542,1
693567,1
693571,1
693578,1
693592,1
693596,2
693599,1
693602,1
693609,1
693611,1
693621,1
693632,1
693636,2
693650,1
693653,1
693656,1
693669,1
693673,2
693679,2
693684,1
693688,1
693696,2
693698,1
693700,1
693709,1
693721,1
693726,2
693734,2
693749,2
693752,1
693757,2
693765,1
693772,2
693775,1
693800,1
693805,1
693810,1
693831,1
693835,1
693847,1
693863,1
693870,1
693884,1
693894,1
693897,1
693901,2
693905,1
693907,1
693912,1
693914,1
693933,1
693945,1
693949,1
693955,1
693964,2
693969,1
693972,2
693974,1
693984,1
693990,1
693996,1
694003,1
694008,2
694025,1
694027,1
694032,1
694045,1
694051,1
694054,1
694058,2
694062,1
694074,1
694078,2
694082,1
694093,2
694095,1
694107,1
694109,1
694119,1
694122,2
694138,1
694143,1
694152,1
694160,1
694164,1
694168,1
694174,1
694178,1
694186,1
694189,1
694203,1
694211,1
694215,1
694217,1
694223,2
694226,1
694229,1
694241,1
694247,2
694251,1
694253,1
694259,1
694265,1
694271,1
694279,1
694281,1
694291,1
694295,1
694298,1
694300,1
694303,2
694307,1
694313,1
694319,1
694321,1
694327,1
694329,1
694331,1
694341,1
694345,1
694347,1
694351,2
694367,1
694371,1
694373,1
694378,1
694380,1
694386,2
694390,1
694400,1
694404,2
694410,1
694417,1
694421,1
694423,1
694436,2
694438,1
694443,1
694451,2
694461,1
694469,2
694475,1
694478,1
694485,1
694493,1
694497,1
694499,1
694501,1
694505,1
694507,1
694510,2
694516,1
694521,1
694540,1
694550,2
694553,1
694569,1
694575,2
694593,1
694600,1
694603,1
694606,1
694612,1
694630,1
694637,1
694640,1
694650,1
694652,1
694655,1
694658,1
694660,1
694662,1
694666,1
694670,1
694673,1
694677,1
694692,1
694696,1
694702,1
694711,1
694728,1
694735,1
694739,2
694742,1
694747,1
694755,1
694762,1
694764,1
694779,1
694781,1
694787,2
694801,1
694810,1
694814,2
694820,1
694823,1
694829,1
694838,2
694845,1
694850,1
694864,1
694879,1
694894,1
694913,2
694918,1
694930,1
694936,1
694963,1
694966,1
694972,2
694975,1
694977,1
694989,1
694996,1
695003,2
695012,2
695020,2
695028,1
695032,1
695044,2
695048,1
695051,1
695061,1
695063,1
695065,1
695076,2
695084,2
695087,1
695098,1
695101,1
695122,2
695127,1
695144,1
695155,1
695161,1
695166,1
695168,1
695172,1
695178,1
695183,1
695191,2
695199,1
695207,1
695216,1
695226,2
695233,1
695236,1
695243,2
695262,1
695269,1
695273,1
695282,1
695285,1
695289,1
695293,1
695298,1
695301,2
695310,2
695314,1
695320,1
695328,1
695331,1
695333,1
695339,4
695344,1
695353,1
695361,1
695372,1
695377,1
695379,1
695392,1
695394,1
695398,2
695400,1
695404,3
695408,1
695413,2
695417,1
695428,2
695431,1
695435,1
695443,2
695450,2
695456,1
695461,1
695463,1
695468,1
695470,1
695477,1
695481,1
695486,1
695488,1
695493,2
695513,1
695526,2
695528,1
695535,1
695537,1
695545,2
695549,1
695551,1
695555,1
695563,2
695575,2
695577,1
695580,1
695582,1
695599,1
695601,1
695608,1
695614,1
695619,1
695628,2
695631,1
695635,1
695638,1
695642,1
695657,2
695671,1
695674,1
695677,2
695680,2
695684,1
695687,2
695691,2
695710,2
695716,1
695722,1
695729,1
695733,1
695746,1
695751,1
695754,2
695783,1
695787,2
695790,1
695801,1
695806,1
695808,1
695817,2
695828,2
695843,1
695853,1
695860,1
695866,2
695873,2
695883,2
695887,1
695899,1
695901,1
695903,1
695909,1
695917,1
695937,2
695959,1
695970,2
695979,1
695988,2
695994,1
696005,1
696007,1
696011,2
696014,1
696030,1
696037,1
696040,1
696044,1
696048,2
696062,1
696076,1
696087,1
696091,1
696101,1
696110,2
696118,2
696134,1
696139,3
696144,2
696148,1
696165,1
696167,1
696175,2
696178,2
696180,1
696190,1
696195,1
696203,1
696207,1
696212,1
696216,1
696219,1
696230,1
696236,1
696239,2
696243,1
696259,1
696262,1
696264,1
696268,1
696270,1
696276,1
696280,1
696284,1
696286,1
696299,1
696305,1
696310,1
696312,1
696326,1
696333,2
696340,1
696355,2
696373,1
696387,1
696390,1
696393,2
696395,1
696402,1
696405,2
696408,1
696415,1
696439,1
696459,1
696466,1
696481,1
696485,1
696493,1
696500,1
696511,1
696522,2
696529,1
696535,2
696545,1
696551,1
696563,2
696569,2
696583,1
696598,2
696603,2
696605,1
696607,1
696622,1
696624,1
696628,2
696630,1
696633,2
696637,1
696641,1
696645,1
696656,1
696670,1
696674,2
696680,1
696691,1
696697,1
696704,2
696707,1
696715,1
696732,2
696737,2
696741,1
696752,2
696763,1
696766,1
696768,1
696774,1
696778,1
696782,2
696790,2
696796,1
696801,1
696807,1
696815,1
696823,1
696832,1
696840,1
696863,2
696866,1
696878,1
696883,1
696887,1
696904,2
696912,1
696919,1
696924,1
696938,1
696948,2
696952,1
696957,1
696960,1
696966,1
696971,1
696973,1
696976,2
696979,1
696982,1
696988,1
696994,1
696996,1
697000,1
697003,2
697010,1
697019,1
697031,1
697038,1
697044,1
697058,1
697060,1
697067,1
697071,2
697073,1
697076,1
697080,1
697088,1
697094,1
697106,1
697112,2
697118,1
697124,2
697128,1
697130,1
697132,1
697140,1
697154,1
697157,1
697160,1
697169,1
697176,2
697183,1
697191,2
697197,1
697209,1
697213,1
697216,1
697219,1
697226,1
697231,1
697234,1
697238,2
697240,1
697243,2
697250,2
697253,1
697255,1
697260,2
697268,1
697282,1
697287,1
697290,1
697293,1
697296,2
697305,2
697311,2
697321,1
697329,2
697333,1
697345,1
697353,1
697361,1
697370,1
697373,1
697378,1
697380,1
697382,1
697409,1
697417,1
697422,1
697424,1
697432,1
697437,1
697443,1
697445,1
697448,1
697451,1
697458,1
697462,1
697474,2
697480,1
697488,1
697500,1
697503,2
697506,1
697509,1
697515,2
697524,1
697531,1
697541,1
697544,1
697561,1
697579,2
697589,1
697612,2
697617,1
697630,2
697635,2
697641,1
697644,2
697653,1
697657,1
697661,1
697671,1
697679,2
697684,2
697687,1
697692,1
697695,2
697703,1
697708,1
697711,1
697714,1
697721,1
697724,1
697741,1
697747,1
697755,1
697762,2
697765,1
697770,1
697773,1
697798,1
697801,1
697806,1
697832,1
697839,1
697843,1
697850,1
697853,2
697858,1
697864,2
697870,2
697875,1
697887,1
697890,2
697894,1
697897,1
697916,2
697920,1
697922,1
697933,1
697944,1
697949,1
697953,1
697959,1
697965,1
697967,1
697971,1
697974,1
697979,1
697982,2
698005,2
698011,1
698015,1
698018,1
698026,2
698033,1
698038,1
698044,1
698048,1
698051,1
698056,3
698062,1
698077,1
698081,1
698087,1
698101,1
698105,1
698108,1
698129,1
698134,2
698136,1
698140,1
698143,1
698146,1
698148,1
698150,1
698158,2
698172,1
698184,1
698187,1
698192,1
698195,1
698212,1
698222,1
698224,1
698243,1
698245,1
698255,1
698261,1
698265,1
698269,1
698286,1
698298,1
698304,2
698315,1
698321,2
698329,1
698332,1
698336,1
698338,1
698343,1
698351,1
698354,1
698358,1
698362,1
698368,1
698372,1
698377,1
698385,4
698401,2
698404,1
698406,1
698423,2
698435,1
698440,2
698450,2
698468,1
698475,1
698477,1
698480,1
698483,1
698486,1
698492,1
698507,1
698514,1
698516,1
698523,2
698526,1
698530,1
698533,1
698535,1
698541,1
698544,1
698562,1
698567,1
698571,1
698586,1
698589,1
698592,1
698595,2
698600,1
698612,1
698615,1
698630,2
698637,1
698643,1
698647,1
698665,3
698669,1
698676,2
698683,1
698695,1
698700,2
698704,1
698708,1
698718,1
698728,1
698737,2
698745,1
698762,2
698771,1
698774,2
698777,1
698781,2
698794,1
698823,1
698826,1
698830,1
698836,1
698838,1
698840,1
698843,2
698847,1
698849,1
698852,1
698857,1
698861,1
698870,1
698875,1
698877,1
698882,1
698885,1
698889,1
698892,1
698894,1
698910,3
698913,1
698919,2
698939,1
698944,2
698948,1
698961,1
698966,1
698971,1
698973,1
698978,1
698980,1
698984,1
698986,1
698991,2
699001,1
699010,1
699027,1
699035,2
699042,1
699044,1
699048,1
699058,1
699060,1
699069,1
699076,2
699079,1
699082,1
699097,1
699110,1
699113,2
699118,1
699121,1
699123,1
699132,1
699145,1
699147,1
699152,1
699157,1
699166,2
699169,1
699171,1
699178,1
699183,1
699187,1
699190,2
699201,3
699203,1
699209,2
699213,1
699217,1
699225,1
699242,2
699260,1
699270,2
699309,2
699311,1
699327,1
699338,1
699340,1
699344,1
699349,2
699351,1
699364,2
699369,1
699373,1
699379,1
699385,2
699391,1
699398,1
699404,1
699413,1
699419,1
699430,1
699437,1
699443,1
699456,1
699462,1
699469,2
699477,1
699479,1
699483,1
699490,2
699494,1
699498,1
699508,1
699515,1
699518,1
699523,1
699526,1
699546,1
699551,1
699556,1
699562,2
699567,1
699574,2
699580,1
699583,1
699593,1
699600,1
699602,1
699605,1
699611,1
699619,2
699624,1
699635,1
699644,1
699648,2
699653,1
699660,1
699665,1
699669,1
699671,1
699693,2
699699,1
699710,1
699713,2
699723,2
699730,2
699738,1
699759,1
699769,1
699774,1
699789,1
699792,1
699803,1
699812,1
699816,1
699820,1
699822,1
699837,1
699840,2
699845,1
699848,1
699851,1
699854,1
699856,1
699873,1
699882,1
699887,1
699901,1
699906,1
699908,1
699914,1
699953,1
699955,1
699970,1
699977,1
699985,1
699990,1
699995,1
800004,1
800006,1
800013,1
800018,1
800028,1
800034,1
800036,1
800051,1
800055,1
800063,1
800069,2
800073,1
800086,3
800088,1
800094,2
800099,2
800102,1
800109,2
800113,1
800116,1
800121,1
800151,2
800153,1
800167,1
800171,1
800175,1
800179,1
800182,2
800191,1
800196,1
800198,1
800202,1
800206,1
800208,1
800222,1
800234,2
800239,1
800247,1
800257,1
800277,1
800281,1
800289,1
800303,1
800308,1
800312,1
800315,1
800328,1
800333,1
800338,2
800341,1
800350,1
800353,1
800375,1
800379,1
800382,2
800392,1
800398,2
800405,2
800415,1
800417,1
800420,1
800427,1
800431,1
800437,1
800443,1
800446,1
800450,2
800459,1
800461,1
800464,1
800479,1
800483,1
800487,1
800491,1
800503,1
800511,1
800523,1
800528,1
800535,1
800539,1
800544,2
800549,1
800553,1
800555,1
800557,1
800559,1
800561,1
800564,1
800567,2
800574,1
800577,1
800583,1
800586,1
800602,1
800607,1
800613,1
800620,1
800622,1
800629,2
800631,1
800634,1
800640,1
800662,1
800675,1
800679,1
800695,1
800701,1
800712,1
800720,2
800729,1
800734,2
800738,1
800746,2
800760,1
800770,1
800773,1
800777,1
800784,1
800791,1
800797,1
800806,3
800813,1
800830,1
800845,2
800850,2
800858,2
800868,1
800874,2
800876,1
800886,2
800897,1
800903,1
800914,2
800919,2
800922,1
800925,1
800932,1
800934,1
800944,1
800953,1
800968,1
800977,1
800985,2
800997,1
801003,1
801005,1
801008,1
801011,2
801014,1
801021,1
801031,2
801054,1
801061,1
801064,1
801071,2
801078,1
801082,2
801089,2
801113,1
801129,1
801132,2
801138,1
801142,1
801145,1
801153,1
801157,1
801159,1
801161,1
801174,1
801177,2
801184,2
801188,1
801203,1
801205,1
801207,1
801209,1
801217,2
801227,1
801232,2
801237,1
801244,1
801256,1
801258,1
801273,1
801276,1
801285,1
801301,1
801305,2
801308,2
801319,1
801324,1
801332,1
801340,1
801345,1
801349,1
801357,1
801363,1
801369,3
801381,1
801385,1
801387,1
801391,1
801399,1
801405,1
801407,1
801411,1
801422,1
801425,1
801427,1
801431,1
801435,1
801437,1
801440,1
801444,1
801448,1
801456,1
801466,3
801473,2
801478,2
801482,2
801490,1
801495,1
801498,1
801503,1
801511,1
801518,1
801526,1
801545,2
801556,1
801560,1
801578,1
801596,2
801599,2
801617,1
801620,1
801624,1
801628,1
801634,1
801636,1
801640,1
801653,1
801660,1
801662,1
801675,1
801680,1
801684,1
801687,1
801690,1
801696,2
801699,2
801709,2
801719,2
801722,1
801724,1
801728,1
801731,1
801735,1
801740,1
801744,1
801747,2
801750,1
801758,1
801770,1
801777,2
801786,2
801788,1
801793,1
801804,1
801807,2
801822,1
801827,2
801832,1
801834,1
801841,2
801843,1
801848,2
801857,2
801861,1
801876,1
801879,1
801882,1
801887,2
801890,2
801896,1
801903,1
801919,1
801923,1
801927,1
801930,1
801935,1
801944,1
801949,1
801968,1
801971,1
801977,1
801991,1
801997,2
802001,1
802003,1
802012,1
802018,1
802025,1
802027,1
802034,1
802036,1
802053,1
802062,1
802066,2
802072,2
802082,3
802093,2
802095,1
802113,1
802115,1
802121,2
802128,1
802136,1
802139,2
802141,1
802144,2
802153,1
802168,1
802196,1
802198,1
802204,3
802207,1
802213,1
802220,1
802227,2
802230,2
802236,1
802247,2
802276,1
802284,1
802306,1
802314,2
802332,1
802335,1
802340,1
802344,1
802349,1
802351,1
802356,1
802361,1
802379,2
802383,1
802390,1
802393,1
802397,1
802406,1
802413,1
802418,1
802428,1
802431,1
802442,2
802446,2
802453,1
802462,1
802467,1
802470,1
802475,1
802481,2
802487,1
802491,1
802494,1
802496,1
802507,1
802511,2
802515,1
802517,1
802521,1
802524,2
802531,2
802568,1
802571,1
802573,1
802576,1
802581,1
802585,1
802597,1
802600,1
802607,2
802622,1
802643,1
802650,1
802654,1
802659,2
802672,1
802676,1
802682,4
802687,1
802692,1
802706,1
802715,1
802717,1
802724,2
802727,2
802730,1
802738,2
802742,1
802757,1
802766,2
802771,1
802775,1
802779,1
802786,1
802793,2
802803,1
802809,1
802814,3
802818,1
802823,1
802827,1
802834,2
802842,1
802846,1
802857,1
802861,1
802867,2
802869,1
802876,1
802882,1
802889,1
802895,2
802899,1
802902,1
802907,1
802915,1
802918,2
802920,1
802923,1
802926,2
802933,1
802936,1
802955,2
802967,1
802969,1
802977,1
802979,1
802983,1
802986,1
802998,1
803003,2
803007,1
803027,1
803034,1
803041,1
803047,3
803058,1
803069,1
803074,1
803080,2
803109,1
803117,1
803124,1
803130,1
803132,1
803146,1
803157,2
803163,1
803179,1
803188,1
803191,1
803198,2
803205,1
803213,1
803216,1
803218,1
803224,2
803230,1
803241,1
803243,1
803248,1
803253,1
803257,1
803266,2
803288,1
803298,1
803304,1
803311,1
803324,1
803329,1
803336,1
803352,2
803354,1
803363,1
803368,1
803380,1
803382,1
803393,2
803395,1
803400,1
803405,1
803413,1
803421,2
803424,1
803428,1
803431,1
803445,1
803451,1
803458,1
803463,2
803467,1
803471,2
803474,2
803476,1
803480,1
803489,1
803491,1
803502,1
803526,1
803531,1
803536,2
803541,2
803549,1
803553,1
803561,1
803573,1
803576,2
803578,1
803581,2
803583,1
803586,1
803588,1
803597,2
803599,1
803602,1
803622,1
803625,1
803628,1
803636,3
803643,1
803646,1
803649,1
803651,1
803654,1
803667,1
803682,2
803685,1
803697,1
803711,1
803719,1
803724,2
803727,1
803745,1
803769,1
803773,2
803780,4
803783,2
803791,2
803795,1
803801,2
803805,1
803818,1
803822,1
803828,2
803832,1
803834,1
803838,1
803849,1
803852,1
803854,1
803862,2
803864,1
803870,1
803876,2
803882,2
803887,1
803899,1
803904,1
803909,1
803918,1
803927,1
803930,1
803937,1
803940,1
803943,1
803946,1
803951,2
803955,1
803957,1
803959,1
803962,1
803968,2
803973,1
803976,1
803981,1
803987,1
803990,1
803998,2
804003,1
804007,1
804030,1
804037,1
804046,2
804054,2
804069,1
804079,1
804083,1
804089,1
804095,1
804098,1
804109,1
804112,2
804118,1
804120,1
804129,2
804134,1
804144,1
804147,1
804154,2
804156,1
804161,2
804164,2
804173,1
804180,2
804185,2
804190,1
804193,1
804199,1
804203,1
804206,1
804210,1
804213,1
804219,2
804228,1
804235,1
804243,1
804247,1
804250,1
804259,2
804263,1
804268,2
804281,1
804283,1
804289,2
804294,1
804296,1
804305,1
804312,1
804316,1
804323,1
804328,1
804336,1
804339,1
804349,1
804352,1
804361,1
804364,1
804366,1
804369,1
804372,2
804379,1
804385,1
804388,1
804400,1
804407,1
804412,1
804415,2
804417,1
804419,1
804423,1
804427,1
804430,2
804434,1
804449,1
804452,2
804462,1
804468,1
804479,1
804484,1
804493,1
804501,2
804508,1
804512,1
804514,1
804523,1
804536,1
804554,1
804566,1
804582,4
804599,1
804617,1
804631,2
804636,1
804639,2
804642,2
804645,1
804648,1
804651,1
804653,1
804658,2
804666,1
804672,3
804680,1
804686,2
804696,3
804702,2
804704,1
804707,2
804715,1
804719,1
804722,1
804727,1
804732,2
804735,1
804740,1
804748,1
804751,1
804759,2
804761,1
804772,1
804775,1
804784,1
804788,1
804792,1
804810,1
804816,1
804828,1
804838,3
804844,2
804875,1
804879,2
804881,1
804883,1
804893,1
804902,1
804914,2
804926,1
804932,2
804936,1
804952,2
804971,1
804984,1
804988,1
804992,3
804996,1
805007,1
805017,3
805028,1
805058,2
805062,1
805067,1
805070,1
805072,1
805074,1
805078,1
805086,1
805093,1
805108,2
805110,1
805125,1
805129,2
805143,2
805146,1
805149,1
805152,1
805156,2
805160,1
805164,1
805166,1
805178,1
805180,1
805183,1
805186,1
805191,1
805201,1
805219,1
805224,1
805229,1
805231,1
805244,2
805248,1
805252,1
805257,1
805259,1
805265,1
805280,1
805283,2
805294,1
805302,1
805309,1
805327,1
805358,1
805373,1
805375,1
805378,1
805393,1
805397,1
805403,1
805412,1
805423,1
805440,1
805448,1
805452,1
805459,2
805461,1
805468,1
805476,1
805481,1
805487,1
805490,1
805492,1
805498,1
805503,2
805515,1
805518,1
805525,1
805543,3
805547,2
805551,1
805554,2
805559,1
805563,1
805566,1
805573,1
805588,1
805591,1
805594,1
805596,1
805601,1
805603,1
805606,1
805609,2
805615,1
805617,1
805626,1
805631,1
805642,2
805647,1
805653,1
805659,1
805663,1
805674,1
805677,1
805679,1
805684,1
805687,2
805694,1
805696,1
805700,1
805708,2
805717,1
805719,1
805722,1
805725,1
805730,1
805732,1
805740,1
805744,2
805753,1
805758,1
805780,1
805798,1
805813,1
805816,1
805820,2
805834,2
805842,2
805845,2
805849,1
805851,1
805864,1
805867,1
805871,2
805876,1
805883,1
805892,1
805895,2
805904,1
805907,2
805914,1
805918,1
805923,1
805926,1
805931,1
805934,1
805947,1
805957,1
805969,1
805971,1
805977,1
805980,1
805990,2
805992,1
806005,1
806008,2
806013,1
806024,1
806029,1
806034,1
806038,2
806046,1
806053,1
806057,1
806059,1
806072,1
806075,2
806079,2
806081,1
806091,1
806095,1
806101,1
806110,1
806117,1
806127,2
806129,1
806135,1
806140,1
806148,1
806153,2
806179,1
806201,2
806206,1
806208,1
806211,1
806218,2
806222,1
806230,1
806239,2
806245,2
806252,1
806259,2
806265,1
806270,1
806277,1
806292,2
806296,1
806303,1
806306,1
806308,1
806321,1
806341,1
806353,2
806355,1
806361,2
806377,1
806383,1
806385,1
806393,2
806405,1
806409,1
806416,1
806440,1
806456,1
806471,1
806479,1
806488,2
806491,1
806495,1
806497,1
806503,2
806505,1
806509,1
806512,2
806518,1
806520,1
806526,2
806552,1
806555,1
806562,2
806570,1
806577,1
806585,2
806590,1
806597,1
806601,1
806606,1
806608,1
806610,1
806615,2
806631,1
806633,1
806637,1
806647,2
806669,2
806671,1
806674,1
806684,1
806705,1
806707,1
806721,1
806730,1
806735,1
806738,2
806742,1
806745,1
806747,1
806750,1
806761,1
806772,1
806787,1
806790,1
806805,1
806811,1
806813,1
806825,1
806836,1
806839,1
806849,1
806857,2
806869,1
806878,1
806881,1
806897,1
806900,1
806904,1
806906,1
806909,1
806914,2
806919,1
806927,1
806931,2
806936,1
806944,1
806954,1
806967,1
806973,1
806985,1
806990,1
806994,1
806997,1
807006,2
807009,1
807021,1
807023,1
807027,2
807030,2
807049,1
807060,1
807066,2
807068,1
807074,2
807095,1
807102,1
807114,1
807116,1
807121,1
807129,1
807136,1
807142,1
807149,1
807152,2
807162,1
807169,1
807179,1
807187,1
807192,2
807195,2
807209,2
807219,2
807222,1
807226,1
807229,1
807245,1
807249,1
807256,2
807262,1
807267,1
807269,1
807273,1
807277,1
807282,2
807285,1
807291,1
807299,1
807304,3
807307,1
807315,1
807318,1
807329,2
807333,2
807340,1
807348,1
807351,2
807354,1
807362,1
807370,1
807372,1
807374,1
807379,2
807383,3
807388,1
807396,1
807399,2
807404,1
807407,1
807412,1
807419,2
807424,1
807432,1
807434,1
807439,1
807446,1
807452,2
807458,1
807465,2
807467,1
807472,2
807482,1
807487,1
807492,2
807501,1
807506,1
807517,2
807535,1
807539,1
807542,1
807553,1
807555,1
807557,1
807565,1
807569,1
807575,1
807577,1
807582,1
807587,2
807590,1
807593,2
807595,1
807611,2
807617,1
807626,2
807630,1
807633,1
807638,1
807650,2
807652,1
807658,1
807664,1
807674,1
807679,1
807682,1
807687,2
807693,1
807697,2
807706,1
807708,1
807717,2
807728,1
807745,2
807749,2
807755,1
807757,1
807759,1
807763,1
807772,1
807776,1
807781,1
807786,1
807789,1
807794,1
807797,1
807806,1
807815,1
807818,2
807829,1
807832,1
807838,2
807841,1
807845,1
807857,2
807860,2
807886,1
807893,1
807895,1
807898,1
807901,2
807910,2
807913,1
807921,1
807929,1
807938,1
807942,1
807946,2
807951,1
807953,1
807969,1
807993,1
807998,1
808002,2
808007,1
808010,2
808022,1
808025,1
808033,1
808047,1
808049,1
808052,2
808058,1
808068,1
808073,1
808086,2
808107,1
808120,1
808123,1
808125,1
808128,1
808133,2
808135,1
808138,1
808141,1
808150,1
808157,2
808162,1
808167,1
808170,1
808175,1
808182,1
808191,2
808201,1
808205,1
808223,1
808226,1
808228,1
808235,1
808243,1
808249,2
808264,2
808267,1
808270,1
808273,1
808275,1
808290,1
808299,1
808302,1
808305,1
808308,1
808311,1
808314,1
808317,1
808325,1
808330,1
808347,2
808351,1
808356,1
808358,1
808371,3
808379,1
808388,1
808390,1
808392,1
808395,1
808405,3
808409,2
808423,1
808437,2
808439,1
808441,1
808443,1
808447,1
808449,1
808453,1
808461,1
808467,1
808470,1
808479,2
808484,1
808489,1
808493,2
808495,1
808505,1
808507,1
808524,1
808526,1
808529,1
808539,1
808553,1
808564,1
808570,1
808580,1
808586,1
808588,1
808595,1
808599,1
808606,1
808610,1
808613,2
808621,1
808624,1
808626,1
808628,1
808633,1
808654,1
808656,1
808672,1
808676,1
808686,1
808689,1
808692,1
808698,1
808704,1
808710,1
808713,1
808734,1
808739,1
808749,1
808757,1
808760,1
808762,1
808768,1
808774,1
808776,1
808791,1
808804,2
808811,1
808818,1
808821,1
808825,1
808827,1
808843,1
808849,1
808858,2
808862,1
808865,1
808869,1
808874,1
808886,1
808889,1
808893,1
808904,1
808913,1
808921,2
808925,1
808936,1
808944,1
808951,1
808959,1
808963,1
808970,1
808990,1
808995,1
809001,1
809019,1
809024,1
809027,1
809033,1
809041,1
809051,1
809054,1
809060,1
809073,2
809082,1
809094,1
809097,2
809100,1
809116,1
809122,1
809129,1
809133,1
809161,1
809164,1
809171,1
809183,1
809185,1
809188,1
809190,1
809192,1
809195,1
809197,1
809200,1
809211,1
809217,1
809233,1
809245,1
809257,1
809262,1
809275,1
809280,1
809286,1
809291,1
809295,1
809300,1
809317,1
809327,2
809336,2
809354,1
809357,1
809360,1
809375,1
809384,1
809389,2
809394,1
809398,1
809415,2
809420,1
809429,1
809433,1
809436,1
809439,1
809443,2
809454,2
809456,1
809459,1
809464,2
809469,1
809475,2
809485,1
809491,1
809499,2
809502,2
809515,1
809519,1
809530,1
809537,2
809540,2
809551,1
809564,1
809587,1
809595,1
809621,1
809624,2
809629,1
809641,1
809646,1
809651,2
809657,2
809663,1
809665,1
809678,2
809681,1
809686,1
809688,1
809696,1
809699,1
809710,1
809721,1
809723,1
809729,1
809747,1
809752,1
809755,2
809768,1
809773,1
809777,1
809780,2
809787,1
809795,1
809797,1
809817,1
809824,1
809829,1
809838,1
809847,1
809850,1
809854,1
809881,1
809885,1
809891,1
809903,2
809911,1
809913,1
809916,1
809924,1
809938,1
809948,2
809952,1
809960,1
809968,1
809978,2
809980,1
809983,2
809986,2
809994,1
810004,1
810008,1
810012,1
810015,1
810030,3
810037,2
810040,2
810047,1
810050,1
810056,1
810065,2
810074,1
810077,1
810081,1
810085,1
810105,1
810116,1
810124,1
810134,2
810151,2
810154,1
810156,1
810160,1
810168,1
810173,1
810177,2
810179,1
810181,1
810187,1
810191,2
810196,1
810201,1
810204,1
810214,2
810219,1
810226,1
810229,2
810236,2
810239,1
810244,2
810246,1
810249,1
810251,1
810273,1
810286,1
810316,1
810320,1
810327,1
810332,1
810337,2
810344,1
810353,1
810355,1
810361,1
810363,1
810366,2
810369,1
810378,1
810380,1
810388,2
810392,1
810395,1
810397,1
810411,1
810420,1
810430,1
810439,1
810441,1
810445,1
810455,1
810458,2
810465,1
810469,1
810471,1
810474,1
810476,1
810483,1
810485,1
810489,2
810497,1
810508,2
810519,1
810522,2
810528,1
810531,1
810535,1
810551,1
810554,2
810558,1
810579,1
810587,1
810589,1
810591,1
810598,2
810603,1
810610,2
810622,1
810624,1
810626,1
810629,1
810632,1
810635,1
810645,1
810649,1
810664,2
810667,2
810674,1
810677,1
810679,1
810686,1
810696,1
810707,1
810710,2
810723,1
810735,2
810742,1
810748,2
810751,2
810753,1
810760,1
810768,2
810771,1
810775,1
810778,1
810780,1
810801,1
810817,1
810821,1
810841,2
810844,2
810847,2
810850,1
810862,1
810867,1
810875,1
810899,1
810903,1
810908,1
810922,1
810927,1
810929,1
810932,1
810935,1
810941,1
810950,2
810957,1
810960,1
810966,1
810975,1
810995,1
811010,2
811013,2
811018,1
811023,1
811032,1
811035,1
811043,1
811046,1
811050,1
811067,1
811079,1
811082,1
811088,1
811091,1
811094,1
811096,1
811100,1
811102,1
811122,1
811125,2
811132,1
811135,1
811142,1
811144,1
811146,1
811162,1
811165,1
811172,1
811175,1
811179,1
811182,2
811201,1
811205,1
811209,1
811220,1
811224,1
811228,1
811243,1
811246,1
811254,1
811262,1
811266,1
811285,2
811288,2
811294,1
811302,1
811313,2
811318,1
811328,2
811333,1
811350,1
811354,1
811358,2
811360,1
811365,3
811375,1
811393,1
811421,2
811426,1
811430,1
811437,1
811443,1
811446,1
811449,2
811452,1
811467,1
811477,2
811482,1
811486,1
811493,1
811508,2
811514,1
811517,1
811525,1
811529,1
811532,1
811537,1
811539,1
811553,1
811556,2
811566,2
811569,1
811572,1
811587,2
811591,1
811593,1
811596,1
811599,1
811604,1
811611,2
811616,1
811623,1
811626,2
811633,1
811635,1
811644,2
811647,1
811649,1
811659,1
811662,1
811675,1
811684,1
811693,1
811698,2
811707,1
811711,1
811713,1
811737,1
811742,1
811744,1
811750,2
811753,1
811770,2
811774,1
811778,2
811785,1
811788,2
811797,1
811799,1
811812,1
811814,1
811821,1
811826,1
811834,2
811837,2
811839,1
811841,1
811843,1
811847,1
811849,1
811854,2
811866,1
811871,1
811895,1
811897,1
811902,1
811909,1
811917,1
811919,1
811936,1
811940,1
811949,1
811952,2
811959,1
811968,1
811973,2
811978,1
811982,2
811985,1
811995,1
812004,1
812007,1
812013,2
812019,1
812030,1
812033,1
812041,2
812046,2
812054,1
812063,2
812070,1
812075,1
812077,1
812080,2
812082,1
812085,1
812091,2
812093,1
812099,1
812101,1
812108,1
812110,1
812119,2
812121,1
812127,1
812136,1
812139,2
812149,1
812152,1
812156,1
812159,1
812165,1
812167,1
812170,2
812173,1
812177,1
812179,1
812186,1
812199,1
812206,1
812213,1
812217,2
812226,2
812233,1
812250,1
812256,1
812259,1
812265,2
812270,1
812273,1
812280,1
812285,2
812294,2
812296,1
812302,2
812306,1
812318,1
812327,2
812331,1
812337,1
812356,1
812358,1
812370,1
812374,1
812377,2
812394,2
812405,1
812413,1
812421,1
812425,2
812432,1
812434,1
812438,1
812446,1
812453,1
812460,2
812472,1
812478,1
812484,1
812505,1
812508,1
812518,1
812520,1
812525,2
812530,1
812532,1
812538,2
812541,1
812546,1
812561,1
812567,1
812571,1
812575,2
812580,1
812583,1
812590,1
812597,1
812604,3
812616,1
812621,1
812630,1
812641,1
812644,2
812647,1
812669,1
812675,1
812680,2
812685,1
812689,1
812697,2
812700,1
812730,1
812732,1
812735,1
812742,2
812750,1
812754,2
812763,1
812766,1
812773,2
812776,1
812790,2
812796,1
812808,2
812825,1
812829,1
812832,1
812839,2
812844,1
812852,1
812856,1
812861,1
812863,1
812867,1
812890,1
812901,1
812906,1
812912,1
812917,1
812922,1
812924,1
812934,1
812937,1
812943,1
812945,1
812949,2
812953,1
812966,1
812970,1
812973,1
812984,2
812986,1
812992,1
813001,1
813003,1
813007,2
813010,1
813013,1
813037,1
813042,1
813044,1
813051,1
813056,1
813061,1
813064,1
813067,1
813071,2
813075,1
813078,1
813088,1
813093,2
813096,1
813102,1
813106,2
813108,1
813114,1
813124,1
813137,1
813139,1
813154,1
813158,1
813161,1
813166,2
813182,1
813188,2
813197,2
813200,1
813209,2
813217,1
813220,1
813225,2
813230,1
813232,1
813238,1
813252,2
813260,1
813264,1
813266,1
813280,3
813285,1
813287,1
813291,1
813294,1
813305,3
813308,1
813310,1
813313,2
813331,1
813344,1
813346,1
813352,1
813362,1
813366,1
813383,1
813401,2
813410,1
813414,1
813421,1
813424,1
813426,1
813431,1
813436,2
813441,1
813443,1
813448,1
813471,1
813487,2
813489,1
813493,1
813495,1
813505,1
813522,2
813532,1
813542,2
813547,1
813554,1
813560,2
813563,2
813565,1
813569,1
813571,1
813573,1
813593,1
813596,1
813603,2
813605,1
813608,1
813612,1
813616,1
813621,1
813634,1
813639,2
813641,1
813644,2
813650,1
813657,2
813660,2
813672,1
813677,1
813680,1
813682,1
813686,1
813690,3
813697,1
813700,2
813707,2
813714,2
813719,2
813721,1
813723,1
813728,1
813731,1
813735,2
813741,1
813746,2
813751,1
813754,1
813760,1
813767,1
813771,1
813781,2
813790,2
813792,1
813798,1
813803,1
813806,2
813814,1
813826,1
813830,2
813848,1
813856,1
813868,1
813872,1
813878,1
813889,1
813897,1
813901,1
813916,1
813933,1
813939,1
813941,1
813956,1
813968,1
814007,1
814009,1
814013,1
814015,1
814026,2
814031,1
814033,1
814037,1
814044,1
814046,1
814054,2
814056,1
814061,1
814066,1
814071,1
814120,1
814124,1
814128,1
814132,1
814145,1
814151,1
814153,1
814157,1
814161,2
814166,1
814172,1
814178,2
814181,1
814191,1
814193,1
814205,2
814218,1
814234,1
814240,1
814247,1
814262,1
814267,2
814279,1
814283,1
814298,2
814301,2
814332,1
814334,1
814339,1
814342,1
814347,1
814349,1
814353,1
814360,1
814362,1
814365,1
814371,1
814373,1
814376,1
814381,2
814385,1
814389,1
814394,2
814407,1
814413,1
814418,1
814427,2
814430,2
814436,2
814446,1
814452,1
814455,2
814458,2
814461,1
814466,1
814473,1
814508,2
814524,1
814538,1
814545,2
814548,1
814560,1
814562,1
814573,2
814576,1
814579,1
814597,2
814605,1
814612,1
814617,2
814623,1
814627,1
814630,1
814635,2
814645,1
814649,1
814655,1
814662,1
814665,1
814682,1
814686,2
814688,1
814691,1
814703,1
814706,1
814709,2
814713,1
814719,1
814724,2
814728,1
814735,1
814744,2
814757,1
814762,1
814765,1
814772,1
814792,1
814794,1
814796,1
814799,1
814804,1
814809,1
814817,1
814825,1
814844,1
814851,3
814862,1
814895,1
814902,1
814908,1
814912,2
814915,1
814918,1
814927,2
814959,2
814974,1
814977,1
814993,1
814997,1
814999,1
815001,1
815005,1
815007,1
815011,1
815019,1
815022,1
815027,2
815029,1
815031,1
815036,1
815039,1
815046,2
815053,1
815087,1
815095,1
815098,1
815104,1
815108,1
815117,1
815124,1
815142,1
815149,2
815155,2
815178,1
815181,2
815198,1
815200,1
815202,1
815209,2
815214,1
815225,1
815234,1
815237,1
815246,1
815262,1
815264,1
815271,1
815275,1
815278,1
815286,1
815289,1
815296,1
815302,1
815309,1
815319,1
815321,1
815334,1
815342,1
815363,1
815388,1
815392,1
815395,1
815397,1
815411,2
815416,1
815419,1
815422,1
815429,2
815434,1
815449,1
815465,1
815471,1
815488,1
815491,1
815505,1
815509,1
815530,1
815532,1
815549,1
815552,1
815556,1
815564,1
815567,1
815570,1
815580,1
815588,1
815600,1
815624,1
815632,2
815636,2
815639,2
815645,1
815655,1
815657,1
815668,1
815670,1
815673,2
815678,1
815687,1
815695,1
815708,1
815712,1
815714,1
815719,1
815723,1
815733,1
815737,2
815746,1
815749,1
815757,1
815766,1
815770,1
815774,1
815780,1
815783,1
815791,1
815794,1
815796,1
815805,2
815809,2
815815,1
815817,1
815822,1
815825,2
815829,1
815835,2
815838,2
815842,1
815873,1
815875,1
815879,1
815883,2
815889,2
815891,1
815895,1
815899,1
815906,1
815916,1
815922,1
815924,1
815928,2
815936,1
815947,1
815967,1
815969,1
815973,1
815978,1
815980,1
815982,1
815986,1
815988,1
815995,2
816007,2
816013,1
816021,1
816037,3
816044,1
816049,2
816062,1
816071,1
816080,2
816085,1
816087,1
816090,1
816095,1
816103,1
816106,1
816111,1
816118,1
816127,1
816133,2
816137,2
816150,2
816158,1
816187,1
816200,2
816204,1
816206,1
816210,1
816224,1
816228,1
816234,1
816243,1
816250,1
816289,1
816297,1
816307,1
816313,2
816320,1
816325,1
816328,2
816333,2
816335,1
816338,1
816342,1
816354,1
816359,2
816364,2
816369,1
816378,2
816381,1
816383,1
816391,1
816396,1
816403,1
816408,1
816425,1
816431,1
816434,1
816436,1
816443,1
816455,2
816462,1
816471,1
816477,1
816479,1
816482,1
816485,1
816500,1
816504,1
816508,1
816513,1
816517,1
816522,1
816538,1
816541,1
816551,1
816553,1
816556,2
816558,1
816562,1
816565,1
816569,1
816582,1
816586,1
816591,1
816601,2
816607,1
816614,1
816628,1
816632,2
816635,1
816644,1
816647,1
816649,1
816656,2
816662,1
816667,1
816677,1
816680,1
816684,1
816707,1
816723,1
816734,1
816738,1
816741,1
816750,1
816762,1
816764,1
816766,1
816769,2
816773,1
816777,1
816795,1
816800,2
816817,1
816827,1
816831,1
816840,1
816850,1
816860,1
816865,1
816869,1
816900,1
816905,1
816907,1
816911,1
816914,1
816919,1
816928,1
816938,2
816943,1
816945,1
816949,1
816955,2
816965,2
816969,2
816974,1
816976,1
816988,1
816993,1
816997,3
817002,1
817005,1
817007,1
817010,1
817015,2
817018,1
817024,1
817029,1
817032,1
817038,2
817044,1
817055,1
817073,1
817077,1
817080,1
817087,1
817090,2
817098,2
817103,2
817109,1
817113,2
817137,1
817143,1
817146,2
817159,1
817163,1
817172,2
817175,1
817191,1
817202,1
817206,1
817217,1
817220,1
817233,1
817239,1
817244,2
817249,1
817254,1
817257,1
817260,1
817266,2
817276,1
817278,1
817295,1
817301,2
817310,1
817317,1
817319,1
817335,1
817339,2
817342,2
817348,1
817355,2
817357,1
817365,2
817369,1
817375,1
817377,1
817390,1
817392,1
817400,1
817403,1
817405,1
817408,1
817411,1
817418,1
817423,2
817426,2
817428,1
817430,1
817437,1
817454,2
817466,1
817468,1
817473,1
817479,1
817482,1
817525,1
817528,1
817532,3
817541,1
817543,1
817550,2
817562,2
817576,1
817609,1
817611,1
817623,1
817630,1
817643,1
817648,1
817652,1
817658,1
817665,1
817680,1
817688,2
817690,1
817699,1
817702,2
817710,1
817725,1
817736,1
817744,1
817747,1
817752,2
817757,1
817762,1
817764,1
817768,1
817770,1
817774,1
817783,1
817786,2
817788,1
817790,1
817794,2
817800,1
817803,2
817814,1
817825,1
817828,2
817830,1
817833,2
817837,1
817854,2
817861,2
817863,1
817866,2
817870,1
817878,1
817896,3
817898,1
817901,1
817918,1
817922,1
817927,1
817939,1
817942,1
817946,1
817962,2
817964,1
817966,1
817975,2
817994,2
818003,1
818014,2
818018,1
818026,1
818039,2
818052,1
818055,1
818061,2
818065,1
818067,1
818070,1
818074,1
818078,1
818086,1
818089,1
818091,1
818111,1
818117,1
818123,1
818128,2
818130,1
818133,2
818138,1
818145,1
818152,1
818154,1
818157,1
818169,3
818173,1
818176,1
818179,1
818188,1
818197,1
818205,1
818207,1
818210,1
818214,2
818233,1
818237,1
818245,2
818259,1
818264,1
818266,1
818268,1
818281,1
818283,1
818289,2
818298,1
818322,1
818327,1
818356,1
818359,1
818361,1
818374,2
818381,2
818389,2
818397,1
818399,1
818406,1
818412,1
818423,1
818426,1
818429,1
818439,1
818444,1
818449,1
818459,1
818463,2
818467,1
818472,1
818480,1
818496,1
818501,1
818507,2
818509,1
818517,1
818524,1
818533,2
818541,1
818546,1
818551,1
818557,1
818561,2
818564,2
818566,1
818573,1
818576,2
818584,1
818591,1
818594,1
818598,1
818619,2
818622,1
818636,1
818639,1
818642,1
818644,1
818646,1
818649,2
818652,1
818656,1
818661,1
818664,1
818666,1
818670,1
818677,1
818680,2
818687,1
818690,2
818693,2
818697,2
818709,1
818715,1
818718,1
818721,1
818724,1
818731,1
818733,1
818742,1
818744,1
818747,1
818751,2
818755,2
818757,1
818760,1
818762,1
818764,1
818768,1
818772,2
818776,2
818780,2
818786,1
818790,2
818801,1
818812,1
818814,1
818816,1
818820,1
818826,2
818830,1
818835,1
818842,1
818847,1
818855,3
818862,2
818873,1
818882,1
818892,1
818905,1
818907,1
818920,1
818922,1
818929,1
818931,1
818939,1
818948,1
818952,1
818956,1
818959,1
818971,1
818979,1
818987,1
818992,2
819013,1
819020,1
819025,2
819031,2
819034,2
819036,1
819046,1
819053,2
819055,1
819059,1
819067,1
819071,1
819083,1
819087,1
819094,1
819100,1
819113,1
819116,2
819121,1
819123,1
819130,1
819138,1
819140,1
819147,1
819150,1
819161,1
819170,1
819185,2
819187,1
819208,1
819210,1
819214,1
819217,2
819227,2
819231,1
819241,1
819245,1
819249,2
819260,1
819269,1
819274,1
819282,1
819290,1
819296,1
819301,1
819306,1
819312,1
819318,1
819333,1
819338,1
819345,1
819347,1
819355,1
819362,1
819370,1
819378,2
819404,1
819411,1
819419,2
819423,1
819436,1
819438,1
819444,2
819455,1
819460,1
819463,1
819469,2
819474,1
819477,2
819486,1
819502,1
819506,2
819508,1
819516,1
819518,1
819533,1
819536,1
819538,1
819543,3
819550,1
819553,2
819568,1
819588,1
819591,2
819595,1
819598,1
819611,1
819619,2
819625,1
819632,1
819643,2
819648,1
819650,1
819657,1
819666,1
819671,1
819675,1
819678,2
819681,1
819687,1
819694,1
819703,1
819721,2
819724,1
819732,1
819736,1
819741,1
819743,1
819745,1
819750,1
819764,1
819780,1
819783,1
819794,1
819805,1
819809,1
819814,1
819818,1
819820,1
819835,1
819838,2
819840,1
819842,1
819849,1
819854,1
819857,1
819862,1
819871,1
819876,1
819881,1
819884,2
819897,1
819902,1
819910,1
819920,2
819924,2
819935,1
819946,1
819948,1
819952,1
819958,1
819965,1
819987,2
819990,1
819992,1
819996,1
819999,2
820001,1
820007,1
820015,3
820024,1
820029,1
820035,1
820040,2
820047,1
820049,1
820062,1
820082,1
820084,1
820087,1
820093,2
820108,1
820115,1
820124,1
820128,1
820131,1
820140,1
820170,1
820190,2
820196,2
820201,1
820211,1
820222,1
820228,1
820231,2
820236,1
820238,1
820245,1
820249,1
820256,2
820263,1
820267,2
820270,1
820274,1
820281,2
820294,1
820302,1
820306,1
820315,1
820322,1
820331,1
820336,1
820354,1
820365,1
820386,1
820402,2
820405,1
820423,1
820425,1
820445,1
820447,1
820451,2
820460,1
820469,1
820472,1
820474,1
820491,1
820493,1
820497,1
820501,2
820503,1
820513,1
820521,1
820528,1
820533,1
820538,1
820547,1
820559,2
820563,2
820572,1
820580,2
820588,1
820600,2
820611,1
820613,1
820618,2
820625,1
820628,1
820637,1
820641,1
820657,2
820660,1
820664,1
820667,1
820675,1
820683,2
820687,1
820701,1
820703,1
820705,1
820717,1
820723,1
820725,1
820727,1
820735,1
820743,1
820752,1
820756,1
820763,2
820765,1
820769,2
820774,1
820776,1
820779,1
820790,1
820802,2
820807,2
820809,1
820815,1
820824,1
820830,1
820843,1
820847,1
820849,1
820859,1
820866,1
820874,1
820877,2
820880,1
820884,2
820893,1
820910,2
820913,1
820916,1
820923,2
820929,1
820937,2
820948,2
820957,1
820976,1
820990,1
820999,2
821007,1
821009,1
821012,1
821025,1
821032,1
821034,1
821040,1
821058,1
821070,1
821076,1
821078,1
821086,1
821089,1
821092,2
821096,1
821103,2
821108,1
821114,2
821123,1
821126,1
821130,1
821145,2
821148,2
821151,1
821167,2
821173,1
821179,1
821185,2
821188,2
821201,1
821205,2
821208,2
821216,2
821218,1
821227,1
821230,1
821233,1
821244,1
821251,1
821254,1
821258,1
821265,1
821268,1
821283,1
821292,1
821316,1
821320,1
821337,1
821344,1
821361,2
821364,2
821374,1
821379,1
821394,1
821402,2
821409,2
821414,1
821416,1
821419,1
821422,2
821425,1
821428,1
821436,1
821440,1
821444,2
821458,1
821463,2
821476,1
821489,1
821506,1
821513,1
821518,1
821522,1
821524,1
821533,1
821536,1
821539,1
821543,1
821552,1
821554,1
821557,2
821560,2
821569,3
821576,1
821596,1
821598,1
821601,1
821610,2
821612,1
821620,1
821624,1
821629,2
821633,1
821643,1
821665,1
821673,2
821687,3
821690,1
821697,2
821712,1
821726,1
821728,1
821734,1
821740,2
821742,1
821760,1
821764,1
821768,1
821781,1
821813,1
821815,1
821818,1
821820,1
821822,1
821828,2
821832,1
821837,1
821841,1
821848,2
821873,1
821880,1
821888,1
821890,1
821894,1
821906,1
821911,1
821919,1
821930,2
821933,1
821939,1
821943,1
821948,1
821951,2
821954,1
821956,1
821958,1
821961,2
821966,1
821975,1
821977,1
821988,1
821995,2
821999,1
822001,1
822004,2
822031,1
822042,1
822046,1
822050,1
822057,1
822060,2
822069,1
822072,1
822079,1
822088,1
822090,1
822092,1
822095,2
822099,1
822101,1
822105,1
822117,1
822126,1
822130,1
822139,1
822141,1
822150,2
822156,1
822160,1
822167,1
822171,1
822179,2
822183,1
822191,1
822197,2
822203,1
822205,1
822207,1
822233,1
822241,1
822244,1
822251,2
822255,1
822262,1
822270,1
822273,2
822275,1
822281,1
822289,1
822292,1
822296,2
822299,2
822303,1
822311,1
822314,1
822320,1
822330,1
822335,1
822347,1
822350,1
822352,1
822356,1
822361,1
822371,1
822375,1
822378,1
822382,1
822390,2
822406,1
822413,1
822420,1
822422,1
822432,1
822440,1
822447,2
822464,1
822466,1
822476,1
822484,2
822495,2
822502,1
822504,1
822513,1
822516,1
822519,1
822537,1
822551,1
822557,1
822560,1
822563,1
822578,1
822585,1
822587,1
822590,1
822597,2
822615,1
822651,1
822655,1
822664,1
822670,1
822673,1
822675,1
822680,1
822693,1
822696,2
822698,1
822700,1
822703,1
822708,1
822723,1
822728,1
822745,1
822757,1
822767,2
822770,1
822773,1
822775,1
822788,1
822793,1
822798,1
822803,1
822813,1
822818,1
822822,1
822826,1
822852,1
822856,1
822859,1
822868,2
822876,1
822886,2
822891,1
822896,1
822900,1
822914,1
822919,1
822926,1
822953,1
822959,1
822962,1
822976,1
822993,1
823002,1
823005,1
823010,1
823018,1
823021,2
823027,1
823030,1
823032,1
823038,1
823043,1
823058,1
823060,1
823067,2
823074,1
823078,1
823083,1
823091,1
823095,2
823099,1
823117,1
823120,1
823122,1
823130,1
823132,1
823135,2
823137,1
823140,1
823151,1
823159,1
823172,1
823176,2
823188,1
823190,1
823197,1
823199,1
823204,1
823206,1
823210,1
823213,1
823216,1
823229,1
823239,1
823244,2
823259,1
823261,1
823267,2
823274,1
823278,1
823283,1
823285,1
823288,1
823298,2
823301,1
823319,1
823328,2
823336,1
823339,1
823342,1
823345,1
823349,1
823359,1
823363,1
823372,2
823396,1
823405,1
823426,1
823433,2
823460,2
823473,2
823488,2
823493,1
823505,1
823529,1
823533,2
823545,1
823549,1
823552,1
823555,1
823563,1
823565,1
823567,1
823573,2
823575,1
823597,2
823603,1
823608,1
823615,1
823619,1
823625,1
823629,1
823632,1
823652,1
823657,1
823662,1
823685,1
823697,1
823699,1
823704,1
823715,1
823723,2
823727,1
823730,1
823735,1
823739,1
823745,1
823753,1
823768,2
823772,2
823779,1
823785,2
823794,1
823804,1
823820,2
823824,1
823829,1
823835,1
823837,1
823841,1
823853,1
823861,1
823863,1
823868,1
823874,1
823877,1
823891,1
823897,1
823908,1
823922,1
823928,1
823937,1
823940,1
823949,1
823951,1
823959,1
823965,1
823967,1
823973,1
823978,2
823985,2
823988,2
824001,1
824017,1
824034,1
824039,1
824043,1
824049,1
824059,1
824063,1
824070,1
824074,1
824079,1
824081,1
824084,1
824086,1
824091,1
824095,2
824097,1
824101,1
824104,1
824108,1
824121,1
824137,2
824144,1
824167,1
824174,1
824176,1
824181,1
824191,2
824198,1
824202,2
824207,2
824211,1
824213,1
824218,1
824234,1
824239,1
824245,1
824250,1
824252,1
824262,1
824272,1
824276,1
824282,1
824289,1
824303,1
824317,1
824321,2
824333,1
824336,2
824340,1
824343,1
824352,2
824367,1
824370,1
824373,1
824375,1
824394,1
824400,1
824402,1
824423,1
824435,1
824439,3
824448,2
824454,2
824456,1
824458,1
824460,1
824472,2
824484,1
824492,1
824505,1
824513,2
824519,1
824543,1
824546,2
824552,1
824555,1
824585,1
824589,1
824598,1
824605,1
824618,1
824627,2
824629,1
824633,1
824650,1
824653,1
824657,1
824662,1
824667,1
824671,1
824673,1
824679,1
824694,1
824699,1
824703,1
824713,2
824720,2
824724,1
824729,1
824736,1
824740,2
824744,1
824777,2
824796,2
824801,2
824805,2
824818,2
824822,1
824832,1
824849,1
824860,1
824862,1
824870,1
824877,1
824882,1
824887,1
824903,2
824908,1
824917,1
824919,1
824923,1
824929,1
824935,1
824942,2
824953,2
824955,1
824961,1
824972,1
824979,1
824985,1
824990,2
824993,1
824996,1
825000,1
825013,1
825017,1
825021,1
825040,1
825050,1
825055,1
825057,1
825065,1
825070,2
825072,1
825077,1
825085,2
825090,1
825095,1
825099,1
825105,1
825108,1
825127,1
825135,1
825143,2
825170,2
825174,1
825177,1
825184,2
825191,1
825198,1
825207,1
825213,1
825219,1
825221,1
825229,2
825231,1
825233,1
825241,1
825244,1
825252,1
825261,1
825268,1
825270,1
825274,1
825279,1
825296,1
825300,1
825307,1
825309,1
825311,1
825316,1
825321,1
825325,1
825337,1
825343,1
825352,1
825359,1
825363,1
825370,2
825375,1
825408,1
825411,1
825416,1
825419,1
825424,1
825427,1
825431,1
825443,1
825453,1
825478,1
825482,1
825487,1
825489,1
825493,1
825497,1
825503,1
825505,1
825519,1
825526,2
825538,1
825552,2
825558,1
825560,1
825564,1
825569,1
825575,2
825577,1
825584,1
825600,1
825604,2
825606,1
825609,1
825611,1
825622,1
825627,1
825640,1
825643,1
825649,1
825658,1
825664,1
825671,1
825676,1
825679,1
825683,1
825686,1
825690,1
825693,1
825703,2
825714,2
825716,1
825720,1
825722,1
825726,1
825730,1
825738,1
825741,1
825744,1
825749,1
825751,1
825756,2
825763,1
825768,1
825770,1
825783,1
825785,1
825793,2
825796,2
825799,1
825806,2
825811,1
825822,1
825827,1
825835,1
825844,2
825850,1
825855,4
825862,2
825864,1
825874,4
825878,2
825885,1
825896,1
825904,1
825913,1
825932,2
825941,1
825947,2
825956,2
825960,1
825963,1
825965,1
825981,1
825986,1
825992,2
825997,1
826000,2
826004,1
826012,1
826014,1
826019,1
826032,1
826043,1
826051,1
826061,1
826063,1
826069,1
826077,1
826084,1
826089,1
826099,1
826101,1
826103,1
826108,1
826118,1
826123,1
826142,2
826145,2
826148,1
826150,1
826158,1
826164,1
826168,1
826172,1
826176,1
826185,1
826187,1
826194,1
826197,1
826200,1
826207,1
826218,1
826223,1
826233,1
826243,1
826247,1
826255,1
826265,1
826268,1
826270,1
826272,1
826280,1
826282,1
826288,1
826306,2
826311,1
826313,1
826317,1
826327,2
826333,1
826351,1
826355,1
826361,2
826374,1
826380,1
826384,2
826390,1
826397,1
826406,1
826415,1
826417,1
826419,1
826425,1
826452,1
826455,1
826460,1
826464,1
826472,1
826477,1
826484,1
826494,1
826499,1
826507,1
826511,1
826513,1
826518,1
826526,1
826531,2
826539,1
826547,1
826552,1
826568,1
826577,2
826582,2
826596,1
826599,1
826603,1
826611,1
826619,1
826622,2
826624,1
826635,1
826638,2
826647,2
826651,1
826657,2
826660,1
826662,1
826667,2
826669,1
826671,1
826680,1
826685,1
826689,1
826691,1
826697,1
826699,1
826707,1
826711,1
826730,2
826736,1
826738,1
826747,2
826751,2
826763,1
826772,1
826776,1
826784,1
826789,2
826793,2
826797,2
826811,2
826815,1
826833,1
826839,1
826844,1
826851,1
826862,1
826865,1
826867,1
826871,1
826875,2
826885,1
826888,2
826895,1
826900,2
826904,1
826912,1
826922,2
826935,1
826941,1
826953,1
826956,1
826963,1
826965,1
826975,1
826979,1
826983,1
826987,1
826991,1
826994,1
827001,1
827007,1
827022,2
827024,1
827045,1
827076,1
827079,1
827082,1
827084,1
827090,1
827097,1
827099,1
827101,1
827112,1
827115,1
827118,1
827128,1
827132,2
827139,1
827147,1
827156,2
827160,1
827177,2
827193,1
827200,1
827205,1
827228,1
827230,1
827235,2
827244,1
827250,2
827256,1
827260,2
827264,1
827278,1
827284,1
827286,1
827297,1
827300,2
827309,1
827314,1
827319,1
827321,1
827337,2
827339,1
827345,1
827352,2
827356,1
827359,2
827372,1
827383,2
827386,1
827396,1
827405,1
827408,1
827422,1
827429,1
827434,1
827444,1
827446,1
827469,1
827475,1
827484,1
827492,1
827500,1
827515,2
827517,1
827520,1
827524,1
827535,1
827539,2
827546,1
827549,1
827554,1
827557,1
827565,1
827569,1
827581,1
827583,1
827597,1
827603,2
827611,1
827616,1
827626,1
827630,1
827636,1
827639,1
827651,1
827654,1
827662,3
827669,2
827672,1
827678,1
827687,1
827693,2
827699,1
827706,1
827710,1
827714,1
827735,2
827740,3
827743,1
827761,1
827766,1
827775,1
827780,1
827788,1
827794,1
827796,1
827809,1
827824,1
827827,2
827832,1
827834,1
827840,1
827853,2
827858,1
827860,1
827864,1
827868,1
827876,1
827890,1
827901,2
827908,2
827911,1
827916,1
827920,1
827925,1
827929,1
827938,1
827940,1
827946,2
827968,2
827970,1
827972,1
827984,2
827990,1
827992,1
828004,2
828007,1
828009,1
828014,1
828026,1
828035,2
828038,1
828040,1
828043,1
828047,1
828055,1
828060,3
828063,1
828072,1
828077,1
828082,1
828088,1
828093,2
828099,2
828103,1
828110,2
828112,1
828118,1
828123,2
828128,1
828136,1
828146,1
828151,1
828159,1
828164,2
828168,1
828174,1
828188,1
828195,1
828207,1
828211,2
828216,2
828223,1
828227,1
828230,2
828242,1
828246,1
828266,1
828278,1
828284,1
828287,1
828293,1
828299,1
828307,1
828309,1
828314,1
828318,1
828323,2
828325,1
828330,1
828336,1
828347,2
828359,1
828362,1
828380,2
828389,2
828395,1
828399,1
828403,1
828408,2
828412,1
828415,2
828423,1
828435,2
828442,3
828448,1
828454,1
828459,2
828463,1
828465,1
828470,1
828475,1
828477,1
828482,1
828491,2
828498,1
828503,1
828507,1
828517,1
828520,1
828527,1
828530,2
828535,1
828538,1
828545,1
828555,1
828563,1
828567,1
828580,1
828583,1
828585,1
828588,1
828597,1
828600,1
828604,1
828608,1
828612,2
828617,1
828621,1
828627,1
828633,1
828641,1
828643,1
828649,1
828651,1
828661,1
828674,1
828681,1
828687,2
828690,1
828698,1
828701,1
828703,1
828708,2
828711,1
828718,1
828731,1
828733,1
828740,1
828745,1
828754,2
828764,1
828776,1
828778,1
828780,1
828785,1
828789,1
828792,1
828794,1
828808,1
828812,2
828816,1
828818,1
828824,1
828826,1
828831,2
828841,1
828852,1
828855,1
828859,2
828867,2
828871,3
828879,2
828883,1
828896,1
828900,1
828906,1
828917,1
828924,1
828926,1
828929,1
828932,1
828936,2
828939,1
828942,1
828949,3
828955,1
828958,1
828961,1
828970,1
828976,2
828987,1
828997,1
829000,1
829003,1
829012,1
829015,1
829025,1
829033,2
829038,2
829050,1
829057,1
829063,1
829071,1
829080,1
829084,1
829088,2
829096,1
829099,1
829103,1
829112,1
829115,2
829121,1
829125,1
829129,1
829136,1
829143,1
829162,3
829166,1
829172,1
829178,1
829182,1
829193,1
829202,1
829204,1
829208,1
829221,1
829225,3
829229,1
829246,2
829261,1
829268,1
829275,1
829279,1
829289,1
829293,1
829306,2
829312,1
829316,1
829334,2
829336,1
829344,1
829347,1
829354,1
829361,2
829366,1
829368,1
829377,1
829381,1
829392,1
829395,1
829404,2
829414,1
829419,1
829421,1
829423,1
829449,1
829456,2
829464,1
829479,1
829484,1
829486,1
829495,1
829498,1
829500,1
829510,1
829512,1
829529,1
829545,1
829555,1
829560,1
829563,2
829569,1
829573,1
829575,1
829577,1
829597,1
829606,3
829611,1
829613,1
829615,1
829617,1
829624,1
829626,1
829642,1
829648,1
829650,1
829654,1
829656,1
829660,1
829662,1
829664,1
829667,2
829674,1
829677,1
829701,1
829713,2
829724,1
829726,1
829730,2
829733,1
829744,1
829759,2
829773,2
829781,1
829788,1
829804,1
829807,1
829815,1
829819,1
829823,2
829825,1
829843,1
829858,1
829861,1
829864,1
829874,1
829879,1
829881,1
829886,1
829890,2
829892,1
829895,1
829899,1
829902,2
829906,1
829910,1
829916,1
829920,1
829922,1
829926,1
829931,1
829934,1
829937,2
829945,2
829947,1
829965,1
829977,1
829979,1
829982,1
829989,1
829993,1
829998,1
830003,1
830005,1
830008,1
830022,1
830032,1
830037,1
830042,2
830050,1
830071,1
830073,1
830080,2
830087,2
830091,1
830098,1
830104,1
830110,1
830120,1
830122,1
830125,1
830129,1
830131,1
830139,1
830141,1
830144,1
830151,1
830160,1
830166,2
830178,1
830182,2
830192,1
830194,1
830205,1
830211,2
830225,2
830232,1
830239,1
830245,1
830250,1
830258,2
830262,1
830267,2
830271,1
830273,1
830277,1
830281,1
830287,3
830289,1
830291,1
830297,1
830307,1
830312,1
830322,2
830326,1
830331,1
830335,1
830343,1
830358,1
830366,1
830374,2
830384,1
830391,2
830395,1
830400,1
830410,1
830412,1
830414,1
830419,1
830430,1
830432,1
830435,2
830439,1
830444,1
830449,1
830452,1
830455,1
830457,1
830462,1
830466,1
830474,1
830476,1
830478,1
830485,1
830489,1
830497,1
830499,1
830502,1
830505,1
830510,1
830512,1
830520,2
830524,2
830527,1
830531,1
830537,1
830552,2
830564,2
830568,1
830571,1
830580,2
830588,1
830591,1
830626,1
830652,2
830655,1
830657,1
830660,1
830669,2
830674,1
830683,1
830686,1
830693,1
830701,1
830715,1
830719,3
830723,2
830725,1
830731,1
830734,1
830737,1
830748,2
830752,1
830756,2
830774,1
830776,1
830779,1
830796,1
830807,1
830820,1
830826,1
830829,1
830843,1
830858,1
830860,1
830867,1
830871,1
830880,1
830894,1
830905,1
830913,1
830919,1
830925,3
830928,1
830933,2
830936,1
830940,1
830942,1
830950,3
830968,2
830971,1
830974,1
830990,1
830995,1
830998,2
831005,2
831011,2
831016,1
831022,2
831037,1
831046,1
831053,1
831062,1
831066,2
831070,1
831072,1
831079,1
831087,1
831092,2
831112,1
831115,1
831117,1
831126,1
831136,2
831139,2
831143,1
831155,1
831161,1
831168,1
831170,1
831172,1
831174,1
831179,1
831181,1
831186,1
831191,1
831195,1
831198,1
831200,1
831206,1
831231,1
831235,1
831237,1
831240,1
831247,1
831253,1
831263,1
831265,1
831280,1
831284,1
831294,2
831298,1
831300,1
831311,2
831318,2
831325,1
831330,1
831336,2
831349,1
831352,1
831357,1
831374,2
831380,1
831387,1
831390,1
831398,1
831411,2
831415,1
831422,1
831428,2
831432,2
831445,2
831447,1
831450,1
831455,1
831462,2
831466,2
831470,1
831478,1
831487,1
831489,1
831491,1
831508,1
831521,1
831524,1
831535,1
831537,1
831539,1
831547,2
831581,1
831586,2
831589,1
831592,1
831595,2
831599,3
831608,1
831611,1
831620,1
831624,1
831633,1
831642,2
831647,1
831657,1
831659,1
831669,2
831676,2
831691,1
831702,1
831716,1
831725,1
831729,1
831737,1
831741,1
831743,1
831747,1
831751,1
831753,1
831755,1
831759,1
831770,2
831772,1
831782,1
831790,1
831792,1
831795,1
831800,1
831808,1
831819,1
831822,1
831835,1
831843,1
831847,1
831849,1
831856,2
831864,2
831867,2
831870,1
831872,1
831881,1
831883,1
831886,2
831889,1
831891,1
831894,1
831900,1
831906,1
831921,2
831926,1
831933,2
831935,1
831942,1
831953,1
831961,1
831968,1
831974,2
831986,1
831988,1
831994,1
832004,1
832006,1
832009,2
832021,1
832027,1
832032,1
832038,1
832041,1
832045,1
832052,1
832057,2
832072,1
832076,2
832079,1
832084,1
832091,2
832101,1
832108,1
832114,1
832119,1
832122,1
832132,2
832136,1
832141,1
832150,1
832157,1
832166,1
832168,1
832172,1
832175,2
832178,1
832180,1
832182,1
832184,1
832192,1
832199,1
832207,1
832218,1
832220,1
832227,1
832234,2
832239,1
832242,1
832248,2
832258,1
832269,1
832274,1
832276,1
832280,2
832298,1
832303,2
832308,1
832312,2
832316,1
832322,1
832324,1
832340,1
832345,1
832348,1
832351,2
832354,1
832357,1
832359,1
832375,1
832382,2
832384,1
832393,1
832400,1
832406,1
832409,2
832418,1
832431,1
832436,1
832446,1
832450,1
832457,1
832477,2
832484,2
832494,2
832512,2
832533,1
832541,2
832555,2
832559,1
832562,2
832565,2
832573,1
832576,2
832581,1
832587,2
832590,2
832592,1
832596,1
832612,2
832641,1
832652,1
832658,1
832670,2
832674,1
832680,1
832684,1
832686,1
832698,1
832702,1
832709,1
832714,1
832718,1
832727,1
832733,2
832735,1
832737,1
832740,1
832761,1
832790,1
832794,1
832802,1
832809,1
832832,1
832841,1
832845,1
832848,1
832855,3
832861,1
832871,1
832884,1
832886,1
832893,2
832897,1
832899,1
832905,1
832911,1
832917,2
832931,1
832935,1
832938,1
832945,1
832949,2
832952,2
832961,1
832981,1
832995,1
833012,2
833015,2
833018,1
833022,1
833026,1
833036,1
833040,1
833045,1
833051,1
833053,1
833062,1
833075,1
833077,1
833079,1
833090,2
833096,1
833098,1
833103,1
833106,1
833115,1
833121,1
833124,1
833129,2
833131,1
833138,1
833143,1
833158,1
833168,1
833172,1
833175,1
833177,1
833193,1
833206,1
833212,1
833221,1
833230,1
833233,2
833235,1
833238,1
833246,1
833272,1
833281,1
833287,1
833290,1
833298,1
833300,1
833311,1
833318,2
833323,1
833329,1
833335,1
833350,2
833357,2
833359,1
833367,1
833379,1
833384,2
833386,1
833391,1
833397,2
833410,1
833415,1
833419,1
833427,1
833429,1
833432,1
833436,1
833440,1
833443,1
833447,1
833456,2
833461,1
833476,1
833485,1
833489,1
833492,1
833495,1
833497,1
833501,2
833508,1
833514,1
833529,2
833532,2
833536,2
833555,1
833560,1
833565,1
833568,2
833574,1
833579,1
833585,1
833590,2
833598,1
833603,1
833607,1
833610,1
833613,2
833616,1
833628,1
833632,1
833649,2
833651,1
833654,2
833657,1
833668,1
833675,2
833678,1
833683,1
833687,1
833693,1
833696,1
833707,1
833713,2
833723,3
833736,2
833754,1
833767,1
833776,1
833782,2
833784,1
833807,1
833819,2
833825,1
833830,2
833840,1
833843,1
833849,1
833854,1
833860,1
833866,1
833874,1
833878,1
833901,1
833909,2
833920,2
833932,1
833938,1
833941,1
833944,1
833947,1
833951,1
833954,1
833963,1
833977,2
833985,2
833990,1
834011,1
834014,1
834018,1
834026,1
834029,1
834039,1
834049,1
834055,1
834063,1
834067,1
834069,1
834077,1
834088,1
834092,1
834096,2
834099,1
834119,2
834130,1
834137,4
834141,2
834145,1
834150,1
834160,2
834164,1
834175,1
834191,1
834195,1
834197,1
834205,1
834214,1
834218,1
834223,1
834231,2
834241,2
834243,1
834257,1
834262,1
834264,1
834266,1
834271,2
834278,1
834282,1
834292,1
834300,2
834307,1
834314,1
834319,1
834326,1
834332,1
834350,2
834361,1
834366,1
834368,1
834370,1
834375,1
834379,1
834381,1
834393,2
834401,1
834408,1
834413,2
834415,1
834417,1
834420,2
834428,1
834431,1
834433,1
834438,1
834442,1
834448,1
834455,1
834466,1
834471,2
834477,1
834486,1
834489,1
834493,1
834499,1
834502,1
834505,2
834508,1
834510,1
834514,1
834521,1
834537,1
834539,1
834543,1
834549,1
834552,1
834555,1
834559,1
834564,2
834566,1
834571,1
834575,1
834577,1
834581,1
834584,1
834589,2
834596,4
834600,1
834615,1
834649,2
834651,1
834658,1
834671,1
834673,1
834676,2
834678,1
834687,2
834705,1
834707,1
834711,2
834714,1
834719,2
834725,1
834733,1
834735,1
834751,2
834754,2
834756,1
834759,1
834764,2
834789,1
834803,1
834805,1
834812,1
834817,2
834820,1
834826,1
834841,1
834849,1
834852,1
834857,1
834860,1
834872,1
834875,1
834884,1
834897,1
834904,1
834906,1
834910,1
834933,1
834936,1
834939,1
834943,1
834950,1
834953,1
834957,1
834967,1
834973,1
834977,1
834982,2
834986,1
835018,1
835030,1
835041,1
835047,3
835052,1
835054,1
835062,1
835066,1
835071,1
835077,1
835086,1
835091,1
835098,2
835103,2
835107,1
835118,1
835130,2
835135,1
835141,1
835148,1
835152,1
835167,1
835178,1
835188,1
835192,1
835195,2
835198,1
835202,1
835204,1
835208,1
835212,1
835216,1
835222,1
835228,1
835233,1
835240,1
835243,2
835254,1
835259,1
835267,2
835269,1
835274,1
835281,1
835283,1
835289,1
835295,1
835298,1
835300,1
835304,1
835309,1
835335,1
835342,1
835347,2
835349,1
835351,1
835355,1
835360,1
835365,1
835375,2
835383,1
835392,1
835395,1
835397,1
835403,1
835406,1
835417,2
835427,1
835431,1
835435,2
835438,1
835440,1
835450,1
835452,1
835454,1
835457,1
835462,1
835468,1
835475,1
835491,2
835501,1
835503,1
835518,1
835522,2
835531,1
835534,1
835538,1
835543,2
835551,1
835561,1
835566,1
835576,1
835579,1
835590,2
835599,1
835608,1
835610,1
835616,2
835621,2
835625,1
835637,1
835653,1
835666,1
835672,2
835679,2
835682,1
835689,1
835695,1
835705,1
835712,2
835715,1
835722,1
835727,1
835729,1
835739,2
835746,1
835749,1
835753,2
835758,1
835765,1
835775,1
835779,2
835782,2
835784,1
835788,1
835798,2
835804,2
835811,3
835813,1
835818,1
835824,2
835830,1
835833,1
835837,2
835844,2
835860,1
835862,1
835866,1
835870,1
835872,1
835878,1
835882,1
835886,2
835889,1
835894,1
835905,1
835911,1
835914,1
835930,2
835932,1
835942,2
835946,1
835951,2
835965,1
835969,1
836001,2
836004,2
836008,1
836010,1
836029,1
836031,1
836035,2
836045,1
836047,1
836059,1
836063,1
836065,1
836071,2
836076,1
836078,1
836081,1
836088,1
836092,1
836107,1
836122,1
836128,1
836135,1
836143,1
836152,1
836158,1
836162,1
836169,1
836176,2
836183,2
836187,1
836193,2
836197,1
836230,1
836234,2
836236,1
836246,1
836253,1
836257,1
836263,1
836265,1
836269,1
836273,1
836289,2
836317,1
836322,1
836324,1
836336,1
836341,1
836347,1
836358,1
836369,1
836371,1
836386,1
836388,1
836400,1
836403,2
836407,1
836412,2
836423,1
836428,1
836441,4
836455,1
836461,1
836463,1
836474,2
836476,1
836479,1
836482,1
836489,1
836499,2
836509,1
836512,2
836518,1
836539,1
836552,2
836555,1
836567,1
836574,1
836581,1
836586,1
836589,1
836593,1
836596,1
836606,1
836608,1
836614,1
836619,1
836624,1
836628,3
836631,1
836633,1
836639,1
836643,1
836655,1
836670,1
836675,1
836683,1
836690,1
836692,1
836701,2
836706,1
836710,1
836717,3
836721,1
836728,1
836730,1
836737,1
836747,1
836749,1
836764,1
836792,1
836794,1
836800,1
836816,1
836819,1
836836,1
836839,2
836849,2
836855,1
836858,2
836860,1
836867,1
836870,1
836872,1
836882,1
836884,1
836888,1
836891,1
836899,1
836905,1
836910,2
836920,1
836926,1
836928,1
836946,2
836954,1
836959,1
836973,1
836983,1
836986,1
836998,1
837016,1
837020,1
837032,1
837042,1
837047,1
837050,2
837058,3
837062,1
837068,1
837077,1
837079,1
837082,2
837100,1
837121,1
837126,1
837136,1
837149,1
837153,1
837156,1
837161,1
837165,2
837179,1
837181,1
837185,1
837193,1
837196,1
837199,1
837229,1
837239,1
837245,1
837248,1
837265,1
837269,1
837275,2
837277,1
837279,1
837283,2
837292,1
837300,1
837313,2
837315,1
837322,1
837325,1
837335,1
837378,1
837391,1
837396,1
837399,1
837403,1
837409,1
837421,1
837432,1
837439,1
837462,1
837476,1
837488,2
837491,1
837496,2
837498,1
837503,1
837518,1
837528,1
837537,2
837544,2
837551,1
837556,1
837565,2
837579,2
837586,1
837588,1
837598,2
837607,1
837620,1
837629,3
837635,1
837639,1
837641,1
837649,1
837659,1
837662,1
837665,1
837668,1
837680,1
837682,1
837697,1
837706,1
837724,2
837726,1
837742,1
837753,1
837757,1
837761,1
837767,1
837773,1
837777,1
837782,2
837785,1
837792,1
837795,2
837800,1
837808,1
837811,1
837822,1
837828,2
837830,1
837835,1
837837,1
837847,1
837855,1
837857,1
837865,1
837870,1
837873,1
837875,1
837891,1
837908,1
837914,1
837922,1
837933,1
837940,1
837944,1
837947,1
837949,1
837962,1
837967,2
837973,1
837984,1
837987,1
837990,1
838004,2
838015,2
838021,1
838024,1
838037,1
838042,2
838047,1
838052,1
838055,2
838063,1
838071,1
838080,2
838090,1
838093,1
838100,1
838111,1
838114,1
838119,1
838121,1
838128,1
838145,3
838149,1
838152,1
838159,1
838164,1
838167,1
838173,2
838176,2
838190,1
838197,1
838204,1
838209,2
838212,1
838214,1
838223,1
838225,1
838229,1
838233,1
838236,1
838242,1
838244,1
838252,1
838255,1
838260,1
838263,2
838269,2
838271,1
838282,1
838291,1
838295,1
838301,1
838305,2
838308,1
838319,1
838322,1
838332,1
838337,1
838346,1
838348,1
838352,1
838354,1
838358,1
838361,1
838370,2
838384,2
838405,1
838409,1
838412,1
838416,1
838426,2
838435,1
838437,1
838443,1
838448,1
838451,1
838456,2
838458,1
838461,2
838467,1
838482,1
838492,1
838496,2
838500,1
838503,1
838524,1
838530,1
838539,3
838541,1
838550,1
838554,1
838560,1
838563,1
838565,1
838568,1
838570,1
838573,1
838575,1
838581,2
838584,2
838586,1
838592,1
838606,1
838609,1
838614,2
838616,1
838621,1
838628,1
838630,1
838632,1
838637,1
838639,1
838657,1
838671,1
838676,1
838682,1
838688,1
838693,1
838698,1
838701,1
838731,1
838735,1
838737,1
838741,1
838745,1
838750,1
838767,1
838773,1
838776,2
838782,2
838796,1
838806,1
838811,1
838817,2
838826,1
838829,1
838831,1
838839,1
838845,2
838849,1
838855,2
838866,1
838872,2
838875,1
838879,1
838883,2
838892,1
838900,1
838924,1
838929,1
838942,1
838949,1
838955,1
838960,1
838981,1
838983,1
838993,1
839017,1
839025,1
839038,1
839040,1
839054,1
839057,1
839073,1
839080,2
839082,1
839085,1
839094,4
839099,1
839108,2
839128,2
839131,1
839135,1
839141,2
839145,1
839153,1
839159,2
839169,1
839171,1
839175,1
839195,2
839199,1
839212,1
839214,1
839220,2
839227,1
839236,2
839248,1
839254,1
839257,1
839262,1
839264,1
839266,1
839269,2
839278,1
839288,1
839290,1
839297,1
839304,1
839309,1
839311,1
839314,1
839327,2
839334,1
839340,1
839342,1
839350,1
839364,2
839374,1
839384,1
839391,1
839401,1
839403,1
839410,1
839413,1
839420,1
839429,2
839434,1
839454,2
839456,1
839469,1
839478,1
839484,1
839491,1
839500,2
839504,3
839519,1
839527,2
839530,1
839533,1
839548,1
839559,1
839570,2
839578,1
839587,1
839593,2
839595,1
839597,1
839601,2
839611,1
839614,1
839617,1
839620,2
839626,1
839629,1
839642,1
839644,1
839646,1
839655,1
839658,1
839662,2
839666,1
839673,1
839675,1
839677,1
839681,1
839687,1
839689,1
839704,1
839712,1
839716,1
839722,2
839729,1
839734,1
839742,1
839751,1
839755,1
839760,1
839768,2
839771,1
839778,1
839780,1
839783,1
839785,1
839791,1
839795,2
839802,1
839806,1
839815,1
839825,1
839828,1
839830,1
839837,1
839842,1
839861,1
839863,1
839872,1
839879,1
839899,1
839905,1
839909,1
839914,1
839919,1
839926,2
839933,1
839936,2
839938,1
839942,1
839945,1
839951,2
839960,1
839965,1
839982,2
839986,1
839997,2
839999,1
840005,1
840010,1
840012,1
840030,1
840046,1
840056,2
840065,2
840078,1
840083,1
840085,1
840090,1
840092,1
840103,2
840106,1
840112,2
840116,1
840138,1
840168,1
840174,1
840182,1
840186,2
840190,1
840198,1
840202,1
840207,1
840209,1
840212,1
840218,1
840224,1
840227,2
840230,1
840235,1
840237,1
840241,1
840244,1
840247,1
840253,1
840255,1
840258,2
840262,1
840268,1
840272,1
840281,1
840285,1
840294,2
840297,2
840300,1
840306,1
840310,1
840315,1
840324,1
840328,2
840334,2
840370,2
840379,1
840390,1
840392,1
840395,1
840405,1
840407,1
840410,1
840420,1
840431,1
840436,1
840438,1
840447,1
840451,1
840456,2
840466,2
840474,1
840477,1
840482,1
840484,1
840489,1
840495,2
840498,1
840504,1
840508,1
840510,1
840521,1
840529,2
840538,1
840540,1
840547,2
840578,1
840588,1
840604,2
840611,2
840617,1
840623,2
840632,1
840638,1
840663,1
840670,1
840675,1
840681,2
840685,1
840691,2
840696,1
840700,1
840704,2
840720,1
840727,1
840734,1
840736,1
840743,1
840751,1
840785,1
840798,1
840816,1
840821,1
840825,1
840829,1
840844,2
840852,1
840865,1
840882,1
840884,1
840889,2
840891,1
840894,2
840898,1
840903,1
840905,1
840914,1
840918,1
840921,2
840929,2
840936,2
840942,2
840944,1
840949,2
840961,2
840966,2
840987,1
840995,2
840999,1
841004,1
841010,1
841012,1
841015,1
841017,1
841021,2
841024,1
841027,2
841029,1
841038,2
841043,1
841056,1
841059,2
841067,1
841080,2
841086,1
841094,1
841098,2
841100,1
841102,1
841113,1
841115,1
841137,1
841139,1
841147,1
841153,1
841155,1
841162,1
841169,1
841172,1
841175,1
841179,1
841196,1
841208,1
841218,2
841221,1
841227,1
841248,2
841250,1
841256,1
841261,1
841268,2
841274,1
841284,1
841288,2
841293,2
841295,1
841299,1
841307,1
841316,2
841334,1
841337,2
841345,1
841348,2
841351,1
841376,1
841382,1
841406,1
841409,2
841429,1
841431,1
841441,1
841445,1
841450,1
841455,1
841462,2
841465,1
841472,1
841474,1
841477,1
841481,1
841483,1
841491,1
841493,1
841504,1
841512,1
841514,1
841517,1
841522,1
841542,1
841545,1
841555,1
841558,1
841566,1
841571,1
841581,1
841591,1
841602,1
841613,1
841616,1
841618,1
841622,1
841626,1
841631,1
841639,2
841641,1
841660,1
841665,2
841668,1
841671,1
841673,1
841693,1
841696,1
841716,1
841721,1
841726,2
841728,1
841731,1
841737,1
841741,1
841743,1
841752,2
841760,1
841763,1
841766,1
841770,1
841773,1
841795,1
841800,2
841802,1
841804,1
841807,2
841816,1
841820,1
841835,2
841843,3
841848,1
841854,1
841870,1
841875,1
841879,1
841881,1
841891,1
841899,1
841920,1
841923,1
841935,1
841937,1
841942,1
841945,2
841951,1
841969,1
841978,1
841980,1
841982,1
841992,2
842002,1
842011,2
842014,1
842019,1
842022,1
842026,1
842033,2
842036,2
842038,1
842041,1
842051,1
842053,1
842058,1
842061,1
842077,1
842082,1
842087,1
842092,2
842097,1
842103,1
842109,1
842117,2
842125,1
842135,2
842142,1
842146,2
842150,2
842157,1
842161,1
842164,2
842166,1
842177,2
842180,1
842182,1
842192,2
842205,1
842213,1
842220,2
842224,1
842226,1
842228,1
842242,1
842246,1
842254,2
842275,1
842290,1
842299,2
842301,1
842308,1
842313,1
842322,1
842331,1
842333,1
842346,3
842350,1
842359,2
842373,1
842376,1
842380,1
842383,1
842387,1
842395,1
842398,1
842403,1
842432,1
842434,1
842444,1
842446,1
842448,1
842457,2
842459,1
842464,2
842467,1
842477,1
842484,1
842491,1
842498,2
842515,1
842523,1
842530,2
842542,1
842545,1
842550,2
842554,1
842557,1
842563,1
842567,1
842571,1
842576,1
842578,1
842581,1
842586,1
842588,1
842595,2
842604,2
842606,1
842612,2
842617,1
842627,1
842646,2
842649,1
842657,2
842663,2
842674,1
842678,1
842684,1
842694,1
842696,1
842699,1
842713,1
842717,1
842719,1
842722,2
842724,1
842726,1
842743,1
842746,1
842759,1
842768,2
842783,2
842793,1
842797,1
842799,1
842817,1
842825,1
842829,1
842835,1
842839,1
842848,2
842851,1
842853,1
842858,2
842865,2
842871,1
842879,1
842884,1
842896,1
842898,1
842906,1
842908,1
842910,1
842918,1
842921,1
842931,1
842939,1
842943,1
842947,1
842949,1
842951,1
842958,1
842964,1
842969,2
842971,1
842975,2
842988,2
843013,2
843018,1
843020,1
843022,1
843029,1
843034,1
843040,2
843042,1
843050,2
843061,1
843067,1
843073,1
843075,1
843084,1
843088,2
843092,1
843097,1
843100,1
843106,1
843109,1
843123,1
843127,1
843135,1
843139,1
843152,1
843159,2
843166,1
843173,1
843175,1
843181,1
843198,1
843203,2
843207,1
843215,1
843226,1
843230,1
843239,1
843243,2
843250,1
843254,1
843258,1
843261,1
843273,1
843279,1
843282,1
843284,1
843287,1
843289,1
843302,1
843314,1
843320,2
843335,1
843355,1
843373,1
843379,1
843382,1
843385,1
843389,1
843391,1
843393,1
843400,1
843403,1
843416,1
843426,1
843429,2
843444,1
843448,2
843460,1
843464,1
843470,2
843481,1
843485,1
843487,1
843491,1
843498,1
843503,1
843505,1
843522,2
843539,1
843542,2
843547,2
843554,1
843570,1
843573,2
843576,1
843585,1
843589,2
843594,1
843598,1
843602,2
843608,1
843612,1
843615,1
843620,2
843630,1
843634,1
843643,1
843656,2
843660,1
843668,1
843675,1
843680,2
843692,1
843697,1
843713,1
843732,2
843740,2
843746,2
843748,1
843755,2
843760,2
843763,1
843778,2
843785,1
843787,1
843801,1
843823,3
843843,2
843849,1
843860,1
843864,1
843866,1
843869,1
843883,1
843888,1
843891,1
843893,1
843900,2
843903,1
843911,1
843914,1
843923,1
843934,1
843944,1
843973,1
843978,1
843992,1
843995,1
843997,1
844003,1
844005,1
844014,1
844020,1
844022,1
844034,1
844049,1
844056,1
844060,1
844063,1
844066,1
844070,1
844087,2
844091,1
844096,1
844101,1
844128,1
844130,1
844135,1
844137,1
844143,1
844163,1
844167,1
844174,1
844178,1
844185,1
844189,1
844191,1
844194,1
844197,1
844205,1
844211,1
844215,1
844219,1
844221,1
844224,1
844226,1
844230,1
844233,1
844238,1
844244,1
844246,1
844259,1
844272,1
844276,2
844284,1
844286,1
844295,1
844297,1
844302,2
844308,1
844317,1
844323,1
844328,2
844333,1
844340,1
844342,1
844346,1
844348,1
844351,1
844358,1
844370,1
844372,1
844375,1
844379,2
844389,1
844394,1
844398,1
844409,1
844419,1
844421,1
844427,1
844439,1
844443,2
844445,1
844455,1
844464,1
844466,1
844481,2
844485,2
844489,1
844491,1
844496,1
844501,1
844504,1
844509,1
844515,1
844518,1
844525,1
844530,2
844534,1
844538,1
844540,1
844554,1
844557,1
844561,1
844565,1
844569,1
844584,1
844587,1
844591,1
844595,2
844615,1
844618,1
844625,1
844628,1
844630,1
844637,2
844649,1
844652,1
844671,2
844674,1
844677,1
844679,1
844697,2
844707,1
844711,2
844717,1
844723,1
844727,2
844731,1
844741,2
844745,1
844751,2
844754,1
844760,1
844766,1
844774,1
844784,1
844799,1
844803,1
844806,1
844809,1
844813,1
844816,2
844821,1
844825,1
844835,1
844837,1
844847,4
844853,1
844855,1
844859,2
844868,2
844870,1
844876,1
844880,1
844883,1
844888,1
844895,2
844899,1
844927,1
844940,2
844943,1
844947,1
844949,1
844951,1
844959,1
844969,1
844973,1
844979,1
844985,1
844996,1
844998,1
845012,1
845019,2
845027,2
845042,1
845044,1
845047,1
845052,1
845057,1
845062,1
845068,3
845073,1
845082,1
845087,1
845091,2
845095,2
845097,1
845103,1
845106,1
845109,1
845113,1
845117,1
845138,1
845140,1
845143,1
845153,1
845160,1
845169,2
845171,1
845176,1
845181,1
845187,1
845190,1
845194,1
845197,1
845210,1
845212,1
845217,2
845221,1
845235,1
845239,1
845242,2
845250,1
845258,1
845267,1
845276,2
845279,2
845288,1
845293,1
845319,1
845321,1
845330,1
845332,1
845336,1
845339,1
845350,2
845369,1
845372,1
845378,1
845384,1
845389,1
845406,1
845411,2
845415,1
845417,1
845430,2
845437,1
845439,1
845442,1
845444,1
845448,1
845453,1
845459,1
845467,1
845471,1
845475,1
845480,1
845483,2
845485,1
845487,1
845496,1
845503,1
845509,1
845511,1
845519,2
845523,1
845526,1
845528,1
845539,1
845542,1
845556,1
845561,1
845569,2
845576,1
845581,1
845587,1
845592,2
845597,1
845610,1
845621,1
845627,1
845631,1
845633,1
845662,2
845664,1
845671,1
845675,1
845704,1
845717,3
845730,1
845736,1
845748,1
845750,1
845758,1
845765,1
845770,1
845772,1
845778,1
845784,1
845786,1
845791,2
845798,1
845804,1
845809,1
845820,2
845824,1
845830,1
845841,1
845851,2
845855,3
845867,1
845873,2
845880,1
845883,1
845886,1
845893,1
845906,1
845915,1
845917,1
845934,1
845960,1
845964,1
845966,1
845972,1
845975,1
845986,2
845998,1
846008,1
846011,1
846020,2
846027,1
846036,1
846039,1
846054,1
846061,1
846067,1
846071,1
846076,1
846082,2
846084,1
846091,1
846095,2
846098,1
846101,1
846112,1
846121,1
846123,1
846129,1
846133,2
846139,1
846155,1
846158,1
846162,2
846168,1
846173,2
846182,2
846185,1
846191,1
846196,1
846198,1
846202,2
846204,1
846209,1
846215,1
846218,1
846227,1
846242,2
846253,1
846257,1
846263,2
846269,1
846280,1
846284,1
846292,1
846317,1
846321,1
846324,1
846339,2
846343,2
846353,1
846355,1
846359,1
846370,1
846373,2
846378,1
846413,1
846425,1
846430,1
846448,1
846455,2
846464,1
846469,1
846471,1
846473,1
846479,1
846494,1
846499,2
846510,2
846519,1
846527,1
846533,1
846541,2
846549,1
846561,1
846578,1
846596,1
846599,2
846602,1
846606,1
846612,1
846618,1
846630,1
846634,1
846640,1
846654,1
846660,2
846686,1
846692,1
846698,1
846703,1
846718,2
846722,1
846727,1
846730,1
846734,1
846737,2
846740,1
846744,2
846748,1
846761,1
846764,1
846767,2
846771,2
846787,1
846791,1
846795,1
846801,1
846803,1
846805,1
846813,1
846819,2
846832,1
846834,1
846840,1
846842,1
846848,1
846854,2
846859,1
846864,1
846866,1
846880,1
846889,2
846899,1
846908,1
846910,1
846916,1
846918,1
846920,1
846926,1
846930,2
846958,1
846960,1
846974,2
846978,1
846980,1
846985,1
847001,1
847012,3
847038,1
847040,1
847061,1
847064,2
847067,2
847074,1
847105,1
847107,1
847112,1
847115,1
847122,1
847127,2
847137,2
847142,2
847158,1
847172,1
847183,1
847191,1
847193,1
847195,1
847200,1
847205,1
847208,1
847218,1
847220,1
847230,1
847246,1
847248,1
847254,1
847257,1
847265,1
847271,1
847275,1
847285,1
847292,1
847294,1
847298,1
847302,1
847305,1
847322,1
847326,1
847343,1
847352,1
847377,1
847380,1
847386,1
847421,2
847424,2
847426,1
847428,1
847445,1
847450,1
847459,1
847476,2
847482,2
847493,1
847496,1
847503,1
847506,2
847511,2
847513,1
847517,1
847523,1
847526,1
847530,2
847538,1
847544,2
847551,1
847558,1
847564,2
847567,1
847572,1
847575,2
847584,1
847590,1
847595,1
847603,1
847606,1
847613,1
847615,1
847623,1
847626,1
847633,1
847640,1
847655,2
847669,1
847672,1
847675,2
847687,2
847694,1
847698,1
847709,1
847713,1
847720,1
847738,1
847740,1
847744,2
847746,1
847749,1
847756,1
847763,1
847766,1
847771,1
847776,1
847780,1
847784,1
847786,1
847808,1
847814,1
847829,1
847841,1
847845,1
847853,2
847856,1
847873,1
847884,1
847890,1
847894,1
847896,1
847903,1
847909,2
847918,1
847922,1
847929,1
847933,1
847941,1
847948,1
847953,1
847955,1
847965,1
847971,1
847980,1
847991,1
847994,1
847996,1
848000,3
848010,1
848017,1
848026,2
848029,2
848032,1
848042,1
848050,1
848056,1
848060,2
848063,1
848079,3
848084,1
848103,1
848106,1
848115,1
848126,1
848138,2
848146,1
848151,1
848153,1
848155,1
848157,1
848161,1
848163,1
848165,1
848169,1
848174,1
848176,1
848188,1
848199,2
848207,2
848212,1
848215,2
848219,1
848223,1
848226,1
848242,1
848252,2
848262,1
848264,1
848266,1
848273,2
848283,2
848285,1
848288,1
848290,1
848313,1
848321,2
848325,2
848334,1
848338,1
848340,1
848349,1
848357,1
848365,1
848370,1
848373,1
848375,1
848384,1
848389,1
848395,2
848400,2
848406,2
848408,1
848418,1
848422,1
848429,1
848434,1
848436,1
848443,1
848447,2
848468,2
848472,1
848482,1
848484,1
848496,1
848500,1
848504,1
848511,1
848519,1
848525,2
848531,1
848540,2
848543,1
848552,1
848557,1
848562,1
848567,2
848574,1
848577,1
848579,1
848587,2
848591,3
848593,1
848596,1
848598,1
848603,1
848607,1
848611,2
848619,1
848628,1
848630,1
848641,2
848645,1
848674,2
848679,1
848684,1
848690,1
848695,1
848701,1
848703,1
848727,1
848733,1
848746,1
848751,2
848757,1
848764,1
848775,1
848778,1
848780,1
848790,1
848797,2
848803,3
848814,3
848818,1
848823,1
848825,1
848829,1
848831,1
848833,1
848843,1
848851,1
848857,1
848859,1
848863,1
848869,1
848874,1
848878,1
848882,1
848886,1
848893,1
848903,1
848908,1
848915,2
848928,2
848934,2
848948,1
848953,1
848957,2
848965,1
848975,1
848980,1
848986,1
848989,1
848991,1
848994,1
848999,1
849009,1
849011,1
849023,2
849032,2
849040,1
849050,1
849055,2
849059,2
849065,1
849067,1
849084,1
849087,1
849091,1
849096,2
849099,1
849109,1
849115,1
849122,1
849135,1
849141,1
849144,1
849148,2
849156,1
849169,1
849175,1
849177,1
849182,1
849187,1
849195,1
849200,1
849204,2
849206,1
849208,1
849210,1
849218,1
849224,2
849226,1
849231,1
849235,1
849238,2
849242,1
849248,1
849258,1
849273,1
849275,1
849277,1
849282,1
849291,1
849297,1
849303,1
849305,1
849310,1
849316,1
849320,1
849327,1
849333,1
849339,2
849345,1
849350,1
849353,1
849358,1
849360,1
849363,1
849377,1
849384,1
849396,2
849406,2
849408,1
849417,1
849423,1
849425,1
849440,1
849451,1
849453,1
849472,1
849487,1
849493,1
849495,1
849500,1
849508,2
849514,1
849519,1
849523,1
849525,1
849534,1
849540,1
849548,2
849555,1
849557,1
849567,1
849574,1
849579,1
849582,2
849585,1
849587,1
849590,1
849597,1
849599,1
849601,1
849604,1
849606,1
849611,1
849613,1
849616,1
849621,1
849646,1
849652,1
849659,1
849663,1
849667,1
849674,1
849679,1
849685,1
849688,1
849690,1
849694,1
849717,1
849722,1
849729,1
849734,1
849736,1
849742,1
849747,1
849757,1
849764,1
849768,1
849771,1
849774,1
849776,1
849778,1
849781,1
849792,1
849802,1
849827,1
849831,1
849835,1
849838,1
849843,1
849849,1
849852,2
849865,1
849867,1
849872,1
849874,1
849877,1
849880,1
849883,1
849889,1
849895,1
849900,2
849912,1
849919,1
849925,1
849936,1
849945,1
849947,1
849952,2
849968,1
849972,1
849982,1
849986,1
849989,2
850000,2
850005,1
850010,1
850014,1
850016,1
850021,1
850028,1
850035,1
850040,1
850053,1
850062,1
850065,2
850070,1
850090,1
850094,1
850104,2
850125,1
850134,2
850146,1
850150,1
850155,1
850157,1
850167,1
850173,1
850176,1
850184,1
850189,1
850194,1
850199,1
850202,2
850209,1
850215,1
850224,1
850226,1
850229,1
850234,2
850248,2
850258,1
850261,1
850263,1
850267,1
850270,2
850274,1
850280,2
850294,1
850298,1
850308,1
850317,1
850320,1
850326,2
850339,1
850343,1
850353,1
850357,1
850366,1
850370,2
850377,1
850379,1
850391,1
850401,1
850416,1
850422,1
850424,1
850428,1
850434,1
850438,1
850443,1
850445,1
850450,1
850458,1
850466,1
850469,1
850475,1
850487,1
850495,1
850500,1
850509,1
850514,1
850519,2
850521,1
850541,1
850544,1
850553,1
850556,1
850566,1
850571,2
850586,1
850588,1
850593,2
850606,1
850609,1
850626,1
850645,1
850647,1
850658,1
850661,1
850667,1
850685,1
850694,1
850699,1
850702,2
850739,2
850743,1
850758,1
850765,2
850772,1
850775,1
850778,1
850782,1
850793,2
850795,1
850807,2
850810,1
850824,2
850835,1
850837,1
850850,1
850853,1
850859,1
850872,2
850890,1
850892,1
850903,1
850906,1
850918,2
850923,1
850927,1
850936,1
850941,1
850945,1
850947,1
850954,1
850958,2
850962,1
850964,1
850973,2
850983,2
850988,1
850991,1
850999,1
851010,1
851013,2
851015,1
851021,1
851024,1
851029,1
851037,1
851039,1
851041,1
851043,1
851053,2
851063,1
851067,1
851071,1
851073,1
851075,1
851077,1
851086,2
851091,1
851094,1
851098,1
851103,1
851112,1
851121,2
851136,1
851138,1
851144,1
851147,2
851153,2
851159,1
851182,1
851200,2
851205,1
851208,1
851219,2
851222,2
851225,1
851248,1
851255,1
851262,1
851267,1
851272,1
851277,1
851281,1
851284,2
851286,1
851291,1
851298,1
851311,1
851330,2
851336,2
851339,1
851347,1
851364,1
851383,1
851388,1
851394,1
851399,1
851411,1
851419,1
851427,2
851430,1
851432,1
851439,1
851444,2
851447,1
851455,1
851460,2
851462,1
851464,1
851468,1
851472,1
851478,1
851488,1
851499,1
851511,1
851514,2
851517,1
851525,1
851528,1
851532,2
851537,1
851542,1
851556,1
851561,1
851573,1
851575,1
851580,1
851592,1
851605,1
851615,1
851628,1
851630,1
851633,1
851637,1
851642,1
851645,1
851647,1
851649,1
851651,1
851654,2
851659,1
851662,1
851669,2
851671,1
851682,1
851686,1
851691,1
851694,2
851700,1
851708,1
851715,1
851741,1
851743,1
851752,1
851769,1
851778,2
851781,2
851786,1
851799,1
851802,1
851804,1
851812,1
851827,1
851837,2
851839,1
851843,1
851855,1
851862,1
851878,1
851885,2
851897,1
851917,1
851924,1
851927,1
851944,1
851955,1
851957,1
851963,1
851967,1
851977,1
851979,1
851993,1
852000,1
852004,1
852007,1
852012,2
852015,1
852017,1
852023,1
852026,1
852036,2
852054,1
852071,1
852074,1
852078,2
852088,1
852092,1
852095,1
852104,1
852107,1
852127,1
852133,1
852149,1
852157,1
852161,1
852174,1
852184,1
852190,1
852194,2
852196,1
852199,1
852202,2
852207,2
852210,1
852217,1
852224,1
852228,1
852247,1
852249,1
852251,1
852255,2
852262,1
852266,1
852273,1
852275,1
852278,2
852285,1
852289,1
852294,1
852297,2
852304,1
852308,1
852313,1
852329,1
852355,2
852375,2
852380,1
852384,1
852394,1
852397,1
852401,1
852404,2
852410,2
852412,1
852423,1
852426,1
852428,1
852439,1
852451,1
852456,1
852479,2
852482,1
852494,1
852498,1
852505,1
852513,2
852519,1
852525,1
852530,1
852539,1
852541,1
852543,1
852556,2
852566,1
852569,2
852576,1
852578,1
852581,1
852585,1
852588,1
852594,1
852616,1
852619,1
852626,1
852630,1
852635,1
852646,1
852648,1
852651,1
852656,1
852662,1
852674,1
852677,1
852682,1
852689,2
852700,1
852719,1
852726,1
852729,1
852736,1
852748,1
852751,1
852758,2
852760,1
852768,2
852771,1
852773,1
852777,2
852780,2
852788,2
852800,2
852805,1
852814,1
852818,2
852825,2
852833,1
852837,2
852850,1
852856,1
852863,1
852872,1
852881,1
852889,1
852898,3
852907,1
852911,2
852917,1
852919,1
852946,1
852950,1
852960,2
852967,1
852972,2
852974,1
852976,1
853004,1
853007,2
853018,1
853032,1
853041,2
853048,1
853054,2
853058,1
853070,1
853073,1
853076,1
853082,1
853085,1
853087,1
853090,1
853092,1
853095,1
853100,1
853109,1
853112,1
853116,3
853120,1
853123,1
853126,1
853133,1
853135,1
853139,1
853152,1
853159,1
853162,1
853174,1
853178,1
853183,2
853186,1
853188,1
853190,1
853207,1
853211,1
853215,1
853224,1
853231,2
853252,1
853254,1
853264,1
853279,1
853283,1
853289,1
853291,1
853294,1
853298,1
853307,2
853312,1
853315,2
853318,1
853331,1
853343,1
853348,1
853352,1
853354,1
853364,1
853380,1
853389,2
853393,2
853399,2
853402,1
853407,1
853411,1
853417,2
853422,1
853426,1
853432,1
853435,1
853445,1
853464,1
853466,1
853472,2
853483,2
853485,1
853492,2
853499,1
853503,1
853508,1
853511,1
853516,1
853544,2
853554,2
853561,1
853569,1
853576,2
853580,1
853585,1
853590,1
853597,2
853604,1
853608,1
853611,2
853616,2
853618,1
853622,1
853626,1
853630,1
853640,1
853643,1
853645,1
853657,1
853660,1
853676,2
853678,1
853685,1
853690,2
853694,1
853704,1
853706,1
853709,1
853711,1
853715,2
853723,1
853730,1
853742,1
853749,1
853751,1
853756,1
853759,1
853763,1
853773,1
853783,2
853791,1
853796,1
853798,1
853800,1
853806,1
853808,1
853810,1
853816,1
853823,1
853826,2
853832,1
853835,1
853841,2
853847,1
853853,1
853859,2
853861,1
853864,2
853868,1
853876,1
853883,1
853889,2
853894,3
853896,1
853902,1
853910,2
853916,1
853921,1
853929,1
853934,1
853937,1
853946,1
853950,1
853960,1
853964,1
853966,1
853980,1
853984,1
853989,1
853998,2
854000,1
854003,1
854010,1
854013,1
854017,1
854025,2
854030,1
854040,3
854044,2
854061,1
854066,1
854077,2
854090,1
854097,1
854099,1
854106,1
854112,1
854120,1
854126,1
854131,1
854136,1
854139,1
854171,1
854176,1
854185,1
854192,1
854211,1
854222,1
854230,1
854232,1
854244,2
854246,1
854267,1
854270,1
854272,1
854278,1
854285,1
854296,2
854307,1
854309,1
854313,1
854319,1
854322,1
854326,1
854332,1
854343,1
854347,1
854349,1
854352,1
854355,1
854359,1
854367,2
854369,1
854373,1
854383,1
854388,1
854397,1
854411,1
854420,2
854423,2
854426,1
854431,1
854441,1
854457,1
854466,1
854492,1
854494,1
854498,1
854518,2
854530,1
854542,2
854549,2
854554,1
854560,1
854581,1
854590,2
854597,1
854601,1
854607,1
854613,2
854620,2
854623,1
854625,1
854627,1
854633,1
854635,1
854639,1
854642,1
854650,2
854654,1
854665,1
854668,1
854672,1
854675,2
854681,3
854689,1
854696,2
854699,1
854710,1
854717,1
854719,1
854727,1
854730,1
854734,1
854739,1
854746,1
854753,2
854760,1
854775,1
854793,1
854797,1
854800,1
854805,1
854810,1
854814,1
854828,1
854834,1
854842,2
854846,1
854858,1
854864,3
854872,1
854881,2
854883,1
854889,1
854898,1
854903,1
854914,1
854919,1
854924,1
854927,1
854929,1
854932,1
854940,2
854951,1
854957,1
854973,1
854979,1
854986,1
854988,1
854992,2
854994,1
854996,1
855008,1
855013,1
855016,1
855019,1
855026,1
855045,1
855049,1
855053,1
855063,2
855073,1
855079,1
855081,1
855097,1
855100,1
855105,1
855113,2
855115,1
855122,1
855127,1
855130,1
855147,1
855164,2
855181,1
855193,1
855196,1
855205,1
855216,1
855221,2
855225,1
855252,2
855254,1
855256,1
855262,2
855279,1
855282,1
855306,1
855321,2
855325,2
855334,1
855354,2
855358,1
855382,1
855387,1
855396,1
855403,1
855407,1
855412,1
855422,1
855424,1
855429,1
855431,1
855434,1
855437,1
855439,1
855442,2
855462,1
855471,1
855476,2
855484,1
855489,2
855491,1
855499,2
855505,1
855507,1
855525,2
855530,1
855539,1
855543,1
855550,2
855554,1
855560,1
855569,2
855574,1
855582,2
855585,1
855588,2
855590,1
855593,2
855595,1
855622,1
855624,1
855631,1
855634,1
855637,1
855650,1
855652,1
855656,1
855665,1
855669,2
855673,1
855675,1
855680,1
855682,1
855693,2
855698,1
855717,1
855725,1
855736,2
855739,2
855741,1
855753,1
855755,1
855762,2
855769,1
855772,1
855792,1
855795,1
855798,1
855801,2
855805,1
855807,1
855816,1
855827,1
855835,1
855843,1
855852,2
855860,1
855868,2
855886,2
855891,2
855904,1
855908,1
855913,1
855916,1
855926,2
855951,3
855953,1
855960,1
855962,1
855965,1
855969,1
855984,2
855989,2
855991,1
855993,1
855997,1
856003,2
856016,2
856021,1
856031,1
856040,1
856045,2
856056,1
856060,2
856066,2
856073,1
856076,1
856089,1
856091,1
856093,1
856095,1
856097,1
856117,1
856126,1
856131,1
856138,1
856144,1
856148,1
856151,1
856160,2
856162,1
856165,2
856169,1
856184,1
856188,1
856196,1
856202,1
856205,1
856208,2
856213,1
856230,1
856233,1
856239,1
856245,1
856249,2
856261,1
856268,1
856270,1
856286,2
856289,1
856297,1
856302,1
856309,1
856316,1
856324,1
856326,1
856334,1
856339,2
856343,1
856347,2
856350,1
856372,1
856374,1
856376,1
856380,2
856384,1
856398,1
856404,1
856407,1
856412,1
856420,1
856426,2
856431,1
856437,2
856439,1
856446,2
856465,1
856472,1
856474,1
856480,1
856490,1
856496,2
856502,2
856508,2
856512,1
856514,1
856530,1
856532,1
856535,1
856542,1
856545,1
856556,2
856564,2
856569,1
856576,1
856579,1
856584,1
856588,1
856597,1
856604,1
856606,1
856619,2
856621,1
856634,1
856641,1
856647,1
856652,1
856656,1
856661,1
856673,1
856679,2
856683,1
856690,1
856700,1
856713,1
856715,1
856720,1
856727,1
856739,1
856743,2
856746,2
856760,1
856763,1
856772,1
856775,1
856792,1
856805,1
856810,1
856819,2
856833,1
856842,1
856852,1
856864,2
856872,1
856882,1
856894,2
856898,1
856903,1
856907,2
856910,1
856936,1
856947,1
856952,2
856956,1
856961,1
856970,1
856975,1
856980,2
856984,1
856987,1
857002,1
857006,1
857009,1
857028,1
857032,2
857036,1
857043,1
857048,1
857052,1
857058,2
857064,1
857071,1
857078,2
857082,1
857085,1
857093,1
857102,1
857112,1
857116,1
857119,1
857127,2
857130,2
857133,2
857147,1
857152,1
857165,1
857167,1
857170,1
857186,1
857194,2
857197,1
857203,1
857208,1
857210,1
857217,1
857221,2
857231,1
857239,1
857241,1
857258,2
857262,2
857274,1
857277,1
857285,1
857287,1
857290,1
857292,1
857297,2
857299,1
857304,2
857307,1
857312,1
857315,1
857318,1
857320,1
857322,1
857326,2
857330,1
857340,2
857343,1
857346,1
857356,1
857358,1
857364,1
857371,2
857391,1
857393,1
857402,1
857406,1
857419,1
857421,1
857431,1
857437,1
857444,2
857454,2
857459,1
857465,2
857480,1
857486,1
857488,1
857497,1
857502,1
857506,1
857508,1
857516,1
857520,2
857522,1
857531,1
857542,2
857549,1
857553,2
857562,2
857569,1
857577,1
857581,1
857586,1
857588,1
857605,1
857610,1
857618,2
857626,1
857633,1
857637,1
857656,1
857660,2
857670,1
857686,1
857688,1
857690,1
857711,3
857716,1
857725,1
857738,2
857742,1
857746,1
857762,1
857764,1
857777,1
857779,1
857797,1
857800,1
857806,1
857809,1
857818,1
857824,1
857830,1
857832,1
857845,1
857866,1
857870,1
857872,1
857883,3
857890,1
857894,1
857914,1
857921,1
857930,2
857939,1
857942,1
857949,1
857957,1
857960,1
857964,1
857986,1
857988,1
858003,2
858015,1
858026,1
858035,1
858037,1
858045,1
858048,1
858051,1
858053,1
858060,1
858064,1
858088,1
858091,1
858095,2
858100,2
858105,1
858107,1
858117,1
858122,1
858127,1
858145,2
858147,1
858149,1
858154,1
858160,1
858166,1
858175,2
858182,1
858193,1
858200,1
858206,1
858216,1
858219,1
858235,1
858240,1
858243,1
858247,1
858250,1
858256,1
858259,1
858264,1
858269,1
858271,1
858276,1
858279,1
858282,1
858290,1
858298,1
858301,1
858303,1
858308,1
858315,1
858322,1
858325,1
858330,1
858341,1
858348,1
858370,1
858381,1
858392,3
858402,2
858407,2
858412,1
858418,1
858425,2
858428,1
858432,1
858434,1
858443,1
858447,1
858453,2
858456,1
858468,1
858471,1
858473,1
858476,1
858483,1
858486,1
858495,1
858498,1
858513,1
858527,1
858530,2
858533,1
858543,1
858545,1
858556,2
858558,1
858565,1
858571,1
858574,1
858582,1
858591,1
858603,2
858614,1
858617,1
858626,1
858630,1
858647,1
858651,1
858659,1
858672,1
858676,1
858685,1
858687,1
858693,1
858697,2
858718,1
858720,1
858725,2
858729,1
858732,2
858741,2
858751,1
858758,1
858762,1
858769,1
858772,2
858778,1
858785,1
858793,1
858798,1
858808,1
858819,1
858830,1
858835,2
858839,1
858842,2
858845,1
858848,1
858855,1
858860,1
858864,1
858875,1
858877,1
858893,1
858898,1
858903,1
858905,1
858910,1
858918,1
858924,1
858931,2
858940,1
858945,1
858948,1
858953,1
858968,1
858981,1
858988,1
858990,1
858994,1
858997,2
859000,1
859005,1
859011,1
859019,1
859021,1
859024,2
859037,1
859043,2
859045,1
859051,1
859054,1
859057,1
859063,1
859071,1
859081,1
859092,1
859094,1
859101,1
859104,1
859109,1
859113,1
859117,2
859120,1
859123,1
859132,1
859135,1
859145,1
859150,2
859161,2
859163,1
859166,1
859168,1
859170,1
859174,1
859188,1
859192,1
859197,1
859200,1
859209,1
859213,2
859216,2
859227,1
859243,1
859246,2
859249,1
859254,1
859260,1
859264,2
859272,1
859275,1
859277,1
859287,1
859297,1
859302,2
859306,1
859312,1
859320,1
859326,1
859331,1
859336,1
859352,1
859362,1
859369,2
859381,2
859403,1
859415,1
859417,1
859426,1
859434,1
859439,1
859444,1
859451,1
859453,1
859465,2
859468,1
859472,1
859477,2
859482,2
859487,1
859500,1
859509,1
859513,2
859523,1
859526,1
859541,1
859554,1
859561,1
859565,1
859568,2
859577,1
859580,1
859583,1
859591,1
859595,1
859598,2
859609,1
859611,1
859614,2
859616,1
859619,1
859623,1
859628,2
859637,1
859640,1
859643,1
859649,1
859671,1
859675,1
859680,1
859682,1
859700,1
859702,1
859714,1
859728,1
859739,1
859747,1
859760,1
859762,1
859768,2
859774,1
859780,2
859786,1
859788,1
859794,1
859799,2
859809,1
859813,1
859816,1
859836,2
859848,1
859868,1
859873,1
859885,1
859888,1
859890,1
859896,1
859901,1
859923,1
859925,1
859932,1
859939,1
859948,2
859951,1
859956,2
859961,1
859963,1
859967,2
859973,1
859975,1
859978,1
859983,1
859988,1
859993,1
860005,1
860021,1
860024,1
860026,1
860039,2
860051,1
860053,1
860056,1
860059,1
860064,1
860067,2
860077,1
860087,1
860089,1
860095,1
860098,1
860106,1
860119,1
860122,1
860129,2
860152,2
860157,1
860159,1
860164,2
860174,1
860178,1
860180,1
860182,1
860186,1
860195,1
860208,1
860223,2
860228,1
860230,1
860241,1
860250,1
860257,2
860260,1
860269,1
860277,1
860284,1
860288,1
860290,1
860292,1
860298,2
860305,1
860314,1
860316,1
860319,1
860324,1
860328,1
860351,1
860359,1
860364,2
860367,1
860376,1
860380,1
860382,1
860385,1
860403,1
860409,2
860411,1
860429,2
860431,1
860436,2
860452,1
860457,1
860465,1
860485,1
860495,2
860501,1
860508,2
860513,1
860518,1
860526,1
860529,1
860546,2
860556,2
860561,2
860563,1
860580,1
860582,1
860587,1
860600,1
860602,1
860607,1
860616,1
860618,1
860624,2
860630,1
860632,1
860649,1
860652,2
860666,1
860670,3
860677,2
860683,1
860686,1
860697,2
860701,1
860712,1
860717,1
860730,1
860734,1
860750,2
860774,1
860778,1
860781,1
860796,1
860798,1
860800,1
860811,1
860819,2
860827,1
860840,1
860855,2
860862,1
860872,1
860878,1
860883,1
860897,1
860904,2
860907,1
860912,1
860914,1
860919,1
860939,2
860941,1
860956,1
860958,1
860970,1
860974,1
860977,1
860981,2
860983,1
860989,2
860991,1
860998,1
861003,2
861008,1
861011,2
861014,1
861018,1
861029,1
861034,1
861042,1
861044,1
861046,1
861053,1
861055,1
861072,2
861078,1
861080,1
861085,1
861091,1
861093,1
861112,1
861121,1
861125,1
861135,1
861149,2
861156,1
861162,1
861167,1
861169,1
861172,2
861177,1
861186,1
861189,1
861191,1
861200,1
861207,1
861209,1
861212,1
861217,1
861223,1
861239,1
861261,1
861267,2
861271,1
861280,1
861287,1
861296,1
861298,1
861305,1
861334,2
861340,1
861349,1
861353,1
861359,1
861376,1
861384,1
861386,1
861389,2
861394,1
861403,1
861414,1
861423,2
861430,1
861433,1
861435,1
861439,1
861444,1
861452,1
861460,3
861503,1
861510,1
861516,1
861520,1
861544,1
861548,1
861551,1
861560,2
861562,1
861573,1
861580,2
861583,1
861591,1
861602,2
861612,2
861616,1
861620,1
861624,1
861638,1
861642,1
861646,1
861651,2
861661,1
861663,1
861670,1
861673,1
861702,1
861705,1
861712,1
861717,1
861721,1
861725,2
861732,1
861745,1
861748,1
861754,1
861762,1
861765,1
861768,1
861771,1
861789,1
861794,1
861803,1
861806,1
861816,1
861837,2
861842,1
861847,1
861857,2
861862,1
861866,1
861874,2
861876,1
861880,2
861884,1
861890,2
861898,1
861902,1
861908,1
861910,1
861914,1
861916,1
861924,1
861934,2
861953,2
861958,1
861965,1
861968,1
861970,1
861974,1
861982,1
861989,1
862015,1
862021,1
862028,1
862030,1
862038,1
862044,1
862051,2
862072,1
862092,1
862097,1
862105,1
862111,1
862113,1
862115,1
862124,1
862134,1
862137,1
862142,1
862148,1
862151,1
862154,2
862172,1
862175,1
862178,1
862181,1
862183,1
862188,1
862196,1
862215,1
862229,1
862236,1
862240,1
862246,2
862272,1
862279,1
862285,1
862287,1
862294,1
862300,1
862309,1
862311,1
862315,1
862325,2
862331,1
862335,2
862352,1
862354,1
862370,1
862375,1
862379,1
862385,1
862387,1
862392,2
862404,1
862409,1
862415,1
862424,1
862434,1
862436,1
862438,1
862442,2
862451,1
862454,2
862458,1
862462,1
862466,1
862471,1
862486,2
862488,1
862495,1
862497,1
862500,1
862513,1
862532,1
862537,1
862569,1
862576,1
862595,1
862598,1
862600,1
862607,1
862611,1
862621,1
862628,1
862633,2
862641,1
862645,1
862650,1
862657,1
862662,1
862673,1
862681,1
862686,1
862690,1
862693,2
862698,1
862707,1
862722,1
862725,1
862728,1
862743,1
862758,2
862761,1
862767,2
862769,1
862780,1
862785,2
862798,1
862801,1
862803,1
862807,1
862815,1
862824,1
862830,1
862841,1
862845,2
862849,2
862862,1
862864,1
862868,1
862871,2
862885,1
862888,1
862903,1
862910,1
862917,1
862923,1
862936,2
862947,1
862953,1
862959,1
862970,1
862976,1
862994,1
863001,1
863010,1
863019,1
863023,1
863026,1
863029,1
863033,1
863037,1
863044,1
863046,1
863050,1
863053,1
863062,1
863065,1
863069,1
863079,2
863090,1
863093,1
863096,1
863100,1
863103,1
863106,1
863110,1
863112,1
863115,1
863119,1
863123,1
863128,1
863133,1
863140,1
863149,1
863151,1
863156,1
863161,1
863173,2
863175,1
863181,1
863186,1
863196,1
863200,1
863204,1
863219,1
863230,1
863238,1
863245,2
863252,2
863255,1
863263,1
863268,1
863274,1
863284,1
863313,1
863325,1
863327,1
863330,1
863334,1
863338,1
863340,1
863342,1
863346,2
863349,1
863352,1
863367,1
863383,1
863386,1
863389,1
863398,3
863402,1
863408,1
863413,1
863428,1
863447,1
863456,1
863469,1
863476,1
863483,1
863490,2
863492,1
863495,1
863499,1
863506,1
863513,2
863524,1
863530,1
863539,1
863544,1
863547,2
863553,1
863559,1
863564,1
863570,2
863574,1
863581,1
863588,1
863601,2
863617,1
863619,1
863623,1
863633,1
863645,1
863656,1
863670,2
863675,4
863684,1
863687,1
863693,1
863698,1
863700,1
863714,1
863728,1
863758,1
863762,1
863767,1
863775,1
863796,1
863802,1
863804,1
863814,2
863817,2
863833,1
863850,1
863856,2
863862,2
863872,2
863876,1
863881,1
863888,1
863892,1
863898,1
863901,1
863904,1
863911,1
863915,2
863918,1
863925,1
863927,1
863932,1
863935,1
863940,1
863942,1
863955,1
863963,1
863976,1
863978,1
863983,1
863987,1
864006,2
864015,1
864022,1
864025,1
864027,1
864031,1
864042,2
864049,1
864057,1
864062,1
864064,1
864067,2
864069,1
864071,1
864078,1
864087,2
864098,1
864102,1
864107,1
864111,1
864117,1
864119,1
864123,1
864138,2
864146,1
864150,1
864155,1
864177,1
864190,1
864193,1
864203,1
864211,1
864228,1
864236,1
864241,1
864245,2
864252,1
864260,1
864268,1
864295,1
864297,1
864303,1
864305,1
864308,1
864321,1
864326,2
864335,1
864342,1
864365,1
864384,2
864386,1
864388,1
864404,1
864406,1
864419,1
864425,2
864428,1
864435,1
864442,1
864453,1
864458,1
864463,1
864467,1
864486,1
864489,1
864494,1
864504,1
864506,1
864519,1
864522,1
864531,2
864550,2
864570,1
864572,1
864574,1
864578,2
864583,1
864586,2
864591,1
864597,2
864609,2
864624,1
864633,1
864639,1
864641,1
864644,1
864646,1
864663,1
864665,1
864671,1
864673,1
864676,1
864683,1
864700,1
864705,3
864709,1
864714,1
864717,1
864734,1
864742,2
864746,1
864748,1
864753,1
864760,1
864762,1
864770,1
864772,1
864796,1
864800,1
864804,2
864806,1
864808,1
864815,1
864817,1
864819,1
864823,1
864828,1
864832,2
864834,1
864843,1
864848,1
864851,1
864853,1
864858,1
864866,2
864874,1
864877,1
864880,1
864893,1
864908,2
864918,1
864932,2
864935,1
864938,1
864951,1
864959,1
864971,1
864974,1
864985,1
864989,1
864991,1
865001,1
865005,1
865007,1
865011,1
865013,1
865023,1
865028,1
865033,1
865036,1
865039,1
865048,1
865055,1
865062,1
865067,2
865074,1
865077,1
865091,1
865097,1
865100,1
865104,1
865106,1
865109,1
865112,1
865115,2
865122,1
865124,1
865127,2
865133,1
865145,1
865154,2
865157,1
865159,1
865166,2
865171,2
865178,1
865182,1
865185,1
865196,1
865204,1
865207,1
865210,1
865215,1
865223,2
865234,1
865255,1
865257,1
865283,1
865287,2
865290,1
865293,1
865296,1
865299,2
865303,1
865308,2
865312,1
865319,1
865321,1
865332,1
865339,2
865349,1
865359,1
865364,1
865371,1
865377,1
865385,2
865390,1
865394,1
865401,1
865405,1
865412,2
865417,1
865423,1
865436,2
865445,1
865453,1
865457,1
865472,1
865482,1
865486,1
865493,1
865496,1
865498,1
865506,1
865521,2
865532,2
865535,1
865544,1
865552,1
865555,1
865573,1
865578,4
865582,1
865585,1
865599,2
865604,2
865614,1
865623,2
865629,1
865635,1
865644,1
865651,1
865656,2
865686,1
865698,2
865706,2
865715,1
865719,1
865721,1
865725,1
865742,1
865746,1
865753,1
865759,1
865762,1
865767,1
865772,1
865774,1
865785,1
865801,2
865818,1
865822,1
865827,1
865830,1
865848,1
865850,1
865854,1
865858,1
865861,1
865880,2
865888,2
865902,1
865905,1
865909,1
865920,1
865926,1
865930,1
865951,2
865957,1
865964,1
865966,1
865970,2
865973,1
865976,1
865983,2
865989,1
865997,2
866006,1
866038,1
866043,1
866049,1
866051,1
866059,1
866063,1
866066,1
866071,1
866081,2
866083,1
866085,1
866092,1
866095,1
866107,1
866110,1
866112,1
866114,1
866133,1
866137,1
866144,1
866150,1
866158,1
866165,1
866167,1
866169,1
866174,1
866187,2
866191,1
866201,2
866209,1
866215,1
866217,1
866225,2
866227,1
866232,2
866234,1
866240,1
866249,1
866251,1
866263,1
866268,1
866274,1
866278,2
866292,1
866297,1
866307,1
866312,1
866321,1
866328,1
866345,3
866354,1
866364,2
866368,2
866376,1
866380,1
866393,1
866416,1
866419,2
866423,1
866427,2
866439,1
866441,1
866448,1
866450,1
866462,1
866466,1
866487,3
866492,1
866499,1
866512,1
866518,1
866523,1
866536,1
866558,1
866560,1
866565,2
866567,1
866571,1
866574,1
866578,1
866580,1
866582,1
866588,1
866591,1
866598,2
866603,1
866610,1
866624,1
866633,1
866644,1
866651,1
866654,1
866656,1
866659,1
866668,1
866671,2
866677,1
866688,1
866694,1
866704,1
866707,2
866711,1
866720,2
866723,1
866731,1
866734,1
866736,1
866741,1
866745,1
866747,1
866753,1
866760,1
866769,1
866771,1
866777,1
866784,1
866804,1
866806,1
866811,2
866813,1
866821,2
866823,1
866830,2
866837,1
866845,1
866850,1
866856,1
866860,2
866866,1
866870,1
866873,1
866879,1
866885,1
866889,1
866891,1
866898,2
866901,1
866909,2
866915,1
866919,2
866925,1
866931,1
866943,1
866950,1
866958,2
866966,1
866969,2
866972,1
866985,1
866987,1
866997,2
867001,2
867018,1
867032,1
867037,1
867043,1
867045,1
867049,1
867062,1
867077,1
867083,1
867089,2
867119,1
867124,1
867129,1
867132,1
867134,1
867141,1
867145,1
867155,2
867157,1
867167,1
867178,1
867182,1
867186,2
867192,1
867203,1
867206,1
867212,2
867226,2
867230,1
867237,1
867240,1
867243,1
867251,1
867258,1
867260,1
867264,1
867266,1
867276,1
867284,1
867288,2
867295,2
867299,1
867301,1
867307,1
867316,1
867322,1
867341,2
867352,1
867359,1
867363,1
867373,1
867376,1
867378,1
867381,1
867388,1
867400,2
867403,1
867409,1
867412,1
867415,1
867417,1
867425,1
867432,1
867436,1
867442,1
867456,1
867460,1
867465,2
867477,1
867480,1
867483,1
867489,1
867497,1
867502,2
867506,1
867509,1
867513,1
867519,1
867523,2
867532,1
867537,1
867548,1
867562,1
867566,1
867573,1
867580,1
867584,2
867590,1
867592,1
867610,1
867615,1
867625,1
867627,1
867632,2
867635,1
867643,1
867652,2
867663,2
867675,1
867683,1
867702,1
867711,1
867713,1
867716,1
867718,1
867722,1
867729,1
867734,2
867744,1
867754,1
867760,1
867766,2
867769,1
867774,2
867781,1
867787,1
867794,2
867798,3
867812,2
867820,1
867829,1
867835,1
867840,1
867843,2
867846,1
867857,1
867860,1
867872,1
867876,1
867886,1
867895,1
867899,1
867905,1
867911,1
867916,1
867919,1
867925,1
867930,1
867932,1
867934,1
867939,1
867943,1
867945,1
867947,1
867950,1
867965,1
867970,1
867972,1
867981,2
867984,1
867989,1
867996,2
868001,2
868018,1
868022,1
868024,1
868026,1
868028,1
868030,1
868034,1
868042,2
868048,1
868052,2
868060,1
868065,1
868082,1
868086,1
868100,1
868103,1
868108,1
868112,2
868120,1
868127,1
868131,1
868134,1
868136,1
868141,1
868146,2
868155,2
868172,1
868179,1
868185,1
868187,1
868192,1
868199,2
868201,1
868203,1
868217,1
868224,2
868226,1
868233,2
868249,1
868264,1
868269,1
868271,1
868273,1
868277,1
868280,1
868283,2
868288,1
868294,1
868297,1
868300,1
868304,2
868314,1
868324,1
868326,1
868329,1
868332,1
868335,1
868339,2
868343,2
868348,1
868353,1
868357,1
868359,1
868368,1
868370,1
868372,1
868377,1
868385,2
868388,1
868403,2
868412,1
868419,1
868421,1
868434,1
868442,1
868449,1
868456,1
868459,1
868462,1
868478,1
868484,1
868491,1
868500,2
868504,1
868511,2
868521,2
868524,1
868532,1
868540,1
868546,1
868550,1
868553,1
868556,1
868559,1
868572,1
868583,2
868585,1
868592,1
868597,1
868601,1
868617,1
868619,1
868625,1
868627,1
868633,2
868649,1
868651,1
868656,1
868658,1
868665,1
868672,1
868682,1
868693,2
868695,1
868704,1
868707,1
868711,1
868715,2
868723,1
868726,2
868728,1
868731,2
868742,1
868747,2
868750,1
868756,1
868762,1
868764,1
868769,2
868772,1
868778,1
868783,2
868786,1
868788,1
868790,1
868795,1
868799,1
868809,1
868811,1
868813,1
868821,2
868825,1
868828,2
868836,1
868839,1
868845,1
868853,2
868856,1
868861,1
868865,1
868867,1
868870,1
868878,1
868884,1
868892,1
868902,2
868904,1
868907,1
868911,1
868918,1
868921,2
868927,1
868946,1
868949,1
868952,1
868954,1
868958,1
868973,1
868982,2
868989,1
868998,1
869002,1
869006,2
869011,1
869022,1
869036,1
869038,1
869044,1
869050,1
869053,2
869058,1
869061,2
869066,1
869070,1
869075,1
869078,1
869082,1
869092,1
869097,2
869102,1
869108,1
869112,1
869118,1
869122,1
869127,3
869129,1
869136,2
869139,1
869141,1
869147,1
869157,1
869173,1
869184,2
869190,1
869193,1
869195,1
869217,1
869220,2
869223,1
869230,1
869234,2
869240,1
869247,1
869254,1
869262,1
869272,1
869277,1
869283,1
869288,2
869295,2
869298,1
869302,1
869312,1
869317,1
869323,1
869331,2
869339,1
869346,1
869354,1
869358,1
869360,1
869366,2
869372,1
869391,1
869395,1
869397,1
869401,1
869406,1
869413,1
869422,1
869427,1
869439,1
869442,1
869444,1
869448,1
869457,1
869459,1
869464,2
869466,1
869469,1
869475,1
869477,1
869489,1
869493,1
869497,2
869500,1
869526,1
869528,1
869530,1
869532,1
869535,1
869548,1
869554,2
869556,1
869558,1
869567,1
869571,2
869582,1
869585,1
869589,1
869600,2
869606,1
869608,1
869610,1
869624,1
869638,1
869641,1
869645,2
869647,1
869654,1
869660,1
869663,1
869668,1
869675,2
869679,1
869686,2
869690,1
869693,1
869698,1
869702,1
869704,1
869708,1
869715,1
869718,2
869731,1
869735,1
869755,1
869760,1
869768,1
869776,1
869792,1
869805,1
869808,1
869811,1
869831,1
869836,1
869842,1
869845,1
869862,1
869865,1
869868,1
869871,1
869875,1
869883,1
869888,1
869891,1
869893,1
869898,1
869902,1
869906,2
869911,2
869914,1
869922,1
869928,1
869933,2
869939,1
869955,1
869958,1
869963,1
869965,1
869972,2
869976,1
869990,1
870003,1
870013,2
870018,2
870022,1
870043,1
870056,1
870069,1
870085,1
870089,2
870094,1
870107,1
870111,1
870118,1
870130,1
870132,1
870134,1
870148,1
870154,1
870197,1
870205,1
870211,1
870217,2
870219,1
870226,1
870244,1
870250,2
870252,1
870257,1
870263,1
870269,1
870273,1
870276,1
870283,2
870290,1
870293,1
870302,1
870304,1
870307,1
870316,1
870322,1
870326,1
870330,1
870339,1
870347,1
870350,1
870352,1
870354,1
870363,2
870365,1
870373,2
870379,1
870388,1
870391,1
870398,1
870406,1
870412,1
870418,2
870422,1
870424,1
870432,1
870435,1
870441,2
870444,1
870450,1
870452,1
870454,1
870477,1
870481,1
870488,1
870496,1
870505,1
870510,1
870515,2
870534,1
870536,1
870538,1
870544,1
870568,1
870574,1
870576,1
870589,1
870595,2
870604,1
870611,1
870620,1
870624,2
870629,2
870635,1
870640,1
870650,1
870659,1
870664,2
870680,1
870685,1
870689,1
870697,1
870709,1
870713,1
870716,2
870718,1
870724,1
870726,1
870729,2
870740,1
870751,2
870755,2
870762,2
870765,1
870770,3
870772,1
870775,1
870789,2
870798,1
870808,1
870813,1
870817,1
870823,1
870829,1
870834,1
870837,2
870846,1
870851,1
870854,1
870859,1
870863,1
870874,2
870876,1
870881,1
870895,2
870906,2
870908,1
870915,2
870920,2
870922,1
870926,1
870933,1
870943,1
870959,1
870966,1
870968,1
870973,1
870976,1
870982,1
870988,1
870995,1
871002,1
871006,2
871010,1
871015,1
871019,1
871031,1
871036,1
871049,1
871057,1
871061,1
871064,1
871067,1
871069,1
871073,1
871080,1
871086,1
871107,1
871109,1
871114,1
871121,1
871133,1
871138,1
871143,1
871145,1
871148,1
871160,1
871166,1
871168,1
871175,2
871181,1
871183,1
871188,1
871195,1
871200,2
871209,1
871218,1
871221,1
871228,2
871232,1
871240,2
871253,1
871256,1
871262,1
871268,1
871275,1
871279,1
871282,2
871296,1
871302,1
871304,1
871318,1
871324,1
871334,1
871338,1
871340,1
871342,1
871344,1
871348,1
871357,1
871365,1
871368,1
871373,1
871387,1
871391,1
871395,2
871398,1
871404,1
871426,2
871428,1
871433,1
871439,1
871445,1
871451,1
871456,1
871464,1
871467,1
871471,1
871479,1
871483,1
871496,1
871508,1
871526,3
871531,1
871542,1
871545,1
871550,1
871557,1
871564,1
871567,1
871569,1
871572,2
871577,1
871586,1
871595,2
871600,1
871602,1
871635,1
871639,1
871641,1
871645,2
871652,1
871657,2
871663,2
871665,1
871672,1
871682,2
871686,1
871693,1
871695,1
871702,2
871714,1
871720,1
871729,2
871740,1
871748,2
871773,1
871779,1
871784,1
871794,2
871798,3
871801,1
871806,2
871812,1
871820,1
871843,1
871847,1
871851,2
871869,1
871873,1
871879,1
871883,2
871888,1
871891,1
871900,1
871909,1
871917,3
871920,2
871923,1
871927,1
871934,1
871950,1
871956,1
871965,1
871970,1
871977,1
871984,1
871992,1
872000,1
872003,1
872007,1
872014,1
872022,1
872025,1
872043,1
872045,1
872047,1
872055,1
872064,1
872070,1
872079,1
872094,1
872097,1
872113,1
872116,1
872123,1
872131,2
872139,1
872141,1
872148,1
872152,1
872158,1
872161,1
872165,1
872167,1
872172,1
872174,1
872181,1
872183,1
872185,1
872200,1
872204,1
872207,1
872224,1
872231,2
872235,2
872249,1
872254,1
872259,1
872261,1
872263,1
872265,1
872269,2
872272,2
872275,1
872285,2
872292,1
872294,1
872306,1
872314,1
872336,2
872340,1
872344,1
872355,1
872372,1
872381,2
872389,1
872399,1
872403,1
872405,1
872412,1
872414,1
872416,1
872424,1
872428,1
872437,1
872444,1
872458,1
872467,1
872477,2
872482,2
872486,1
872494,1
872499,1
872502,2
872515,1
872521,1
872528,1
872536,1
872547,1
872557,1
872560,1
872568,1
872577,1
872581,1
872592,1
872599,1
872602,1
872606,1
872610,1
872613,1
872618,1
872621,1
872624,1
872628,1
872630,1
872635,1
872640,1
872645,2
872655,2
872660,1
872670,1
872685,1
872689,1
872703,1
872705,1
872708,1
872710,1
872716,1
872725,1
872742,1
872747,1
872752,1
872761,1
872771,1
872781,1
872784,1
872786,1
872796,1
872805,1
872810,1
872812,1
872818,1
872831,1
872836,2
872841,1
872845,1
872853,1
872860,2
872876,2
872882,1
872891,2
872899,1
872917,1
872919,1
872923,1
872930,1
872937,3
872952,1
872956,1
872962,1
872970,1
872974,1
872978,1
872992,2
872997,1
873002,1
873005,1
873008,2
873015,1
873019,1
873021,1
873024,1
873039,1
873043,1
873045,1
873056,1
873064,2
873067,1
873069,1
873083,2
873086,2
873091,1
873101,1
873125,1
873144,1
873148,2
873153,1
873158,2
873171,2
873176,1
873185,2
873195,1
873207,2
873215,1
873224,2
873227,1
873232,1
873235,1
873246,1
873255,2
873259,1
873264,2
873269,1
873277,1
873279,1
873293,1
873300,2
873304,1
873306,1
873334,4
873350,1
873357,1
873360,1
873364,2
873374,1
873383,1
873388,2
873395,1
873402,2
873404,1
873419,2
873424,2
873427,1
873431,1
873435,1
873438,1
873440,1
873443,1
873446,1
873461,1
873465,1
873474,2
873478,1
873483,1
873485,1
873494,1
873499,2
873515,1
873526,2
873530,1
873537,2
873546,1
873552,1
873560,1
873563,1
873583,1
873587,2
873589,1
873597,1
873607,2
873618,2
873632,1
873639,1
873642,1
873646,1
873652,2
873656,1
873663,2
873669,1
873671,1
873678,1
873683,2
873692,1
873697,1
873701,1
873703,1
873707,1
873710,1
873716,1
873720,1
873724,1
873731,1
873737,1
873743,1
873747,1
873750,1
873758,1
873768,2
873772,1
873779,1
873781,1
873784,1
873802,1
873816,1
873820,1
873824,1
873829,1
873834,1
873838,2
873850,1
873857,1
873865,1
873876,3
873882,1
873884,1
873900,1
873902,1
873912,1
873921,1
873935,1
873939,1
873946,1
873950,1
873958,1
873968,1
873975,2
873978,1
873986,1
874003,1
874008,1
874011,1
874014,1
874022,1
874024,1
874030,1
874034,1
874038,1
874054,1
874057,1
874059,1
874062,1
874065,2
874070,2
874084,1
874095,1
874097,1
874099,1
874109,1
874119,1
874121,1
874126,1
874141,1
874144,2
874149,3
874161,1
874166,1
874168,1
874172,1
874174,1
874177,1
874190,1
874194,1
874199,1
874201,1
874206,1
874210,1
874216,1
874220,1
874228,1
874236,1
874245,2
874248,2
874258,2
874262,1
874267,2
874289,1
874291,1
874298,1
874304,2
874309,2
874321,1
874331,2
874334,1
874348,1
874350,1
874367,1
874370,1
874372,1
874381,1
874384,2
874391,1
874409,1
874413,1
874416,1
874420,1
874425,1
874428,1
874430,1
874436,1
874442,1
874445,1
874450,1
874452,1
874458,1
874468,1
874476,1
874490,1
874501,2
874507,2
874515,1
874520,1
874523,1
874527,2
874529,1
874540,1
874553,1
874555,1
874563,1
874567,2
874569,1
874571,1
874576,1
874579,1
874583,1
874594,2
874597,1
874607,1
874610,2
874629,1
874640,1
874648,1
874655,1
874663,2
874676,2
874681,1
874691,1
874698,2
874707,2
874713,1
874715,1
874722,1
874730,2
874740,1
874752,2
874754,1
874760,1
874784,1
874786,1
874796,2
874807,1
874809,1
874811,1
874819,1
874823,1
874826,1
874829,1
874832,1
874844,2
874849,1
874857,1
874864,1
874870,1
874873,1
874888,1
874891,2
874894,1
874896,1
874899,1
874907,1
874910,1
874913,1
874923,2
874926,1
874935,1
874938,1
874942,1
874951,2
874956,1
874958,1
874964,3
874979,1
874986,1
874994,1
874999,1
875003,1
875005,1
875012,1
875016,1
875036,1
875043,1
875048,1
875052,1
875056,1
875058,1
875062,3
875065,1
875069,2
875072,2
875080,1
875090,1
875094,1
875096,1
875101,1
875115,1
875120,1
875135,1
875142,1
875151,1
875153,1
875163,1
875172,1
875182,1
875190,1
875203,1
875205,1
875207,1
875217,2
875227,1
875253,2
875256,1
875259,1
875265,1
875267,1
875271,1
875275,1
875290,1
875293,1
875304,1
875316,2
875319,1
875324,2
875333,2
875335,1
875339,2
875346,1
875356,2
875360,2
875367,1
875369,1
875379,1
875415,1
875417,1
875423,1
875430,1
875438,1
875441,1
875453,2
875456,1
875461,2
875466,1
875470,2
875477,2
875482,1
875489,1
875493,1
875500,1
875506,2
875516,2
875518,1
875544,1
875548,1
875552,2
875561,1
875564,1
875576,1
875594,1
875603,1
875606,1
875613,2
875621,1
875624,1
875626,1
875630,2
875634,2
875640,1
875646,1
875656,2
875662,1
875672,1
875674,1
875678,1
875681,2
875684,1
875689,1
875704,1
875711,1
875722,1
875731,1
875745,1
875755,1
875763,1
875767,1
875774,2
875784,1
875801,1
875812,1
875815,2
875822,1
875836,1
875847,1
875858,1
875864,1
875894,1
875902,1
875918,1
875933,2
875937,1
875960,2
875965,1
875969,2
875978,3
875984,1
875989,1
875991,1
875998,2
876027,1
876043,2
876047,1
876053,1
876062,1
876066,1
876068,1
876073,1
876075,1
876091,2
876094,2
876106,1
876114,2
876116,1
876119,1
876139,1
876148,1
876156,1
876161,2
876163,1
876165,1
876167,1
876169,1
876174,1
876179,1
876186,1
876188,1
876210,2
876212,1
876219,2
876226,2
876228,1
876231,1
876236,3
876247,1
876250,1
876256,1
876258,1
876260,1
876264,1
876272,1
876277,1
876282,2
876286,1
876301,1
876304,1
876310,2
876315,1
876333,1
876348,1
876352,2
876354,1
876356,1
876363,1
876372,2
876376,1
876387,2
876390,1
876396,1
876401,1
876405,2
876425,1
876427,1
876429,1
876432,1
876446,1
876454,1
876457,2
876474,1
876487,2
876495,1
876498,1
876500,1
876502,1
876509,1
876512,2
876515,1
876521,2
876525,1
876533,1
876540,1
876543,1
876557,2
876567,2
876573,1
876580,2
876609,1
876619,1
876622,1
876631,1
876639,1
876646,1
876654,1
876663,2
876686,2
876688,1
876703,1
876719,1
876723,1
876735,1
876743,1
876748,3
876751,1
876757,1
876760,1
876773,1
876780,1
876787,1
876792,1
876800,1
876802,1
876809,1
876822,1
876829,1
876831,1
876837,2
876842,1
876848,1
876864,1
876874,1
876879,1
876886,1
876889,1
876895,1
876909,3
876915,1
876917,1
876919,1
876926,2
876932,1
876935,1
876938,1
876948,1
876950,1
876956,1
876964,2
876966,1
876969,1
876971,1
876975,1
876994,1
877006,1
877016,1
877025,1
877029,1
877031,1
877036,1
877051,2
877053,1
877055,1
877064,1
877078,2
877080,1
877083,1
877105,1
877130,1
877136,1
877151,1
877155,1
877160,1
877166,2
877183,1
877188,1
877195,2
877198,2
877204,1
877211,1
877218,1
877220,1
877226,2
877228,1
877230,1
877234,1
877238,1
877249,1
877256,1
877263,1
877266,1
877277,1
877281,1
877284,1
877300,1
877304,1
877309,1
877312,1
877318,1
877325,1
877330,2
877339,1
877341,1
877353,1
877364,1
877373,1
877391,1
877394,1
877398,1
877401,1
877407,1
877417,1
877427,1
877433,2
877438,1
877445,1
877452,1
877457,1
877470,1
877473,1
877479,1
877482,2
877485,2
877491,2
877505,3
877507,1
877509,1
877516,1
877519,1
877525,1
877537,2
877542,1
877552,1
877563,1
877569,1
877571,1
877579,2
877583,1
877602,1
877606,1
877612,2
877620,1
877623,1
877627,1
877642,1
877646,2
877649,2
877654,2
877656,1
877658,1
877661,1
877663,1
877667,1
877670,2
877677,1
877679,1
877696,1
877699,1
877704,2
877717,1
877728,1
877731,1
877734,1
877741,1
877744,2
877753,1
877761,1
877776,1
877793,2
877798,1
877804,1
877809,2
877814,1
877819,1
877822,1
877835,1
877840,1
877842,1
877844,1
877847,1
877850,1
877855,2
877860,2
877866,1
877869,1
877884,1
877894,2
877901,1
877914,1
877918,1
877920,1
877923,2
877927,2
877931,1
877934,1
877947,1
877967,1
877973,1
877981,1
877985,1
877990,2
877993,1
878004,1
878006,1
878019,1
878038,1
878042,1
878047,1
878059,1
878065,1
878071,1
878091,1
878094,1
878098,2
878103,1
878107,1
878119,1
878132,1
878138,1
878150,1
878154,1
878164,1
878172,1
878179,1
878182,1
878190,1
878197,1
878200,1
878204,1
878209,4
878232,1
878235,1
878237,1
878241,1
878248,1
878257,1
878277,1
878288,1
878293,1
878296,1
878303,1
878323,1
878327,1
878331,1
878341,1
878351,1
878357,2
878361,1
878366,1
878368,1
878374,1
878396,1
878400,1
878417,1
878424,1
878427,1
878439,1
878461,1
878463,1
878470,2
878473,1
878478,1
878482,1
878486,2
878489,1
878497,1
878500,2
878502,1
878506,1
878508,1
878553,1
878567,1
878577,1
878579,1
878586,2
878591,1
878594,2
878597,1
878600,2
878604,1
878610,1
878618,1
878634,1
878638,1
878641,2
878652,2
878657,2
878665,3
878670,2
878675,2
878680,1
878690,1
878705,2
878711,1
878715,1
878722,2
878726,1
878730,1
878740,1
878744,1
878749,1
878751,1
878764,1
878774,1
878778,1
878782,1
878787,2
878792,2
878794,1
878802,1
878809,2
878812,2
878820,1
878823,2
878826,2
878852,1
878874,1
878877,1
878879,1
878884,1
878888,1
878893,2
878900,1
878903,1
878905,1
878925,1
878940,1
878946,1
878950,2
878952,1
878960,1
878965,1
878973,1
878991,1
878994,1
879000,1
879006,1
879009,1
879011,1
879015,1
879025,2
879027,1
879033,2
879046,1
879051,1
879053,1
879062,2
879069,1
879083,1
879086,1
879093,2
879097,1
879110,1
879125,1
879128,1
879131,2
879142,1
879147,1
879150,1
879159,1
879162,1
879173,1
879180,1
879183,1
879197,1
879218,1
879221,2
879224,1
879227,1
879238,1
879245,2
879252,1
879256,1
879262,1
879264,1
879273,1
879300,1
879307,2
879322,1
879324,1
879330,2
879337,1
879339,1
879354,3
879359,1
879373,1
879389,1
879396,1
879398,1
879414,1
879426,1
879428,1
879430,1
879436,1
879446,2
879457,1
879469,1
879472,1
879484,1
879491,1
879493,1
879500,1
879504,2
879514,1
879532,1
879540,1
879562,2
879579,1
879581,1
879583,1
879586,1
879589,1
879592,1
879596,1
879603,1
879606,1
879619,2
879621,1
879625,1
879627,1
879629,1
879633,1
879636,2
879638,1
879643,1
879651,1
879656,1
879658,1
879668,1
879675,1
879683,1
879687,2
879694,1
879696,1
879700,1
879705,2
879712,2
879721,1
879725,1
879727,1
879734,1
879736,1
879739,2
879743,1
879745,1
879749,1
879753,1
879756,1
879760,1
879772,1
879774,1
879782,1
879791,2
879796,1
879799,1
879801,1
879809,1
879819,1
879824,1
879827,2
879832,1
879835,1
879840,1
879845,2
879847,1
879850,1
879855,2
879862,2
879866,2
879868,1
879872,1
879876,2
879879,1
879882,1
879885,1
879893,1
879898,1
879902,1
879904,1
879907,2
879911,1
879916,2
879918,1
879924,1
879930,1
879944,1
879958,1
879961,1
879967,1
879989,1
880001,1
880005,1
880016,1
880029,1
880039,1
880044,1
880053,1
880057,2
880072,1
880077,1
880081,1
880092,1
880094,1
880100,1
880106,1
880111,1
880120,1
880125,2
880128,1
880138,1
880148,1
880165,2
880169,1
880174,1
880176,1
880178,1
880188,1
880193,1
880204,1
880207,2
880223,1
880228,1
880242,1
880249,1
880266,1
880285,1
880296,1
880299,2
880307,1
880318,1
880338,3
880346,1
880348,1
880354,1
880361,1
880366,1
880368,1
880379,2
880381,1
880387,1
880408,1
880417,1
880434,1
880449,1
880453,2
880461,1
880469,1
880473,1
880475,1
880479,1
880484,2
880490,2
880493,1
880498,1
880507,1
880510,1
880515,2
880521,1
880528,1
880537,1
880543,1
880548,1
880552,1
880568,1
880574,1
880577,2
880585,2
880596,1
880603,1
880609,1
880619,1
880623,1
880634,2
880641,2
880644,1
880651,1
880654,2
880657,2
880675,1
880679,1
880681,1
880684,1
880686,1
880693,1
880698,1
880700,1
880703,2
880712,2
880722,1
880725,1
880728,1
880743,1
880748,1
880750,1
880752,1
880757,2
880760,1
880763,1
880769,1
880778,1
880781,1
880798,1
880805,1
880808,1
880811,1
880828,2
880835,1
880847,1
880850,1
880860,1
880869,2
880872,1
880878,1
880885,1
880889,1
880892,1
880900,1
880907,1
880912,1
880917,2
880924,1
880932,1
880937,1
880940,1
880948,2
880954,1
880957,1
880961,1
880964,2
880970,1
880987,1
880994,1
881002,1
881013,1
881017,1
881025,1
881040,1
881042,1
881045,2
881057,1
881064,1
881072,1
881075,1
881094,2
881096,1
881099,1
881101,1
881104,1
881110,1
881118,1
881122,1
881126,1
881130,1
881137,1
881143,2
881159,1
881162,1
881164,1
881167,1
881196,1
881199,2
881203,3
881214,1
881231,1
881236,1
881239,1
881244,1
881255,1
881260,1
881264,1
881270,1
881280,1
881283,1
881286,2
881290,1
881295,1
881297,1
881299,1
881302,1
881307,1
881331,1
881350,1
881354,1
881360,1
881371,1
881374,2
881380,1
881386,2
881395,1
881401,2
881407,1
881413,1
881420,1
881422,1
881424,1
881431,1
881436,1
881440,2
881448,1
881454,1
881459,1
881464,1
881467,1
881471,1
881474,1
881477,1
881481,1
881486,1
881489,1
881510,1
881516,2
881519,1
881523,2
881531,1
881536,2
881542,2
881545,2
881548,2
881552,1
881554,1
881559,2
881568,1
881571,1
881578,2
881594,1
881600,1
881605,1
881609,1
881611,1
881638,1
881640,1
881645,1
881648,1
881651,1
881653,1
881657,2
881660,1
881664,1
881672,1
881676,1
881683,1
881695,1
881702,1
881705,1
881710,3
881715,1
881723,1
881731,1
881733,1
881736,1
881743,1
881747,1
881752,1
881765,1
881771,1
881784,2
881792,1
881808,1
881812,1
881816,1
881830,1
881834,2
881855,1
881858,1
881865,1
881867,1
881871,1
881873,1
881877,1
881891,1
881897,1
881902,1
881907,1
881910,1
881915,2
881922,1
881930,1
881932,1
881958,1
881967,1
881984,1
881987,1
881992,1
881997,2
881999,1
882032,1
882034,1
882043,2
882056,2
882063,2
882072,2
882081,1
882086,1
882088,1
882091,1
882094,1
882098,1
882113,1
882118,2
882130,1
882133,1
882143,1
882154,2
882163,1
882167,1
882169,1
882183,1
882185,1
882192,1
882200,1
882208,3
882213,1
882224,1
882226,1
882238,2
882243,1
882248,1
882262,1
882266,1
882268,1
882271,1
882279,2
882283,1
882295,2
882298,1
882300,1
882304,1
882311,1
882316,1
882323,1
882330,1
882334,1
882336,1
882339,1
882348,1
882356,1
882374,2
882378,1
882383,1
882393,2
882398,2
882403,2
882407,1
882410,1
882417,1
882429,2
882443,1
882446,1
882448,1
882450,1
882456,1
882463,1
882467,1
882471,1
882487,1
882491,1
882493,1
882495,1
882498,1
882508,1
882531,1
882539,1
882553,1
882561,2
882568,1
882582,2
882594,1
882603,1
882616,1
882619,2
882622,1
882630,2
882637,1
882647,1
882655,1
882661,1
882672,1
882679,1
882681,1
882687,1
882694,1
882700,1
882708,1
882716,1
882722,1
882724,1
882729,1
882735,2
882738,1
882758,2
882760,1
882762,1
882769,1
882778,1
882788,1
882796,1
882809,1
882811,1
882817,1
882826,1
882830,1
882836,2
882846,1
882853,1
882858,1
882863,1
882868,1
882870,1
882878,1
882886,1
882888,1
882902,2
882904,1
882908,1
882914,1
882920,2
882932,2
882943,1
882946,1
882949,1
882952,1
882957,2
882959,1
882963,1
882967,1
882981,1
882989,1
882999,1
883001,1
883004,1
883010,1
883015,2
883018,1
883020,1
883035,1
883045,1
883049,3
883052,1
883063,1
883065,1
883078,1
883080,1
883097,1
883105,1
883109,2
883111,1
883116,2
883135,1
883165,1
883168,1
883173,2
883178,1
883181,1
883188,1
883195,1
883201,1
883203,1
883212,1
883222,2
883226,1
883231,1
883235,1
883254,2
883282,1
883289,1
883297,1
883299,1
883302,1
883304,1
883306,1
883319,1
883332,1
883344,2
883347,1
883351,1
883354,2
883361,2
883369,1
883376,2
883380,1
883384,1
883388,1
883390,1
883407,1
883413,1
883419,1
883423,1
883432,2
883434,1
883443,3
883449,1
883460,1
883465,1
883471,1
883475,1
883482,1
883488,1
883490,1
883492,1
883505,1
883512,1
883517,2
883519,1
883521,1
883523,1
883527,1
883546,1
883556,1
883559,1
883577,1
883583,1
883585,1
883588,2
883591,2
883594,1
883597,2
883599,1
883601,1
883604,1
883611,1
883614,2
883623,2
883627,1
883629,1
883649,1
883658,1
883661,1
883667,1
883669,1
883671,1
883674,2
883680,1
883688,1
883694,1
883698,1
883703,2
883713,1
883722,2
883732,1
883738,1
883744,1
883749,1
883751,1
883757,1
883762,1
883765,2
883777,1
883787,1
883796,1
883809,1
883816,2
883819,2
883827,2
883834,1
883836,1
883839,1
883842,1
883846,1
883854,1
883857,2
883862,1
883869,1
883879,2
883887,1
883899,2
883909,1
883919,1
883932,1
883936,1
883941,1
883945,1
883950,2
883963,1
883965,1
883977,1
883982,1
883986,1
883988,1
883999,1
884001,1
884006,1
884009,1
884011,1
884016,1
884026,1
884028,1
884043,1
884048,2
884056,1
884061,1
884064,1
884066,1
884070,1
884073,1
884079,1
884084,1
884088,1
884092,1
884095,2
884098,2
884101,1
884110,1
884115,2
884121,2
884123,1
884126,1
884131,3
884134,1
884137,1
884141,1
884144,1
884149,1
884151,1
884153,1
884163,1
884172,1
884177,1
884181,1
884192,1
884199,1
884203,1
884227,1
884232,1
884253,1
884261,1
884268,1
884277,1
884285,1
884288,1
884290,1
884297,1
884303,1
884312,1
884315,1
884328,4
884330,1
884335,1
884342,1
884344,1
884349,1
884359,1
884368,1
884374,2
884376,1
884379,1
884391,1
884399,1
884413,1
884416,1
884420,1
884424,1
884429,2
884433,2
884446,2
884460,1
884464,1
884474,1
884478,2
884480,1
884493,1
884501,1
884504,1
884514,1
884523,1
884545,1
884548,1
884552,2
884558,1
884562,1
884572,1
884577,1
884583,1
884596,1
884600,1
884611,1
884614,1
884620,1
884627,2
884630,2
884639,1
884643,1
884663,2
884668,1
884671,1
884673,1
884676,1
884678,1
884687,1
884692,1
884698,2
884708,1
884712,1
884714,1
884725,1
884727,1
884747,2
884751,1
884754,1
884757,2
884768,1
884773,2
884776,1
884779,1
884786,1
884793,1
884797,1
884799,1
884839,1
884841,1
884850,1
884862,1
884867,1
884869,1
884880,2
884889,1
884901,1
884903,1
884905,1
884911,1
884913,1
884916,1
884920,1
884937,1
884944,1
884954,2
884956,1
884959,1
884963,1
884969,2
884977,2
884981,1
885009,1
885013,1
885026,1
885036,1
885049,1
885052,1
885056,1
885058,1
885061,1
885065,1
885068,1
885070,1
885072,1
885110,1
885113,1
885115,1
885121,1
885125,1
885128,1
885138,1
885141,2
885154,1
885158,2
885160,1
885168,1
885173,1
885179,1
885185,1
885189,1
885202,1
885209,1
885213,1
885215,1
885224,1
885228,1
885236,1
885240,1
885244,1
885263,1
885269,1
885274,2
885276,1
885279,2
885282,1
885297,1
885300,1
885304,1
885307,1
885313,1
885329,1
885336,1
885351,1
885376,1
885384,2
885389,1
885392,1
885395,1
885399,1
885406,1
885411,1
885414,1
885425,1
885427,1
885429,1
885438,1
885440,1
885443,1
885457,1
885459,1
885472,2
885480,1
885485,1
885492,2
885494,1
885500,1
885506,1
885509,1
885512,2
885517,1
885526,1
885533,1
885536,2
885540,1
885546,1
885552,1
885556,1
885560,1
885569,1
885572,2
885575,2
885580,1
885584,1
885586,1
885590,2
885592,1
885596,1
885601,2
885611,1
885618,1
885630,1
885632,1
885636,1
885645,1
885647,1
885652,1
885656,1
885663,1
885669,2
885679,2
885687,1
885704,2
885717,1
885725,1
885727,1
885731,2
885734,1
885741,1
885749,1
885751,1
885755,1
885757,1
885759,1
885761,1
885763,1
885770,1
885772,1
885781,1
885795,1
885804,1
885810,1
885828,1
885830,1
885859,1
885861,1
885864,1
885875,1
885878,1
885884,1
885897,1
885922,1
885939,1
885953,2
885956,1
885961,1
885966,2
885978,1
885984,1
885994,1
886000,1
886003,2
886008,1
886013,2
886017,1
886023,1
886026,1
886037,1
886040,1
886043,1
886050,2
886052,1
886056,2
886084,1
886090,2
886093,2
886101,1
886106,1
886109,1
886111,1
886117,1
886119,1
886130,1
886135,1
886140,2
886158,1
886161,1
886163,1
886167,2
886169,1
886174,2
886180,1
886185,1
886192,1
886194,1
886196,1
886212,1
886217,1
886221,1
886225,1
886227,1
886232,1
886234,1
886236,1
886243,1
886248,1
886251,1
886274,1
886277,1
886282,3
886287,1
886289,1
886292,1
886294,1
886296,1
886300,2
886303,1
886320,2
886322,1
886330,2
886337,4
886342,1
886346,1
886354,1
886356,1
886361,1
886366,1
886368,1
886372,3
886375,1
886377,1
886381,2
886386,1
886389,1
886395,1
886397,1
886402,1
886415,1
886418,1
886424,1
886426,1
886428,1
886443,1
886446,1
886451,1
886458,1
886460,1
886469,1
886478,2
886480,1
886482,1
886489,2
886496,1
886503,1
886510,1
886513,1
886516,1
886525,1
886527,1
886530,1
886542,1
886564,1
886568,1
886578,1
886582,1
886589,1
886596,1
886599,2
886608,1
886614,1
886628,1
886632,2
886644,1
886657,1
886670,1
886674,2
886685,1
886688,1
886693,1
886696,1
886700,1
886702,1
886708,2
886712,1
886717,1
886722,1
886724,1
886726,1
886735,1
886738,1
886749,2
886754,1
886757,1
886766,1
886774,1
886784,1
886801,1
886814,2
886826,1
886832,1
886839,1
886842,1
886848,1
886852,1
886859,1
886863,1
886876,1
886882,1
886889,1
886897,1
886902,1
886905,2
886917,1
886927,4
886939,1
886945,2
886950,1
886952,1
886960,1
886964,1
886972,2
886991,1
886997,1
887000,1
887005,1
887007,1
887013,1
887015,1
887019,1
887022,1
887031,1
887038,1
887045,1
887048,1
887051,2
887058,2
887067,1
887071,1
887080,2
887087,1
887091,2
887095,1
887103,1
887106,1
887110,1
887115,1
887126,1
887131,1
887141,1
887158,1
887160,1
887162,1
887168,2
887172,1
887176,1
887180,2
887184,1
887188,1
887194,1
887198,1
887204,1
887215,1
887221,1
887232,4
887234,1
887237,1
887243,1
887258,1
887265,1
887267,1
887269,1
887288,2
887293,1
887297,1
887299,1
887309,1
887312,1
887324,1
887332,3
887336,1
887338,1
887340,1
887348,1
887350,1
887359,1
887363,1
887367,1
887371,1
887377,2
887382,1
887392,1
887401,3
887412,2
887415,1
887417,1
887424,3
887430,1
887447,1
887450,1
887459,2
887464,1
887470,1
887483,1
887487,1
887495,1
887501,2
887506,1
887510,1
887515,1
887519,1
887525,1
887529,1
887534,1
887539,1
887546,1
887550,3
887565,1
887573,2
887575,1
887584,2
887594,1
887600,1
887607,1
887616,1
887633,1
887637,2
887641,1
887646,1
887651,1
887665,1
887668,1
887670,1
887673,1
887678,2
887681,1
887695,1
887697,1
887701,1
887706,2
887723,2
887743,1
887748,1
887759,1
887770,1
887773,1
887776,2
887783,1
887791,1
887798,1
887804,1
887806,1
887819,1
887824,1
887829,1
887834,2
887837,2
887842,2
887844,1
887859,1
887862,1
887872,1
887875,1
887880,1
887900,1
887904,1
887911,1
887915,1
887929,2
887936,1
887946,1
887954,3
887956,1
887959,2
887963,2
887968,1
887977,1
887980,2
887983,2
887986,2
887988,1
887995,2
888002,1
888020,1
888022,1
888028,1
888031,2
888046,2
888052,1
888058,1
888064,1
888067,1
888079,1
888085,1
888087,1
888089,1
888097,2
888104,1
888110,1
888113,1
888128,1
888131,1
888134,1
888141,1
888148,2
888158,2
888168,1
888178,2
888180,1
888185,2
888194,1
888200,1
888211,1
888217,1
888226,1
888234,1
888247,1
888249,1
888258,1
888263,1
888268,1
888275,1
888281,1
888302,2
888305,1
888309,1
888314,1
888316,1
888319,1
888329,1
888340,1
888350,1
888360,2
888365,1
888368,1
888386,1
888390,1
888393,1
888417,1
888421,2
888425,1
888430,1
888432,1
888439,2
888442,2
888444,1
888448,1
888453,1
888456,1
888461,1
888468,1
888471,2
888476,1
888478,1
888485,1
888487,1
888493,1
888507,1
888512,1
888518,1
888520,1
888525,1
888533,1
888535,1
888538,1
888541,1
888545,1
888550,1
888552,1
888556,1
888558,1
888562,1
888581,2
888583,1
888597,2
888599,1
888603,1
888609,1
888617,1
888621,1
888628,2
888631,2
888635,1
888638,1
888646,1
888648,1
888659,1
888673,3
888678,2
888691,2
888693,1
888697,1
888718,1
888723,2
888725,1
888730,1
888756,1
888760,1
888763,1
888765,1
888768,2
888780,1
888791,1
888797,1
888800,1
888808,1
888815,1
888832,1
888834,1
888837,1
888850,2
888852,1
888855,1
888857,1
888860,2
888865,1
888873,1
888875,1
888877,1
888881,1
888885,2
888888,1
888898,1
888900,1
888902,1
888907,1
888909,1
888916,1
888918,1
888923,1
888928,1
888935,4
888939,2
888947,1
888954,1
888969,1
888976,1
888987,1
888990,1
889000,1
889005,1
889007,1
889012,2
889030,1
889037,2
889042,1
889049,1
889054,3
889075,2
889080,1
889092,1
889094,1
889099,1
889104,1
889110,1
889113,1
889119,1
889121,1
889127,1
889131,1
889143,1
889157,1
889165,1
889170,1
889174,1
889184,2
889186,1
889189,2
889192,1
889195,1
889203,1
889208,2
889217,1
889221,1
889227,1
889230,1
889238,1
889248,1
889263,1
889269,1
889278,1
889281,1
889283,1
889287,1
889289,1
889291,1
889297,2
889299,1
889301,1
889311,3
889316,1
889318,1
889323,1
889326,1
889334,1
889351,1
889353,1
889365,2
889367,1
889375,1
889379,1
889382,2
889386,1
889393,1
889407,1
889416,1
889423,1
889432,1
889443,2
889450,2
889458,1
889471,1
889480,1
889498,1
889506,1
889515,1
889522,1
889525,2
889528,1
889532,1
889537,1
889545,2
889554,1
889559,1
889563,1
889577,1
889579,1
889581,1
889584,1
889590,2
889600,1
889609,1
889628,1
889632,1
889650,2
889660,1
889664,1
889667,1
889672,1
889679,1
889690,1
889697,1
889712,1
889714,1
889720,1
889726,2
889730,2
889732,1
889752,2
889760,1
889788,1
889792,1
889798,1
889801,2
889803,1
889810,2
889814,2
889822,3
889824,1
889826,1
889829,1
889833,1
889840,1
889847,1
889859,1
889869,1
889873,1
889876,1
889881,1
889884,1
889894,2
889896,1
889904,1
889920,1
889925,2
889928,1
889943,1
889952,1
889956,1
889959,1
889963,2
889969,1
889973,1
889978,2
889980,1
889983,1
889989,1
889996,1
889999,1
890009,1
890013,1
890024,1
890036,1
890039,1
890042,1
890048,1
890059,2
890064,1
890068,2
890071,2
890091,1
890093,1
890107,2
890109,1
890118,1
890120,1
890124,1
890128,1
890130,1
890136,1
890141,1
890149,1
890153,2
890159,1
890164,2
890170,1
890180,1
890182,1
890188,1
890191,1
890193,1
890200,1
890203,1
890219,1
890226,1
890228,1
890232,2
890235,2
890250,1
890259,1
890264,1
890273,1
890279,1
890288,1
890293,2
890305,1
890310,1
890312,1
890315,1
890320,2
890327,1
890331,1
890341,1
890344,1
890348,1
890354,1
890368,1
890372,2
890376,1
890378,1
890382,1
890384,1
890389,1
890393,2
890400,1
890418,1
890420,1
890426,1
890436,1
890443,1
890450,1
890462,2
890469,1
890477,1
890482,1
890484,1
890497,1
890502,1
890514,1
890526,1
890531,1
890539,1
890550,1
890556,1
890559,1
890561,1
890564,2
890573,2
890581,1
890583,1
890598,1
890601,1
890606,1
890613,1
890616,1
890627,1
890635,1
890639,1
890641,1
890643,1
890649,1
890652,1
890656,1
890663,1
890669,1
890678,1
890681,1
890686,2
890690,1
890692,1
890697,2
890703,1
890716,1
890719,1
890723,1
890727,1
890729,1
890740,1
890744,1
890747,2
890750,2
890757,1
890766,1
890780,2
890782,1
890784,1
890801,1
890803,1
890813,1
890830,1
890832,1
890838,1
890851,1
890858,1
890863,1
890865,1
890873,1
890878,2
890880,1
890883,1
890909,1
890913,1
890917,1
890926,1
890928,1
890931,1
890936,1
890940,1
890948,1
890961,1
890964,2
890969,1
890974,1
890979,1
890989,1
890996,1
891008,1
891027,2
891038,2
891041,1
891045,1
891049,1
891051,1
891054,1
891070,1
891075,1
891083,1
891086,2
891091,2
891099,1
891109,2
891125,1
891127,1
891131,1
891140,1
891143,2
891168,2
891171,1
891180,1
891190,2
891196,1
891205,1
891207,1
891210,1
891214,2
891216,1
891221,1
891225,1
891227,1
891240,2
891245,1
891255,1
891259,1
891262,1
891269,1
891271,1
891289,1
891296,1
891321,1
891330,1
891339,1
891341,1
891343,1
891349,1
891352,1
891360,1
891362,1
891365,1
891368,1
891371,1
891374,1
891377,1
891382,1
891396,2
891402,1
891415,1
891422,1
891434,2
891446,1
891451,1
891459,2
891462,1
891466,1
891470,1
891479,1
891494,1
891499,2
891501,1
891506,2
891512,1
891523,1
891541,1
891549,2
891559,1
891565,1
891567,1
891576,1
891578,1
891580,1
891584,2
891597,1
891600,1
891602,1
891612,1
891620,1
891624,1
891632,1
891634,1
891636,1
891670,1
891677,1
891700,1
891710,1
891713,1
891716,1
891722,1
891729,1
891731,1
891740,1
891743,1
891749,2
891758,1
891762,1
891764,1
891785,1
891790,1
891792,1
891799,1
891803,2
891807,1
891811,1
891814,1
891818,1
891827,1
891849,1
891861,2
891863,1
891867,1
891877,1
891880,1
891884,2
891887,1
891890,1
891892,1
891898,1
891909,1
891914,1
891917,1
891920,1
891926,1
891936,1
891940,1
891948,1
891952,1
891962,1
891971,1
891973,1
891985,1
891991,1
891995,1
892011,2
892021,2
892023,1
892028,1
892046,1
892048,1
892054,2
892057,1
892063,1
892070,1
892075,1
892084,1
892088,2
892091,2
892097,1
892107,1
892114,1
892121,1
892127,2
892131,2
892134,1
892146,1
892158,2
892161,1
892163,1
892165,1
892170,1
892180,1
892184,1
892188,1
892193,1
892196,1
892199,1
892201,1
892214,1
892216,1
892221,1
892227,1
892230,2
892233,1
892237,1
892241,1
892245,1
892254,2
892261,1
892263,1
892273,1
892279,1
892282,2
892288,2
892291,1
892293,1
892296,1
892306,1
892313,1
892316,1
892353,2
892359,1
892368,1
892373,1
892381,1
892408,1
892423,1
892425,1
892430,2
892440,1
892443,1
892445,1
892448,1
892463,1
892465,1
892473,1
892475,1
892477,1
892482,1
892487,2
892493,1
892505,1
892510,1
892514,2
892516,1
892518,1
892520,1
892524,1
892526,1
892542,1
892545,1
892551,1
892553,1
892555,1
892557,1
892569,2
892571,1
892573,1
892576,1
892580,1
892582,1
892585,2
892591,1
892595,1
892602,2
892610,4
892612,1
892615,1
892621,1
892624,2
892638,1
892647,2
892665,1
892678,1
892681,1
892686,1
892688,1
892696,1
892700,2
892705,1
892717,1
892728,2
892735,2
892737,1
892751,2
892759,1
892776,1
892785,1
892795,1
892805,1
892813,1
892821,2
892830,1
892834,1
892838,1
892852,1
892861,3
892863,1
892867,1
892871,1
892874,1
892877,1
892879,1
892886,1
892890,2
892897,2
892903,3
892930,1
892951,1
892959,1
892967,1
892973,1
892979,2
892984,1
892988,1
892994,1
893001,1
893006,1
893009,1
893013,1
893015,1
893020,1
893025,1
893033,1
893038,2
893040,1
893045,2
893047,1
893051,2
893053,1
893060,1
893069,2
893076,2
893091,1
893093,1
893098,1
893108,1
893116,2
893121,1
893126,1
893137,2
893139,1
893144,1
893151,4
893153,1
893162,1
893179,1
893181,1
893183,1
893187,1
893194,1
893198,1
893204,1
893213,1
893215,1
893229,2
893245,1
893249,1
893257,1
893262,2
893274,1
893279,1
893283,2
893292,1
893296,1
893302,2
893312,3
893318,1
893320,1
893327,2
893333,1
893335,1
893344,1
893348,1
893354,1
893363,1
893367,1
893376,1
893385,1
893390,1
893393,1
893399,1
893408,1
893429,1
893439,1
893452,1
893457,1
893461,1
893464,1
893467,1
893470,1
893476,2
893478,1
893481,2
893487,1
893494,2
893496,1
893504,1
893511,1
893514,1
893520,1
893532,1
893534,1
893540,1
893545,1
893547,1
893552,1
893555,1
893560,1
893563,1
893575,2
893580,2
893582,1
893585,2
893590,1
893598,1
893604,1
893606,1
893612,2
893616,2
893628,1
893631,1
893636,1
893641,1
893644,1
893649,1
893651,1
893654,1
893658,1
893672,1
893674,1
893680,1
893685,1
893687,1
893691,2
893697,1
893708,1
893712,1
893717,1
893728,2
893730,1
893750,1
893756,1
893758,1
893767,2
893772,1
893778,1
893782,1
893796,2
893802,2
893810,1
893814,1
893826,1
893829,1
893832,1
893835,1
893838,1
893840,1
893853,2
893858,1
893865,2
893868,1
893877,1
893888,1
893892,1
893895,1
893899,1
893902,2
893904,1
893918,1
893929,1
893935,1
893938,1
893940,1
893944,1
893949,1
893951,1
893958,2
893960,1
893967,1
893972,1
893986,1
894001,1
894008,1
894020,1
894024,1
894029,1
894031,1
894036,1
894046,1
894053,1
894057,2
894064,1
894070,1
894072,1
894078,2
894082,1
894084,1
894088,1
894092,1
894131,1
894139,2
894144,1
894148,2
894153,1
894161,1
894169,2
894175,2
894179,1
894182,1
894184,1
894193,1
894205,2
894207,1
894209,1
894218,1
894220,1
894224,1
894240,1
894245,1
894249,1
894256,1
894265,1
894276,1
894278,1
894281,1
894288,1
894297,1
894311,1
894315,1
894320,1
894329,1
894342,3
894344,1
894355,1
894360,1
894379,1
894385,1
894391,1
894421,1
894430,2
894436,1
894439,1
894449,3
894454,1
894459,1
894464,1
894474,2
894479,1
894488,1
894490,1
894495,1
894501,1
894511,1
894513,1
894518,1
894521,1
894527,1
894542,1
894546,2
894555,2
894566,2
894569,1
894577,1
894579,1
894589,1
894591,1
894595,2
894606,2
894608,1
894612,1
894624,1
894639,2
894659,2
894661,1
894670,1
894672,1
894676,1
894681,1
894689,1
894693,1
894707,1
894709,1
894718,1
894728,1
894746,1
894750,2
894752,1
894755,1
894758,1
894766,1
894768,1
894770,1
894775,1
894778,2
894787,1
894789,1
894796,2
894804,1
894809,2
894811,1
894813,1
894832,1
894850,1
894860,1
894862,1
894865,2
894869,1
894873,1
894879,1
894881,1
894884,1
894887,1
894890,2
894897,2
894901,1
894907,1
894916,1
894928,1
894930,1
894935,1
894939,1
894944,1
894952,1
894954,1
894959,1
894961,1
894965,1
894968,1
894972,1
894978,1
894997,1
895005,1
895009,1
895013,1
895017,1
895023,1
895030,2
895035,1
895041,2
895053,1
895060,1
895068,1
895074,2
895106,2
895116,1
895125,1
895127,1
895133,1
895170,1
895183,1
895186,1
895190,1
895195,1
895205,2
895210,2
895213,1
895215,1
895218,1
895222,1
895228,1
895240,1
895249,1
895254,1
895257,1
895265,1
895292,1
895298,1
895302,1
895314,1
895321,1
895333,1
895337,1
895339,1
895356,1
895358,1
895365,1
895368,1
895373,2
895394,1
895397,1
895401,1
895405,1
895408,1
895410,1
895416,1
895418,1
895421,1
895428,1
895434,1
895436,1
895455,2
895458,1
895475,1
895478,1
895486,1
895498,1
895505,2
895509,1
895514,1
895526,1
895541,1
895548,1
895555,1
895561,1
895569,2
895584,1
895586,1
895590,1
895599,2
895627,2
895629,1
895632,1
895641,1
895666,1
895672,1
895676,1
895690,1
895701,1
895704,1
895714,1
895716,1
895720,1
895723,2
895727,1
895729,1
895732,1
895738,1
895746,2
895765,1
895767,1
895769,1
895783,1
895790,1
895792,1
895799,1
895816,1
895820,1
895824,2
895840,1
895843,1
895845,1
895847,1
895850,1
895859,2
895864,1
895872,1
895878,1
895881,1
895893,1
895905,1
895912,1
895914,1
895928,1
895931,2
895951,1
895955,1
895957,1
895960,1
895968,2
895971,1
895979,1
895988,1
896002,1
896006,1
896013,4
896017,1
896022,1
896030,2
896034,1
896039,1
896065,2
896070,1
896080,2
896084,1
896104,1
896109,1
896113,1
896125,2
896129,1
896138,1
896143,1
896146,1
896160,1
896162,1
896175,1
896177,1
896190,1
896197,1
896200,1
896205,1
896211,1
896216,1
896218,1
896226,1
896232,1
896238,1
896242,1
896249,1
896259,2
896273,1
896283,2
896287,1
896303,1
896308,1
896311,1
896320,1
896322,1
896327,1
896330,2
896333,1
896339,1
896347,1
896350,1
896354,2
896356,1
896361,2
896381,1
896385,1
896397,1
896403,1
896416,1
896418,1
896430,2
896432,1
896435,1
896442,1
896448,1
896452,1
896455,1
896467,1
896483,1
896495,1
896506,1
896519,1
896538,1
896543,1
896548,1
896550,1
896559,1
896562,1
896575,1
896578,2
896587,1
896597,1
896608,1
896611,1
896623,1
896625,1
896635,1
896643,1
896647,1
896659,2
896662,1
896672,2
896675,2
896688,2
896691,1
896697,1
896704,1
896707,1
896710,1
896716,2
896721,1
896728,1
896735,1
896739,1
896748,1
896758,2
896764,1
896770,1
896772,1
896779,1
896782,2
896786,1
896795,1
896805,2
896810,2
896814,1
896821,1
896824,1
896845,1
896855,1
896863,1
896865,1
896884,1
896890,2
896895,1
896904,1
896912,1
896922,1
896925,1
896929,1
896932,2
896937,1
896942,1
896948,1
896961,1
896966,1
896985,1
896992,2
896996,1
897005,2
897009,1
897012,1
897027,1
897035,1
897047,1
897050,1
897054,1
897061,1
897068,1
897075,1
897079,2
897082,1
897087,1
897093,1
897097,1
897102,1
897111,1
897114,2
897120,1
897129,1
897138,1
897143,1
897147,1
897154,1
897156,1
897159,2
897166,1
897170,1
897187,2
897197,2
897203,1
897220,1
897224,1
897237,1
897268,2
897270,1
897272,1
897278,1
897283,1
897285,1
897298,2
897315,1
897324,2
897336,1
897345,1
897347,1
897349,1
897353,2
897367,1
897372,1
897375,1
897381,1
897388,1
897391,1
897395,1
897398,1
897407,1
897412,1
897420,1
897429,1
897434,2
897437,1
897448,2
897450,1
897453,1
897455,1
897466,1
897469,1
897475,1
897485,1
897488,1
897498,1
897505,1
897507,1
897510,1
897519,1
897525,1
897534,2
897554,1
897566,1
897574,2
897579,1
897584,1
897605,1
897611,1
897613,1
897617,1
897621,1
897625,2
897630,1
897641,1
897644,1
897646,1
897654,1
897658,1
897663,1
897666,1
897668,1
897676,1
897683,1
897685,1
897692,1
897694,1
897696,1
897703,1
897706,2
897716,1
897725,1
897731,1
897734,1
897737,2
897740,1
897742,1
897748,1
897771,2
897773,1
897784,1
897811,2
897814,1
897830,2
897836,1
897843,1
897848,1
897856,2
897863,1
897872,1
897878,1
897888,1
897894,1
897901,1
897906,1
897908,1
897915,1
897919,2
897921,1
897926,2
897931,1
897938,1
897948,1
897958,2
897981,2
897999,2
898003,1
898010,1
898016,3
898020,2
898027,1
898047,1
898062,1
898070,1
898076,2
898080,1
898089,2
898094,1
898099,1
898105,4
898122,1
898124,1
898126,1
898134,1
898137,2
898147,1
898171,2
898180,1
898189,1
898215,1
898217,1
898227,1
898231,2
898255,1
898261,1
898264,1
898270,1
898278,1
898289,1
898292,1
898296,1
898304,2
898306,1
898329,1
898332,1
898337,1
898339,1
898345,1
898348,1
898356,1
898362,2
898365,1
898367,1
898369,1
898371,1
898376,1
898381,1
898396,2
898401,1
898403,1
898413,1
898417,2
898419,1
898428,1
898442,3
898449,1
898452,1
898454,1
898460,1
898464,1
898470,1
898473,1
898476,1
898490,1
898496,1
898498,1
898505,1
898508,1
898512,1
898514,1
898519,3
898521,1
898527,1
898534,1
898538,1
898540,1
898544,1
898547,1
898551,1
898553,1
898557,1
898560,1
898565,2
898570,1
898583,1
898593,1
898596,2
898601,2
898605,1
898609,1
898629,1
898637,1
898641,1
898645,1
898659,1
898691,1
898693,1
898697,1
898699,1
898701,1
898711,1
898717,1
898721,2
898729,1
898734,1
898738,1
898743,1
898747,2
898752,1
898756,1
898761,1
898769,1
898775,1
898794,1
898803,1
898808,1
898814,1
898817,1
898824,2
898846,1
898855,1
898863,1
898865,1
898868,1
898878,1
898895,2
898902,1
898909,1
898914,2
898927,1
898929,1
898942,1
898949,1
898957,1
898960,1
898972,1
898976,2
898980,1
898997,1
899001,2
899007,1
899014,2
899022,1
899028,1
899031,1
899034,1
899038,1
899043,2
899046,2
899053,1
899060,1
899068,2
899070,1
899083,1
899100,1
899107,1
899109,1
899115,2
899118,1
899121,2
899128,1
899130,1
899138,1
899154,2
899165,1
899167,1
899171,1
899181,2
899185,1
899189,1
899204,1
899223,1
899228,1
899231,1
899233,1
899247,1
899256,1
899262,1
899265,1
899269,1
899273,1
899277,1
899290,1
899294,1
899297,2
899299,1
899301,1
899306,1
899310,1
899314,1
899317,1
899323,1
899328,1
899334,1
899336,1
899351,1
899354,1
899363,1
899379,1
899386,1
899391,1
899393,1
899395,1
899406,2
899411,1
899417,1
899419,1
899422,1
899430,1
899432,1
899434,1
899437,1
899440,1
899445,1
899448,1
899450,1
899457,1
899463,2
899474,2
899479,1
899481,1
899489,1
899493,1
899497,1
899519,1
899526,1
899534,1
899538,1
899542,1
899554,1
899557,1
899579,2
899581,1
899584,1
899597,1
899608,1
899610,1
899619,2
899622,1
899626,1
899630,1
899634,1
899641,1
899645,1
899652,1
899658,2
899660,1
899675,1
899678,1
899681,1
899696,1
899698,1
899700,1
899726,1
899734,1
899743,1
899748,2
899750,1
899753,1
899758,1
899760,1
899768,1
899777,1
899782,1
899786,1
899791,2
899795,2
899824,1
899826,1
899836,1
899839,1
899844,2
899848,1
899851,1
899857,1
899863,1
899869,3
899872,1
899877,1
899881,1
899887,1
899889,1
899892,1
899897,1
899901,1
899903,1
899907,1
899910,2
899917,1
899919,1
899935,1
899941,1
899943,1
899966,1
899969,1
899973,1
899977,2
899981,1
899985,1
899991,1
1000006,1
1000014,2
1000017,1
1000021,1
1000023,1
1000026,1
1000029,1
1000035,1
1000039,1
1000053,2
1000060,1
1000065,1
1000067,1
1000076,2
1000078,1
1000081,2
1000084,1
1000092,1
1000095,2
1000097,1
1000107,1
1000136,2
1000143,1
1000147,1
1000152,1
1000157,1
1000160,1
1000188,2
1000191,1
1000197,1
1000204,1
1000209,1
1000213,1
1000218,1
1000229,2
1000236,1
1000239,2
1000242,1
1000246,1
1000252,1
1000258,1
1000262,1
1000271,2
1000274,1
1000278,1
1000285,1
1000287,1
1000289,1
1000291,1
1000295,1
1000306,2
1000308,1
1000319,2
1000327,1
1000332,2
1000342,1
1000347,1
1000351,1
1000353,1
1000356,1
1000373,2
1000380,2
1000384,1
1000390,2
1000400,2
1000416,1
1000427,1
1000430,1
1000443,1
1000448,2
1000461,2
1000464,1
1000470,1
1000474,1
1000479,1
1000481,1
1000484,1
1000488,1
1000502,1
1000505,1
1000507,1
1000522,1
1000525,1
1000544,2
1000546,1
1000566,1
1000570,1
1000572,1
1000580,1
1000583,1
1000586,1
1000589,1
1000596,1
1000600,3
1000604,1
1000611,1
1000621,1
1000629,1
1000631,1
1000636,1
1000641,1
1000650,1
1000667,1
1000673,1
1000678,1
1000685,1
1000695,1
1000697,1
1000705,1
1000723,1
1000729,1
1000735,2
1000763,1
1000766,1
1000772,1
1000774,1
1000787,1
1000791,1
1000795,2
1000814,1
1000817,1
1000824,2
1000828,1
1000831,1
1000834,1
1000838,1
1000845,1
1000852,1
1000854,1
1000860,1
1000864,1
1000869,1
1000881,1
1000895,1
1000897,1
1000902,1
1000907,1
1000926,2
1000929,1
1000952,1
1000957,2
1000962,1
1000979,2
1000987,1
1001003,1
1001011,1
1001018,1
1001021,1
1001025,1
1001028,1
1001031,1
1001036,1
1001040,2
1001058,1
1001062,1
1001083,1
1001094,1
1001097,1
1001102,1
1001104,1
1001107,1
1001111,1
1001115,1
1001117,1
1001131,1
1001134,2
1001138,1
1001141,1
1001169,1
1001173,1
1001179,1
1001185,1
1001190,1
1001194,2
1001200,2
1001203,1
1001205,1
1001215,2
1001222,1
1001226,1
1001233,1
1001235,1
1001244,1
1001249,1
1001257,3
1001260,1
1001266,1
1001268,1
1001274,1
1001279,1
1001284,2
1001298,2
1001306,1
1001309,1
1001313,1
1001316,1
1001319,1
1001321,1
1001327,1
1001335,1
1001341,3
1001346,1
1001359,1
1001365,1
1001370,1
1001377,2
1001379,1
1001383,1
1001387,1
1001393,1
1001395,1
1001402,1
1001404,1
1001410,1
1001415,1
1001417,1
1001423,1
1001427,1
1001430,1
1001445,2
1001449,2
1001453,1
1001455,1
1001461,1
1001473,1
1001480,1
1001483,1
1001487,1
1001489,1
1001494,1
1001503,1
1001507,1
1001514,2
1001516,1
1001520,1
1001532,1
1001539,1
1001542,2
1001544,1
1001552,1
1001556,1
1001559,1
1001588,2
1001595,2
1001623,1
1001625,1
1001635,1
1001638,2
1001648,1
1001668,1
1001673,1
1001679,1
1001687,1
1001692,1
1001697,1
1001699,1
1001711,1
1001718,1
1001730,2
1001734,1
1001739,1
1001745,1
1001763,2
1001769,1
1001777,1
1001779,1
1001783,1
1001788,1
1001795,2
1001799,2
1001807,1
1001815,1
1001818,1
1001821,2
1001846,2
1001856,1
1001859,2
1001862,1
1001874,1
1001876,1
1001879,1
1001897,1
1001900,1
1001909,1
1001929,1
1001936,1
1001940,1
1001947,2
1001955,1
1001958,1
1001967,1
1001971,1
1001973,1
1001987,1
1001993,2
1002012,1
1002030,1
1002032,1
1002035,1
1002042,2
1002048,1
1002051,1
1002058,1
1002063,1
1002069,1
1002074,1
1002079,1
1002087,1
1002090,2
1002095,1
1002099,1
1002102,1
1002120,1
1002131,1
1002138,2
1002140,1
1002159,2
1002162,1
1002166,1
1002168,1
1002173,2
1002181,1
1002188,1
1002198,1
1002203,1
1002209,1
1002219,1
1002226,2
1002232,1
1002234,1
1002236,1
1002244,2
1002256,1
1002265,2
1002272,1
1002277,1
1002279,1
1002286,2
1002294,2
1002302,1
1002316,1
1002322,1
1002328,1
1002348,1
1002373,1
1002390,1
1002393,1
1002397,1
1002401,1
1002412,1
1002416,1
1002420,1
1002422,1
1002424,1
1002429,1
1002434,1
1002437,1
1002441,1
1002448,2
1002450,1
1002452,1
1002464,1
1002479,1
1002481,1
1002483,1
1002485,1
1002496,1
1002519,1
1002521,1
1002532,1
1002536,1
1002542,2
1002560,1
1002572,1
1002576,1
1002581,1
1002595,1
1002598,1
1002606,2
1002617,1
1002619,1
1002627,1
1002638,1
1002641,1
1002659,1
1002667,1
1002683,1
1002688,1
1002690,1
1002700,1
1002705,1
1002710,2
1002719,1
1002746,1
1002748,1
1002753,1
1002765,1
1002775,1
1002779,1
1002785,1
1002787,1
1002790,1
1002794,1
1002797,1
1002803,1
1002812,1
1002816,1
1002819,1
1002828,1
1002836,1
1002854,2
1002860,2
1002872,1
1002884,1
1002905,1
1002916,1
1002919,1
1002925,1
1002929,1
1002937,1
1002947,1
1002951,1
1002956,1
1002979,2
1002982,2
1002987,1
1002990,1
1003004,1
1003017,1
1003022,2
1003037,1
1003052,1
1003059,1
1003062,1
1003067,1
1003070,1
1003085,1
1003089,1
1003097,1
1003099,1
1003110,1
1003115,1
1003119,1
1003126,1
1003131,1
1003135,1
1003138,1
1003142,1
1003157,1
1003162,2
1003164,1
1003173,1
1003182,1
1003188,2
1003191,1
1003194,2
1003202,1
1003204,1
1003210,1
1003213,2
1003223,1
1003227,1
1003233,2
1003247,1
1003259,1
1003280,1
1003285,1
1003288,1
1003290,1
1003293,2
1003298,1
1003314,1
1003319,1
1003326,1
1003332,1
1003342,1
1003348,1
1003350,1
1003352,1
1003361,2
1003364,1
1003384,1
1003387,1
1003392,1
1003394,1
1003398,1
1003400,1
1003405,2
1003413,1
1003418,2
1003423,1
1003433,1
1003445,1
1003449,1
1003453,1
1003455,1
1003457,1
1003459,1
1003463,2
1003478,1
1003480,1
1003482,1
1003485,1
1003488,1
1003495,2
1003507,1
1003511,1
1003513,1
1003524,1
1003529,2
1003533,1
1003540,2
1003545,1
1003548,1
1003569,1
1003571,1
1003573,1
1003576,1
1003578,1
1003583,1
1003585,1
1003601,1
1003608,1
1003612,1
1003614,1
1003623,1
1003625,1
1003629,1
1003632,1
1003638,2
1003644,1
1003648,1
1003659,1
1003666,1
1003670,1
1003672,1
1003685,1
1003708,1
1003713,1
1003723,1
1003726,1
1003731,1
1003734,1
1003739,1
1003749,1
1003751,1
1003753,1
1003759,1
1003763,1
1003765,1
1003772,2
1003775,1
1003783,1
1003803,2
1003805,1
1003815,1
1003823,1
1003826,1
1003836,1
1003848,2
1003850,1
1003862,2
1003871,1
1003877,1
1003883,1
1003886,1
1003892,1
1003900,1
1003908,1
1003925,1
1003941,1
1003948,2
1003950,1
1003953,1
1003964,2
1003970,1
1003972,1
1003978,1
1003983,2
1003986,1
1004001,1
1004009,1
1004012,1
1004019,1
1004021,1
1004025,2
1004059,1
1004062,1
1004064,1
1004068,1
1004076,1
1004078,1
1004086,1
1004090,2
1004101,1
1004107,1
1004119,1
1004140,1
1004142,1
1004145,1
1004152,2
1004156,1
1004161,1
1004175,2
1004180,1
1004185,1
1004187,1
1004203,1
1004209,1
1004215,1
1004219,2
1004227,2
1004230,2
1004237,1
1004242,1
1004246,3
1004251,1
1004256,1
1004261,1
1004267,1
1004282,2
1004285,1
1004288,1
1004294,1
1004306,2
1004312,2
1004320,1
1004322,1
1004329,1
1004333,1
1004337,1
1004350,1
1004353,1
1004356,1
1004362,1
1004369,1
1004374,1
1004379,1
1004387,1
1004392,1
1004402,2
1004404,1
1004434,2
1004439,2
1004444,1
1004455,1
1004465,1
1004471,1
1004475,1
1004482,1
1004484,1
1004494,1
1004499,1
1004501,1
1004506,1
1004522,1
1004525,2
1004530,2
1004532,1
1004536,1
1004549,1
1004552,1
1004556,2
1004568,1
1004572,1
1004576,1
1004594,1
1004606,1
1004619,1
1004623,1
1004625,1
1004629,1
1004637,2
1004666,1
1004674,2
1004681,1
1004684,1
1004689,1
1004694,1
1004706,1
1004710,1
1004720,1
1004727,1
1004735,1
1004744,1
1004751,4
1004755,1
1004758,1
1004765,1
1004770,1
1004776,1
1004784,1
1004791,1
1004795,2
1004804,1
1004810,1
1004813,1
1004816,1
1004823,3
1004825,1
1004833,1
1004841,1
1004845,1
1004855,2
1004863,1
1004870,1
1004880,1
1004882,1
1004888,1
1004894,1
1004897,2
1004900,1
1004902,1
1004910,1
1004922,1
1004933,2
1004937,1
1004939,1
1004942,2
1004947,1
1004954,1
1004958,1
1004967,2
1004979,1
1004987,1
1004989,1
1004991,1
1004996,1
1004998,1
1005006,1
1005009,2
1005015,1
1005022,2
1005026,2
1005031,1
1005033,1
1005036,1
1005043,2
1005052,1
1005062,1
1005068,1
1005077,1
1005090,1
1005101,2
1005110,2
1005117,1
1005120,1
1005122,1
1005131,1
1005135,1
1005142,1
1005150,1
1005155,1
1005157,1
1005161,2
1005178,2
1005180,1
1005192,1
1005195,1
1005202,2
1005206,1
1005209,1
1005239,1
1005248,1
1005254,1
1005256,1
1005270,1
1005274,1
1005284,1
1005287,1
1005304,1
1005307,2
1005311,1
1005321,1
1005324,1
1005330,1
1005332,1
1005336,1
1005341,2
1005353,1
1005357,1
1005359,1
1005361,1
1005365,2
1005374,2
1005376,1
1005378,1
1005386,1
1005396,1
1005412,1
1005418,1
1005425,1
1005428,1
1005439,1
1005443,1
1005450,1
1005459,1
1005471,2
1005474,1
1005477,1
1005493,2
1005505,1
1005510,1
1005517,1
1005521,1
1005525,2
1005539,2
1005549,1
1005551,1
1005560,2
1005563,1
1005567,1
1005575,1
1005579,1
1005582,1
1005595,2
1005604,1
1005608,1
1005612,1
1005618,1
1005621,1
1005624,1
1005632,1
1005637,1
1005642,1
1005644,1
1005646,1
1005660,2
1005672,1
1005674,1
1005679,1
1005689,1
1005692,1
1005694,1
1005696,1
1005698,1
1005707,1
1005713,1
1005720,2
1005722,1
1005726,1
1005728,1
1005732,2
1005738,2
1005741,1
1005745,1
1005753,1
1005767,1
1005777,1
1005781,1
1005785,2
1005788,2
1005794,1
1005796,1
1005801,1
1005809,1
1005828,1
1005831,1
1005836,2
1005843,1
1005850,2
1005855,1
1005869,1
1005873,2
1005875,1
1005882,1
1005901,1
1005904,1
1005910,1
1005923,1
1005933,1
1005944,1
1005949,1
1005964,1
1005980,1
1005987,1
1005989,1
1005991,1
1005995,1
1006000,1
1006004,1
1006011,1
1006021,1
1006032,1
1006043,1
1006048,1
1006055,1
1006062,1
1006077,1
1006080,2
1006085,1
1006095,1
1006103,1
1006118,2
1006132,1
1006145,1
1006147,1
1006157,1
1006159,1
1006166,1
1006173,1
1006178,1
1006188,1
1006194,1
1006203,1
1006208,2
1006210,1
1006212,1
1006215,1
1006222,1
1006228,2
1006236,1
1006251,1
1006253,1
1006265,1
1006270,2
1006273,1
1006278,1
1006281,1
1006284,1
1006286,1
1006316,1
1006319,1
1006328,2
1006339,1
1006342,1
1006345,1
1006350,2
1006355,1
1006359,2
1006365,2
1006368,1
1006374,1
1006377,1
1006380,1
1006382,1
1006397,1
1006401,1
1006407,1
1006416,1
1006420,1
1006430,1
1006444,1
1006460,1
1006463,1
1006467,1
1006475,1
1006482,2
1006485,1
1006496,2
1006501,3
1006504,1
1006520,1
1006522,1
1006525,1
1006553,2
1006558,1
1006576,1
1006578,1
1006584,1
1006592,1
1006599,2
1006610,1
1006613,1
1006615,1
1006623,1
1006627,2
1006635,1
1006639,1
1006648,1
1006661,1
1006668,1
1006673,3
1006690,1
1006698,1
1006702,2
1006709,1
1006711,1
1006724,2
1006731,1
1006735,1
1006743,1
1006748,1
1006750,1
1006753,1
1006769,1
1006779,1
1006784,1
1006789,2
1006794,1
1006797,1
1006805,1
1006808,1
1006812,1
1006817,1
1006819,1
1006829,1
1006831,1
1006834,1
1006836,1
1006841,1
1006843,1
1006848,2
1006862,1
1006874,1
1006876,1
1006885,1
1006887,1
1006898,1
1006915,1
1006918,1
1006924,2
1006926,1
1006929,1
1006934,1
1006946,1
1006948,1
1006951,1
1006958,1
1006964,1
1006969,1
1006973,1
1006977,1
1006997,1
1007001,1
1007013,1
1007020,2
1007026,1
1007032,1
1007041,2
1007048,1
1007065,1
1007068,2
1007072,1
1007074,1
1007098,1
1007101,2
1007106,1
1007109,2
1007117,1
1007121,1
1007135,1
1007147,1
1007151,1
1007154,1
1007156,1
1007159,2
1007161,1
1007166,1
1007177,1
1007186,1
1007191,2
1007196,2
1007203,1
1007205,1
1007217,1
1007224,1
1007229,1
1007234,1
1007239,1
1007250,1
1007254,1
1007258,1
1007265,1
1007272,1
1007281,2
1007289,1
1007306,2
1007312,1
1007314,1
1007317,1
1007323,1
1007325,1
1007332,2
1007342,1
1007358,1
1007367,2
1007373,1
1007375,1
1007382,1
1007384,1
1007388,1
1007400,1
1007404,1
1007407,1
1007411,1
1007419,1
1007441,2
1007458,1
1007465,1
1007475,1
1007479,1
1007486,2
1007489,1
1007492,1
1007497,1
1007506,1
1007511,1
1007519,1
1007521,1
1007527,1
1007530,1
1007533,1
1007537,1
1007547,2
1007558,2
1007562,1
1007568,1
1007575,1
1007578,2
1007587,2
1007593,1
1007599,2
1007603,1
1007617,2
1007620,2
1007627,1
1007632,1
1007647,1
1007680,1
1007690,1
1007693,1
1007698,1
1007701,1
1007703,1
1007706,1
1007717,1
1007726,1
1007729,1
1007731,1
1007734,1
1007741,1
1007743,1
1007750,1
1007765,1
1007773,1
1007778,1
1007785,2
1007787,1
1007801,1
1007810,1
1007830,1
1007837,1
1007845,1
1007867,2
1007870,1
1007872,1
1007880,1
1007882,1
1007889,1
1007903,1
1007923,1
1007927,2
1007933,1
1007938,1
1007948,2
1007955,1
1007958,1
1007964,1
1007969,1
1007975,1
1007983,1
1007986,2
1007990,2
1007995,1
1008021,1
1008025,1
1008033,1
1008038,2
1008041,1
1008046,1
1008053,1
1008069,2
1008072,1
1008079,2
1008093,1
1008099,1
1008109,1
1008117,2
1008126,1
1008136,1
1008145,1
1008154,1
1008156,1
1008159,1
1008161,1
1008163,1
1008168,1
1008174,1
1008181,2
1008191,1
1008194,1
1008198,2
1008210,2
1008217,1
1008220,1
1008234,1
1008241,1
1008243,1
1008249,1
1008252,1
1008254,1
1008256,1
1008264,1
1008295,2
1008297,1
1008299,1
1008308,1
1008326,1
1008332,1
1008337,1
1008340,1
1008345,2
1008350,1
1008353,2
1008356,1
1008358,1
1008362,1
1008365,1
1008374,1
1008376,1
1008382,1
1008385,1
1008394,1
1008410,1
1008419,1
1008421,1
1008427,1
1008447,1
1008471,1
1008476,1
1008479,1
1008486,1
1008489,1
1008491,1
1008494,1
1008501,2
1008512,1
1008517,1
1008523,2
1008527,1
1008535,1
1008540,2
1008544,1
1008550,1
1008561,1
1008569,1
1008571,1
1008573,1
1008577,1
1008580,1
1008582,1
1008585,1
1008592,2
1008596,1
1008619,1
1008621,1
1008624,1
1008631,1
1008635,1
1008649,2
1008653,1
1008659,2
1008668,1
1008671,1
1008681,1
1008683,1
1008686,2
1008693,1
1008705,1
1008711,1
1008715,1
1008722,1
1008736,1
1008739,1
1008745,1
1008751,1
1008763,1
1008769,1
1008780,1
1008798,1
1008803,1
1008806,1
1008811,2
1008824,1
1008826,1
1008839,1
1008841,1
1008845,1
1008847,1
1008850,1
1008863,1
1008869,1
1008872,1
1008878,1
1008886,1
1008896,1
1008898,1
1008902,1
1008906,1
1008909,1
1008912,1
1008922,1
1008924,1
1008928,2
1008941,1
1008943,1
1008946,2
1008949,1
1008955,1
1008963,1
1008979,1
1008981,1
1008983,1
1008989,1
1008993,1
1008996,1
1009000,1
1009005,1
1009015,1
1009042,1
1009050,1
1009052,1
1009062,1
1009071,2
1009076,2
1009079,1
1009082,1
1009085,1
1009089,1
1009105,1
1009109,3
1009112,1
1009130,1
1009135,2
1009139,2
1009145,1
1009147,1
1009151,1
1009153,1
1009157,1
1009167,1
1009171,1
1009184,1
1009199,1
1009202,1
1009204,1
1009208,1
1009224,1
1009248,1
1009259,2
1009262,1
1009267,2
1009273,1
1009275,1
1009285,1
1009287,1
1009292,1
1009298,1
1009302,1
1009310,1
1009312,1
1009315,1
1009318,1
1009335,1
1009340,1
1009345,1
1009354,1
1009362,1
1009368,2
1009371,1
1009374,2
1009383,1
1009386,1
1009393,1
1009396,2
1009398,1
1009402,1
1009404,1
1009410,1
1009419,2
1009421,1
1009423,1
1009429,1
1009434,1
1009440,1
1009450,1
1009459,1
1009463,1
1009469,1
1009472,1
1009480,2
1009490,1
1009508,1
1009510,1
1009515,2
1009520,1
1009529,1
1009544,1
1009552,1
1009560,1
1009562,1
1009568,2
1009570,1
1009572,1
1009578,2
1009581,1
1009584,2
1009588,2
1009593,1
1009597,1
1009603,1
1009608,1
1009613,1
1009621,1
1009627,1
1009629,1
1009639,1
1009642,2
1009645,1
1009658,1
1009678,1
1009680,1
1009690,1
1009703,1
1009711,1
1009714,1
1009719,1
1009723,1
1009726,1
1009738,2
1009741,2
1009745,2
1009752,1
1009756,1
1009762,1
1009767,1
1009770,1
1009775,1
1009779,1
1009783,1
1009787,1
1009793,2
1009797,1
1009799,1
1009807,2
1009809,1
1009815,1
1009826,1
1009828,1
1009831,1
1009833,1
1009842,1
1009846,1
1009855,2
1009860,1
1009864,1
1009871,1
1009875,1
1009886,2
1009893,2
1009895,1
1009903,1
1009906,2
1009912,1
1009914,1
1009927,1
1009938,2
1009943,1
1009946,1
1009958,1
1009963,1
1009968,1
1009981,1
1009996,1
1010001,2
1010004,1
1010007,1
1010022,1
1010029,1
1010040,1
1010046,1
1010059,1
1010063,1
1010076,1
1010080,1
1010087,1
1010089,1
1010092,1
1010104,1
1010111,1
1010114,2
1010117,1
1010126,1
1010131,2
1010136,1
1010138,1
1010141,2
1010143,1
1010149,2
1010152,1
1010158,1
1010162,2
1010166,1
1010168,1
1010173,1
1010182,1
1010192,1
1010198,1
1010205,1
1010209,2
1010212,1
1010222,1
1010227,1
1010229,1
1010234,1
1010237,1
1010244,1
1010254,1
1010261,1
1010275,1
1010281,1
1010284,1
1010286,1
1010291,1
1010295,1
1010297,1
1010313,1
1010319,1
1010324,1
1010331,2
1010339,1
1010348,1
1010355,2
1010357,1
1010367,1
1010382,1
1010386,1
1010389,1
1010406,1
1010414,1
1010416,1
1010421,2
1010436,1
1010449,1
1010469,1
1010498,1
1010500,1
1010514,1
1010517,1
1010527,1
1010532,1
1010536,1
1010539,1
1010544,1
1010548,1
1010555,2
1010558,1
1010560,1
1010563,1
1010565,1
1010594,1
1010600,1
1010604,2
1010618,1
1010620,1
1010625,1
1010634,1
1010641,1
1010644,1
1010648,1
1010654,1
1010665,1
1010667,1
1010683,2
1010687,1
1010703,1
1010707,2
1010711,1
1010715,2
1010719,1
1010721,1
1010723,1
1010740,1
1010745,1
1010748,1
1010758,1
1010761,1
1010764,1
1010771,1
1010776,1
1010779,2
1010781,1
1010786,1
1010793,1
1010797,1
1010803,1
1010808,1
1010826,1
1010830,2
1010836,1
1010847,2
1010853,1
1010867,1
1010869,1
1010872,1
1010874,1
1010877,1
1010881,1
1010889,1
1010892,1
1010897,1
1010901,1
1010915,1
1010920,2
1010924,2
1010937,1
1010946,1
1010949,1
1010955,1
1010965,1
1010970,2
1010975,1
1010982,1
1010984,1
1010988,2
1010997,1
1011005,1
1011011,1
1011015,2
1011044,1
1011066,1
1011078,1
1011080,1
1011083,2
1011086,1
1011090,1
1011096,1
1011103,1
1011107,1
1011122,1
1011128,1
1011131,1
1011148,2
1011150,1
1011157,1
1011162,1
1011164,1
1011166,1
1011178,1
1011180,1
1011182,1
1011185,1
1011187,1
1011195,2
1011207,1
1011210,1
1011213,1
1011222,2
1011224,1
1011230,1
1011238,2
1011240,1
1011242,1
1011245,1
1011247,1
1011252,1
1011259,1
1011275,1
1011286,1
1011291,2
1011302,1
1011310,2
1011313,1
1011316,1
1011350,2
1011355,1
1011357,1
1011363,1
1011376,1
1011380,1
1011385,2
1011394,1
1011410,1
1011412,1
1011419,1
1011422,1
1011425,2
1011430,1
1011440,1
1011445,1
1011459,2
1011465,1
1011471,1
1011474,1
1011481,1
1011491,1
1011498,1
1011500,1
1011504,2
1011512,1
1011515,1
1011520,1
1011523,1
1011527,1
1011529,1
1011533,1
1011540,2
1011542,1
1011550,1
1011556,3
1011566,2
1011585,1
1011597,1
1011599,1
1011602,2
1011606,1
1011612,1
1011617,1
1011621,1
1011625,1
1011639,1
1011646,1
1011655,1
1011664,1
1011670,1
1011672,1
1011675,1
1011677,1
1011680,1
1011682,1
1011696,1
1011704,2
1011706,1
1011708,1
1011711,2
1011721,2
1011730,1
1011732,1
1011734,1
1011738,2
1011743,2
1011746,1
1011752,1
1011758,3
1011766,2
1011774,1
1011782,1
1011785,1
1011791,1
1011793,1
1011796,1
1011803,1
1011805,1
1011809,1
1011821,1
1011823,1
1011825,1
1011834,1
1011841,1
1011843,1
1011845,1
1011858,1
1011866,2
1011868,1
1011883,1
1011885,1
1011890,1
1011895,1
1011922,1
1011925,1
1011928,2
1011931,1
1011947,1
1011951,2
1011953,1
1011960,1
1011964,2
1011969,1
1011980,1
1011989,1
1011994,1
1011999,1
1012007,2
1012013,1
1012020,1
1012025,2
1012031,1
1012034,1
1012042,1
1012044,1
1012050,1
1012057,1
1012059,1
1012068,2
1012074,1
1012085,1
1012093,1
1012123,1
1012140,1
1012147,1
1012149,1
1012153,1
1012163,1
1012169,1
1012171,1
1012178,1
1012181,2
1012183,1
1012186,1
1012189,1
1012197,1
1012199,1
1012209,2
1012215,1
1012220,1
1012224,1
1012230,1
1012232,1
1012234,1
1012244,1
1012248,1
1012251,1
1012253,1
1012264,1
1012281,1
1012285,1
1012292,1
1012294,1
1012302,1
1012309,1
1012313,1
1012321,1
1012325,1
1012327,1
1012338,1
1012349,1
1012353,1
1012356,1
1012361,1
1012369,1
1012374,1
1012380,1
1012395,1
1012405,1
1012412,1
1012415,1
1012418,1
1012423,2
1012428,1
1012442,1
1012445,1
1012450,1
1012456,2
1012458,1
1012460,1
1012463,2
1012469,1
1012486,1
1012493,1
1012500,2
1012517,2
1012519,1
1012531,1
1012533,1
1012536,2
1012541,1
1012544,1
1012552,1
1012560,1
1012564,1
1012567,1
1012571,1
1012576,1
1012589,1
1012591,1
1012595,1
1012600,1
1012602,1
1012606,1
1012622,1
1012628,2
1012630,1
1012649,1
1012660,1
1012664,1
1012679,1
1012687,1
1012689,1
1012694,1
1012701,2
1012703,1
1012710,2
1012713,1
1012723,1
1012730,2
1012734,1
1012736,1
1012740,1
1012742,1
1012745,1
1012764,1
1012768,1
1012774,1
1012777,1
1012779,1
1012782,1
1012794,3
1012798,1
1012808,2
1012813,1
1012817,1
1012827,2
1012833,1
1012842,1
1012847,1
1012853,1
1012856,1
1012875,1
1012878,2
1012882,1
1012891,1
1012894,1
1012896,1
1012900,1
1012910,2
1012917,1
1012922,1
1012929,1
1012933,1
1012937,1
1012939,1
1012943,1
1012946,1
1012961,1
1012971,1
1012973,1
1012982,2
1012988,2
1012996,1
1013002,1
1013006,1
1013010,1
1013015,2
1013017,1
1013019,1
1013032,1
1013055,1
1013059,1
1013062,1
1013075,1
1013080,1
1013084,1
1013087,1
1013096,3
1013102,2
1013117,2
1013125,1
1013149,2
1013153,1
1013167,1
1013183,1
1013189,1
1013204,2
1013215,2
1013220,1
1013234,1
1013242,1
1013250,1
1013253,1
1013256,1
1013264,2
1013274,1
1013285,1
1013292,1
1013304,1
1013307,1
1013314,1
1013318,1
1013331,1
1013349,2
1013368,1
1013371,1
1013379,2
1013387,1
1013393,1
1013399,2
1013403,1
1013407,1
1013418,1
1013422,1
1013427,1
1013432,4
1013437,1
1013443,1
1013451,1
1013460,1
1013465,1
1013474,1
1013476,1
1013486,1
1013503,1
1013508,1
1013510,1
1013527,2
1013532,1
1013537,1
1013544,1
1013549,1
1013553,1
1013560,1
1013563,1
1013565,1
1013568,1
1013576,1
1013581,1
1013590,1
1013598,1
1013611,1
1013614,1
1013616,1
1013624,1
1013631,1
1013637,1
1013661,1
1013668,1
1013675,1
1013680,1
1013699,1
1013711,2
1013715,1
1013720,1
1013731,2
1013737,1
1013742,1
1013745,1
1013747,1
1013763,1
1013783,1
1013805,1
1013810,1
1013819,1
1013824,1
1013828,1
1013839,1
1013841,1
1013852,2
1013860,1
1013863,1
1013868,4
1013883,2
1013887,1
1013892,1
1013899,1
1013904,1
1013908,1
1013912,1
1013923,1
1013925,1
1013936,1
1013956,1
1013959,2
1013970,2
1013973,1
1013979,2
1013981,1
1013987,1
1013991,1
1013995,1
1014005,1
1014020,1
1014022,1
1014027,1
1014038,1
1014044,1
1014056,2
1014071,1
1014078,1
1014081,1
1014083,1
1014095,1
1014099,1
1014102,1
1014115,1
1014121,2
1014124,1
1014126,1
1014130,2
1014134,1
1014140,1
1014147,1
1014154,2
1014157,1
1014159,1
1014162,1
1014174,1
1014181,2
1014188,2
1014205,1
1014216,1
1014219,1
1014226,1
1014228,1
1014231,1
1014238,1
1014242,1
1014250,1
1014253,1
1014260,1
1014298,1
1014305,1
1014311,2
1014315,1
1014337,1
1014342,1
1014352,1
1014360,2
1014366,1
1014373,1
1014387,1
1014391,1
1014398,2
1014406,1
1014410,1
1014413,1
1014427,2
1014429,1
1014431,1
1014440,1
1014447,1
1014450,2
1014453,1
1014468,1
1014473,1
1014497,1
1014505,2
1014511,1
1014527,1
1014529,1
1014537,2
1014539,1
1014551,1
1014560,1
1014567,1
1014569,1
1014576,1
1014579,1
1014583,1
1014585,1
1014600,1
1014602,1
1014607,2
1014614,1
1014619,1
1014621,1
1014623,1
1014625,1
1014628,1
1014631,1
1014634,1
1014636,1
1014643,1
1014647,2
1014649,1
1014655,2
1014660,1
1014672,1
1014685,1
1014688,1
1014692,1
1014697,2
1014708,2
1014710,1
1014727,1
1014733,2
1014738,1
1014742,3
1014752,2
1014756,1
1014771,1
1014778,1
1014783,1
1014796,1
1014799,1
1014812,2
1014814,1
1014816,1
1014827,1
1014829,1
1014831,1
1014833,1
1014843,1
1014850,1
1014856,1
1014860,2
1014866,1
1014871,1
1014874,1
1014876,1
1014889,1
1014892,2
1014896,1
1014907,1
1014912,1
1014916,1
1014924,1
1014927,1
1014938,3
1014947,1
1014955,1
1014958,1
1014960,1
1014965,2
1014973,2
1014980,1
1014983,1
1014991,1
1014996,1
1015009,1
1015015,1
1015019,1
1015030,1
1015032,1
1015036,1
1015038,1
1015046,2
1015051,1
1015058,1
1015064,3
1015075,1
1015077,1
1015083,1
1015085,1
1015092,1
1015098,1
1015109,2
1015123,1
1015131,2
1015135,1
1015143,1
1015149,1
1015153,1
1015156,1
1015164,1
1015170,2
1015174,1
1015184,1
1015192,1
1015195,1
1015202,1
1015206,1
1015213,1
1015219,2
1015225,1
1015229,1
1015243,2
1015252,3
1015254,1
1015262,2
1015272,2
1015309,1
1015313,2
1015318,1
1015328,1
1015331,1
1015343,1
1015358,1
1015363,2
1015378,1
1015381,1
1015386,1
1015393,1
1015396,1
1015400,1
1015407,2
1015409,1
1015411,1
1015422,1
1015424,1
1015428,1
1015434,1
1015438,1
1015445,2
1015449,1
1015457,1
1015479,1
1015482,2
1015495,1
1015508,1
1015512,1
1015526,1
1015549,1
1015557,1
1015565,1
1015569,1
1015571,1
1015574,1
1015583,1
1015592,2
1015595,1
1015615,1
1015625,2
1015634,1
1015638,2
1015648,1
1015654,2
1015662,1
1015667,1
1015670,1
1015679,1
1015687,1
1015694,1
1015708,2
1015711,1
1015717,1
1015725,1
1015730,1
1015738,2
1015742,1
1015746,1
1015762,1
1015764,1
1015767,1
1015775,1
1015788,1
1015797,2
1015799,1
1015802,1
1015807,2
1015810,1
1015817,1
1015819,1
1015821,1
1015827,2
1015834,1
1015841,1
1015845,1
1015848,2
1015852,1
1015864,1
1015866,1
1015877,1
1015883,1
1015887,1
1015913,1
1015918,1
1015922,1
1015933,1
1015941,1
1015951,1
1015958,3
1015971,1
1015976,1
1015980,1
1015982,1
1015996,1
1016008,1
1016012,1
1016030,1
1016032,1
1016040,1
1016043,1
1016050,1
1016055,1
1016061,1
1016063,1
1016066,1
1016069,2
1016071,1
1016077,1
1016084,1
1016087,1
1016104,1
1016107,1
1016122,1
1016125,1
1016133,2
1016138,1
1016140,1
1016153,1
1016156,1
1016163,1
1016167,1
1016170,1
1016202,1
1016204,1
1016212,1
1016216,1
1016225,1
1016235,2
1016239,2
1016243,1
1016249,1
1016257,2
1016263,2
1016272,1
1016278,1
1016285,1
1016292,1
1016294,1
1016296,1
1016310,1
1016317,1
1016321,1
1016325,1
1016328,1
1016339,1
1016352,1
1016356,1
1016359,1
1016362,1
1016370,1
1016378,1
1016389,1
1016394,1
1016396,1
1016403,1
1016406,1
1016412,1
1016420,1
1016429,1
1016444,1
1016446,1
1016461,1
1016469,1
1016476,2
1016490,1
1016511,1
1016515,1
1016521,1
1016540,1
1016542,1
1016547,1
1016555,2
1016567,1
1016586,1
1016588,1
1016599,1
1016605,1
1016609,2
1016611,1
1016616,2
1016621,2
1016654,1
1016657,1
1016663,1
1016665,1
1016672,1
1016677,1
1016680,1
1016686,1
1016692,2
1016694,1
1016698,3
1016705,1
1016715,1
1016717,1
1016722,1
1016725,1
1016731,1
1016735,1
1016740,1
1016743,1
1016746,1
1016749,1
1016756,2
1016763,1
1016769,1
1016777,1
1016788,1
1016804,1
1016807,2
1016814,1
1016825,2
1016835,1
1016837,1
1016846,2
1016851,1
1016867,1
1016873,1
1016883,1
1016886,1
1016888,1
1016890,1
1016892,1
1016895,1
1016911,2
1016917,1
1016939,1
1016941,1
1016944,1
1016967,1
1016969,1
1016972,1
1016979,2
1016982,2
1016985,2
1016995,2
1017006,1
1017020,1
1017027,1
1017030,1
1017037,1
1017041,2
1017045,1
1017056,2
1017062,1
1017065,1
1017068,1
1017070,1
1017073,1
1017078,1
1017095,3
1017103,1
1017108,1
1017119,1
1017121,1
1017128,1
1017135,1
1017146,2
1017149,1
1017167,1
1017173,1
1017175,1
1017177,1
1017180,1
1017183,1
1017192,1
1017208,1
1017211,1
1017218,2
1017227,2
1017231,1
1017263,2
1017273,1
1017275,1
1017290,1
1017299,1
1017306,1
1017311,1
1017319,1
1017322,2
1017336,1
1017339,2
1017356,1
1017365,1
1017372,1
1017384,1
1017389,2
1017398,1
1017414,1
1017419,1
1017421,1
1017424,1
1017437,1
1017444,1
1017449,2
1017454,2
1017458,1
1017467,1
1017471,1
1017473,1
1017476,2
1017480,1
1017485,1
1017492,1
1017496,1
1017503,2
1017507,1
1017511,1
1017515,1
1017536,1
1017538,1
1017541,1
1017547,1
1017550,1
1017554,1
1017558,1
1017564,1
1017569,1
1017576,1
1017579,1
1017586,1
1017599,2
1017605,2
1017609,1
1017616,1
1017623,1
1017638,1
1017640,1
1017642,1
1017648,1
1017650,1
1017666,1
1017674,1
1017685,1
1017688,1
1017696,1
1017699,1
1017701,1
1017703,1
1017706,2
1017708,1
1017718,1
1017724,1
1017728,1
1017735,1
1017743,1
1017745,1
1017766,1
1017769,1
1017777,1
1017801,1
1017804,1
1017806,1
1017808,1
1017812,1
1017815,1
1017817,1
1017824,2
1017827,1
1017831,1
1017843,1
1017846,1
1017851,1
1017854,1
1017861,1
1017869,2
1017875,1
1017883,1
1017887,1
1017894,1
1017898,1
1017901,1
1017905,1
1017911,2
1017916,1
1017918,1
1017924,1
1017929,1
1017971,1
1017985,1
1017990,2
1018001,1
1018011,1
1018014,1
1018019,1
1018029,2
1018033,1
1018040,1
1018054,1
1018066,1
1018069,2
1018071,1
1018080,1
1018086,1
1018088,1
1018095,1
1018099,2
1018115,1
1018118,1
1018120,1
1018128,1
1018139,1
1018141,1
1018155,1
1018158,1
1018160,1
1018174,1
1018177,1
1018179,1
1018181,1
1018206,3
1018213,1
1018226,1
1018235,2
1018239,1
1018244,1
1018255,1
1018267,1
1018276,1
1018284,1
1018288,1
1018290,1
1018293,1
1018296,1
1018300,1
1018310,1
1018312,1
1018316,1
1018321,1
1018330,1
1018333,1
1018336,1
1018338,1
1018347,1
1018350,1
1018359,1
1018369,1
1018371,1
1018381,1
1018388,1
1018394,1
1018399,1
1018421,1
1018423,1
1018431,1
1018437,1
1018440,1
1018444,1
1018450,1
1018456,1
1018458,1
1018471,1
1018473,1
1018475,1
1018483,1
1018497,2
1018506,1
1018511,1
1018521,1
1018527,4
1018532,1
1018535,2
1018556,1
1018563,1
1018573,1
1018624,1
1018640,1
1018645,1
1018651,1
1018666,1
1018668,1
1018695,1
1018699,1
1018701,1
1018706,1
1018713,1
1018715,1
1018718,1
1018723,1
1018728,1
1018735,1
1018737,1
1018740,2
1018743,1
1018746,1
1018750,1
1018755,1
1018758,2
1018766,2
1018768,1
1018780,1
1018782,1
1018786,2
1018797,1
1018800,1
1018809,2
1018811,1
1018828,2
1018833,1
1018839,1
1018841,1
1018843,1
1018847,1
1018863,1
1018871,2
1018880,1
1018883,1
1018890,1
1018896,1
1018907,1
1018915,1
1018918,2
1018920,1
1018928,1
1018942,1
1018959,1
1018961,1
1018971,1
1018974,1
1018977,1
1019004,1
1019013,1
1019017,1
1019020,2
1019023,1
1019026,1
1019032,1
1019034,1
1019047,2
1019062,2
1019065,1
1019070,2
1019075,1
1019082,1
1019085,1
1019091,2
1019100,2
1019102,1
1019105,1
1019108,1
1019110,1
1019113,1
1019116,2
1019120,1
1019129,1
1019135,1
1019144,1
1019151,2
1019154,1
1019163,2
1019169,1
1019171,1
1019183,1
1019185,1
1019189,1
1019202,1
1019210,1
1019220,2
1019228,1
1019230,1
1019247,1
1019250,1
1019259,1
1019269,1
1019272,2
1019276,2
1019281,1
1019286,1
1019289,1
1019292,1
1019295,2
1019297,1
1019300,2
1019311,1
1019326,1
1019332,1
1019335,1
1019341,1
1019344,1
1019351,1
1019354,1
1019369,1
1019392,1
1019401,1
1019405,1
1019407,1
1019410,1
1019417,1
1019421,1
1019423,1
1019430,1
1019445,1
1019448,1
1019451,1
1019462,1
1019474,1
1019480,2
1019482,1
1019488,1
1019500,1
1019507,1
1019518,1
1019530,1
1019534,2
1019537,1
1019541,1
1019546,4
1019567,1
1019573,1
1019577,1
1019580,1
1019584,1
1019586,1
1019588,1
1019594,2
1019596,1
1019600,2
1019602,1
1019606,1
1019610,2
1019626,2
1019640,1
1019646,1
1019649,2
1019651,1
1019656,1
1019677,1
1019694,3
1019696,1
1019699,2
1019703,1
1019711,1
1019718,1
1019725,1
1019740,1
1019743,1
1019750,1
1019757,2
1019759,1
1019767,1
1019771,2
1019773,1
1019775,1
1019778,1
1019790,1
1019792,1
1019796,1
1019798,1
1019809,2
1019813,1
1019819,2
1019836,1
1019846,1
1019852,1
1019867,2
1019872,1
1019875,1
1019877,1
1019881,1
1019884,1
1019886,1
1019890,1
1019892,1
1019894,1
1019908,1
1019914,2
1019919,1
1019925,2
1019927,1
1019930,2
1019934,1
1019947,2
1019949,1
1019951,1
1019954,2
1019958,2
1019966,1
1019968,1
1019975,1
1019985,2
1019990,1
1019999,1
1020002,1
1020009,1
1020020,1
1020042,1
1020048,4
1020054,1
1020056,1
1020060,1
1020062,1
1020065,1
1020068,2
1020078,1
1020085,1
1020088,1
1020096,2
1020102,1
1020113,1
1020120,1
1020130,1
1020132,1
1020137,1
1020139,1
1020156,2
1020161,1
1020174,2
1020179,1
1020181,1
1020184,1
1020189,1
1020193,2
1020200,1
1020208,1
1020217,1
1020220,1
1020249,1
1020252,2
1020254,1
1020262,1
1020270,1
1020280,1
1020283,2
1020286,1
1020288,1
1020293,1
1020306,1
1020325,1
1020337,1
1020343,1
1020345,1
1020350,1
1020357,2
1020366,1
1020371,1
1020378,1
1020382,1
1020402,1
1020408,1
1020413,1
1020418,1
1020435,1
1020441,1
1020449,1
1020456,1
1020459,2
1020462,1
1020464,1
1020470,1
1020490,1
1020492,1
1020496,1
1020515,2
1020519,2
1020523,1
1020529,1
1020531,1
1020533,1
1020538,1
1020543,1
1020550,1
1020556,2
1020561,2
1020564,1
1020572,1
1020577,2
1020580,2
1020585,2
1020592,1
1020595,1
1020603,1
1020611,1
1020622,2
1020633,2
1020640,1
1020647,1
1020664,1
1020666,1
1020671,1
1020681,1
1020683,1
1020685,1
1020688,1
1020692,1
1020699,2
1020701,1
1020713,2
1020715,1
1020720,1
1020727,1
1020739,1
1020742,1
1020744,1
1020746,1
1020755,1
1020765,1
1020768,1
1020773,1
1020775,1
1020782,1
1020785,1
1020795,1
1020806,1
1020814,1
1020816,1
1020819,2
1020829,2
1020835,1
1020842,2
1020851,1
1020859,1
1020862,1
1020868,1
1020872,1
1020876,1
1020881,1
1020888,1
1020890,1
1020892,1
1020894,1
1020908,1
1020917,1
1020919,1
1020923,2
1020925,1
1020931,2
1020935,2
1020937,1
1020954,1
1020959,1
1020965,1
1020968,1
1020972,1
1020980,1
1020988,1
1020999,1
1021021,1
1021025,2
1021030,1
1021039,2
1021042,1
1021053,2
1021063,1
1021075,1
1021085,1
1021088,1
1021098,1
1021101,2
1021111,1
1021114,1
1021134,1
1021147,3
1021150,1
1021152,1
1021155,1
1021159,1
1021165,1
1021171,2
1021178,1
1021182,1
1021194,1
1021201,1
1021221,1
1021228,1
1021233,2
1021237,1
1021240,1
1021242,1
1021252,1
1021254,1
1021262,2
1021280,1
1021289,1
1021297,1
1021303,1
1021306,1
1021310,1
1021315,2
1021324,1
1021334,1
1021337,1
1021341,1
1021349,1
1021355,1
1021361,1
1021366,1
1021370,1
1021375,2
1021378,2
1021385,1
1021389,1
1021394,1
1021405,1
1021422,1
1021431,2
1021441,1
1021445,1
1021453,1
1021475,1
1021494,1
1021496,1
1021506,2
1021520,1
1021522,1
1021547,1
1021550,1
1021557,1
1021562,2
1021576,1
1021578,1
1021580,1
1021585,1
1021598,1
1021602,1
1021605,1
1021610,1
1021614,1
1021616,1
1021618,1
1021623,1
1021628,1
1021630,1
1021632,1
1021640,1
1021642,1
1021647,1
1021649,1
1021655,2
1021668,1
1021673,1
1021676,1
1021690,1
1021692,1
1021699,1
1021701,1
1021706,1
1021711,2
1021714,2
1021718,1
1021720,1
1021725,1
1021731,1
1021733,1
1021755,1
1021758,1
1021768,1
1021773,1
1021781,1
1021784,1
1021789,1
1021797,1
1021801,1
1021805,1
1021811,2
1021814,2
1021817,1
1021834,1
1021842,1
1021857,1
1021862,1
1021869,2
1021879,1
1021881,1
1021893,1
1021901,1
1021904,2
1021908,1
1021913,2
1021917,1
1021931,1
1021937,1
1021943,2
1021951,1
1021959,2
1021961,1
1021963,1
1021967,2
1021989,1
1022004,2
1022007,1
1022009,1
1022015,1
1022023,1
1022031,1
1022033,1
1022035,1
1022039,1
1022045,1
1022054,1
1022059,1
1022088,1
1022091,2
1022093,1
1022106,1
1022108,1
1022110,1
1022113,1
1022121,1
1022133,2
1022138,1
1022164,1
1022166,1
1022170,1
1022177,1
1022184,1
1022200,1
1022202,1
1022205,1
1022207,1
1022217,1
1022220,1
1022222,1
1022235,1
1022244,1
1022255,1
1022268,1
1022271,1
1022277,1
1022282,1
1022287,1
1022291,1
1022294,1
1022298,1
1022302,2
1022304,1
1022306,1
1022309,1
1022312,1
1022314,1
1022321,1
1022324,2
1022327,1
1022330,1
1022334,1
1022336,1
1022359,1
1022374,1
1022376,1
1022382,1
1022384,1
1022397,1
1022409,1
1022411,1
1022420,1
1022426,1
1022433,1
1022441,1
1022444,1
1022449,1
1022457,1
1022472,1
1022474,1
1022489,1
1022493,1
1022511,1
1022517,1
1022521,1
1022526,1
1022532,1
1022535,1
1022541,1
1022548,2
1022552,1
1022555,1
1022557,1
1022561,2
1022573,1
1022577,1
1022579,1
1022584,1
1022589,1
1022604,1
1022616,2
1022622,1
1022628,1
1022633,3
1022641,1
1022649,1
1022659,1
1022664,1
1022669,1
1022671,1
1022673,1
1022675,1
1022679,2
1022681,1
1022691,1
1022703,1
1022706,1
1022717,1
1022725,2
1022731,1
1022734,1
1022742,1
1022755,1
1022763,1
1022766,1
1022769,1
1022772,1
1022778,1
1022785,1
1022787,1
1022793,1
1022815,1
1022823,2
1022826,1
1022829,1
1022837,1
1022850,1
1022853,1
1022859,2
1022872,1
1022877,1
1022886,1
1022890,1
1022897,1
1022899,1
1022911,1
1022920,1
1022924,1
1022928,1
1022945,1
1022951,1
1022953,1
1022957,1
1022971,1
1022979,2
1022986,1
1022989,2
1023014,1
1023020,1
1023023,1
1023029,1
1023034,1
1023051,1
1023056,1
1023059,1
1023064,2
1023078,1
1023085,1
1023088,1
1023096,1
1023099,1
1023106,1
1023122,1
1023128,1
1023141,1
1023146,2
1023152,1
1023166,1
1023175,1
1023196,1
1023199,1
1023207,1
1023215,1
1023220,1
1023224,1
1023230,1
1023234,1
1023236,1
1023239,1
1023244,1
1023247,1
1023251,1
1023254,1
1023260,1
1023270,1
1023274,1
1023288,1
1023291,1
1023295,1
1023301,1
1023322,1
1023328,2
1023332,2
1023340,1
1023347,2
1023349,1
1023351,1
1023362,1
1023369,1
1023377,1
1023382,2
1023392,2
1023399,1
1023405,3
1023417,1
1023421,2
1023426,1
1023428,1
1023431,1
1023441,1
1023450,1
1023452,1
1023466,1
1023469,1
1023474,1
1023481,1
1023490,1
1023498,1
1023511,1
1023520,1
1023527,2
1023529,1
1023532,2
1023535,1
1023545,1
1023553,2
1023559,1
1023562,1
1023569,2
1023574,1
1023579,1
1023582,1
1023584,1
1023587,2
1023597,1
1023599,1
1023602,1
1023604,1
1023614,1
1023623,1
1023629,1
1023631,1
1023635,1
1023637,1
1023644,1
1023653,1
1023669,1
1023678,1
1023686,1
1023688,1
1023691,1
1023694,2
1023697,1
1023711,1
1023720,1
1023727,1
1023736,1
1023747,1
1023752,1
1023770,2
1023775,1
1023781,2
1023784,1
1023788,1
1023796,2
1023798,1
1023801,2
1023807,1
1023814,3
1023817,1
1023823,1
1023828,1
1023832,1
1023834,1
1023842,1
1023845,2
1023858,1
1023866,1
1023871,2
1023889,1
1023892,2
1023894,1
1023896,1
1023902,2
1023927,1
1023930,1
1023949,1
1023969,1
1023980,1
1023985,1
1024007,1
1024010,1
1024023,1
1024026,1
1024029,1
1024036,1
1024039,1
1024041,1
1024045,2
1024049,2
1024051,1
1024057,1
1024063,1
1024073,1
1024078,1
1024092,1
1024101,2
1024104,1
1024106,1
1024108,1
1024111,1
1024113,1
1024120,1
1024126,2
1024142,1
1024144,1
1024147,1
1024151,1
1024154,1
1024157,1
1024165,1
1024180,1
1024182,1
1024194,1
1024202,1
1024207,1
1024222,1
1024230,1
1024233,1
1024239,2
1024244,2
1024249,1
1024256,1
1024264,1
1024267,1
1024271,1
1024275,1
1024283,1
1024290,1
1024300,1
1024302,1
1024320,1
1024334,1
1024336,1
1024339,1
1024343,1
1024347,1
1024358,2
1024365,1
1024370,1
1024380,2
1024382,1
1024389,1
1024394,1
1024404,1
1024412,1
1024418,1
1024423,2
1024426,2
1024437,1
1024441,1
1024445,1
1024451,1
1024459,1
1024461,1
1024464,2
1024478,2
1024481,1
1024485,1
1024487,1
1024489,1
1024491,1
1024502,1
1024510,1
1024519,1
1024524,1
1024546,1
1024549,1
1024564,1
1024567,1
1024572,1
1024577,1
1024591,1
1024593,1
1024599,2
1024602,1
1024608,3
1024614,1
1024617,1
1024621,1
1024635,1
1024643,1
1024668,1
1024673,1
1024682,1
1024684,1
1024691,1
1024712,1
1024715,1
1024721,1
1024734,1
1024746,1
1024753,1
1024757,1
1024763,1
1024774,2
1024776,1
1024783,1
1024787,1
1024795,2
1024804,1
1024819,1
1024821,1
1024823,1
1024838,1
1024853,1
1024866,1
1024871,1
1024878,1
1024881,1
1024885,1
1024890,1
1024898,1
1024900,1
1024905,1
1024907,1
1024911,1
1024917,1
1024923,1
1024929,2
1024950,1
1024952,1
1024956,1
1024958,1
1024960,1
1024974,1
1024981,2
1024985,1
1024993,1
1024995,1
1024997,1
1025005,1
1025017,1
1025025,1
1025031,1
1025033,1
1025047,1
1025059,2
1025063,1
1025068,2
1025075,1
1025079,1
1025085,3
1025089,1
1025094,1
1025100,1
1025106,1
1025113,1
1025122,1
1025134,1
1025136,1
1025142,2
1025144,1
1025146,1
1025149,1
1025151,1
1025153,1
1025155,1
1025158,1
1025160,1
1025167,2
1025169,1
1025171,1
1025177,1
1025185,1
1025196,1
1025209,1
1025216,1
1025222,1
1025224,1
1025229,1
1025237,1
1025240,1
1025242,1
1025245,1
1025250,2
1025260,1
1025263,1
1025275,2
1025277,1
1025282,1
1025286,1
1025291,1
1025297,1
1025305,2
1025309,1
1025311,1
1025320,2
1025322,1
1025324,1
1025326,1
1025329,1
1025335,1
1025337,1
1025340,1
1025363,1
1025366,1
1025373,1
1025375,1
1025380,1
1025383,2
1025403,1
1025405,1
1025418,2
1025423,1
1025430,1
1025438,2
1025451,1
1025456,1
1025461,1
1025467,1
1025473,1
1025477,1
1025480,2
1025482,1
1025485,1
1025488,1
1025494,1
1025500,1
1025502,1
1025508,1
1025527,1
1025530,1
1025538,1
1025540,1
1025542,1
1025549,1
1025553,1
1025555,1
1025558,1
1025570,1
1025584,1
1025591,1
1025598,1
1025603,1
1025607,2
1025617,1
1025634,1
1025636,1
1025642,1
1025647,1
1025650,2
1025653,1
1025657,1
1025661,2
1025663,1
1025677,1
1025679,1
1025690,2
1025695,2
1025697,1
1025700,2
1025703,2
1025711,2
1025714,1
1025719,2
1025722,2
1025725,2
1025737,1
1025740,1
1025745,2
1025753,1
1025755,1
1025759,1
1025762,1
1025767,1
1025780,2
1025792,1
1025795,1
1025799,2
1025808,1
1025825,1
1025829,1
1025833,1
1025842,1
1025850,1
1025853,1
1025855,1
1025857,1
1025862,1
1025867,1
1025874,1
1025880,1
1025882,1
1025889,1
1025895,1
1025897,1
1025899,1
1025910,1
1025912,1
1025915,1
1025921,3
1025928,2
1025930,1
1025936,2
1025939,1
1025944,1
1025949,1
1025956,1
1025970,1
1025975,1
1025977,1
1025982,1
1025985,1
1025987,1
1025996,1
1025999,1
1026004,2
1026016,1
1026020,2
1026023,1
1026026,1
1026031,2
1026036,1
1026039,1
1026042,1
1026051,2
1026059,2
1026065,1
1026067,1
1026072,1
1026084,1
1026088,1
1026094,1
1026097,1
1026102,1
1026106,1
1026114,2
1026116,1
1026120,1
1026127,1
1026129,1
1026132,1
1026136,1
1026138,1
1026144,1
1026152,1
1026159,1
1026168,1
1026170,1
1026173,2
1026177,1
1026179,1
1026182,1
1026188,1
1026195,2
1026207,1
1026210,1
1026214,1
1026218,2
1026226,1
1026238,1
1026245,1
1026251,1
1026259,1
1026265,1
1026271,2
1026274,1
1026284,1
1026287,1
1026289,1
1026291,1
1026299,1
1026304,1
1026330,1
1026334,1
1026338,1
1026342,1
1026356,2
1026359,1
1026373,1
1026379,1
1026383,1
1026385,1
1026390,1
1026400,1
1026405,1
1026407,1
1026442,1
1026446,1
1026451,1
1026456,1
1026462,2
1026468,1
1026484,1
1026487,2
1026489,1
1026492,2
1026495,1
1026499,1
1026505,1
1026511,1
1026513,1
1026516,1
1026520,1
1026523,2
1026538,1
1026553,1
1026557,1
1026560,1
1026568,5
1026572,1
1026576,1
1026582,2
1026591,1
1026594,1
1026596,1
1026598,1
1026601,1
1026603,1
1026609,1
1026622,1
1026630,2
1026632,1
1026636,2
1026645,3
1026647,1
1026652,1
1026654,1
1026664,1
1026666,1
1026676,1
1026680,1
1026684,1
1026687,1
1026689,1
1026692,1
1026695,1
1026700,1
1026706,2
1026711,1
1026716,1
1026736,2
1026749,1
1026752,1
1026756,1
1026761,1
1026764,1
1026769,1
1026771,1
1026776,3
1026784,1
1026793,1
1026800,1
1026805,1
1026810,1
1026818,1
1026820,1
1026836,1
1026849,1
1026856,1
1026860,1
1026862,1
1026868,1
1026877,1
1026879,1
1026886,1
1026891,1
1026893,1
1026906,1
1026916,2
1026918,1
1026922,1
1026924,1
1026929,1
1026938,1
1026958,1
1026964,1
1026967,1
1026971,1
1026975,1
1026982,1
1026990,1
1026994,1
1027001,1
1027006,1
1027008,1
1027024,1
1027026,1
1027028,1
1027031,1
1027047,1
1027049,1
1027056,2
1027059,1
1027068,1
1027076,1
1027082,1
1027084,1
1027088,1
1027091,1
1027097,1
1027101,2
1027104,1
1027108,1
1027111,1
1027120,2
1027126,1
1027142,2
1027144,1
1027147,1
1027163,1
1027174,1
1027176,1
1027180,1
1027191,1
1027196,1
1027198,1
1027203,2
1027219,1
1027221,1
1027235,1
1027240,1
1027245,1
1027255,1
1027262,1
1027264,1
1027275,1
1027278,1
1027288,1
1027295,2
1027297,1
1027300,1
1027304,1
1027306,1
1027313,1
1027320,1
1027324,1
1027333,1
1027335,1
1027337,1
1027342,1
1027353,1
1027357,1
1027364,1
1027367,1
1027370,1
1027381,1
1027384,2
1027389,1
1027392,1
1027400,1
1027410,2
1027413,1
1027415,1
1027423,1
1027430,1
1027442,1
1027454,2
1027458,1
1027461,1
1027469,1
1027492,1
1027517,1
1027528,1
1027549,1
1027562,1
1027567,1
1027583,1
1027600,1
1027603,1
1027606,1
1027610,1
1027618,1
1027621,1
1027630,1
1027643,1
1027657,1
1027662,1
1027665,1
1027675,2
1027682,1
1027691,1
1027697,2
1027701,1
1027706,1
1027715,2
1027722,1
1027733,1
1027747,1
1027752,1
1027755,1
1027760,1
1027762,1
1027765,1
1027782,1
1027803,1
1027811,1
1027813,1
1027826,1
1027840,1
1027848,1
1027850,1
1027853,1
1027856,1
1027859,1
1027864,1
1027866,1
1027872,2
1027876,1
1027892,1
1027896,1
1027904,2
1027906,1
1027912,1
1027917,1
1027923,1
1027932,2
1027939,1
1027942,1
1027945,1
1027956,1
1027961,1
1027965,2
1027975,1
1027977,1
1027986,1
1027990,1
1027998,1
1028002,1
1028010,1
1028021,1
1028025,1
1028031,1
1028037,1
1028043,1
1028045,1
1028050,1
1028052,1
1028054,1
1028056,1
1028061,1
1028065,2
1028073,1
1028088,1
1028096,1
1028103,2
1028110,1
1028123,1
1028131,1
1028133,1
1028140,1
1028145,1
1028154,2
1028156,1
1028159,2
1028166,1
1028168,1
1028175,1
1028177,1
1028205,1
1028207,1
1028212,1
1028215,1
1028218,1
1028230,1
1028233,1
1028245,2
1028249,1
1028253,1
1028255,1
1028257,1
1028265,2
1028268,2
1028282,1
1028296,2
1028303,1
1028306,1
1028312,1
1028315,1
1028321,1
1028336,1
1028343,2
1028355,1
1028357,1
1028360,1
1028365,2
1028370,2
1028376,1
1028388,1
1028401,1
1028403,1
1028416,1
1028419,1
1028433,2
1028435,1
1028441,1
1028454,1
1028465,2
1028472,1
1028478,1
1028488,1
1028492,1
1028495,2
1028497,1
1028499,1
1028511,1
1028519,1
1028527,2
1028530,1
1028533,1
1028535,1
1028539,1
1028547,1
1028550,1
1028554,1
1028561,1
1028568,1
1028570,1
1028575,1
1028580,1
1028594,1
1028599,1
1028610,1
1028612,1
1028623,1
1028625,1
1028629,1
1028640,1
1028652,1
1028655,2
1028659,1
1028666,1
1028681,2
1028688,1
1028690,1
1028702,1
1028707,1
1028714,2
1028727,1
1028735,1
1028745,1
1028760,1
1028780,1
1028782,1
1028787,1
1028796,2
1028801,1
1028804,1
1028808,2
1028838,1
1028846,1
1028850,1
1028852,1
1028858,1
1028861,1
1028869,2
1028873,1
1028881,1
1028893,1
1028901,1
1028903,1
1028918,2
1028921,1
1028923,1
1028928,1
1028937,2
1028944,1
1028948,2
1028955,1
1028959,1
1028962,1
1028973,2
1028982,2
1028984,1
1028991,1
1028995,1
1028999,2
1029007,1
1029015,1
1029018,1
1029023,1
1029029,1
1029038,1
1029042,2
1029051,1
1029053,1
1029065,1
1029070,1
1029077,2
1029079,1
1029093,1
1029097,1
1029101,1
1029115,1
1029124,1
1029126,1
1029135,1
1029137,1
1029140,1
1029143,2
1029154,1
1029159,1
1029163,1
1029165,1
1029173,1
1029180,1
1029183,1
1029186,1
1029190,2
1029200,1
1029214,1
1029216,1
1029218,1
1029222,1
1029230,1
1029235,1
1029239,1
1029246,2
1029251,1
1029253,1
1029260,1
1029264,1
1029286,1
1029292,1
1029297,1
1029311,1
1029332,2
1029335,1
1029349,1
1029351,1
1029356,1
1029358,1
1029361,1
1029363,1
1029371,1
1029373,1
1029376,1
1029382,1
1029385,1
1029390,2
1029393,1
1029400,1
1029406,1
1029410,1
1029429,1
1029436,1
1029444,1
1029447,1
1029459,1
1029466,1
1029474,2
1029476,1
1029497,1
1029505,1
1029509,1
1029516,2
1029521,2
1029523,1
1029526,2
1029531,1
1029541,2
1029543,1
1029545,1
1029551,2
1029555,1
1029557,1
1029569,2
1029573,1
1029580,1
1029584,1
1029588,1
1029591,1
1029599,1
1029602,2
1029607,1
1029610,1
1029613,1
1029615,1
1029617,1
1029622,2
1029631,1
1029637,1
1029657,1
1029661,1
1029665,1
1029673,1
1029680,1
1029684,1
1029686,1
1029693,1
1029695,1
1029711,1
1029720,1
1029722,1
1029729,2
1029732,1
1029736,1
1029746,1
1029762,1
1029772,1
1029774,1
1029778,1
1029781,1
1029785,1
1029788,1
1029792,1
1029795,2
1029804,1
1029806,1
1029815,2
1029818,1
1029838,1
1029843,1
1029847,1
1029862,1
1029868,1
1029876,1
1029879,1
1029882,2
1029886,1
1029890,1
1029896,1
1029905,1
1029913,1
1029919,1
1029922,1
1029927,1
1029931,1
1029934,1
1029936,1
1029940,1
1029948,1
1029952,1
1029955,1
1029961,1
1029965,2
1029982,1
1029986,1
1029992,1
1029999,1
1030010,2
1030014,1
1030016,1
1030018,1
1030023,1
1030025,1
1030031,1
1030039,1
1030043,1
1030050,2
1030054,1
1030058,1
1030060,1
1030069,1
1030077,1
1030081,1
1030085,1
1030088,1
1030093,1
1030097,2
1030100,1
1030103,1
1030131,1
1030135,1
1030138,1
1030149,1
1030157,1
1030163,1
1030166,1
1030174,2
1030179,2
1030186,1
1030191,1
1030194,1
1030200,1
1030202,1
1030206,1
1030208,1
1030214,1
1030223,1
1030225,1
1030231,1
1030235,1
1030243,1
1030258,1
1030266,1
1030268,1
1030281,1
1030303,1
1030310,1
1030338,1
1030348,1
1030350,1
1030354,1
1030359,1
1030364,1
1030371,1
1030376,1
1030380,2
1030385,1
1030391,1
1030393,1
1030400,1
1030403,1
1030405,1
1030407,1
1030416,1
1030438,1
1030447,1
1030451,1
1030454,1
1030461,1
1030466,1
1030469,1
1030471,1
1030474,1
1030478,1
1030482,1
1030485,1
1030489,1
1030501,1
1030503,1
1030514,2
1030516,1
1030519,1
1030530,1
1030538,1
1030542,1
1030548,1
1030554,1
1030556,1
1030570,1
1030573,2
1030576,1
1030582,1
1030597,1
1030600,1
1030606,1
1030620,1
1030623,1
1030626,1
1030637,1
1030641,1
1030668,1
1030685,1
1030697,1
1030706,1
1030711,1
1030714,2
1030718,1
1030721,2
1030723,1
1030728,1
1030733,2
1030736,1
1030742,2
1030748,1
1030755,1
1030761,1
1030766,1
1030772,1
1030777,1
1030783,1
1030786,2
1030789,1
1030798,2
1030800,1
1030805,1
1030814,2
1030817,1
1030820,2
1030822,1
1030833,1
1030838,1
1030844,2
1030849,1
1030857,1
1030860,1
1030864,1
1030875,1
1030877,1
1030882,2
1030885,1
1030889,1
1030891,1
1030894,1
1030898,1
1030900,1
1030902,1
1030905,1
1030908,1
1030910,1
1030923,1
1030925,1
1030929,2
1030937,1
1030941,1
1030950,1
1030955,1
1030959,1
1030966,2
1030985,1
1030996,1
1031003,2
1031009,2
1031014,1
1031022,1
1031024,1
1031030,2
1031038,2
1031042,2
1031045,1
1031056,1
1031063,1
1031070,1
1031083,1
1031092,1
1031095,1
1031100,1
1031104,1
1031109,1
1031128,1
1031135,1
1031137,1
1031143,1
1031154,1
1031157,1
1031163,1
1031165,1
1031168,1
1031173,1
1031176,1
1031178,1
1031187,2
1031202,1
1031209,1
1031218,1
1031223,1
1031228,2
1031231,2
1031236,1
1031244,1
1031248,2
1031255,1
1031268,1
1031274,1
1031276,1
1031279,1
1031286,1
1031296,1
1031298,1
1031303,1
1031308,1
1031311,1
1031313,1
1031315,1
1031318,1
1031329,1
1031332,1
1031337,1
1031343,1
1031348,2
1031351,1
1031354,1
1031370,1
1031372,1
1031375,2
1031378,1
1031396,2
1031400,1
1031404,2
1031408,1
1031416,1
1031427,1
1031431,2
1031439,2
1031443,1
1031455,2
1031460,1
1031463,1
1031475,2
1031478,2
1031489,1
1031494,1
1031502,2
1031504,1
1031506,1
1031509,1
1031511,1
1031515,1
1031521,2
1031536,1
1031541,1
1031546,1
1031550,1
1031576,2
1031585,1
1031604,1
1031615,1
1031623,1
1031642,1
1031647,1
1031651,2
1031653,1
1031657,1
1031677,1
1031686,2
1031697,1
1031704,1
1031706,1
1031712,1
1031720,1
1031724,2
1031739,1
1031747,1
1031754,1
1031758,1
1031761,1
1031768,1
1031776,1
1031782,1
1031786,1
1031788,1
1031796,1
1031799,1
1031801,1
1031813,1
1031820,2
1031822,1
1031826,1
1031832,1
1031835,1
1031841,1
1031863,2
1031873,1
1031881,1
1031883,1
1031887,1
1031893,1
1031896,1
1031899,1
1031902,1
1031904,1
1031916,1
1031921,1
1031927,1
1031931,2
1031955,1
1031965,1
1031971,1
1031974,1
1031977,1
1031999,2
1032005,3
1032008,1
1032013,1
1032015,1
1032017,1
1032025,1
1032027,1
1032031,1
1032034,2
1032039,1
1032041,1
1032050,1
1032052,1
1032058,1
1032061,1
1032065,1
1032067,1
1032094,1
1032098,1
1032103,1
1032109,2
1032112,2
1032135,1
1032148,1
1032152,1
1032161,1
1032166,1
1032182,1
1032187,2
1032203,1
1032206,2
1032213,1
1032215,1
1032223,2
1032226,1
1032237,1
1032246,1
1032250,1
1032253,1
1032258,1
1032262,1
1032265,1
1032268,1
1032273,1
1032278,1
1032281,1
1032293,2
1032296,1
1032299,2
1032305,1
1032317,1
1032321,1
1032330,1
1032332,1
1032349,2
1032355,1
1032362,1
1032373,1
1032377,1
1032380,2
1032384,1
1032390,1
1032394,1
1032426,1
1032428,1
1032431,2
1032434,1
1032438,1
1032446,1
1032450,1
1032452,1
1032454,1
1032459,1
1032464,1
1032469,1
1032472,1
1032474,1
1032478,1
1032489,1
1032492,1
1032517,1
1032532,1
1032541,1
1032545,1
1032552,1
1032567,1
1032577,1
1032589,1
1032597,2
1032599,1
1032601,1
1032607,1
1032611,1
1032622,1
1032628,1
1032631,1
1032635,1
1032647,2
1032674,2
1032676,1
1032680,2
1032682,1
1032685,1
1032687,1
1032693,1
1032697,1
1032710,1
1032720,2
1032734,1
1032740,1
1032758,1
1032763,1
1032768,1
1032777,2
1032779,1
1032782,1
1032788,1
1032791,1
1032795,1
1032797,1
1032809,1
1032820,1
1032825,1
1032831,2
1032833,1
1032836,1
1032838,1
1032842,1
1032866,1
1032871,2
1032873,1
1032875,1
1032888,2
1032892,2
1032902,1
1032917,1
1032930,1
1032941,1
1032946,2
1032949,1
1032955,1
1032967,2
1032977,1
1032979,1
1033009,1
1033013,1
1033032,1
1033035,1
1033060,1
1033071,1
1033080,1
1033084,1
1033086,1
1033093,1
1033095,1
1033100,1
1033109,1
1033114,1
1033130,1
1033142,2
1033144,1
1033161,1
1033171,2
1033176,1
1033194,1
1033199,1
1033211,1
1033214,1
1033216,1
1033218,1
1033220,1
1033224,1
1033229,3
1033239,1
1033242,1
1033249,1
1033258,1
1033266,1
1033284,1
1033290,2
1033300,1
1033315,1
1033317,1
1033321,2
1033323,1
1033336,1
1033338,1
1033345,1
1033355,1
1033366,1
1033384,2
1033390,2
1033392,1
1033395,1
1033400,2
1033402,1
1033405,2
1033416,1
1033419,2
1033433,1
1033440,1
1033444,2
1033456,1
1033467,2
1033469,1
1033472,1
1033493,2
1033498,2
1033507,1
1033516,1
1033524,1
1033536,1
1033550,2
1033552,1
1033570,1
1033579,1
1033596,2
1033599,1
1033604,1
1033606,1
1033609,2
1033611,1
1033615,1
1033625,1
1033629,1
1033642,1
1033644,1
1033649,2
1033656,1
1033660,1
1033662,1
1033667,1
1033682,1
1033685,1
1033690,1
1033692,1
1033698,1
1033709,1
1033715,1
1033719,1
1033721,1
1033726,1
1033728,1
1033735,1
1033741,2
1033752,1
1033754,1
1033771,1
1033775,1
1033791,1
1033793,1
1033802,1
1033805,1
1033809,1
1033820,1
1033824,1
1033827,1
1033830,1
1033836,1
1033848,1
1033850,1
1033853,1
1033859,1
1033863,1
1033894,1
1033896,1
1033899,1
1033902,1
1033905,2
1033923,1
1033926,1
1033935,2
1033941,1
1033948,1
1033963,1
1033965,1
1033972,1
1033976,1
1033981,2
1033983,1
1033985,1
1033987,1
1033991,1
1033993,1
1033996,1
1033998,1
1034002,1
1034008,1
1034011,1
1034020,1
1034035,1
1034038,1
1034043,1
1034047,1
1034050,1
1034054,1
1034061,1
1034064,1
1034067,1
1034073,1
1034086,1
1034089,1
1034092,2
1034098,1
1034102,1
1034108,1
1034112,1
1034115,1
1034118,1
1034120,1
1034136,1
1034139,1
1034142,1
1034149,1
1034159,2
1034161,1
1034164,1
1034167,1
1034171,1
1034182,1
1034186,1
1034198,1
1034213,1
1034218,2
1034221,1
1034225,1
1034234,2
1034239,1
1034246,3
1034258,1
1034268,1
1034271,1
1034274,1
1034287,1
1034293,1
1034296,1
1034313,1
1034316,1
1034321,1
1034323,1
1034328,1
1034337,1
1034353,1
1034366,2
1034368,1
1034373,1
1034390,1
1034394,1
1034396,1
1034401,1
1034407,1
1034413,1
1034438,1
1034441,1
1034444,1
1034448,1
1034452,1
1034459,1
1034465,1
1034468,1
1034477,1
1034489,2
1034493,1
1034503,3
1034510,1
1034515,1
1034519,2
1034521,1
1034523,1
1034526,1
1034529,1
1034533,1
1034545,1
1034551,2
1034554,1
1034557,1
1034565,2
1034568,2
1034572,1
1034574,1
1034586,1
1034589,1
1034594,1
1034601,1
1034605,1
1034610,1
1034619,1
1034628,2
1034631,2
1034639,1
1034643,1
1034649,2
1034652,1
1034662,1
1034668,1
1034671,1
1034673,1
1034675,1
1034677,1
1034690,1
1034699,1
1034703,1
1034706,1
1034713,3
1034724,1
1034731,1
1034734,1
1034736,1
1034743,1
1034750,1
1034754,1
1034758,1
1034764,1
1034768,1
1034771,2
1034774,1
1034778,1
1034784,1
1034788,1
1034790,1
1034792,1
1034796,1
1034800,2
1034803,1
1034821,1
1034834,1
1034848,1
1034859,1
1034863,2
1034865,1
1034868,1
1034870,1
1034872,1
1034877,1
1034881,1
1034885,1
1034892,2
1034899,1
1034902,1
1034907,2
1034913,1
1034921,1
1034924,1
1034936,1
1034939,1
1034946,2
1034957,1
1034959,1
1034962,1
1034968,1
1034970,1
1034975,1
1034979,1
1034982,1
1034984,1
1034987,2
1034992,1
1034996,1
1034998,1
1035004,1
1035013,1
1035017,2
1035021,1
1035023,1
1035031,1
1035040,1
1035045,1
1035054,1
1035066,1
1035069,1
1035078,2
1035083,1
1035090,1
1035099,1
1035102,1
1035105,1
1035107,1
1035112,2
1035120,1
1035126,1
1035131,2
1035133,1
1035135,1
1035138,1
1035154,1
1035159,2
1035163,1
1035170,2
1035177,1
1035181,1
1035184,2
1035191,1
1035207,1
1035214,1
1035221,2
1035228,1
1035235,1
1035242,1
1035244,1
1035247,1
1035253,1
1035259,1
1035268,1
1035274,1
1035276,1
1035281,1
1035287,1
1035293,1
1035301,2
1035303,1
1035306,1
1035312,1
1035318,1
1035324,1
1035332,1
1035338,1
1035341,1
1035345,2
1035347,1
1035349,1
1035354,1
1035356,1
1035360,2
1035367,1
1035374,1
1035383,3
1035392,1
1035396,1
1035398,1
1035405,2
1035410,1
1035412,1
1035417,1
1035427,2
1035436,1
1035442,1
1035455,1
1035458,1
1035461,1
1035464,1
1035474,1
1035478,1
1035489,1
1035498,1
1035521,1
1035526,1
1035536,1
1035540,1
1035549,2
1035558,1
1035569,1
1035579,1
1035584,1
1035596,1
1035613,1
1035615,1
1035617,1
1035637,1
1035649,1
1035653,1
1035658,1
1035674,2
1035692,1
1035702,1
1035710,1
1035727,1
1035732,1
1035739,1
1035744,2
1035751,1
1035756,1
1035758,1
1035767,1
1035775,1
1035791,1
1035795,1
1035804,1
1035809,1
1035811,1
1035814,1
1035821,2
1035826,1
1035832,1
1035851,1
1035858,1
1035863,1
1035875,1
1035891,2
1035904,1
1035912,2
1035919,1
1035921,1
1035924,1
1035931,1
1035934,1
1035938,1
1035943,1
1035953,2
1035960,1
1035962,1
1035967,2
1035973,1
1035982,1
1035994,1
1036002,1
1036007,1
1036010,1
1036021,1
1036029,1
1036034,2
1036036,1
1036038,1
1036044,1
1036047,1
1036050,1
1036052,1
1036055,2
1036060,1
1036068,1
1036071,2
1036078,1
1036080,1
1036086,1
1036088,1
1036093,1
1036109,1
1036114,1
1036119,1
1036121,1
1036124,1
1036132,1
1036134,1
1036141,1
1036143,1
1036145,1
1036159,1
1036161,1
1036169,1
1036177,1
1036181,1
1036188,1
1036195,1
1036200,1
1036203,1
1036209,1
1036220,1
1036223,1
1036231,1
1036250,1
1036255,1
1036258,1
1036261,1
1036263,1
1036266,1
1036272,1
1036278,2
1036284,1
1036286,1
1036293,1
1036298,1
1036308,1
1036310,1
1036312,1
1036328,1
1036339,1
1036346,1
1036353,1
1036373,1
1036378,1
1036381,1
1036389,1
1036395,1
1036401,1
1036405,1
1036421,1
1036429,1
1036435,1
1036438,1
1036449,1
1036457,1
1036459,1
1036463,1
1036473,1
1036479,1
1036487,1
1036491,2
1036494,1
1036505,1
1036507,1
1036510,1
1036512,1
1036521,2
1036526,1
1036531,1
1036534,1
1036536,1
1036541,1
1036549,1
1036558,1
1036560,1
1036570,1
1036574,1
1036576,1
1036578,1
1036580,1
1036590,1
1036599,2
1036602,1
1036607,1
1036612,1
1036614,1
1036618,1
1036628,1
1036632,2
1036634,1
1036636,1
1036643,1
1036663,1
1036665,1
1036670,1
1036674,2
1036683,1
1036685,1
1036695,1
1036701,1
1036705,1
1036711,1
1036717,1
1036724,2
1036730,1
1036742,2
1036759,1
1036766,1
1036776,1
1036779,1
1036782,1
1036787,1
1036806,1
1036808,1
1036811,1
1036816,2
1036819,2
1036822,1
1036824,1
1036836,1
1036857,1
1036876,1
1036887,1
1036892,1
1036898,2
1036904,1
1036916,2
1036921,2
1036925,1
1036928,1
1036933,2
1036941,1
1036945,1
1036954,1
1036958,1
1036963,1
1036980,1
1036995,1
1037022,2
1037024,1
1037026,1
1037030,1
1037041,1
1037052,1
1037055,1
1037067,1
1037075,1
1037080,1
1037089,1
1037093,1
1037099,1
1037104,1
1037108,1
1037112,1
1037121,1
1037123,1
1037162,1
1037175,1
1037187,1
1037190,1
1037194,1
1037201,1
1037203,1
1037206,1
1037214,2
1037220,1
1037246,1
1037250,1
1037258,1
1037266,1
1037281,1
1037286,1
1037295,1
1037301,1
1037316,1
1037321,1
1037328,1
1037333,1
1037338,1
1037347,1
1037351,1
1037358,2
1037360,1
1037368,1
1037371,2
1037379,1
1037388,1
1037390,1
1037401,1
1037408,1
1037410,1
1037425,1
1037429,1
1037435,1
1037444,1
1037447,2
1037461,1
1037463,1
1037483,1
1037485,1
1037488,1
1037493,1
1037501,1
1037504,2
1037511,1
1037523,1
1037535,2
1037538,1
1037546,1
1037551,1
1037553,1
1037555,1
1037557,1
1037564,1
1037572,1
1037574,1
1037578,1
1037589,1
1037592,2
1037607,1
1037609,1
1037615,1
1037620,1
1037624,1
1037631,1
1037635,1
1037637,1
1037640,1
1037647,1
1037654,2
1037657,1
1037662,1
1037669,1
1037673,1
1037675,1
1037678,2
1037682,1
1037685,2
1037693,1
1037709,1
1037714,1
1037718,1
1037722,1
1037729,2
1037732,1
1037738,1
1037744,1
1037746,1
1037754,1
1037764,2
1037784,2
1037794,1
1037799,1
1037803,2
1037807,1
1037810,2
1037822,1
1037828,2
1037832,1
1037839,1
1037843,1
1037852,1
1037857,2
1037867,1
1037873,1
1037881,1
1037895,1
1037901,1
1037916,1
1037925,1
1037928,1
1037932,1
1037939,1
1037943,1
1037946,1
1037955,1
1037959,2
1037961,1
1037974,3
1037979,1
1037997,1
1038015,1
1038030,1
1038036,2
1038044,1
1038052,1
1038057,1
1038060,1
1038064,1
1038070,1
1038072,1
1038083,1
1038087,1
1038089,1
1038096,2
1038108,1
1038111,1
1038120,1
1038122,1
1038126,1
1038130,2
1038139,1
1038153,1
1038160,2
1038165,1
1038171,1
1038176,1
1038189,1
1038200,1
1038207,1
1038219,1
1038232,1
1038240,1
1038253,1
1038255,1
1038262,2
1038265,2
1038269,1
1038277,1
1038281,1
1038287,1
1038292,1
1038295,1
1038301,1
1038305,1
1038315,1
1038321,1
1038325,1
1038335,1
1038354,1
1038362,1
1038370,1
1038386,1
1038393,2
1038411,1
1038417,2
1038439,1
1038444,1
1038446,1
1038448,1
1038450,1
1038477,1
1038479,1
1038496,1
1038530,2
1038545,1
1038550,1
1038553,1
1038557,2
1038575,1
1038589,2
1038603,2
1038605,1
1038609,1
1038612,1
1038617,1
1038626,2
1038640,1
1038642,1
1038646,1
1038650,1
1038661,1
1038672,1
1038679,1
1038681,1
1038684,1
1038686,1
1038691,1
1038693,1
1038695,1
1038716,1
1038724,1
1038732,1
1038736,1
1038741,2
1038749,1
1038757,1
1038761,1
1038766,1
1038770,2
1038773,1
1038778,1
1038787,1
1038795,1
1038799,1
1038801,1
1038812,1
1038818,1
1038821,1
1038835,1
1038839,1
1038842,2
1038845,1
1038850,3
1038857,2
1038863,1
1038868,1
1038871,1
1038874,1
1038882,1
1038887,1
1038890,1
1038894,1
1038903,1
1038907,1
1038919,1
1038921,1
1038923,1
1038927,1
1038932,1
1038934,1
1038936,1
1038938,1
1038943,1
1038947,2
1038953,1
1038959,1
1038962,1
1038971,2
1038973,1
1038976,1
1038980,1
1038987,2
1038995,1
1038999,2
1039006,1
1039014,1
1039027,1
1039042,1
1039044,1
1039046,1
1039048,1
1039056,1
1039064,1
1039069,1
1039080,1
1039092,1
1039107,1
1039115,1
1039123,1
1039125,1
1039137,1
1039139,1
1039152,3
1039166,2
1039172,1
1039176,2
1039181,1
1039183,1
1039185,1
1039198,2
1039202,1
1039207,1
1039209,1
1039211,1
1039215,1
1039222,1
1039234,1
1039260,1
1039265,1
1039269,2
1039273,1
1039278,1
1039281,1
1039283,1
1039291,1
1039300,1
1039310,2
1039314,1
1039321,1
1039325,2
1039327,1
1039331,3
1039333,1
1039337,1
1039347,1
1039353,1
1039355,1
1039370,1
1039376,1
1039380,1
1039384,1
1039406,1
1039422,1
1039430,1
1039434,1
1039445,1
1039448,1
1039463,1
1039478,3
1039495,1
1039507,1
1039516,2
1039530,1
1039541,1
1039546,1
1039552,2
1039558,1
1039570,1
1039575,2
1039582,2
1039584,1
1039589,2
1039597,1
1039602,1
1039614,1
1039618,1
1039635,1
1039643,1
1039646,2
1039649,1
1039651,1
1039655,1
1039659,1
1039665,2
1039673,1
1039676,1
1039680,1
1039683,1
1039689,2
1039693,1
1039702,1
1039704,1
1039709,2
1039717,1
1039743,1
1039747,1
1039749,1
1039754,1
1039764,1
1039766,1
1039768,1
1039782,1
1039784,1
1039788,1
1039794,1
1039799,1
1039804,1
1039809,1
1039811,1
1039819,1
1039824,1
1039834,2
1039840,1
1039845,1
1039848,1
1039868,2
1039873,1
1039883,1
1039886,2
1039891,2
1039906,1
1039912,1
1039914,1
1039916,1
1039918,1
1039926,1
1039930,1
1039932,1
1039948,2
1039954,1
1039969,1
1039973,1
1039978,4
1039983,2
1039985,1
1039990,1
1040002,1
1040012,2
1040017,1
1040025,2
1040040,1
1040049,1
1040062,1
1040072,1
1040074,1
1040076,1
1040082,2
1040084,1
1040089,2
1040096,2
1040101,2
1040103,1
1040106,1
1040137,1
1040145,1
1040147,1
1040155,1
1040165,1
1040169,1
1040171,1
1040177,1
1040188,1
1040190,1
1040195,1
1040198,2
1040204,1
1040207,1
1040212,1
1040220,1
1040225,1
1040231,1
1040238,1
1040241,1
1040247,1
1040251,1
1040255,1
1040263,2
1040278,1
1040283,2
1040287,1
1040299,1
1040308,1
1040314,1
1040328,1
1040331,1
1040339,1
1040342,1
1040349,1
1040368,2
1040370,1
1040375,1
1040379,1
1040385,1
1040387,1
1040396,1
1040400,2
1040408,2
1040419,2
1040423,1
1040428,1
1040435,1
1040441,1
1040448,1
1040454,1
1040458,1
1040468,1
1040474,1
1040479,1
1040483,2
1040485,1
1040493,3
1040497,1
1040528,1
1040548,2
1040555,1
1040560,1
1040575,1
1040580,2
1040591,1
1040608,1
1040619,1
1040623,1
1040625,1
1040635,1
1040637,1
1040648,1
1040654,1
1040666,2
1040671,1
1040678,1
1040683,2
1040686,1
1040691,1
1040697,1
1040718,1
1040720,1
1040722,1
1040731,2
1040740,1
1040745,1
1040756,1
1040766,1
1040768,1
1040777,2
1040782,1
1040798,1
1040805,1
1040809,1
1040812,1
1040816,1
1040819,1
1040825,1
1040832,1
1040844,1
1040850,1
1040855,2
1040857,1
1040860,1
1040866,1
1040874,1
1040880,2
1040886,2
1040897,1
1040901,1
1040906,1
1040909,2
1040926,1
1040928,1
1040931,1
1040951,1
1040955,1
1040958,1
1040964,1
1040972,1
1040979,2
1040981,1
1040988,3
1040992,1
1040997,2
1041008,1
1041017,2
1041025,1
1041037,1
1041045,1
1041051,1
1041056,2
1041059,1
1041062,1
1041065,1
1041070,1
1041083,1
1041090,1
1041093,1
1041101,1
1041103,1
1041109,1
1041115,1
1041121,2
1041125,1
1041131,1
1041139,1
1041145,1
1041149,1
1041158,1
1041171,1
1041188,1
1041192,1
1041197,1
1041202,1
1041205,1
1041209,1
1041213,1
1041217,1
1041219,1
1041227,1
1041231,1
1041239,1
1041244,1
1041246,1
1041251,1
1041255,2
1041261,1
1041263,1
1041270,2
1041272,1
1041276,1
1041283,1
1041295,1
1041317,1
1041320,1
1041322,1
1041328,1
1041332,2
1041341,1
1041343,1
1041347,1
1041354,1
1041368,2
1041375,1
1041384,1
1041386,1
1041392,1
1041394,1
1041402,3
1041404,1
1041406,1
1041412,1
1041414,1
1041423,2
1041430,1
1041432,1
1041445,1
1041452,1
1041456,1
1041462,1
1041464,1
1041468,1
1041482,1
1041493,1
1041497,1
1041499,1
1041507,1
1041509,1
1041514,1
1041519,1
1041533,1
1041538,1
1041547,1
1041554,1
1041560,1
1041589,2
1041591,1
1041599,1
1041602,1
1041615,2
1041619,2
1041622,2
1041635,1
1041652,1
1041658,1
1041672,1
1041689,1
1041694,2
1041696,1
1041710,1
1041713,1
1041724,1
1041732,1
1041743,2
1041745,1
1041749,1
1041773,2
1041778,1
1041780,1
1041791,2
1041800,1
1041811,1
1041823,2
1041831,1
1041833,1
1041840,2
1041845,1
1041851,1
1041857,2
1041862,1
1041864,1
1041872,1
1041878,1
1041892,1
1041895,1
1041897,1
1041916,1
1041922,2
1041936,1
1041942,1
1041952,2
1041954,1
1041956,1
1041958,1
1041971,1
1041975,1
1041984,1
1041990,1
1041993,1
1042009,1
1042015,1
1042031,1
1042042,1
1042049,1
1042051,1
1042053,1
1042065,1
1042070,1
1042072,1
1042077,1
1042084,1
1042090,2
1042093,1
1042097,1
1042101,1
1042106,1
1042112,1
1042121,1
1042132,1
1042139,2
1042148,1
1042154,2
1042161,1
1042164,1
1042179,1
1042188,2
1042193,1
1042198,2
1042207,2
1042212,1
1042214,1
1042222,1
1042226,2
1042229,1
1042235,1
1042241,3
1042243,1
1042245,1
1042248,1
1042250,1
1042254,1
1042262,1
1042267,1
1042271,2
1042273,1
1042282,1
1042287,2
1042302,1
1042315,1
1042323,2
1042327,2
1042329,1
1042332,1
1042335,1
1042343,1
1042350,1
1042357,1
1042373,1
1042387,2
1042395,1
1042407,1
1042410,1
1042413,1
1042415,1
1042419,1
1042421,1
1042425,1
1042431,1
1042436,1
1042450,1
1042453,1
1042457,1
1042461,1
1042464,1
1042466,1
1042471,1
1042477,1
1042482,1
1042484,1
1042488,1
1042495,1
1042523,1
1042531,1
1042534,1
1042539,1
1042545,1
1042547,1
1042550,1
1042557,1
1042565,1
1042580,1
1042583,1
1042588,1
1042592,1
1042607,1
1042610,1
1042615,1
1042617,1
1042620,1
1042624,1
1042628,1
1042641,2
1042645,1
1042651,1
1042660,1
1042662,1
1042665,2
1042669,1
1042677,2
1042686,1
1042694,1
1042699,1
1042704,3
1042715,1
1042718,2
1042724,1
1042728,1
1042740,2
1042745,2
1042749,1
1042756,1
1042758,1
1042766,1
1042773,1
1042779,2
1042781,1
1042786,1
1042788,1
1042790,1
1042793,1
1042812,1
1042822,1
1042839,1
1042849,1
1042853,1
1042857,2
1042861,1
1042871,1
1042874,1
1042879,1
1042881,1
1042897,1
1042901,1
1042908,1
1042910,1
1042912,1
1042916,1
1042927,2
1042937,1
1042939,1
1042943,1
1042945,1
1042953,1
1042958,1
1042963,2
1042968,1
1042972,2
1042978,1
1042986,2
1042991,1
1042993,1
1043000,2
1043004,1
1043007,2
1043010,1
1043020,1
1043024,1
1043031,2
1043041,1
1043049,1
1043051,1
1043056,1
1043058,1
1043062,1
1043069,1
1043094,1
1043098,1
1043111,1
1043113,1
1043115,1
1043122,2
1043125,2
1043129,1
1043133,1
1043136,1
1043140,1
1043149,2
1043156,1
1043159,2
1043161,1
1043165,2
1043178,1
1043189,1
1043191,1
1043206,2
1043209,1
1043211,1
1043223,1
1043227,1
1043230,1
1043237,1
1043244,1
1043252,2
1043255,1
1043262,1
1043267,1
1043271,2
1043275,1
1043285,1
1043287,1
1043291,1
1043302,2
1043309,2
1043325,2
1043330,1
1043334,1
1043339,1
1043343,1
1043345,1
1043351,1
1043360,1
1043363,1
1043367,1
1043375,1
1043402,2
1043415,1
1043417,1
1043427,1
1043429,1
1043437,1
1043443,1
1043449,1
1043462,1
1043464,1
1043469,2
1043474,2
1043484,1
1043494,1
1043505,1
1043512,1
1043514,1
1043523,1
1043532,1
1043542,1
1043548,1
1043551,2
1043554,2
1043563,1
1043570,2
1043573,2
1043578,1
1043584,1
1043595,1
1043599,1
1043604,1
1043608,1
1043610,1
1043612,1
1043615,1
1043625,1
1043633,1
1043636,1
1043640,1
1043642,1
1043646,2
1043655,1
1043667,1
1043670,1
1043673,1
1043677,1
1043681,1
1043688,1
1043699,1
1043704,1
1043714,1
1043717,1
1043721,1
1043726,1
1043730,2
1043739,1
1043744,1
1043747,1
1043751,1
1043753,1
1043760,1
1043773,1
1043777,2
1043790,1
1043798,1
1043801,1
1043827,1
1043836,1
1043838,1
1043847,2
1043854,2
1043858,1
1043862,1
1043872,1
1043877,1
1043884,1
1043887,1
1043890,1
1043893,1
1043899,1
1043915,2
1043920,2
1043931,1
1043937,1
1043940,1
1043959,1
1043962,2
1043971,2
1043981,1
1043984,1
1043986,1
1043989,1
1043991,1
1043997,1
1044001,1
1044003,1
1044005,1
1044007,1
1044010,1
1044019,1
1044027,1
1044037,1
1044041,1
1044049,2
1044051,1
1044053,1
1044056,1
1044058,1
1044068,2
1044095,1
1044106,1
1044113,1
1044128,1
1044132,1
1044141,1
1044144,1
1044147,2
1044157,1
1044162,1
1044181,1
1044183,1
1044185,1
1044194,1
1044197,1
1044202,1
1044210,1
1044212,1
1044215,1
1044229,1
1044269,1
1044273,1
1044283,2
1044286,1
1044290,1
1044295,2
1044298,1
1044305,2
1044311,2
1044314,1
1044319,1
1044324,1
1044326,1
1044332,1
1044344,1
1044349,1
1044351,1
1044362,1
1044367,1
1044401,2
1044407,1
1044412,2
1044418,1
1044436,1
1044440,2
1044443,1
1044454,1
1044456,1
1044462,1
1044465,1
1044474,3
1044478,1
1044504,1
1044511,1
1044517,1
1044522,1
1044532,2
1044548,1
1044552,1
1044555,1
1044560,1
1044563,1
1044569,1
1044571,1
1044575,1
1044582,1
1044586,2
1044595,1
1044597,1
1044606,2
1044614,1
1044617,1
1044624,1
1044631,2
1044638,1
1044645,1
1044652,2
1044655,1
1044659,2
1044666,1
1044673,1
1044683,2
1044693,1
1044696,2
1044712,1
1044720,2
1044727,1
1044743,1
1044749,1
1044754,1
1044757,2
1044764,1
1044775,2
1044779,1
1044798,1
1044800,1
1044806,1
1044810,2
1044816,1
1044825,1
1044829,1
1044831,1
1044833,1
1044841,1
1044849,2
1044864,1
1044879,2
1044887,1
1044890,1
1044894,2
1044898,1
1044903,1
1044905,1
1044912,2
1044920,1
1044935,1
1044946,1
1044951,1
1044956,1
1044963,1
1044966,1
1044969,1
1044978,1
1044993,1
1044996,1
1044999,1
1045001,1
1045016,1
1045020,1
1045025,1
1045028,1
1045036,2
1045040,1
1045046,1
1045048,1
1045050,1
1045055,1
1045063,1
1045074,1
1045077,1
1045080,2
1045084,1
1045098,1
1045103,1
1045116,1
1045124,1
1045128,2
1045135,1
1045139,1
1045151,1
1045153,1
1045156,1
1045159,1
1045166,1
1045168,1
1045175,1
1045177,1
1045187,1
1045190,1
1045196,1
1045203,1
1045207,1
1045214,1
1045228,1
1045236,1
1045255,1
1045261,1
1045265,1
1045268,1
1045271,1
1045276,1
1045286,1
1045296,2
1045307,1
1045312,1
1045314,1
1045319,1
1045322,1
1045325,1
1045338,2
1045342,2
1045344,1
1045346,1
1045350,1
1045352,1
1045358,2
1045360,1
1045363,1
1045370,1
1045374,1
1045382,1
1045385,1
1045389,1
1045401,1
1045410,1
1045413,1
1045415,1
1045418,1
1045420,1
1045426,1
1045433,2
1045435,1
1045438,1
1045440,1
1045444,1
1045446,1
1045454,1
1045458,1
1045460,1
1045466,1
1045473,1
1045476,1
1045483,2
1045486,2
1045494,1
1045496,1
1045506,1
1045508,1
1045517,1
1045523,1
1045530,1
1045535,1
1045545,2
1045548,2
1045555,2
1045559,1
1045569,1
1045573,1
1045575,1
1045578,1
1045594,1
1045608,1
1045611,2
1045617,1
1045620,1
1045625,1
1045641,1
1045646,1
1045651,1
1045661,1
1045665,2
1045670,1
1045675,1
1045683,1
1045685,1
1045693,1
1045707,1
1045713,2
1045741,1
1045745,1
1045750,1
1045758,1
1045770,1
1045775,1
1045780,1
1045784,1
1045798,2
1045802,1
1045806,1
1045812,1
1045817,1
1045829,1
1045843,1
1045847,1
1045849,1
1045858,2
1045870,1
1045878,1
1045882,1
1045892,1
1045894,1
1045908,1
1045919,2
1045924,1
1045928,1
1045932,1
1045940,1
1045947,1
1045950,1
1045955,1
1045965,1
1045968,1
1045970,1
1045984,1
1045989,2
1045995,1
1045997,1
1046000,1
1046002,1
1046009,1
1046011,1
1046016,1
1046025,2
1046028,1
1046033,1
1046035,1
1046037,1
1046042,1
1046058,1
1046065,1
1046068,2
1046079,1
1046081,1
1046095,2
1046103,1
1046108,1
1046117,1
1046122,1
1046124,1
1046131,1
1046142,2
1046150,1
1046153,1
1046156,2
1046168,1
1046170,1
1046172,1
1046178,2
1046182,1
1046189,1
1046193,1
1046198,1
1046200,1
1046204,1
1046209,1
1046216,1
1046222,1
1046228,1
1046232,1
1046236,1
1046241,2
1046249,1
1046252,1
1046266,2
1046275,1
1046280,1
1046282,1
1046284,1
1046295,2
1046304,1
1046308,1
1046328,1
1046333,2
1046341,1
1046346,1
1046351,1
1046354,1
1046362,1
1046364,1
1046372,2
1046377,1
1046384,1
1046391,2
1046394,1
1046396,1
1046406,2
1046433,1
1046436,1
1046449,1
1046456,1
1046458,1
1046466,1
1046478,2
1046481,1
1046488,1
1046490,1
1046495,1
1046498,1
1046504,2
1046508,1
1046511,2
1046515,1
1046522,1
1046530,1
1046536,2
1046539,1
1046551,1
1046568,1
1046572,1
1046579,1
1046587,2
1046589,1
1046593,2
1046598,1
1046603,1
1046615,1
1046626,1
1046641,1
1046644,1
1046655,1
1046677,1
1046681,2
1046689,1
1046692,1
1046695,1
1046699,1
1046701,1
1046710,1
1046715,1
1046720,1
1046724,1
1046728,1
1046732,1
1046740,1
1046744,2
1046756,1
1046759,1
1046767,1
1046771,1
1046778,1
1046796,1
1046803,1
1046813,2
1046822,1
1046827,1
1046832,1
1046838,1
1046846,1
1046852,1
1046858,1
1046861,1
1046876,1
1046883,1
1046887,1
1046893,1
1046895,1
1046898,1
1046927,1
1046929,1
1046938,1
1046959,1
1046961,1
1046963,1
1046974,1
1046976,1
1046983,1
1046985,1
1046996,1
1047003,1
1047007,1
1047009,1
1047011,1
1047014,2
1047025,1
1047027,1
1047029,1
1047044,1
1047047,2
1047061,2
1047067,1
1047069,1
1047081,2
1047087,1
1047092,2
1047096,1
1047099,1
1047112,1
1047117,1
1047119,1
1047121,1
1047126,1
1047129,1
1047135,1
1047137,1
1047145,1
1047149,1
1047154,1
1047160,1
1047166,1
1047174,1
1047188,1
1047190,1
1047193,1
1047213,1
1047216,1
1047221,1
1047226,2
1047228,1
1047231,2
1047243,1
1047245,1
1047252,2
1047261,2
1047267,1
1047277,2
1047281,1
1047285,1
1047292,1
1047296,1
1047299,1
1047306,1
1047315,1
1047317,1
1047320,1
1047322,1
1047330,1
1047336,1
1047338,1
1047349,1
1047353,1
1047355,1
1047362,1
1047365,1
1047368,1
1047378,1
1047384,2
1047389,1
1047392,1
1047396,1
1047401,1
1047404,1
1047411,2
1047419,1
1047424,1
1047437,1
1047449,1
1047454,1
1047456,1
1047460,1
1047463,1
1047467,1
1047475,1
1047492,1
1047496,2
1047514,1
1047517,2
1047520,1
1047522,1
1047528,2
1047542,1
1047553,1
1047559,1
1047561,1
1047570,1
1047574,1
1047576,1
1047580,1
1047586,1
1047588,1
1047591,1
1047595,1
1047610,1
1047626,1
1047632,2
1047654,1
1047656,1
1047665,1
1047674,3
1047678,2
1047682,1
1047685,1
1047689,1
1047693,1
1047702,1
1047705,1
1047709,1
1047735,1
1047747,1
1047750,2
1047764,1
1047769,1
1047773,1
1047777,1
1047794,1
1047804,1
1047812,1
1047816,2
1047833,1
1047840,1
1047845,1
1047850,2
1047856,1
1047858,1
1047863,1
1047878,1
1047893,3
1047904,1
1047908,1
1047910,1
1047914,1
1047953,1
1047955,1
1047957,1
1047965,2
1047969,1
1047973,1
1047998,1
1048011,1
1048014,1
1048022,1
1048025,1
1048043,2
1048054,1
1048056,1
1048058,1
1048064,1
1048075,1
1048080,2
1048088,1
1048094,1
1048102,1
1048105,1
1048108,1
1048110,1
1048125,2
1048127,1
1048131,1
1048141,1
1048145,1
1048152,1
1048160,1
1048176,1
1048179,1
1048189,2
1048200,1
1048204,1
1048208,1
1048210,1
1048215,1
1048229,2
1048233,2
1048240,1
1048250,1
1048257,1
1048261,1
1048266,2
1048277,1
1048284,1
1048287,1
1048289,1
1048303,1
1048306,1
1048312,2
1048318,1
1048323,1
1048339,1
1048348,1
1048356,1
1048363,2
1048370,2
1048380,2
1048384,1
1048407,3
1048418,1
1048423,2
1048428,1
1048430,1
1048437,1
1048439,1
1048449,1
1048458,1
1048460,1
1048463,2
1048472,1
1048479,1
1048495,1
1048513,1
1048519,2
1048525,1
1048529,1
1048531,1
1048534,1
1048536,1
1048548,1
1048550,1
1048554,1
1048567,1
1048570,1
1048580,2
1048582,1
1048585,1
1048587,1
1048591,1
1048593,1
1048596,2
1048601,1
1048603,1
1048610,1
1048615,1
1048619,1
1048623,1
1048625,1
1048628,1
1048631,1
1048659,2
1048661,1
1048663,1
1048665,1
1048678,1
1048680,1
1048687,2
1048693,2
1048711,2
1048723,1
1048727,1
1048729,1
1048733,1
1048735,1
1048746,1
1048758,1
1048762,1
1048767,2
1048774,1
1048778,1
1048782,2
1048795,1
1048802,2
1048819,1
1048821,1
1048823,1
1048825,1
1048839,1
1048841,1
1048852,2
1048859,1
1048871,1
1048880,1
1048885,1
1048899,1
1048903,1
1048910,1
1048915,1
1048918,1
1048925,1
1048928,1
1048932,2
1048937,1
1048939,1
1048942,1
1048947,1
1048951,1
1048955,1
1048957,1
1048963,1
1048984,1
1048991,2
1049013,1
1049015,1
1049030,2
1049045,1
1049054,1
1049059,1
1049072,1
1049080,1
1049082,1
1049089,1
1049106,1
1049111,1
1049124,1
1049131,1
1049145,1
1049172,1
1049176,2
1049198,1
1049207,1
1049210,2
1049223,1
1049241,1
1049244,1
1049247,1
1049249,1
1049254,1
1049270,2
1049284,2
1049288,1
1049297,1
1049299,1
1049307,1
1049312,1
1049316,2
1049320,1
1049326,1
1049334,1
1049342,1
1049349,1
1049351,1
1049354,1
1049366,1
1049369,1
1049375,1
1049383,2
1049385,1
1049388,2
1049393,1
1049405,1
1049407,1
1049410,1
1049415,1
1049427,1
1049433,1
1049448,1
1049451,1
1049454,1
1049463,1
1049465,1
1049474,1
1049476,1
1049493,1
1049495,1
1049509,1
1049515,1
1049526,1
1049534,1
1049536,1
1049540,1
1049551,1
1049562,1
1049565,2
1049578,2
1049580,1
1049588,1
1049590,1
1049595,1
1049597,1
1049600,1
1049604,1
1049615,1
1049632,1
1049634,1
1049637,2
1049644,1
1049650,1
1049661,1
1049664,1
1049692,1
1049699,1
1049704,1
1049719,1
1049724,1
1049727,1
1049730,1
1049742,1
1049750,1
1049759,2
1049764,1
1049766,1
1049772,2
1049785,1
1049796,1
1049819,1
1049821,1
1049827,1
1049833,1
1049857,1
1049860,1
1049862,1
1049870,3
1049876,1
1049881,1
1049883,1
1049896,1
1049931,1
1049938,2
1049947,1
1049958,1
1049966,1
1049974,1
1049977,1
1049984,1
1049990,1
1049998,1
1050000,1
1050010,1
1050012,1
1050014,1
1050025,1
1050027,1
1050039,1
1050042,1
1050045,1
1050047,1
1050050,1
1050062,1
1050067,1
1050070,1
1050075,1
1050085,1
1050087,1
1050089,1
1050094,1
1050100,1
1050111,3
1050124,2
1050132,1
1050137,1
1050139,1
1050144,1
1050153,1
1050166,1
1050190,1
1050197,1
1050201,1
1050206,1
1050218,1
1050221,1
1050228,1
1050237,1
1050239,1
1050242,2
1050245,1
1050254,1
1050257,1
1050263,1
1050270,1
1050280,1
1050286,2
1050292,1
1050310,1
1050314,1
1050317,1
1050325,1
1050332,1
1050336,2
1050358,1
1050373,1
1050378,1
1050385,1
1050393,1
1050396,2
1050404,1
1050411,1
1050416,2
1050423,1
1050460,2
1050462,1
1050469,2
1050477,1
1050488,1
1050494,1
1050497,1
1050505,1
1050512,1
1050517,1
1050524,1
1050549,2
1050554,1
1050566,1
1050576,1
1050579,1
1050581,1
1050583,1
1050585,1
1050591,1
1050599,1
1050602,1
1050604,1
1050610,2
1050612,1
1050617,1
1050619,1
1050622,1
1050632,1
1050639,1
1050652,2
1050659,1
1050665,1
1050671,1
1050681,1
1050683,1
1050696,1
1050700,1
1050712,1
1050720,1
1050724,1
1050727,1
1050731,1
1050737,1
1050743,1
1050750,1
1050752,1
1050762,1
1050766,1
1050778,1
1050784,1
1050791,1
1050807,1
1050826,1
1050828,1
1050836,1
1050846,1
1050849,1
1050851,1
1050861,1
1050864,1
1050868,1
1050880,2
1050883,1
1050885,1
1050905,2
1050918,1
1050928,1
1050939,1
1050944,1
1050946,1
1050949,1
1050954,1
1050962,1
1050969,1
1050975,1
1050985,2
1050992,1
1051004,1
1051008,1
1051017,1
1051022,1
1051026,1
1051033,1
1051035,1
1051040,1
1051047,1
1051054,1
1051061,1
1051077,1
1051087,1
1051097,1
1051103,1
1051122,1
1051127,1
1051134,1
1051144,1
1051154,1
1051171,1
1051175,1
1051183,1
1051185,1
1051191,1
1051198,1
1051200,1
1051202,1
1051204,1
1051206,1
1051229,2
1051231,1
1051237,1
1051242,1
1051244,1
1051246,1
1051251,2
1051255,1
1051261,1
1051264,1
1051272,2
1051282,1
1051284,1
1051287,1
1051291,1
1051295,1
1051297,1
1051300,1
1051308,2
1051311,1
1051318,2
1051327,2
1051331,1
1051335,1
1051338,1
1051341,1
1051347,1
1051350,1
1051355,1
1051359,2
1051361,1
1051365,1
1051378,1
1051383,1
1051385,1
1051395,1
1051397,1
1051400,1
1051404,1
1051407,1
1051412,1
1051419,1
1051429,1
1051435,2
1051439,1
1051441,1
1051450,1
1051452,1
1051463,1
1051468,1
1051473,1
1051479,1
1051481,1
1051489,1
1051493,1
1051496,1
1051498,1
1051502,2
1051507,1
1051509,1
1051529,1
1051533,1
1051543,1
1051552,1
1051554,1
1051558,1
1051564,2
1051567,1
1051569,1
1051572,1
1051586,1
1051591,2
1051599,1
1051617,1
1051625,2
1051627,1
1051629,1
1051641,1
1051643,1
1051647,3
1051654,1
1051659,1
1051663,1
1051670,2
1051676,1
1051678,1
1051684,1
1051691,1
1051701,1
1051707,1
1051724,2
1051726,1
1051741,1
1051744,1
1051748,1
1051753,1
1051757,1
1051760,1
1051763,1
1051768,1
1051771,1
1051774,1
1051778,1
1051782,1
1051804,1
1051806,1
1051812,1
1051814,1
1051827,1
1051832,1
1051838,1
1051840,1
1051843,1
1051847,1
1051862,1
1051872,1
1051875,1
1051887,1
1051893,1
1051898,1
1051900,1
1051905,1
1051922,1
1051937,1
1051950,2
1051967,2
1051969,1
1051991,1
1051993,1
1051996,1
1052017,1
1052032,1
1052045,1
1052062,1
1052068,1
1052072,1
1052077,1
1052080,1
1052096,1
1052098,1
1052128,1
1052141,1
1052146,1
1052149,1
1052151,1
1052160,1
1052167,1
1052174,1
1052177,1
1052179,1
1052184,1
1052186,1
1052189,1
1052193,2
1052195,1
1052197,1
1052208,1
1052219,1
1052222,2
1052228,1
1052232,1
1052234,1
1052239,1
1052241,1
1052253,2
1052263,2
1052267,1
1052288,1
1052290,1
1052293,2
1052295,1
1052321,2
1052324,2
1052328,2
1052335,2
1052337,1
1052346,1
1052349,1
1052362,1
1052366,1
1052372,2
1052379,1
1052383,1
1052392,2
1052396,1
1052402,1
1052407,1
1052414,1
1052416,1
1052423,1
1052428,1
1052433,2
1052435,1
1052445,1
1052451,1
1052455,1
1052461,1
1052472,1
1052483,2
1052488,2
1052492,1
1052505,2
1052513,1
1052515,1
1052521,1
1052525,2
1052533,2
1052536,1
1052541,2
1052543,1
1052546,2
1052552,1
1052556,1
1052558,1
1052566,1
1052570,1
1052573,1
1052577,1
1052581,1
1052585,1
1052587,1
1052589,1
1052592,1
1052595,2
1052601,1
1052604,1
1052611,1
1052616,2
1052620,1
1052625,1
1052641,1
1052646,1
1052652,1
1052660,2
1052676,1
1052682,2
1052687,1
1052690,1
1052694,1
1052699,1
1052702,1
1052710,1
1052717,2
1052724,1
1052726,1
1052734,1
1052745,1
1052750,2
1052753,2
1052770,1
1052774,1
1052788,1
1052790,1
1052796,1
1052809,1
1052813,1
1052821,1
1052831,1
1052837,1
1052839,1
1052841,1
1052845,1
1052848,2
1052858,1
1052861,1
1052867,1
1052872,2
1052875,1
1052877,1
1052881,1
1052883,1
1052894,1
1052902,2
1052905,2
1052909,1
1052911,1
1052928,1
1052932,1
1052936,2
1052939,1
1052945,1
1052949,1
1052972,2
1052986,2
1052991,1
1052998,1
1053011,1
1053018,1
1053024,1
1053037,1
1053045,2
1053051,1
1053057,2
1053061,1
1053063,1
1053074,1
1053081,1
1053083,1
1053087,1
1053092,1
1053100,1
1053108,1
1053111,1
1053132,1
1053136,3
1053140,1
1053146,1
1053149,1
1053156,1
1053158,1
1053161,1
1053188,1
1053191,1
1053203,1
1053205,1
1053214,1
1053216,1
1053224,1
1053226,1
1053243,1
1053253,1
1053257,1
1053267,1
1053271,2
1053277,1
1053280,1
1053285,1
1053287,1
1053294,2
1053306,1
1053319,2
1053321,1
1053326,1
1053331,1
1053335,1
1053342,2
1053355,1
1053359,1
1053361,1
1053368,1
1053372,1
1053382,1
1053385,1
1053388,1
1053397,1
1053401,1
1053417,1
1053419,1
1053426,1
1053433,1
1053443,1
1053452,1
1053462,1
1053466,1
1053477,1
1053479,1
1053485,1
1053494,1
1053511,1
1053515,1
1053517,1
1053525,2
1053545,1
1053552,1
1053556,1
1053561,1
1053568,1
1053571,1
1053574,1
1053580,2
1053586,2
1053594,1
1053599,1
1053601,1
1053608,1
1053610,1
1053615,1
1053618,2
1053623,2
1053625,1
1053630,1
1053634,1
1053637,1
1053648,1
1053660,2
1053667,1
1053671,1
1053689,1
1053695,1
1053715,1
1053723,1
1053733,1
1053745,1
1053750,1
1053754,1
1053762,1
1053769,1
1053772,1
1053778,2
1053782,2
1053784,1
1053799,2
1053809,1
1053833,1
1053844,1
1053847,1
1053850,1
1053854,2
1053865,1
1053874,1
1053879,1
1053888,1
1053897,2
1053902,2
1053910,1
1053912,1
1053916,1
1053927,1
1053932,2
1053945,1
1053951,2
1053954,1
1053959,1
1053961,1
1053971,1
1053984,1
1053990,1
1053995,1
1054001,2
1054010,2
1054015,1
1054018,2
1054021,2
1054027,2
1054036,1
1054041,1
1054048,1
1054052,1
1054054,1
1054059,1
1054065,2
1054080,1
1054084,2
1054092,1
1054095,1
1054099,2
1054104,1
1054107,1
1054112,1
1054116,1
1054118,1
1054120,1
1054132,1
1054140,2
1054144,1
1054157,1
1054161,1
1054165,1
1054176,1
1054178,1
1054181,2
1054186,2
1054190,1
1054196,1
1054201,1
1054204,1
1054207,1
1054212,1
1054215,1
1054225,1
1054236,1
1054240,2
1054244,1
1054246,1
1054265,2
1054267,1
1054273,2
1054285,1
1054292,2
1054298,1
1054300,1
1054308,1
1054312,1
1054328,1
1054337,2
1054342,1
1054353,1
1054358,2
1054383,1
1054387,1
1054392,1
1054400,1
1054404,2
1054408,1
1054413,2
1054416,1
1054420,1
1054422,1
1054429,2
1054437,2
1054443,1
1054447,1
1054457,1
1054466,1
1054471,1
1054476,1
1054480,1
1054491,1
1054494,1
1054502,1
1054507,2
1054516,1
1054521,2
1054525,1
1054530,1
1054532,1
1054535,1
1054546,1
1054552,1
1054557,1
1054564,2
1054573,1
1054577,2
1054584,1
1054591,1
1054595,1
1054601,1
1054616,1
1054620,2
1054624,1
1054629,1
1054635,1
1054647,1
1054660,1
1054664,2
1054666,1
1054672,2
1054679,1
1054685,1
1054697,1
1054704,1
1054712,1
1054715,1
1054727,2
1054732,1
1054736,1
1054741,1
1054746,1
1054752,1
1054755,1
1054762,1
1054765,1
1054770,1
1054781,2
1054784,1
1054789,2
1054791,1
1054817,1
1054822,1
1054825,1
1054830,1
1054832,1
1054838,1
1054841,1
1054855,1
1054859,2
1054862,1
1054867,1
1054876,1
1054892,1
1054900,1
1054904,1
1054908,1
1054915,1
1054917,1
1054922,1
1054925,1
1054927,1
1054929,1
1054940,2
1054945,1
1054964,1
1054968,2
1054985,1
1054991,1
1054993,1
1054997,2
1055000,1
1055002,1
1055006,1
1055010,1
1055015,1
1055041,1
1055056,1
1055061,1
1055063,1
1055080,1
1055082,1
1055088,1
1055097,1
1055099,1
1055108,1
1055110,1
1055130,1
1055145,1
1055151,1
1055153,1
1055158,2
1055162,2
1055167,1
1055172,1
1055185,1
1055197,1
1055201,1
1055212,1
1055220,1
1055223,1
1055236,1
1055241,1
1055255,1
1055257,1
1055265,1
1055268,1
1055281,1
1055307,1
1055315,2
1055318,1
1055321,1
1055336,1
1055338,1
1055359,1
1055366,1
1055368,1
1055372,1
1055380,1
1055387,1
1055395,1
1055403,1
1055410,1
1055412,1
1055428,2
1055434,2
1055450,1
1055456,1
1055458,1
1055468,4
1055471,1
1055486,1
1055495,1
1055500,1
1055523,1
1055528,2
1055531,1
1055533,1
1055541,2
1055546,1
1055550,1
1055553,1
1055559,1
1055566,1
1055578,2
1055598,1
1055604,2
1055611,1
1055613,1
1055617,1
1055630,1
1055632,1
1055636,2
1055645,1
1055649,1
1055652,1
1055657,1
1055660,1
1055665,2
1055674,2
1055690,1
1055694,1
1055699,1
1055705,1
1055712,2
1055723,1
1055725,1
1055727,1
1055745,1
1055756,2
1055762,1
1055769,1
1055776,2
1055779,1
1055785,1
1055790,1
1055794,1
1055806,1
1055824,1
1055837,1
1055845,1
1055848,1
1055853,1
1055868,1
1055875,2
1055878,1
1055889,3
1055894,1
1055901,1
1055903,1
1055914,1
1055923,2
1055928,1
1055938,1
1055940,1
1055950,1
1055954,1
1055963,1
1055967,1
1055975,1
1055980,1
1055986,1
1055989,1
1055996,1
1056000,1
1056005,1
1056011,2
1056014,2
1056023,2
1056031,1
1056049,1
1056053,1
1056059,1
1056066,1
1056070,1
1056080,2
1056085,1
1056090,1
1056098,1
1056100,1
1056106,1
1056109,1
1056114,1
1056125,1
1056128,1
1056134,1
1056137,1
1056140,1
1056147,1
1056151,1
1056191,1
1056198,1
1056200,1
1056208,1
1056211,1
1056219,2
1056225,1
1056229,1
1056231,1
1056240,1
1056243,1
1056259,2
1056262,2
1056266,2
1056268,1
1056277,1
1056283,1
1056285,1
1056288,1
1056291,1
1056296,1
1056306,1
1056310,1
1056312,1
1056318,2
1056321,1
1056324,1
1056327,1
1056329,1
1056334,1
1056340,1
1056351,2
1056353,1
1056369,1
1056380,1
1056389,1
1056396,1
1056406,1
1056411,2
1056413,1
1056420,1
1056423,1
1056435,1
1056439,2
1056450,1
1056452,1
1056460,2
1056467,1
1056469,1
1056471,1
1056477,1
1056483,2
1056486,2
1056489,2
1056497,2
1056518,1
1056529,1
1056542,1
1056548,1
1056560,1
1056565,1
1056567,1
1056570,1
1056578,1
1056580,1
1056582,1
1056586,1
1056601,2
1056603,1
1056607,1
1056615,2
1056618,1
1056621,1
1056631,1
1056636,1
1056648,1
1056654,1
1056657,1
1056661,1
1056663,1
1056687,1
1056700,2
1056707,1
1056724,1
1056729,2
1056736,1
1056739,1
1056746,1
1056750,1
1056761,1
1056768,1
1056770,1
1056772,1
1056776,1
1056780,1
1056785,2
1056794,1
1056797,1
1056806,1
1056812,1
1056816,1
1056821,1
1056825,1
1056829,1
1056831,1
1056835,2
1056844,1
1056855,2
1056883,1
1056888,1
1056896,1
1056899,1
1056901,1
1056906,2
1056915,1
1056922,1
1056926,1
1056934,1
1056936,1
1056939,2
1056950,1
1056966,2
1056972,1
1056975,1
1056985,1
1056994,1
1056996,1
1057003,1
1057025,1
1057034,2
1057039,1
1057041,1
1057051,1
1057057,1
1057061,1
1057066,1
1057070,1
1057072,1
1057078,1
1057100,1
1057106,1
1057111,1
1057119,1
1057130,1
1057132,1
1057169,2
1057176,1
1057183,1
1057188,1
1057199,2
1057204,1
1057220,1
1057227,1
1057229,1
1057236,1
1057249,1
1057256,1
1057261,1
1057264,1
1057273,1
1057287,1
1057290,1
1057292,1
1057309,1
1057316,3
1057321,1
1057361,1
1057379,1
1057384,1
1057386,1
1057389,1
1057393,1
1057396,1
1057399,2
1057405,1
1057412,1
1057418,1
1057420,1
1057422,1
1057424,1
1057430,1
1057432,1
1057443,1
1057452,1
1057460,1
1057466,1
1057468,1
1057471,1
1057483,1
1057489,1
1057492,1
1057498,1
1057506,1
1057510,1
1057517,2
1057536,1
1057541,2
1057553,2
1057556,1
1057562,2
1057569,1
1057579,1
1057585,1
1057600,1
1057611,1
1057613,1
1057615,1
1057632,1
1057638,1
1057640,1
1057644,1
1057647,1
1057656,2
1057661,1
1057668,2
1057682,1
1057685,1
1057687,1
1057696,1
1057709,1
1057711,1
1057731,1
1057743,1
1057747,1
1057751,1
1057756,2
1057767,1
1057769,1
1057784,1
1057788,2
1057790,1
1057794,1
1057798,2
1057801,1
1057808,1
1057811,1
1057817,1
1057824,2
1057831,1
1057857,1
1057862,1
1057865,1
1057868,1
1057877,1
1057879,1
1057883,1
1057891,1
1057896,1
1057905,1
1057911,1
1057914,1
1057921,1
1057929,1
1057932,1
1057937,1
1057940,2
1057947,1
1057954,2
1057961,1
1057976,1
1057983,1
1057991,1
1058007,1
1058021,1
1058028,1
1058035,1
1058039,1
1058047,1
1058051,1
1058053,1
1058055,1
1058064,1
1058077,1
1058082,1
1058084,1
1058097,1
1058103,2
1058106,1
1058109,1
1058116,1
1058127,1
1058130,1
1058138,1
1058140,1
1058154,2
1058156,1
1058158,1
1058161,1
1058167,1
1058170,1
1058175,1
1058185,1
1058202,1
1058208,1
1058210,1
1058218,1
1058225,1
1058232,1
1058240,1
1058266,1
1058268,1
1058280,1
1058290,1
1058308,1
1058310,1
1058338,1
1058363,1
1058375,2
1058379,1
1058382,2
1058384,1
1058386,1
1058389,1
1058398,1
1058402,1
1058407,1
1058423,2
1058426,1
1058438,2
1058441,1
1058445,1
1058464,1
1058467,1
1058473,2
1058476,1
1058478,1
1058483,2
1058485,1
1058493,1
1058495,1
1058501,2
1058510,1
1058512,1
1058525,1
1058535,1
1058542,1
1058549,1
1058552,2
1058563,1
1058565,1
1058568,1
1058576,2
1058581,1
1058588,1
1058595,1
1058605,1
1058624,1
1058630,2
1058634,1
1058637,1
1058641,2
1058649,3
1058652,1
1058659,1
1058664,1
1058666,1
1058670,1
1058685,1
1058688,1
1058690,1
1058694,1
1058701,1
1058703,1
1058707,1
1058717,1
1058727,1
1058730,1
1058737,1
1058741,2
1058754,1
1058758,1
1058766,1
1058771,2
1058776,1
1058781,2
1058784,1
1058787,1
1058795,1
1058801,2
1058816,2
1058822,1
1058831,1
1058843,1
1058847,1
1058866,1
1058873,1
1058903,1
1058907,2
1058911,1
1058916,1
1058924,1
1058927,1
1058935,1
1058937,1
1058939,1
1058943,1
1058956,1
1058963,2
1058965,1
1058971,1
1058993,1
1058996,1
1059007,1
1059013,1
1059015,1
1059017,1
1059023,1
1059031,1
1059033,1
1059036,2
1059039,2
1059044,1
1059053,1
1059055,1
1059063,1
1059067,1
1059083,2
1059087,1
1059092,1
1059094,1
1059102,1
1059104,1
1059107,1
1059111,1
1059114,1
1059116,1
1059121,1
1059123,1
1059145,1
1059154,1
1059164,1
1059169,1
1059185,1
1059195,1
1059197,1
1059200,1
1059209,1
1059214,1
1059224,1
1059227,1
1059235,1
1059243,2
1059256,2
1059268,1
1059273,1
1059292,1
1059295,1
1059299,1
1059301,1
1059305,1
1059309,1
1059311,1
1059315,1
1059317,1
1059320,1
1059330,1
1059340,1
1059342,1
1059344,1
1059348,1
1059360,1
1059367,1
1059372,1
1059380,2
1059393,1
1059397,2
1059401,2
1059403,1
1059410,1
1059419,1
1059426,1
1059429,1
1059431,1
1059433,1
1059436,1
1059441,1
1059447,1
1059449,1
1059453,3
1059459,1
1059467,1
1059469,1
1059473,1
1059477,1
1059479,1
1059485,1
1059491,1
1059501,1
1059504,1
1059517,2
1059522,1
1059525,1
1059537,1
1059544,1
1059555,1
1059575,1
1059578,1
1059584,1
1059593,1
1059596,1
1059604,1
1059611,2
1059621,1
1059631,1
1059634,2
1059640,1
1059646,1
1059660,1
1059662,1
1059674,1
1059679,1
1059681,1
1059683,1
1059691,1
1059701,2
1059724,1
1059726,1
1059733,1
1059736,1
1059749,1
1059753,1
1059756,1
1059763,1
1059766,1
1059768,1
1059785,1
1059794,1
1059801,1
1059804,1
1059806,1
1059816,2
1059826,3
1059832,1
1059838,1
1059840,1
1059843,1
1059869,1
1059872,1
1059881,1
1059888,1
1059903,1
1059905,1
1059915,1
1059924,1
1059926,1
1059949,2
1059965,1
1059970,2
1059976,1
1059987,3
1059997,1
1060003,1
1060006,1
1060013,1
1060018,1
1060020,1
1060025,1
1060038,1
1060050,1
1060058,1
1060069,1
1060079,1
1060082,1
1060087,1
1060093,1
1060101,1
1060105,1
1060110,2
1060112,1
1060116,1
1060123,1
1060128,1
1060148,1
1060150,1
1060154,1
1060164,1
1060166,1
1060170,1
1060178,1
1060189,1
1060192,1
1060200,1
1060221,1
1060224,1
1060230,1
1060250,1
1060261,1
1060268,1
1060276,1
1060278,1
1060282,1
1060286,1
1060291,1
1060296,1
1060303,2
1060305,1
1060321,1
1060327,4
1060333,2
1060335,1
1060368,1
1060373,1
1060381,1
1060393,1
1060401,1
1060404,2
1060406,1
1060428,1
1060437,2
1060448,2
1060465,2
1060471,1
1060478,2
1060486,1
1060500,1
1060503,1
1060507,1
1060513,2
1060516,1
1060532,1
1060535,1
1060539,1
1060541,1
1060545,1
1060547,1
1060551,2
1060555,1
1060562,1
1060566,1
1060575,1
1060586,1
1060589,1
1060605,1
1060610,1
1060615,1
1060621,1
1060629,1
1060638,1
1060644,1
1060648,1
1060654,1
1060665,1
1060668,1
1060678,1
1060695,1
1060698,1
1060711,2
1060717,1
1060745,1
1060766,1
1060775,1
1060782,2
1060802,1
1060806,2
1060808,1
1060814,1
1060817,2
1060820,1
1060822,1
1060829,1
1060831,1
1060842,1
1060845,1
1060857,1
1060859,1
1060863,1
1060880,1
1060886,1
1060895,1
1060897,1
1060907,1
1060927,1
1060941,1
1060953,1
1060955,1
1060959,1
1060962,1
1060965,1
1060967,1
1060971,1
1060984,2
1060986,1
1060988,1
1060991,1
1060993,1
1061002,1
1061004,1
1061024,1
1061032,1
1061041,1
1061047,1
1061051,1
1061054,2
1061063,1
1061069,1
1061073,1
1061078,1
1061082,1
1061084,1
1061086,1
1061090,1
1061095,1
1061104,1
1061110,1
1061112,1
1061122,2
1061143,1
1061145,1
1061147,1
1061152,1
1061156,1
1061163,1
1061167,1
1061171,2
1061177,1
1061179,1
1061184,1
1061200,2
1061206,1
1061215,1
1061218,1
1061223,1
1061228,1
1061236,1
1061241,1
1061252,1
1061258,1
1061265,1
1061269,1
1061272,1
1061275,1
1061278,1
1061283,1
1061286,1
1061289,1
1061293,1
1061297,1
1061300,1
1061306,1
1061318,1
1061323,2
1061328,1
1061338,1
1061342,1
1061350,1
1061357,1
1061360,1
1061366,1
1061372,1
1061376,2
1061378,1
1061381,1
1061385,1
1061388,1
1061410,1
1061415,1
1061427,1
1061430,1
1061434,1
1061438,1
1061463,2
1061469,1
1061475,1
1061481,1
1061490,1
1061497,1
1061501,1
1061503,1
1061509,2
1061515,1
1061530,1
1061538,1
1061541,1
1061544,1
1061550,1
1061554,1
1061560,1
1061564,1
1061569,1
1061571,1
1061586,1
1061590,1
1061596,1
1061603,1
1061606,1
1061611,1
1061625,1
1061628,1
1061641,1
1061652,2
1061659,2
1061661,1
1061670,1
1061676,1
1061687,2
1061736,1
1061738,1
1061747,1
1061750,1
1061760,1
1061762,1
1061769,2
1061776,2
1061788,1
1061796,1
1061798,1
1061801,1
1061806,1
1061823,2
1061829,1
1061832,2
1061836,1
1061838,1
1061845,1
1061855,2
1061867,1
1061873,1
1061875,1
1061881,1
1061892,1
1061901,1
1061909,1
1061915,1
1061923,1
1061931,1
1061936,2
1061940,1
1061942,1
1061947,1
1061950,2
1061957,1
1061968,1
1061972,1
1061975,1
1061983,1
1061993,1
1061998,1
1062005,1
1062011,1
1062019,1
1062023,1
1062056,1
1062062,1
1062073,1
1062077,2
1062086,1
1062089,1
1062091,1
1062093,1
1062100,1
1062104,1
1062106,1
1062110,1
1062115,1
1062123,1
1062135,1
1062148,1
1062153,1
1062161,3
1062163,1
1062165,1
1062176,1
1062206,1
1062221,1
1062223,1
1062241,1
1062253,1
1062257,1
1062261,2
1062279,1
1062281,1
1062303,2
1062309,1
1062311,1
1062317,1
1062320,1
1062322,1
1062324,1
1062330,1
1062345,1
1062347,1
1062355,1
1062369,1
1062375,1
1062383,1
1062389,1
1062398,1
1062405,1
1062407,1
1062411,1
1062414,2
1062418,1
1062427,1
1062433,1
1062445,2
1062452,1
1062455,1
1062464,1
1062467,1
1062472,1
1062475,1
1062486,1
1062490,1
1062492,1
1062506,1
1062516,1
1062519,1
1062526,1
1062533,2
1062535,1
1062537,1
1062541,1
1062551,1
1062567,1
1062570,1
1062575,1
1062585,1
1062592,1
1062599,1
1062617,1
1062621,1
1062624,1
1062626,1
1062638,1
1062641,1
1062649,1
1062661,1
1062663,1
1062673,1
1062677,1
1062681,1
1062703,1
1062711,1
1062715,1
1062717,1
1062726,1
1062735,2
1062737,1
1062739,1
1062745,1
1062751,1
1062754,1
1062756,1
1062760,1
1062777,1
1062779,1
1062783,1
1062806,1
1062817,2
1062824,2
1062832,1
1062839,1
1062849,1
1062860,1
1062869,1
1062876,1
1062880,1
1062889,2
1062891,1
1062893,1
1062898,2
1062914,1
1062921,1
1062925,1
1062930,1
1062932,1
1062938,1
1062946,1
1062949,1
1062952,1
1062957,1
1062961,1
1062969,1
1062990,2
1063008,1
1063013,1
1063018,2
1063034,2
1063038,1
1063041,1
1063044,2
1063052,1
1063063,1
1063078,1
1063085,1
1063095,1
1063099,1
1063106,1
1063131,1
1063136,1
1063158,2
1063160,1
1063171,1
1063179,2
1063184,1
1063195,2
1063210,1
1063213,1
1063215,1
1063219,1
1063233,1
1063241,1
1063251,1
1063253,1
1063256,1
1063264,1
1063278,1
1063281,1
1063283,1
1063286,1
1063294,1
1063300,1
1063309,1
1063312,1
1063318,1
1063322,1
1063337,1
1063344,1
1063350,1
1063361,2
1063363,1
1063370,1
1063374,2
1063383,1
1063388,1
1063403,1
1063409,1
1063411,1
1063416,1
1063422,1
1063431,1
1063433,1
1063437,2
1063451,1
1063459,1
1063462,1
1063464,1
1063470,1
1063485,2
1063487,1
1063490,1
1063494,1
1063503,1
1063507,1
1063511,1
1063527,1
1063532,1
1063540,1
1063542,1
1063549,2
1063556,1
1063571,1
1063573,1
1063575,1
1063580,1
1063585,1
1063591,1
1063595,1
1063602,1
1063613,1
1063615,1
1063621,1
1063624,1
1063627,1
1063631,1
1063635,1
1063646,1
1063648,1
1063650,1
1063658,1
1063673,3
1063679,1
1063689,1
1063704,1
1063733,1
1063742,1
1063744,1
1063747,1
1063751,1
1063775,1
1063778,2
1063780,1
1063786,1
1063800,1
1063808,1
1063811,2
1063815,1
1063823,1
1063832,1
1063846,1
1063851,1
1063854,2
1063857,1
1063868,1
1063871,2
1063883,1
1063885,1
1063890,1
1063895,2
1063902,1
1063912,2
1063920,1
1063925,1
1063934,1
1063940,1
1063945,1
1063947,1
1063950,2
1063953,1
1063963,1
1063965,1
1063975,2
1063985,1
1063987,1
1063989,1
1064000,1
1064002,1
1064004,1
1064019,3
1064024,1
1064026,1
1064028,1
1064047,1
1064055,2
1064058,1
1064060,1
1064065,1
1064067,1
1064079,1
1064081,1
1064089,1
1064098,1
1064113,1
1064118,1
1064121,1
1064123,1
1064128,1
1064137,1
1064143,1
1064145,1
1064157,1
1064170,1
1064174,2
1064178,1
1064180,1
1064189,1
1064198,2
1064203,1
1064207,2
1064210,1
1064215,2
1064221,1
1064227,1
1064229,1
1064232,1
1064234,1
1064263,1
1064265,1
1064283,1
1064294,1
1064299,1
1064306,1
1064315,1
1064317,1
1064319,1
1064322,1
1064325,1
1064331,1
1064341,2
1064358,1
1064363,1
1064371,2
1064374,1
1064380,1
1064383,1
1064391,1
1064401,1
1064405,1
1064412,1
1064422,1
1064436,1
1064444,1
1064462,2
1064491,1
1064499,2
1064510,1
1064515,1
1064519,1
1064522,2
1064529,2
1064541,1
1064543,1
1064547,2
1064558,1
1064561,1
1064568,2
1064575,1
1064584,1
1064591,1
1064596,1
1064608,1
1064616,1
1064618,1
1064634,1
1064636,1
1064643,1
1064654,2
1064661,1
1064666,1
1064673,1
1064676,1
1064678,1
1064681,1
1064685,1
1064689,1
1064693,1
1064702,1
1064710,2
1064712,1
1064715,1
1064718,1
1064734,1
1064736,1
1064742,1
1064747,1
1064752,1
1064754,1
1064769,1
1064772,1
1064775,2
1064777,1
1064787,1
1064801,1
1064805,1
1064807,1
1064814,1
1064817,1
1064820,1
1064822,1
1064845,1
1064850,1
1064863,2
1064876,1
1064881,1
1064883,1
1064886,2
1064893,2
1064912,1
1064920,1
1064927,2
1064934,2
1064937,1
1064945,1
1064954,1
1064965,1
1064970,2
1064974,1
1064978,1
1064994,1
1064999,1
1065009,1
1065015,1
1065026,1
1065029,1
1065033,1
1065035,1
1065045,1
1065048,2
1065051,1
1065053,1
1065056,1
1065060,1
1065067,1
1065083,2
1065085,1
1065100,1
1065105,1
1065108,2
1065116,1
1065127,1
1065130,1
1065132,1
1065134,1
1065152,1
1065162,1
1065168,2
1065172,1
1065176,1
1065179,2
1065185,1
1065190,1
1065194,2
1065199,1
1065205,1
1065212,1
1065215,1
1065227,1
1065230,1
1065249,1
1065270,1
1065272,1
1065275,1
1065281,2
1065283,1
1065285,1
1065296,1
1065303,2
1065313,1
1065322,1
1065328,1
1065330,1
1065338,1
1065346,1
1065349,1
1065360,1
1065365,1
1065372,1
1065374,1
1065378,1
1065389,1
1065396,1
1065398,1
1065400,1
1065406,1
1065412,1
1065414,1
1065418,1
1065429,1
1065438,1
1065446,1
1065454,1
1065460,2
1065463,1
1065465,1
1065472,1
1065491,2
1065493,1
1065497,1
1065499,1
1065502,1
1065507,1
1065513,1
1065540,1
1065573,2
1065579,1
1065582,1
1065585,1
1065593,3
1065595,1
1065598,1
1065603,1
1065610,1
1065614,1
1065624,1
1065627,2
1065630,1
1065634,1
1065636,1
1065642,1
1065645,1
1065653,2
1065683,1
1065689,1
1065694,1
1065698,2
1065702,1
1065704,1
1065706,1
1065721,1
1065725,1
1065732,1
1065745,1
1065747,1
1065756,1
1065761,1
1065763,1
1065768,1
1065771,1
1065776,1
1065784,1
1065806,1
1065809,1
1065815,1
1065819,1
1065830,1
1065836,1
1065850,1
1065853,1
1065855,1
1065857,1
1065859,1
1065862,1
1065866,1
1065871,1
1065890,1
1065901,1
1065905,1
1065907,1
1065911,1
1065913,1
1065920,2
1065929,3
1065943,1
1065946,1
1065955,1
1065961,1
1065965,1
1065971,1
1065975,1
1065978,1
1065982,1
1065985,2
1065988,1
1065996,1
1066003,1
1066005,1
1066011,1
1066015,1
1066019,1
1066025,2
1066029,1
1066045,2
1066047,1
1066051,2
1066060,1
1066067,1
1066070,1
1066072,1
1066076,1
1066078,1
1066081,1
1066083,1
1066100,2
1066104,2
1066108,1
1066112,1
1066114,1
1066121,1
1066124,1
1066127,1
1066135,1
1066139,1
1066152,1
1066155,1
1066163,1
1066165,1
1066170,1
1066176,1
1066183,1
1066188,1
1066205,1
1066210,1
1066220,1
1066222,1
1066224,1
1066229,1
1066232,1
1066247,1
1066252,1
1066256,1
1066261,1
1066264,1
1066267,1
1066272,1
1066274,1
1066276,1
1066285,1
1066287,1
1066291,1
1066294,2
1066300,1
1066302,1
1066304,1
1066313,1
1066316,1
1066331,1
1066337,1
1066343,1
1066347,1
1066354,1
1066361,2
1066365,1
1066372,1
1066374,1
1066376,1
1066383,1
1066388,1
1066391,2
1066398,1
1066400,1
1066415,1
1066419,1
1066426,2
1066432,1
1066437,1
1066443,2
1066446,1
1066455,1
1066460,1
1066465,1
1066472,1
1066483,1
1066485,1
1066490,1
1066495,1
1066505,1
1066515,1
1066525,2
1066534,1
1066540,2
1066550,1
1066554,2
1066556,1
1066564,1
1066567,2
1066569,1
1066572,1
1066577,1
1066590,1
1066594,1
1066599,1
1066605,1
1066609,1
1066616,1
1066620,1
1066626,1
1066628,1
1066630,1
1066632,1
1066635,1
1066637,1
1066644,1
1066649,2
1066653,1
1066659,1
1066663,1
1066674,1
1066676,1
1066678,1
1066688,1
1066694,2
1066696,1
1066707,1
1066717,1
1066720,1
1066724,2
1066726,1
1066729,1
1066732,1
1066736,1
1066738,1
1066747,1
1066757,1
1066764,1
1066771,1
1066776,1
1066784,1
1066790,1
1066799,1
1066814,1
1066818,1
1066823,1
1066828,1
1066831,1
1066836,1
1066850,1
1066856,1
1066858,1
1066861,1
1066869,1
1066884,2
1066888,1
1066891,1
1066908,2
1066914,1
1066917,1
1066922,1
1066925,2
1066930,2
1066932,1
1066934,1
1066938,1
1066943,2
1066960,1
1066966,1
1066968,1
1066988,1
1066990,1
1066993,1
1066995,1
1066998,1
1067000,1
1067006,1
1067009,1
1067018,1
1067021,1
1067024,2
1067028,1
1067030,1
1067032,1
1067039,1
1067046,1
1067051,1
1067059,1
1067061,1
1067066,1
1067079,1
1067083,1
1067085,1
1067091,1
1067102,1
1067112,1
1067114,1
1067121,1
1067129,1
1067144,2
1067149,1
1067155,1
1067169,1
1067173,1
1067181,1
1067189,1
1067193,1
1067198,1
1067202,1
1067205,2
1067208,1
1067230,1
1067243,1
1067247,1
1067249,1
1067252,1
1067257,2
1067260,1
1067266,1
1067277,1
1067281,2
1067284,1
1067289,1
1067291,1
1067294,1
1067299,1
1067304,1
1067309,2
1067311,1
1067316,1
1067320,1
1067322,1
1067324,1
1067326,1
1067329,2
1067339,1
1067341,1
1067346,1
1067348,1
1067350,1
1067354,2
1067364,1
1067367,1
1067369,1
1067371,1
1067374,1
1067384,1
1067389,1
1067393,1
1067400,1
1067402,1
1067407,2
1067416,2
1067431,1
1067434,1
1067436,1
1067438,1
1067445,1
1067452,1
1067466,1
1067478,1
1067482,1
1067487,1
1067499,1
1067502,1
1067504,1
1067507,1
1067509,1
1067516,1
1067518,1
1067520,1
1067523,1
1067525,1
1067531,1
1067548,1
1067550,1
1067552,1
1067574,2
1067577,1
1067596,2
1067605,2
1067625,1
1067627,1
1067666,1
1067670,1
1067672,1
1067676,1
1067679,1
1067682,2
1067694,1
1067699,1
1067701,1
1067711,2
1067719,1
1067726,1
1067729,1
1067731,1
1067743,1
1067747,1
1067749,1
1067762,1
1067773,1
1067777,1
1067779,1
1067796,1
1067802,1
1067811,1
1067813,1
1067815,1
1067821,1
1067824,2
1067827,1
1067839,1
1067841,1
1067843,1
1067846,1
1067848,1
1067855,1
1067858,1
1067863,2
1067865,1
1067869,1
1067887,1
1067896,1
1067914,1
1067917,1
1067929,1
1067931,1
1067933,1
1067942,1
1067945,1
1067949,1
1067974,2
1067979,1
1067981,1
1067983,1
1067988,1
1067990,1
1068002,1
1068005,1
1068010,2
1068014,1
1068019,1
1068024,1
1068036,2
1068045,1
1068052,2
1068055,1
1068067,1
1068076,1
1068080,1
1068083,2
1068091,1
1068095,1
1068097,1
1068105,1
1068109,1
1068115,1
1068120,1
1068122,1
1068124,1
1068140,1
1068142,1
1068146,2
1068149,1
1068155,1
1068157,1
1068170,1
1068177,1
1068188,1
1068192,2
1068199,1
1068203,3
1068222,1
1068230,1
1068232,1
1068237,1
1068241,1
1068245,1
1068256,1
1068263,1
1068269,1
1068274,1
1068293,1
1068295,1
1068298,1
1068302,1
1068311,1
1068320,1
1068332,1
1068337,1
1068352,2
1068355,1
1068364,2
1068374,2
1068378,1
1068383,1
1068387,1
1068391,2
1068398,1
1068411,1
1068426,1
1068429,1
1068435,1
1068437,1
1068440,1
1068463,1
1068472,1
1068479,1
1068486,2
1068493,1
1068511,2
1068513,1
1068515,1
1068529,1
1068543,1
1068545,1
1068550,2
1068552,1
1068557,1
1068565,1
1068568,1
1068574,1
1068579,2
1068581,1
1068583,1
1068585,1
1068597,1
1068603,1
1068610,1
1068615,1
1068617,1
1068620,1
1068629,1
1068636,1
1068656,1
1068667,1
1068669,1
1068682,1
1068694,1
1068697,1
1068700,1
1068705,1
1068710,1
1068714,2
1068739,2
1068750,1
1068757,1
1068760,1
1068765,1
1068769,1
1068776,1
1068781,1
1068783,1
1068787,1
1068791,1
1068799,1
1068804,1
1068818,1
1068821,1
1068827,1
1068834,1
1068851,1
1068858,1
1068862,1
1068869,1
1068874,1
1068878,2
1068903,1
1068911,1
1068913,1
1068917,1
1068921,1
1068929,1
1068934,1
1068948,1
1068950,1
1068954,1
1068959,1
1068963,1
1068966,1
1068971,1
1068977,2
1068980,1
1068986,1
1068988,1
1068998,1
1069002,1
1069006,1
1069015,1
1069023,1
1069031,1
1069033,1
1069039,2
1069041,1
1069047,1
1069049,1
1069054,1
1069057,1
1069062,2
1069064,1
1069077,2
1069082,1
1069095,2
1069101,1
1069112,1
1069119,1
1069122,1
1069132,1
1069137,1
1069140,1
1069148,1
1069165,2
1069177,1
1069185,1
1069190,1
1069194,1
1069197,1
1069205,2
1069227,1
1069232,1
1069237,1
1069241,1
1069244,1
1069250,1
1069253,1
1069256,1
1069271,1
1069273,1
1069280,1
1069287,1
1069301,1
1069312,1
1069321,1
1069326,1
1069328,1
1069332,1
1069339,1
1069342,1
1069350,1
1069365,1
1069374,1
1069380,1
1069382,1
1069386,1
1069392,1
1069402,1
1069404,1
1069421,1
1069428,1
1069432,1
1069439,1
1069450,1
1069459,1
1069461,1
1069466,1
1069471,1
1069473,1
1069482,2
1069490,1
1069515,1
1069531,1
1069537,1
1069539,1
1069545,1
1069547,1
1069552,1
1069558,1
1069567,1
1069570,1
1069572,1
1069578,1
1069580,1
1069583,1
1069591,1
1069597,1
1069602,1
1069612,1
1069621,1
1069626,1
1069634,2
1069643,2
1069649,1
1069652,1
1069655,1
1069657,1
1069659,1
1069666,1
1069670,1
1069676,1
1069683,1
1069690,1
1069693,1
1069708,2
1069713,1
1069715,1
1069725,1
1069728,1
1069740,1
1069742,1
1069756,1
1069759,1
1069764,2
1069766,1
1069768,1
1069777,1
1069782,3
1069788,1
1069793,1
1069808,1
1069828,2
1069837,1
1069840,1
1069843,1
1069845,1
1069861,2
1069866,1
1069870,1
1069874,1
1069879,1
1069886,1
1069892,1
1069917,1
1069921,1
1069932,1
1069938,2
1069942,2
1069949,1
1069957,1
1069964,1
1069971,1
1069974,1
1069979,1
1069984,1
1069989,1
1069992,1
1069996,1
1069998,1
1070003,1
1070010,1
1070012,1
1070017,1
1070020,1
1070044,2
1070049,1
1070061,1
1070070,1
1070085,3
1070093,1
1070100,2
1070106,4
1070110,1
1070116,2
1070125,1
1070127,1
1070129,1
1070132,1
1070137,1
1070154,1
1070156,1
1070163,1
1070167,2
1070170,2
1070175,1
1070177,1
1070184,1
1070188,2
1070212,2
1070215,1
1070219,1
1070221,1
1070250,1
1070254,1
1070263,1
1070278,2
1070283,2
1070288,1
1070291,1
1070297,1
1070299,1
1070305,2
1070311,2
1070322,1
1070330,2
1070343,2
1070348,2
1070350,1
1070360,1
1070363,1
1070369,1
1070371,1
1070377,1
1070394,1
1070401,1
1070403,1
1070406,1
1070411,1
1070430,2
1070434,1
1070442,1
1070448,1
1070451,1
1070458,1
1070460,1
1070474,1
1070481,1
1070491,4
1070496,2
1070504,1
1070528,1
1070545,2
1070552,1
1070562,1
1070565,1
1070567,1
1070571,1
1070578,1
1070583,2
1070594,1
1070596,1
1070606,1
1070608,1
1070616,1
1070623,1
1070626,2
1070640,2
1070645,1
1070652,2
1070655,1
1070659,1
1070665,1
1070669,2
1070676,1
1070678,1
1070681,1
1070686,1
1070691,1
1070694,1
1070696,1
1070704,2
1070717,1
1070719,1
1070725,1
1070732,2
1070756,1
1070759,2
1070761,1
1070766,1
1070773,1
1070776,1
1070778,1
1070781,1
1070784,1
1070789,1
1070793,1
1070809,1
1070813,1
1070815,1
1070834,1
1070838,1
1070840,1
1070846,1
1070854,1
1070859,1
1070861,1
1070869,1
1070871,1
1070877,1
1070880,1
1070888,2
1070891,1
1070900,1
1070919,1
1070939,2
1070941,1
1070943,1
1070949,1
1070952,1
1070957,2
1070960,1
1070963,1
1070967,1
1070981,1
1070987,1
1070989,1
1070998,1
1071002,1
1071011,1
1071021,1
1071034,1
1071036,1
1071048,2
1071057,1
1071067,1
1071071,1
1071080,2
1071082,1
1071098,1
1071106,1
1071108,1
1071111,1
1071124,1
1071135,1
1071139,1
1071148,1
1071152,2
1071155,1
1071157,1
1071159,1
1071185,1
1071190,1
1071200,1
1071205,1
1071210,1
1071214,2
1071222,1
1071239,1
1071256,1
1071263,1
1071275,1
1071282,1
1071285,1
1071292,1
1071300,1
1071302,1
1071315,1
1071321,1
1071326,1
1071328,1
1071339,1
1071344,1
1071350,1
1071354,1
1071361,1
1071375,1
1071379,1
1071385,1
1071387,1
1071390,1
1071393,1
1071401,1
1071403,1
1071412,1
1071417,1
1071421,1
1071425,1
1071432,1
1071434,1
1071441,1
1071448,1
1071456,1
1071472,1
1071474,1
1071476,1
1071487,1
1071489,1
1071497,1
1071504,1
1071507,2
1071510,1
1071513,2
1071515,1
1071521,2
1071526,2
1071533,1
1071542,2
1071548,1
1071560,1
1071569,1
1071572,2
1071582,1
1071586,2
1071588,1
1071592,2
1071613,2
1071624,1
1071636,1
1071639,1
1071643,1
1071653,1
1071659,1
1071667,1
1071673,1
1071677,1
1071680,1
1071691,1
1071706,1
1071717,1
1071725,1
1071733,1
1071742,1
1071753,1
1071760,1
1071762,1
1071764,1
1071773,1
1071776,1
1071792,1
1071812,2
1071820,1
1071829,1
1071836,2
1071838,1
1071841,1
1071843,1
1071855,1
1071858,2
1071864,1
1071871,1
1071874,1
1071884,1
1071886,1
1071895,1
1071915,1
1071919,1
1071922,1
1071929,2
1071931,1
1071937,2
1071951,1
1071953,1
1071967,1
1071985,1
1071987,1
1071990,1
1071993,1
1071995,1
1072009,1
1072016,2
1072022,1
1072024,1
1072032,1
1072034,1
1072041,2
1072043,1
1072045,1
1072053,2
1072064,1
1072067,1
1072072,1
1072077,2
1072103,2
1072108,2
1072113,1
1072115,1
1072121,1
1072123,1
1072134,1
1072141,1
1072147,1
1072149,1
1072169,1
1072174,1
1072176,1
1072179,1
1072184,2
1072190,1
1072192,1
1072204,1
1072208,1
1072213,2
1072215,1
1072223,2
1072227,1
1072235,1
1072244,1
1072272,1
1072276,1
1072286,1
1072291,2
1072295,2
1072300,2
1072317,1
1072324,1
1072327,2
1072335,1
1072343,1
1072357,1
1072362,1
1072364,1
1072368,1
1072376,2
1072392,1
1072401,1
1072403,1
1072411,1
1072421,1
1072426,2
1072429,1
1072437,1
1072440,1
1072442,1
1072464,2
1072467,1
1072474,1
1072490,2
1072500,1
1072510,1
1072518,2
1072520,1
1072523,1
1072529,1
1072534,1
1072538,1
1072547,1
1072551,1
1072553,1
1072563,2
1072573,1
1072593,1
1072597,2
1072599,1
1072613,1
1072619,1
1072625,1
1072629,2
1072631,1
1072640,2
1072647,1
1072652,1
1072654,1
1072656,1
1072663,1
1072667,2
1072669,1
1072677,2
1072686,2
1072688,1
1072692,1
1072703,1
1072709,1
1072717,1
1072725,1
1072727,1
1072741,1
1072744,1
1072749,1
1072756,1
1072758,1
1072762,1
1072769,1
1072774,1
1072779,1
1072789,1
1072791,1
1072796,2
1072799,1
1072813,1
1072820,1
1072827,2
1072834,1
1072838,1
1072849,1
1072854,2
1072858,1
1072862,1
1072866,1
1072875,1
1072877,1
1072880,1
1072891,1
1072910,1
1072919,2
1072928,1
1072933,1
1072945,1
1072951,1
1072953,1
1072956,1
1072960,2
1072972,1
1072974,1
1072976,1
1072984,1
1073011,2
1073017,1
1073021,1
1073023,1
1073025,1
1073028,1
1073030,1
1073039,1
1073046,1
1073049,1
1073055,2
1073058,2
1073064,1
1073072,1
1073078,1
1073092,1
1073104,1
1073106,1
1073109,1
1073111,1
1073116,2
1073122,1
1073125,1
1073130,1
1073149,2
1073157,1
1073169,1
1073175,1
1073203,1
1073206,1
1073212,1
1073223,2
1073226,2
1073232,1
1073238,1
1073241,1
1073244,1
1073247,1
1073250,1
1073253,1
1073264,1
1073268,1
1073270,1
1073279,1
1073294,1
1073314,1
1073319,1
1073321,1
1073324,1
1073329,1
1073331,1
1073334,1
1073342,1
1073346,1
1073358,2
1073363,1
1073372,1
1073383,1
1073406,1
1073412,1
1073419,1
1073423,1
1073429,1
1073432,1
1073436,1
1073447,2
1073455,1
1073458,1
1073466,1
1073468,1
1073491,2
1073493,1
1073497,1
1073511,1
1073521,1
1073523,1
1073531,1
1073549,1
1073555,2
1073558,1
1073564,1
1073585,2
1073597,1
1073600,1
1073612,1
1073626,1
1073631,1
1073638,1
1073648,1
1073659,1
1073671,1
1073673,1
1073676,1
1073681,1
1073684,1
1073686,1
1073689,1
1073706,1
1073711,1
1073713,1
1073734,1
1073736,1
1073738,1
1073746,1
1073754,1
1073760,1
1073765,1
1073774,1
1073777,1
1073783,1
1073790,1
1073793,1
1073809,1
1073811,1
1073825,1
1073827,1
1073829,1
1073836,1
1073841,1
1073844,1
1073856,1
1073858,1
1073864,1
1073867,1
1073869,1
1073876,1
1073880,1
1073891,1
1073900,2
1073902,1
1073911,1
1073926,1
1073929,2
1073933,1
1073942,1
1073954,1
1073965,2
1073975,1
1073977,1
1073988,1
1073993,1
1073995,1
1073997,1
1074000,1
1074005,1
1074010,2
1074020,1
1074034,1
1074041,1
1074043,1
1074045,1
1074051,1
1074053,1
1074063,2
1074067,2
1074069,1
1074071,1
1074096,1
1074102,1
1074104,1
1074107,1
1074110,1
1074118,1
1074131,1
1074137,1
1074141,2
1074145,1
1074149,1
1074151,1
1074157,1
1074162,2
1074178,1
1074181,1
1074189,1
1074199,1
1074214,1
1074219,2
1074221,1
1074224,1
1074226,1
1074229,2
1074233,1
1074248,3
1074251,1
1074257,1
1074264,1
1074267,1
1074281,1
1074290,2
1074295,1
1074297,1
1074312,1
1074315,1
1074319,1
1074343,1
1074354,1
1074373,1
1074377,1
1074380,1
1074383,2
1074388,1
1074391,1
1074400,1
1074403,1
1074405,1
1074408,1
1074422,1
1074426,1
1074428,1
1074430,1
1074441,1
1074454,1
1074458,2
1074461,1
1074470,1
1074476,1
1074484,1
1074496,1
1074502,1
1074504,1
1074523,1
1074527,1
1074530,1
1074535,1
1074537,1
1074560,1
1074567,1
1074571,1
1074586,1
1074588,1
1074596,1
1074602,1
1074612,2
1074623,1
1074631,1
1074634,1
1074649,1
1074651,1
1074654,1
1074661,1
1074667,1
1074670,2
1074676,1
1074679,1
1074686,1
1074688,1
1074692,1
1074694,1
1074707,1
1074712,2
1074718,1
1074723,1
1074732,1
1074745,1
1074778,1
1074782,1
1074797,1
1074799,1
1074804,1
1074813,1
1074816,2
1074827,1
1074831,1
1074837,1
1074844,1
1074849,1
1074854,1
1074857,1
1074864,1
1074866,1
1074868,1
1074871,1
1074875,1
1074882,1
1074896,1
1074910,1
1074924,1
1074933,1
1074941,1
1074945,1
1074948,1
1074952,1
1074957,1
1074969,1
1074975,2
1074979,1
1074993,1
1074998,2
1075010,1
1075017,1
1075023,1
1075031,1
1075035,1
1075040,2
1075043,2
1075047,1
1075056,1
1075060,1
1075066,1
1075074,1
1075076,1
1075093,1
1075095,1
1075098,1
1075105,2
1075110,1
1075115,2
1075120,1
1075124,1
1075127,2
1075137,1
1075141,1
1075153,1
1075162,1
1075173,1
1075179,2
1075182,2
1075187,1
1075192,1
1075197,1
1075207,2
1075218,2
1075224,1
1075228,2
1075237,1
1075240,1
1075247,1
1075252,2
1075257,1
1075261,1
1075267,1
1075270,1
1075279,1
1075284,1
1075286,1
1075311,1
1075325,2
1075331,1
1075337,1
1075355,1
1075364,1
1075371,1
1075374,1
1075377,1
1075383,1
1075385,1
1075390,1
1075395,1
1075398,1
1075404,1
1075411,1
1075416,2
1075421,1
1075426,1
1075450,1
1075458,1
1075470,1
1075477,1
1075480,1
1075498,1
1075511,2
1075513,1
1075525,1
1075530,1
1075532,1
1075537,1
1075541,1
1075545,1
1075554,2
1075558,1
1075566,2
1075574,1
1075585,1
1075590,1
1075595,2
1075618,1
1075631,1
1075636,1
1075645,1
1075648,1
1075653,2
1075660,1
1075671,1
1075676,1
1075684,1
1075709,1
1075711,1
1075714,1
1075717,1
1075720,1
1075724,1
1075727,1
1075731,1
1075737,1
1075744,1
1075746,1
1075751,1
1075754,1
1075762,1
1075770,2
1075772,1
1075778,1
1075787,1
1075790,2
1075803,2
1075810,2
1075812,1
1075819,1
1075824,1
1075829,1
1075842,2
1075848,1
1075851,1
1075857,2
1075867,1
1075872,1
1075882,1
1075885,1
1075897,1
1075908,1
1075912,1
1075925,1
1075931,1
1075935,1
1075937,1
1075942,1
1075952,1
1075966,1
1075974,1
1075976,1
1075982,1
1075984,1
1075986,1
1075988,1
1075998,1
1076011,1
1076015,1
1076017,1
1076033,1
1076035,1
1076039,1
1076044,1
1076048,1
1076060,1
1076064,2
1076068,2
1076074,1
1076079,1
1076091,1
1076096,2
1076118,1
1076120,1
1076128,2
1076139,1
1076141,1
1076144,1
1076147,1
1076150,1
1076153,1
1076159,2
1076164,1
1076170,1
1076178,1
1076181,1
1076186,1
1076189,1
1076209,3
1076225,1
1076230,1
1076236,1
1076238,1
1076241,1
1076243,1
1076247,1
1076249,1
1076281,1
1076288,1
1076306,1
1076309,2
1076312,1
1076314,1
1076335,1
1076340,1
1076349,1
1076352,2
1076355,1
1076370,1
1076372,1
1076376,1
1076380,1
1076382,1
1076405,1
1076421,1
1076432,1
1076446,1
1076460,2
1076467,1
1076471,1
1076476,1
1076480,1
1076484,1
1076486,1
1076496,2
1076500,1
1076511,1
1076521,1
1076524,1
1076526,1
1076533,1
1076543,2
1076545,1
1076560,1
1076564,1
1076570,1
1076573,1
1076582,1
1076589,1
1076592,1
1076596,1
1076598,1
1076606,1
1076611,1
1076623,1
1076629,1
1076632,2
1076644,1
1076650,2
1076655,1
1076658,1
1076662,1
1076681,2
1076688,1
1076693,1
1076697,1
1076711,1
1076716,1
1076726,1
1076732,1
1076739,1
1076758,2
1076774,2
1076778,2
1076782,1
1076803,1
1076808,2
1076822,2
1076824,1
1076828,2
1076830,1
1076835,1
1076838,1
1076849,1
1076852,1
1076855,1
1076863,1
1076884,1
1076900,1
1076902,1
1076910,1
1076918,1
1076920,1
1076924,1
1076933,2
1076938,2
1076940,1
1076944,1
1076954,1
1076958,1
1076960,1
1076972,1
1076975,2
1076977,1
1077012,1
1077019,1
1077022,1
1077027,2
1077032,1
1077034,1
1077037,1
1077041,1
1077046,1
1077051,2
1077062,1
1077078,1
1077080,1
1077092,1
1077097,1
1077104,1
1077121,1
1077124,1
1077128,1
1077141,1
1077146,1
1077148,1
1077151,1
1077153,1
1077159,1
1077161,1
1077169,1
1077172,1
1077175,1
1077180,1
1077186,1
1077191,1
1077193,1
1077198,1
1077200,1
1077202,1
1077212,1
1077222,3
1077225,1
1077227,1
1077230,1
1077244,1
1077246,1
1077253,1
1077255,1
1077258,1
1077260,1
1077262,1
1077273,3
1077278,1
1077283,1
1077289,1
1077297,1
1077300,1
1077307,1
1077313,1
1077326,1
1077330,2
1077341,1
1077365,1
1077370,1
1077373,1
1077382,1
1077387,1
1077390,1
1077403,1
1077406,1
1077412,1
1077415,2
1077421,1
1077448,1
1077461,1
1077467,1
1077493,1
1077498,1
1077502,1
1077504,1
1077506,1
1077508,1
1077514,1
1077516,1
1077518,1
1077523,1
1077528,1
1077533,1
1077540,1
1077548,1
1077555,1
1077558,1
1077568,1
1077572,1
1077580,1
1077590,1
1077596,1
1077602,2
1077608,1
1077614,1
1077616,1
1077618,1
1077622,1
1077626,1
1077631,1
1077635,1
1077642,1
1077649,1
1077651,1
1077659,1
1077664,1
1077669,1
1077673,1
1077675,1
1077680,1
1077699,1
1077708,1
1077712,1
1077715,1
1077719,1
1077721,1
1077726,1
1077753,2
1077757,1
1077760,1
1077764,1
1077766,1
1077772,1
1077790,1
1077798,1
1077803,1
1077815,1
1077819,1
1077822,1
1077828,1
1077838,1
1077853,1
1077867,1
1077869,1
1077875,1
1077882,1
1077884,1
1077892,1
1077895,1
1077905,2
1077920,1
1077924,1
1077928,1
1077944,1
1077951,1
1077959,1
1077965,1
1077976,1
1077978,1
1077982,2
1077988,1
1078002,1
1078004,1
1078011,1
1078015,1
1078018,1
1078020,1
1078023,1
1078025,1
1078030,1
1078035,1
1078037,1
1078041,1
1078049,1
1078061,1
1078065,1
1078068,1
1078073,1
1078087,1
1078090,1
1078097,1
1078100,1
1078103,1
1078107,1
1078116,1
1078119,1
1078134,1
1078144,1
1078150,1
1078156,1
1078162,2
1078171,1
1078174,1
1078184,1
1078186,1
1078199,1
1078227,1
1078234,1
1078239,1
1078258,2
1078262,2
1078272,1
1078278,1
1078283,2
1078307,2
1078311,2
1078314,1
1078319,1
1078329,1
1078331,1
1078337,1
1078342,2
1078349,1
1078355,1
1078366,2
1078369,1
1078376,1
1078385,1
1078392,1
1078403,1
1078405,1
1078410,1
1078413,1
1078420,1
1078422,1
1078428,1
1078430,1
1078437,1
1078442,1
1078449,1
1078466,1
1078469,1
1078495,1
1078497,1
1078500,2
1078510,1
1078517,1
1078519,1
1078521,1
1078528,1
1078533,1
1078535,1
1078537,1
1078542,1
1078553,1
1078564,1
1078569,1
1078573,1
1078575,1
1078578,1
1078585,1
1078590,1
1078594,2
1078600,2
1078606,1
1078609,1
1078616,1
1078619,1
1078621,1
1078633,1
1078636,1
1078639,1
1078643,1
1078645,1
1078648,1
1078655,1
1078660,1
1078663,1
1078667,1
1078669,1
1078671,1
1078673,1
1078684,3
1078709,1
1078714,2
1078716,1
1078722,2
1078724,1
1078727,2
1078743,1
1078748,1
1078764,1
1078773,1
1078778,1
1078784,2
1078789,1
1078797,1
1078807,1
1078809,1
1078811,1
1078816,2
1078818,1
1078825,1
1078830,1
1078839,1
1078845,1
1078848,1
1078857,1
1078861,1
1078863,1
1078867,1
1078871,1
1078879,1
1078888,1
1078898,2
1078900,1
1078903,1
1078907,1
1078910,1
1078918,1
1078922,1
1078938,1
1078945,2
1078955,1
1078970,1
1078973,2
1078977,2
1078988,1
1078991,1
1078994,2
1079002,1
1079013,1
1079021,2
1079023,1
1079028,2
1079054,1
1079060,1
1079063,2
1079068,1
1079078,1
1079081,1
1079095,1
1079104,1
1079113,1
1079118,1
1079122,1
1079125,2
1079133,1
1079160,2
1079162,1
1079165,1
1079177,1
1079184,1
1079190,1
1079199,2
1079201,1
1079205,2
1079210,1
1079215,1
1079219,1
1079223,1
1079225,1
1079227,1
1079243,1
1079245,1
1079247,1
1079259,1
1079263,1
1079276,1
1079278,1
1079284,1
1079288,2
1079293,2
1079296,1
1079298,1
1079306,1
1079310,2
1079315,1
1079321,1
1079323,1
1079330,2
1079340,1
1079347,2
1079353,2
1079356,1
1079358,1
1079361,1
1079364,2
1079367,2
1079372,2
1079376,1
1079380,2
1079383,1
1079387,1
1079399,1
1079401,1
1079411,1
1079437,1
1079440,1
1079447,1
1079452,1
1079456,1
1079463,1
1079473,1
1079492,1
1079499,1
1079503,1
1079520,1
1079526,1
1079542,1
1079545,1
1079557,1
1079560,1
1079563,1
1079567,2
1079578,3
1079591,1
1079604,2
1079618,2
1079622,1
1079634,1
1079649,1
1079654,1
1079656,1
1079670,1
1079676,1
1079679,1
1079681,1
1079696,1
1079705,2
1079708,1
1079711,1
1079717,1
1079724,1
1079727,2
1079732,1
1079738,1
1079744,1
1079747,1
1079770,1
1079783,1
1079786,1
1079789,1
1079798,2
1079803,2
1079812,2
1079818,1
1079824,1
1079828,1
1079831,1
1079833,1
1079841,1
1079848,2
1079857,2
1079863,2
1079872,1
1079877,1
1079885,1
1079894,1
1079897,1
1079903,2
1079923,1
1079926,1
1079929,1
1079932,1
1079940,1
1079942,1
1079946,1
1079949,1
1079954,1
1079965,1
1079971,1
1079974,1
1079980,1
1079987,1
1079993,1
1079995,1
1080004,1
1080010,1
1080021,1
1080029,1
1080032,1
1080039,1
1080046,1
1080055,1
1080065,1
1080078,1
1080086,1
1080101,2
1080103,1
1080106,1
1080109,1
1080117,1
1080124,2
1080141,1
1080147,1
1080154,1
1080158,1
1080165,1
1080179,1
1080197,1
1080204,1
1080228,1
1080235,2
1080249,2
1080253,1
1080270,1
1080273,2
1080275,1
1080288,1
1080295,1
1080302,1
1080305,1
1080308,1
1080326,1
1080332,1
1080337,1
1080340,1
1080345,1
1080347,1
1080351,1
1080354,1
1080359,1
1080383,1
1080391,1
1080403,1
1080412,1
1080423,1
1080433,1
1080438,1
1080440,1
1080443,1
1080447,2
1080463,1
1080467,1
1080472,2
1080474,1
1080483,2
1080486,1
1080491,1
1080495,2
1080498,1
1080502,1
1080509,1
1080515,2
1080522,2
1080530,1
1080532,1
1080543,1
1080562,1
1080565,1
1080569,1
1080573,2
1080575,1
1080578,1
1080582,1
1080584,1
1080593,1
1080597,2
1080599,1
1080603,1
1080608,1
1080614,3
1080616,1
1080621,1
1080632,1
1080636,1
1080650,2
1080654,1
1080656,1
1080658,1
1080660,1
1080663,1
1080667,1
1080676,1
1080684,1
1080688,1
1080695,1
1080699,1
1080709,2
1080711,1
1080714,1
1080720,1
1080730,2
1080737,1
1080764,1
1080769,2
1080772,1
1080784,1
1080808,1
1080828,1
1080833,1
1080836,1
1080838,1
1080840,1
1080843,1
1080848,2
1080857,1
1080859,1
1080863,2
1080867,1
1080876,1
1080881,2
1080886,1
1080901,2
1080907,1
1080918,1
1080922,1
1080927,1
1080935,1
1080938,1
1080944,2
1080962,2
1080965,1
1080975,1
1080994,2
1080997,1
1081001,1
1081004,2
1081008,2
1081012,1
1081021,1
1081024,1
1081031,2
1081036,1
1081051,1
1081053,1
1081058,1
1081066,1
1081071,2
1081084,1
1081089,1
1081091,1
1081096,2
1081099,1
1081103,1
1081107,2
1081110,1
1081118,1
1081121,1
1081127,1
1081129,1
1081132,1
1081139,2
1081152,1
1081163,1
1081168,1
1081180,2
1081184,1
1081188,1
1081196,1
1081209,1
1081218,1
1081239,1
1081242,1
1081247,1
1081259,1
1081269,1
1081280,1
1081283,1
1081291,2
1081295,1
1081309,1
1081318,1
1081324,1
1081327,1
1081341,1
1081348,2
1081356,1
1081358,1
1081361,1
1081366,1
1081371,1
1081378,2
1081382,1
1081386,2
1081390,1
1081394,1
1081398,1
1081415,2
1081417,1
1081419,1
1081421,1
1081439,2
1081443,1
1081445,1
1081468,1
1081471,1
1081474,1
1081486,1
1081489,2
1081496,1
1081515,1
1081520,1
1081530,1
1081533,1
1081535,1
1081537,1
1081544,1
1081549,2
1081559,1
1081562,2
1081570,1
1081573,1
1081577,2
1081589,1
1081593,1
1081603,1
1081605,1
1081608,2
1081612,1
1081617,2
1081627,1
1081634,1
1081642,1
1081646,1
1081651,1
1081658,1
1081663,1
1081673,1
1081681,2
1081698,1
1081707,1
1081712,1
1081716,2
1081718,1
1081723,1
1081725,1
1081728,1
1081733,1
1081747,1
1081750,2
1081760,1
1081770,1
1081773,1
1081775,1
1081780,1
1081783,2
1081793,1
1081798,2
1081801,1
1081805,1
1081811,1
1081814,1
1081817,1
1081826,1
1081830,1
1081833,1
1081843,1
1081846,1
1081854,1
1081857,2
1081859,1
1081862,1
1081865,1
1081883,1
1081887,1
1081897,2
1081902,1
1081919,1
1081921,1
1081930,1
1081945,1
1081955,1
1081958,1
1081969,1
1081986,1
1081993,2
1082004,1
1082006,1
1082008,1
1082027,2
1082053,1
1082059,1
1082063,1
1082071,2
1082073,1
1082077,1
1082094,1
1082096,1
1082102,1
1082105,1
1082111,1
1082120,1
1082123,1
1082129,1
1082133,1
1082140,1
1082145,1
1082147,1
1082149,1
1082156,1
1082176,1
1082182,1
1082186,1
1082191,2
1082194,1
1082196,1
1082202,1
1082209,1
1082211,1
1082217,1
1082231,1
1082234,1
1082237,1
1082242,1
1082245,1
1082248,1
1082259,1
1082266,1
1082269,1
1082274,1
1082277,2
1082279,1
1082282,1
1082294,1
1082305,1
1082310,1
1082323,2
1082335,1
1082346,1
1082351,1
1082354,2
1082364,1
1082372,2
1082374,1
1082376,1
1082384,1
1082397,1
1082400,1
1082406,1
1082410,2
1082415,1
1082422,2
1082427,1
1082430,1
1082433,1
1082437,1
1082444,1
1082446,1
1082450,1
1082466,1
1082469,1
1082471,1
1082474,1
1082476,1
1082480,1
1082493,1
1082498,1
1082502,1
1082508,1
1082511,1
1082513,1
1082520,1
1082538,1
1082543,1
1082557,1
1082566,1
1082570,1
1082574,1
1082577,1
1082582,2
1082606,1
1082612,1
1082629,1
1082651,1
1082660,2
1082663,1
1082673,2
1082675,1
1082678,1
1082685,1
1082695,1
1082699,1
1082703,1
1082710,1
1082727,1
1082735,2
1082741,1
1082757,1
1082764,1
1082766,1
1082770,2
1082774,1
1082777,1
1082780,1
1082784,1
1082797,2
1082806,1
1082815,2
1082824,2
1082830,1
1082836,1
1082838,1
1082840,1
1082843,1
1082848,1
1082861,1
1082865,1
1082871,1
1082877,1
1082885,1
1082893,2
1082895,1
1082906,2
1082908,1
1082913,1
1082918,1
1082920,1
1082923,2
1082929,1
1082940,1
1082944,1
1082948,1
1082951,1
1082953,1
1082956,1
1082963,1
1082965,1
1082970,1
1083004,2
1083009,2
1083014,1
1083018,1
1083027,1
1083051,1
1083054,1
1083060,1
1083064,1
1083067,1
1083069,1
1083073,1
1083078,1
1083080,1
1083093,1
1083098,1
1083104,1
1083106,1
1083122,1
1083126,1
1083135,2
1083153,1
1083160,2
1083169,2
1083175,1
1083191,1
1083196,2
1083202,1
1083207,1
1083209,1
1083211,1
1083213,1
1083222,1
1083224,1
1083229,1
1083233,1
1083239,1
1083244,1
1083247,1
1083258,1
1083262,1
1083265,1
1083271,1
1083276,1
1083281,1
1083287,1
1083289,1
1083296,2
1083310,1
1083312,1
1083314,1
1083319,1
1083330,1
1083333,2
1083335,1
1083343,2
1083348,1
1083360,1
1083362,1
1083366,1
1083369,1
1083371,1
1083373,1
1083384,1
1083387,2
1083393,1
1083395,1
1083404,1
1083410,2
1083419,1
1083425,1
1083431,1
1083435,1
1083441,1
1083444,1
1083453,1
1083459,1
1083469,2
1083471,1
1083475,1
1083482,2
1083486,2
1083489,1
1083493,1
1083495,1
1083499,1
1083503,1
1083509,1
1083514,1
1083517,1
1083519,1
1083523,1
1083529,1
1083538,2
1083540,1
1083545,1
1083549,1
1083554,2
1083556,1
1083560,1
1083574,1
1083587,3
1083589,1
1083591,1
1083595,1
1083599,1
1083604,1
1083625,1
1083630,1
1083637,1
1083641,1
1083646,1
1083653,2
1083655,1
1083660,1
1083665,1
1083669,1
1083675,1
1083677,1
1083692,1
1083694,1
1083699,1
1083707,1
1083712,1
1083720,1
1083729,1
1083737,1
1083739,1
1083743,1
1083746,1
1083750,1
1083756,1
1083760,2
1083767,2
1083769,1
1083788,1
1083792,1
1083796,1
1083802,1
1083814,1
1083816,1
1083829,1
1083832,1
1083839,1
1083853,1
1083856,1
1083864,1
1083870,1
1083877,2
1083896,1
1083902,1
1083906,1
1083918,1
1083924,1
1083929,1
1083934,1
1083937,1
1083940,1
1083943,1
1083955,1
1083959,2
1083962,1
1083971,1
1083981,1
1083985,2
1083988,1
1083995,1
1083998,1
1084006,1
1084031,1
1084039,1
1084041,1
1084054,1
1084056,1
1084059,1
1084065,2
1084072,1
1084075,1
1084086,1
1084117,2
1084122,1
1084131,2
1084135,2
1084139,2
1084145,1
1084148,1
1084150,1
1084152,1
1084154,1
1084160,1
1084182,1
1084189,1
1084192,1
1084195,1
1084205,1
1084208,1
1084217,1
1084221,1
1084224,1
1084233,1
1084235,1
1084248,1
1084252,1
1084260,1
1084264,1
1084271,1
1084277,1
1084281,2
1084283,1
1084303,1
1084309,1
1084313,1
1084317,1
1084324,1
1084330,3
1084332,1
1084338,1
1084344,1
1084356,1
1084358,1
1084360,1
1084364,1
1084376,1
1084380,2
1084390,1
1084398,2
1084400,1
1084404,3
1084406,1
1084411,1
1084416,1
1084420,1
1084427,1
1084441,1
1084461,1
1084464,1
1084470,1
1084479,1
1084488,1
1084493,1
1084496,1
1084502,1
1084505,1
1084514,1
1084519,1
1084524,2
1084532,1
1084537,1
1084539,1
1084543,1
1084545,1
1084549,3
1084554,1
1084558,1
1084560,1
1084565,1
1084567,1
1084570,1
1084573,1
1084577,1
1084580,1
1084582,1
1084589,1
1084628,1
1084631,1
1084633,1
1084642,2
1084647,2
1084657,1
1084661,1
1084667,1
1084670,1
1084673,1
1084680,2
1084687,1
1084695,1
1084698,2
1084706,2
1084717,1
1084723,1
1084728,1
1084730,1
1084732,1
1084742,1
1084752,1
1084756,1
1084761,1
1084767,1
1084769,1
1084773,2
1084783,1
1084787,1
1084799,2
1084806,1
1084810,2
1084816,1
1084820,1
1084828,1
1084832,1
1084839,1
1084841,1
1084850,1
1084855,1
1084861,1
1084875,1
1084877,1
1084879,1
1084882,1
1084886,1
1084890,1
1084896,1
1084900,2
1084904,1
1084916,1
1084919,1
1084924,1
1084937,1
1084939,1
1084941,1
1084950,2
1084952,1
1084965,2
1084970,1
1084972,1
1084980,1
1084986,1
1084989,1
1084991,1
1084995,1
1085034,1
1085040,1
1085042,1
1085053,1
1085072,1
1085074,1
1085085,1
1085098,1
1085101,2
1085106,1
1085109,1
1085112,1
1085121,2
1085128,1
1085130,1
1085135,1
1085137,1
1085140,1
1085142,1
1085150,1
1085169,1
1085172,1
1085176,1
1085180,2
1085185,1
1085190,1
1085199,1
1085209,1
1085214,1
1085225,1
1085229,1
1085239,1
1085243,1
1085247,1
1085269,1
1085271,1
1085277,1
1085283,1
1085287,1
1085294,1
1085297,1
1085307,1
1085316,1
1085321,1
1085324,1
1085341,1
1085355,1
1085358,1
1085360,1
1085363,1
1085371,2
1085377,1
1085383,1
1085387,1
1085390,1
1085397,1
1085404,2
1085416,1
1085420,1
1085426,1
1085439,2
1085443,2
1085445,1
1085454,1
1085463,1
1085467,1
1085472,1
1085481,1
1085498,1
1085511,1
1085518,1
1085522,2
1085527,1
1085534,1
1085537,1
1085539,1
1085543,1
1085550,1
1085555,1
1085558,1
1085564,1
1085573,1
1085576,1
1085582,1
1085585,1
1085590,1
1085595,1
1085599,2
1085602,2
1085623,1
1085625,1
1085628,1
1085639,1
1085656,1
1085661,1
1085666,1
1085671,2
1085675,2
1085680,1
1085690,1
1085714,1
1085717,1
1085723,1
1085728,1
1085731,1
1085733,1
1085746,1
1085760,1
1085763,1
1085770,2
1085778,1
1085790,1
1085794,2
1085798,1
1085803,1
1085805,1
1085819,1
1085825,1
1085827,1
1085829,1
1085843,1
1085850,2
1085857,1
1085859,1
1085864,1
1085867,1
1085880,1
1085883,2
1085887,1
1085893,1
1085895,1
1085904,1
1085908,1
1085912,1
1085916,1
1085919,2
1085923,1
1085926,1
1085934,1
1085937,2
1085943,1
1085948,1
1085951,1
1085957,1
1085961,2
1085973,1
1085980,1
1085990,1
1085995,1
1086000,1
1086005,2
1086017,1
1086028,1
1086033,2
1086039,1
1086044,2
1086047,1
1086049,1
1086051,1
1086068,1
1086072,2
1086077,1
1086079,1
1086081,1
1086085,1
1086091,1
1086093,1
1086095,1
1086115,1
1086142,1
1086153,1
1086162,1
1086169,2
1086174,1
1086184,1
1086187,1
1086195,1
1086198,1
1086219,1
1086229,1
1086236,2
1086240,1
1086242,1
1086245,1
1086248,2
1086256,1
1086262,1
1086275,1
1086286,1
1086292,1
1086297,1
1086300,1
1086305,1
1086307,1
1086323,1
1086326,2
1086329,1
1086331,1
1086333,1
1086339,1
1086345,1
1086348,1
1086351,2
1086358,1
1086361,1
1086364,1
1086368,2
1086371,1
1086379,1
1086381,1
1086385,2
1086397,1
1086404,1
1086406,1
1086412,2
1086419,1
1086427,1
1086432,1
1086445,2
1086453,1
1086456,1
1086465,1
1086467,1
1086469,1
1086473,1
1086481,1
1086484,2
1086486,1
1086488,1
1086498,1
1086502,3
1086506,1
1086511,1
1086513,1
1086515,1
1086517,1
1086524,1
1086526,1
1086538,2
1086542,1
1086559,1
1086571,1
1086578,1
1086587,1
1086595,2
1086597,1
1086606,1
1086608,1
1086610,1
1086614,1
1086618,1
1086624,1
1086629,1
1086636,1
1086645,1
1086651,1
1086654,1
1086659,1
1086663,1
1086679,2
1086685,1
1086690,1
1086700,1
1086706,1
1086710,1
1086723,1
1086725,1
1086728,1
1086731,1
1086742,1
1086747,1
1086758,1
1086776,1
1086780,2
1086788,2
1086798,2
1086800,1
1086805,1
1086808,1
1086811,1
1086815,2
1086835,1
1086839,1
1086850,1
1086852,1
1086856,1
1086859,1
1086870,2
1086877,1
1086879,1
1086881,1
1086888,1
1086895,1
1086907,1
1086922,1
1086925,1
1086930,1
1086933,2
1086946,1
1086948,1
1086965,1
1086975,1
1086978,1
1086984,1
1086991,1
1086998,1
1087007,1
1087014,1
1087020,1
1087031,1
1087037,2
1087039,1
1087044,2
1087053,1
1087055,1
1087061,1
1087066,1
1087071,1
1087076,1
1087091,1
1087095,1
1087100,1
1087106,1
1087115,1
1087120,1
1087130,2
1087148,1
1087155,1
1087164,2
1087169,1
1087174,1
1087179,1
1087181,1
1087187,2
1087189,1
1087192,1
1087201,1
1087208,1
1087211,1
1087216,1
1087222,1
1087227,1
1087240,2
1087246,1
1087250,1
1087253,1
1087258,2
1087260,1
1087263,1
1087266,1
1087271,2
1087285,1
1087290,1
1087293,1
1087301,1
1087311,1
1087319,1
1087327,1
1087329,1
1087345,2
1087351,1
1087374,1
1087380,1
1087383,1
1087399,2
1087407,2
1087420,2
1087424,1
1087427,1
1087433,1
1087442,1
1087453,1
1087457,1
1087463,1
1087473,1
1087481,1
1087501,1
1087505,1
1087513,1
1087516,2
1087520,1
1087522,1
1087529,1
1087532,1
1087552,2
1087557,1
1087561,1
1087564,1
1087573,1
1087583,1
1087595,1
1087604,1
1087612,1
1087617,1
1087625,1
1087627,1
1087633,1
1087642,2
1087664,1
1087670,1
1087673,2
1087676,1
1087682,1
1087689,1
1087693,1
1087695,1
1087705,1
1087707,1
1087710,1
1087730,1
1087742,1
1087744,1
1087746,1
1087753,1
1087759,1
1087762,1
1087773,1
1087791,1
1087794,1
1087798,1
1087800,1
1087807,2
1087816,1
1087822,1
1087833,1
1087838,1
1087842,1
1087845,1
1087854,1
1087861,1
1087869,1
1087877,1
1087881,1
1087889,2
1087897,1
1087899,1
1087905,1
1087912,1
1087917,1
1087925,1
1087932,1
1087939,1
1087947,1
1087952,2
1087954,1
1087986,2
1087990,2
1087992,1
1087995,2
1087997,1
1088009,1
1088013,1
1088017,1
1088025,2
1088030,1
1088044,1
1088051,2
1088062,2
1088066,1
1088068,1
1088074,1
1088078,1
1088085,2
1088088,1
1088090,1
1088092,1
1088103,1
1088110,2
1088112,1
1088123,1
1088125,1
1088130,2
1088137,1
1088143,1
1088150,1
1088157,1
1088161,1
1088165,1
1088174,1
1088177,1
1088183,1
1088199,1
1088201,1
1088203,1
1088207,1
1088210,2
1088215,1
1088220,1
1088222,1
1088224,1
1088230,1
1088234,1
1088239,1
1088242,1
1088252,2
1088278,2
1088285,1
1088288,1
1088295,1
1088297,1
1088302,2
1088307,1
1088309,1
1088314,2
1088316,1
1088318,1
1088326,1
1088331,1
1088334,1
1088353,1
1088359,4
1088362,1
1088382,1
1088388,2
1088398,1
1088415,1
1088417,1
1088424,1
1088430,2
1088435,1
1088444,1
1088446,1
1088448,1
1088452,1
1088456,1
1088459,1
1088464,1
1088467,1
1088471,1
1088476,1
1088489,1
1088494,1
1088498,1
1088500,1
1088502,1
1088505,1
1088511,1
1088516,2
1088521,1
1088531,1
1088542,2
1088544,1
1088547,2
1088562,1
1088569,1
1088578,1
1088586,1
1088591,1
1088593,1
1088595,1
1088598,1
1088600,1
1088604,2
1088618,1
1088622,1
1088630,1
1088632,1
1088635,1
1088642,1
1088644,1
1088651,2
1088665,1
1088675,1
1088678,2
1088691,2
1088703,1
1088708,2
1088715,1
1088718,1
1088720,1
1088733,1
1088742,1
1088749,1
1088751,1
1088758,1
1088762,1
1088767,1
1088770,1
1088773,1
1088777,1
1088781,1
1088788,1
1088794,1
1088799,1
1088803,1
1088806,1
1088815,1
1088820,1
1088825,2
1088831,1
1088836,2
1088838,1
1088850,1
1088852,1
1088858,1
1088860,1
1088864,2
1088871,2
1088879,1
1088886,1
1088892,2
1088909,1
1088913,1
1088918,1
1088923,1
1088958,1
1088961,1
1088964,1
1088966,1
1088971,1
1088973,1
1088979,1
1088991,1
1088996,1
1089014,2
1089021,1
1089026,1
1089035,1
1089039,1
1089043,1
1089051,2
1089061,1
1089072,2
1089081,1
1089092,1
1089095,1
1089103,3
1089107,1
1089110,1
1089115,1
1089118,1
1089122,1
1089127,1
1089131,2
1089138,1
1089143,1
1089146,1
1089155,1
1089157,1
1089172,2
1089178,1
1089186,2
1089188,1
1089190,1
1089208,1
1089210,1
1089213,1
1089218,1
1089248,1
1089250,1
1089262,1
1089266,1
1089278,1
1089286,1
1089293,1
1089307,1
1089309,1
1089312,1
1089318,1
1089321,1
1089325,1
1089331,1
1089338,1
1089343,1
1089346,1
1089351,1
1089361,2
1089373,1
1089383,1
1089404,1
1089407,1
1089411,1
1089419,1
1089421,1
1089425,1
1089429,1
1089431,1
1089435,1
1089438,1
1089450,1
1089452,1
1089455,1
1089460,1
1089462,1
1089471,1
1089479,1
1089485,1
1089487,1
1089493,1
1089496,1
1089503,2
1089514,1
1089526,1
1089532,1
1089537,1
1089552,1
1089567,1
1089571,2
1089594,1
1089600,1
1089610,1
1089615,1
1089617,1
1089619,1
1089621,1
1089642,1
1089656,1
1089661,1
1089673,1
1089676,1
1089680,1
1089683,1
1089689,1
1089692,1
1089694,1
1089705,1
1089708,2
1089713,1
1089716,1
1089724,1
1089728,1
1089734,1
1089740,1
1089743,1
1089753,2
1089756,1
1089770,1
1089776,1
1089781,1
1089791,1
1089795,2
1089799,2
1089804,1
1089822,1
1089824,1
1089827,1
1089832,1
1089838,2
1089849,1
1089866,1
1089868,1
1089871,2
1089874,1
1089878,1
1089885,1
1089888,1
1089897,2
1089900,1
1089909,2
1089911,1
1089913,1
1089920,1
1089933,1
1089936,1
1089939,1
1089942,1
1089948,1
1089954,2
1089958,1
1089976,1
1089990,1
1090004,1
1090014,1
1090040,1
1090048,1
1090056,1
1090061,1
1090078,1
1090080,1
1090084,1
1090089,1
1090092,1
1090096,1
1090100,1
1090108,1
1090116,1
1090120,2
1090129,1
1090134,1
1090136,1
1090138,1
1090141,1
1090155,2
1090158,1
1090161,1
1090166,1
1090175,2
1090183,2
1090190,2
1090197,1
1090212,2
1090216,1
1090222,1
1090226,2
1090232,1
1090235,1
1090247,1
1090253,3
1090260,1
1090268,1
1090274,1
1090283,1
1090295,1
1090303,1
1090310,1
1090332,2
1090347,1
1090354,2
1090357,1
1090360,1
1090363,1
1090369,2
1090373,1
1090379,1
1090385,1
1090388,2
1090391,1
1090398,1
1090400,1
1090417,1
1090420,2
1090423,1
1090425,1
1090437,1
1090473,1
1090484,1
1090492,1
1090504,2
1090506,1
1090509,1
1090514,1
1090521,1
1090524,1
1090529,1
1090539,1
1090542,1
1090548,1
1090551,1
1090555,1
1090560,1
1090578,1
1090582,1
1090588,1
1090594,1
1090606,1
1090614,1
1090622,2
1090628,1
1090632,1
1090635,1
1090641,1
1090646,1
1090650,1
1090666,1
1090674,2
1090684,1
1090707,1
1090710,1
1090716,1
1090730,1
1090739,1
1090748,1
1090754,1
1090762,2
1090765,1
1090769,1
1090771,1
1090775,2
1090777,1
1090787,3
1090814,1
1090822,2
1090838,1
1090840,1
1090846,2
1090852,1
1090859,1
1090862,2
1090867,1
1090873,1
1090876,1
1090879,1
1090882,1
1090885,2
1090893,2
1090897,1
1090909,1
1090914,1
1090917,1
1090925,1
1090930,1
1090938,1
1090961,1
1090974,1
1090986,1
1090989,1
1090995,1
1091004,1
1091009,1
1091013,2
1091028,1
1091037,1
1091047,1
1091051,1
1091057,2
1091062,1
1091078,1
1091086,2
1091088,1
1091091,1
1091094,1
1091103,1
1091105,1
1091112,2
1091116,1
1091122,1
1091129,1
1091132,1
1091140,1
1091148,1
1091150,1
1091160,1
1091162,1
1091168,1
1091174,3
1091182,1
1091184,1
1091186,1
1091191,1
1091196,1
1091206,1
1091215,1
1091217,1
1091227,1
1091230,1
1091241,1
1091248,2
1091252,1
1091263,1
1091272,1
1091284,1
1091286,1
1091296,1
1091309,1
1091314,1
1091317,1
1091331,1
1091337,1
1091344,2
1091372,1
1091378,1
1091392,1
1091398,1
1091406,1
1091412,1
1091414,1
1091417,1
1091420,2
1091431,1
1091434,1
1091444,1
1091449,1
1091465,1
1091480,2
1091488,1
1091493,1
1091495,1
1091500,1
1091511,1
1091524,1
1091529,1
1091534,2
1091537,1
1091540,1
1091548,3
1091551,2
1091557,2
1091561,1
1091566,1
1091575,1
1091581,1
1091587,2
1091600,1
1091605,1
1091607,1
1091609,1
1091613,1
1091616,1
1091622,2
1091632,1
1091644,2
1091650,1
1091652,1
1091656,1
1091666,1
1091671,1
1091675,1
1091678,2
1091682,1
1091701,1
1091704,1
1091711,1
1091714,1
1091724,1
1091726,1
1091728,1
1091733,1
1091739,1
1091746,1
1091753,1
1091755,1
1091762,1
1091768,1
1091770,1
1091777,1
1091785,2
1091791,1
1091804,1
1091808,1
1091811,1
1091816,1
1091820,1
1091832,2
1091839,1
1091842,1
1091844,1
1091852,2
1091859,1
1091862,2
1091871,2
1091882,1
1091890,1
1091904,1
1091913,1
1091920,2
1091927,2
1091931,1
1091938,1
1091947,1
1091953,2
1091963,1
1091970,1
1091976,1
1091981,1
1091983,1
1091987,1
1091992,1
1092004,1
1092007,1
1092011,1
1092013,1
1092022,1
1092026,2
1092032,1
1092050,1
1092052,1
1092054,1
1092073,1
1092076,2
1092081,1
1092083,1
1092086,1
1092092,1
1092095,1
1092102,2
1092112,1
1092115,1
1092127,1
1092129,1
1092135,1
1092139,1
1092143,2
1092147,1
1092150,1
1092154,1
1092160,1
1092167,2
1092175,1
1092185,1
1092201,1
1092221,1
1092234,1
1092246,1
1092258,2
1092268,2
1092284,1
1092287,2
1092304,1
1092311,1
1092317,1
1092321,1
1092325,1
1092328,1
1092338,1
1092340,1
1092342,1
1092349,1
1092355,4
1092361,1
1092369,1
1092376,1
1092378,1
1092384,1
1092386,1
1092391,2
1092393,1
1092402,1
1092418,1
1092450,2
1092455,2
1092458,1
1092468,1
1092473,1
1092475,1
1092485,1
1092491,1
1092499,1
1092508,1
1092514,1
1092518,1
1092521,1
1092523,1
1092531,1
1092548,1
1092550,1
1092555,1
1092567,1
1092573,1
1092580,1
1092585,1
1092597,1
1092600,1
1092607,1
1092613,2
1092617,2
1092637,2
1092641,1
1092643,1
1092646,1
1092648,1
1092652,1
1092658,1
1092665,1
1092672,1
1092679,1
1092682,1
1092684,1
1092687,1
1092693,1
1092701,1
1092705,1
1092710,1
1092717,1
1092733,2
1092740,1
1092743,1
1092745,1
1092748,1
1092751,1
1092756,2
1092760,1
1092763,1
1092769,1
1092771,1
1092773,1
1092775,1
1092777,1
1092790,1
1092795,1
1092802,1
1092807,1
1092809,1
1092816,1
1092819,1
1092832,2
1092837,1
1092839,1
1092854,1
1092858,1
1092863,1
1092866,1
1092875,1
1092879,1
1092893,1
1092898,1
1092905,2
1092924,1
1092928,1
1092938,1
1092941,1
1092951,1
1092954,1
1092962,1
1092964,1
1092966,1
1092978,1
1092995,1
1093000,1
1093003,1
1093009,1
1093017,1
1093029,2
1093032,2
1093034,1
1093043,2
1093050,1
1093056,1
1093061,2
1093063,1
1093072,1
1093075,1
1093080,1
1093087,1
1093097,1
1093106,1
1093108,1
1093114,1
1093134,1
1093137,1
1093142,2
1093153,2
1093161,1
1093175,1
1093180,1
1093182,1
1093188,2
1093192,1
1093195,1
1093199,1
1093203,2
1093214,2
1093219,1
1093223,1
1093233,1
1093240,1
1093286,1
1093291,1
1093296,1
1093310,1
1093317,1
1093322,2
1093331,2
1093342,1
1093348,1
1093361,1
1093366,1
1093372,1
1093377,2
1093380,1
1093383,1
1093385,1
1093387,1
1093398,1
1093400,1
1093408,1
1093412,1
1093418,1
1093426,1
1093431,1
1093441,1
1093444,1
1093447,1
1093449,1
1093454,2
1093458,1
1093462,1
1093476,1
1093481,1
1093484,1
1093490,1
1093496,1
1093506,1
1093513,1
1093519,1
1093533,1
1093543,1
1093545,1
1093548,1
1093550,1
1093553,2
1093558,1
1093560,1
1093566,1
1093575,1
1093577,1
1093579,1
1093582,1
1093585,1
1093597,1
1093610,1
1093621,2
1093638,1
1093641,2
1093647,1
1093664,1
1093678,1
1093688,1
1093699,1
1093704,2
1093722,1
1093734,1
1093741,1
1093756,1
1093758,1
1093765,2
1093780,1
1093784,1
1093786,1
1093796,1
1093800,1
1093805,2
1093813,1
1093819,1
1093822,1
1093852,2
1093860,1
1093863,1
1093870,2
1093878,2
1093880,1
1093882,1
1093887,2
1093890,1
1093896,2
1093900,2
1093912,1
1093920,1
1093939,1
1093943,2
1093950,1
1093955,1
1093960,1
1093967,1
1093978,1
1093982,2
1093984,1
1093987,2
1093993,1
1093995,1
1093999,1
1094016,2
1094019,1
1094043,1
1094052,1
1094055,1
1094058,1
1094066,1
1094070,1
1094087,1
1094089,1
1094103,1
1094106,1
1094117,1
1094124,1
1094127,1
1094129,1
1094133,1
1094138,1
1094142,2
1094144,1
1094150,1
1094155,1
1094176,1
1094183,1
1094186,1
1094189,1
1094201,1
1094206,1
1094213,1
1094223,1
1094237,2
1094245,1
1094251,2
1094262,1
1094271,1
1094293,1
1094300,1
1094305,2
1094311,1
1094318,2
1094320,1
1094333,1
1094339,1
1094344,1
1094347,1
1094353,2
1094356,1
1094359,1
1094365,1
1094367,1
1094370,1
1094375,2
1094380,2
1094383,1
1094387,1
1094393,1
1094400,1
1094402,1
1094409,1
1094417,1
1094420,1
1094423,1
1094431,1
1094434,1
1094440,1
1094446,1
1094451,1
1094456,1
1094462,1
1094475,1
1094480,1
1094494,1
1094506,1
1094532,1
1094544,1
1094546,1
1094551,1
1094556,1
1094567,1
1094573,2
1094583,1
1094589,1
1094592,1
1094594,1
1094603,1
1094615,2
1094624,1
1094628,1
1094632,1
1094634,1
1094637,1
1094641,1
1094648,1
1094654,1
1094661,1
1094663,1
1094667,1
1094673,1
1094678,1
1094684,1
1094688,1
1094692,2
1094696,1
1094711,1
1094713,1
1094718,2
1094733,1
1094736,1
1094738,1
1094748,1
1094752,2
1094758,1
1094764,1
1094768,1
1094773,1
1094783,2
1094788,1
1094796,1
1094803,1
1094814,2
1094817,1
1094819,1
1094828,1
1094832,1
1094843,1
1094850,1
1094858,1
1094862,1
1094867,1
1094876,2
1094882,1
1094888,1
1094896,2
1094901,1
1094912,1
1094919,1
1094921,1
1094928,2
1094935,1
1094937,1
1094953,1
1094962,1
1094970,2
1094976,1
1094980,1
1094989,1
1094994,1
1094997,1
1095005,1
1095016,1
1095023,1
1095030,1
1095034,1
1095043,1
1095048,1
1095052,1
1095060,1
1095066,1
1095069,1
1095084,1
1095088,1
1095098,1
1095100,1
1095104,1
1095109,1
1095111,1
1095118,1
1095136,2
1095146,1
1095148,1
1095169,1
1095182,1
1095188,2
1095193,2
1095195,1
1095202,2
1095209,1
1095217,1
1095222,1
1095230,1
1095235,1
1095245,1
1095248,1
1095254,1
1095256,1
1095260,2
1095270,1
1095273,2
1095277,1
1095283,1
1095287,1
1095289,1
1095293,1
1095303,2
1095313,1
1095331,1
1095338,1
1095365,1
1095370,1
1095384,1
1095400,2
1095402,1
1095412,1
1095414,1
1095417,1
1095420,1
1095422,1
1095427,1
1095435,1
1095442,1
1095447,2
1095464,1
1095466,1
1095471,1
1095476,1
1095478,1
1095489,1
1095492,1
1095495,1
1095499,1
1095506,1
1095511,2
1095513,1
1095517,1
1095520,1
1095533,1
1095541,2
1095545,2
1095547,1
1095549,1
1095568,1
1095572,1
1095578,1
1095588,1
1095593,1
1095607,1
1095614,1
1095619,1
1095623,2
1095649,1
1095651,1
1095656,1
1095662,1
1095665,1
1095676,1
1095681,1
1095686,1
1095689,2
1095698,2
1095702,1
1095706,1
1095720,1
1095722,1
1095736,1
1095741,1
1095746,1
1095750,1
1095765,1
1095768,2
1095780,1
1095782,1
1095785,2
1095790,1
1095796,1
1095799,1
1095801,1
1095803,1
1095815,1
1095819,1
1095824,1
1095826,1
1095828,1
1095837,1
1095843,1
1095850,2
1095852,1
1095855,2
1095857,1
1095859,1
1095862,1
1095864,1
1095871,1
1095875,1
1095881,1
1095886,1
1095898,1
1095905,1
1095915,1
1095928,1
1095935,1
1095938,1
1095944,1
1095947,2
1095955,1
1095975,1
1095992,1
1095996,1
1096010,1
1096018,1
1096021,1
1096025,1
1096033,2
1096061,2
1096064,1
1096068,1
1096071,1
1096078,1
1096082,1
1096090,1
1096093,1
1096096,1
1096100,1
1096120,1
1096132,1
1096135,1
1096142,1
1096145,1
1096157,1
1096160,2
1096163,1
1096181,2
1096185,1
1096188,1
1096191,1
1096197,1
1096199,1
1096219,1
1096225,1
1096227,1
1096237,1
1096246,1
1096256,1
1096262,1
1096268,1
1096270,1
1096276,1
1096287,1
1096296,1
1096300,2
1096308,1
1096313,1
1096320,1
1096330,1
1096333,1
1096356,2
1096361,1
1096367,1
1096378,1
1096382,1
1096388,1
1096392,1
1096396,1
1096400,2
1096402,1
1096404,1
1096411,1
1096423,1
1096426,1
1096430,1
1096439,2
1096441,1
1096450,1
1096452,1
1096456,1
1096465,1
1096467,1
1096480,2
1096482,1
1096492,1
1096499,1
1096507,1
1096512,2
1096517,1
1096524,1
1096528,2
1096537,2
1096544,2
1096555,1
1096562,1
1096564,1
1096568,2
1096577,1
1096579,1
1096591,1
1096594,1
1096597,1
1096605,1
1096608,1
1096623,1
1096631,1
1096646,1
1096650,1
1096657,1
1096662,1
1096667,1
1096669,1
1096672,1
1096674,1
1096682,2
1096691,1
1096695,1
1096698,1
1096712,1
1096716,2
1096719,1
1096722,2
1096725,1
1096738,2
1096751,1
1096759,1
1096761,1
1096767,1
1096772,2
1096800,2
1096802,1
1096804,1
1096808,1
1096821,1
1096827,1
1096841,2
1096847,1
1096856,1
1096864,1
1096893,1
1096901,3
1096905,1
1096909,1
1096913,1
1096922,1
1096924,1
1096928,1
1096935,1
1096940,1
1096943,1
1096951,1
1096956,1
1096966,2
1096969,1
1096975,2
1097000,1
1097012,1
1097014,1
1097023,1
1097027,2
1097032,1
1097045,2
1097049,1
1097056,1
1097066,1
1097072,1
1097074,1
1097083,1
1097086,1
1097088,1
1097096,1
1097100,1
1097105,1
1097111,1
1097120,1
1097124,2
1097131,1
1097135,1
1097154,1
1097166,1
1097182,2
1097188,1
1097194,1
1097214,1
1097217,1
1097226,1
1097233,1
1097236,1
1097252,1
1097258,1
1097279,2
1097284,1
1097286,1
1097299,1
1097304,3
1097307,2
1097320,1
1097323,1
1097327,2
1097332,1
1097340,1
1097344,1
1097356,1
1097361,1
1097363,1
1097367,1
1097381,1
1097387,1
1097391,1
1097400,1
1097404,1
1097415,1
1097431,2
1097435,1
1097459,1
1097464,1
1097466,1
1097474,1
1097484,1
1097488,1
1097493,1
1097517,1
1097528,1
1097532,2
1097538,1
1097549,2
1097551,1
1097554,1
1097557,2
1097564,1
1097567,1
1097569,1
1097579,1
1097587,1
1097594,1
1097597,1
1097602,1
1097606,2
1097609,1
1097617,1
1097623,1
1097625,1
1097629,2
1097638,1
1097643,1
1097656,1
1097679,1
1097692,1
1097698,1
1097712,1
1097722,1
1097730,1
1097739,2
1097744,2
1097748,1
1097761,1
1097766,1
1097771,1
1097780,1
1097786,1
1097793,1
1097801,1
1097812,1
1097816,1
1097820,1
1097846,1
1097848,1
1097869,1
1097873,1
1097882,1
1097901,1
1097907,1
1097936,1
1097944,1
1097946,1
1097952,1
1097958,1
1097960,1
1097962,1
1097969,1
1097977,1
1097980,1
1097985,2
1097993,1
1097998,1
1098015,1
1098017,1
1098021,1
1098024,1
1098035,2
1098043,1
1098046,1
1098051,1
1098054,1
1098077,1
1098079,1
1098087,1
1098092,1
1098095,2
1098100,1
1098104,2
1098121,1
1098125,1
1098138,1
1098143,1
1098149,2
1098153,2
1098157,1
1098161,1
1098163,1
1098166,1
1098174,2
1098182,1
1098185,1
1098192,1
1098203,1
1098218,1
1098224,1
1098233,1
1098236,1
1098238,1
1098241,1
1098247,1
1098255,1
1098271,1
1098277,2
1098280,1
1098283,1
1098295,1
1098300,1
1098303,1
1098306,1
1098308,1
1098310,1
1098325,1
1098332,1
1098341,1
1098354,1
1098362,1
1098368,1
1098371,1
1098391,1
1098397,1
1098400,1
1098405,1
1098409,1
1098416,1
1098418,1
1098423,1
1098434,1
1098441,1
1098464,1
1098471,1
1098477,1
1098480,1
1098505,1
1098512,1
1098518,1
1098528,2
1098530,1
1098538,1
1098540,1
1098583,1
1098587,1
1098595,1
1098602,1
1098606,1
1098612,1
1098621,1
1098623,1
1098625,1
1098629,1
1098632,1
1098642,1
1098645,1
1098658,2
1098661,1
1098663,1
1098670,1
1098673,1
1098681,1
1098716,1
1098720,1
1098729,1
1098733,1
1098739,1
1098743,1
1098750,1
1098760,1
1098763,1
1098770,2
1098785,1
1098799,1
1098806,1
1098818,1
1098828,2
1098831,1
1098837,1
1098860,1
1098866,1
1098875,2
1098879,1
1098894,1
1098901,1
1098907,2
1098911,1
1098923,1
1098927,1
1098932,2
1098935,1
1098948,1
1098961,2
1098966,1
1098968,1
1098970,1
1098973,2
1098980,1
1098988,1
1098995,1
1099001,1
1099004,1
1099009,1
1099018,2
1099020,1
1099023,1
1099042,4
1099050,1
1099055,1
1099073,1
1099078,2
1099085,1
1099095,1
1099102,2
1099122,1
1099128,1
1099137,1
1099146,2
1099152,1
1099164,1
1099170,1
1099188,1
1099203,1
1099211,1
1099219,1
1099223,2
1099230,1
1099239,1
1099244,1
1099250,1
1099256,1
1099269,1
1099278,1
1099288,2
1099299,1
1099301,1
1099303,1
1099309,1
1099319,1
1099321,1
1099326,1
1099332,1
1099348,1
1099352,1
1099356,1
1099362,2
1099364,1
1099372,1
1099376,1
1099380,1
1099387,1
1099400,1
1099402,1
1099404,1
1099410,1
1099414,1
1099422,2
1099434,1
1099445,1
1099448,1
1099455,1
1099471,1
1099483,1
1099486,1
1099488,1
1099498,1
1099523,1
1099527,1
1099533,1
1099540,2
1099546,2
1099559,1
1099566,1
1099570,1
1099573,1
1099586,1
1099591,1
1099600,2
1099602,1
1099605,1
1099615,2
1099617,1
1099621,2
1099630,1
1099634,1
1099639,1
1099653,1
1099657,1
1099665,1
1099680,2
1099682,1
1099685,1
1099687,1
1099689,1
1099695,2
1099702,1
1099709,2
1099716,1
1099719,1
1099726,2
1099729,1
1099734,2
1099737,1
1099739,1
1099741,1
1099748,1
1099764,1
1099767,1
1099769,1
1099775,1
1099785,1
1099802,1
1099808,1
1099820,1
1099830,1
1099833,1
1099836,2
1099850,1
1099852,1
1099864,1
1099874,1
1099877,1
1099887,1
1099897,1
1099899,1
1099907,1
1099913,1
1099915,1
1099923,1
1099927,1
1099931,1
1099938,1
1099942,1
1099945,1
1099948,1
1099957,2
1099960,1
1099963,2
1099967,1
1099984,1
1099986,1
1099998,1
1200009,1
1200013,1
1200017,2
1200032,1
1200039,1
1200041,1
1200046,1
1200048,1
1200050,1
1200057,1
1200063,1
1200067,1
1200072,1
1200081,1
1200086,1
1200088,1
1200090,1
1200095,1
1200102,1
1200105,1
1200117,1
1200136,1
1200139,1
1200147,1
1200154,2
1200160,1
1200165,1
1200167,1
1200170,1
1200173,1
1200182,1
1200198,1
1200201,1
1200207,1
1200213,1
1200216,1
1200227,1
1200240,1
1200242,1
1200247,1
1200255,2
1200257,1
1200260,2
1200262,1
1200268,1
1200284,1
1200294,1
1200306,1
1200317,1
1200319,1
1200324,1
1200335,1
1200337,1
1200341,1
1200346,1
1200349,1
1200359,1
1200362,1
1200367,2
1200370,2
1200391,1
1200400,1
1200406,1
1200412,1
1200418,1
1200421,1
1200425,2
1200431,1
1200433,1
1200442,2
1200445,1
1200451,1
1200454,1
1200461,2
1200474,1
1200477,1
1200480,1
1200483,1
1200493,1
1200501,1
1200509,1
1200523,1
1200529,1
1200535,1
1200542,1
1200544,1
1200551,1
1200559,2
1200561,1
1200564,2
1200577,1
1200583,2
1200601,1
1200610,1
1200612,1
1200614,1
1200616,1
1200620,1
1200622,1
1200632,2
1200634,1
1200636,1
1200639,2
1200642,1
1200644,1
1200653,1
1200665,1
1200671,1
1200675,1
1200682,1
1200692,1
1200698,1
1200702,1
1200706,1
1200714,1
1200718,1
1200723,1
1200725,1
1200730,1
1200733,2
1200748,1
1200752,1
1200758,1
1200779,1
1200782,1
1200793,1
1200805,1
1200807,1
1200811,2
1200824,1
1200840,1
1200863,1
1200865,1
1200871,1
1200891,1
1200893,1
1200898,1
1200904,1
1200913,1
1200923,1
1200932,1
1200934,1
1200939,1
1200946,1
1200950,1
1200952,1
1200957,1
1200960,1
1200963,2
1200971,1
1200975,2
1200997,1
1201001,1
1201007,1
1201010,1
1201017,1
1201019,1
1201036,1
1201045,1
1201049,1
1201052,1
1201063,1
1201074,1
1201077,2
1201081,1
1201086,1
1201093,2
1201098,1
1201100,1
1201105,1
1201107,1
1201110,1
1201113,1
1201115,1
1201118,1
1201125,1
1201140,1
1201142,1
1201146,1
1201151,1
1201158,1
1201160,1
1201169,2
1201173,1
1201177,1
1201182,1
1201189,1
1201199,1
1201205,1
1201214,1
1201225,1
1201231,2
1201235,1
1201241,3
1201244,2
1201259,1
1201273,1
1201278,1
1201282,1
1201288,1
1201301,2
1201303,1
1201307,2
1201310,1
1201324,2
1201332,1
1201337,1
1201341,1
1201346,1
1201350,1
1201353,1
1201359,1
1201362,1
1201368,1
1201371,1
1201382,2
1201387,1
1201389,1
1201398,1
1201401,1
1201414,1
1201420,1
1201425,2
1201428,1
1201436,1
1201443,1
1201447,1
1201449,1
1201456,1
1201460,1
1201463,1
1201467,1
1201469,1
1201474,2
1201483,1
1201485,1
1201487,1
1201490,1
1201494,1
1201516,1
1201518,1
1201524,2
1201529,1
1201542,1
1201547,1
1201557,1
1201573,4
1201579,1
1201588,1
1201593,1
1201595,1
1201608,2
1201613,1
1201618,1
1201645,1
1201656,1
1201665,1
1201677,1
1201683,1
1201685,1
1201687,1
1201693,1
1201697,1
1201699,1
1201717,1
1201721,1
1201723,1
1201725,1
1201733,1
1201742,1
1201749,1
1201751,1
1201753,1
1201755,1
1201757,1
1201765,1
1201772,1
1201776,1
1201792,1
1201794,1
1201805,1
1201808,1
1201813,1
1201816,2
1201821,1
1201825,1
1201827,1
1201831,1
1201835,1
1201848,1
1201853,1
1201855,1
1201861,1
1201873,1
1201880,1
1201884,1
1201898,1
1201905,1
1201908,1
1201910,1
1201922,1
1201925,1
1201928,1
1201932,1
1201939,1
1201942,1
1201947,1
1201954,1
1201965,1
1201968,2
1201972,2
1201976,1
1201987,1
1202003,1
1202005,1
1202014,1
1202020,1
1202024,2
1202026,1
1202028,1
1202039,2
1202045,3
1202052,1
1202058,1
1202068,1
1202077,1
1202094,1
1202098,1
1202104,1
1202109,1
1202111,1
1202113,1
1202115,1
1202122,1
1202134,1
1202137,1
1202139,1
1202147,2
1202149,1
1202160,1
1202162,1
1202164,1
1202167,1
1202170,1
1202174,1
1202182,1
1202202,1
1202218,2
1202229,2
1202234,1
1202240,1
1202246,1
1202252,1
1202256,1
1202269,1
1202275,1
1202286,1
1202292,1
1202297,1
1202300,1
1202321,1
1202327,1
1202335,1
1202352,2
1202360,1
1202365,1
1202370,1
1202374,1
1202376,1
1202378,1
1202382,1
1202392,1
1202397,1
1202401,1
1202407,1
1202410,1
1202412,1
1202418,1
1202427,1
1202432,1
1202456,1
1202467,1
1202491,1
1202494,1
1202497,1
1202502,1
1202508,1
1202510,1
1202512,1
1202516,2
1202528,1
1202533,2
1202537,2
1202539,1
1202544,1
1202549,1
1202556,1
1202559,1
1202571,1
1202582,1
1202591,1
1202595,2
1202604,1
1202609,1
1202616,1
1202620,1
1202632,1
1202636,1
1202644,1
1202651,1
1202657,1
1202660,1
1202671,2
1202674,1
1202678,2
1202683,2
1202687,1
1202692,1
1202696,1
1202703,1
1202729,2
1202732,2
1202750,1
1202760,1
1202765,1
1202769,1
1202779,1
1202781,1
1202785,1
1202796,1
1202801,2
1202816,1
1202818,1
1202826,1
1202841,1
1202844,1
1202847,1
1202852,1
1202881,1
1202885,1
1202889,1
1202893,1
1202900,1
1202902,1
1202916,1
1202923,1
1202930,1
1202935,2
1202938,1
1202942,1
1202946,1
1202956,1
1202969,1
1202971,1
1202973,1
1202985,1
1202988,2
1203001,1
1203008,2
1203011,1
1203019,1
1203025,1
1203036,1
1203041,1
1203062,2
1203070,1
1203074,1
1203078,1
1203091,1
1203096,1
1203100,1
1203121,1
1203138,1
1203141,1
1203146,1
1203148,1
1203154,1
1203158,1
1203161,1
1203168,1
1203181,1
1203190,1
1203204,1
1203213,1
1203216,1
1203220,1
1203222,1
1203228,2
1203249,2
1203258,1
1203273,1
1203280,1
1203288,1
1203293,1
1203313,1
1203322,1
1203325,1
1203329,1
1203336,1
1203338,1
1203345,1
1203348,1
1203351,1
1203356,1
1203362,1
1203381,1
1203386,1
1203391,1
1203398,2
1203404,1
1203415,1
1203421,2
1203429,2
1203434,1
1203437,1
1203448,2
1203458,1
1203487,1
1203490,1
1203496,1
1203503,1
1203510,2
1203512,1
1203520,1
1203528,1
1203538,2
1203546,1
1203548,1
1203550,1
1203553,1
1203557,1
1203559,1
1203566,1
1203578,2
1203581,2
1203598,1
1203604,1
1203630,1
1203649,1
1203656,2
1203665,1
1203673,1
1203676,1
1203682,1
1203688,2
1203692,1
1203697,2
1203703,1
1203706,1
1203708,1
1203717,1
1203727,1
1203733,1
1203735,1
1203743,1
1203747,1
1203750,1
1203752,1
1203754,1
1203762,1
1203771,1
1203774,1
1203776,1
1203779,1
1203783,1
1203788,2
1203800,2
1203805,1
1203810,1
1203812,1
1203819,1
1203827,1
1203834,1
1203838,1
1203846,1
1203851,1
1203854,1
1203860,2
1203864,1
1203874,1
1203886,2
1203888,1
1203891,2
1203896,1
1203901,1
1203910,1
1203914,1
1203917,1
1203925,1
1203937,2
1203949,1
1203958,1
1203964,1
1203971,1
1203973,1
1203976,2
1203983,1
1203989,1
1204005,1
1204009,1
1204012,1
1204020,1
1204025,1
1204029,2
1204035,2
1204041,1
1204050,2
1204063,1
1204072,1
1204085,1
1204087,1
1204089,1
1204099,1
1204105,1
1204114,1
1204123,1
1204143,1
1204146,1
1204154,1
1204158,1
1204169,2
1204180,2
1204190,1
1204193,1
1204207,1
1204211,1
1204217,1
1204224,2
1204229,1
1204239,1
1204246,1
1204254,1
1204256,1
1204258,1
1204261,2
1204271,1
1204273,1
1204275,1
1204277,1
1204280,1
1204288,1
1204290,1
1204296,1
1204303,1
1204313,2
1204318,1
1204326,1
1204333,1
1204341,1
1204354,1
1204358,1
1204362,1
1204364,1
1204374,1
1204382,1
1204384,1
1204389,1
1204392,2
1204396,2
1204403,1
1204409,1
1204428,1
1204430,1
1204433,1
1204440,1
1204442,1
1204446,1
1204455,1
1204460,1
1204465,2
1204484,1
1204487,1
1204492,1
1204495,1
1204497,1
1204501,1
1204503,1
1204506,1
1204509,2
1204531,1
1204536,1
1204542,1
1204546,1
1204548,1
1204554,1
1204556,1
1204566,1
1204573,1
1204575,1
1204584,1
1204587,1
1204594,1
1204597,1
1204618,1
1204622,2
1204625,1
1204628,1
1204631,1
1204640,1
1204660,1
1204669,2
1204672,1
1204676,2
1204696,1
1204707,1
1204715,2
1204717,1
1204721,1
1204723,1
1204726,1
1204729,1
1204733,1
1204735,1
1204739,2
1204743,1
1204750,2
1204755,1
1204765,1
1204772,1
1204778,1
1204786,1
1204792,1
1204795,1
1204812,1
1204817,1
1204821,1
1204826,1
1204830,1
1204835,1
1204840,1
1204847,1
1204851,1
1204853,1
1204858,1
1204863,1
1204866,1
1204869,1
1204872,2
1204880,1
1204887,1
1204889,1
1204896,2
1204900,1
1204903,1
1204914,2
1204932,2
1204934,1
1204943,1
1204945,1
1204947,1
1204951,2
1204960,2
1204965,1
1204975,1
1204981,1
1204988,1
1204990,1
1205000,1
1205004,1
1205008,1
1205019,1
1205021,1
1205027,1
1205029,1
1205034,2
1205047,1
1205063,1
1205070,2
1205078,1
1205080,1
1205112,1
1205126,1
1205137,1
1205141,1
1205147,1
1205153,1
1205158,1
1205160,1
1205190,1
1205196,1
1205201,1
1205208,1
1205229,2
1205245,1
1205248,1
1205254,2
1205261,1
1205268,2
1205280,1
1205288,1
1205293,1
1205305,1
1205307,1
1205331,1
1205333,1
1205338,1
1205347,1
1205353,2
1205358,1
1205363,1
1205366,1
1205381,1
1205390,2
1205401,2
1205404,2
1205410,1
1205425,1
1205428,1
1205437,1
1205441,1
1205445,1
1205450,1
1205455,2
1205458,1
1205461,1
1205468,2
1205475,1
1205483,1
1205485,1
1205495,1
1205502,2
1205505,2
1205517,1
1205522,1
1205524,1
1205526,1
1205534,1
1205539,1
1205541,1
1205548,2
1205550,1
1205553,2
1205558,1
1205563,1
1205569,1
1205571,1
1205584,1
1205592,2
1205598,1
1205600,1
1205604,1
1205611,2
1205614,1
1205619,1
1205625,1
1205632,1
1205650,1
1205665,1
1205669,1
1205674,1
1205678,1
1205684,1
1205694,1
1205704,1
1205707,1
1205715,1
1205721,1
1205731,1
1205742,1
1205745,1
1205761,1
1205763,1
1205769,1
1205791,1
1205799,1
1205807,1
1205814,2
1205828,1
1205834,1
1205840,1
1205845,2
1205847,1
1205852,2
1205855,1
1205863,1
1205868,1
1205873,2
1205876,1
1205883,2
1205885,1
1205888,1
1205891,2
1205896,1
1205899,1
1205902,1
1205910,1
1205912,1
1205914,1
1205922,1
1205946,1
1205950,1
1205954,1
1205960,1
1205965,1
1205981,1
1205985,1
1205995,1
1206004,1
1206009,1
1206017,1
1206020,1
1206024,2
1206026,1
1206032,1
1206040,1
1206044,2
1206048,1
1206059,1
1206067,1
1206077,1
1206083,1
1206105,1
1206107,1
1206109,1
1206126,1
1206131,1
1206133,1
1206138,1
1206146,1
1206178,1
1206184,1
1206196,1
1206206,2
1206213,1
1206215,1
1206218,1
1206221,1
1206226,1
1206230,1
1206246,1
1206251,1
1206268,1
1206273,1
1206297,1
1206312,2
1206314,1
1206322,2
1206325,1
1206332,1
1206342,1
1206349,1
1206353,1
1206359,1
1206362,1
1206364,1
1206377,1
1206387,2
1206392,1
1206399,3
1206405,1
1206434,1
1206441,1
1206455,1
1206458,1
1206476,1
1206479,1
1206496,1
1206499,2
1206505,2
1206508,1
1206511,1
1206524,1
1206536,1
1206544,1
1206554,1
1206558,1
1206560,1
1206572,2
1206576,1
1206578,1
1206589,1
1206591,1
1206593,1
1206595,1
1206606,2
1206611,1
1206625,1
1206630,1
1206641,1
1206650,1
1206652,1
1206657,1
1206686,1
1206693,1
1206696,2
1206698,1
1206707,1
1206709,1
1206712,1
1206716,1
1206724,1
1206727,1
1206729,1
1206731,1
1206736,1
1206741,1
1206744,1
1206749,1
1206755,1
1206768,1
1206773,2
1206775,1
1206779,1
1206799,1
1206806,2
1206808,1
1206814,1
1206816,1
1206828,1
1206834,1
1206839,1
1206841,1
1206844,1
1206853,2
1206855,1
1206859,1
1206866,2
1206880,1
1206884,1
1206887,1
1206895,1
1206897,1
1206900,1
1206916,1
1206919,1
1206926,4
1206931,1
1206946,1
1206964,1
1206993,1
1206995,1
1207002,1
1207008,1
1207012,1
1207015,1
1207020,1
1207024,2
1207027,1
1207036,1
1207045,1
1207059,1
1207066,1
1207071,1
1207075,2
1207077,1
1207100,1
1207106,1
1207117,1
1207123,1
1207128,1
1207132,1
1207137,1
1207139,1
1207146,1
1207148,1
1207157,1
1207166,1
1207173,1
1207178,1
1207183,1
1207185,1
1207189,2
1207208,1
1207212,1
1207216,2
1207218,1
1207221,1
1207227,2
1207232,1
1207236,1
1207265,1
1207275,1
1207280,1
1207282,1
1207284,1
1207289,1
1207300,1
1207313,1
1207330,1
1207332,1
1207336,1
1207339,1
1207352,1
1207355,1
1207358,1
1207389,1
1207396,1
1207403,1
1207413,1
1207423,2
1207426,1
1207430,1
1207447,1
1207455,1
1207458,1
1207468,1
1207486,2
1207490,1
1207496,1
1207501,1
1207504,1
1207506,1
1207525,1
1207537,1
1207550,2
1207555,1
1207574,2
1207576,1
1207580,2
1207582,1
1207592,1
1207595,1
1207603,2
1207619,1
1207627,1
1207630,1
1207636,1
1207642,1
1207647,1
1207652,1
1207658,1
1207663,1
1207665,1
1207668,1
1207670,1
1207673,1
1207676,1
1207683,1
1207690,1
1207694,1
1207696,1
1207699,2
1207702,1
1207710,1
1207713,1
1207715,1
1207719,1
1207728,1
1207730,1
1207735,1
1207739,1
1207741,1
1207750,1
1207760,1
1207764,2
1207771,1
1207778,1
1207781,1
1207783,1
1207791,1
1207796,1
1207799,1
1207803,2
1207805,1
1207817,1
1207825,1
1207836,1
1207847,1
1207849,1
1207855,1
1207859,1
1207864,1
1207866,1
1207870,1
1207882,1
1207886,1
1207892,1
1207897,2
1207904,1
1207906,1
1207913,2
1207917,2
1207924,2
1207926,1
1207929,1
1207939,1
1207946,1
1207954,2
1207957,2
1207964,1
1207974,2
1207977,1
1207981,1
1207985,1
1207990,1
1207994,1
1207998,1
1208001,2
1208008,1
1208014,1
1208019,1
1208021,1
1208033,1
1208038,1
1208042,1
1208045,1
1208049,1
1208054,1
1208058,1
1208061,1
1208064,2
1208076,1
1208080,1
1208088,1
1208095,1
1208100,2
1208108,1
1208121,2
1208141,1
1208149,1
1208153,1
1208169,1
1208176,1
1208181,2
1208185,1
1208190,3
1208192,1
1208203,1
1208212,1
1208217,1
1208231,1
1208240,1
1208244,1
1208246,1
1208252,1
1208268,3
1208271,1
1208283,1
1208301,1
1208309,1
1208311,1
1208315,1
1208322,1
1208324,1
1208327,2
1208337,1
1208340,1
1208345,1
1208366,1
1208377,2
1208380,2
1208383,2
1208410,1
1208413,1
1208416,1
1208423,1
1208425,1
1208428,1
1208436,1
1208440,2
1208453,1
1208466,1
1208473,1
1208479,1
1208481,1
1208484,1
1208493,1
1208497,1
1208505,1
1208512,1
1208514,1
1208518,1
1208525,1
1208540,3
1208545,1
1208550,1
1208555,2
1208559,1
1208562,1
1208564,1
1208566,1
1208571,1
1208581,1
1208589,1
1208601,1
1208603,1
1208612,2
1208617,1
1208621,1
1208632,1
1208641,2
1208649,1
1208658,2
1208663,1
1208666,1
1208673,1
1208677,1
1208682,2
1208689,1
1208691,1
1208699,1
1208703,1
1208706,1
1208725,2
1208732,1
1208736,1
1208738,1
1208745,2
1208755,1
1208764,1
1208768,1
1208783,1
1208791,1
1208799,1
1208802,1
1208815,2
1208829,1
1208836,1
1208852,1
1208870,1
1208876,1
1208884,1
1208886,1
1208892,1
1208894,1
1208904,2
1208918,1
1208926,1
1208928,1
1208930,1
1208936,1
1208938,1
1208943,1
1208946,2
1208955,1
1208959,1
1208966,1
1208969,2
1208999,1
1209009,3
1209016,1
1209024,1
1209028,1
1209035,1
1209044,1
1209056,2
1209059,2
1209063,2
1209072,2
1209080,1
1209084,1
1209087,1
1209093,1
1209095,1
1209101,1
1209105,1
1209108,1
1209112,1
1209119,1
1209139,2
1209142,1
1209151,1
1209155,1
1209175,1
1209178,1
1209183,1
1209185,1
1209187,1
1209190,1
1209194,1
1209198,2
1209204,1
1209213,1
1209221,1
1209237,1
1209244,1
1209247,1
1209255,2
1209259,1
1209269,1
1209271,1
1209296,1
1209308,1
1209317,1
1209322,1
1209349,1
1209353,1
1209357,2
1209359,1
1209367,1
1209371,2
1209386,1
1209390,1
1209399,1
1209404,1
1209410,1
1209418,1
1209424,1
1209441,1
1209458,1
1209461,1
1209467,1
1209474,1
1209484,2
1209495,1
1209498,1
1209509,1
1209516,1
1209518,1
1209522,1
1209525,1
1209529,1
1209532,1
1209534,1
1209544,1
1209547,1
1209550,1
1209558,1
1209568,2
1209574,1
1209576,1
1209579,1
1209588,1
1209597,1
1209599,1
1209605,1
1209607,1
1209638,1
1209642,2
1209651,1
1209655,1
1209664,1
1209670,1
1209682,1
1209686,1
1209705,1
1209717,2
1209721,1
1209728,1
1209737,1
1209745,1
1209751,2
1209754,1
1209758,1
1209762,1
1209771,2
1209782,2
1209785,1
1209789,1
1209793,1
1209796,2
1209804,1
1209808,1
1209815,1
1209821,1
1209829,1
1209831,1
1209839,1
1209841,1
1209850,1
1209860,1
1209863,1
1209876,1
1209879,1
1209885,1
1209889,1
1209892,1
1209896,2
1209905,1
1209918,1
1209931,1
1209935,1
1209943,1
1209949,1
1209956,1
1209966,1
1209971,1
1209976,1
1209981,1
1210001,1
1210020,1
1210025,1
1210034,1
1210042,1
1210049,2
1210051,1
1210053,1
1210061,1
1210063,1
1210065,1
1210075,1
1210083,1
1210085,1
1210091,2
1210099,1
1210106,1
1210110,1
1210117,1
1210120,1
1210122,1
1210134,2
1210153,1
1210160,1
1210164,1
1210167,1
1210170,1
1210181,1
1210188,1
1210191,1
1210194,1
1210205,1
1210207,1
1210212,2
1210215,1
1210222,1
1210237,1
1210241,1
1210252,1
1210254,1
1210257,1
1210259,1
1210263,1
1210267,1
1210269,1
1210272,1
1210282,2
1210293,1
1210296,2
1210302,1
1210309,2
1210311,1
1210315,2
1210335,1
1210339,1
1210345,2
1210349,1
1210353,1
1210356,1
1210359,1
1210363,1
1210368,1
1210373,2
1210379,1
1210388,1
1210396,1
1210399,1
1210404,1
1210406,1
1210409,1
1210414,1
1210416,1
1210422,2
1210431,1
1210434,1
1210436,1
1210439,2
1210441,1
1210446,1
1210453,1
1210457,1
1210462,1
1210466,1
1210475,2
1210479,1
1210485,1
1210489,1
1210493,1
1210515,1
1210524,1
1210541,1
1210543,1
1210553,1
1210559,1
1210563,2
1210568,1
1210570,1
1210572,1
1210581,1
1210583,1
1210587,2
1210604,2
1210617,1
1210621,1
1210637,1
1210639,1
1210644,2
1210660,2
1210664,2
1210672,1
1210675,2
1210679,1
1210686,2
1210689,1
1210698,1
1210705,1
1210708,1
1210710,1
1210713,1
1210716,2
1210718,1
1210727,1
1210734,1
1210743,1
1210748,1
1210766,1
1210784,1
1210792,1
1210794,1
1210797,1
1210808,1
1210817,1
1210824,1
1210834,1
1210854,1
1210857,2
1210867,1
1210869,1
1210874,2
1210880,2
1210896,1
1210905,1
1210913,1
1210919,1
1210939,1
1210943,2
1210946,1
1210951,2
1210953,1
1210959,1
1210961,1
1210963,1
1210971,1
1210977,1
1210979,1
1210982,1
1210994,1
1210997,1
1211001,1
1211005,2
1211007,1
1211021,1
1211027,1
1211035,1
1211050,2
1211054,1
1211065,1
1211067,1
1211082,1
1211086,1
1211099,2
1211104,1
1211107,1
1211131,1
1211137,1
1211149,1
1211155,1
1211161,1
1211166,1
1211169,1
1211171,1
1211173,1
1211188,1
1211197,1
1211199,1
1211205,2
1211209,1
1211211,1
1211216,1
1211218,1
1211228,1
1211232,1
1211238,1
1211244,1
1211246,1
1211267,1
1211274,1
1211277,1
1211279,1
1211281,1
1211303,1
1211315,1
1211321,1
1211327,1
1211356,1
1211361,1
1211368,4
1211383,1
1211393,1
1211404,1
1211413,2
1211416,1
1211419,1
1211423,1
1211425,1
1211428,1
1211433,1
1211439,1
1211444,1
1211453,1
1211455,1
1211464,1
1211469,1
1211478,1
1211485,1
1211491,1
1211502,1
1211525,1
1211527,1
1211530,1
1211534,1
1211537,2
1211540,1
1211542,1
1211544,1
1211548,1
1211550,1
1211553,1
1211562,1
1211564,1
1211573,1
1211583,1
1211585,1
1211591,2
1211599,1
1211605,2
1211612,1
1211615,1
1211630,1
1211633,1
1211635,1
1211639,1
1211655,1
1211666,1
1211673,1
1211682,1
1211686,1
1211690,1
1211703,1
1211707,1
1211711,1
1211714,1
1211717,1
1211719,1
1211727,1
1211729,1
1211733,1
1211738,1
1211741,2
1211744,1
1211755,1
1211772,1
1211776,1
1211780,1
1211785,1
1211791,1
1211796,1
1211799,1
1211803,2
1211814,1
1211816,1
1211818,1
1211829,3
1211831,1
1211833,1
1211845,1
1211848,1
1211854,2
1211862,1
1211868,1
1211870,1
1211875,2
1211880,1
1211882,1
1211894,1
1211899,1
1211907,1
1211913,1
1211915,1
1211918,1
1211921,1
1211936,1
1211940,1
1211950,1
1211959,1
1211966,1
1211969,1
1211972,1
1211974,1
1211977,1
1211983,1
1211990,1
1211995,1
1212005,1
1212007,1
1212011,2
1212015,1
1212027,1
1212033,2
1212043,1
1212047,1
1212056,1
1212074,2
1212081,1
1212087,1
1212093,1
1212096,1
1212102,1
1212108,1
1212116,1
1212119,1
1212124,1
1212130,2
1212137,1
1212145,1
1212147,1
1212153,1
1212160,1
1212164,1
1212176,1
1212185,1
1212188,1
1212194,2
1212205,1
1212211,1
1212215,1
1212223,1
1212251,1
1212254,1
1212264,1
1212271,1
1212277,1
1212281,1
1212299,1
1212304,1
1212310,1
1212313,1
1212316,1
1212318,1
1212321,1
1212323,1
1212332,1
1212338,1
1212342,1
1212352,1
1212358,1
1212368,2
1212370,1
1212378,1
1212380,1
1212389,1
1212410,1
1212415,1
1212422,1
1212425,1
1212427,1
1212432,1
1212434,1
1212441,2
1212446,1
1212451,1
1212462,1
1212467,1
1212471,1
1212479,1
1212487,1
1212492,1
1212494,1
1212503,1
1212507,1
1212510,1
1212517,1
1212528,1
1212536,1
1212542,1
1212550,3
1212552,1
1212554,1
1212557,1
1212565,1
1212567,1
1212577,1
1212580,1
1212584,2
1212586,1
1212588,1
1212594,2
1212596,1
1212599,1
1212606,1
1212630,2
1212634,1
1212638,1
1212640,1
1212644,1
1212648,1
1212653,1
1212657,1
1212662,1
1212665,2
1212674,1
1212687,1
1212691,1
1212701,1
1212704,1
1212708,1
1212710,1
1212716,1
1212718,1
1212720,1
1212731,2
1212740,1
1212742,1
1212747,2
1212750,1
1212752,1
1212755,1
1212762,1
1212772,1
1212775,2
1212781,1
1212800,1
1212812,1
1212816,1
1212823,1
1212826,1
1212843,1
1212847,1
1212850,1
1212860,1
1212864,1
1212866,1
1212868,1
1212884,1
1212890,1
1212900,1
1212909,1
1212913,1
1212916,1
1212921,2
1212923,1
1212947,1
1212958,1
1212961,1
1212963,1
1212968,1
1212972,1
1212977,1
1212983,1
1212993,1
1212995,1
1213002,2
1213012,1
1213015,1
1213020,1
1213023,1
1213034,1
1213044,1
1213058,1
1213076,1
1213086,1
1213090,1
1213093,1
1213100,1
1213108,1
1213115,2
1213120,1
1213131,1
1213135,1
1213138,1
1213145,1
1213152,1
1213155,1
1213160,2
1213168,1
1213171,1
1213211,2
1213219,1
1213233,1
1213257,1
1213265,1
1213278,1
1213286,1
1213306,1
1213310,1
1213321,1
1213330,1
1213336,2
1213338,1
1213344,1
1213355,1
1213359,1
1213366,2
1213374,1
1213376,1
1213385,2
1213395,1
1213403,1
1213413,1
1213416,1
1213433,1
1213435,1
1213437,1
1213441,1
1213443,1
1213446,1
1213448,1
1213450,1
1213458,1
1213461,1
1213464,1
1213476,1
1213478,1
1213481,1
1213504,1
1213513,1
1213524,1
1213527,1
1213546,2
1213551,1
1213557,1
1213563,2
1213565,1
1213567,1
1213572,1
1213592,2
1213596,1
1213598,1
1213600,1
1213604,1
1213611,1
1213616,2
1213622,1
1213627,1
1213632,1
1213636,1
1213642,1
1213644,1
1213653,1
1213660,1
1213664,1
1213670,1
1213679,1
1213687,1
1213692,1
1213696,1
1213701,1
1213709,1
1213717,1
1213725,1
1213729,1
1213736,2
1213738,1
1213741,1
1213752,1
1213754,1
1213763,1
1213766,1
1213798,2
1213800,1
1213802,1
1213812,1
1213815,1
1213818,1
1213827,1
1213829,1
1213831,1
1213834,1
1213842,1
1213847,1
1213851,2
1213853,1
1213859,1
1213862,1
1213874,1
1213879,2
1213883,1
1213891,1
1213894,2
1213897,1
1213903,1
1213915,1
1213929,1
1213937,1
1213939,1
1213946,1
1213948,1
1213954,1
1213956,1
1213963,1
1213971,2
1213982,2
1213985,1
1214003,1
1214008,1
1214019,1
1214024,1
1214031,1
1214039,1
1214045,1
1214048,2
1214059,1
1214068,1
1214075,1
1214081,2
1214092,1
1214094,1
1214098,1
1214106,2
1214108,1
1214110,1
1214117,1
1214128,1
1214135,1
1214144,1
1214150,1
1214152,1
1214166,2
1214173,1
1214177,2
1214181,1
1214184,2
1214188,1
1214190,1
1214192,1
1214198,1
1214203,1
1214211,1
1214214,1
1214225,1
1214240,1
1214242,1
1214246,1
1214248,1
1214250,1
1214252,1
1214254,1
1214257,1
1214264,1
1214270,1
1214278,1
1214285,1
1214303,1
1214306,1
1214318,1
1214325,1
1214327,1
1214332,1
1214336,1
1214355,1
1214363,1
1214366,1
1214376,1
1214382,1
1214390,1
1214394,1
1214401,1
1214406,1
1214412,1
1214420,1
1214431,1
1214440,2
1214442,1
1214445,1
1214453,1
1214461,2
1214465,1
1214468,1
1214475,1
1214487,2
1214494,1
1214499,1
1214512,1
1214529,1
1214549,1
1214554,2
1214558,1
1214566,1
1214577,1
1214587,1
1214625,1
1214645,1
1214650,1
1214653,1
1214658,1
1214663,1
1214671,1
1214686,1
1214701,2
1214704,1
1214709,2
1214725,2
1214729,1
1214731,1
1214737,1
1214741,1
1214743,1
1214745,1
1214748,2
1214756,1
1214762,2
1214775,2
1214778,2
1214785,1
1214789,1
1214801,1
1214803,1
1214806,1
1214808,1
1214811,1
1214815,1
1214817,1
1214831,1
1214833,1
1214851,1
1214853,1
1214868,1
1214877,1
1214879,1
1214881,1
1214888,1
1214896,2
1214904,2
1214907,1
1214910,1
1214921,1
1214938,2
1214941,1
1214949,2
1214966,1
1214970,2
1215006,1
1215016,1
1215028,1
1215035,1
1215037,1
1215039,1
1215046,1
1215049,1
1215052,1
1215055,1
1215059,3
1215063,2
1215068,2
1215070,1
1215083,1
1215086,1
1215089,1
1215095,1
1215097,1
1215102,1
1215106,1
1215111,2
1215128,1
1215131,1
1215140,1
1215144,1
1215159,1
1215166,1
1215172,2
1215178,2
1215180,1
1215189,1
1215195,1
1215200,1
1215211,1
1215225,1
1215232,1
1215242,1
1215251,2
1215260,2
1215266,1
1215268,1
1215275,2
1215280,1
1215288,1
1215297,2
1215324,1
1215328,1
1215332,1
1215336,1
1215338,1
1215344,1
1215347,1
1215358,1
1215364,3
1215375,1
1215387,1
1215396,1
1215404,1
1215409,1
1215421,1
1215429,1
1215434,1
1215442,1
1215444,1
1215449,1
1215459,1
1215468,1
1215470,1
1215476,2
1215484,1
1215493,1
1215499,1
1215501,1
1215504,1
1215510,1
1215523,2
1215536,1
1215541,2
1215547,1
1215550,1
1215554,2
1215561,2
1215565,1
1215567,1
1215577,2
1215580,1
1215582,1
1215587,1
1215594,1
1215598,1
1215602,1
1215610,1
1215616,2
1215618,1
1215623,1
1215628,1
1215659,1
1215663,1
1215670,1
1215683,1
1215697,1
1215701,1
1215711,1
1215719,1
1215727,1
1215733,1
1215739,2
1215741,1
1215743,1
1215759,1
1215771,1
1215779,1
1215782,2
1215786,2
1215788,1
1215791,1
1215800,1
1215819,1
1215826,1
1215831,1
1215843,1
1215845,1
1215850,1
1215855,1
1215858,1
1215861,1
1215865,1
1215867,1
1215869,1
1215876,1
1215884,1
1215893,1
1215895,1
1215903,1
1215924,2
1215933,1
1215941,2
1215955,1
1215968,1
1215976,1
1215983,2
1215987,1
1216010,1
1216012,1
1216019,1
1216041,1
1216043,1
1216047,1
1216053,1
1216062,2
1216081,2
1216084,1
1216086,1
1216111,2
1216124,1
1216131,2
1216145,1
1216147,1
1216153,2
1216159,2
1216170,1
1216181,1
1216190,1
1216192,1
1216197,2
1216207,1
1216211,2
1216214,1
1216217,1
1216232,1
1216241,1
1216252,1
1216256,2
1216261,1
1216267,3
1216276,2
1216281,1
1216283,1
1216291,1
1216298,1
1216303,1
1216307,1
1216316,1
1216324,2
1216334,2
1216345,1
1216349,1
1216362,1
1216392,1
1216397,2
1216414,2
1216417,1
1216422,1
1216426,1
1216432,2
1216436,1
1216447,2
1216455,1
1216458,1
1216464,1
1216467,1
1216469,1
1216498,1
1216501,1
1216519,1
1216522,1
1216525,1
1216533,1
1216540,2
1216543,2
1216546,1
1216549,2
1216552,1
1216574,2
1216586,1
1216594,1
1216600,1
1216604,1
1216608,1
1216636,1
1216639,1
1216645,1
1216659,1
1216661,1
1216665,2
1216677,1
1216679,1
1216681,1
1216701,1
1216707,1
1216719,1
1216733,2
1216742,1
1216754,1
1216764,1
1216771,1
1216779,1
1216783,1
1216793,2
1216798,1
1216804,1
1216807,1
1216810,1
1216813,1
1216826,1
1216833,1
1216839,1
1216857,1
1216867,2
1216869,1
1216877,1
1216885,1
1216897,2
1216899,1
1216901,1
1216909,1
1216911,1
1216922,1
1216930,1
1216934,1
1216944,1
1216946,1
1216949,2
1216960,1
1216962,1
1216979,2
1216988,1
1216998,2
1217001,1
1217005,1
1217009,1
1217026,1
1217032,1
1217041,1
1217049,1
1217055,1
1217084,1
1217087,1
1217095,1
1217103,1
1217107,1
1217111,1
1217113,1
1217119,1
1217129,2
1217143,1
1217149,1
1217152,1
1217155,1
1217160,1
1217172,1
1217177,1
1217187,1
1217205,1
1217207,1
1217232,1
1217243,1
1217245,1
1217247,1
1217260,1
1217269,1
1217280,1
1217286,1
1217301,1
1217307,2
1217327,1
1217352,1
1217355,1
1217361,2
1217377,1
1217380,1
1217382,1
1217392,1
1217397,2
1217406,1
1217415,1
1217419,1
1217431,1
1217445,1
1217452,1
1217462,1
1217471,1
1217474,1
1217484,1
1217489,1
1217502,1
1217504,1
1217507,1
1217517,1
1217519,1
1217534,1
1217536,1
1217539,2
1217542,1
1217545,1
1217548,1
1217552,1
1217563,1
1217574,1
1217578,1
1217583,1
1217591,1
1217593,1
1217602,2
1217609,1
1217612,1
1217616,1
1217623,1
1217629,1
1217638,1
1217653,2
1217658,1
1217662,2
1217666,1
1217681,1
1217683,1
1217685,1
1217693,1
1217700,1
1217704,1
1217714,1
1217733,1
1217736,1
1217744,1
1217751,1
1217756,1
1217758,1
1217763,2
1217773,1
1217775,1
1217780,1
1217785,1
1217799,1
1217812,2
1217814,1
1217817,1
1217819,1
1217832,1
1217849,2
1217851,1
1217853,1
1217859,2
1217868,1
1217875,1
1217886,1
1217900,1
1217902,1
1217911,2
1217917,1
1217922,1
1217924,1
1217930,1
1217944,1
1217949,1
1217954,1
1217956,1
1217964,1
1217968,1
1217983,1
1217987,1
1217996,1
1218001,1
1218004,1
1218013,1
1218020,1
1218024,2
1218036,1
1218042,1
1218047,2
1218052,1
1218060,1
1218065,1
1218075,2
1218078,1
1218083,1
1218091,1
1218102,1
1218106,1
1218108,1
1218121,1
1218125,1
1218130,1
1218138,1
1218161,2
1218174,1
1218177,1
1218181,2
1218183,1
1218186,1
1218189,1
1218194,1
1218197,1
1218215,1
1218218,1
1218222,1
1218231,1
1218235,1
1218255,1
1218259,1
1218261,1
1218267,1
1218269,1
1218276,1
1218281,1
1218284,1
1218289,1
1218293,1
1218298,1
1218308,1
1218313,1
1218321,1
1218332,1
1218339,1
1218346,2
1218348,1
1218351,1
1218358,1
1218403,1
1218406,1
1218414,1
1218419,2
1218426,1
1218431,1
1218436,1
1218438,1
1218440,1
1218445,1
1218453,1
1218459,1
1218466,1
1218471,1
1218477,2
1218481,1
1218484,1
1218487,1
1218492,1
1218496,1
1218504,2
1218512,2
1218516,1
1218524,2
1218529,1
1218536,1
1218539,1
1218555,1
1218557,1
1218565,1
1218570,1
1218573,1
1218588,1
1218591,1
1218594,1
1218607,1
1218615,1
1218618,2
1218620,1
1218628,1
1218633,1
1218636,1
1218638,1
1218643,1
1218645,1
1218649,1
1218673,1
1218677,1
1218682,1
1218684,1
1218688,1
1218695,1
1218704,1
1218709,1
1218716,1
1218723,1
1218726,1
1218733,1
1218735,1
1218740,1
1218747,1
1218749,1
1218752,1
1218756,1
1218758,1
1218770,1
1218780,1
1218783,2
1218787,1
1218810,1
1218841,1
1218846,1
1218851,1
1218860,1
1218862,1
1218865,1
1218871,1
1218879,1
1218881,1
1218885,2
1218893,1
1218920,2
1218936,2
1218959,1
1218966,1
1218974,1
1219007,1
1219018,2
1219038,1
1219042,2
1219046,1
1219049,1
1219071,2
1219075,1
1219078,1
1219083,1
1219088,2
1219092,1
1219094,1
1219098,1
1219103,1
1219114,1
1219122,1
1219124,1
1219138,1
1219143,1
1219150,1
1219157,1
1219175,1
1219186,1
1219195,1
1219197,1
1219205,1
1219207,1
1219211,1
1219214,1
1219217,1
1219230,1
1219234,1
1219238,2
1219240,1
1219243,1
1219245,1
1219254,1
1219257,1
1219261,1
1219271,2
1219273,1
1219279,1
1219291,1
1219295,2
1219297,1
1219310,2
1219312,1
1219316,1
1219333,1
1219336,1
1219338,1
1219343,1
1219345,1
1219350,1
1219362,1
1219364,1
1219370,2
1219376,1
1219378,1
1219380,1
1219385,1
1219398,2
1219400,1
1219404,1
1219412,2
1219417,1
1219423,1
1219429,1
1219433,2
1219436,1
1219442,1
1219448,3
1219452,1
1219462,1
1219469,1
1219482,2
1219491,1
1219493,1
1219498,2
1219502,1
1219509,1
1219512,1
1219519,1
1219522,1
1219526,1
1219532,1
1219540,1
1219544,1
1219555,1
1219557,1
1219564,2
1219583,1
1219588,1
1219592,1
1219595,1
1219613,2
1219616,1
1219637,1
1219645,1
1219648,1
1219650,1
1219661,2
1219663,1
1219674,1
1219680,1
1219683,1
1219688,1
1219694,1
1219701,1
1219711,1
1219715,1
1219728,1
1219734,1
1219738,1
1219745,1
1219749,1
1219759,1
1219773,1
1219778,1
1219787,1
1219793,1
1219799,1
1219816,2
1219823,1
1219841,1
1219843,1
1219854,2
1219859,2
1219863,1
1219871,1
1219878,1
1219882,1
1219889,2
1219891,1
1219893,1
1219900,1
1219907,1
1219909,1
1219914,2
1219921,1
1219937,1
1219943,1
1219949,1
1219952,1
1219959,1
1219966,1
1219971,1
1219976,1
1219985,1
1220000,1
1220002,1
1220007,1
1220010,1
1220026,1
1220032,1
1220040,1
1220048,1
1220054,1
1220057,1
1220084,1
1220088,1
1220094,1
1220099,1
1220104,1
1220113,1
1220123,1
1220130,1
1220132,1
1220135,1
1220137,1
1220144,1
1220156,1
1220163,1
1220190,1
1220213,1
1220218,1
1220221,1
1220224,1
1220227,1
1220234,2
1220247,1
1220253,1
1220266,1
1220268,1
1220273,1
1220282,1
1220295,2
1220298,1
1220301,1
1220304,1
1220307,2
1220311,1
1220326,1
1220329,2
1220334,1
1220348,1
1220350,1
1220354,1
1220361,2
1220373,1
1220407,1
1220414,1
1220422,1
1220428,1
1220430,1
1220434,1
1220436,1
1220439,1
1220442,1
1220448,1
1220462,1
1220470,2
1220485,2
1220492,1
1220514,1
1220543,2
1220547,1
1220561,2
1220568,1
1220574,1
1220582,1
1220590,1
1220601,1
1220613,1
1220617,1
1220621,1
1220627,1
1220638,2
1220642,1
1220655,1
1220658,1
1220666,1
1220673,1
1220676,1
1220695,1
1220698,1
1220706,1
1220710,1
1220712,1
1220715,1
1220718,1
1220734,1
1220738,1
1220742,1
1220751,1
1220779,1
1220784,1
1220794,1
1220801,1
1220812,1
1220820,1
1220828,1
1220832,1
1220838,1
1220841,1
1220849,1
1220854,1
1220861,1
1220864,1
1220869,1
1220871,1
1220882,1
1220885,1
1220888,1
1220890,1
1220902,2
1220907,1
1220909,1
1220911,1
1220923,1
1220929,1
1220935,1
1220949,1
1220961,1
1220967,1
1220970,1
1220976,1
1220984,1
1221009,1
1221019,1
1221027,1
1221045,2
1221050,1
1221060,1
1221071,1
1221077,1
1221088,2
1221093,2
1221104,2
1221107,1
1221120,1
1221126,1
1221132,1
1221139,1
1221141,1
1221144,1
1221163,1
1221169,2
1221171,1
1221177,1
1221184,2
1221189,1
1221192,1
1221199,2
1221202,1
1221206,2
1221218,1
1221222,1
1221228,1
1221234,1
1221244,1
1221246,1
1221249,1
1221253,1
1221258,1
1221260,1
1221266,1
1221271,1
1221273,1
1221284,1
1221288,1
1221292,1
1221295,1
1221304,1
1221306,1
1221322,1
1221335,1
1221341,1
1221344,1
1221362,1
1221366,1
1221369,2
1221378,1
1221386,1
1221396,1
1221399,2
1221404,1
1221409,1
1221415,1
1221418,1
1221421,1
1221426,1
1221434,2
1221436,1
1221443,2
1221451,1
1221455,1
1221460,1
1221468,1
1221471,1
1221476,1
1221489,1
1221491,1
1221495,1
1221501,1
1221519,2
1221521,1
1221526,1
1221533,2
1221537,1
1221540,1
1221549,1
1221556,1
1221562,1
1221581,1
1221590,1
1221600,1
1221628,1
1221634,1
1221638,1
1221643,2
1221645,1
1221654,1
1221660,1
1221669,1
1221677,2
1221682,2
1221685,1
1221687,1
1221693,1
1221704,1
1221706,1
1221708,1
1221721,1
1221728,1
1221730,1
1221736,1
1221743,1
1221759,1
1221763,1
1221776,1
1221778,1
1221782,2
1221787,1
1221802,1
1221805,1
1221814,1
1221818,1
1221827,1
1221830,1
1221833,2
1221841,3
1221846,1
1221857,1
1221860,1
1221862,1
1221866,1
1221880,1
1221888,1
1221906,1
1221913,1
1221919,1
1221922,1
1221924,1
1221929,1
1221934,2
1221947,1
1221953,1
1221957,1
1221960,1
1221965,1
1221967,1
1221970,1
1221980,1
1221987,1
1221989,1
1221996,1
1222000,1
1222003,1
1222006,2
1222011,1
1222014,2
1222016,1
1222024,2
1222026,1
1222036,1
1222042,1
1222046,1
1222050,1
1222055,1
1222057,1
1222062,1
1222072,2
1222081,2
1222086,1
1222092,1
1222111,1
1222114,1
1222121,1
1222128,3
1222145,1
1222147,1
1222150,1
1222153,1
1222156,1
1222158,1
1222166,1
1222173,2
1222179,1
1222184,1
1222186,1
1222189,1
1222192,2
1222201,1
1222207,1
1222210,1
1222212,1
1222215,1
1222223,1
1222225,1
1222232,1
1222244,1
1222246,1
1222252,1
1222258,1
1222271,1
1222276,1
1222286,1
1222291,1
1222296,1
1222300,1
1222303,1
1222307,2
1222311,1
1222316,1
1222324,2
1222328,2
1222331,1
1222360,1
1222362,1
1222369,1
1222373,1
1222384,1
1222389,1
1222391,1
1222394,1
1222397,1
1222399,1
1222401,1
1222413,1
1222425,1
1222431,2
1222447,1
1222466,2
1222471,1
1222476,1
1222483,1
1222487,1
1222494,1
1222496,1
1222503,2
1222507,1
1222524,1
1222535,1
1222547,1
1222551,1
1222554,1
1222569,1
1222578,1
1222584,2
1222586,1
1222593,2
1222606,1
1222631,1
1222633,1
1222645,1
1222649,1
1222657,1
1222671,1
1222674,2
1222677,2
1222687,1
1222691,1
1222698,2
1222702,1
1222709,1
1222719,1
1222721,1
1222735,2
1222739,1
1222757,1
1222771,1
1222798,1
1222802,1
1222820,1
1222839,1
1222846,1
1222856,1
1222860,1
1222864,1
1222871,1
1222873,1
1222879,1
1222884,1
1222887,1
1222894,2
1222897,1
1222904,1
1222907,1
1222910,1
1222912,1
1222916,1
1222920,1
1222924,1
1222929,1
1222935,1
1222940,1
1222948,1
1222951,2
1222959,1
1222967,1
1222970,2
1222974,1
1222980,1
1222985,1
1222988,1
1222992,1
1222996,1
1223008,1
1223016,1
1223019,1
1223022,1
1223037,1
1223053,1
1223078,1
1223084,1
1223092,1
1223103,1
1223105,1
1223111,1
1223113,1
1223126,1
1223131,1
1223141,1
1223146,1
1223158,1
1223163,1
1223167,1
1223169,1
1223183,2
1223203,2
1223205,1
1223210,1
1223216,1
1223224,2
1223227,2
1223233,1
1223235,1
1223250,1
1223260,1
1223269,1
1223271,1
1223276,1
1223279,2
1223285,1
1223291,1
1223303,2
1223317,1
1223330,3
1223336,1
1223350,1
1223358,1
1223360,1
1223362,1
1223364,1
1223369,1
1223374,2
1223394,1
1223396,1
1223403,1
1223409,1
1223418,1
1223426,1
1223437,2
1223439,1
1223454,1
1223457,1
1223459,1
1223463,1
1223473,1
1223475,1
1223478,1
1223481,1
1223488,1
1223490,1
1223492,1
1223496,1
1223499,1
1223501,1
1223503,1
1223510,1
1223513,1
1223515,1
1223518,1
1223524,1
1223530,1
1223538,1
1223546,2
1223555,1
1223559,1
1223562,2
1223565,1
1223569,1
1223571,1
1223574,1
1223576,1
1223583,1
1223588,1
1223593,2
1223596,1
1223600,1
1223602,1
1223608,1
1223613,1
1223617,1
1223622,1
1223633,1
1223635,1
1223640,1
1223645,1
1223654,1
1223661,1
1223668,1
1223670,1
1223690,1
1223698,1
1223708,1
1223711,1
1223718,1
1223722,1
1223733,1
1223747,1
1223749,1
1223751,1
1223753,1
1223770,2
1223776,1
1223782,1
1223787,2
1223789,1
1223801,1
1223808,3
1223813,1
1223833,1
1223842,2
1223851,1
1223857,1
1223859,1
1223866,1
1223870,1
1223875,1
1223878,1
1223880,1
1223882,1
1223887,1
1223898,1
1223902,1
1223917,1
1223932,1
1223935,2
1223953,2
1223972,1
1223974,1
1223979,1
1223981,1
1223987,2
1223993,1
1224002,1
1224006,1
1224013,2
1224028,1
1224032,1
1224035,2
1224040,2
1224047,1
1224061,1
1224068,2
1224072,2
1224084,1
1224087,1
1224089,1
1224094,1
1224103,1
1224106,2
1224112,1
1224116,1
1224139,1
1224144,1
1224146,1
1224149,2
1224154,2
1224159,1
1224175,2
1224182,1
1224196,1
1224214,1
1224221,1
1224232,2
1224235,1
1224237,1
1224263,1
1224267,2
1224274,1
1224277,1
1224279,1
1224284,1
1224290,1
1224295,1
1224319,1
1224341,1
1224348,1
1224350,1
1224352,1
1224355,1
1224366,1
1224373,1
1224388,1
1224390,1
1224392,1
1224398,1
1224400,1
1224402,1
1224407,1
1224413,1
1224428,2
1224430,1
1224441,1
1224448,1
1224456,1
1224461,1
1224463,1
1224469,1
1224475,1
1224478,2
1224483,2
1224490,1
1224492,1
1224501,1
1224505,1
1224508,2
1224514,1
1224516,1
1224521,1
1224530,1
1224542,1
1224555,1
1224568,1
1224574,2
1224579,1
1224582,2
1224586,2
1224590,1
1224594,1
1224600,1
1224602,1
1224609,1
1224613,1
1224621,1
1224632,1
1224635,1
1224638,1
1224643,1
1224646,2
1224651,1
1224659,2
1224663,1
1224689,1
1224697,1
1224700,1
1224706,1
1224713,1
1224715,1
1224719,2
1224723,2
1224727,1
1224741,1
1224756,2
1224763,1
1224766,1
1224774,1
1224776,1
1224787,1
1224794,1
1224810,1
1224815,2
1224819,1
1224828,1
1224846,1
1224860,1
1224865,1
1224873,1
1224881,1
1224892,1
1224902,1
1224911,1
1224915,1
1224918,2
1224921,1
1224923,1
1224930,2
1224935,2
1224937,1
1224940,2
1224943,1
1224945,1
1224953,1
1224958,1
1224961,1
1224964,1
1224966,1
1224982,1
1224986,2
1224993,1
1224995,1
1225003,1
1225009,1
1225013,1
1225034,1
1225037,1
1225066,1
1225071,1
1225074,1
1225077,2
1225082,1
1225089,1
1225094,2
1225103,1
1225118,1
1225120,1
1225122,1
1225124,1
1225126,1
1225139,1
1225144,1
1225155,1
1225159,1
1225162,1
1225171,2
1225174,2
1225183,1
1225189,1
1225196,1
1225204,1
1225211,1
1225226,1
1225231,1
1225247,2
1225253,1
1225261,1
1225269,1
1225281,1
1225286,1
1225297,2
1225302,1
1225306,1
1225338,1
1225347,2
1225354,1
1225363,1
1225365,1
1225370,1
1225378,1
1225381,1
1225384,1
1225388,1
1225393,1
1225397,1
1225402,1
1225407,1
1225412,2
1225428,1
1225431,1
1225436,1
1225443,1
1225452,1
1225455,1
1225460,1
1225465,1
1225470,1
1225479,1
1225484,1
1225487,1
1225494,1
1225509,1
1225516,1
1225518,1
1225525,1
1225528,1
1225533,1
1225539,1
1225544,1
1225551,1
1225556,1
1225569,1
1225574,1
1225583,1
1225589,1
1225592,1
1225597,1
1225603,1
1225609,1
1225618,1
1225622,1
1225632,2
1225644,1
1225646,1
1225660,1
1225665,1
1225690,1
1225698,1
1225700,1
1225703,1
1225705,1
1225722,2
1225734,1
1225736,1
1225739,1
1225750,1
1225753,1
1225757,1
1225760,1
1225762,1
1225766,1
1225770,1
1225780,1
1225789,1
1225803,1
1225805,1
1225815,1
1225828,1
1225831,1
1225841,1
1225848,1
1225855,1
1225860,3
1225862,1
1225866,2
1225872,2
1225876,1
1225880,1
1225885,1
1225889,1
1225894,1
1225902,1
1225911,1
1225916,1
1225930,1
1225938,1
1225954,1
1225960,1
1225963,1
1225969,1
1225980,1
1225983,1
1225990,1
1225993,1
1226002,1
1226004,1
1226011,2
1226016,1
1226029,1
1226039,1
1226055,2
1226058,1
1226061,1
1226074,2
1226088,2
1226090,1
1226096,1
1226104,2
1226110,1
1226117,1
1226120,1
1226123,1
1226134,1
1226136,1
1226139,1
1226144,1
1226146,1
1226154,1
1226156,1
1226158,1
1226171,2
1226176,1
1226182,1
1226190,1
1226192,1
1226205,2
1226209,1
1226215,1
1226217,1
1226219,1
1226222,1
1226225,1
1226229,1
1226236,1
1226268,1
1226276,1
1226278,1
1226286,1
1226294,1
1226298,2
1226302,2
1226312,1
1226314,1
1226322,1
1226325,2
1226334,1
1226336,1
1226340,2
1226346,1
1226365,1
1226368,1
1226380,1
1226383,1
1226387,1
1226389,1
1226401,1
1226417,1
1226423,1
1226426,1
1226443,2
1226449,1
1226460,1
1226463,1
1226471,1
1226477,1
1226485,2
1226490,2
1226495,1
1226505,1
1226508,1
1226511,1
1226515,1
1226517,1
1226522,1
1226527,1
1226541,2
1226545,2
1226554,1
1226557,1
1226569,1
1226578,1
1226588,1
1226592,2
1226612,2
1226627,1
1226633,2
1226635,1
1226637,1
1226653,1
1226676,2
1226694,2
1226711,1
1226713,1
1226717,1
1226722,1
1226727,1
1226734,2
1226740,2
1226742,1
1226747,1
1226753,2
1226757,1
1226762,2
1226769,1
1226774,2
1226777,1
1226780,1
1226793,1
1226803,1
1226806,1
1226810,1
1226812,1
1226821,1
1226832,2
1226837,1
1226842,2
1226844,1
1226849,1
1226857,1
1226863,1
1226872,1
1226874,1
1226879,2
1226883,1
1226885,1
1226888,1
1226891,1
1226893,1
1226896,1
1226900,1
1226902,1
1226905,1
1226910,1
1226913,1
1226918,1
1226933,1
1226935,1
1226939,2
1226947,1
1226949,1
1226951,1
1226967,1
1226969,1
1226971,1
1226978,1
1226980,1
1226982,1
1226996,1
1227001,1
1227006,1
1227020,1
1227041,2
1227051,1
1227057,1
1227061,1
1227072,1
1227074,1
1227079,1
1227087,1
1227091,1
1227099,1
1227103,2
1227105,1
1227111,1
1227113,1
1227115,1
1227120,1
1227122,1
1227124,1
1227126,1
1227136,1
1227140,2
1227150,1
1227153,1
1227159,2
1227166,1
1227169,1
1227173,2
1227180,1
1227183,1
1227189,1
1227192,1
1227198,1
1227206,1
1227220,1
1227235,1
1227241,1
1227244,1
1227246,1
1227254,1
1227262,1
1227264,1
1227268,1
1227279,1
1227284,1
1227287,1
1227296,2
1227302,1
1227305,2
1227314,1
1227324,1
1227326,1
1227340,2
1227343,1
1227348,1
1227359,1
1227364,1
1227375,1
1227392,1
1227397,1
1227404,1
1227409,1
1227414,1
1227420,1
1227422,1
1227444,1
1227448,1
1227455,1
1227463,1
1227471,1
1227476,1
1227484,1
1227488,1
1227490,1
1227492,1
1227495,1
1227506,1
1227512,1
1227516,1
1227521,1
1227538,1
1227543,1
1227546,1
1227548,1
1227550,1
1227554,1
1227556,1
1227564,1
1227580,1
1227583,1
1227585,1
1227591,1
1227604,1
1227610,1
1227617,1
1227620,2
1227622,1
1227632,1
1227641,1
1227644,1
1227647,1
1227652,1
1227655,1
1227671,1
1227674,1
1227691,1
1227693,1
1227699,1
1227702,1
1227715,1
1227723,1
1227728,2
1227731,2
1227735,2
1227741,1
1227746,1
1227750,1
1227763,1
1227777,1
1227784,1
1227795,1
1227799,2
1227806,1
1227809,1
1227813,1
1227818,1
1227829,1
1227838,2
1227846,1
1227854,2
1227857,1
1227860,1
1227870,1
1227886,1
1227889,1
1227894,1
1227899,1
1227907,1
1227910,2
1227915,1
1227917,1
1227922,1
1227926,1
1227928,1
1227941,1
1227945,2
1227947,1
1227949,1
1227956,1
1227959,1
1227969,1
1227982,1
1227987,1
1227989,1
1228000,1
1228003,1
1228005,1
1228032,1
1228035,1
1228039,1
1228049,1
1228057,1
1228061,2
1228068,1
1228081,1
1228083,1
1228086,1
1228088,1
1228107,1
1228115,2
1228118,1
1228127,1
1228133,1
1228142,1
1228146,1
1228152,1
1228156,1
1228160,1
1228171,2
1228177,2
1228186,1
1228189,2
1228191,1
1228201,1
1228206,1
1228209,1
1228221,1
1228226,1
1228233,2
1228256,2
1228260,1
1228273,2
1228277,1
1228279,1
1228283,1
1228295,1
1228297,1
1228304,1
1228316,1
1228332,1
1228343,1
1228348,1
1228355,1
1228361,1
1228364,1
1228370,1
1228381,1
1228383,1
1228386,1
1228400,1
1228405,3
1228408,1
1228410,1
1228421,1
1228429,1
1228438,1
1228442,1
1228455,1
1228460,1
1228465,1
1228467,1
1228472,1
1228475,1
1228485,1
1228491,1
1228504,1
1228506,1
1228523,1
1228528,1
1228544,1
1228551,2
1228553,1
1228561,1
1228565,1
1228576,1
1228579,1
1228583,1
1228587,1
1228593,1
1228597,2
1228603,1
1228616,1
1228624,1
1228626,1
1228642,3
1228658,1
1228668,1
1228676,1
1228682,1
1228686,1
1228690,1
1228714,2
1228719,1
1228728,1
1228733,1
1228740,1
1228753,1
1228760,1
1228764,1
1228766,1
1228771,1
1228774,1
1228777,1
1228781,2
1228785,1
1228795,1
1228811,2
1228822,2
1228825,1
1228827,1
1228831,1
1228834,1
1228842,1
1228847,1
1228855,1
1228865,1
1228869,1
1228874,1
1228876,1
1228883,1
1228887,1
1228898,1
1228904,1
1228914,1
1228931,1
1228935,1
1228951,1
1228954,2
1228956,1
1228960,1
1228964,2
1228969,1
1228994,1
1228999,1
1229001,1
1229003,1
1229005,1
1229008,1
1229014,1
1229017,2
1229036,1
1229040,1
1229047,1
1229049,1
1229052,1
1229057,2
1229060,1
1229068,1
1229083,1
1229092,1
1229101,1
1229105,1
1229115,1
1229120,1
1229123,1
1229127,1
1229139,1
1229142,1
1229146,1
1229162,1
1229172,1
1229176,1
1229188,1
1229194,2
1229201,1
1229205,1
1229209,1
1229213,1
1229217,1
1229219,1
1229222,1
1229227,1
1229231,1
1229235,1
1229255,1
1229266,2
1229273,1
1229283,1
1229289,1
1229301,1
1229313,1
1229319,1
1229324,1
1229340,1
1229367,1
1229369,1
1229376,1
1229383,1
1229389,1
1229398,2
1229406,1
1229421,1
1229434,1
1229446,1
1229449,1
1229468,1
1229471,1
1229476,2
1229479,1
1229481,1
1229484,1
1229487,2
1229497,2
1229504,1
1229507,1
1229517,2
1229524,1
1229529,1
1229534,1
1229540,1
1229547,1
1229549,1
1229551,1
1229557,1
1229575,1
1229580,1
1229582,1
1229585,1
1229588,1
1229596,1
1229601,1
1229603,1
1229616,1
1229619,1
1229621,1
1229628,1
1229632,1
1229637,1
1229643,1
1229646,1
1229649,1
1229661,1
1229663,1
1229668,1
1229675,1
1229681,1
1229684,2
1229696,1
1229702,1
1229708,1
1229714,1
1229719,1
1229723,2
1229726,1
1229734,1
1229736,1
1229740,1
1229742,1
1229750,1
1229754,2
1229756,1
1229758,1
1229760,1
1229766,2
1229783,2
1229804,1
1229810,1
1229812,1
1229817,1
1229825,1
1229828,1
1229831,1
1229841,1
1229846,1
1229849,1
1229863,2
1229888,1
1229893,1
1229895,1
1229898,1
1229907,2
1229912,2
1229916,1
1229919,1
1229922,2
1229927,1
1229935,1
1229937,1
1229940,1
1229943,1
1229953,2
1229957,1
1229959,1
1229967,1
1229971,1
1229978,1
1229980,1
1229988,1
1229993,2
1229998,2
1230000,1
1230004,3
1230009,2
1230022,1
1230024,1
1230037,1
1230040,1
1230044,1
1230046,1
1230050,2
1230059,1
1230065,1
1230068,1
1230075,2
1230097,1
1230128,1
1230131,1
1230133,1
1230137,1
1230139,1
1230144,1
1230147,1
1230159,1
1230167,2
1230178,1
1230193,1
1230203,1
1230206,1
1230208,1
1230211,1
1230218,1
1230220,1
1230223,1
1230226,1
1230230,1
1230233,1
1230236,1
1230246,1
1230261,1
1230274,2
1230282,1
1230285,1
1230290,1
1230294,1
1230300,1
1230303,1
1230306,1
1230325,1
1230334,1
1230338,1
1230345,1
1230357,1
1230360,1
1230369,1
1230378,1
1230384,1
1230389,1
1230395,1
1230399,1
1230402,1
1230409,2
1230418,1
1230420,1
1230435,1
1230441,1
1230444,1
1230456,2
1230477,1
1230484,1
1230492,1
1230497,1
1230501,2
1230506,1
1230511,1
1230525,1
1230537,1
1230542,1
1230551,2
1230554,1
1230558,1
1230560,1
1230570,2
1230580,1
1230589,1
1230592,1
1230602,1
1230605,1
1230616,1
1230622,1
1230626,1
1230635,1
1230642,1
1230647,1
1230665,1
1230668,1
1230679,1
1230701,1
1230709,1
1230717,1
1230719,1
1230721,1
1230725,1
1230734,1
1230740,1
1230751,1
1230755,1
1230759,1
1230761,1
1230767,1
1230772,1
1230775,1
1230782,1
1230784,1
1230788,2
1230796,1
1230800,1
1230814,1
1230816,1
1230823,2
1230825,1
1230847,1
1230850,1
1230852,1
1230858,2
1230864,1
1230869,1
1230871,1
1230874,2
1230882,1
1230891,2
1230900,1
1230903,1
1230911,2
1230913,1
1230931,1
1230934,1
1230947,2
1230950,1
1230956,3
1230959,1
1230977,2
1230985,2
1231007,2
1231025,1
1231033,1
1231038,1
1231044,1
1231055,1
1231061,1
1231072,1
1231079,1
1231081,1
1231086,1
1231092,1
1231095,1
1231104,1
1231114,1
1231118,1
1231121,2
1231138,1
1231142,2
1231149,1
1231151,1
1231161,1
1231166,2
1231169,1
1231184,1
1231187,1
1231189,1
1231194,2
1231200,1
1231204,2
1231210,1
1231215,1
1231217,1
1231219,1
1231230,1
1231235,1
1231257,1
1231266,1
1231279,1
1231282,1
1231293,2
1231301,1
1231306,2
1231309,1
1231318,1
1231333,1
1231343,1
1231347,1
1231349,1
1231356,1
1231362,2
1231364,1
1231373,2
1231386,1
1231390,1
1231395,1
1231397,1
1231402,2
1231414,1
1231418,3
1231435,1
1231441,1
1231445,1
1231448,1
1231451,1
1231463,1
1231467,1
1231470,1
1231483,1
1231486,1
1231489,1
1231495,1
1231507,1
1231510,2
1231513,2
1231515,1
1231517,1
1231520,2
1231530,1
1231546,1
1231551,1
1231566,1
1231580,1
1231584,1
1231592,1
1231602,1
1231605,1
1231625,1
1231630,1
1231633,2
1231642,1
1231654,1
1231660,2
1231666,1
1231682,2
1231685,2
1231691,1
1231695,1
1231705,1
1231712,1
1231730,1
1231732,1
1231736,1
1231740,1
1231743,1
1231759,1
1231761,1
1231764,2
1231773,1
1231777,3
1231789,1
1231791,1
1231796,1
1231803,1
1231807,1
1231811,1
1231814,1
1231817,1
1231819,1
1231826,1
1231831,1
1231835,1
1231837,1
1231844,1
1231846,1
1231891,2
1231899,1
1231903,1
1231906,1
1231910,1
1231916,1
1231918,1
1231921,1
1231928,2
1231930,1
1231933,1
1231937,1
1231939,1
1231949,1
1231951,1
1231955,1
1231959,1
1231970,1
1231972,1
1231978,1
1231995,1
1231997,1
1232000,1
1232002,1
1232010,1
1232013,1
1232015,1
1232019,2
1232022,2
1232024,1
1232028,2
1232036,1
1232054,2
1232060,1
1232064,1
1232070,1
1232075,1
1232080,1
1232084,2
1232088,1
1232091,1
1232106,1
1232110,1
1232115,1
1232140,1
1232145,1
1232149,1
1232168,2
1232170,1
1232172,1
1232175,1
1232183,1
1232187,1
1232194,1
1232200,2
1232208,1
1232215,2
1232218,1
1232222,2
1232231,1
1232234,1
1232238,1
1232243,1
1232249,2
1232253,1
1232257,1
1232278,1
1232280,1
1232282,1
1232284,1
1232288,1
1232294,1
1232298,1
1232301,1
1232303,1
1232309,1
1232312,1
1232325,1
1232343,2
1232351,1
1232353,1
1232361,1
1232368,1
1232374,1
1232388,1
1232394,1
1232408,2
1232411,1
1232414,1
1232420,1
1232429,1
1232431,1
1232439,1
1232445,1
1232447,1
1232453,2
1232458,1
1232465,2
1232468,1
1232472,1
1232475,1
1232484,1
1232488,1
1232492,1
1232507,1
1232516,2
1232522,1
1232544,1
1232549,1
1232551,1
1232553,1
1232559,1
1232561,1
1232572,2
1232574,1
1232579,1
1232587,1
1232594,1
1232598,1
1232609,1
1232612,1
1232622,1
1232634,1
1232636,1
1232638,1
1232642,1
1232651,1
1232663,1
1232666,2
1232681,1
1232686,1
1232688,1
1232704,1
1232706,1
1232708,1
1232710,1
1232716,1
1232727,1
1232734,2
1232740,1
1232744,1
1232749,1
1232753,1
1232756,1
1232760,1
1232771,1
1232774,1
1232778,1
1232788,1
1232790,1
1232802,1
1232815,2
1232817,1
1232820,2
1232828,1
1232831,1
1232839,1
1232841,1
1232843,1
1232848,1
1232852,1
1232856,1
1232861,1
1232866,1
1232870,1
1232872,1
1232881,1
1232885,1
1232887,1
1232890,1
1232893,1
1232903,1
1232911,1
1232929,2
1232931,1
1232937,1
1232940,1
1232944,1
1232951,2
1232957,1
1232961,1
1232967,1
1232972,1
1232979,1
1232981,1
1232986,1
1232992,1
1232994,1
1233003,2
1233007,1
1233009,1
1233012,1
1233014,1
1233019,1
1233042,1
1233046,1
1233053,1
1233056,1
1233066,1
1233075,1
1233084,1
1233094,1
1233104,2
1233106,1
1233109,2
1233115,1
1233119,1
1233121,1
1233124,1
1233127,1
1233129,1
1233134,1
1233137,1
1233142,1
1233145,1
1233147,1
1233152,1
1233156,1
1233163,1
1233165,1
1233170,1
1233181,1
1233187,1
1233194,1
1233201,1
1233205,1
1233211,1
1233213,1
1233217,1
1233234,1
1233244,1
1233247,1
1233263,1
1233273,3
1233278,1
1233284,1
1233305,1
1233309,1
1233313,1
1233325,1
1233335,2
1233348,1
1233362,1
1233364,1
1233374,1
1233394,1
1233399,1
1233417,1
1233424,1
1233429,2
1233431,1
1233433,1
1233439,1
1233450,2
1233458,2
1233460,1
1233465,1
1233467,1
1233470,1
1233479,1
1233482,2
1233496,1
1233498,1
1233500,1
1233505,2
1233509,1
1233511,1
1233513,1
1233517,1
1233527,1
1233533,1
1233540,1
1233555,1
1233561,2
1233568,2
1233570,1
1233576,2
1233580,1
1233584,1
1233588,1
1233598,1
1233600,1
1233605,2
1233609,2
1233611,1
1233613,1
1233632,2
1233635,1
1233650,1
1233652,1
1233655,2
1233658,1
1233663,1
1233675,1
1233680,1
1233683,2
1233685,1
1233691,1
1233699,1
1233701,1
1233703,1
1233713,2
1233720,1
1233729,1
1233731,1
1233735,2
1233744,1
1233750,1
1233753,1
1233757,1
1233772,1
1233776,1
1233779,1
1233783,1
1233788,2
1233800,1
1233802,1
1233807,1
1233810,1
1233814,1
1233816,1
1233818,1
1233824,1
1233829,1
1233832,1
1233836,1
1233841,1
1233843,1
1233845,1
1233851,1
1233856,1
1233863,1
1233866,2
1233871,1
1233874,1
1233881,2
1233887,1
1233891,1
1233894,1
1233900,1
1233907,1
1233909,1
1233918,1
1233921,1
1233930,1
1233960,1
1233965,1
1233974,1
1233986,1
1233988,1
1234002,1
1234005,1
1234007,1
1234012,1
1234019,1
1234024,2
1234026,1
1234028,1
1234039,1
1234050,1
1234052,1
1234056,1
1234062,1
1234066,1
1234077,1
1234082,2
1234085,1
1234089,2
1234095,1
1234099,1
1234101,1
1234110,1
1234123,2
1234128,1
1234131,1
1234148,1
1234156,1
1234161,1
1234163,1
1234165,1
1234175,1
1234194,1
1234199,1
1234209,2
1234214,1
1234220,1
1234224,2
1234234,1
1234240,1
1234247,2
1234249,1
1234258,1
1234264,1
1234268,1
1234270,1
1234273,1
1234279,2
1234282,1
1234284,1
1234291,1
1234293,1
1234305,1
1234317,1
1234321,1
1234323,1
1234327,1
1234332,1
1234339,2
1234341,1
1234348,2
1234352,1
1234356,1
1234367,1
1234374,1
1234377,1
1234383,1
1234385,1
1234387,1
1234396,1
1234406,1
1234408,1
1234413,1
1234418,2
1234420,1
1234423,2
1234425,1
1234427,1
1234433,1
1234439,1
1234445,1
1234449,2
1234468,2
1234486,1
1234489,2
1234492,1
1234497,1
1234500,1
1234504,2
1234514,1
1234516,1
1234520,1
1234530,1
1234546,1
1234553,1
1234564,1
1234575,2
1234577,1
1234581,2
1234585,1
1234590,2
1234594,1
1234599,2
1234603,1
1234607,2
1234612,1
1234614,1
1234618,1
1234626,1
1234642,1
1234646,1
1234653,1
1234656,1
1234666,1
1234668,1
1234675,2
1234680,1
1234686,1
1234689,1
1234691,1
1234696,2
1234717,1
1234722,1
1234733,1
1234735,1
1234742,1
1234746,2
1234756,2
1234774,1
1234776,1
1234789,2
1234800,1
1234819,1
1234821,1
1234824,1
1234831,1
1234833,1
1234839,2
1234843,1
1234846,1
1234858,1
1234865,1
1234870,1
1234886,2
1234900,1
1234903,1
1234905,1
1234922,1
1234934,2
1234940,1
1234942,1
1234947,1
1234949,1
1234955,2
1234969,1
1234973,1
1234980,1
1234982,1
1234986,1
1235011,2
1235013,1
1235024,1
1235026,1
1235034,1
1235038,1
1235047,1
1235049,1
1235056,1
1235071,1
1235081,1
1235083,1
1235113,1
1235122,1
1235129,1
1235131,1
1235137,1
1235143,1
1235151,1
1235153,1
1235164,2
1235166,1
1235170,1
1235174,1
1235185,2
1235189,1
1235197,1
1235203,1
1235206,1
1235211,2
1235213,1
1235221,1
1235226,1
1235231,1
1235233,1
1235235,1
1235248,1
1235259,1
1235274,2
1235276,1
1235281,1
1235289,1
1235312,1
1235314,1
1235319,1
1235322,1
1235327,1
1235330,1
1235335,1
1235352,2
1235360,1
1235363,1
1235365,1
1235382,1
1235387,1
1235390,1
1235395,1
1235399,1
1235402,1
1235413,1
1235417,1
1235419,1
1235421,1
1235426,1
1235431,1
1235434,1
1235436,1
1235443,2
1235466,1
1235472,2
1235474,1
1235478,1
1235485,1
1235488,1
1235503,1
1235505,1
1235515,1
1235520,1
1235528,1
1235538,1
1235543,1
1235546,1
1235553,3
1235556,2
1235560,1
1235573,1
1235581,1
1235587,1
1235591,2
1235605,1
1235608,1
1235613,1
1235624,1
1235635,2
1235638,1
1235643,1
1235658,1
1235660,1
1235663,2
1235679,1
1235688,1
1235692,1
1235698,1
1235702,1
1235710,1
1235715,1
1235720,1
1235722,1
1235728,1
1235731,1
1235733,1
1235748,1
1235750,1
1235753,1
1235756,1
1235761,1
1235780,1
1235782,1
1235797,1
1235806,1
1235812,1
1235817,1
1235822,1
1235830,1
1235838,1
1235857,1
1235863,1
1235872,1
1235878,1
1235892,1
1235894,1
1235896,1
1235905,1
1235909,1
1235917,1
1235923,1
1235927,1
1235929,1
1235950,1
1235963,1
1235967,1
1235969,1
1235972,1
1235978,1
1235991,1
1235993,1
1236003,1
1236009,1
1236015,1
1236020,1
1236029,1
1236034,1
1236038,1
1236043,1
1236049,1
1236056,2
1236065,1
1236069,2
1236072,1
1236076,1
1236095,1
1236117,1
1236119,1
1236123,1
1236126,1
1236133,1
1236151,1
1236159,1
1236169,1
1236173,2
1236176,1
1236181,2
1236188,1
1236192,1
1236196,1
1236209,1
1236224,1
1236227,1
1236231,1
1236239,1
1236242,1
1236247,1
1236250,1
1236257,1
1236270,1
1236276,1
1236279,1
1236282,1
1236285,1
1236294,1
1236300,2
1236305,1
1236312,2
1236315,1
1236321,1
1236326,1
1236328,1
1236335,1
1236342,2
1236344,1
1236346,1
1236351,1
1236355,2
1236358,1
1236374,1
1236378,1
1236385,2
1236394,1
1236402,1
1236404,1
1236411,1
1236415,1
1236418,1
1236420,1
1236435,2
1236437,1
1236440,1
1236442,1
1236449,1
1236460,1
1236471,1
1236487,1
1236491,1
1236494,2
1236500,2
1236503,2
1236510,1
1236524,1
1236528,1
1236531,1
1236548,1
1236556,1
1236558,1
1236560,1
1236575,1
1236577,1
1236580,1
1236589,1
1236611,1
1236615,1
1236622,1
1236626,1
1236630,1
1236648,1
1236651,2
1236657,2
1236659,1
1236672,2
1236675,1
1236679,1
1236681,1
1236686,1
1236698,1
1236716,2
1236726,1
1236737,2
1236744,1
1236746,1
1236753,1
1236760,1
1236766,1
1236780,1
1236784,1
1236805,1
1236812,2
1236829,1
1236832,1
1236837,1
1236846,1
1236856,1
1236864,1
1236871,1
1236876,1
1236883,1
1236887,1
1236899,1
1236902,1
1236904,1
1236906,1
1236913,1
1236920,2
1236922,1
1236928,1
1236932,1
1236949,1
1236953,1
1236956,1
1236966,2
1236976,1
1236981,2
1236987,1
1236989,1
1236994,2
1236996,1
1237002,1
1237004,1
1237008,1
1237012,1
1237016,1
1237022,1
1237026,1
1237028,1
1237047,1
1237051,1
1237063,1
1237079,1
1237082,2
1237097,1
1237107,1
1237112,1
1237122,1
1237124,1
1237136,1
1237141,1
1237164,1
1237169,1
1237178,1
1237183,1
1237189,1
1237191,1
1237194,1
1237206,1
1237209,1
1237212,1
1237218,1
1237222,1
1237226,1
1237235,1
1237242,1
1237262,1
1237264,1
1237277,1
1237280,1
1237282,1
1237288,2
1237294,1
1237309,1
1237314,1
1237326,1
1237331,1
1237333,1
1237342,1
1237350,1
1237357,1
1237359,1
1237361,1
1237365,1
1237370,1
1237374,1
1237383,1
1237388,1
1237394,1
1237399,1
1237401,1
1237406,1
1237423,1
1237431,1
1237436,1
1237441,1
1237449,1
1237451,1
1237457,1
1237459,1
1237467,1
1237480,1
1237491,1
1237497,1
1237504,1
1237506,1
1237514,1
1237525,1
1237532,1
1237534,1
1237538,2
1237545,1
1237552,1
1237556,1
1237561,1
1237575,1
1237585,1
1237589,1
1237591,1
1237594,1
1237599,1
1237606,1
1237608,1
1237611,2
1237614,1
1237624,1
1237633,1
1237652,1
1237655,2
1237661,1
1237665,1
1237668,1
1237677,1
1237693,1
1237695,1
1237715,1
1237721,1
1237726,1
1237732,1
1237738,1
1237750,2
1237771,1
1237775,2
1237777,1
1237780,1
1237787,1
1237789,1
1237793,2
1237798,1
1237808,1
1237810,1
1237812,1
1237822,1
1237827,1
1237831,1
1237840,1
1237842,1
1237846,1
1237848,1
1237868,1
1237873,1
1237885,2
1237887,1
1237894,1
1237896,1
1237899,2
1237908,1
1237911,1
1237913,1
1237919,1
1237922,1
1237960,2
1237962,1
1237964,1
1237968,1
1237970,1
1237973,1
1237996,1
1238000,2
1238010,1
1238014,1
1238025,1
1238040,1
1238058,1
1238064,2
1238066,1
1238069,1
1238072,1
1238077,1
1238091,1
1238093,1
1238098,1
1238105,1
1238116,1
1238125,1
1238131,1
1238139,1
1238145,1
1238149,1
1238164,1
1238168,1
1238176,1
1238184,2
1238193,1
1238201,1
1238208,1
1238210,1
1238217,1
1238222,1
1238232,1
1238236,2
1238238,1
1238268,1
1238272,1
1238275,1
1238278,1
1238280,1
1238292,1
1238300,2
1238305,1
1238307,1
1238316,1
1238328,2
1238331,1
1238336,1
1238339,1
1238341,1
1238356,1
1238359,1
1238366,1
1238369,2
1238373,1
1238379,1
1238383,2
1238389,1
1238412,1
1238433,1
1238438,1
1238442,1
1238448,1
1238450,1
1238457,1
1238463,1
1238473,1
1238484,2
1238494,1
1238507,2
1238511,1
1238518,2
1238525,1
1238532,1
1238537,1
1238542,1
1238554,1
1238559,1
1238563,1
1238566,1
1238568,1
1238573,2
1238581,2
1238584,2
1238607,1
1238626,1
1238634,2
1238658,1
1238663,1
1238674,1
1238677,1
1238683,1
1238688,1
1238691,1
1238694,1
1238697,1
1238703,1
1238705,1
1238709,1
1238714,1
1238733,1
1238735,1
1238740,1
1238748,1
1238753,1
1238763,1
1238765,1
1238771,2
1238778,1
1238784,1
1238792,2
1238801,1
1238808,1
1238813,1
1238819,1
1238834,1
1238841,1
1238847,1
1238853,1
1238869,1
1238871,1
1238881,1
1238884,1
1238892,1
1238911,1
1238932,1
1238937,2
1238942,1
1238949,1
1238954,1
1238958,1
1238963,1
1238972,1
1238977,1
1238983,1
1238987,1
1238996,2
1238998,1
1239004,1
1239014,1
1239018,1
1239020,1
1239026,1
1239028,1
1239030,1
1239035,1
1239039,1
1239043,1
1239048,1
1239061,1
1239064,1
1239066,1
1239077,1
1239081,1
1239089,1
1239093,2
1239096,1
1239101,1
1239117,1
1239121,1
1239134,1
1239143,1
1239150,2
1239152,1
1239160,2
1239167,2
1239169,1
1239172,1
1239185,1
1239192,1
1239197,1
1239200,1
1239210,2
1239212,1
1239220,1
1239224,2
1239227,2
1239233,1
1239235,1
1239240,1
1239249,1
1239263,1
1239267,1
1239276,1
1239285,1
1239291,1
1239296,1
1239299,1
1239310,1
1239313,1
1239322,1
1239337,1
1239378,1
1239382,2
1239384,1
1239388,1
1239410,1
1239418,1
1239420,1
1239422,1
1239429,1
1239431,1
1239456,1
1239458,1
1239460,1
1239468,1
1239471,1
1239473,1
1239479,1
1239482,1
1239492,1
1239502,1
1239512,1
1239519,1
1239522,1
1239524,1
1239526,1
1239533,1
1239539,1
1239549,1
1239552,1
1239564,1
1239573,1
1239579,1
1239591,1
1239593,1
1239600,1
1239602,1
1239604,1
1239606,1
1239610,1
1239624,1
1239631,1
1239644,2
1239647,1
1239661,1
1239668,1
1239685,2
1239690,1
1239695,1
1239697,1
1239700,1
1239706,1
1239711,3
1239713,1
1239715,1
1239733,1
1239736,1
1239754,1
1239756,1
1239758,1
1239763,1
1239767,1
1239773,1
1239777,1
1239784,1
1239786,1
1239790,1
1239795,1
1239800,1
1239807,1
1239818,1
1239823,1
1239826,1
1239828,1
1239849,1
1239856,1
1239860,1
1239878,2
1239884,2
1239886,1
1239891,1
1239902,1
1239905,1
1239908,1
1239914,1
1239920,2
1239924,1
1239928,1
1239940,1
1239944,2
1239948,1
1239955,1
1239959,2
1239965,1
1239967,1
1239972,1
1239975,1
1239979,1
1239991,1
1239994,1
1240000,1
1240003,1
1240005,1
1240021,1
1240024,1
1240026,1
1240029,1
1240032,1
1240044,1
1240046,1
1240058,1
1240062,1
1240078,2
1240081,1
1240085,2
1240088,1
1240093,2
1240095,1
1240103,1
1240118,2
1240122,1
1240134,1
1240137,2
1240139,1
1240144,1
1240156,1
1240163,2
1240177,1
1240183,1
1240186,1
1240189,1
1240194,2
1240197,1
1240211,1
1240216,1
1240220,1
1240224,1
1240231,1
1240235,1
1240237,1
1240244,1
1240258,1
1240268,1
1240277,1
1240287,1
1240292,1
1240295,1
1240298,1
1240305,1
1240322,1
1240336,1
1240349,2
1240358,1
1240377,1
1240380,1
1240382,1
1240387,1
1240395,1
1240398,1
1240400,1
1240419,1
1240436,1
1240438,1
1240446,1
1240451,1
1240453,1
1240459,2
1240461,1
1240471,1
1240473,1
1240475,1
1240478,1
1240480,1
1240483,1
1240489,1
1240494,1
1240503,1
1240510,1
1240519,1
1240522,1
1240533,1
1240535,1
1240537,1
1240542,1
1240546,1
1240549,2
1240554,2
1240560,1
1240571,2
1240576,1
1240582,1
1240592,1
1240600,1
1240602,1
1240611,1
1240618,1
1240624,1
1240626,1
1240628,1
1240633,1
1240650,2
1240652,1
1240658,2
1240661,1
1240663,1
1240668,1
1240676,2
1240687,2
1240689,1
1240694,1
1240705,1
1240710,1
1240713,1
1240716,1
1240719,1
1240732,1
1240738,1
1240750,1
1240752,1
1240766,1
1240776,1
1240781,2
1240783,1
1240785,1
1240795,1
1240797,1
1240810,1
1240812,1
1240817,1
1240821,1
1240825,1
1240827,1
1240831,2
1240835,1
1240838,1
1240842,1
1240844,1
1240850,1
1240854,2
1240859,1
1240863,1
1240866,1
1240871,1
1240875,1
1240877,1
1240880,1
1240885,2
1240902,1
1240909,1
1240918,1
1240928,1
1240935,2
1240944,2
1240947,2
1240949,1
1240962,1
1240964,1
1240969,2
1240972,1
1240984,1
1240988,1
1240990,1
1240997,1
1241002,1
1241020,2
1241023,1
1241026,2
1241042,2
1241051,1
1241073,1
1241080,1
1241088,1
1241093,1
1241095,1
1241108,1
1241112,1
1241134,1
1241138,1
1241152,1
1241156,1
1241160,1
1241164,1
1241170,1
1241175,2
1241179,1
1241185,1
1241190,1
1241193,1
1241205,1
1241209,1
1241211,1
1241214,1
1241219,2
1241221,1
1241228,1
1241233,2
1241236,1
1241239,1
1241246,1
1241257,1
1241272,2
1241274,1
1241282,1
1241285,1
1241288,1
1241298,1
1241307,1
1241310,1
1241314,1
1241316,1
1241325,1
1241328,1
1241331,1
1241338,1
1241341,1
1241349,1
1241352,2
1241358,1
1241361,1
1241371,1
1241373,1
1241380,1
1241387,2
1241396,2
1241405,1
1241409,1
1241414,1
1241432,1
1241435,1
1241439,1
1241457,1
1241460,1
1241462,1
1241466,1
1241473,1
1241478,1
1241489,1
1241496,1
1241498,1
1241506,1
1241512,1
1241518,2
1241520,1
1241524,1
1241526,1
1241533,1
1241539,1
1241543,1
1241551,1
1241559,1
1241566,1
1241568,1
1241575,1
1241578,1
1241586,1
1241590,1
1241606,1
1241611,1
1241616,1
1241619,1
1241641,1
1241644,1
1241646,1
1241653,1
1241657,2
1241669,1
1241671,1
1241675,2
1241685,1
1241696,1
1241700,1
1241712,2
1241718,1
1241731,1
1241744,1
1241746,1
1241764,1
1241770,1
1241774,1
1241780,1
1241792,1
1241795,1
1241799,1
1241803,1
1241805,1
1241807,1
1241810,1
1241815,1
1241819,1
1241829,1
1241843,1
1241854,1
1241856,1
1241873,1
1241876,1
1241878,1
1241881,1
1241886,1
1241890,2
1241901,1
1241913,1
1241916,1
1241935,1
1241941,1
1241948,1
1241951,1
1241953,1
1241969,1
1241979,2
1242001,1
1242007,1
1242009,1
1242019,1
1242031,1
1242036,1
1242039,1
1242045,1
1242047,1
1242051,1
1242053,1
1242056,1
1242060,1
1242068,2
1242070,1
1242074,2
1242082,1
1242098,1
1242100,1
1242103,1
1242108,2
1242115,1
1242132,2
1242136,1
1242139,1
1242143,1
1242148,1
1242158,1
1242160,1
1242173,1
1242176,1
1242182,1
1242185,1
1242189,2
1242194,1
1242214,1
1242220,1
1242222,1
1242245,1
1242259,1
1242268,1
1242281,1
1242284,1
1242297,1
1242305,1
1242329,1
1242331,1
1242334,1
1242342,1
1242347,2
1242357,3
1242360,1
1242365,1
1242387,1
1242390,1
1242392,1
1242394,1
1242399,1
1242405,1
1242413,1
1242419,1
1242426,1
1242435,1
1242437,1
1242441,1
1242444,1
1242452,2
1242456,1
1242460,1
1242471,1
1242474,1
1242483,1
1242488,1
1242490,1
1242493,1
1242497,2
1242502,2
1242505,1
1242510,1
1242512,1
1242523,1
1242529,1
1242546,1
1242559,1
1242561,1
1242577,1
1242587,1
1242600,1
1242603,1
1242607,1
1242610,1
1242613,1
1242620,1
1242633,1
1242646,2
1242649,1
1242675,2
1242677,1
1242680,1
1242686,1
1242697,1
1242706,1
1242714,1
1242726,1
1242732,1
1242739,1
1242747,2
1242750,1
1242753,1
1242755,1
1242759,1
1242767,1
1242769,1
1242775,1
1242789,1
1242792,1
1242798,1
1242805,1
1242810,1
1242812,1
1242826,1
1242828,1
1242834,1
1242842,1
1242857,2
1242859,1
1242861,1
1242864,1
1242882,1
1242886,1
1242898,1
1242905,1
1242914,1
1242919,1
1242925,1
1242939,1
1242941,1
1242946,1
1242951,1
1242957,1
1242961,1
1242972,2
1242976,1
1242978,1
1242988,1
1242993,1
1242996,1
1243006,1
1243011,2
1243017,1
1243025,1
1243030,1
1243035,1
1243037,1
1243062,1
1243069,1
1243075,1
1243085,1
1243091,1
1243096,1
1243111,1
1243117,1
1243119,1
1243123,1
1243141,1
1243163,2
1243170,2
1243173,1
1243184,2
1243187,1
1243191,1
1243197,1
1243199,1
1243204,1
1243209,1
1243212,1
1243220,1
1243237,1
1243239,1
1243243,1
1243247,1
1243255,2
1243258,1
1243265,1
1243273,1
1243280,2
1243283,1
1243287,1
1243292,2
1243302,1
1243307,2
1243314,1
1243318,2
1243324,1
1243336,2
1243344,1
1243352,1
1243359,1
1243377,1
1243380,1
1243388,1
1243404,1
1243408,1
1243440,1
1243456,1
1243460,1
1243469,1
1243478,2
1243485,1
1243488,1
1243495,1
1243508,1
1243517,2
1243525,1
1243531,1
1243547,1
1243554,1
1243585,1
1243590,1
1243596,1
1243602,1
1243605,1
1243614,1
1243623,1
1243625,1
1243637,1
1243641,1
1243643,1
1243645,1
1243648,1
1243662,2
1243664,1
1243671,1
1243684,2
1243686,1
1243689,1
1243692,1
1243705,1
1243712,1
1243721,2
1243723,1
1243737,1
1243752,1
1243756,1
1243762,1
1243775,2
1243780,1
1243788,1
1243790,1
1243796,1
1243809,1
1243811,1
1243826,1
1243830,1
1243834,2
1243845,1
1243848,1
1243850,1
1243853,1
1243856,1
1243858,1
1243868,1
1243877,1
1243885,2
1243889,2
1243892,1
1243902,1
1243906,2
1243908,1
1243912,2
1243919,1
1243924,1
1243931,1
1243933,1
1243939,1
1243946,1
1243951,1
1243955,1
1243957,1
1243966,1
1243971,1
1243980,1
1243987,1
1244000,1
1244004,1
1244007,1
1244023,2
1244030,2
1244033,1
1244042,1
1244048,1
1244051,1
1244055,1
1244066,2
1244071,2
1244073,1
1244077,2
1244085,2
1244089,1
1244091,1
1244094,1
1244099,1
1244102,1
1244114,1
1244118,2
1244129,1
1244139,1
1244151,2
1244156,2
1244168,1
1244170,1
1244174,1
1244181,1
1244184,1
1244187,1
1244189,1
1244192,1
1244199,1
1244203,1
1244205,1
1244215,1
1244220,1
1244231,1
1244233,1
1244239,2
1244241,1
1244244,1
1244247,1
1244260,1
1244266,1
1244269,2
1244280,1
1244286,1
1244303,1
1244308,1
1244315,1
1244319,2
1244329,1
1244338,1
1244343,1
1244352,1
1244356,1
1244364,1
1244368,1
1244375,1
1244378,2
1244385,1
1244403,1
1244405,1
1244418,2
1244429,1
1244434,2
1244436,1
1244438,1
1244444,1
1244448,2
1244454,1
1244458,1
1244468,1
1244471,1
1244474,1
1244482,1
1244487,1
1244493,1
1244498,2
1244510,1
1244512,1
1244518,1
1244521,1
1244533,1
1244538,1
1244544,1
1244550,1
1244552,1
1244554,1
1244559,1
1244574,1
1244581,1
1244586,1
1244599,2
1244609,1
1244629,1
1244632,1
1244641,1
1244651,2
1244655,2
1244657,1
1244663,1
1244666,1
1244668,1
1244678,2
1244681,2
1244688,1
1244690,1
1244697,1
1244699,1
1244703,1
1244710,1
1244715,1
1244719,1
1244724,1
1244727,1
1244729,1
1244731,1
1244736,1
1244740,1
1244752,1
1244754,1
1244759,1
1244766,1
1244769,1
1244782,1
1244787,1
1244789,1
1244804,2
1244815,1
1244820,1
1244822,1
1244825,1
1244828,1
1244834,1
1244843,1
1244845,1
1244853,1
1244855,1
1244871,1
1244875,2
1244889,1
1244905,1
1244907,1
1244910,1
1244921,1
1244932,2
1244949,1
1244956,1
1244960,2
1244980,1
1244992,1
1244998,2
1245002,1
1245005,1
1245012,1
1245015,1
1245025,1
1245029,1
1245031,1
1245041,1
1245044,2
1245050,1
1245054,2
1245061,2
1245074,1
1245091,1
1245096,1
1245106,1
1245115,1
1245117,1
1245122,1
1245126,2
1245131,1
1245134,1
1245143,1
1245153,1
1245159,1
1245169,1
1245178,1
1245182,1
1245194,1
1245197,1
1245203,1
1245209,1
1245220,1
1245225,1
1245243,1
1245259,1
1245261,1
1245264,1
1245266,1
1245280,1
1245286,1
1245290,1
1245293,1
1245298,1
1245303,1
1245305,1
1245315,1
1245319,1
1245324,2
1245330,1
1245333,2
1245338,2
1245343,1
1245349,1
1245358,1
1245361,1
1245363,1
1245371,2
1245376,1
1245378,1
1245389,2
1245395,1
1245399,1
1245401,1
1245408,1
1245411,1
1245417,2
1245428,2
1245431,1
1245437,1
1245455,1
1245463,1
1245465,1
1245470,1
1245472,1
1245474,1
1245479,1
1245481,1
1245486,2
1245488,1
1245492,1
1245504,1
1245516,1
1245523,1
1245525,1
1245537,1
1245546,1
1245553,1
1245556,1
1245563,1
1245565,1
1245578,1
1245580,1
1245583,1
1245586,2
1245594,1
1245603,1
1245607,1
1245610,1
1245620,1
1245631,1
1245638,1
1245640,1
1245650,1
1245653,1
1245657,1
1245661,1
1245678,1
1245681,1
1245683,1
1245696,1
1245698,1
1245701,1
1245703,1
1245705,1
1245725,1
1245729,1
1245734,2
1245736,1
1245739,2
1245758,1
1245765,1
1245769,1
1245771,1
1245783,3
1245789,2
1245795,2
1245798,1
1245802,2
1245805,1
1245823,1
1245828,1
1245836,1
1245843,1
1245845,1
1245851,1
1245853,1
1245857,1
1245872,1
1245878,1
1245881,1
1245884,2
1245893,1
1245897,1
1245906,2
1245917,2
1245921,1
1245927,1
1245932,1
1245938,4
1245943,1
1245945,1
1245948,1
1245958,1
1245963,1
1245966,1
1245971,1
1245974,1
1245978,1
1245980,1
1245984,1
1245990,1
1245996,2
1245999,1
1246007,1
1246012,1
1246014,1
1246020,1
1246022,1
1246029,1
1246033,1
1246057,1
1246061,2
1246068,1
1246073,1
1246075,1
1246082,1
1246089,1
1246098,2
1246127,1
1246130,2
1246137,1
1246140,1
1246142,1
1246145,1
1246147,1
1246151,2
1246154,1
1246159,1
1246161,1
1246172,2
1246179,1
1246184,1
1246188,1
1246190,1
1246194,1
1246200,1
1246206,1
1246208,1
1246213,1
1246229,2
1246238,1
1246240,1
1246244,1
1246246,1
1246249,1
1246253,1
1246268,1
1246284,1
1246288,2
1246295,1
1246298,1
1246303,1
1246307,1
1246310,2
1246314,1
1246323,1
1246328,1
1246337,1
1246339,1
1246344,1
1246355,1
1246358,1
1246362,1
1246365,1
1246371,1
1246375,1
1246378,2
1246382,3
1246392,2
1246409,1
1246414,1
1246425,1
1246436,1
1246441,2
1246443,1
1246445,1
1246448,1
1246457,1
1246463,1
1246467,1
1246471,1
1246477,1
1246479,1
1246490,1
1246492,1
1246499,1
1246502,2
1246511,1
1246514,1
1246521,1
1246524,1
1246526,1
1246537,2
1246558,1
1246560,1
1246580,1
1246582,1
1246585,1
1246589,1
1246595,1
1246597,1
1246603,2
1246608,1
1246614,1
1246624,1
1246630,1
1246636,1
1246638,1
1246643,1
1246647,1
1246653,1
1246655,1
1246671,3
1246685,1
1246692,1
1246694,1
1246699,1
1246710,1
1246714,1
1246720,1
1246722,1
1246730,1
1246752,1
1246758,1
1246762,2
1246769,1
1246777,1
1246779,1
1246782,1
1246784,1
1246786,1
1246791,1
1246794,1
1246801,1
1246812,1
1246814,1
1246817,1
1246822,2
1246830,3
1246833,1
1246837,1
1246840,1
1246842,1
1246847,1
1246868,1
1246875,1
1246881,1
1246885,2
1246891,2
1246903,1
1246915,1
1246920,1
1246926,1
1246940,1
1246950,2
1246957,1
1246969,2
1246978,1
1246984,1
1246986,1
1246990,2
1246993,2
1246995,1
1247002,1
1247005,2
1247010,1
1247022,1
1247051,1
1247053,1
1247061,1
1247063,1
1247081,1
1247087,1
1247091,1
1247093,1
1247104,1
1247118,1
1247131,1
1247140,1
1247158,1
1247160,1
1247176,1
1247179,1
1247184,2
1247187,1
1247189,1
1247193,1
1247198,1
1247204,2
1247207,1
1247216,1
1247223,1
1247238,1
1247243,1
1247247,1
1247252,2
1247254,1
1247258,1
1247265,1
1247271,1
1247274,1
1247278,1
1247285,1
1247291,1
1247295,1
1247304,1
1247308,1
1247315,2
1247319,2
1247342,3
1247345,1
1247349,2
1247354,1
1247356,1
1247366,1
1247371,2
1247381,1
1247396,1
1247399,1
1247405,1
1247408,1
1247417,1
1247426,1
1247432,1
1247434,1
1247444,1
1247450,1
1247462,1
1247475,1
1247477,1
1247479,1
1247501,1
1247504,1
1247527,1
1247533,2
1247538,1
1247545,1
1247560,1
1247562,1
1247571,1
1247579,1
1247583,1
1247586,1
1247598,1
1247600,1
1247611,1
1247625,1
1247642,2
1247654,1
1247683,1
1247690,1
1247697,1
1247703,1
1247713,1
1247723,1
1247726,1
1247728,1
1247732,1
1247736,2
1247743,1
1247748,1
1247751,1
1247774,2
1247776,1
1247786,1
1247790,1
1247800,1
1247805,1
1247808,1
1247818,1
1247826,1
1247833,1
1247844,2
1247848,2
1247853,1
1247856,1
1247864,1
1247872,1
1247878,2
1247885,1
1247890,2
1247893,1
1247897,3
1247899,1
1247902,1
1247905,1
1247922,1
1247933,1
1247943,1
1247947,1
1247950,1
1247954,1
1247957,2
1247967,1
1247970,1
1247974,1
1247984,1
1247988,1
1247990,1
1247997,1
1248005,1
1248010,1
1248012,1
1248015,2
1248023,1
1248031,3
1248037,1
1248056,1
1248062,1
1248074,1
1248078,1
1248080,1
1248083,1
1248086,1
1248095,1
1248099,1
1248102,1
1248123,1
1248128,1
1248131,1
1248135,2
1248142,1
1248165,2
1248170,1
1248185,1
1248188,1
1248193,1
1248202,1
1248204,1
1248207,1
1248210,1
1248217,1
1248219,1
1248232,1
1248238,1
1248245,1
1248249,1
1248252,1
1248256,1
1248258,1
1248266,1
1248271,1
1248280,1
1248301,1
1248306,1
1248308,1
1248322,1
1248328,1
1248332,1
1248337,2
1248350,1
1248359,1
1248361,1
1248364,1
1248370,2
1248396,1
1248412,1
1248440,1
1248447,1
1248455,2
1248460,1
1248467,2
1248477,1
1248486,1
1248499,1
1248503,1
1248507,1
1248510,1
1248512,1
1248516,2
1248518,1
1248525,1
1248535,1
1248546,1
1248560,1
1248568,2
1248570,1
1248581,1
1248591,2
1248594,1
1248599,2
1248607,1
1248613,1
1248630,1
1248648,2
1248669,2
1248672,1
1248683,1
1248688,1
1248694,1
1248697,1
1248701,1
1248706,3
1248714,1
1248723,1
1248736,1
1248740,1
1248744,1
1248748,1
1248751,1
1248768,2
1248777,1
1248786,1
1248794,2
1248808,1
1248814,1
1248819,2
1248847,1
1248850,1
1248852,1
1248860,2
1248865,1
1248874,2
1248876,1
1248879,2
1248898,1
1248900,1
1248904,2
1248907,1
1248937,1
1248943,1
1248953,1
1248960,1
1248965,1
1248982,1
1248984,1
1248990,1
1248993,2
1248997,2
1248999,1
1249001,1
1249003,1
1249017,1
1249024,1
1249026,1
1249028,1
1249034,1
1249037,1
1249039,1
1249054,1
1249056,1
1249058,1
1249069,1
1249071,1
1249077,1
1249086,1
1249092,1
1249096,1
1249101,1
1249103,1
1249107,1
1249118,1
1249123,1
1249125,1
1249136,1
1249140,2
1249145,1
1249164,1
1249172,1
1249175,1
1249181,1
1249192,1
1249197,1
1249211,1
1249219,1
1249227,1
1249230,2
1249244,1
1249248,1
1249255,1
1249259,2
1249268,2
1249271,1
1249286,2
1249301,2
1249307,2
1249313,2
1249317,1
1249326,2
1249335,1
1249339,1
1249344,1
1249350,1
1249360,1
1249364,2
1249366,1
1249368,1
1249370,1
1249374,1
1249382,1
1249406,2
1249417,1
1249422,2
1249429,1
1249431,1
1249437,1
1249443,1
1249447,2
1249451,1
1249456,1
1249470,4
1249477,2
1249479,1
1249481,1
1249490,1
1249497,1
1249500,1
1249507,1
1249526,1
1249547,1
1249559,1
1249566,1
1249571,1
1249577,2
1249583,2
1249589,1
1249599,2
1249607,1
1249614,1
1249617,1
1249624,1
1249643,1
1249647,1
1249656,1
1249675,1
1249684,1
1249691,2
1249694,2
1249698,1
1249712,1
1249719,1
1249733,1
1249740,1
1249745,2
1249747,1
1249752,1
1249758,1
1249764,1
1249771,2
1249775,1
1249778,1
1249780,1
1249795,1
1249797,1
1249812,1
1249827,1
1249832,1
1249847,2
1249849,1
1249852,1
1249857,1
1249859,1
1249867,1
1249888,2
1249890,1
1249900,1
1249910,1
1249923,1
1249925,1
1249933,1
1249936,1
1249944,1
1249950,2
1249956,2
1249960,1
1249965,1
1249973,1
1249980,1
1249987,1
1249990,2
1249993,1
1250017,1
1250019,1
1250026,1
1250038,1
1250042,2
1250049,1
1250060,1
1250077,1
1250079,1
1250084,1
1250090,1
1250092,1
1250096,2
1250107,2
1250114,1
1250117,1
1250121,1
1250124,1
1250130,1
1250149,1
1250154,1
1250159,1
1250175,1
1250184,1
1250193,1
1250199,1
1250212,1
1250214,1
1250221,1
1250228,2
1250236,1
1250239,1
1250244,1
1250247,1
1250259,1
1250270,2
1250276,2
1250283,2
1250304,1
1250309,1
1250322,1
1250337,1
1250340,1
1250348,1
1250350,1
1250358,2
1250364,1
1250367,1
1250369,1
1250371,1
1250375,2
1250385,1
1250390,1
1250392,1
1250398,2
1250404,1
1250409,1
1250415,1
1250419,1
1250423,1
1250434,1
1250445,1
1250450,1
1250453,1
1250455,1
1250459,1
1250466,1
1250475,1
1250484,1
1250486,1
1250490,2
1250517,1
1250525,1
1250532,1
1250541,1
1250551,1
1250560,1
1250563,1
1250581,1
1250584,1
1250589,1
1250598,1
1250602,1
1250607,1
1250614,1
1250627,1
1250639,1
1250650,1
1250656,1
1250663,1
1250673,2
1250675,1
1250681,2
1250693,2
1250729,1
1250741,1
1250746,2
1250752,1
1250762,1
1250769,1
1250771,1
1250776,3
1250779,2
1250784,1
1250787,1
1250800,2
1250806,2
1250813,1
1250821,2
1250827,1
1250831,1
1250835,1
1250852,1
1250871,1
1250880,1
1250885,1
1250889,1
1250893,1
1250897,1
1250903,1
1250909,1
1250911,1
1250915,1
1250918,1
1250924,2
1250926,1
1250930,1
1250932,1
1250940,1
1250948,1
1250950,1
1250952,1
1250958,1
1250960,1
1250964,2
1250979,1
1250981,1
1250985,1
1250988,2
1250993,1
1251007,1
1251014,1
1251020,1
1251025,1
1251032,1
1251041,2
1251046,1
1251052,1
1251059,1
1251064,1
1251070,1
1251074,1
1251085,1
1251088,1
1251098,2
1251111,1
1251116,1
1251119,1
1251121,1
1251123,1
1251135,1
1251138,1
1251141,1
1251149,1
1251155,1
1251167,1
1251170,1
1251175,2
1251179,1
1251183,1
1251186,1
1251191,1
1251193,1
1251205,1
1251207,1
1251223,2
1251226,1
1251232,1
1251234,1
1251242,1
1251249,1
1251254,1
1251256,1
1251258,1
1251261,1
1251263,1
1251265,1
1251267,1
1251271,1
1251275,2
1251285,1
1251302,1
1251306,2
1251310,1
1251315,1
1251320,2
1251324,2
1251353,1
1251356,1
1251359,1
1251362,1
1251371,1
1251375,2
1251382,1
1251385,1
1251393,2
1251408,1
1251423,1
1251427,1
1251435,1
1251438,1
1251441,1
1251443,1
1251453,2
1251463,1
1251478,1
1251485,1
1251501,2
1251506,1
1251515,1
1251518,2
1251524,1
1251531,1
1251541,1
1251545,1
1251551,1
1251553,1
1251558,1
1251565,2
1251571,1
1251578,1
1251584,1
1251587,1
1251611,1
1251616,2
1251618,1
1251626,2
1251632,2
1251636,3
1251639,1
1251647,1
1251652,1
1251661,1
1251672,1
1251684,1
1251699,3
1251705,1
1251707,1
1251712,1
1251724,1
1251731,1
1251737,1
1251747,1
1251753,1
1251762,1
1251764,1
1251789,1
1251799,2
1251802,2
1251811,1
1251826,1
1251831,1
1251833,1
1251835,1
1251841,1
1251845,1
1251854,1
1251857,1
1251859,1
1251871,1
1251878,2
1251887,2
1251890,2
1251905,1
1251927,1
1251931,1
1251934,1
1251941,1
1251944,1
1251957,1
1251967,1
1251976,1
1251980,1
1251986,1
1251998,1
1252000,1
1252020,1
1252023,1
1252028,1
1252032,1
1252040,1
1252042,1
1252049,1
1252053,1
1252064,1
1252070,1
1252076,1
1252081,1
1252087,2
1252095,1
1252103,1
1252117,1
1252119,1
1252122,2
1252125,1
1252128,1
1252132,1
1252134,1
1252143,1
1252151,1
1252154,1
1252171,1
1252173,1
1252179,1
1252182,2
1252200,1
1252207,1
1252209,1
1252213,2
1252220,3
1252222,1
1252224,1
1252228,1
1252235,2
1252237,1
1252239,1
1252246,1
1252250,1
1252252,1
1252254,1
1252258,1
1252260,1
1252295,1
1252298,1
1252301,1
1252303,1
1252308,1
1252311,1
1252316,1
1252347,1
1252349,1
1252354,2
1252397,1
1252400,1
1252408,1
1252416,1
1252428,1
1252435,1
1252437,1
1252442,2
1252448,1
1252450,1
1252465,2
1252469,1
1252477,1
1252501,1
1252506,2
1252508,1
1252519,1
1252535,1
1252551,1
1252556,1
1252565,1
1252578,2
1252592,1
1252595,2
1252598,1
1252601,1
1252607,1
1252612,1
1252618,1
1252627,1
1252631,1
1252634,1
1252638,1
1252649,2
1252654,1
1252665,1
1252676,1
1252690,1
1252707,1
1252715,2
1252719,1
1252723,1
1252731,1
1252750,1
1252759,1
1252766,1
1252786,1
1252790,1
1252792,1
1252797,1
1252800,1
1252803,1
1252806,1
1252811,1
1252814,1
1252839,1
1252852,1
1252858,1
1252860,1
1252862,1
1252873,1
1252879,1
1252885,2
1252890,1
1252894,2
1252901,1
1252913,1
1252917,1
1252924,1
1252928,1
1252930,1
1252936,1
1252944,1
1252955,1
1252960,1
1252969,1
1252978,1
1252985,1
1252989,1
1252991,1
1252998,1
1253006,1
1253010,2
1253014,1
1253029,1
1253038,1
1253048,1
1253050,1
1253068,1
1253072,1
1253090,1
1253092,1
1253099,1
1253103,1
1253108,2
1253128,1
1253131,1
1253140,1
1253150,1
1253158,1
1253170,1
1253180,1
1253191,1
1253201,2
1253207,1
1253210,1
1253229,1
1253234,1
1253236,1
1253246,1
1253251,1
1253276,1
1253281,1
1253286,1
1253291,1
1253297,1
1253305,1
1253310,1
1253313,1
1253318,2
1253323,1
1253327,1
1253338,1
1253342,1
1253346,2
1253348,1
1253357,1
1253363,1
1253369,2
1253374,1
1253378,1
1253384,2
1253386,1
1253400,1
1253404,2
1253408,1
1253416,1
1253425,1
1253432,1
1253441,1
1253455,2
1253462,1
1253468,1
1253473,1
1253480,1
1253483,1
1253486,1
1253504,1
1253509,1
1253513,1
1253520,1
1253535,2
1253543,1
1253545,1
1253549,1
1253553,1
1253576,1
1253584,1
1253588,1
1253590,1
1253594,1
1253599,1
1253601,1
1253605,1
1253610,3
1253612,1
1253614,1
1253626,1
1253638,1
1253651,1
1253670,1
1253676,1
1253683,1
1253690,1
1253693,1
1253698,1
1253700,1
1253704,2
1253716,1
1253724,1
1253731,1
1253735,1
1253737,1
1253742,1
1253748,1
1253758,1
1253763,2
1253766,1
1253771,1
1253776,2
1253785,2
1253788,1
1253796,3
1253798,1
1253802,1
1253815,1
1253818,1
1253833,1
1253848,1
1253860,1
1253865,1
1253868,1
1253872,1
1253883,1
1253888,1
1253892,1
1253896,1
1253902,1
1253904,1
1253906,1
1253908,1
1253915,1
1253926,1
1253940,1
1253943,1
1253950,1
1253958,2
1253963,1
1253967,1
1253975,1
1253981,1
1253989,1
1253996,2
1254002,1
1254005,1
1254008,1
1254017,1
1254021,1
1254045,2
1254057,2
1254076,2
1254087,1
1254095,1
1254119,1
1254123,1
1254126,1
1254130,1
1254132,1
1254134,1
1254137,1
1254143,2
1254148,1
1254153,1
1254158,2
1254163,1
1254169,1
1254175,2
1254177,1
1254196,2
1254202,1
1254204,1
1254206,1
1254214,1
1254216,1
1254232,1
1254234,1
1254241,1
1254252,1
1254255,1
1254272,2
1254275,1
1254294,3
1254298,1
1254310,1
1254313,1
1254316,1
1254318,1
1254320,1
1254322,1
1254325,1
1254340,1
1254343,1
1254345,1
1254348,1
1254352,1
1254362,1
1254371,1
1254373,1
1254381,1
1254390,1
1254396,1
1254408,1
1254410,1
1254415,1
1254417,1
1254419,1
1254423,1
1254429,1
1254431,1
1254440,3
1254446,1
1254455,1
1254462,1
1254472,1
1254476,1
1254480,1
1254484,1
1254490,1
1254499,1
1254505,1
1254510,1
1254513,1
1254519,1
1254522,1
1254534,1
1254540,1
1254552,2
1254554,1
1254563,1
1254566,1
1254575,1
1254580,1
1254585,1
1254591,1
1254600,1
1254602,1
1254604,1
1254610,2
1254618,1
1254621,1
1254634,1
1254639,1
1254645,1
1254648,1
1254663,1
1254667,1
1254669,1
1254671,1
1254673,1
1254676,1
1254682,1
1254690,2
1254700,1
1254704,1
1254708,1
1254714,1
1254723,1
1254726,1
1254742,2
1254753,1
1254762,1
1254769,1
1254785,1
1254793,1
1254796,1
1254799,1
1254814,1
1254819,1
1254824,1
1254834,1
1254837,2
1254851,1
1254857,1
1254862,1
1254866,1
1254872,1
1254876,2
1254881,1
1254883,1
1254888,1
1254895,4
1254901,1
1254906,1
1254908,1
1254912,1
1254924,1
1254931,2
1254933,1
1254941,1
1254946,1
1254954,1
1254966,2
1254979,1
1254987,1
1254990,1
1254993,1
1254996,1
1254998,1
1255005,1
1255008,1
1255010,1
1255018,2
1255027,1
1255037,1
1255041,1
1255054,1
1255058,1
1255064,1
1255067,1
1255069,1
1255072,1
1255075,1
1255077,1
1255080,1
1255085,1
1255090,1
1255093,1
1255096,1
1255101,1
1255106,2
1255120,1
1255124,1
1255127,1
1255137,1
1255144,1
1255150,1
1255155,1
1255162,1
1255172,1
1255175,1
1255186,3
1255188,1
1255190,1
1255198,1
1255208,1
1255224,1
1255238,1
1255246,1
1255251,1
1255257,2
1255262,1
1255270,1
1255273,1
1255282,1
1255294,2
1255303,1
1255305,1
1255323,1
1255332,1
1255334,1
1255341,1
1255343,1
1255360,1
1255364,1
1255367,1
1255371,1
1255376,1
1255379,1
1255390,1
1255395,1
1255397,1
1255406,2
1255411,1
1255413,1
1255426,1
1255430,1
1255455,1
1255464,2
1255470,1
1255474,1
1255486,1
1255518,1
1255525,1
1255531,1
1255539,1
1255546,1
1255552,1
1255561,2
1255566,1
1255572,1
1255584,1
1255587,1
1255590,1
1255598,1
1255600,1
1255602,1
1255611,1
1255627,1
1255637,1
1255647,1
1255652,1
1255660,2
1255662,1
1255668,1
1255673,1
1255675,1
1255678,1
1255680,1
1255683,1
1255687,1
1255710,1
1255712,1
1255719,1
1255727,1
1255730,1
1255734,1
1255755,1
1255764,1
1255769,1
1255774,1
1255783,2
1255791,1
1255793,1
1255804,1
1255807,1
1255812,1
1255823,1
1255825,1
1255833,1
1255839,2
1255846,1
1255852,1
1255855,2
1255859,1
1255862,1
1255865,1
1255867,1
1255870,1
1255875,1
1255878,1
1255884,1
1255892,1
1255895,1
1255905,1
1255908,2
1255912,1
1255945,1
1255947,1
1255949,1
1255962,1
1255967,1
1255977,2
1255984,1
1255988,2
1255990,1
1255993,1
1255995,1
1255998,1
1256009,1
1256016,1
1256039,2
1256053,1
1256055,1
1256057,1
1256071,1
1256082,1
1256106,2
1256109,1
1256117,1
1256131,1
1256141,2
1256143,1
1256148,1
1256154,1
1256158,1
1256171,1
1256179,1
1256188,1
1256192,1
1256195,1
1256203,1
1256206,1
1256209,1
1256211,1
1256213,1
1256217,2
1256229,2
1256233,1
1256237,1
1256242,1
1256244,1
1256248,1
1256250,1
1256252,1
1256263,1
1256267,1
1256269,1
1256271,1
1256277,2
1256292,1
1256295,2
1256298,2
1256304,1
1256317,1
1256324,2
1256326,1
1256331,1
1256337,1
1256343,1
1256354,1
1256356,1
1256360,1
1256372,1
1256379,1
1256382,1
1256385,1
1256391,1
1256413,1
1256428,1
1256434,1
1256441,1
1256443,1
1256445,1
1256449,1
1256457,1
1256460,1
1256471,1
1256475,1
1256481,1
1256485,1
1256493,1
1256498,1
1256500,1
1256512,1
1256521,1
1256529,1
1256531,1
1256536,2
1256538,1
1256541,2
1256546,2
1256548,1
1256557,1
1256564,1
1256568,2
1256573,1
1256577,1
1256588,1
1256600,2
1256608,1
1256612,1
1256623,1
1256634,1
1256640,1
1256646,1
1256668,2
1256670,1
1256675,1
1256680,1
1256689,1
1256696,1
1256699,1
1256705,1
1256712,2
1256722,1
1256724,1
1256726,1
1256728,1
1256734,1
1256737,1
1256744,1
1256750,1
1256752,1
1256756,1
1256764,2
1256766,1
1256789,1
1256792,1
1256798,1
1256803,1
1256810,1
1256823,1
1256830,1
1256843,1
1256845,1
1256852,1
1256855,1
1256857,1
1256868,1
1256872,1
1256879,1
1256905,1
1256911,1
1256913,1
1256916,1
1256919,1
1256921,1
1256931,1
1256938,1
1256950,2
1256953,1
1256957,1
1256967,1
1256981,1
1257006,1
1257009,1
1257016,2
1257022,1
1257028,2
1257040,1
1257045,1
1257047,1
1257064,2
1257071,1
1257074,1
1257078,1
1257085,1
1257087,1
1257093,1
1257098,1
1257103,1
1257113,1
1257118,1
1257121,1
1257128,2
1257131,1
1257134,1
1257139,1
1257153,1
1257155,1
1257172,1
1257183,1
1257190,1
1257210,1
1257216,1
1257218,1
1257220,1
1257223,1
1257225,1
1257233,1
1257237,1
1257241,1
1257244,1
1257272,1
1257279,1
1257282,1
1257294,2
1257296,1
1257307,2
1257328,2
1257340,1
1257352,1
1257365,1
1257368,1
1257370,1
1257374,1
1257376,1
1257378,1
1257381,1
1257392,1
1257397,1
1257407,1
1257415,1
1257421,2
1257423,1
1257428,1
1257432,1
1257436,1
1257443,1
1257446,1
1257450,1
1257455,1
1257462,1
1257471,1
1257476,1
1257488,1
1257494,1
1257504,1
1257508,1
1257516,2
1257522,1
1257525,1
1257532,2
1257540,1
1257550,1
1257561,1
1257575,1
1257579,1
1257587,1
1257589,1
1257593,1
1257600,1
1257602,1
1257605,1
1257618,1
1257622,1
1257636,1
1257640,1
1257642,1
1257645,2
1257656,1
1257658,1
1257660,1
1257663,1
1257673,1
1257675,1
1257696,1
1257698,1
1257704,1
1257709,1
1257733,1
1257745,1
1257748,1
1257751,1
1257754,1
1257757,1
1257763,1
1257766,1
1257768,1
1257775,1
1257781,1
1257786,2
1257789,1
1257797,1
1257802,2
1257804,1
1257814,1
1257820,2
1257826,1
1257834,1
1257841,1
1257843,1
1257850,1
1257853,2
1257865,1
1257874,1
1257877,1
1257881,1
1257888,1
1257890,1
1257893,1
1257895,1
1257897,1
1257900,1
1257909,1
1257923,1
1257928,1
1257939,1
1257941,1
1257949,1
1257951,1
1257954,1
1257958,2
1257962,1
1257975,1
1257978,1
1257980,1
1257989,1
1257992,1
1258000,2
1258002,1
1258006,1
1258011,1
1258015,1
1258027,1
1258033,1
1258042,1
1258051,1
1258054,2
1258057,1
1258061,1
1258066,1
1258081,1
1258085,1
1258091,2
1258106,1
1258110,2
1258132,1
1258135,1
1258139,1
1258143,1
1258145,1
1258147,1
1258157,2
1258162,1
1258166,1
1258169,1
1258171,1
1258174,1
1258177,1
1258182,1
1258184,1
1258220,1
1258225,2
1258230,1
1258232,1
1258235,1
1258240,1
1258243,2
1258245,1
1258255,1
1258263,1
1258266,1
1258268,1
1258276,1
1258286,1
1258312,1
1258320,1
1258332,1
1258334,1
1258336,1
1258359,1
1258363,1
1258368,1
1258379,1
1258383,1
1258391,1
1258399,1
1258402,1
1258412,1
1258416,1
1258421,1
1258433,1
1258436,1
1258443,1
1258449,1
1258461,1
1258465,2
1258491,1
1258494,1
1258496,1
1258500,2
1258512,2
1258518,2
1258524,1
1258537,2
1258539,1
1258548,1
1258558,1
1258564,1
1258566,1
1258568,1
1258586,1
1258589,1
1258591,1
1258594,1
1258596,1
1258601,1
1258603,1
1258605,1
1258608,1
1258612,1
1258615,1
1258618,1
1258620,1
1258624,1
1258628,1
1258634,1
1258636,1
1258639,1
1258643,1
1258645,1
1258650,1
1258654,2
1258656,1
1258665,1
1258668,1
1258682,1
1258687,1
1258689,1
1258702,1
1258706,1
1258709,1
1258724,1
1258743,1
1258756,1
1258761,1
1258770,1
1258772,1
1258776,1
1258793,1
1258801,1
1258803,1
1258806,1
1258809,1
1258811,1
1258815,1
1258822,1
1258826,1
1258832,1
1258836,1
1258838,1
1258841,1
1258844,1
1258846,1
1258849,1
1258860,1
1258865,1
1258869,1
1258880,1
1258884,1
1258890,2
1258895,1
1258906,2
1258913,1
1258916,2
1258932,1
1258954,1
1258965,1
1258969,1
1258976,1
1258981,1
1258984,1
1258991,1
1258993,1
1258996,2
1258998,1
1259003,1
1259012,1
1259018,1
1259024,1
1259029,2
1259031,1
1259039,1
1259048,1
1259051,1
1259053,1
1259074,2
1259077,1
1259091,1
1259099,1
1259103,1
1259106,1
1259115,1
1259126,1
1259134,1
1259142,2
1259149,1
1259155,1
1259159,1
1259163,1
1259167,1
1259172,1
1259175,1
1259183,1
1259186,1
1259191,1
1259194,1
1259200,1
1259204,1
1259210,2
1259216,1
1259234,1
1259246,1
1259254,2
1259262,1
1259264,1
1259284,1
1259297,1
1259300,1
1259304,2
1259306,1
1259314,1
1259323,1
1259341,1
1259343,1
1259358,1
1259362,1
1259371,2
1259373,1
1259378,1
1259380,1
1259384,1
1259391,1
1259407,1
1259422,1
1259427,1
1259436,1
1259438,1
1259440,1
1259442,1
1259458,1
1259460,1
1259462,1
1259466,1
1259475,1
1259477,1
1259479,1
1259481,1
1259483,1
1259490,1
1259494,1
1259500,1
1259505,1
1259510,1
1259512,1
1259520,1
1259524,1
1259537,1
1259541,1
1259543,1
1259548,1
1259556,1
1259567,1
1259571,1
1259580,1
1259583,1
1259587,1
1259591,1
1259594,1
1259599,2
1259604,1
1259607,1
1259609,1
1259612,1
1259623,1
1259627,1
1259630,1
1259635,1
1259641,1
1259643,1
1259649,1
1259653,2
1259659,1
1259661,1
1259664,1
1259678,1
1259693,1
1259702,1
1259704,1
1259721,2
1259728,1
1259735,1
1259748,1
1259758,2
1259760,1
1259782,1
1259800,2
1259809,1
1259812,1
1259830,1
1259841,1
1259867,1
1259871,1
1259878,1
1259884,2
1259891,1
1259898,1
1259904,1
1259910,1
1259915,1
1259922,1
1259930,1
1259936,2
1259940,2
1259943,2
1259947,2
1259952,1
1259955,1
1259957,1
1259959,1
1259971,1
1259975,1
1259979,2
1259984,1
1259987,1
1259998,1
1260006,1
1260013,1
1260017,1
1260044,1
1260048,1
1260051,2
1260054,1
1260058,1
1260062,1
1260068,2
1260073,1
1260083,1
1260089,2
1260101,1
1260123,2
1260136,1
1260141,2
1260149,1
1260166,1
1260171,1
1260180,1
1260186,1
1260200,1
1260202,1
1260205,1
1260208,1
1260213,1
1260215,1
1260221,1
1260230,2
1260234,1
1260237,1
1260240,1
1260250,1
1260254,1
1260258,2
1260267,1
1260286,2
1260288,1
1260291,1
1260296,1
1260300,1
1260305,1
1260307,1
1260310,1
1260314,2
1260320,1
1260323,1
1260328,1
1260331,1
1260336,1
1260341,1
1260343,1
1260355,1
1260361,1
1260370,1
1260375,1
1260379,1
1260381,1
1260391,1
1260399,1
1260402,1
1260405,1
1260408,1
1260416,1
1260423,1
1260427,1
1260434,1
1260445,1
1260456,1
1260459,2
1260463,1
1260467,2
1260471,1
1260486,1
1260494,1
1260502,2
1260509,1
1260515,1
1260517,1
1260522,1
1260527,1
1260529,1
1260540,1
1260545,1
1260561,1
1260564,1
1260566,1
1260571,1
1260575,1
1260581,1
1260583,1
1260591,2
1260596,1
1260599,1
1260608,1
1260611,1
1260614,1
1260620,1
1260628,1
1260631,1
1260636,1
1260639,1
1260645,2
1260653,1
1260655,1
1260669,2
1260675,1
1260710,1
1260717,2
1260723,1
1260733,1
1260739,1
1260744,1
1260750,2
1260756,1
1260760,1
1260765,1
1260783,1
1260786,1
1260788,1
1260790,1
1260799,2
1260803,1
1260806,1
1260808,1
1260818,1
1260825,1
1260832,2
1260837,1
1260841,2
1260847,1
1260852,1
1260857,1
1260879,1
1260883,1
1260906,1
1260919,1
1260922,1
1260928,1
1260931,1
1260935,1
1260943,1
1260957,1
1260970,1
1260973,1
1260977,1
1260994,1
1260997,1
1261018,1
1261026,1
1261030,1
1261032,1
1261045,2
1261051,1
1261081,1
1261084,2
1261090,1
1261093,2
1261096,2
1261101,1
1261104,2
1261106,1
1261111,2
1261134,1
1261140,1
1261147,1
1261156,1
1261163,1
1261167,1
1261171,1
1261175,1
1261180,1
1261189,1
1261195,1
1261200,1
1261203,1
1261208,1
1261210,1
1261220,1
1261225,1
1261232,1
1261242,1
1261246,1
1261268,2
1261278,3
1261288,1
1261291,1
1261302,1
1261306,1
1261312,2
1261317,1
1261334,1
1261340,1
1261345,1
1261347,1
1261354,1
1261357,1
1261363,1
1261372,1
1261384,1
1261387,1
1261389,1
1261400,1
1261414,1
1261424,1
1261432,1
1261436,1
1261440,1
1261445,1
1261452,1
1261454,1
1261460,1
1261463,1
1261468,1
1261471,1
1261474,1
1261478,1
1261481,1
1261487,1
1261489,1
1261493,1
1261499,1
1261501,1
1261511,2
1261528,1
1261536,1
1261544,1
1261549,1
1261564,1
1261578,2
1261589,2
1261593,1
1261604,2
1261607,1
1261611,1
1261613,1
1261615,1
1261624,1
1261626,1
1261631,1
1261644,1
1261647,1
1261653,1
1261661,2
1261671,2
1261678,1
1261695,1
1261698,1
1261702,1
1261706,1
1261710,1
1261715,1
1261719,2
1261725,1
1261729,1
1261735,2
1261753,1
1261755,1
1261757,1
1261759,1
1261764,1
1261773,1
1261778,1
1261781,1
1261788,1
1261791,1
1261799,1
1261814,1
1261820,1
1261833,2
1261841,2
1261844,1
1261848,1
1261854,1
1261859,1
1261876,1
1261885,1
1261889,1
1261891,1
1261895,1
1261902,1
1261915,1
1261931,2
1261942,1
1261964,2
1261967,1
1261975,1
1261982,1
1261989,1
1261991,1
1261994,1
1261999,1
1262006,1
1262017,1
1262021,1
1262024,1
1262041,1
1262047,2
1262055,1
1262066,1
1262074,1
1262080,1
1262083,1
1262088,1
1262093,2
1262104,1
1262109,1
1262112,1
1262122,1
1262125,1
1262131,1
1262133,1
1262140,1
1262147,1
1262156,1
1262164,2
1262175,1
1262179,1
1262181,1
1262183,1
1262185,1
1262188,1
1262190,1
1262200,1
1262208,1
1262211,1
1262217,1
1262229,2
1262235,1
1262238,1
1262246,1
1262248,1
1262254,1
1262262,1
1262277,1
1262283,2
1262285,1
1262289,1
1262294,1
1262299,1
1262304,1
1262306,1
1262315,1
1262325,1
1262327,1
1262335,1
1262341,1
1262346,1
1262351,1
1262355,2
1262360,2
1262365,1
1262370,1
1262372,1
1262377,1
1262379,1
1262403,1
1262411,1
1262415,2
1262425,1
1262433,1
1262436,1
1262442,1
1262445,1
1262447,1
1262450,1
1262453,1
1262457,1
1262460,1
1262468,1
1262474,1
1262486,1
1262489,1
1262494,1
1262497,1
1262502,1
1262508,1
1262515,1
1262527,2
1262539,1
1262550,2
1262553,1
1262557,1
1262567,1
1262571,1
1262594,2
1262616,1
1262638,1
1262644,1
1262649,1
1262652,2
1262659,1
1262667,1
1262669,1
1262671,1
1262686,1
1262690,1
1262696,1
1262698,1
1262710,4
1262713,1
1262730,1
1262738,2
1262741,2
1262749,1
1262751,1
1262753,1
1262760,1
1262773,1
1262776,1
1262784,1
1262788,1
1262803,1
1262812,1
1262818,1
1262825,1
1262839,1
1262845,1
1262849,2
1262851,1
1262855,1
1262862,1
1262870,2
1262873,1
1262875,1
1262887,1
1262890,1
1262899,1
1262901,1
1262914,1
1262921,1
1262936,1
1262939,1
1262967,1
1262970,1
1262973,1
1262978,1
1262982,2
1262984,1
1262988,1
1263014,2
1263026,1
1263028,1
1263033,2
1263048,1
1263056,1
1263066,1
1263069,1
1263074,1
1263084,1
1263086,1
1263095,1
1263098,2
1263101,1
1263105,1
1263112,2
1263123,1
1263128,1
1263130,1
1263133,1
1263144,1
1263161,1
1263170,1
1263173,1
1263178,1
1263187,1
1263190,1
1263210,1
1263220,1
1263227,1
1263229,1
1263233,2
1263248,2
1263256,1
1263268,1
1263272,1
1263291,1
1263294,1
1263297,1
1263299,1
1263306,1
1263311,1
1263317,1
1263332,1
1263337,1
1263347,1
1263354,1
1263360,1
1263365,1
1263369,1
1263374,1
1263378,2
1263381,1
1263385,2
1263390,1
1263394,1
1263397,1
1263400,1
1263403,1
1263406,1
1263420,2
1263425,1
1263427,1
1263438,1
1263441,1
1263448,1
1263452,2
1263455,1
1263457,1
1263480,2
1263487,1
1263490,1
1263494,2
1263511,1
1263516,1
1263518,1
1263523,1
1263526,2
1263531,1
1263534,1
1263542,1
1263559,1
1263562,1
1263564,1
1263567,1
1263576,1
1263584,1
1263588,1
1263596,1
1263601,1
1263610,1
1263613,1
1263617,2
1263620,1
1263632,2
1263637,1
1263639,1
1263648,1
1263659,1
1263664,1
1263670,1
1263693,1
1263701,1
1263707,1
1263711,2
1263714,1
1263718,1
1263725,1
1263732,1
1263746,2
1263750,1
1263755,1
1263767,1
1263773,1
1263782,1
1263788,1
1263792,1
1263800,1
1263807,2
1263816,1
1263819,1
1263843,1
1263848,1
1263850,1
1263859,2
1263861,1
1263864,1
1263866,1
1263872,1
1263880,2
1263893,1
1263898,1
1263907,1
1263910,1
1263913,1
1263928,1
1263932,1
1263938,1
1263945,1
1263948,2
1263953,1
1263956,1
1263962,2
1263968,1
1263978,1
1263995,1
1264004,1
1264007,1
1264009,1
1264014,1
1264021,1
1264023,1
1264027,1
1264031,1
1264042,1
1264045,1
1264065,1
1264070,1
1264075,1
1264083,1
1264093,1
1264095,1
1264098,1
1264113,1
1264118,2
1264123,1
1264131,1
1264134,2
1264138,1
1264146,2
1264154,1
1264159,1
1264166,2
1264168,1
1264193,1
1264201,1
1264203,1
1264210,2
1264214,2
1264216,1
1264227,1
1264230,2
1264237,1
1264245,1
1264248,1
1264250,1
1264252,1
1264256,2
1264259,2
1264266,1
1264272,1
1264276,1
1264284,1
1264286,1
1264289,1
1264301,1
1264304,1
1264320,1
1264323,1
1264328,1
1264333,2
1264337,1
1264343,1
1264345,1
1264371,1
1264378,1
1264383,1
1264403,1
1264410,1
1264435,1
1264445,1
1264448,1
1264452,1
1264455,1
1264460,2
1264463,1
1264473,1
1264477,1
1264480,2
1264490,1
1264497,1
1264499,1
1264503,1
1264508,1
1264510,1
1264515,1
1264520,1
1264533,1
1264546,1
1264549,1
1264551,1
1264559,1
1264565,1
1264567,1
1264570,1
1264589,1
1264600,2
1264602,1
1264606,2
1264615,1
1264617,1
1264627,2
1264629,1
1264633,2
1264635,1
1264639,2
1264644,1
1264646,1
1264654,1
1264657,1
1264661,1
1264670,1
1264672,1
1264680,1
1264713,2
1264729,1
1264736,2
1264757,1
1264766,2
1264788,1
1264792,1
1264798,2
1264800,1
1264804,1
1264808,2
1264810,1
1264816,1
1264822,1
1264837,1
1264839,1
1264849,1
1264852,1
1264861,1
1264863,1
1264873,1
1264882,1
1264885,2
1264895,1
1264899,1
1264901,1
1264915,1
1264921,2
1264926,1
1264928,1
1264933,1
1264936,1
1264940,2
1264946,1
1264949,1
1264953,1
1264959,1
1264971,1
1264976,1
1264983,1
1264993,1
1265001,1
1265003,1
1265025,1
1265035,1
1265043,1
1265049,1
1265052,1
1265067,1
1265072,1
1265075,1
1265081,1
1265087,1
1265092,1
1265097,1
1265101,1
1265107,1
1265112,1
1265130,1
1265140,1
1265146,1
1265154,1
1265156,1
1265164,1
1265168,1
1265175,1
1265180,1
1265184,2
1265188,2
1265200,1
1265216,1
1265221,1
1265226,1
1265231,1
1265240,1
1265242,1
1265248,1
1265252,2
1265260,1
1265262,1
1265266,2
1265275,1
1265290,1
1265302,1
1265304,1
1265307,1
1265313,1
1265317,1
1265320,1
1265332,1
1265336,2
1265344,1
1265355,2
1265360,1
1265362,1
1265370,1
1265384,1
1265391,1
1265396,2
1265401,1
1265409,1
1265412,1
1265419,1
1265428,1
1265431,2
1265441,1
1265443,1
1265470,2
1265479,1
1265482,1
1265489,1
1265494,1
1265500,1
1265502,1
1265519,1
1265528,1
1265540,2
1265575,1
1265583,2
1265591,1
1265594,1
1265596,1
1265599,1
1265608,1
1265612,2
1265618,1
1265621,1
1265640,1
1265645,2
1265656,1
1265680,1
1265698,1
1265704,1
1265709,1
1265727,1
1265730,1
1265733,1
1265735,1
1265745,1
1265750,2
1265761,1
1265764,2
1265772,1
1265777,2
1265782,1
1265786,1
1265790,1
1265795,1
1265799,1
1265803,1
1265805,1
1265809,1
1265825,1
1265837,1
1265842,1
1265853,1
1265856,1
1265858,1
1265860,1
1265862,1
1265867,1
1265871,1
1265879,1
1265885,1
1265887,1
1265901,1
1265909,1
1265912,1
1265921,1
1265929,1
1265932,1
1265962,1
1265980,2
1265986,1
1265989,1
1266004,1
1266008,2
1266010,1
1266014,1
1266022,2
1266029,1
1266033,2
1266038,1
1266042,2
1266048,2
1266053,1
1266060,1
1266062,1
1266069,1
1266071,1
1266077,1
1266079,1
1266090,1
1266094,2
1266098,1
1266102,2
1266111,1
1266124,1
1266128,1
1266135,1
1266141,1
1266143,1
1266155,1
1266171,1
1266180,1
1266183,1
1266186,1
1266191,1
1266201,1
1266205,2
1266214,1
1266216,1
1266220,1
1266230,1
1266234,1
1266238,1
1266242,1
1266248,1
1266250,1
1266255,1
1266263,1
1266270,1
1266290,1
1266293,1
1266295,1
1266301,2
1266305,1
1266309,1
1266312,1
1266316,1
1266330,1
1266342,1
1266346,1
1266357,1
1266377,2
1266385,1
1266397,2
1266401,1
1266403,1
1266420,1
1266424,1
1266426,1
1266429,1
1266450,1
1266456,1
1266460,1
1266465,1
1266475,1
1266483,1
1266487,1
1266501,2
1266505,2
1266510,1
1266512,1
1266514,1
1266529,1
1266532,1
1266535,1
1266543,1
1266566,1
1266573,1
1266614,1
1266620,1
1266622,1
1266627,1
1266630,1
1266641,1
1266650,1
1266657,1
1266667,1
1266675,1
1266677,1
1266681,1
1266684,1
1266688,2
1266691,1
1266708,2
1266713,2
1266721,1
1266728,1
1266750,2
1266762,1
1266775,1
1266779,2
1266785,2
1266796,1
1266814,1
1266830,1
1266854,1
1266868,1
1266879,1
1266882,1
1266885,1
1266887,1
1266907,2
1266910,1
1266919,1
1266923,1
1266925,1
1266937,2
1266942,1
1266946,1
1266949,1
1266956,1
1266962,1
1266983,1
1266988,1
1266996,1
1266999,1
1267002,2
1267005,1
1267012,1
1267016,1
1267021,1
1267025,2
1267042,1
1267045,2
1267052,1
1267062,1
1267072,1
1267082,1
1267085,2
1267090,2
1267094,1
1267096,1
1267109,1
1267116,1
1267120,2
1267123,1
1267130,1
1267132,1
1267138,1
1267155,1
1267165,1
1267170,1
1267175,1
1267179,1
1267189,2
1267197,1
1267224,2
1267228,1
1267230,1
1267232,1
1267236,1
1267244,1
1267253,1
1267257,1
1267261,1
1267269,1
1267281,1
1267289,2
1267300,1
1267303,1
1267312,1
1267321,2
1267328,1
1267334,1
1267341,1
1267346,2
1267348,1
1267354,1
1267357,1
1267363,1
1267370,1
1267373,1
1267375,1
1267381,1
1267388,1
1267390,1
1267396,1
1267403,1
1267406,1
1267422,1
1267435,1
1267439,1
1267443,2
1267445,1
1267448,1
1267450,1
1267453,1
1267458,1
1267460,1
1267468,1
1267479,1
1267488,1
1267496,1
1267508,1
1267510,1
1267513,1
1267515,1
1267530,1
1267536,1
1267538,1
1267546,1
1267563,1
1267566,2
1267575,1
1267579,1
1267589,1
1267603,1
1267608,1
1267613,1
1267617,1
1267624,1
1267627,1
1267629,1
1267635,1
1267640,1
1267643,1
1267648,1
1267652,1
1267661,1
1267666,2
1267668,1
1267670,1
1267674,2
1267678,1
1267687,1
1267690,1
1267699,1
1267703,2
1267718,2
1267748,1
1267754,1
1267764,1
1267766,1
1267768,1
1267774,1
1267779,1
1267790,1
1267795,1
1267799,1
1267802,1
1267805,1
1267810,1
1267813,1
1267821,1
1267828,2
1267831,1
1267835,2
1267843,1
1267852,2
1267859,1
1267869,1
1267875,1
1267878,1
1267890,1
1267898,1
1267903,1
1267905,1
1267907,1
1267913,2
1267917,1
1267923,1
1267936,1
1267938,1
1267941,1
1267948,1
1267951,1
1267956,1
1267960,1
1267973,1
1267982,1
1267986,1
1267992,1
1268003,2
1268015,1
1268025,1
1268029,1
1268033,1
1268036,1
1268045,1
1268056,1
1268059,1
1268062,2
1268074,1
1268079,1
1268083,1
1268102,1
1268113,1
1268122,2
1268130,1
1268136,1
1268144,1
1268147,1
1268155,1
1268157,1
1268170,1
1268172,1
1268177,2
1268180,1
1268187,1
1268190,1
1268198,1
1268201,1
1268208,1
1268219,1
1268221,1
1268235,1
1268257,1
1268278,1
1268292,1
1268295,1
1268297,1
1268301,1
1268330,1
1268333,1
1268338,1
1268343,1
1268348,1
1268368,1
1268376,2
1268384,1
1268392,1
1268404,1
1268406,1
1268410,2
1268423,1
1268434,1
1268442,2
1268461,1
1268472,1
1268478,3
1268487,2
1268490,1
1268494,1
1268501,1
1268505,1
1268514,1
1268523,1
1268529,1
1268531,1
1268534,1
1268549,1
1268552,1
1268556,1
1268563,1
1268569,2
1268571,1
1268584,2
1268597,1
1268599,1
1268602,1
1268607,1
1268616,1
1268625,1
1268627,1
1268635,2
1268647,2
1268657,2
1268659,1
1268662,1
1268671,1
1268694,1
1268698,2
1268704,1
1268710,1
1268719,1
1268724,1
1268731,1
1268733,1
1268738,1
1268741,1
1268743,1
1268754,1
1268757,1
1268761,1
1268767,1
1268771,1
1268774,1
1268778,1
1268786,1
1268791,1
1268802,1
1268807,1
1268827,1
1268834,2
1268843,1
1268845,1
1268848,2
1268862,1
1268868,2
1268870,1
1268876,2
1268881,1
1268884,1
1268886,1
1268897,1
1268904,1
1268910,1
1268923,1
1268936,1
1268938,1
1268942,1
1268949,1
1268954,1
1268961,1
1268973,1
1268976,1
1268979,1
1268987,1
1269004,1
1269011,1
1269017,2
1269024,1
1269030,2
1269032,1
1269046,1
1269051,1
1269058,1
1269063,2
1269067,1
1269074,1
1269076,1
1269092,1
1269094,1
1269097,1
1269112,1
1269115,1
1269119,1
1269122,1
1269126,1
1269128,1
1269133,1
1269141,1
1269155,1
1269168,1
1269172,1
1269181,2
1269206,1
1269210,1
1269217,1
1269219,1
1269232,1
1269239,1
1269246,1
1269249,2
1269254,1
1269265,1
1269272,1
1269285,2
1269301,1
1269303,1
1269311,1
1269331,3
1269333,1
1269335,1
1269346,1
1269350,1
1269358,2
1269368,1
1269376,1
1269380,2
1269391,2
1269399,2
1269409,2
1269413,2
1269416,1
1269435,1
1269440,2
1269443,1
1269450,1
1269454,1
1269462,1
1269464,1
1269474,1
1269480,1
1269491,1
1269495,2
1269499,1
1269508,1
1269521,1
1269526,1
1269529,1
1269532,1
1269542,1
1269548,2
1269566,1
1269571,1
1269583,1
1269586,1
1269588,1
1269592,1
1269607,1
1269610,1
1269614,2
1269631,1
1269646,1
1269648,1
1269653,1
1269658,1
1269663,1
1269669,1
1269680,1
1269685,1
1269699,1
1269718,1
1269721,1
1269727,1
1269730,1
1269733,1
1269740,3
1269742,1
1269750,1
1269752,1
1269763,2
1269766,2
1269768,1
1269772,1
1269775,1
1269780,1
1269785,1
1269796,1
1269800,2
1269805,1
1269807,1
1269809,1
1269819,1
1269824,1
1269839,1
1269845,2
1269847,1
1269849,1
1269855,1
1269858,1
1269866,1
1269872,2
1269877,1
1269884,1
1269890,1
1269895,1
1269905,1
1269907,1
1269909,1
1269915,1
1269927,1
1269929,1
1269932,1
1269934,1
1269938,1
1269947,1
1269964,1
1269970,1
1269979,1
1269981,1
1269983,1
1269990,1
1270003,1
1270006,2
1270014,1
1270016,1
1270018,1
1270027,1
1270031,1
1270039,1
1270042,1
1270046,2
1270063,1
1270066,1
1270077,3
1270086,1
1270088,1
1270095,1
1270104,1
1270110,1
1270122,2
1270125,1
1270137,1
1270141,1
1270154,1
1270162,1
1270169,1
1270172,1
1270187,1
1270195,1
1270206,1
1270209,1
1270211,1
1270214,1
1270216,1
1270221,2
1270226,1
1270230,2
1270234,1
1270236,1
1270244,1
1270249,1
1270253,1
1270260,1
1270271,1
1270274,1
1270286,1
1270288,1
1270294,1
1270310,1
1270318,1
1270320,1
1270328,1
1270330,1
1270345,1
1270348,1
1270353,1
1270362,1
1270364,1
1270368,2
1270370,1
1270377,1
1270381,1
1270385,2
1270389,2
1270405,1
1270412,1
1270419,1
1270425,1
1270430,2
1270447,1
1270450,1
1270460,1
1270464,1
1270468,1
1270472,1
1270477,1
1270479,1
1270485,1
1270489,1
1270497,1
1270499,1
1270504,1
1270521,1
1270536,1
1270543,1
1270546,1
1270548,1
1270553,2
1270560,3
1270568,1
1270592,1
1270595,1
1270600,1
1270606,1
1270609,1
1270623,1
1270631,1
1270639,1
1270642,1
1270647,1
1270649,1
1270652,1
1270656,1
1270658,1
1270671,1
1270684,1
1270686,1
1270688,1
1270696,1
1270700,1
1270719,1
1270724,1
1270729,2
1270734,1
1270739,1
1270742,1
1270744,1
1270748,1
1270757,1
1270764,1
1270769,1
1270800,2
1270809,1
1270811,1
1270816,1
1270822,1
1270824,1
1270828,2
1270836,1
1270843,1
1270853,1
1270860,1
1270863,1
1270865,1
1270870,1
1270872,1
1270879,3
1270882,2
1270890,2
1270894,1
1270905,1
1270917,1
1270922,1
1270927,1
1270931,2
1270933,1
1270938,1
1270942,1
1270944,1
1270946,1
1270948,1
1270950,1
1270953,1
1270959,2
1270977,1
1270981,1
1270993,1
1271002,1
1271006,1
1271011,2
1271016,1
1271029,2
1271034,1
1271040,1
1271044,1
1271049,1
1271053,1
1271056,1
1271060,1
1271066,1
1271068,1
1271084,2
1271105,2
1271111,1
1271125,1
1271128,1
1271136,1
1271141,1
1271144,2
1271150,2
1271155,1
1271160,1
1271174,2
1271178,1
1271198,1
1271207,2
1271216,1
1271219,1
1271222,1
1271228,2
1271231,1
1271234,1
1271256,1
1271258,1
1271266,2
1271268,1
1271271,2
1271277,1
1271284,1
1271286,1
1271292,2
1271300,1
1271310,2
1271316,1
1271320,1
1271323,1
1271335,1
1271345,1
1271350,1
1271361,1
1271367,1
1271374,2
1271378,1
1271380,1
1271393,1
1271411,1
1271415,1
1271423,1
1271431,1
1271436,1
1271438,1
1271450,1
1271455,1
1271459,2
1271469,1
1271473,1
1271475,1
1271486,1
1271490,1
1271502,1
1271505,1
1271522,1
1271528,2
1271533,1
1271536,1
1271552,1
1271560,1
1271564,1
1271582,1
1271586,1
1271592,2
1271605,2
1271609,1
1271620,1
1271628,1
1271644,2
1271655,1
1271668,1
1271672,1
1271675,1
1271678,2
1271682,1
1271688,1
1271710,1
1271731,1
1271736,1
1271749,1
1271753,1
1271761,2
1271764,1
1271773,1
1271776,1
1271800,1
1271805,1
1271812,1
1271816,1
1271818,1
1271837,1
1271839,1
1271843,2
1271847,1
1271854,2
1271861,1
1271866,1
1271870,2
1271885,2
1271887,1
1271891,2
1271900,1
1271903,1
1271906,1
1271922,1
1271925,1
1271930,1
1271935,2
1271940,1
1271943,1
1271956,1
1271961,2
1271964,1
1271974,1
1271977,1
1271986,1
1271992,1
1271995,1
1272000,1
1272013,1
1272028,1
1272051,1
1272056,1
1272059,2
1272064,1
1272069,1
1272072,1
1272076,1
1272078,1
1272082,1
1272087,2
1272097,1
1272102,1
1272109,1
1272119,1
1272126,1
1272132,1
1272135,1
1272140,1
1272143,2
1272146,1
1272152,1
1272156,2
1272159,1
1272165,1
1272173,1
1272177,1
1272191,1
1272198,1
1272204,1
1272211,1
1272218,1
1272221,1
1272225,1
1272228,1
1272230,1
1272233,1
1272240,1
1272248,1
1272284,2
1272293,1
1272298,1
1272301,1
1272303,1
1272307,1
1272318,1
1272322,1
1272331,1
1272335,1
1272339,1
1272344,1
1272348,2
1272352,1
1272361,2
1272373,1
1272399,1
1272402,1
1272406,1
1272413,1
1272416,1
1272418,1
1272421,1
1272428,1
1272435,1
1272442,1
1272446,1
1272451,3
1272454,2
1272461,1
1272469,2
1272475,1
1272478,1
1272483,1
1272495,1
1272502,1
1272507,1
1272511,1
1272519,1
1272521,1
1272530,1
1272533,2
1272537,1
1272542,2
1272550,1
1272553,1
1272559,1
1272562,2
1272574,1
1272576,1
1272579,2
1272591,1
1272594,1
1272602,1
1272607,1
1272614,1
1272621,1
1272627,2
1272630,1
1272637,1
1272651,1
1272657,1
1272668,2
1272684,1
1272694,2
1272714,1
1272718,1
1272720,1
1272733,2
1272741,1
1272746,2
1272751,1
1272755,1
1272765,1
1272772,2
1272780,1
1272786,1
1272791,2
1272803,1
1272811,1
1272820,1
1272829,1
1272831,1
1272835,1
1272854,1
1272867,1
1272873,1
1272888,1
1272897,1
1272911,1
1272916,1
1272918,1
1272921,1
1272939,1
1272941,1
1272948,1
1272955,1
1272961,1
1272974,1
1272978,1
1272995,2
1273002,2
1273006,1
1273010,1
1273016,2
1273033,1
1273041,1
1273052,1
1273061,2
1273064,1
1273068,1
1273070,1
1273072,1
1273074,1
1273088,1
1273091,1
1273094,1
1273100,1
1273106,1
1273110,1
1273130,2
1273134,1
1273144,2
1273151,1
1273168,1
1273172,1
1273177,1
1273179,1
1273182,1
1273189,1
1273191,1
1273204,1
1273210,1
1273212,1
1273216,1
1273219,1
1273221,1
1273234,1
1273239,1
1273245,1
1273250,1
1273254,1
1273256,1
1273260,1
1273295,1
1273311,1
1273315,1
1273323,1
1273327,1
1273339,2
1273341,1
1273346,2
1273348,1
1273355,3
1273360,1
1273368,1
1273372,2
1273374,1
1273378,1
1273381,2
1273384,1
1273388,1
1273391,2
1273397,1
1273401,1
1273403,1
1273408,1
1273413,1
1273416,1
1273426,1
1273429,1
1273444,1
1273466,1
1273468,1
1273490,1
1273495,1
1273503,1
1273517,1
1273524,1
1273529,1
1273533,1
1273560,1
1273568,1
1273574,1
1273577,1
1273582,2
1273590,1
1273604,1
1273607,2
1273612,1
1273614,1
1273619,1
1273632,1
1273635,1
1273645,1
1273650,1
1273661,1
1273663,1
1273671,1
1273680,1
1273684,1
1273693,1
1273720,1
1273732,1
1273734,1
1273741,1
1273754,1
1273761,2
1273767,1
1273772,1
1273779,1
1273784,1
1273788,2
1273790,1
1273793,1
1273799,1
1273804,1
1273806,1
1273809,1
1273833,1
1273840,1
1273848,2
1273865,1
1273882,2
1273889,1
1273898,1
1273916,1
1273923,2
1273925,1
1273933,1
1273939,1
1273953,1
1273955,1
1273968,1
1273972,1
1273978,1
1273980,1
1273982,1
1273988,1
1273998,1
1274010,2
1274015,1
1274019,1
1274023,2
1274031,1
1274033,1
1274040,1
1274054,2
1274072,1
1274078,2
1274087,1
1274095,1
1274102,1
1274107,1
1274113,2
1274123,1
1274131,1
1274136,1
1274145,1
1274165,1
1274171,1
1274173,1
1274187,1
1274189,1
1274192,1
1274202,1
1274209,1
1274217,1
1274224,2
1274228,2
1274233,1
1274235,1
1274252,1
1274258,1
1274262,1
1274270,2
1274275,1
1274279,1
1274283,1
1274285,1
1274289,1
1274292,1
1274294,1
1274299,1
1274305,1
1274309,1
1274312,1
1274317,1
1274322,1
1274325,1
1274329,1
1274342,1
1274354,2
1274359,3
1274361,1
1274363,1
1274366,1
1274368,1
1274371,1
1274376,1
1274381,1
1274384,1
1274388,1
1274395,1
1274418,1
1274420,1
1274424,1
1274430,1
1274436,1
1274440,2
1274450,1
1274459,1
1274461,1
1274465,1
1274467,1
1274471,1
1274474,1
1274479,1
1274483,1
1274500,3
1274512,3
1274521,1
1274523,1
1274528,1
1274533,1
1274540,1
1274545,1
1274547,1
1274550,1
1274556,2
1274565,1
1274571,1
1274581,1
1274583,1
1274589,1
1274591,1
1274612,1
1274622,2
1274629,1
1274632,1
1274639,1
1274644,1
1274659,1
1274661,1
1274668,1
1274673,1
1274677,3
1274679,1
1274689,1
1274711,1
1274718,1
1274726,1
1274728,1
1274734,1
1274737,1
1274762,1
1274765,2
1274770,2
1274774,1
1274794,1
1274799,2
1274801,1
1274808,1
1274814,1
1274832,1
1274851,1
1274863,2
1274870,1
1274875,2
1274880,1
1274882,1
1274891,2
1274893,1
1274908,2
1274911,2
1274916,1
1274925,1
1274927,1
1274930,1
1274932,1
1274937,1
1274944,1
1274946,1
1274956,1
1274971,1
1274982,2
1274985,1
1274992,2
1274995,1
1274999,1
1275001,1
1275011,1
1275022,2
1275025,1
1275027,1
1275042,1
1275048,2
1275066,1
1275070,1
1275073,1
1275077,1
1275082,1
1275093,1
1275098,2
1275100,1
1275111,1
1275118,1
1275121,1
1275124,1
1275128,1
1275143,2
1275148,1
1275155,2
1275165,1
1275168,1
1275179,1
1275192,1
1275196,1
1275200,1
1275208,1
1275215,1
1275225,1
1275241,1
1275253,1
1275256,1
1275265,1
1275267,1
1275269,1
1275284,1
1275292,1
1275300,1
1275302,1
1275306,3
1275308,1
1275311,1
1275323,1
1275331,1
1275338,1
1275344,1
1275349,1
1275351,1
1275359,2
1275363,1
1275366,2
1275371,1
1275374,2
1275389,1
1275391,1
1275394,1
1275403,1
1275411,2
1275418,1
1275421,1
1275439,1
1275441,1
1275456,2
1275468,2
1275476,1
1275478,1
1275484,1
1275497,1
1275499,1
1275504,2
1275509,1
1275511,1
1275513,1
1275517,1
1275523,2
1275529,1
1275531,1
1275535,1
1275539,1
1275548,1
1275562,1
1275566,1
1275568,1
1275575,1
1275585,1
1275587,1
1275590,1
1275599,1
1275603,1
1275626,2
1275635,2
1275640,1
1275643,1
1275649,1
1275657,1
1275659,1
1275664,1
1275667,1
1275676,1
1275681,2
1275684,1
1275693,1
1275697,2
1275699,1
1275706,1
1275712,2
1275723,1
1275726,1
1275729,2
1275750,1
1275752,1
1275761,1
1275765,1
1275768,1
1275773,1
1275784,1
1275802,1
1275807,2
1275811,2
1275827,2
1275832,1
1275835,1
1275845,1
1275850,1
1275867,2
1275876,2
1275878,1
1275890,1
1275899,1
1275908,1
1275915,1
1275919,2
1275934,1
1275952,1
1275958,2
1275965,1
1275972,1
1275978,1
1275981,2
1275986,1
1275988,1
1275997,2
1276003,1
1276010,1
1276044,1
1276060,1
1276085,2
1276091,1
1276098,1
1276100,1
1276102,1
1276105,2
1276108,2
1276112,1
1276114,1
1276126,1
1276139,1
1276142,1
1276155,1
1276166,2
1276169,1
1276175,1
1276197,1
1276216,3
1276222,1
1276225,2
1276229,1
1276238,1
1276243,1
1276248,1
1276251,1
1276255,2
1276261,1
1276278,1
1276300,1
1276314,1
1276323,3
1276325,1
1276328,1
1276330,1
1276339,1
1276354,1
1276358,1
1276360,1
1276385,1
1276388,1
1276398,1
1276411,1
1276414,2
1276418,1
1276423,1
1276425,1
1276432,1
1276450,1
1276454,1
1276480,1
1276486,1
1276498,1
1276501,1
1276505,1
1276522,1
1276533,2
1276550,1
1276557,1
1276563,1
1276570,1
1276574,1
1276583,2
1276586,1
1276597,1
1276601,1
1276604,1
1276609,1
1276624,1
1276631,2
1276636,1
1276639,1
1276646,1
1276650,1
1276655,1
1276670,1
1276676,1
1276687,2
1276693,1
1276709,1
1276719,1
1276724,1
1276726,1
1276728,1
1276737,1
1276740,1
1276747,1
1276757,2
1276761,1
1276764,1
1276773,1
1276775,1
1276778,1
1276784,1
1276791,1
1276793,1
1276795,1
1276808,1
1276815,1
1276825,2
1276834,1
1276838,1
1276854,1
1276856,1
1276859,1
1276863,1
1276876,2
1276881,3
1276888,1
1276892,2
1276897,1
1276912,1
1276914,1
1276920,1
1276928,1
1276934,1
1276953,1
1276955,1
1276960,1
1276962,1
1276965,1
1276972,1
1276977,1
1276980,1
1276986,1
1276996,1
1277005,1
1277011,2
1277023,1
1277031,1
1277045,2
1277051,1
1277057,2
1277070,1
1277092,1
1277101,1
1277104,1
1277107,1
1277112,1
1277118,2
1277129,1
1277140,1
1277143,1
1277145,1
1277152,1
1277160,1
1277162,1
1277165,1
1277173,1
1277180,1
1277182,1
1277198,1
1277203,1
1277215,2
1277218,2
1277224,1
1277231,1
1277233,1
1277238,1
1277240,1
1277248,1
1277253,1
1277257,1
1277261,1
1277268,1
1277270,1
1277278,2
1277280,1
1277284,2
1277289,1
1277293,1
1277300,1
1277305,1
1277313,1
1277320,2
1277322,1
1277325,2
1277329,1
1277339,2
1277341,1
1277343,1
1277353,3
1277359,1
1277370,1
1277373,1
1277377,1
1277380,2
1277383,1
1277389,1
1277401,1
1277410,1
1277424,1
1277427,1
1277429,1
1277432,1
1277435,1
1277448,1
1277456,2
1277460,1
1277469,1
1277472,1
1277485,1
1277505,1
1277519,2
1277521,1
1277526,1
1277529,1
1277532,1
1277547,1
1277554,2
1277576,1
1277580,1
1277585,1
1277595,2
1277597,1
1277608,1
1277613,1
1277620,1
1277625,1
1277630,1
1277634,1
1277647,1
1277650,1
1277652,1
1277656,1
1277663,1
1277669,1
1277673,1
1277675,1
1277691,2
1277693,1
1277698,1
1277703,1
1277708,1
1277712,1
1277719,2
1277729,1
1277733,1
1277735,1
1277738,1
1277745,1
1277748,1
1277756,1
1277765,1
1277768,1
1277775,2
1277777,1
1277789,1
1277794,1
1277806,1
1277808,1
1277810,1
1277812,1
1277822,1
1277826,1
1277834,2
1277837,2
1277846,1
1277852,1
1277858,1
1277860,1
1277865,1
1277871,1
1277890,1
1277902,1
1277908,1
1277910,1
1277912,1
1277914,1
1277925,1
1277932,1
1277934,1
1277936,1
1277951,1
1277986,1
1277992,1
1277996,1
1278000,1
1278010,2
1278028,1
1278030,1
1278038,1
1278050,2
1278066,1
1278070,1
1278079,1
1278081,1
1278083,1
1278093,1
1278101,1
1278105,2
1278110,1
1278119,1
1278127,1
1278135,1
1278138,1
1278143,3
1278146,1
1278159,1
1278167,1
1278170,1
1278173,1
1278179,1
1278189,1
1278198,3
1278206,1
1278210,1
1278217,1
1278222,1
1278226,1
1278230,1
1278234,1
1278247,1
1278249,1
1278253,1
1278256,1
1278260,2
1278265,1
1278267,1
1278271,1
1278287,2
1278290,1
1278297,1
1278302,1
1278305,1
1278329,1
1278340,1
1278344,1
1278350,1
1278356,1
1278358,1
1278376,1
1278380,1
1278395,1
1278414,1
1278421,1
1278433,1
1278438,1
1278441,1
1278445,1
1278448,1
1278454,1
1278457,1
1278464,1
1278469,1
1278475,1
1278479,1
1278483,1
1278486,2
1278491,1
1278495,1
1278499,1
1278504,1
1278509,1
1278521,1
1278532,1
1278541,1
1278551,1
1278562,1
1278584,1
1278589,1
1278592,1
1278594,1
1278597,1
1278602,1
1278607,1
1278618,1
1278626,1
1278631,3
1278633,1
1278635,1
1278640,1
1278646,1
1278649,1
1278656,1
1278658,1
1278665,1
1278669,1
1278671,1
1278677,1
1278686,1
1278698,1
1278702,1
1278710,1
1278714,2
1278736,2
1278738,1
1278744,1
1278749,2
1278751,1
1278754,1
1278767,1
1278775,2
1278780,1
1278783,1
1278797,1
1278804,1
1278809,2
1278816,1
1278819,1
1278821,1
1278840,1
1278844,1
1278849,1
1278852,1
1278855,1
1278857,1
1278865,1
1278867,1
1278870,1
1278872,1
1278878,1
1278892,1
1278894,1
1278901,2
1278905,2
1278909,2
1278926,1
1278938,1
1278948,1
1278959,1
1278964,1
1278966,1
1278978,1
1278996,1
1279002,1
1279006,1
1279008,1
1279011,1
1279013,1
1279025,1
1279028,1
1279034,2
1279036,1
1279040,1
1279050,1
1279054,1
1279056,1
1279059,1
1279063,1
1279065,1
1279081,1
1279089,2
1279093,1
1279097,1
1279106,1
1279114,1
1279126,1
1279158,1
1279161,1
1279166,1
1279171,1
1279187,2
1279195,1
1279213,1
1279216,1
1279222,2
1279227,1
1279234,1
1279244,1
1279256,2
1279263,1
1279270,1
1279276,1
1279279,1
1279288,1
1279291,1
1279297,1
1279300,1
1279305,1
1279311,1
1279321,2
1279329,1
1279348,2
1279357,1
1279368,1
1279375,1
1279378,1
1279380,1
1279385,1
1279389,1
1279393,1
1279406,1
1279416,1
1279436,1
1279443,2
1279448,1
1279450,1
1279459,1
1279464,1
1279466,1
1279476,1
1279480,1
1279489,1
1279492,1
1279494,1
1279497,1
1279501,1
1279505,1
1279509,1
1279511,1
1279527,1
1279544,1
1279558,1
1279564,1
1279574,1
1279578,1
1279586,1
1279600,1
1279602,1
1279606,1
1279623,1
1279627,1
1279630,1
1279635,1
1279637,1
1279645,1
1279663,1
1279669,1
1279672,1
1279677,1
1279679,1
1279696,1
1279699,1
1279703,1
1279715,1
1279724,1
1279727,1
1279729,1
1279737,1
1279747,1
1279749,1
1279757,2
1279759,1
1279765,1
1279769,1
1279772,1
1279791,1
1279802,2
1279804,1
1279806,1
1279808,1
1279820,1
1279823,1
1279825,1
1279830,1
1279836,1
1279839,1
1279843,1
1279856,1
1279860,1
1279863,1
1279865,1
1279870,1
1279872,1
1279876,1
1279884,2
1279889,1
1279897,1
1279911,1
1279914,1
1279917,1
1279921,1
1279926,1
1279929,1
1279944,1
1279946,1
1279953,1
1279957,1
1279965,1
1279970,2
1279977,2
1279991,1
1279998,1
1280009,1
1280021,2
1280028,1
1280036,1
1280044,1
1280051,1
1280058,1
1280062,2
1280065,1
1280070,1
1280075,2
1280078,1
1280093,1
1280099,1
1280106,1
1280117,1
1280120,2
1280134,1
1280141,1
1280148,1
1280158,1
1280166,1
1280168,1
1280172,2
1280176,1
1280178,1
1280183,1
1280188,1
1280193,1
1280201,1
1280205,1
1280209,1
1280214,1
1280218,1
1280220,1
1280225,1
1280229,1
1280235,2
1280243,1
1280251,1
1280253,1
1280266,1
1280279,1
1280287,2
1280298,2
1280301,1
1280312,1
1280318,1
1280321,1
1280340,1
1280352,1
1280359,1
1280368,1
1280374,1
1280377,1
1280380,1
1280388,1
1280393,1
1280400,1
1280403,1
1280406,1
1280410,1
1280414,1
1280416,1
1280433,1
1280445,1
1280451,1
1280453,1
1280461,1
1280468,1
1280470,1
1280475,1
1280480,2
1280482,1
1280485,2
1280497,1
1280505,1
1280516,1
1280522,1
1280530,1
1280553,1
1280564,1
1280570,1
1280580,2
1280590,1
1280592,1
1280602,1
1280608,2
1280619,1
1280621,1
1280628,1
1280633,1
1280636,1
1280644,1
1280646,1
1280648,1
1280658,2
1280661,1
1280676,1
1280684,1
1280689,1
1280691,1
1280698,1
1280700,1
1280703,2
1280715,2
1280723,1
1280726,2
1280729,1
1280744,1
1280749,1
1280770,2
1280772,1
1280776,1
1280784,1
1280786,1
1280789,1
1280796,2
1280800,1
1280806,1
1280811,1
1280814,1
1280828,1
1280830,1
1280840,1
1280843,1
1280846,1
1280851,2
1280858,1
1280876,1
1280883,1
1280907,1
1280910,2
1280912,1
1280917,1
1280920,1
1280924,1
1280937,2
1280940,1
1280945,1
1280951,1
1280954,1
1280959,1
1280962,1
1280966,1
1280970,2
1280974,1
1280986,1
1280994,1
1280996,1
1281000,1
1281010,1
1281013,1
1281016,1
1281029,1
1281032,1
1281036,1
1281042,1
1281045,1
1281050,1
1281054,2
1281058,1
1281061,1
1281069,1
1281073,1
1281079,1
1281087,1
1281091,1
1281094,1
1281096,1
1281111,2
1281127,1
1281138,1
1281142,1
1281148,1
1281151,2
1281164,1
1281167,1
1281170,1
1281176,1
1281188,1
1281194,1
1281214,1
1281220,1
1281223,1
1281234,1
1281236,1
1281238,1
1281240,1
1281250,1
1281252,1
1281258,4
1281264,1
1281266,1
1281268,1
1281270,1
1281274,2
1281281,1
1281290,1
1281294,1
1281312,1
1281314,1
1281321,1
1281323,1
1281325,1
1281339,1
1281342,1
1281345,1
1281351,1
1281365,1
1281380,1
1281389,1
1281400,1
1281404,1
1281410,2
1281412,1
1281419,1
1281425,1
1281430,1
1281435,2
1281437,1
1281443,1
1281447,1
1281453,1
1281459,1
1281481,1
1281486,1
1281489,1
1281498,1
1281502,1
1281504,1
1281513,1
1281523,1
1281529,1
1281542,2
1281544,1
1281546,1
1281549,2
1281552,1
1281573,1
1281575,1
1281577,1
1281584,2
1281591,1
1281604,1
1281612,1
1281616,1
1281626,1
1281629,1
1281634,1
1281645,2
1281649,1
1281654,2
1281658,1
1281666,1
1281669,1
1281671,1
1281681,1
1281683,1
1281689,1
1281691,1
1281695,1
1281703,1
1281717,1
1281723,1
1281725,1
1281730,1
1281732,1
1281734,1
1281736,1
1281741,2
1281743,1
1281751,1
1281754,1
1281756,1
1281759,1
1281770,1
1281774,1
1281776,1
1281786,1
1281804,1
1281807,2
1281814,1
1281818,2
1281824,2
1281826,1
1281833,1
1281848,1
1281852,1
1281858,1
1281864,1
1281866,1
1281870,1
1281877,1
1281883,1
1281889,1
1281895,2
1281903,1
1281905,1
1281908,1
1281914,1
1281921,1
1281926,1
1281937,2
1281939,1
1281941,1
1281944,1
1281950,1
1281956,2
1281966,1
1281970,1
1281975,1
1281981,1
1281984,1
1281988,2
1281990,1
1281995,1
1282000,1
1282006,1
1282010,1
1282015,1
1282021,1
1282023,1
1282032,1
1282037,1
1282044,1
1282051,1
1282055,1
1282061,1
1282067,1
1282071,1
1282083,1
1282097,2
1282099,1
1282117,1
1282119,1
1282140,1
1282151,1
1282158,1
1282164,1
1282170,1
1282183,1
1282191,1
1282203,1
1282208,1
1282212,1
1282221,1
1282234,1
1282236,1
1282242,1
1282248,1
1282250,1
1282274,2
1282284,1
1282287,1
1282303,1
1282306,1
1282308,1
1282315,1
1282320,1
1282327,1
1282334,1
1282339,1
1282345,1
1282347,1
1282354,1
1282365,1
1282368,1
1282371,1
1282384,1
1282390,1
1282399,1
1282402,1
1282404,1
1282414,1
1282431,3
1282435,1
1282441,1
1282444,2
1282450,1
1282453,1
1282457,1
1282463,1
1282466,1
1282474,1
1282479,3
1282493,1
1282497,1
1282505,1
1282515,1
1282518,2
1282521,1
1282533,1
1282548,1
1282560,1
1282565,1
1282570,3
1282572,1
1282575,1
1282577,1
1282592,1
1282601,1
1282612,1
1282617,2
1282622,1
1282625,1
1282627,1
1282634,1
1282637,1
1282639,1
1282648,2
1282650,1
1282659,2
1282661,1
1282664,1
1282679,2
1282684,1
1282687,1
1282694,1
1282699,1
1282708,1
1282712,1
1282714,1
1282725,1
1282736,2
1282751,1
1282753,1
1282770,1
1282772,1
1282774,1
1282779,1
1282781,1
1282783,1
1282795,2
1282809,1
1282813,1
1282828,1
1282839,1
1282847,1
1282861,1
1282870,1
1282879,1
1282889,1
1282893,3
1282898,1
1282905,1
1282907,1
1282910,1
1282916,1
1282921,1
1282924,1
1282930,1
1282942,1
1282945,1
1282954,1
1282969,1
1282975,1
1282980,1
1282985,1
1282990,1
1282994,1
1283004,1
1283008,1
1283023,1
1283025,1
1283033,2
1283035,1
1283038,1
1283045,1
1283064,1
1283067,1
1283073,1
1283075,1
1283078,1
1283084,1
1283094,1
1283109,1
1283113,1
1283116,1
1283123,1
1283125,1
1283136,1
1283144,1
1283147,1
1283154,1
1283159,1
1283163,1
1283172,1
1283182,1
1283185,1
1283193,1
1283204,1
1283208,1
1283213,1
1283217,1
1283225,1
1283230,1
1283235,1
1283239,1
1283241,1
1283244,1
1283249,2
1283252,1
1283266,1
1283268,1
1283277,1
1283286,1
1283291,1
1283303,1
1283315,1
1283321,3
1283328,1
1283336,1
1283349,2
1283354,1
1283358,1
1283362,2
1283366,1
1283371,1
1283373,1
1283385,1
1283387,1
1283390,1
1283396,1
1283406,1
1283409,2
1283411,1
1283415,1
1283423,1
1283430,1
1283439,2
1283442,1
1283445,1
1283451,1
1283454,1
1283457,1
1283461,1
1283466,1
1283471,1
1283473,1
1283476,1
1283479,2
1283485,1
1283498,1
1283502,1
1283513,1
1283516,1
1283531,1
1283535,2
1283543,1
1283560,1
1283566,1
1283572,1
1283576,1
1283581,1
1283583,1
1283588,2
1283590,1
1283606,1
1283612,1
1283614,1
1283619,1
1283622,1
1283624,1
1283626,1
1283631,1
1283635,1
1283641,1
1283648,1
1283650,1
1283655,3
1283657,1
1283659,1
1283667,1
1283672,2
1283678,1
1283687,1
1283692,1
1283696,1
1283711,1
1283714,1
1283717,2
1283719,1
1283725,1
1283729,1
1283733,1
1283743,1
1283748,1
1283755,1
1283762,1
1283770,1
1283777,1
1283784,1
1283794,1
1283800,1
1283802,1
1283808,1
1283817,2
1283828,2
1283830,1
1283833,1
1283859,1
1283861,1
1283863,1
1283878,1
1283881,2
1283888,1
1283890,1
1283896,1
1283900,1
1283905,1
1283917,1
1283920,1
1283923,1
1283942,2
1283952,1
1283964,1
1283995,1
1284000,1
1284009,1
1284016,1
1284023,1
1284029,1
1284048,2
1284058,1
1284065,2
1284067,1
1284079,1
1284081,1
1284089,1
1284091,1
1284100,1
1284119,2
1284123,1
1284132,1
1284153,2
1284158,1
1284162,1
1284167,1
1284174,1
1284176,1
1284188,2
1284203,1
1284205,1
1284213,1
1284220,1
1284226,1
1284230,2
1284233,1
1284235,1
1284239,2
1284243,1
1284256,1
1284258,1
1284260,1
1284263,1
1284267,1
1284269,1
1284274,1
1284277,1
1284292,2
1284294,1
1284296,1
1284304,2
1284306,1
1284326,1
1284337,1
1284356,1
1284371,2
1284397,1
1284402,1
1284418,1
1284426,1
1284433,1
1284440,1
1284445,1
1284449,1
1284451,1
1284454,1
1284463,1
1284465,1
1284469,1
1284476,1
1284479,1
1284487,1
1284492,1
1284501,1
1284505,1
1284519,1
1284530,1
1284535,1
1284546,1
1284554,2
1284556,1
1284561,1
1284572,1
1284593,1
1284595,1
1284598,2
1284612,1
1284618,2
1284620,1
1284623,1
1284625,1
1284631,1
1284642,1
1284645,2
1284658,2
1284663,1
1284672,1
1284678,1
1284693,1
1284701,1
1284706,1
1284708,1
1284712,2
1284715,1
1284721,1
1284724,1
1284728,1
1284739,1
1284744,1
1284748,1
1284751,1
1284754,1
1284756,1
1284760,2
1284769,2
1284774,1
1284777,2
1284783,1
1284792,1
1284800,1
1284803,1
1284810,1
1284813,2
1284826,1
1284850,2
1284855,1
1284863,1
1284869,1
1284872,2
1284889,1
1284891,1
1284895,1
1284906,1
1284910,1
1284915,1
1284918,1
1284926,1
1284945,1
1284949,1
1284952,1
1284961,1
1284966,1
1284975,1
1284978,1
1284982,2
1284984,1
1284989,1
1284991,1
1284994,1
1284996,1
1285002,1
1285007,1
1285015,1
1285019,1
1285050,1
1285055,1
1285063,2
1285069,2
1285073,1
1285085,1
1285100,1
1285102,1
1285106,1
1285113,1
1285116,1
1285123,1
1285132,1
1285134,1
1285140,1
1285146,1
1285158,1
1285168,2
1285177,1
1285179,1
1285188,1
1285193,1
1285197,1
1285201,1
1285210,1
1285219,1
1285224,1
1285234,1
1285238,2
1285243,1
1285252,1
1285260,1
1285267,1
1285269,1
1285278,2
1285284,1
1285292,1
1285296,1
1285301,1
1285304,1
1285313,1
1285329,1
1285331,1
1285339,1
1285345,1
1285352,1
1285354,1
1285362,1
1285370,1
1285376,1
1285380,1
1285388,1
1285400,1
1285404,1
1285416,1
1285421,1
1285427,1
1285429,1
1285438,1
1285449,1
1285453,1
1285459,1
1285463,1
1285467,1
1285481,1
1285485,1
1285490,1
1285492,1
1285498,1
1285501,1
1285506,1
1285510,1
1285517,1
1285521,1
1285534,1
1285544,1
1285550,1
1285555,1
1285559,1
1285563,1
1285567,2
1285572,1
1285575,1
1285578,1
1285588,1
1285604,1
1285607,2
1285612,1
1285624,1
1285626,1
1285631,2
1285637,1
1285640,1
1285652,2
1285656,1
1285658,1
1285663,1
1285665,1
1285671,1
1285684,1
1285689,1
1285699,1
1285711,2
1285718,1
1285728,1
1285732,1
1285744,1
1285749,1
1285756,1
1285758,1
1285760,1
1285762,1
1285766,1
1285777,1
1285779,1
1285786,1
1285790,1
1285792,1
1285795,1
1285805,3
1285807,1
1285823,1
1285825,1
1285833,1
1285838,1
1285853,1
1285860,1
1285864,2
1285866,1
1285872,1
1285874,1
1285876,1
1285881,1
1285884,1
1285894,1
1285899,1
1285902,1
1285906,1
1285909,1
1285913,1
1285915,1
1285921,1
1285931,1
1285934,2
1285940,1
1285954,1
1285961,1
1285969,1
1285971,1
1285976,1
1285980,1
1285986,1
1285989,1
1285998,1
1286001,1
1286006,1
1286025,1
1286032,1
1286039,1
1286044,2
1286060,1
1286070,1
1286079,1
1286092,1
1286096,1
1286106,1
1286113,2
1286118,1
1286132,1
1286137,1
1286143,1
1286145,1
1286157,1
1286167,1
1286170,1
1286173,2
1286175,1
1286179,1
1286184,1
1286197,1
1286205,1
1286212,1
1286218,1
1286220,1
1286222,1
1286226,1
1286228,1
1286231,1
1286233,1
1286238,2
1286289,1
1286291,1
1286296,1
1286312,1
1286316,1
1286319,1
1286321,1
1286323,1
1286331,2
1286336,2
1286348,1
1286354,1
1286360,2
1286366,1
1286375,1
1286388,2
1286392,1
1286400,1
1286421,1
1286441,1
1286453,1
1286469,1
1286478,1
1286482,1
1286493,1
1286497,1
1286502,2
1286507,1
1286509,1
1286514,2
1286516,1
1286520,1
1286527,1
1286546,1
1286553,1
1286555,1
1286558,1
1286562,1
1286569,1
1286571,1
1286575,2
1286591,1
1286593,1
1286597,2
1286602,1
1286607,1
1286609,1
1286621,1
1286644,1
1286673,1
1286678,1
1286682,3
1286685,1
1286687,1
1286693,2
1286706,2
1286710,1
1286713,1
1286715,1
1286717,1
1286722,1
1286725,2
1286731,2
1286748,1
1286750,1
1286777,1
1286780,1
1286782,1
1286794,1
1286802,1
1286813,1
1286818,2
1286820,1
1286827,1
1286834,1
1286848,1
1286850,1
1286857,1
1286859,1
1286865,1
1286870,1
1286878,1
1286880,1
1286887,1
1286895,1
1286903,1
1286914,1
1286928,1
1286931,1
1286945,2
1286954,2
1286962,1
1286964,1
1286970,1
1286974,1
1286990,1
1286993,1
1286999,1
1287008,1
1287011,1
1287013,1
1287018,2
1287026,1
1287035,1
1287053,1
1287059,1
1287079,1
1287083,1
1287089,1
1287095,1
1287107,2
1287113,1
1287118,1
1287127,1
1287139,1
1287166,1
1287168,1
1287172,1
1287175,1
1287178,1
1287193,1
1287199,1
1287204,1
1287209,1
1287211,1
1287220,1
1287235,1
1287237,1
1287242,2
1287251,1
1287257,1
1287259,1
1287263,1
1287265,1
1287286,1
1287289,1
1287302,1
1287311,1
1287318,1
1287328,1
1287330,1
1287333,1
1287337,1
1287348,1
1287353,1
1287366,1
1287369,1
1287389,1
1287399,1
1287401,1
1287406,1
1287421,1
1287437,1
1287439,1
1287444,1
1287447,1
1287454,1
1287459,1
1287461,1
1287464,1
1287466,1
1287476,1
1287483,1
1287495,1
1287497,1
1287500,1
1287504,2
1287507,2
1287514,1
1287517,1
1287521,1
1287532,1
1287535,1
1287543,1
1287545,1
1287550,1
1287558,1
1287561,2
1287565,1
1287567,1
1287574,1
1287582,1
1287591,1
1287608,1
1287628,1
1287639,1
1287642,1
1287652,2
1287662,1
1287669,2
1287673,1
1287677,1
1287681,1
1287685,2
1287689,1
1287692,2
1287696,1
1287718,1
1287729,2
1287734,1
1287736,1
1287742,1
1287747,1
1287750,1
1287756,1
1287763,1
1287768,1
1287770,1
1287773,1
1287783,1
1287787,2
1287809,1
1287826,2
1287829,1
1287834,1
1287837,1
1287871,1
1287881,1
1287883,1
1287886,1
1287898,1
1287906,1
1287915,1
1287929,1
1287940,1
1287942,1
1287944,1
1287947,1
1287949,1
1287951,1
1287953,1
1287956,1
1287959,1
1287970,1
1287980,1
1287989,1
1287994,2
1287997,1
1288001,1
1288008,1
1288013,1
1288016,1
1288025,1
1288029,1
1288032,1
1288049,1
1288053,1
1288056,1
1288065,1
1288079,1
1288084,2
1288089,1
1288091,1
1288118,1
1288124,1
1288127,1
1288137,1
1288141,2
1288144,1
1288151,1
1288154,1
1288162,2
1288170,1
1288174,2
1288176,1
1288185,1
1288193,1
1288198,1
1288206,2
1288213,2
1288215,1
1288226,1
1288229,1
1288234,1
1288239,1
1288241,1
1288246,1
1288248,1
1288250,1
1288262,1
1288267,1
1288270,1
1288275,1
1288281,1
1288292,1
1288295,2
1288306,1
1288320,2
1288323,1
1288331,1
1288336,1
1288340,1
1288348,1
1288353,1
1288356,1
1288367,1
1288379,2
1288402,2
1288407,1
1288410,1
1288416,1
1288418,1
1288428,1
1288437,1
1288443,2
1288450,1
1288459,1
1288466,1
1288474,1
1288481,1
1288490,1
1288495,1
1288501,1
1288515,1
1288523,3
1288533,1
1288541,1
1288545,1
1288547,1
1288550,1
1288555,1
1288574,2
1288577,1
1288580,1
1288583,1
1288589,1
1288596,1
1288598,1
1288605,1
1288611,1
1288618,1
1288623,1
1288625,1
1288627,1
1288629,1
1288632,1
1288636,1
1288648,2
1288651,2
1288657,1
1288666,1
1288669,1
1288682,1
1288688,1
1288693,1
1288696,1
1288704,1
1288716,1
1288719,1
1288724,1
1288731,1
1288734,1
1288741,1
1288743,1
1288745,1
1288752,2
1288755,1
1288765,1
1288780,1
1288793,2
1288801,1
1288807,1
1288810,2
1288817,1
1288825,2
1288833,1
1288836,2
1288838,1
1288843,3
1288845,1
1288847,1
1288855,1
1288863,1
1288868,1
1288871,1
1288880,2
1288883,1
1288898,1
1288900,1
1288910,1
1288920,1
1288932,1
1288941,1
1288951,1
1288954,1
1288959,1
1288965,1
1288968,1
1288970,1
1288973,1
1288976,1
1288980,1
1288984,1
1288986,1
1288993,1
1289002,1
1289012,1
1289025,1
1289038,1
1289041,1
1289047,1
1289055,1
1289062,1
1289071,2
1289075,1
1289084,1
1289102,1
1289109,1
1289113,1
1289129,1
1289136,2
1289141,3
1289143,1
1289145,1
1289157,1
1289169,1
1289172,1
1289175,1
1289182,1
1289187,1
1289200,1
1289208,1
1289210,1
1289218,1
1289225,2
1289238,1
1289243,1
1289249,1
1289254,1
1289258,2
1289269,1
1289272,1
1289279,2
1289281,1
1289283,1
1289288,1
1289294,1
1289314,1
1289321,1
1289330,1
1289334,1
1289344,1
1289356,1
1289361,1
1289375,1
1289381,1
1289388,1
1289395,2
1289399,1
1289411,1
1289413,1
1289431,1
1289434,1
1289438,1
1289441,1
1289446,1
1289457,1
1289464,1
1289478,1
1289481,1
1289483,1
1289496,1
1289498,1
1289527,1
1289536,1
1289538,1
1289543,1
1289552,1
1289554,1
1289556,1
1289562,3
1289566,1
1289571,1
1289576,1
1289582,1
1289584,1
1289587,1
1289601,1
1289605,1
1289620,1
1289631,1
1289635,1
1289640,2
1289658,1
1289670,1
1289677,2
1289679,1
1289688,1
1289692,1
1289694,1
1289712,1
1289717,1
1289720,1
1289722,1
1289725,1
1289728,1
1289737,1
1289741,1
1289745,1
1289750,1
1289754,2
1289759,1
1289762,1
1289769,2
1289780,1
1289782,1
1289784,1
1289806,1
1289808,1
1289812,1
1289815,1
1289824,1
1289829,1
1289833,1
1289836,1
1289838,1
1289842,1
1289847,1
1289855,2
1289860,2
1289872,2
1289874,1
1289882,1
1289889,2
1289892,1
1289907,1
1289909,1
1289912,1
1289921,1
1289928,2
1289933,1
1289937,1
1289939,1
1289952,1
1289957,1
1289965,1
1289971,1
1289977,1
1289984,1
1289999,2
1290002,1
1290004,1
1290016,3
1290018,1
1290030,2
1290035,1
1290037,1
1290039,1
1290043,1
1290048,2
1290053,1
1290072,2
1290077,2
1290085,1
1290088,1
1290092,1
1290099,1
1290104,1
1290106,1
1290116,1
1290118,1
1290126,1
1290164,1
1290182,1
1290184,1
1290187,1
1290192,1
1290204,1
1290212,1
1290215,1
1290222,1
1290229,1
1290232,1
1290236,1
1290243,1
1290245,1
1290253,1
1290261,1
1290270,1
1290280,1
1290284,1
1290290,2
1290308,1
1290311,1
1290321,1
1290324,1
1290329,1
1290331,1
1290337,1
1290339,1
1290344,1
1290350,1
1290354,1
1290359,1
1290362,1
1290366,2
1290376,2
1290395,1
1290399,2
1290401,1
1290407,1
1290416,2
1290419,1
1290421,1
1290426,1
1290445,2
1290457,1
1290461,1
1290469,1
1290475,1
1290484,2
1290490,1
1290493,2
1290495,1
1290509,1
1290515,1
1290518,1
1290522,1
1290540,1
1290547,1
1290567,1
1290569,1
1290576,1
1290585,2
1290592,1
1290602,1
1290605,1
1290621,1
1290635,1
1290641,1
1290648,1
1290659,1
1290662,1
1290665,1
1290679,2
1290681,1
1290683,1
1290689,2
1290691,1
1290696,1
1290700,1
1290709,3
1290717,1
1290734,1
1290740,1
1290747,1
1290755,1
1290759,1
1290764,1
1290767,1
1290779,1
1290795,1
1290798,1
1290800,1
1290803,1
1290806,1
1290809,2
1290816,1
1290823,1
1290828,1
1290835,1
1290838,1
1290848,1
1290861,1
1290866,1
1290871,1
1290875,1
1290886,1
1290888,1
1290895,1
1290900,1
1290909,1
1290915,1
1290919,1
1290926,1
1290933,1
1290938,1
1290950,1
1290952,1
1290960,1
1290963,1
1290965,1
1290971,1
1290977,1
1290984,1
1291003,1
1291007,1
1291011,1
1291013,1
1291019,1
1291033,1
1291040,1
1291042,1
1291055,1
1291066,1
1291068,1
1291070,1
1291074,2
1291077,1
1291081,1
1291085,1
1291091,2
1291093,1
1291095,1
1291098,1
1291107,1
1291111,1
1291126,1
1291129,1
1291134,1
1291143,1
1291147,1
1291162,1
1291164,1
1291171,2
1291173,1
1291177,1
1291179,1
1291189,1
1291194,1
1291202,1
1291213,1
1291220,1
1291222,1
1291224,1
1291226,1
1291236,1
1291266,1
1291273,2
1291281,2
1291286,1
1291301,1
1291307,1
1291316,1
1291321,2
1291326,1
1291328,1
1291330,1
1291338,1
1291347,2
1291349,1
1291355,1
1291357,1
1291362,1
1291366,1
1291369,1
1291384,1
1291390,2
1291400,1
1291409,1
1291415,1
1291420,1
1291426,1
1291431,1
1291440,1
1291448,1
1291457,1
1291459,1
1291461,1
1291472,1
1291488,1
1291491,1
1291506,1
1291509,1
1291514,1
1291517,1
1291522,1
1291527,1
1291532,1
1291562,2
1291567,1
1291575,1
1291584,1
1291591,1
1291598,1
1291603,2
1291626,1
1291628,1
1291647,1
1291650,2
1291655,1
1291658,1
1291660,1
1291671,1
1291673,1
1291689,1
1291692,1
1291694,1
1291696,1
1291709,2
1291711,1
1291714,1
1291716,1
1291720,1
1291726,1
1291729,1
1291734,2
1291743,1
1291750,1
1291754,1
1291762,1
1291773,1
1291776,1
1291798,1
1291802,1
1291807,1
1291818,1
1291822,1
1291827,1
1291830,1
1291833,2
1291844,1
1291863,2
1291871,2
1291895,1
1291903,1
1291907,1
1291912,1
1291924,1
1291926,1
1291933,1
1291950,1
1291962,1
1291968,1
1291974,2
1291977,1
1291984,1
1292000,1
1292011,1
1292023,1
1292027,1
1292032,1
1292035,1
1292064,1
1292081,1
1292083,1
1292086,1
1292106,1
1292115,1
1292119,1
1292121,1
1292130,2
1292135,1
1292139,1
1292145,1
1292150,3
1292156,1
1292196,1
1292207,1
1292232,1
1292236,2
1292243,1
1292246,1
1292251,1
1292253,1
1292261,1
1292273,1
1292278,2
1292284,1
1292289,1
1292293,1
1292297,1
1292301,1
1292307,1
1292311,2
1292316,1
1292332,1
1292340,1
1292354,1
1292368,1
1292373,3
1292375,1
1292381,1
1292390,1
1292395,1
1292397,1
1292425,1
1292434,1
1292437,2
1292449,1
1292465,1
1292467,1
1292472,1
1292496,1
1292499,1
1292501,1
1292504,1
1292520,1
1292522,1
1292524,1
1292539,1
1292553,1
1292568,1
1292576,1
1292581,1
1292590,1
1292595,1
1292599,2
1292604,2
1292607,1
1292616,1
1292625,1
1292650,1
1292664,1
1292666,1
1292672,2
1292676,1
1292682,1
1292693,1
1292698,1
1292701,1
1292706,1
1292713,1
1292739,1
1292744,1
1292749,1
1292751,1
1292761,2
1292770,1
1292774,1
1292780,1
1292783,2
1292790,1
1292801,3
1292808,1
1292810,1
1292815,1
1292826,2
1292830,2
1292836,1
1292839,1
1292848,1
1292853,1
1292858,1
1292862,1
1292868,2
1292873,1
1292875,1
1292877,1
1292881,1
1292889,1
1292895,1
1292907,1
1292920,1
1292934,2
1292942,1
1292967,1
1292975,1
1292983,1
1292985,1
1292993,1
1292999,1
1293001,1
1293005,1
1293019,2
1293027,1
1293046,1
1293054,1
1293057,1
1293065,2
1293072,1
1293088,1
1293094,1
1293099,1
1293101,1
1293107,1
1293110,1
1293114,1
1293120,1
1293122,1
1293124,1
1293126,1
1293133,1
1293136,1
1293142,1
1293151,1
1293155,1
1293158,1
1293161,1
1293165,1
1293168,1
1293170,1
1293191,2
1293204,1
1293211,1
1293213,1
1293216,1
1293228,1
1293239,1
1293241,1
1293249,1
1293251,1
1293256,1
1293259,1
1293262,1
1293270,1
1293309,1
1293313,1
1293316,1
1293329,1
1293331,1
1293337,1
1293343,1
1293355,1
1293366,1
1293370,1
1293381,1
1293390,1
1293393,1
1293401,1
1293409,1
1293414,2
1293417,1
1293424,1
1293426,1
1293435,1
1293443,1
1293445,1
1293455,1
1293463,1
1293465,1
1293477,1
1293480,1
1293486,3
1293488,1
1293490,1
1293492,1
1293499,1
1293503,1
1293508,1
1293513,1
1293521,1
1293529,1
1293537,2
1293545,1
1293551,1
1293554,1
1293568,1
1293571,1
1293577,1
1293592,1
1293597,1
1293599,1
1293619,1
1293623,1
1293630,1
1293634,1
1293654,1
1293662,2
1293666,1
1293674,1
1293676,1
1293680,1
1293718,1
1293727,1
1293731,1
1293734,1
1293737,1
1293740,1
1293744,2
1293746,1
1293748,1
1293755,1
1293762,2
1293765,2
1293770,1
1293781,2
1293785,1
1293794,1
1293797,1
1293806,2
1293812,1
1293816,1
1293820,1
1293822,1
1293824,1
1293839,2
1293855,1
1293859,1
1293872,1
1293887,1
1293902,1
1293907,1
1293911,1
1293917,2
1293920,1
1293925,1
1293932,1
1293937,1
1293951,1
1293959,2
1293961,1
1293967,1
1294002,2
1294005,1
1294010,1
1294014,1
1294018,2
1294021,1
1294025,1
1294030,1
1294039,1
1294044,1
1294055,1
1294057,1
1294059,1
1294064,1
1294066,1
1294072,1
1294079,1
1294081,1
1294087,1
1294090,2
1294100,1
1294107,1
1294111,1
1294113,1
1294117,1
1294123,1
1294125,1
1294128,1
1294134,2
1294136,1
1294139,2
1294145,1
1294148,1
1294155,1
1294158,2
1294169,1
1294175,2
1294177,1
1294181,1
1294190,1
1294197,1
1294200,1
1294208,1
1294212,1
1294219,1
1294223,1
1294235,1
1294238,2
1294243,1
1294252,1
1294260,1
1294271,1
1294279,1
1294286,1
1294292,1
1294294,1
1294297,1
1294308,1
1294315,1
1294318,1
1294327,1
1294329,1
1294351,1
1294360,1
1294370,1
1294373,1
1294382,1
1294386,2
1294391,1
1294395,1
1294405,1
1294419,2
1294423,1
1294428,1
1294433,1
1294440,1
1294443,1
1294445,1
1294467,1
1294473,1
1294480,1
1294487,1
1294498,1
1294500,1
1294503,1
1294508,1
1294517,1
1294519,1
1294534,1
1294537,1
1294542,1
1294544,1
1294548,1
1294550,1
1294560,1
1294567,2
1294584,2
1294586,1
1294591,1
1294593,1
1294620,1
1294640,2
1294645,1
1294655,1
1294672,1
1294674,1
1294682,1
1294689,1
1294697,1
1294706,2
1294718,1
1294720,1
1294722,1
1294726,1
1294733,1
1294736,2
1294742,1
1294745,1
1294752,1
1294756,1
1294762,1
1294767,1
1294782,1
1294787,2
1294792,1
1294795,2
1294800,1
1294804,1
1294809,1
1294812,1
1294818,2
1294823,2
1294826,2
1294829,1
1294832,1
1294836,1
1294843,1
1294846,1
1294849,1
1294863,1
1294865,1
1294869,1
1294872,1
1294877,1
1294881,1
1294887,1
1294890,1
1294905,1
1294909,1
1294915,1
1294919,2
1294929,1
1294934,1
1294939,1
1294946,1
1294953,1
1294955,1
1294972,1
1294975,1
1294979,2
1294991,1
1294995,1
1294999,1
1295002,1
1295006,1
1295012,1
1295015,1
1295018,1
1295025,1
1295031,1
1295033,1
1295036,1
1295047,1
1295051,1
1295064,1
1295070,1
1295074,1
1295076,1
1295078,1
1295095,1
1295097,1
1295100,1
1295109,1
1295116,1
1295122,1
1295124,1
1295137,1
1295145,1
1295149,1
1295155,1
1295157,1
1295161,1
1295167,2
1295169,1
1295174,1
1295189,1
1295209,2
1295212,1
1295219,1
1295226,1
1295231,1
1295234,1
1295239,1
1295248,2
1295252,1
1295256,1
1295258,1
1295261,1
1295272,1
1295277,1
1295300,1
1295305,1
1295309,1
1295330,1
1295340,1
1295349,1
1295353,2
1295358,2
1295361,1
1295375,1
1295380,1
1295385,1
1295397,1
1295402,1
1295404,1
1295409,1
1295412,1
1295433,1
1295440,1
1295444,1
1295450,1
1295453,1
1295456,1
1295459,1
1295467,1
1295469,1
1295472,1
1295479,1
1295484,1
1295493,1
1295498,1
1295507,2
1295513,1
1295519,1
1295522,1
1295527,1
1295529,1
1295535,1
1295538,1
1295540,1
1295543,1
1295545,1
1295555,1
1295572,2
1295604,1
1295611,1
1295615,1
1295622,1
1295630,1
1295636,1
1295640,1
1295647,1
1295651,1
1295653,1
1295657,1
1295665,2
1295677,2
1295683,1
1295702,1
1295707,1
1295711,1
1295714,2
1295723,1
1295732,1
1295734,1
1295739,1
1295742,1
1295748,1
1295763,1
1295769,1
1295777,2
1295793,1
1295798,1
1295803,1
1295818,1
1295831,2
1295834,1
1295841,1
1295845,1
1295855,1
1295858,1
1295873,2
1295879,1
1295881,1
1295890,1
1295894,1
1295902,1
1295904,1
1295918,1
1295923,1
1295928,1
1295935,1
1295945,1
1295961,1
1295965,2
1295967,1
1295974,1
1295978,1
1295980,1
1295990,1
1296001,2
1296003,1
1296011,1
1296013,1
1296016,1
1296020,1
1296024,1
1296026,1
1296036,1
1296042,1
1296056,1
1296064,1
1296069,1
1296073,1
1296076,1
1296083,1
1296086,1
1296092,2
1296095,1
1296099,1
1296115,1
1296117,1
1296120,1
1296122,1
1296127,1
1296134,1
1296138,1
1296154,2
1296157,1
1296163,1
1296167,1
1296173,1
1296181,1
1296184,1
1296188,1
1296196,1
1296205,1
1296211,1
1296213,1
1296225,2
1296234,1
1296237,1
1296241,1
1296246,1
1296256,1
1296263,1
1296265,1
1296269,1
1296275,1
1296282,1
1296285,1
1296287,1
1296307,2
1296310,1
1296315,2
1296337,1
1296343,1
1296359,1
1296363,1
1296365,1
1296377,1
1296383,1
1296398,2
1296400,1
1296403,1
1296410,1
1296417,2
1296430,1
1296433,1
1296439,1
1296444,2
1296448,1
1296457,1
1296472,1
1296474,1
1296480,2
1296484,2
1296488,1
1296492,1
1296497,1
1296502,2
1296515,2
1296517,1
1296523,1
1296529,1
1296536,1
1296541,1
1296543,1
1296550,1
1296555,1
1296558,1
1296567,1
1296591,1
1296602,1
1296612,1
1296616,1
1296620,2
1296623,1
1296631,1
1296635,1
1296641,1
1296643,1
1296647,2
1296653,1
1296664,1
1296668,1
1296670,1
1296674,1
1296684,1
1296700,1
1296704,1
1296706,1
1296708,1
1296716,3
1296718,1
1296730,1
1296736,1
1296739,1
1296751,1
1296763,1
1296768,1
1296770,1
1296778,1
1296791,1
1296798,1
1296823,1
1296828,2
1296831,1
1296839,2
1296849,1
1296855,1
1296859,2
1296861,1
1296864,1
1296866,1
1296870,1
1296873,1
1296876,1
1296886,1
1296891,1
1296915,1
1296923,2
1296927,1
1296942,1
1296945,1
1296951,1
1296967,1
1296970,2
1296974,1
1296976,1
1296979,1
1296986,1
1297000,1
1297004,1
1297008,1
1297014,1
1297021,1
1297024,1
1297029,1
1297033,1
1297036,1
1297044,1
1297046,1
1297080,1
1297087,1
1297094,1
1297116,1
1297127,1
1297138,1
1297140,1
1297142,1
1297145,1
1297148,1
1297151,1
1297155,1
1297159,1
1297161,1
1297164,1
1297168,2
1297171,2
1297185,1
1297191,1
1297200,1
1297205,2
1297211,1
1297213,1
1297221,1
1297232,1
1297240,1
1297249,1
1297252,2
1297263,1
1297266,1
1297275,1
1297280,1
1297288,1
1297290,1
1297294,1
1297302,1
1297306,1
1297315,1
1297334,1
1297337,1
1297345,1
1297352,1
1297358,1
1297364,1
1297367,1
1297369,1
1297379,1
1297383,1
1297393,1
1297398,1
1297401,1
1297404,1
1297406,1
1297410,1
1297415,1
1297417,1
1297424,2
1297426,1
1297429,1
1297432,1
1297440,1
1297449,1
1297454,2
1297463,1
1297468,1
1297472,3
1297475,2
1297479,2
1297483,1
1297492,1
1297507,2
1297520,2
1297530,1
1297539,1
1297541,1
1297544,1
1297554,1
1297568,1
1297585,1
1297590,1
1297596,1
1297604,2
1297612,1
1297616,1
1297619,2
1297628,1
1297630,1
1297633,1
1297641,1
1297644,2
1297652,1
1297663,1
1297665,1
1297669,1
1297675,1
1297678,1
1297683,1
1297687,1
1297691,1
1297695,1
1297706,1
1297708,1
1297712,1
1297714,1
1297720,2
1297726,2
1297744,1
1297747,1
1297753,1
1297763,1
1297768,1
1297775,2
1297779,3
1297790,1
1297792,1
1297799,1
1297804,1
1297806,1
1297822,1
1297825,1
1297834,1
1297838,2
1297842,1
1297848,1
1297857,1
1297871,1
1297876,1
1297884,1
1297886,1
1297894,2
1297900,1
1297911,2
1297919,1
1297924,2
1297931,1
1297939,1
1297947,1
1297960,1
1297963,1
1297976,2
1297982,1
1297985,1
1297991,1
1297994,1
1298003,1
1298007,2
1298013,1
1298018,1
1298023,1
1298028,1
1298035,1
1298040,1
1298052,1
1298056,1
1298064,1
1298066,1
1298070,1
1298077,1
1298088,1
1298098,1
1298104,1
1298111,1
1298116,1
1298120,2
1298124,1
1298128,1
1298130,1
1298138,1
1298142,1
1298146,1
1298148,1
1298162,1
1298170,1
1298188,1
1298210,1
1298213,1
1298222,1
1298236,1
1298240,1
1298249,1
1298266,1
1298291,1
1298297,1
1298306,1
1298313,2
1298319,1
1298326,1
1298331,1
1298333,1
1298340,1
1298346,1
1298359,1
1298365,1
1298371,1
1298377,1
1298384,1
1298388,1
1298393,1
1298399,2
1298405,2
1298413,1
1298417,2
1298420,1
1298434,1
1298437,1
1298445,2
1298452,1
1298462,1
1298470,1
1298475,1
1298479,1
1298488,2
1298491,1
1298499,2
1298502,2
1298507,1
1298514,2
1298537,1
1298546,1
1298551,1
1298553,1
1298558,1
1298567,1
1298570,2
1298573,1
1298585,1
1298597,2
1298601,1
1298606,1
1298614,1
1298621,1
1298627,1
1298630,1
1298636,1
1298644,1
1298659,1
1298665,1
1298668,2
1298672,1
1298677,1
1298682,2
1298687,1
1298689,1
1298695,1
1298699,1
1298705,1
1298711,1
1298716,1
1298757,1
1298771,1
1298774,1
1298776,1
1298781,1
1298784,2
1298786,1
1298790,1
1298797,1
1298800,1
1298807,2
1298809,1
1298812,1
1298815,1
1298826,2
1298833,1
1298835,1
1298871,1
1298873,1
1298880,1
1298883,2
1298890,1
1298899,1
1298906,1
1298909,2
1298915,1
1298927,1
1298929,1
1298932,1
1298935,1
1298946,1
1298959,1
1298985,2
1298991,1
1298995,1
1299002,1
1299015,2
1299018,1
1299022,1
1299029,1
1299032,1
1299036,2
1299046,2
1299050,1
1299053,2
1299056,1
1299058,1
1299060,1
1299069,2
1299074,2
1299082,1
1299086,1
1299090,1
1299092,1
1299101,1
1299106,1
1299116,1
1299122,1
1299125,1
1299127,1
1299130,1
1299133,1
1299135,1
1299137,1
1299144,2
1299153,2
1299157,1
1299164,1
1299167,1
1299172,1
1299184,1
1299189,1
1299191,1
1299193,1
1299198,2
1299200,1
1299202,1
1299204,1
1299210,1
1299223,2
1299225,1
1299229,1
1299243,2
1299248,1
1299250,1
1299254,1
1299275,1
1299283,1
1299290,1
1299293,1
1299299,2
1299303,1
1299309,2
1299318,1
1299330,1
1299336,1
1299361,1
1299363,1
1299368,1
1299373,2
1299378,1
1299382,1
1299392,1
1299412,1
1299425,2
1299427,1
1299429,1
1299431,1
1299434,1
1299442,2
1299450,2
1299458,1
1299462,1
1299468,1
1299470,1
1299481,1
1299486,2
1299488,1
1299495,2
1299508,1
1299510,1
1299528,1
1299537,2
1299554,1
1299558,1
1299562,2
1299573,1
1299575,1
1299577,1
1299581,1
1299585,2
1299590,1
1299596,1
1299608,1
1299614,1
1299621,1
1299627,1
1299639,1
1299641,1
1299649,1
1299666,1
1299672,1
1299676,1
1299682,2
1299690,1
1299695,1
1299701,1
1299716,1
1299719,1
1299724,1
1299735,2
1299740,1
1299742,1
1299748,1
1299758,1
1299760,1
1299766,1
1299779,1
1299792,1
1299795,1
1299798,1
1299800,1
1299802,1
1299804,1
1299811,1
1299816,1
1299820,1
1299823,1
1299827,2
1299832,1
1299839,1
1299855,2
1299862,2
1299875,1
1299877,1
1299882,1
1299886,1
1299899,1
1299908,1
1299914,1
1299919,1
1299922,1
1299925,1
1299927,1
1299930,1
1299949,2
1299951,1
1299957,1
1299961,1
1299988,1
1299998,1
1400000,1
1400003,2
1400015,1
1400020,1
1400025,1
1400041,1
1400044,1
1400050,2
1400057,1
1400075,1
1400080,2
1400083,2
1400088,1
1400095,2
1400102,2
1400109,1
1400135,2
1400140,1
1400152,1
1400155,1
1400161,1
1400167,1
1400169,1
1400185,2
1400187,1
1400193,1
1400197,1
1400199,1
1400208,1
1400212,1
1400215,2
1400219,1
1400227,2
1400232,1
1400243,1
1400248,2
1400251,1
1400264,1
1400273,1
1400276,1
1400283,1
1400290,1
1400299,1
1400303,1
1400312,1
1400324,1
1400327,1
1400332,1
1400344,1
1400350,1
1400357,4
1400360,1
1400364,1
1400371,1
1400382,1
1400387,1
1400391,1
1400398,1
1400401,1
1400405,2
1400409,1
1400423,1
1400447,1
1400450,1
1400452,1
1400455,1
1400458,2
1400467,1
1400472,1
1400475,1
1400493,2
1400507,1
1400515,1
1400521,1
1400523,1
1400538,1
1400546,1
1400550,1
1400553,1
1400559,1
1400564,1
1400571,2
1400623,1
1400625,1
1400628,1
1400632,1
1400635,1
1400637,1
1400650,1
1400655,1
1400659,1
1400665,1
1400670,1
1400675,1
1400678,1
1400682,1
1400687,2
1400689,1
1400694,1
1400701,1
1400707,1
1400712,2
1400720,1
1400725,1
1400730,1
1400743,1
1400748,1
1400759,1
1400765,2
1400768,1
1400778,1
1400786,1
1400794,1
1400800,2
1400812,1
1400816,1
1400827,1
1400830,1
1400844,1
1400846,1
1400853,1
1400864,1
1400867,1
1400870,1
1400880,2
1400886,1
1400892,1
1400903,1
1400915,1
1400921,2
1400926,1
1400931,1
1400953,1
1400962,1
1400964,1
1400966,1
1400972,1
1400988,1
1400990,1
1401001,1
1401011,1
1401017,1
1401023,1
1401032,1
1401036,1
1401046,1
1401056,1
1401061,1
1401066,1
1401068,1
1401076,1
1401089,1
1401091,1
1401093,1
1401095,1
1401104,1
1401108,1
1401115,1
1401121,1
1401124,2
1401127,2
1401134,1
1401136,1
1401139,1
1401150,1
1401159,1
1401164,1
1401166,1
1401182,1
1401193,1
1401204,1
1401211,1
1401214,1
1401217,1
1401227,1
1401232,1
1401238,3
1401247,1
1401249,1
1401254,1
1401264,1
1401267,1
1401272,1
1401279,1
1401287,1
1401291,1
1401297,1
1401299,1
1401304,1
1401314,1
1401316,1
1401326,3
1401328,1
1401346,1
1401355,1
1401363,1
1401366,1
1401371,1
1401373,1
1401382,1
1401389,2
1401391,1
1401393,1
1401403,1
1401408,1
1401415,1
1401427,1
1401432,1
1401444,1
1401451,1
1401461,1
1401465,1
1401467,1
1401474,2
1401484,1
1401497,1
1401502,1
1401506,2
1401519,1
1401521,1
1401524,1
1401526,1
1401528,1
1401536,1
1401551,1
1401559,1
1401566,2
1401568,1
1401571,1
1401576,1
1401581,1
1401583,1
1401588,1
1401600,1
1401603,2
1401617,1
1401627,1
1401634,1
1401645,1
1401649,1
1401657,1
1401666,1
1401673,2
1401683,2
1401685,1
1401687,1
1401701,1
1401706,1
1401709,2
1401712,1
1401716,1
1401721,1
1401723,1
1401725,1
1401730,1
1401734,1
1401739,1
1401742,1
1401747,1
1401754,1
1401757,1
1401764,1
1401773,1
1401775,1
1401783,1
1401791,1
1401798,1
1401805,1
1401819,1
1401826,1
1401832,1
1401835,1
1401837,1
1401841,1
1401844,1
1401850,1
1401855,1
1401861,1
1401864,1
1401880,1
1401882,1
1401909,2
1401911,1
1401914,1
1401919,1
1401931,1
1401947,2
1401949,1
1401954,1
1401962,1
1401965,1
1401971,1
1401978,1
1401980,1
1401984,1
1402009,1
1402013,1
1402017,1
1402026,1
1402032,1
1402041,1
1402044,1
1402057,1
1402062,1
1402067,1
1402073,1
1402078,1
1402086,1
1402092,1
1402105,1
1402124,1
1402132,1
1402138,2
1402146,1
1402154,1
1402161,1
1402164,1
1402176,1
1402181,1
1402186,1
1402193,1
1402201,1
1402203,1
1402210,1
1402218,1
1402225,1
1402237,1
1402244,2
1402248,1
1402256,1
1402262,1
1402265,2
1402267,1
1402272,1
1402280,1
1402292,1
1402304,1
1402310,1
1402312,1
1402316,1
1402319,1
1402325,2
1402335,1
1402344,1
1402349,2
1402353,1
1402359,2
1402364,1
1402380,1
1402392,1
1402414,1
1402417,1
1402434,2
1402439,1
1402444,1
1402450,1
1402458,1
1402460,1
1402464,1
1402468,1
1402470,1
1402477,1
1402485,1
1402494,1
1402499,1
1402504,1
1402523,1
1402525,1
1402535,1
1402540,1
1402543,1
1402547,1
1402550,1
1402553,1
1402556,1
1402563,1
1402571,1
1402577,1
1402593,1
1402596,1
1402606,1
1402608,1
1402610,1
1402615,1
1402620,1
1402625,1
1402628,1
1402630,1
1402634,1
1402637,1
1402641,1
1402648,1
1402652,1
1402657,2
1402661,1
1402676,1
1402691,1
1402695,2
1402720,1
1402725,1
1402731,1
1402734,1
1402746,2
1402752,1
1402759,2
1402765,1
1402771,1
1402776,1
1402779,1
1402782,2
1402784,1
1402786,1
1402804,1
1402817,1
1402824,1
1402826,1
1402828,1
1402832,2
1402840,1
1402847,1
1402851,1
1402855,1
1402868,1
1402883,1
1402889,2
1402894,1
1402918,1
1402924,1
1402926,1
1402930,1
1402940,1
1402944,1
1402958,1
1402965,1
1402976,1
1402982,1
1402986,1
1402990,2
1402995,3
1403004,1
1403017,1
1403021,1
1403028,1
1403046,1
1403048,1
1403051,1
1403057,1
1403065,1
1403073,1
1403076,1
1403082,1
1403089,1
1403096,1
1403100,1
1403103,1
1403105,1
1403114,1
1403126,1
1403134,1
1403140,1
1403165,1
1403169,1
1403180,1
1403188,1
1403200,1
1403208,1
1403220,1
1403223,1
1403227,1
1403233,2
1403237,2
1403250,1
1403259,1
1403262,1
1403264,1
1403274,1
1403295,1
1403301,1
1403307,1
1403312,1
1403322,1
1403328,1
1403330,1
1403335,1
1403343,1
1403362,2
1403380,1
1403387,1
1403390,1
1403395,1
1403403,1
1403413,1
1403415,1
1403421,2
1403424,1
1403430,1
1403434,1
1403437,1
1403439,1
1403451,1
1403453,1
1403465,1
1403474,1
1403477,1
1403484,1
1403488,1
1403491,1
1403502,1
1403505,1
1403515,1
1403517,1
1403526,1
1403530,1
1403535,2
1403537,1
1403555,1
1403558,1
1403561,1
1403568,3
1403571,1
1403578,2
1403584,1
1403593,1
1403595,1
1403600,1
1403605,1
1403608,2
1403617,1
1403627,1
1403637,1
1403643,1
1403646,1
1403656,1
1403685,1
1403692,1
1403694,1
1403697,1
1403699,1
1403702,1
1403706,1
1403711,1
1403717,1
1403722,2
1403728,1
1403737,1
1403751,1
1403760,1
1403763,1
1403765,1
1403781,1
1403785,1
1403788,2
1403799,1
1403819,1
1403822,1
1403832,1
1403843,2
1403845,1
1403849,1
1403854,1
1403856,1
1403874,2
1403884,1
1403888,2
1403892,1
1403897,1
1403899,1
1403901,1
1403903,1
1403911,1
1403914,1
1403920,1
1403925,1
1403935,1
1403944,1
1403955,2
1403958,1
1403982,1
1403989,1
1403991,1
1403995,1
1403999,1
1404032,1
1404043,1
1404046,1
1404050,1
1404052,1
1404056,1
1404072,1
1404085,1
1404091,1
1404094,1
1404096,1
1404110,1
1404114,1
1404127,1
1404130,1
1404135,1
1404137,1
1404162,1
1404177,1
1404182,1
1404185,1
1404191,2
1404193,1
1404205,1
1404211,1
1404217,1
1404234,1
1404257,1
1404265,1
1404280,1
1404286,1
1404290,1
1404298,1
1404311,1
1404324,2
1404338,2
1404348,1
1404356,1
1404359,1
1404362,1
1404369,1
1404376,1
1404378,1
1404385,1
1404388,1
1404391,1
1404393,1
1404396,1
1404401,1
1404404,1
1404412,1
1404431,2
1404442,2
1404449,1
1404464,1
1404469,1
1404471,1
1404476,1
1404500,1
1404503,2
1404512,1
1404514,1
1404517,1
1404521,1
1404525,2
1404527,1
1404537,1
1404539,1
1404545,1
1404549,1
1404556,2
1404561,1
1404582,1
1404592,1
1404601,2
1404611,1
1404613,1
1404615,1
1404618,1
1404621,2
1404626,1
1404632,1
1404634,1
1404642,1
1404650,1
1404656,1
1404666,1
1404674,3
1404681,1
1404689,1
1404691,1
1404696,1
1404699,1
1404705,1
1404713,1
1404721,1
1404726,1
1404738,1
1404747,1
1404752,1
1404756,1
1404759,1
1404766,2
1404769,1
1404779,1
1404785,1
1404788,1
1404797,1
1404816,1
1404818,1
1404826,1
1404840,1
1404842,1
1404845,1
1404849,1
1404855,1
1404858,1
1404860,1
1404868,1
1404870,1
1404875,1
1404883,1
1404889,1
1404894,1
1404901,1
1404905,1
1404907,1
1404915,2
1404918,1
1404928,1
1404930,1
1404934,1
1404936,1
1404939,1
1404954,2
1404967,1
1404978,1
1404993,1
1405002,2
1405007,1
1405012,1
1405021,3
1405027,1
1405032,1
1405037,1
1405048,2
1405050,1
1405052,1
1405055,1
1405069,2
1405083,1
1405085,1
1405092,1
1405102,1
1405115,2
1405121,1
1405138,1
1405141,1
1405148,2
1405152,1
1405156,1
1405164,1
1405166,1
1405168,1
1405170,1
1405175,2
1405181,1
1405189,1
1405196,1
1405200,1
1405206,1
1405217,1
1405237,1
1405246,2
1405256,1
1405258,1
1405275,1
1405277,1
1405286,2
1405291,1
1405296,1
1405299,1
1405312,2
1405321,1
1405326,1
1405334,1
1405345,1
1405347,1
1405365,1
1405371,1
1405374,1
1405381,1
1405399,1
1405409,1
1405411,1
1405415,2
1405425,1
1405431,2
1405439,1
1405446,1
1405455,1
1405463,1
1405465,1
1405472,1
1405483,1
1405496,1
1405501,1
1405505,1
1405515,1
1405518,2
1405529,1
1405540,1
1405550,1
1405567,1
1405570,1
1405577,2
1405579,1
1405597,1
1405601,1
1405606,1
1405613,1
1405616,1
1405621,1
1405623,1
1405625,1
1405628,2
1405651,1
1405658,1
1405660,1
1405673,2
1405685,1
1405692,1
1405695,1
1405697,1
1405704,1
1405710,1
1405714,1
1405716,1
1405721,1
1405724,1
1405729,1
1405738,1
1405740,1
1405756,1
1405764,1
1405766,1
1405786,1
1405798,1
1405804,1
1405820,1
1405825,1
1405831,2
1405836,1
1405840,1
1405845,1
1405869,1
1405871,1
1405881,1
1405883,1
1405897,1
1405904,2
1405909,1
1405912,1
1405914,1
1405931,2
1405938,1
1405941,1
1405943,1
1405948,1
1405952,2
1405957,1
1405960,1
1405967,1
1405969,1
1405975,1
1405982,1
1405999,2
1406012,2
1406016,2
1406022,1
1406025,1
1406028,1
1406034,2
1406038,1
1406043,1
1406051,1
1406057,1
1406060,1
1406064,1
1406068,1
1406079,1
1406082,1
1406093,1
1406095,1
1406099,1
1406103,1
1406105,1
1406111,1
1406114,1
1406128,2
1406130,1
1406139,1
1406147,1
1406151,2
1406158,1
1406171,2
1406175,1
1406181,1
1406188,1
1406210,1
1406212,1
1406228,1
1406242,1
1406247,1
1406253,1
1406262,2
1406267,1
1406284,1
1406289,1
1406300,1
1406304,1
1406309,1
1406328,1
1406335,1
1406343,1
1406346,1
1406349,1
1406354,1
1406357,1
1406364,2
1406380,1
1406382,1
1406389,1
1406396,1
1406405,1
1406410,1
1406412,1
1406416,2
1406425,2
1406428,1
1406431,1
1406442,1
1406444,1
1406450,1
1406458,1
1406475,1
1406480,2
1406497,1
1406515,1
1406547,1
1406570,1
1406573,1
1406578,2
1406580,1
1406587,1
1406592,1
1406594,1
1406600,2
1406607,1
1406612,1
1406627,2
1406634,1
1406650,3
1406652,1
1406666,1
1406669,1
1406696,1
1406707,1
1406731,1
1406745,1
1406759,1
1406771,1
1406779,1
1406787,1
1406802,1
1406805,1
1406814,1
1406822,1
1406829,1
1406842,1
1406845,1
1406852,1
1406859,1
1406861,1
1406863,1
1406865,1
1406874,2
1406888,1
1406890,1
1406894,2
1406898,1
1406900,1
1406911,1
1406919,1
1406921,1
1406923,1
1406939,1
1406957,1
1406959,1
1406962,2
1406996,1
1407000,1
1407012,1
1407018,1
1407022,1
1407031,1
1407033,1
1407038,1
1407063,1
1407075,2
1407085,1
1407088,1
1407098,1
1407101,1
1407106,1
1407114,1
1407117,1
1407130,1
1407132,1
1407135,1
1407138,1
1407141,1
1407149,1
1407155,1
1407167,1
1407176,1
1407183,2
1407199,1
1407213,1
1407224,1
1407226,1
1407232,1
1407255,2
1407257,1
1407260,1
1407269,1
1407271,1
1407280,1
1407284,1
1407292,2
1407294,1
1407300,2
1407309,1
1407316,2
1407320,1
1407332,2
1407351,1
1407363,1
1407365,1
1407367,1
1407369,1
1407401,1
1407404,1
1407408,1
1407418,1
1407421,1
1407432,1
1407438,2
1407443,1
1407456,2
1407464,1
1407471,2
1407475,1
1407479,1
1407482,2
1407489,2
1407492,1
1407497,1
1407499,1
1407508,1
1407511,2
1407513,1
1407517,2
1407525,1
1407527,1
1407531,2
1407533,1
1407540,1
1407556,1
1407559,1
1407564,1
1407566,1
1407584,1
1407591,1
1407597,1
1407606,2
1407609,1
1407611,1
1407614,1
1407636,1
1407643,1
1407646,1
1407653,1
1407655,1
1407657,1
1407660,1
1407666,1
1407671,1
1407677,1
1407680,1
1407687,1
1407691,1
1407694,1
1407699,1
1407701,1
1407706,1
1407710,1
1407719,1
1407721,1
1407725,1
1407728,1
1407747,1
1407768,1
1407771,1
1407777,1
1407783,1
1407790,1
1407793,2
1407797,1
1407800,1
1407807,1
1407810,1
1407814,1
1407816,1
1407822,2
1407830,1
1407837,1
1407845,1
1407849,1
1407853,1
1407862,1
1407866,1
1407869,1
1407874,1
1407879,1
1407889,1
1407891,1
1407893,1
1407902,1
1407909,1
1407924,1
1407926,1
1407930,1
1407932,1
1407944,1
1407956,1
1407958,1
1407964,2
1407966,1
1407981,1
1407989,2
1407997,1
1408001,2
1408014,1
1408016,1
1408018,1
1408023,1
1408029,1
1408038,1
1408041,1
1408044,1
1408047,2
1408053,1
1408055,1
1408058,1
1408069,2
1408087,1
1408104,1
1408109,2
1408118,1
1408120,1
1408122,1
1408139,1
1408148,1
1408158,1
1408167,1
1408170,1
1408174,1
1408184,1
1408190,1
1408194,2
1408198,1
1408205,1
1408215,1
1408251,1
1408258,2
1408267,2
1408272,1
1408284,1
1408286,1
1408293,1
1408295,1
1408301,1
1408303,1
1408306,1
1408319,1
1408323,1
1408326,1
1408329,1
1408334,1
1408355,1
1408358,1
1408365,1
1408386,1
1408388,1
1408394,1
1408402,1
1408408,1
1408420,1
1408425,2
1408427,1
1408432,1
1408441,1
1408451,1
1408463,1
1408473,1
1408480,1
1408487,2
1408492,1
1408498,1
1408506,1
1408509,2
1408515,1
1408520,1
1408526,1
1408536,1
1408549,1
1408554,1
1408564,1
1408575,1
1408579,1
1408582,1
1408597,1
1408602,1
1408607,1
1408613,1
1408631,1
1408640,1
1408651,1
1408661,1
1408669,2
1408674,3
1408676,1
1408678,1
1408687,1
1408693,1
1408695,1
1408699,1
1408704,2
1408706,1
1408710,1
1408717,1
1408719,1
1408722,1
1408725,1
1408728,1
1408737,1
1408742,1
1408746,3
1408757,1
1408778,2
1408780,1
1408802,1
1408813,1
1408817,1
1408821,2
1408824,1
1408831,1
1408843,1
1408852,2
1408855,1
1408865,1
1408868,1
1408871,1
1408875,1
1408878,1
1408886,1
1408888,1
1408896,1
1408903,1
1408915,1
1408917,1
1408923,1
1408926,1
1408935,1
1408942,1
1408945,1
1408953,1
1408956,1
1408963,1
1408965,1
1408981,2
1408983,1
1408988,1
1408991,2
1408995,2
1408997,1
1409011,1
1409017,1
1409020,1
1409030,1
1409044,1
1409048,1
1409054,1
1409064,1
1409072,1
1409095,1
1409097,1
1409110,1
1409116,1
1409121,1
1409125,1
1409129,1
1409133,1
1409135,1
1409140,2
1409142,1
1409159,2
1409166,1
1409168,1
1409171,1
1409173,1
1409176,1
1409180,2
1409192,1
1409196,1
1409209,1
1409221,1
1409224,2
1409234,1
1409236,1
1409242,1
1409244,1
1409246,1
1409252,2
1409254,1
1409257,1
1409260,1
1409264,1
1409267,1
1409278,1
1409280,1
1409289,1
1409292,1
1409298,1
1409307,1
1409314,1
1409316,1
1409321,1
1409325,1
1409331,1
1409343,1
1409359,1
1409362,1
1409368,1
1409370,1
1409381,2
1409390,1
1409401,1
1409413,1
1409417,1
1409425,1
1409427,1
1409430,1
1409435,1
1409442,1
1409452,1
1409460,1
1409463,1
1409469,1
1409477,1
1409482,2
1409485,1
1409488,1
1409502,1
1409506,2
1409511,1
1409514,2
1409520,1
1409532,1
1409541,1
1409550,1
1409553,1
1409563,1
1409575,1
1409582,1
1409586,1
1409590,1
1409593,1
1409608,2
1409613,1
1409622,2
1409633,1
1409635,1
1409637,1
1409647,1
1409656,1
1409659,1
1409663,1
1409666,1
1409681,1
1409686,1
1409689,1
1409693,2
1409695,1
1409708,1
1409712,1
1409719,2
1409726,1
1409736,2
1409742,1
1409745,1
1409748,1
1409751,1
1409758,2
1409765,1
1409772,1
1409775,1
1409780,1
1409785,1
1409802,1
1409804,1
1409806,1
1409808,1
1409813,2
1409830,1
1409834,1
1409843,2
1409850,1
1409859,1
1409863,1
1409889,1
1409895,1
1409898,1
1409913,2
1409928,1
1409933,1
1409942,1
1409944,1
1409950,2
1409952,1
1409955,2
1409957,1
1409966,1
1409975,1
1409978,1
1409983,1
1409993,1
1409996,1
1409999,1
1410003,2
1410009,1
1410017,1
1410022,1
1410032,1
1410036,1
1410047,1
1410062,1
1410066,1
1410070,2
1410075,1
1410094,1
1410097,1
1410103,1
1410120,1
1410122,1
1410125,2
1410129,1
1410132,1
1410135,1
1410139,1
1410144,1
1410150,1
1410153,1
1410157,1
1410159,1
1410162,1
1410167,1
1410177,1
1410183,1
1410196,1
1410200,1
1410205,1
1410212,1
1410215,1
1410242,1
1410244,1
1410247,1
1410253,1
1410266,1
1410282,1
1410299,2
1410305,1
1410315,1
1410319,1
1410323,1
1410325,1
1410335,1
1410352,1
1410364,1
1410372,1
1410378,1
1410380,1
1410383,1
1410387,1
1410389,1
1410394,1
1410402,1
1410410,1
1410421,2
1410424,1
1410426,1
1410428,1
1410431,1
1410434,1
1410437,1
1410440,1
1410449,1
1410452,1
1410454,1
1410457,1
1410460,1
1410464,1
1410473,1
1410477,1
1410479,1
1410485,1
1410490,2
1410496,1
1410507,1
1410515,1
1410521,1
1410526,1
1410529,1
1410531,1
1410538,2
1410542,1
1410546,1
1410554,1
1410561,1
1410564,2
1410574,1
1410582,1
1410588,1
1410602,1
1410604,1
1410608,1
1410613,1
1410619,1
1410621,1
1410633,1
1410641,1
1410646,1
1410652,1
1410655,1
1410661,1
1410672,1
1410682,1
1410689,1
1410700,1
1410705,1
1410717,2
1410731,2
1410736,1
1410745,1
1410757,1
1410761,1
1410768,1
1410785,1
1410788,1
1410800,1
1410809,1
1410816,1
1410834,1
1410839,1
1410845,1
1410870,1
1410874,1
1410903,2
1410905,1
1410918,3
1410920,1
1410923,1
1410933,1
1410939,1
1410944,1
1410951,1
1410954,1
1410968,1
1410981,1
1410988,1
1410993,1
1410995,1
1411001,2
1411006,1
1411011,1
1411015,1
1411023,1
1411034,1
1411038,2
1411040,1
1411043,1
1411051,1
1411056,1
1411075,1
1411079,1
1411089,1
1411091,1
1411099,1
1411104,1
1411114,1
1411122,1
1411134,1
1411138,1
1411141,1
1411147,2
1411160,1
1411193,2
1411195,1
1411199,1
1411202,2
1411207,1
1411219,3
1411228,1
1411238,1
1411242,1
1411245,1
1411252,2
1411265,1
1411281,1
1411284,2
1411289,1
1411302,1
1411306,1
1411310,1
1411315,1
1411337,1
1411340,1
1411343,1
1411357,1
1411361,2
1411365,1
1411378,1
1411380,1
1411388,1
1411392,1
1411396,1
1411399,1
1411406,1
1411409,1
1411416,2
1411423,1
1411431,1
1411459,2
1411461,1
1411471,1
1411475,1
1411493,1
1411497,1
1411506,2
1411508,1
1411515,1
1411518,1
1411521,1
1411523,1
1411526,1
1411530,1
1411537,1
1411543,1
1411545,1
1411550,1
1411555,1
1411558,2
1411588,1
1411591,1
1411606,1
1411608,1
1411617,1
1411620,1
1411641,1
1411654,1
1411666,1
1411668,1
1411675,1
1411684,1
1411690,1
1411705,2
1411719,1
1411723,1
1411728,2
1411760,1
1411769,1
1411771,1
1411775,1
1411784,1
1411789,1
1411798,1
1411805,1
1411811,1
1411827,1
1411835,1
1411844,1
1411846,1
1411851,1
1411853,1
1411855,1
1411863,1
1411866,1
1411878,1
1411888,1
1411897,1
1411918,1
1411925,1
1411931,1
1411934,1
1411941,1
1411946,1
1411956,1
1411959,1
1411963,1
1411967,2
1411970,1
1411974,1
1411979,1
1411983,2
1411990,1
1412006,1
1412018,1
1412024,1
1412027,1
1412029,1
1412032,1
1412042,1
1412048,1
1412060,1
1412063,1
1412090,1
1412095,1
1412104,1
1412123,1
1412127,1
1412134,1
1412138,3
1412145,1
1412154,2
1412156,1
1412159,1
1412166,2
1412171,1
1412176,1
1412182,1
1412188,1
1412196,2
1412208,1
1412217,1
1412222,1
1412232,1
1412260,1
1412262,1
1412271,1
1412275,2
1412277,1
1412280,2
1412294,1
1412301,1
1412306,1
1412315,1
1412328,2
1412331,2
1412339,1
1412343,1
1412356,1
1412363,1
1412372,1
1412381,1
1412383,1
1412387,1
1412398,1
1412418,1
1412421,1
1412423,1
1412434,1
1412439,1
1412447,1
1412450,1
1412453,1
1412460,1
1412462,1
1412470,2
1412479,1
1412482,1
1412484,1
1412489,2
1412503,2
1412505,1
1412528,1
1412530,1
1412542,1
1412552,1
1412567,1
1412586,1
1412588,1
1412595,1
1412603,1
1412611,1
1412619,1
1412623,1
1412629,2
1412634,1
1412643,1
1412651,1
1412656,1
1412661,2
1412675,1
1412680,1
1412689,1
1412697,1
1412701,1
1412704,1
1412707,1
1412714,1
1412719,2
1412723,1
1412738,1
1412740,1
1412747,1
1412750,1
1412756,2
1412765,1
1412768,1
1412770,1
1412773,1
1412777,1
1412781,1
1412785,2
1412790,2
1412795,1
1412806,1
1412814,1
1412823,2
1412833,1
1412845,2
1412850,1
1412852,1
1412860,1
1412864,1
1412870,1
1412877,1
1412889,1
1412891,1
1412893,1
1412899,1
1412907,1
1412918,1
1412923,1
1412928,1
1412932,1
1412934,1
1412938,2
1412946,1
1412949,1
1412954,1
1412960,1
1412972,1
1412978,2
1412980,1
1412983,1
1413000,2
1413003,1
1413007,1
1413012,1
1413018,2
1413021,1
1413032,1
1413035,1
1413044,1
1413049,1
1413079,1
1413083,1
1413089,1
1413095,1
1413102,1
1413104,1
1413106,1
1413109,1
1413113,1
1413121,1
1413123,1
1413127,1
1413134,1
1413148,1
1413157,1
1413165,1
1413178,1
1413180,1
1413189,1
1413196,2
1413207,1
1413209,1
1413227,1
1413230,1
1413238,1
1413250,1
1413259,1
1413266,1
1413270,1
1413276,1
1413284,1
1413289,1
1413292,1
1413300,2
1413306,1
1413310,1
1413313,1
1413316,1
1413320,1
1413322,1
1413335,1
1413356,1
1413358,1
1413369,1
1413373,1
1413378,1
1413383,1
1413387,1
1413393,1
1413400,2
1413404,1
1413413,1
1413423,1
1413429,1
1413439,1
1413443,1
1413446,1
1413448,1
1413454,1
1413465,1
1413474,1
1413478,1
1413481,1
1413485,2
1413488,1
1413494,1
1413508,1
1413518,1
1413522,2
1413526,2
1413529,2
1413537,1
1413539,1
1413542,1
1413545,2
1413550,1
1413552,1
1413554,1
1413558,1
1413565,2
1413572,1
1413574,1
1413586,2
1413588,1
1413594,1
1413596,1
1413598,1
1413612,2
1413628,2
1413632,2
1413634,1
1413641,2
1413654,1
1413658,1
1413660,1
1413669,1
1413681,1
1413698,1
1413701,1
1413703,1
1413714,1
1413730,1
1413734,1
1413738,1
1413752,1
1413754,1
1413757,1
1413771,1
1413785,1
1413793,1
1413811,1
1413818,2
1413821,1
1413826,2
1413837,1
1413844,1
1413855,1
1413860,1
1413863,1
1413872,1
1413885,1
1413889,1
1413891,1
1413902,2
1413918,1
1413932,1
1413949,1
1413965,3
1413968,2
1413976,1
1413979,1
1413982,1
1413984,1
1413992,1
1414002,1
1414006,1
1414017,1
1414026,1
1414035,2
1414039,1
1414047,1
1414050,1
1414055,1
1414057,1
1414059,1
1414068,1
1414089,1
1414092,2
1414102,1
1414115,1
1414118,2
1414126,1
1414128,1
1414132,2
1414137,1
1414143,1
1414145,1
1414151,1
1414157,1
1414167,1
1414171,1
1414180,1
1414191,1
1414195,2
1414200,1
1414204,1
1414206,1
1414230,1
1414235,1
1414238,2
1414243,2
1414251,1
1414262,1
1414266,1
1414272,2
1414284,1
1414290,1
1414302,1
1414305,1
1414308,2
1414310,1
1414313,1
1414321,1
1414324,2
1414336,2
1414341,1
1414351,1
1414353,1
1414359,1
1414362,1
1414367,1
1414370,1
1414378,1
1414381,1
1414387,1
1414392,1
1414398,1
1414406,1
1414414,1
1414417,1
1414419,1
1414429,1
1414433,1
1414451,2
1414454,1
1414456,1
1414458,1
1414464,1
1414487,1
1414492,1
1414496,1
1414498,1
1414501,1
1414505,1
1414509,1
1414530,1
1414532,1
1414538,1
1414548,1
1414557,1
1414561,1
1414571,1
1414575,2
1414577,1
1414580,1
1414582,1
1414584,1
1414602,1
1414609,4
1414611,1
1414614,1
1414619,1
1414622,1
1414631,1
1414637,1
1414640,1
1414646,1
1414650,1
1414655,1
1414664,2
1414685,1
1414695,1
1414705,1
1414725,1
1414734,1
1414743,1
1414752,2
1414755,1
1414763,1
1414780,1
1414786,1
1414796,1
1414801,1
1414809,1
1414812,1
1414820,1
1414829,1
1414834,2
1414836,1
1414869,1
1414884,1
1414889,1
1414909,1
1414927,1
1414934,1
1414939,1
1414947,1
1414950,1
1414952,1
1414963,1
1414965,1
1414968,1
1414970,1
1414972,1
1414976,1
1414978,1
1414981,1
1414989,1
1414992,2
1415004,1
1415006,1
1415012,1
1415016,1
1415021,1
1415032,1
1415040,1
1415048,1
1415054,1
1415062,1
1415070,1
1415073,1
1415077,1
1415082,2
1415092,2
1415094,1
1415097,1
1415104,1
1415111,1
1415113,1
1415119,2
1415124,2
1415134,2
1415146,2
1415148,1
1415157,1
1415165,1
1415171,1
1415175,1
1415179,1
1415192,1
1415199,1
1415201,1
1415204,1
1415207,1
1415213,2
1415221,1
1415224,1
1415227,1
1415230,1
1415232,1
1415234,1
1415236,1
1415238,1
1415244,1
1415246,1
1415253,1
1415261,1
1415268,1
1415273,1
1415275,1
1415289,1
1415291,1
1415293,1
1415296,1
1415300,1
1415305,2
1415319,1
1415322,1
1415333,1
1415338,1
1415344,1
1415353,1
1415360,1
1415371,2
1415383,2
1415386,1
1415395,1
1415397,1
1415401,1
1415408,3
1415412,1
1415429,1
1415434,1
1415441,1
1415444,1
1415447,1
1415455,2
1415457,1
1415463,1
1415479,2
1415481,1
1415495,1
1415501,1
1415509,2
1415526,1
1415535,1
1415539,1
1415545,1
1415553,1
1415564,3
1415566,1
1415568,1
1415579,1
1415587,1
1415589,1
1415591,1
1415594,1
1415615,2
1415618,1
1415624,1
1415628,1
1415645,1
1415649,1
1415655,1
1415668,1
1415673,1
1415680,1
1415683,1
1415688,1
1415698,1
1415709,1
1415716,1
1415721,1
1415740,1
1415748,1
1415755,2
1415760,1
1415766,2
1415771,1
1415794,2
1415797,1
1415804,1
1415828,1
1415833,1
1415836,1
1415841,2
1415844,1
1415848,1
1415856,1
1415858,1
1415861,1
1415864,1
1415874,1
1415877,1
1415882,1
1415887,1
1415898,1
1415911,1
1415921,1
1415927,1
1415930,1
1415932,1
1415953,1
1415967,1
1415974,1
1415999,2
1416004,1
1416009,1
1416012,1
1416015,1
1416032,1
1416038,1
1416041,1
1416049,1
1416055,1
1416069,1
1416073,2
1416078,1
1416096,1
1416103,2
1416106,1
1416113,1
1416122,1
1416124,1
1416128,1
1416134,1
1416139,1
1416149,1
1416158,1
1416160,1
1416168,2
1416180,1
1416185,1
1416194,1
1416196,1
1416198,1
1416204,1
1416206,1
1416219,1
1416225,1
1416242,1
1416251,1
1416269,1
1416288,1
1416293,2
1416300,1
1416308,1
1416315,1
1416325,2
1416331,1
1416337,1
1416341,2
1416350,1
1416359,2
1416369,1
1416378,1
1416385,1
1416392,1
1416406,1
1416409,1
1416411,1
1416419,1
1416431,1
1416441,1
1416449,1
1416453,2
1416458,2
1416461,1
1416469,1
1416472,1
1416478,1
1416487,1
1416494,1
1416496,1
1416501,1
1416506,1
1416518,4
1416525,2
1416539,2
1416545,1
1416556,1
1416559,1
1416561,1
1416563,1
1416580,1
1416583,2
1416585,1
1416590,1
1416598,1
1416605,1
1416622,1
1416631,1
1416640,1
1416649,1
1416663,1
1416665,1
1416672,1
1416679,1
1416685,1
1416698,1
1416702,1
1416708,1
1416717,1
1416723,1
1416728,1
1416737,1
1416741,2
1416747,1
1416757,1
1416759,1
1416773,1
1416777,1
1416784,1
1416793,1
1416801,1
1416811,2
1416815,1
1416819,1
1416833,2
1416838,1
1416843,1
1416851,1
1416866,1
1416885,1
1416893,1
1416895,1
1416899,1
1416902,2
1416908,1
1416928,1
1416932,1
1416942,1
1416944,1
1416948,1
1416958,1
1416963,1
1416967,1
1416975,1
1416983,1
1416995,2
1417001,1
1417004,1
1417009,1
1417011,1
1417013,1
1417022,1
1417028,1
1417035,1
1417037,1
1417042,1
1417054,1
1417076,1
1417079,2
1417081,1
1417084,2
1417089,1
1417097,1
1417118,1
1417128,1
1417133,1
1417145,1
1417148,1
1417150,1
1417168,1
1417177,1
1417182,1
1417188,1
1417194,1
1417198,1
1417202,1
1417208,1
1417218,1
1417226,1
1417232,2
1417238,2
1417250,1
1417254,1
1417257,1
1417268,2
1417279,1
1417284,1
1417288,1
1417292,2
1417315,1
1417320,1
1417322,1
1417352,1
1417359,1
1417371,1
1417373,1
1417383,1
1417388,2
1417391,1
1417401,1
1417404,1
1417417,1
1417419,1
1417427,1
1417432,1
1417445,1
1417449,2
1417462,1
1417469,1
1417476,1
1417492,1
1417514,1
1417525,1
1417537,2
1417542,1
1417546,1
1417556,1
1417559,1
1417565,1
1417573,1
1417585,1
1417596,2
1417611,1
1417618,1
1417622,1
1417629,1
1417639,1
1417656,1
1417665,1
1417670,2
1417674,1
1417695,1
1417697,1
1417700,1
1417712,1
1417717,1
1417721,2
1417724,1
1417742,1
1417744,1
1417747,1
1417750,2
1417756,1
1417761,1
1417767,1
1417769,1
1417784,1
1417787,1
1417796,1
1417798,1
1417800,1
1417810,1
1417817,1
1417820,2
1417822,1
1417825,1
1417830,1
1417844,1
1417860,1
1417867,1
1417869,1
1417877,1
1417881,1
1417888,1
1417899,1
1417901,1
1417924,1
1417929,1
1417938,1
1417940,1
1417946,1
1417948,1
1417955,2
1417963,1
1417967,1
1417972,2
1417974,1
1417978,1
1417985,1
1417988,1
1417993,1
1417998,1
1418005,1
1418012,1
1418042,1
1418052,2
1418061,1
1418072,1
1418076,1
1418078,1
1418093,2
1418098,2
1418120,1
1418129,1
1418133,1
1418142,1
1418159,2
1418163,1
1418167,1
1418186,1
1418189,1
1418193,1
1418196,1
1418204,1
1418208,1
1418211,1
1418214,1
1418221,1
1418238,1
1418251,2
1418257,1
1418271,1
1418275,1
1418278,1
1418281,1
1418296,1
1418306,1
1418314,1
1418319,1
1418321,1
1418336,1
1418342,1
1418346,1
1418355,1
1418359,1
1418363,1
1418409,2
1418411,1
1418429,2
1418439,1
1418441,1
1418451,1
1418459,1
1418465,1
1418481,1
1418485,1
1418487,1
1418490,1
1418499,2
1418501,1
1418506,1
1418513,1
1418517,1
1418522,1
1418540,1
1418550,1
1418558,1
1418560,1
1418572,1
1418574,1
1418580,1
1418582,1
1418589,1
1418600,1
1418606,1
1418609,1
1418616,2
1418627,1
1418638,1
1418653,1
1418675,1
1418678,1
1418693,1
1418698,1
1418711,1
1418718,2
1418721,1
1418737,1
1418739,1
1418756,2
1418760,1
1418765,1
1418785,2
1418787,1
1418794,1
1418810,1
1418819,2
1418826,1
1418833,2
1418842,1
1418850,1
1418856,2
1418861,1
1418868,1
1418881,1
1418894,1
1418899,1
1418901,1
1418906,2
1418916,1
1418923,1
1418926,1
1418938,1
1418940,1
1418959,1
1418970,1
1418974,1
1418993,1
1419000,2
1419015,1
1419019,1
1419022,1
1419026,1
1419028,1
1419035,1
1419041,1
1419050,1
1419058,1
1419068,2
1419075,1
1419085,1
1419096,1
1419102,1
1419105,1
1419116,1
1419119,1
1419133,1
1419136,2
1419159,2
1419174,1
1419180,1
1419194,1
1419197,1
1419202,2
1419217,1
1419221,1
1419227,1
1419231,1
1419235,1
1419241,1
1419252,1
1419270,1
1419281,1
1419285,1
1419297,1
1419302,1
1419306,1
1419315,3
1419317,1
1419321,1
1419324,1
1419329,1
1419333,1
1419352,1
1419357,1
1419383,1
1419386,1
1419394,1
1419399,1
1419408,1
1419412,1
1419430,1
1419437,1
1419442,1
1419459,1
1419461,1
1419468,1
1419473,1
1419477,2
1419479,1
1419482,2
1419485,1
1419487,1
1419489,1
1419498,1
1419504,1
1419506,1
1419514,1
1419526,1
1419540,1
1419546,1
1419549,1
1419555,1
1419557,1
1419560,1
1419572,1
1419577,1
1419584,1
1419586,1
1419588,1
1419592,1
1419597,1
1419601,1
1419614,1
1419621,1
1419627,1
1419641,1
1419653,1
1419658,1
1419660,1
1419663,1
1419666,1
1419669,1
1419673,1
1419676,1
1419685,1
1419695,1
1419710,1
1419715,1
1419722,1
1419725,1
1419738,1
1419744,1
1419750,1
1419755,2
1419763,1
1419766,1
1419772,1
1419774,1
1419782,1
1419786,1
1419788,1
1419791,1
1419795,3
1419813,1
1419816,1
1419818,1
1419820,1
1419831,2
1419843,1
1419850,1
1419852,1
1419858,1
1419863,1
1419865,1
1419892,1
1419896,1
1419899,1
1419903,2
1419907,1
1419909,1
1419916,1
1419930,1
1419932,1
1419960,1
1419965,1
1419970,1
1419973,2
1419977,1
1419982,1
1419987,1
1419994,1
1420006,1
1420011,1
1420013,1
1420016,1
1420023,2
1420026,1
1420035,1
1420043,1
1420046,1
1420060,1
1420062,1
1420064,1
1420066,1
1420071,1
1420082,1
1420085,1
1420089,1
1420098,1
1420120,1
1420127,1
1420134,1
1420137,1
1420140,1
1420142,1
1420149,1
1420154,1
1420162,1
1420166,1
1420184,1
1420208,1
1420213,1
1420219,1
1420237,1
1420249,1
1420256,1
1420261,1
1420263,1
1420270,1
1420272,1
1420275,2
1420278,2
1420283,1
1420288,1
1420290,1
1420294,1
1420299,1
1420308,1
1420310,1
1420312,1
1420316,1
1420336,1
1420339,1
1420349,2
1420366,1
1420369,1
1420372,1
1420376,1
1420390,1
1420401,1
1420413,2
1420415,1
1420437,1
1420449,1
1420451,1
1420468,1
1420499,2
1420529,1
1420553,1
1420563,2
1420570,1
1420574,1
1420576,1
1420582,2
1420597,1
1420610,2
1420615,1
1420617,1
1420620,1
1420634,2
1420637,1
1420641,1
1420644,1
1420649,1
1420652,1
1420681,1
1420692,2
1420702,1
1420707,2
1420719,1
1420722,1
1420732,2
1420739,1
1420745,1
1420749,1
1420751,1
1420757,1
1420761,1
1420783,1
1420797,1
1420799,1
1420801,1
1420805,1
1420813,1
1420815,1
1420824,1
1420827,1
1420830,1
1420832,1
1420856,1
1420869,2
1420877,1
1420885,1
1420888,1
1420898,1
1420901,1
1420915,1
1420927,1
1420937,1
1420941,1
1420947,1
1420951,2
1420955,1
1420958,1
1420961,2
1420971,1
1420976,1
1420980,1
1420984,1
1420992,1
1420994,1
1421007,1
1421010,1
1421015,2
1421025,1
1421027,1
1421035,1
1421039,1
1421044,1
1421060,2
1421065,3
1421067,1
1421070,2
1421075,1
1421080,1
1421085,1
1421087,1
1421096,1
1421099,1
1421116,2
1421127,1
1421140,2
1421151,1
1421156,2
1421162,1
1421166,1
1421174,1
1421191,1
1421199,2
1421204,1
1421207,1
1421228,1
1421247,1
1421250,1
1421260,2
1421262,1
1421264,1
1421266,1
1421270,1
1421278,1
1421280,1
1421284,1
1421286,1
1421288,1
1421290,1
1421298,1
1421303,1
1421313,1
1421320,1
1421323,1
1421335,1
1421338,1
1421342,1
1421345,1
1421348,1
1421352,1
1421356,1
1421358,1
1421366,1
1421368,1
1421385,2
1421392,1
1421399,1
1421402,1
1421425,1
1421437,1
1421449,2
1421452,1
1421456,1
1421474,1
1421481,1
1421493,1
1421496,1
1421499,1
1421503,1
1421517,1
1421539,1
1421549,1
1421557,1
1421559,1
1421562,1
1421576,1
1421586,1
1421588,1
1421590,1
1421604,1
1421610,2
1421614,1
1421626,1
1421628,1
1421632,1
1421641,1
1421646,2
1421648,1
1421661,1
1421664,1
1421674,1
1421679,2
1421685,1
1421693,1
1421705,2
1421715,2
1421718,1
1421721,1
1421731,1
1421733,1
1421736,1
1421741,1
1421743,1
1421747,1
1421749,1
1421754,1
1421761,1
1421764,1
1421767,1
1421769,1
1421785,1
1421789,2
1421794,1
1421797,1
1421800,1
1421808,1
1421814,1
1421818,1
1421824,1
1421826,1
1421837,1
1421839,1
1421854,1
1421863,1
1421872,1
1421875,1
1421880,1
1421888,1
1421896,1
1421905,1
1421908,1
1421916,1
1421925,1
1421935,1
1421943,2
1421951,1
1421966,1
1421979,1
1421984,1
1421987,1
1421994,1
1421996,1
1422010,1
1422035,1
1422040,1
1422049,1
1422054,1
1422056,1
1422058,1
1422069,1
1422073,1
1422075,1
1422081,1
1422086,1
1422089,1
1422091,1
1422093,1
1422097,1
1422103,1
1422111,2
1422113,1
1422116,1
1422120,1
1422131,1
1422138,1
1422140,1
1422143,2
1422145,1
1422151,1
1422157,1
1422167,1
1422169,1
1422180,1
1422187,1
1422191,1
1422198,1
1422200,1
1422211,1
1422216,1
1422221,1
1422223,1
1422228,1
1422241,1
1422244,1
1422250,1
1422252,1
1422258,2
1422261,2
1422263,1
1422269,1
1422274,2
1422279,1
1422299,1
1422313,1
1422315,1
1422317,1
1422321,1
1422333,1
1422335,1
1422350,1
1422357,2
1422365,1
1422382,1
1422385,1
1422387,1
1422415,2
1422423,1
1422439,2
1422452,1
1422455,1
1422467,2
1422471,1
1422478,1
1422491,1
1422493,1
1422502,2
1422510,2
1422513,1
1422516,1
1422518,1
1422522,1
1422526,2
1422533,2
1422543,1
1422564,1
1422575,1
1422589,1
1422600,1
1422604,2
1422626,1
1422628,1
1422631,1
1422634,1
1422639,1
1422643,2
1422660,1
1422662,1
1422681,1
1422694,1
1422699,1
1422702,1
1422708,1
1422713,1
1422724,1
1422745,1
1422754,1
1422813,1
1422815,1
1422820,1
1422823,1
1422827,2
1422833,1
1422844,1
1422846,1
1422855,2
1422862,1
1422864,1
1422870,1
1422877,1
1422911,1
1422921,1
1422923,1
1422933,2
1422942,1
1422944,1
1422948,1
1422955,1
1422970,1
1422991,1
1423000,1
1423003,2
1423011,2
1423016,1
1423019,1
1423022,1
1423025,1
1423027,1
1423030,1
1423036,1
1423047,1
1423049,1
1423055,1
1423057,1
1423059,1
1423085,1
1423108,1
1423114,1
1423116,1
1423123,1
1423125,1
1423136,1
1423140,1
1423151,1
1423164,1
1423166,1
1423179,2
1423189,1
1423200,1
1423212,1
1423216,1
1423220,1
1423232,1
1423245,2
1423253,1
1423257,1
1423259,1
1423279,1
1423289,1
1423294,1
1423316,1
1423318,1
1423324,2
1423328,1
1423332,1
1423336,1
1423348,1
1423354,1
1423359,1
1423363,2
1423385,1
1423405,1
1423407,1
1423411,1
1423414,1
1423420,1
1423424,1
1423433,1
1423441,2
1423452,1
1423454,1
1423462,1
1423468,1
1423477,1
1423484,1
1423497,2
1423499,1
1423503,2
1423511,1
1423514,1
1423528,1
1423531,1
1423536,1
1423543,1
1423545,1
1423547,1
1423550,1
1423552,1
1423556,1
1423559,1
1423567,1
1423575,1
1423585,2
1423590,1
1423602,1
1423623,1
1423628,1
1423634,1
1423637,1
1423659,1
1423686,1
1423688,1
1423692,1
1423694,1
1423718,1
1423726,1
1423742,2
1423744,1
1423747,2
1423757,1
1423771,1
1423776,1
1423782,1
1423790,1
1423795,1
1423801,1
1423805,1
1423815,1
1423822,1
1423828,1
1423830,1
1423834,1
1423837,1
1423840,1
1423845,1
1423860,1
1423865,1
1423867,1
1423919,1
1423923,1
1423932,2
1423939,1
1423944,1
1423946,1
1423949,1
1423964,2
1423969,1
1423974,1
1423976,1
1423987,1
1423991,1
1424023,1
1424025,1
1424035,1
1424038,1
1424045,1
1424073,2
1424085,1
1424090,1
1424092,1
1424099,1
1424104,1
1424112,1
1424125,1
1424129,1
1424134,1
1424137,1
1424143,1
1424148,1
1424152,1
1424162,1
1424174,2
1424176,1
1424178,1
1424183,2
1424190,2
1424195,1
1424206,1
1424210,1
1424214,1
1424216,1
1424225,1
1424228,1
1424232,1
1424241,1
1424259,1
1424261,1
1424276,1
1424279,1
1424283,1
1424289,1
1424298,1
1424302,1
1424319,1
1424321,1
1424325,1
1424327,1
1424330,1
1424337,1
1424345,1
1424355,1
1424366,1
1424371,1
1424377,1
1424384,1
1424389,1
1424392,1
1424413,1
1424422,1
1424464,1
1424468,1
1424477,1
1424479,1
1424484,2
1424498,1
1424501,1
1424505,1
1424508,1
1424511,1
1424513,1
1424519,1
1424525,2
1424531,2
1424540,1
1424543,1
1424550,1
1424554,2
1424557,1
1424559,1
1424566,1
1424568,1
1424572,2
1424574,1
1424583,1
1424598,2
1424605,1
1424608,1
1424614,1
1424623,1
1424625,1
1424631,1
1424637,1
1424642,1
1424661,1
1424665,1
1424670,2
1424675,2
1424678,1
1424684,2
1424686,1
1424691,1
1424696,1
1424700,1
1424725,1
1424729,1
1424731,1
1424738,1
1424745,1
1424747,1
1424755,1
1424762,1
1424770,1
1424783,1
1424803,1
1424813,3
1424816,1
1424820,1
1424823,2
1424829,1
1424842,2
1424845,2
1424862,1
1424864,1
1424870,2
1424878,1
1424882,2
1424884,1
1424887,2
1424891,1
1424893,1
1424895,1
1424899,1
1424919,1
1424927,2
1424929,1
1424948,1
1424953,1
1424958,1
1424966,1
1424968,1
1424972,1
1424975,1
1424984,1
1424990,2
1424994,1
1424999,1
1425002,1
1425016,2
1425018,1
1425023,1
1425028,1
1425055,1
1425063,1
1425067,1
1425074,1
1425079,2
1425089,1
1425091,1
1425094,1
1425099,1
1425107,1
1425111,1
1425120,1
1425128,1
1425141,1
1425144,1
1425149,1
1425151,1
1425162,1
1425165,1
1425172,1
1425177,1
1425180,1
1425185,1
1425195,1
1425202,1
1425208,1
1425224,1
1425229,1
1425232,1
1425234,1
1425246,1
1425263,1
1425267,1
1425273,1
1425276,1
1425280,1
1425289,1
1425311,1
1425314,1
1425317,1
1425326,1
1425343,1
1425348,1
1425357,1
1425364,1
1425370,1
1425372,1
1425378,1
1425383,1
1425388,1
1425398,1
1425407,1
1425409,1
1425413,1
1425417,1
1425422,1
1425432,1
1425437,2
1425447,1
1425468,2
1425479,1
1425481,1
1425483,1
1425487,1
1425521,1
1425532,1
1425536,1
1425540,1
1425545,1
1425550,1
1425555,1
1425559,1
1425572,1
1425574,1
1425577,1
1425581,1
1425588,1
1425596,2
1425600,1
1425616,2
1425620,1
1425624,1
1425630,1
1425636,2
1425654,1
1425656,1
1425660,1
1425662,1
1425667,1
1425675,1
1425679,1
1425685,1
1425699,1
1425704,1
1425717,1
1425726,2
1425728,1
1425731,1
1425735,1
1425742,1
1425761,1
1425763,1
1425765,1
1425769,2
1425771,1
1425784,1
1425786,1
1425789,1
1425796,2
1425806,1
1425817,2
1425819,1
1425826,2
1425833,2
1425841,2
1425854,2
1425864,1
1425869,2
1425883,1
1425894,1
1425897,1
1425901,1
1425905,2
1425921,1
1425924,1
1425934,1
1425938,1
1425940,1
1425943,1
1425953,1
1425958,1
1425965,2
1425975,1
1425979,1
1425983,2
1425990,1
1425994,1
1425998,1
1426000,1
1426004,1
1426010,1
1426014,1
1426022,1
1426026,1
1426041,2
1426046,1
1426056,1
1426058,1
1426063,1
1426073,1
1426076,1
1426083,1
1426094,1
1426096,1
1426104,1
1426108,1
1426111,1
1426113,1
1426116,1
1426134,1
1426138,2
1426142,1
1426153,1
1426164,2
1426171,1
1426174,1
1426178,1
1426184,1
1426187,1
1426189,1
1426205,1
1426213,2
1426221,1
1426239,1
1426261,2
1426263,1
1426265,1
1426267,1
1426273,1
1426281,1
1426285,1
1426302,1
1426316,2
1426323,3
1426325,1
1426344,1
1426346,1
1426350,1
1426372,1
1426387,1
1426390,1
1426393,1
1426396,1
1426399,1
1426409,1
1426424,1
1426435,1
1426437,1
1426444,1
1426446,1
1426453,2
1426479,1
1426481,1
1426484,1
1426490,1
1426508,2
1426510,1
1426518,1
1426522,1
1426529,1
1426534,1
1426539,1
1426546,2
1426554,1
1426558,1
1426572,1
1426576,1
1426580,1
1426582,1
1426584,1
1426589,1
1426592,2
1426602,1
1426609,1
1426611,1
1426614,1
1426621,1
1426628,1
1426643,1
1426646,1
1426651,1
1426657,1
1426661,1
1426664,1
1426668,1
1426672,1
1426679,1
1426681,1
1426684,1
1426687,1
1426695,2
1426698,1
1426700,1
1426705,1
1426708,1
1426716,1
1426727,1
1426732,1
1426735,1
1426739,1
1426750,1
1426767,1
1426771,1
1426777,2
1426794,1
1426798,1
1426800,1
1426803,1
1426808,1
1426816,1
1426818,1
1426824,2
1426826,1
1426832,1
1426835,1
1426839,1
1426852,1
1426855,1
1426865,1
1426874,1
1426889,1
1426892,1
1426900,1
1426910,1
1426917,2
1426921,1
1426926,1
1426933,1
1426939,1
1426948,1
1426950,1
1426953,1
1426969,1
1426975,1
1426980,1
1426991,1
1426994,1
1426998,1
1427008,1
1427019,1
1427024,1
1427031,1
1427041,1
1427044,2
1427052,1
1427056,1
1427061,2
1427067,1
1427069,1
1427072,1
1427076,1
1427079,1
1427081,1
1427095,1
1427100,1
1427116,1
1427120,1
1427136,1
1427143,2
1427148,1
1427151,1
1427159,1
1427166,1
1427171,2
1427184,1
1427190,1
1427192,1
1427197,1
1427204,1
1427218,1
1427221,1
1427224,1
1427233,1
1427237,1
1427241,1
1427248,1
1427253,1
1427255,1
1427269,1
1427278,2
1427281,1
1427287,1
1427293,1
1427301,1
1427306,1
1427309,2
1427316,1
1427321,2
1427334,1
1427346,1
1427351,1
1427356,1
1427361,1
1427369,1
1427375,1
1427387,1
1427390,1
1427394,1
1427397,1
1427402,1
1427409,1
1427429,2
1427435,1
1427437,1
1427440,2
1427446,1
1427453,1
1427456,1
1427488,1
1427498,1
1427503,1
1427508,1
1427517,1
1427523,1
1427536,1
1427541,1
1427545,1
1427549,1
1427552,1
1427561,3
1427563,1
1427567,1
1427576,1
1427582,1
1427597,2
1427614,1
1427618,1
1427627,1
1427642,1
1427644,1
1427656,1
1427658,1
1427662,1
1427667,2
1427682,2
1427701,1
1427706,1
1427726,1
1427728,1
1427736,2
1427740,1
1427750,3
1427752,1
1427755,1
1427758,1
1427768,2
1427774,1
1427779,1
1427785,1
1427793,1
1427797,1
1427800,1
1427803,1
1427818,1
1427820,1
1427824,1
1427828,1
1427832,1
1427847,1
1427849,1
1427854,2
1427860,1
1427863,1
1427866,1
1427875,1
1427878,1
1427884,1
1427891,1
1427893,1
1427895,1
1427900,1
1427905,1
1427913,1
1427919,1
1427921,1
1427928,1
1427940,1
1427948,1
1427952,1
1427958,1
1427960,1
1427966,1
1427969,1
1427976,2
1427979,1
1427986,1
1427988,1
1427992,1
1427996,1
1428005,1
1428007,1
1428011,1
1428017,1
1428027,2
1428037,1
1428040,1
1428053,1
1428056,1
1428067,1
1428074,1
1428078,1
1428085,1
1428095,1
1428112,1
1428125,1
1428133,1
1428138,1
1428148,1
1428151,1
1428164,2
1428169,1
1428176,1
1428180,1
1428201,2
1428216,1
1428220,1
1428223,1
1428228,1
1428232,1
1428236,1
1428253,2
1428256,2
1428267,1
1428271,1
1428275,1
1428280,1
1428284,1
1428288,2
1428295,2
1428301,1
1428304,1
1428313,2
1428317,1
1428323,2
1428331,1
1428339,1
1428346,2
1428349,1
1428363,1
1428365,1
1428367,1
1428373,1
1428375,1
1428378,2
1428384,1
1428390,1
1428406,1
1428411,1
1428415,1
1428419,1
1428434,1
1428439,2
1428444,1
1428446,1
1428453,1
1428461,2
1428465,1
1428474,1
1428478,1
1428486,1
1428491,1
1428494,1
1428505,1
1428509,1
1428518,1
1428525,2
1428529,1
1428533,1
1428539,1
1428556,1
1428561,2
1428578,1
1428581,1
1428586,1
1428589,1
1428595,1
1428600,1
1428605,1
1428613,1
1428618,1
1428624,2
1428632,1
1428641,1
1428643,1
1428649,1
1428656,1
1428660,1
1428674,1
1428689,1
1428695,2
1428710,1
1428717,1
1428732,1
1428737,1
1428740,1
1428747,1
1428749,1
1428756,1
1428759,1
1428773,2
1428789,1
1428796,1
1428814,1
1428822,1
1428827,1
1428829,1
1428841,1
1428846,1
1428848,1
1428860,1
1428871,1
1428873,1
1428876,1
1428882,1
1428886,1
1428892,1
1428902,1
1428906,1
1428912,1
1428917,1
1428922,1
1428924,1
1428930,2
1428932,1
1428937,1
1428939,1
1428946,1
1428959,1
1428965,1
1428978,1
1428983,2
1428990,1
1428993,1
1428997,1
1429005,1
1429013,1
1429015,1
1429054,1
1429058,1
1429069,1
1429083,1
1429092,1
1429094,1
1429113,1
1429119,1
1429125,1
1429128,1
1429143,2
1429153,1
1429162,1
1429170,1
1429180,1
1429187,1
1429201,1
1429209,1
1429213,1
1429217,1
1429240,2
1429245,2
1429249,2
1429284,2
1429301,1
1429303,1
1429310,1
1429317,1
1429323,2
1429329,1
1429335,2
1429338,1
1429345,1
1429348,1
1429375,1
1429378,1
1429383,1
1429385,1
1429398,1
1429418,2
1429422,1
1429437,1
1429453,1
1429455,1
1429458,2
1429462,1
1429467,1
1429471,1
1429475,1
1429477,1
1429481,1
1429486,2
1429488,1
1429503,1
1429507,1
1429509,1
1429511,1
1429532,2
1429535,1
1429546,2
1429559,1
1429568,2
1429575,1
1429577,1
1429579,1
1429584,1
1429594,1
1429609,1
1429625,1
1429627,1
1429645,1
1429648,1
1429651,1
1429657,1
1429659,1
1429683,1
1429702,1
1429704,1
1429714,2
1429723,1
1429727,1
1429739,1
1429742,1
1429744,1
1429749,1
1429751,1
1429758,1
1429771,1
1429773,1
1429777,1
1429797,1
1429799,1
1429804,1
1429816,1
1429822,1
1429826,1
1429833,1
1429837,1
1429841,1
1429850,1
1429859,1
1429865,1
1429870,1
1429872,1
1429876,1
1429887,1
1429890,1
1429892,1
1429895,2
1429899,1
1429903,1
1429905,1
1429910,1
1429912,1
1429922,1
1429928,2
1429930,1
1429937,1
1429940,2
1429943,1
1429945,1
1429955,1
1429958,1
1429963,1
1429969,1
1429982,1
1429987,1
1430012,1
1430018,1
1430020,1
1430035,1
1430038,1
1430041,1
1430043,1
1430065,1
1430068,1
1430072,1
1430074,1
1430078,1
1430097,3
1430100,1
1430111,1
1430120,1
1430127,1
1430132,2
1430138,1
1430140,1
1430147,1
1430163,2
1430171,2
1430177,1
1430179,1
1430182,1
1430184,1
1430191,1
1430197,1
1430201,1
1430213,2
1430221,1
1430232,1
1430243,1
1430253,1
1430257,1
1430262,1
1430265,1
1430267,1
1430273,2
1430288,1
1430303,1
1430308,2
1430310,1
1430315,1
1430318,1
1430324,1
1430335,3
1430338,1
1430342,1
1430346,1
1430348,1
1430353,2
1430355,1
1430360,1
1430369,2
1430371,1
1430373,1
1430388,2
1430406,1
1430408,1
1430425,1
1430430,1
1430446,1
1430455,1
1430460,1
1430478,1
1430485,1
1430505,1
1430507,1
1430511,1
1430517,1
1430520,1
1430522,1
1430531,1
1430546,1
1430548,1
1430552,1
1430555,1
1430560,1
1430562,1
1430568,1
1430577,1
1430592,1
1430595,1
1430601,1
1430614,2
1430616,1
1430620,1
1430623,1
1430631,1
1430636,1
1430640,1
1430647,1
1430653,1
1430661,2
1430664,1
1430671,1
1430675,2
1430678,1
1430695,1
1430698,2
1430713,2
1430721,1
1430723,1
1430725,1
1430728,2
1430735,2
1430738,2
1430745,1
1430752,1
1430759,1
1430763,1
1430775,1
1430783,1
1430791,1
1430806,1
1430817,1
1430821,1
1430824,2
1430829,1
1430839,1
1430858,1
1430881,1
1430901,1
1430915,1
1430926,1
1430931,1
1430934,1
1430936,1
1430943,1
1430959,2
1430961,1
1430964,1
1430968,1
1430972,1
1430975,1
1430980,2
1430996,2
1431021,1
1431023,1
1431031,1
1431038,1
1431045,1
1431058,1
1431062,1
1431069,1
1431073,2
1431079,1
1431088,1
1431105,1
1431109,1
1431115,3
1431119,1
1431121,1
1431124,1
1431126,1
1431134,2
1431136,1
1431143,1
1431146,2
1431148,1
1431159,1
1431168,1
1431172,1
1431180,1
1431185,1
1431191,2
1431198,1
1431207,1
1431215,1
1431220,1
1431224,1
1431230,2
1431245,1
1431248,1
1431250,1
1431254,1
1431267,1
1431272,2
1431277,1
1431283,1
1431291,1
1431300,1
1431304,1
1431316,2
1431318,1
1431323,1
1431326,1
1431332,1
1431353,1
1431365,1
1431370,1
1431377,1
1431379,1
1431381,1
1431384,1
1431397,1
1431403,2
1431417,1
1431423,1
1431431,1
1431434,1
1431436,1
1431439,1
1431442,1
1431453,1
1431461,2
1431467,1
1431485,1
1431492,1
1431503,1
1431507,1
1431510,1
1431513,1
1431517,1
1431525,1
1431529,1
1431545,1
1431566,1
1431572,2
1431583,1
1431591,2
1431596,1
1431603,1
1431614,2
1431621,1
1431640,1
1431657,1
1431670,2
1431687,1
1431691,1
1431699,1
1431718,1
1431724,1
1431730,1
1431733,1
1431737,2
1431740,1
1431745,1
1431747,1
1431756,1
1431758,1
1431764,1
1431766,1
1431773,1
1431781,2
1431785,1
1431795,1
1431803,1
1431812,1
1431826,1
1431831,1
1431836,1
1431839,1
1431845,1
1431849,1
1431855,2
1431861,1
1431869,1
1431871,1
1431876,1
1431880,1
1431889,1
1431914,1
1431919,1
1431925,1
1431928,1
1431931,1
1431933,1
1431937,1
1431956,3
1431958,1
1431966,2
1431978,1
1432015,1
1432018,1
1432025,1
1432036,1
1432047,1
1432055,1
1432061,1
1432066,2
1432074,1
1432077,1
1432083,1
1432086,1
1432088,1
1432098,2
1432103,2
1432119,1
1432156,2
1432159,1
1432161,1
1432165,1
1432174,1
1432176,1
1432181,1
1432187,1
1432190,1
1432193,1
1432197,1
1432200,1
1432204,1
1432210,1
1432213,2
1432219,1
1432231,1
1432277,2
1432286,1
1432291,1
1432294,1
1432297,1
1432305,1
1432313,1
1432328,2
1432335,1
1432343,1
1432350,1
1432352,1
1432354,1
1432364,2
1432369,1
1432372,2
1432375,1
1432383,1
1432389,1
1432394,1
1432400,1
1432415,1
1432421,1
1432431,1
1432436,1
1432439,1
1432441,1
1432449,1
1432451,1
1432464,1
1432475,1
1432493,1
1432498,1
1432507,1
1432513,1
1432517,1
1432522,1
1432535,2
1432537,1
1432542,1
1432548,1
1432550,1
1432556,1
1432559,1
1432561,1
1432566,1
1432569,1
1432583,1
1432591,1
1432598,2
1432600,1
1432604,2
1432612,1
1432618,1
1432622,2
1432642,1
1432646,1
1432649,1
1432659,2
1432661,1
1432672,1
1432677,1
1432681,1
1432685,1
1432698,1
1432702,2
1432706,1
1432720,1
1432722,1
1432728,2
1432732,2
1432736,1
1432742,1
1432756,1
1432760,1
1432767,1
1432772,1
1432776,1
1432779,1
1432791,2
1432800,1
1432806,1
1432817,1
1432821,1
1432830,1
1432833,1
1432850,1
1432860,3
1432890,1
1432896,1
1432900,1
1432903,1
1432910,2
1432912,1
1432921,1
1432932,2
1432934,1
1432936,1
1432939,1
1432941,1
1432952,1
1432956,1
1432958,1
1432963,2
1432978,2
1432984,1
1432987,1
1432992,1
1432997,1
1432999,1
1433006,1
1433016,2
1433019,1
1433024,1
1433028,1
1433031,1
1433034,1
1433038,1
1433047,1
1433052,1
1433057,1
1433069,1
1433073,1
1433077,1
1433085,1
1433089,1
1433104,1
1433112,1
1433115,1
1433117,1
1433125,2
1433127,1
1433136,1
1433140,1
1433147,1
1433150,1
1433154,1
1433157,1
1433163,1
1433169,1
1433177,1
1433179,1
1433186,2
1433189,1
1433193,1
1433210,1
1433216,1
1433224,1
1433241,2
1433245,1
1433250,1
1433256,1
1433259,1
1433273,2
1433275,1
1433281,1
1433289,1
1433296,1
1433316,1
1433322,1
1433324,1
1433330,1
1433333,1
1433335,1
1433338,1
1433341,2
1433346,2
1433354,1
1433356,1
1433382,1
1433395,1
1433399,1
1433406,1
1433409,2
1433412,1
1433422,1
1433429,1
1433435,2
1433439,1
1433445,1
1433459,1
1433465,2
1433479,2
1433483,1
1433488,2
1433497,1
1433500,1
1433502,1
1433511,1
1433514,1
1433526,1
1433529,1
1433531,1
1433536,2
1433546,1
1433549,1
1433553,1
1433563,1
1433568,1
1433572,1
1433577,1
1433597,1
1433599,1
1433604,1
1433611,1
1433621,2
1433633,1
1433635,1
1433641,1
1433650,1
1433657,2
1433660,1
1433671,1
1433682,1
1433685,1
1433687,1
1433691,1
1433697,1
1433701,1
1433708,1
1433720,1
1433724,1
1433729,1
1433751,1
1433756,1
1433767,1
1433769,1
1433773,2
1433781,1
1433790,1
1433803,1
1433808,1
1433812,1
1433814,1
1433820,1
1433830,1
1433834,1
1433839,1
1433849,1
1433851,1
1433865,1
1433879,1
1433886,1
1433888,1
1433896,1
1433899,1
1433901,1
1433907,1
1433919,1
1433923,1
1433926,1
1433945,1
1433948,2
1433951,1
1433956,1
1433959,2
1433964,1
1433967,1
1433982,1
1433988,1
1433992,2
1433997,1
1433999,1
1434001,1
1434012,1
1434018,1
1434023,1
1434027,1
1434032,1
1434034,1
1434043,1
1434051,1
1434056,1
1434059,1
1434067,2
1434076,2
1434079,1
1434083,1
1434088,1
1434090,1
1434095,1
1434098,1
1434113,1
1434115,1
1434121,1
1434147,1
1434149,1
1434153,2
1434155,1
1434169,1
1434173,1
1434186,1
1434194,1
1434205,1
1434208,1
1434212,1
1434222,1
1434230,1
1434239,1
1434243,1
1434250,2
1434254,1
1434268,1
1434275,1
1434285,2
1434288,2
1434291,1
1434310,1
1434313,1
1434317,1
1434320,1
1434328,2
