position,repeat_count
37,36
42,3
49,4
53,2
55,1
64,3
71,2
79,3
86,3
90,3
99,2
106,2
113,2
118,2
121,2
130,2
135,2
140,2
145,2
148,1
154,2
160,1
168,2
175,1
178,2
185,1
188,2
193,3
197,1
200,2
202,1
205,2
211,2
218,1
220,1
225,2
228,2
233,2
237,2
240,1
242,1
245,1
248,2
253,2
258,1
263,1
267,1
269,1
275,2
282,4
285,1
288,2
292,2
297,1
300,1
303,2
305,1
307,1
313,2
316,2
324,1
327,2
329,1
335,2
340,2
343,2
346,1
351,1
354,2
356,1
359,2
363,1
366,1
371,2
376,1
379,1
384,2
388,1
391,2
396,3
399,2
405,2
411,2
415,2
420,1
428,1
433,2
439,2
446,1
449,2
453,1
455,1
458,2
463,4
470,3
473,2
479,2
484,2
491,2
495,2
499,2
501,1
504,2
508,2
511,1
518,2
522,2
525,1
534,3
539,3
543,2
546,1
549,1
552,1
554,1
566,1
569,1
571,1
574,1
576,1
583,2
586,1
591,1
595,1
602,4
604,1
607,2
613,4
616,1
619,2
622,2
626,2
629,1
634,2
638,1
641,2
649,1
652,1
660,2
664,2
667,1
675,1
677,1
680,2
683,1
687,2
690,2
693,1
696,2
700,1
702,1
706,1
709,1
712,1
720,2
723,1
725,1
729,2
735,3
739,1
741,1
744,1
749,1
752,1
756,2
759,1
763,2
766,1
768,1
771,1
782,2
784,1
786,1
789,2
792,1
795,2
798,1
806,1
809,2
811,1
815,1
818,2
821,1
823,1
833,2
837,1
839,1
841,1
845,1
847,1
849,1
851,1
853,1
862,2
865,1
868,1
872,2
878,5
884,1
888,1
893,2
898,1
900,1
904,2
908,2
911,1
913,1
916,1
922,3
925,1
928,2
932,2
935,1
938,1
940,1
943,1
946,1
948,1
955,2
959,1
961,1
963,1
966,1
969,1
972,2
985,2
994,2
999,4
1003,2
1006,1
1009,1
1011,1
1013,1
1016,2
1018,1
1021,1
1024,1
1026,1
1030,1
1038,1
1041,1
1044,1
1047,1
1049,1
1051,1
1055,1
1062,2
1067,2
1070,2
1073,1
1076,1
1079,1
1087,1
1091,1
1094,1
1097,1
1099,1
1101,1
1106,1
1112,2
1114,1
1119,1
1122,1
1126,2
1138,2
1142,2
1147,1
1150,1
1161,1
1165,1
1167,1
1169,1
1171,1
1175,2
1178,1
1182,2
1185,1
1188,1
1192,2
1200,2
1203,1
1207,3
1209,1
1213,2
1216,1
1218,1
1223,1
1227,1
1231,2
1234,1
1244,2
1246,1
1248,1
1252,1
1255,1
1258,2
1260,1
1263,1
1265,1
1268,1
1271,1
1276,1
1287,3
1293,1
1298,1
1301,2
1306,1
1309,1
1312,1
1315,2
1318,2
1322,1
1332,2
1336,1
1338,1
1342,1
1346,1
1349,2
1351,1
1353,1
1355,1
1359,2
1362,1
1365,2
1371,1
1374,1
1377,2
1379,1
1384,2
1388,1
1391,2
1394,2
1401,2
1404,1
1406,1
1409,1
1412,1
1416,2
1421,1
1426,1
1429,2
1439,2
1442,1
1446,2
1448,1
1450,1
1453,1
1456,2
1458,1
1461,1
1465,2
1468,2
1471,2
1473,1
1476,2
1479,1
1482,1
1485,1
1488,1
1491,1
1500,1
1503,1
1508,2
1512,1
1515,2
1517,1
1520,2
1526,2
1529,1
1535,1
1538,1
1541,1
1543,1
1547,2
1550,1
1553,1
1557,1
1561,1
1563,1
1566,1
1574,2
1577,1
1583,3
1586,1
1589,2
1593,1
1595,1
1597,1
1600,1
1604,2
1610,1
1614,1
1618,1
1620,1
1624,2
1627,2
1630,1
1633,2
1639,1
1645,1
1648,1
1652,1
1654,1
1657,1
1659,1
1661,1
1664,1
1669,2
1672,1
1676,2
1678,1
1681,2
1685,1
1689,1
1695,1
1698,1
1701,2
1704,1
1708,2
1711,2
1717,3
1725,1
1729,1
1732,1
1736,1
1738,1
1740,1
1743,2
1748,2
1750,1
1755,1
1758,1
1760,1
1763,2
1767,2
1770,2
1773,2
1776,1
1779,1
1784,1
1801,1
1803,1
1806,2
1816,2
1818,1
1820,1
1822,1
1826,1
1828,1
1832,1
1835,2
1838,1
1840,1
1844,2
1848,1
1850,1
1854,1
1861,1
1866,3
1868,1
1871,2
1874,1
1878,1
1884,1
1887,1
1891,2
1898,1
1901,1
1905,1
1907,1
1909,1
1912,1
1915,1
1923,2
1927,2
1931,1
1934,1
1937,2
1941,1
1946,4
1948,1
1951,2
1954,1
1959,2
1962,1
1964,1
1975,1
1980,1
1983,1
1985,1
1988,1
1992,2
2003,3
2006,1
2010,1
2015,2
2021,2
2024,1
2031,1
2033,1
2038,1
2045,2
2047,1
2050,2
2053,1
2059,2
2067,2
2071,2
2074,2
2079,1
2085,2
2089,1
2091,1
2099,2
2102,1
2105,1
2110,1
2119,1
2125,1
2129,2
2132,1
2134,1
2137,1
2140,1
2144,1
2151,1
2154,2
2156,1
2159,1
2161,1
2164,1
2168,1
2171,1
2175,1
2181,1
2184,2
2187,2
2190,1
2193,1
2195,1
2198,1
2201,1
2205,1
2211,5
2215,2
2222,1
2224,1
2226,1
2228,1
2230,1
2239,2
2241,1
2244,2
2254,2
2256,1
2260,2
2264,1
2268,2
2272,1
2277,1
2280,1
2287,2
2290,2
2292,1
2298,1
2300,1
2305,1
2307,1
2311,1
2314,1
2318,1
2327,1
2331,1
2337,1
2342,2
2346,2
2349,1
2352,2
2354,1
2357,2
2360,1
2362,1
2367,1
2369,1
2371,1
2377,2
2384,2
2387,1
2390,1
2393,1
2398,1
2402,1
2407,2
2411,1
2418,2
2420,1
2426,4
2431,2
2435,1
2438,2
2440,1
2443,1
2445,1
2447,1
2449,1
2451,1
2454,1
2457,1
2460,2
2463,1
2466,2
2468,1
2470,1
2473,2
2476,2
2479,1
2482,1
2484,1
2487,1
2490,1
2495,1
2498,1
2501,1
2503,1
2507,1
2509,1
2517,2
2520,1
2524,1
2527,2
2529,1
2532,1
2534,1
2537,1
2540,2
2543,2
2546,1
2552,1
2556,2
2558,1
2562,1
2573,1
2578,3
2582,1
2584,1
2588,1
2593,1
2596,2
2602,3
2606,1
2609,2
2612,1
2616,1
2620,1
2622,1
2624,1
2627,1
2630,2
2635,1
2639,2
2642,1
2644,1
2650,1
2654,1
2656,1
2659,2
2662,2
2665,1
2668,1
2671,1
2676,1
2684,2
2687,1
2692,3
2695,1
2698,2
2702,2
2709,1
2711,1
2714,1
2717,1
2720,1
2723,1
2728,1
2732,3
2735,1
2743,2
2746,1
2752,2
2756,1
2758,1
2761,1
2766,2
2770,2
2773,1
2777,2
2785,2
2791,5
2794,1
2796,1
2801,2
2804,1
2807,1
2810,2
2813,1
2821,2
2824,1
2826,1
2828,1
2831,1
2833,1
2836,1
2839,1
2845,3
2849,2
2853,1
2855,1
2858,1
2861,1
2867,1
2870,1
2872,1
2876,1
2878,1
2883,1
2885,1
2889,1
2894,1
2901,1
2909,2
2912,2
2916,2
2919,1
2922,1
2924,1
2927,1
2931,2
2933,1
2942,1
2945,1
2949,2
2952,1
2954,1
2958,1
2961,1
2974,2
2984,2
2989,1
2991,1
2998,2
3001,1
3004,1
3006,1
3009,1
3011,1
3014,2
3022,2
3025,1
3040,2
3044,1
3047,2
3053,2
3058,1
3060,1
3065,1
3071,1
3074,1
3077,1
3080,2
3083,1
3090,3
3094,1
3098,1
3101,2
3104,1
3112,2
3120,1
3122,1
3128,4
3130,1
3136,1
3138,1
3140,1
3142,1
3146,2
3149,1
3152,1
3159,2
3162,2
3166,2
3171,1
3173,1
3178,1
3180,1
3183,1
3186,2
3189,1
3192,1
3198,2
3209,2
3212,1
3216,1
3218,1
3230,2
3232,1
3235,2
3241,2
3247,1
3250,1
3253,1
3256,1
3259,1
3261,1
3269,2
3272,1
3274,1
3278,2
3282,2
3285,1
3289,1
3291,1
3293,1
3295,1
3301,1
3306,1
3308,1
3310,1
3312,1
3315,1
3321,2
3327,5
3331,1
3336,2
3343,3
3345,1
3349,1
3354,4
3359,1
3361,1
3365,1
3372,1
3376,1
3382,1
3386,2
3390,1
3395,1
3399,1
3402,1
3405,2
3407,1
3412,1
3417,1
3419,1
3422,2
3425,1
3428,1
3432,1
3441,1
3444,1
3446,1
3449,2
3452,1
3455,1
3459,1
3464,2
3471,2
3477,2
3479,1
3485,1
3487,1
3489,1
3491,1
3497,4
3500,1
3503,1
3506,1
3509,1
3511,1
3513,1
3515,1
3517,1
3520,2
3524,1
3527,2
3530,1
3540,1
3542,1
3546,1
3548,1
3551,1
3553,1
3556,2
3563,1
3568,2
3574,3
3577,2
3586,2
3592,1
3597,2
3599,1
3604,1
3607,1
3615,1
3619,2
3627,1
3630,1
3635,2
3637,1
3641,2
3647,1
3649,1
3651,1
3661,2
3664,1
3668,1
3671,1
3678,1
3680,1
3684,1
3687,2
3690,1
3694,2
3697,2
3704,1
3711,1
3714,2
3721,2
3727,2
3732,1
3737,1
3745,1
3751,4
3754,2
3760,1
3767,1
3775,4
3778,1
3780,1
3783,1
3788,1
3790,1
3792,1
3794,1
3798,1
3802,1
3804,1
3806,1
3810,1
3813,1
3816,1
3818,1
3823,1
3829,2
3831,1
3835,1
3838,1
3841,1
3845,1
3848,1
3853,2
3857,1
3860,2
3866,3
3871,1
3874,1
3876,1
3879,1
3882,1
3884,1
3889,2
3896,1
3899,2
3901,1
3903,1
3907,2
3910,1
3913,1
3915,1
3920,1
3923,1
3928,2
3930,1
3935,3
3940,1
3946,2
3949,1
3958,1
3964,1
3968,1
3971,1
3973,1
3975,1
3980,2
3988,2
3993,1
3996,1
3999,1
4003,2
4005,1
4008,1
4010,1
4017,2
4023,3
4027,1
4030,1
4033,1
4046,1
4048,1
4053,1
4059,4
4061,1
4065,3
4067,1
4070,1
4074,1
4080,2
4083,1
4087,1
4092,1
4094,1
4099,1
4103,2
4108,1
4112,1
4115,1
4120,2
4123,1
4126,1
4128,1
4136,1
4139,1
4143,1
4145,1
4148,1
4153,2
4155,1
4157,1
4160,1
4165,1
4171,2
4174,2
4179,2
4182,1
4185,1
4187,1
4189,1
4194,2
4199,1
4202,1
4208,1
4210,1
4212,1
4215,1
4219,3
4223,1
4226,1
4228,1
4230,1
4233,1
4236,1
4246,2
4253,4
4256,1
4259,1
4262,1
4268,2
4275,1
4277,1
4280,2
4285,1
4287,1
4290,1
4295,2
4303,1
4307,2
4309,1
4315,1
4318,1
4322,1
4327,1
4329,1
4332,2
4339,1
4341,1
4347,5
4350,1
4353,1
4361,3
4365,2
4371,1
4378,1
4386,2
4389,1
4392,1
4395,2
4398,1
4401,2
4406,1
4408,1
4411,1
4413,1
4429,1
4431,1
4435,1
4441,1
4444,2
4446,1
4452,4
4455,1
4458,1
4463,2
4470,2
4473,1
4476,1
4481,1
4484,1
4486,1
4491,1
4494,2
4496,1
4499,2
4503,1
4506,1
4508,1
4516,1
4526,1
4529,2
4534,2
4536,1
4539,1
4543,2
4545,1
4548,2
4551,2
4556,1
4560,2
4562,1
4566,1
4569,2
4571,1
4580,1
4582,1
4599,2
4605,1
4618,1
4621,1
4624,1
4627,2
4635,1
4641,2
4646,1
4651,1
4655,2
4657,1
4659,1
4661,1
4664,1
4672,2
4674,1
4680,2
4684,2
4687,1
4693,2
4695,1
4704,1
4713,1
4716,1
4718,1
4724,4
4730,1
4735,2
4742,2
4747,1
4755,2
4758,2
4761,1
4764,1
4766,1
4768,1
4770,1
4773,2
4775,1
4779,2
4785,1
4791,1
4796,1
4800,2
4806,2
4812,2
4815,1
4818,1
4821,2
4823,1
4825,1
4828,1
4830,1
4835,1
4842,2
4845,1
4848,1
4853,2
4855,1
4861,1
4868,1
4871,1
4873,1
4877,2
4880,2
4883,1
4885,1
4889,2
4891,1
4904,1
4909,3
4912,2
4915,2
4917,1
4921,1
4924,1
4932,1
4934,1
4937,1
4941,1
4946,1
4950,2
4952,1
4958,2
4962,1
4965,1
4971,1
4976,2
4978,1
4983,1
4987,1
4995,1
5004,1
5006,1
5008,1
5011,2
5016,1
5019,1
5021,1
5023,1
5030,3
5032,1
5036,1
5039,2
5042,1
5045,2
5051,1
5054,2
5057,1
5063,2
5071,1
5075,1
5078,2
5081,1
5087,1
5091,2
5097,1
5105,1
5108,1
5113,2
5119,1
5124,2
5130,1
5133,1
5136,1
5139,1
5146,1
5153,2
5156,1
5160,2
5167,1
5169,1
5171,1
5175,2
5181,1
5184,1
5187,2
5191,1
5194,1
5197,1
5199,1
5206,1
5213,2
5216,1
5221,4
5224,1
5226,1
5234,2
5238,1
5241,2
5245,2
5247,1
5250,1
5252,1
5255,2
5257,1
5260,1
5266,1
5270,1
5274,1
5278,2
5290,1
5297,2
5301,1
5304,2
5306,1
5309,1
5315,2
5320,1
5322,1
5324,1
5330,2
5337,1
5340,1
5344,1
5346,1
5349,1
5354,4
5356,1
5359,1
5363,2
5370,2
5374,1
5376,1
5380,1
5385,2
5391,2
5394,1
5403,2
5407,2
5410,2
5413,1
5418,1
5422,1
5424,1
5426,1
5433,2
5437,2
5440,1
5443,1
5446,1
5451,1
5453,1
5456,2
5458,1
5463,1
5468,1
5472,1
5480,1
5484,1
5486,1
5488,1
5494,1
5497,1
5500,1
5503,1
5510,1
5512,1
5517,1
5519,1
5524,1
5527,1
5531,2
5535,2
5539,1
5544,2
5547,1
5550,1
5558,1
5561,2
5563,1
5565,1
5571,1
5573,1
5576,1
5580,2
5584,2
5587,1
5590,1
5593,1
5604,1
5608,1
5614,1
5622,2
5625,1
5629,2
5632,1
5636,1
5640,1
5644,2
5653,2
5659,1
5667,1
5671,1
5677,5
5681,2
5684,1
5687,1
5691,1
5693,1
5699,4
5701,1
5706,1
5709,1
5712,2
5716,2
5720,1
5723,2
5726,1
5730,1
5736,2
5745,1
5751,1
5754,2
5757,1
5759,1
5764,1
5773,1
5779,2
5784,2
5787,1
5789,1
5792,1
5795,1
5798,1
5805,1
5808,1
5811,2
5817,1
5822,1
5825,1
5829,1
5836,1
5839,1
5841,1
5850,1
5852,1
5859,2
5865,1
5873,3
5877,1
5882,2
5887,2
5891,2
5899,2
5902,1
5905,1
5907,1
5909,1
5912,1
5917,1
5919,1
5923,2
5926,1
5932,1
5934,1
5947,2
5954,1
5957,1
5960,1
5965,2
5969,1
5977,3
5980,1
5983,2
5986,1
5988,1
5990,1
6002,1
6004,1
6013,1
6016,1
6018,1
6020,1
6023,1
6025,1
6030,1
6033,1
6039,1
6042,1
6045,1
6048,1
6052,2
6055,1
6058,2
6062,1
6066,1
6069,1
6072,1
6075,1
6078,2
6084,2
6087,1
6089,1
6096,2
6102,5
6106,1
6108,1
6111,1
6114,1
6116,1
6119,1
6123,2
6127,1
6131,1
6137,1
6140,1
6144,1
6147,2
6149,1
6152,1
6154,1
6157,1
6160,1
6175,2
6177,1
6180,2
6185,1
6188,1
6190,1
6192,1
6196,1
6200,1
6203,1
6208,1
6211,1
6215,1
6219,1
6222,1
6225,2
6227,1
6230,1
6236,1
6239,2
6244,2
6248,2
6251,1
6257,1
6259,1
6264,1
6266,1
6271,1
6278,1
6281,2
6283,1
6286,2
6290,1
6293,2
6297,1
6299,1
6301,1
6304,1
6312,1
6318,5
6324,1
6327,2
6333,1
6336,2
6338,1
6343,1
6346,1
6352,1
6355,1
6357,1
6359,1
6365,1
6370,1
6374,1
6380,1
6387,1
6390,2
6393,1
6395,1
6398,2
6403,2
6405,1
6412,1
6417,1
6420,2
6424,2
6428,1
6431,2
6436,3
6444,1
6447,1
6450,1
6455,3
6458,1
6460,1
6465,1
6469,1
6472,1
6474,1
6481,2
6486,1
6488,1
6494,1
6497,2
6502,1
6505,2
6510,2
6515,1
6521,1
6525,1
6529,2
6531,1
6535,2
6540,1
6545,2
6549,1
6558,1
6562,3
6565,1
6570,1
6575,1
6580,1
6583,1
6591,2
6596,2
6600,2
6603,1
6606,2
6610,2
6616,2
6623,1
6636,1
6638,1
6642,3
6647,2
6650,1
6652,1
6655,2
6660,2
6663,1
6665,1
6667,1
6672,1
6674,1
6677,1
6680,1
6688,1
6690,1
6694,1
6696,1
6701,2
6705,2
6713,1
6715,1
6718,1
6723,3
6732,1
6737,2
6740,2
6743,1
6746,1
6751,2
6754,2
6761,2
6766,2
6771,1
6773,1
6778,1
6780,1
6786,1
6789,1
6793,2
6796,1
6806,1
6809,1
6814,3
6822,2
6828,2
6833,1
6843,1
6846,2
6851,2
6857,1
6865,1
6871,2
6876,1
6879,1
6885,1
6887,1
6889,1
6893,1
6898,3
6903,2
6910,1
6913,1
6919,1
6921,1
6926,1
6928,1
6931,1
6940,1
6944,2
6956,2
6959,1
6962,1
6966,2
6977,1
6980,1
6987,1
6991,2
6998,1
7008,1
7013,1
7022,2
7029,1
7033,1
7037,2
7042,2
7046,1
7050,1
7055,1
7063,1
7066,2
7069,1
7071,1
7076,4
7080,1
7082,1
7087,1
7091,1
7094,1
7096,1
7102,1
7104,1
7107,2
7110,2
7112,1
7114,1
7123,3
7127,1
7129,1
7133,1
7136,1
7141,2
7149,1
7153,2
7158,1
7166,1
7169,2
7171,1
7174,2
7177,1
7180,1
7185,1
7187,1
7190,2
7194,1
7199,1
7204,2
7207,1
7216,1
7221,1
7223,1
7228,1
7230,1
7235,4
7244,1
7247,1
7251,1
7254,2
7259,1
7264,1
7268,3
7273,3
7276,2
7282,1
7287,1
7291,2
7296,1
7305,2
7309,2
7314,2
7319,1
7328,1
7331,1
7334,1
7337,1
7340,1
7348,2
7350,1
7356,1
7359,2
7369,2
7371,1
7373,1
7376,2
7380,1
7384,2
7392,1
7396,1
7399,1
7401,1
7403,1
7407,1
7409,1
7418,1
7426,2
7429,1
7434,3
7436,1
7441,1
7444,2
7447,2
7450,1
7453,1
7457,1
7467,1
7475,1
7478,1
7481,1
7487,1
7489,1
7492,1
7495,1
7507,1
7510,2
7512,1
7515,1
7517,1
7520,2
7524,1
7526,1
7530,1
7534,1
7536,1
7538,1
7541,2
7544,1
7549,1
7552,1
7557,1
7560,2
7564,1
7566,1
7571,1
7573,1
7577,2
7583,1
7586,1
7593,1
7596,1
7598,1
7601,1
7607,1
7612,2
7617,1
7620,2
7622,1
7626,2
7629,2
7635,1
7638,2
7648,1
7651,1
7658,1
7662,1
7665,2
7672,1
7675,2
7678,1
7683,1
7688,1
7698,2
7702,1
7708,1
7710,1
7713,1
7718,2
7728,2
7734,1
7736,1
7739,1
7743,2
7746,1
7750,3
7753,1
7761,3
7770,1
7774,2
7779,1
7782,1
7785,1
7788,1
7791,1
7794,2
7798,3
7802,1
7804,1
7806,1
7811,2
7816,1
7818,1
7823,1
7827,2
7834,2
7836,1
7838,1
7841,1
7850,1
7862,2
7868,1
7871,1
7876,1
7883,3
7887,1
7890,2
7901,1
7905,1
7908,1
7911,1
7914,1
7917,1
7920,1
7923,2
7929,1
7934,1
7937,2
7939,1
7942,2
7945,2
7954,1
7956,1
7961,1
7966,1
7971,1
7974,1
7977,1
7979,1
7984,1
7995,1
7997,1
8001,1
8004,1
8007,1
8012,1
8015,1
8018,1
8022,1
8027,1
8038,2
8040,1
8046,4
8048,1
8051,1
8055,2
8057,1
8062,1
8065,1
8074,1
8078,1
8080,1
8086,1
8089,2
8104,1
8106,1
8112,1
8116,1
8121,2
8128,3
8134,1
8138,1
8150,2
8152,1
8156,2
8160,1
8163,1
8165,1
8170,1
8173,1
8177,1
8179,1
8182,2
8185,1
8188,2
8192,1
8195,1
8198,1
8202,1
8205,1
8207,1
8209,1
8214,2
8222,1
8226,2
8230,2
8232,1
8234,1
8238,1
8242,1
8244,1
8250,5
8253,1
8261,1
8263,1
8271,1
8278,1
8281,1
8286,1
8289,1
8293,2
8301,1
8303,1
8308,3
8312,1
8317,1
8319,1
8330,1
8337,2
8340,1
8342,1
8345,2
8352,1
8360,2
8364,1
8366,1
8370,2
8372,1
8376,1
8380,1
8383,1
8391,1
8394,2
8397,1
8412,2
8418,2
8423,1
8425,1
8436,3
8438,1
8441,2
8450,1
8454,1
8459,2
8465,2
8469,2
8474,2
8477,1
8483,1
8486,1
8489,2
8491,1
8496,1
8499,2
8503,1
8508,2
8511,2
8518,1
8523,1
8527,2
8535,1
8540,2
8543,2
8551,1
8554,2
8561,1
8563,1
8565,1
8568,2
8572,1
8575,2
8579,1
8584,1
8587,2
8591,1
8594,2
8599,2
8603,2
8614,1
8621,1
8628,2
8632,2
8636,1
8639,2
8648,2
8650,1
8657,1
8660,2
8665,1
8667,1
8671,1
8675,1
8678,2
8681,1
8688,2
8700,1
8702,1
8705,1
8709,1
8712,1
8715,1
8717,1
8721,1
8725,2
8729,1
8738,1
8742,2
8747,1
8754,2
8759,1
8764,1
8772,1
8776,1
8778,1
8795,1
8797,1
8800,1
8803,2
8806,1
8808,1
8815,1
8818,2
8821,2
8825,1
8829,2
8832,1
8839,2
8843,1
8848,1
8856,2
8859,1
8862,2
8865,1
8876,1
8880,2
8884,2
8889,1
8894,1
8896,1
8899,1
8902,1
8905,1
8917,1
8921,1
8928,1
8931,1
8937,1
8949,1
8952,1
8964,1
8967,1
8971,1
8976,2
8985,2
8991,3
8995,1
8999,1
9002,2
9005,1
9008,1
9011,2
9016,1
9021,1
9027,2
9030,2
9032,1
9036,1
9039,2
9047,1
9058,2
9063,1
9065,1
9073,2
9077,2
9084,1
9086,1
9089,1
9094,1
9100,2
9106,2
9116,1
9119,2
9121,1
9124,1
9128,1
9131,2
9138,1
9153,2
9162,1
9164,1
9169,1
9177,1
9185,1
9194,2
9203,1
9206,2
9211,2
9214,2
9229,2
9231,1
9235,1
9238,2
9240,1
9242,1
9244,1
9250,2
9258,2
9262,1
9267,2
9269,1
9274,2
9278,2
9280,1
9282,1
9287,1
9296,1
9298,1
9303,1
9307,2
9310,1
9317,3
9319,1
9322,1
9326,1
9329,1
9331,1
9334,2
9336,1
9344,1
9352,2
9354,1
9358,1
9366,1
9368,1
9372,1
9384,2
9387,1
9389,1
9393,1
9397,2
9399,1
9404,1
9407,1
9415,1
9419,1
9423,1
9425,1
9435,1
9440,2
9442,1
9445,1
9453,1
9456,1
9461,1
9468,2
9475,1
9478,2
9485,1
9491,1
9495,2
9498,1
9510,1
9514,1
9516,1
9518,1
9522,1
9524,1
9530,1
9533,1
9540,1
9543,2
9547,2
9552,2
9555,1
9563,1
9566,1
9570,1
9572,1
9574,1
9577,1
9585,1
9587,1
9589,1
9594,1
9596,1
9610,1
9613,1
9616,1
9621,2
9624,2
9629,1
9632,1
9639,1
9645,1
9647,1
9652,2
9660,3
9665,1
9671,1
9678,1
9686,1
9689,1
9691,1
9693,1
9699,1
9701,1
9705,2
9708,2
9714,1
9716,1
9725,2
9727,1
9733,2
9736,1
9743,2
9748,2
9752,1
9755,1
9770,1
9773,2
9775,1
9779,1
9784,1
9786,1
9792,1
9796,1
9799,2
9804,1
9808,1
9811,1
9814,1
9816,1
9818,1
9825,2
9828,2
9832,1
9841,2
9847,1
9854,2
9857,1
9860,2
9864,1
9874,1
9878,2
9881,1
9883,1
9887,2
9889,1
9893,1
9901,2
9907,1
9910,2
9913,1
9916,1
9921,1
9923,1
9926,1
9937,2
9940,1
9947,4
9951,2
9959,1
9965,2
9969,1
9972,1
9976,1
9979,1
9984,2
9989,2
10000,1
10004,1
10006,1
10012,3
10015,1
10017,1
10021,2
10023,1
10026,2
10028,1
10030,1
10034,2
10037,2
10040,1
10046,2
10054,1
10059,1
10062,2
10064,1
10066,1
10069,2
10072,1
10074,1
10078,2
10080,1
10082,1
10084,1
10089,2
10094,1
10100,1
10105,1
10107,1
10110,1
10113,1
10120,2
10126,2
10130,2
10132,1
10136,1
10139,1
10142,2
10148,2
10151,1
10154,1
10162,3
10167,1
10172,1
10175,1
10179,1
10182,1
10193,1
10198,1
10202,1
10207,2
10209,1
10214,1
10228,1
10234,1
10236,1
10239,1
10243,1
10246,1
10259,2
10262,2
10264,1
10267,1
10270,1
10274,1
10277,2
10279,1
10283,2
10286,1
10289,1
10292,1
10297,1
10300,1
10310,1
10319,2
10328,1
10331,1
10337,2
10339,1
10345,2
10347,1
10353,1
10355,1
10360,1
10368,1
10374,2
10377,2
10381,1
10386,1
10389,1
10394,1
10397,1
10401,1
10404,2
10406,1
10411,2
10414,1
10417,1
10420,1
10422,1
10425,1
10433,2
10436,2
10441,2
10446,1
10449,1
10451,1
10454,2
10457,2
10462,1
10464,1
10468,1
10471,2
10477,2
10480,1
10483,1
10487,2
10490,1
10495,2
10504,1
10508,1
10512,1
10514,1
10520,3
10526,2
10530,1
10533,1
10538,1
10542,1
10544,1
10548,2
10550,1
10555,2
10562,1
10565,2
10574,2
10581,1
10584,2
10589,2
10591,1
10597,1
10602,1
10607,1
10610,2
10620,1
10629,2
10631,1
10634,1
10638,2
10641,1
10643,1
10648,2
10653,1
10664,1
10666,1
10669,1
10674,1
10682,2
10687,1
10695,1
10699,2
10705,1
10707,1
10711,1
10718,1
10723,1
10733,1
10736,1
10740,1
10746,1
10750,2
10754,2
10757,1
10761,1
10768,1
10771,1
10774,1
10786,2
10791,1
10794,1
10800,1
10803,1
10812,1
10816,1
10819,1
10826,1
10834,1
10837,1
10839,1
10842,2
10844,1
10850,1
10853,2
10861,1
10864,1
10867,1
10871,2
10874,2
10878,1
10897,1
10901,1
10909,3
10914,1
10916,1
10918,1
10924,2
10928,2
10931,2
10935,1
10937,1
10940,1
10943,1
10951,1
10953,1
10967,1
10969,1
10976,1
10978,1
10981,1
10986,2
10989,2
10998,2
11000,1
11005,1
11008,1
11015,2
11021,1
11024,1
11027,1
11031,1
11034,2
11039,1
11043,1
11045,1
11047,1
11053,1
11060,2
11063,1
11067,1
11069,1
11072,2
11087,1
11090,1
11104,1
11111,2
11118,1
11125,1
11129,1
11135,2
11142,1
11149,2
11152,1
11159,1
11163,1
11166,2
11169,1
11171,1
11176,1
11178,1
11182,2
11185,1
11190,2
11195,1
11198,1
11202,1
11204,1
11206,1
11209,2
11215,2
11220,1
11224,1
11227,1
11229,1
11232,2
11237,2
11247,2
11255,1
11261,1
11266,1
11271,1
11274,1
11279,1
11281,1
11286,1
11290,1
11294,1
11297,2
11300,1
11304,1
11311,1
11318,1
11323,1
11325,1
11327,1
11330,1
11333,1
11338,2
11340,1
11346,1
11350,1
11352,1
11354,1
11357,2
11361,1
11366,1
11369,1
11372,1
11375,1
11378,1
11385,1
11388,2
11407,1
11410,2
11412,1
11416,1
11421,2
11423,1
11429,1
11435,1
11440,1
11445,2
11448,1
11452,2
11458,1
11462,2
11466,2
11482,2
11487,1
11492,1
11495,1
11499,1
11501,1
11504,2
11510,2
11512,1
11515,2
11524,1
11527,1
11531,2
11538,1
11548,1
11552,1
11556,1
11558,1
11565,2
11568,1
11573,1
11575,1
11578,2
11581,2
11583,1
11590,1
11593,1
11596,1
11600,1
11602,1
11606,2
11609,1
11617,1
11623,2
11631,1
11637,2
11646,1
11651,1
11658,1
11661,1
11664,1
11671,1
11675,2
11680,1
11684,1
11687,1
11694,1
11698,1
11701,1
11706,1
11710,2
11720,1
11726,1
11728,1
11733,1
11742,2
11755,1
11757,1
11760,1
11764,1
11775,1
11777,1
11779,1
11786,2
11789,1
11793,3
11795,1
11800,1
11803,1
11808,1
11811,2
11815,1
11819,1
11829,1
11834,2
11842,2
11845,2
11849,2
11851,1
11858,1
11862,2
11864,1
11870,1
11874,2
11882,1
11885,1
11891,2
11896,1
11898,1
11904,1
11906,1
11908,1
11911,1
11917,1
11919,1
11925,2
11932,1
11936,1
11939,1
11941,1
11944,2
11951,1
11953,1
11956,1
11964,2
11968,1
11971,2
11973,1
11979,1
11983,1
11985,1
11989,1
11993,1
12000,1
12008,2
12021,1
12026,1
12032,2
12037,1
12043,5
12048,1
12050,1
12052,1
12055,1
12058,1
12061,1
12063,1
12065,1
12075,1
12079,2
12083,2
12095,1
12098,1
12104,2
12106,1
12113,2
12126,2
12130,1
12134,2
12136,1
12140,1
12144,1
12149,1
12153,1
12157,2
12161,2
12163,1
12175,1
12178,1
12181,1
12184,1
12187,1
12190,2
12195,2
12198,2
12201,1
12204,2
12210,1
12212,1
12217,1
12231,1
12237,1
12247,1
12249,1
12252,2
12258,1
12262,2
12265,1
12271,1
12275,2
12278,2
12280,1
12284,1
12289,1
12293,1
12297,1
12299,1
12305,2
12309,2
12315,1
12320,1
12323,1
12325,1
12328,2
12330,1
12333,1
12336,1
12338,1
12345,2
12350,1
12353,2
12356,1
12359,2
12365,3
12379,1
12386,1
12389,2
12393,2
12404,1
12409,2
12416,2
12421,1
12425,1
12428,2
12430,1
12437,1
12444,2
12449,1
12451,1
12461,1
12463,1
12466,1
12469,2
12474,1
12477,1
12479,1
12484,2
12488,1
12491,2
12496,1
12500,1
12502,1
12507,1
12512,1
12515,1
12523,1
12527,2
12535,1
12538,1
12540,1
12542,1
12546,2
12551,1
12554,2
12560,1
12562,1
12570,1
12577,2
12582,1
12590,2
12592,1
12598,1
12602,1
12608,2
12610,1
12613,1
12615,1
12617,1
12621,1
12624,1
12630,5
12633,1
12636,1
12643,2
12646,1
12648,1
12654,2
12663,1
12667,2
12676,1
12679,1
12682,1
12690,3
12693,1
12707,1
12710,1
12715,1
12718,1
12721,1
12725,1
12728,2
12731,2
12733,1
12737,1
12742,1
12744,1
12748,2
12753,2
12756,1
12761,1
12763,1
12770,1
12773,1
12779,2
12781,1
12783,1
12786,2
12794,1
12803,2
12805,1
12820,2
12829,1
12831,1
12834,1
12836,1
12838,1
12841,1
12846,2
12850,3
12852,1
12854,1
12856,1
12858,1
12863,1
12868,2
12880,2
12884,2
12892,1
12899,1
12901,1
12903,1
12909,1
12913,2
12919,1
12922,2
12925,1
12930,1
12935,2
12937,1
12942,1
12944,1
12948,1
12950,1
12952,1
12957,1
12966,1
12976,1
12980,1
12984,1
12988,1
12991,2
12995,1
12999,2
13004,1
13007,1
13019,1
13023,1
13029,2
13035,1
13038,1
13041,1
13050,2
13056,1
13059,2
13063,1
13068,1
13078,1
13081,2
13083,1
13090,1
13093,2
13101,2
13103,1
13106,1
13111,1
13115,2
13117,1
13120,1
13124,1
13126,1
13129,1
13140,1
13143,2
13146,2
13152,2
13156,2
13164,1
13166,1
13171,1
13174,2
13176,1
13184,1
13186,1
13189,1
13198,2
13204,2
13207,1
13212,1
13214,1
13218,1
13220,1
13226,2
13233,2
13236,1
13238,1
13240,1
13242,1
13254,2
13260,1
13270,1
13280,1
13284,1
13288,1
13291,1
13297,1
13302,1
13306,1
13311,2
13320,2
13322,1
13324,1
13337,1
13339,1
13341,1
13345,1
13349,1
13357,1
13360,1
13363,2
13365,1
13369,1
13371,1
13376,1
13378,1
13389,2
13393,2
13408,1
13418,1
13423,2
13429,1
13438,1
13442,2
13447,1
13450,2
13462,1
13465,1
13468,1
13470,1
13472,1
13476,1
13478,1
13480,1
13484,2
13489,3
13493,1
13497,2
13499,1
13501,1
13510,2
13514,1
13517,1
13524,1
13535,1
13548,3
13550,1
13568,1
13572,1
13578,1
13581,1
13586,1
13589,2
13594,3
13597,2
13600,2
13606,1
13609,1
13611,1
13621,1
13625,1
13631,1
13635,1
13637,1
13648,1
13651,1
13657,2
13664,1
13668,2
13676,2
13681,1
13689,1
13692,2
13694,1
13697,1
13700,1
13707,1
13718,1
13721,2
13723,1
13728,1
13730,1
13735,2
13740,1
13743,1
13745,1
13750,2
13759,2
13762,1
13766,1
13778,2
13780,1
13783,1
13788,2
13796,2
13804,1
13806,1
13810,2
13813,1
13821,1
13824,1
13831,1
13836,1
13844,1
13846,1
13850,1
13861,1
13864,2
13868,2
13872,1
13874,1
13882,1
13885,1
13895,2
13897,1
13901,1
13904,1
13907,1
13910,2
13919,1
13921,1
13927,2
13929,1
13933,1
13937,2
13939,1
13943,2
13952,1
13957,1
13962,1
13965,1
13968,1
13970,1
13973,2
13975,1
13977,1
13988,2
13992,1
13998,1
14001,2
14008,1
14015,2
14023,1
14025,1
14027,1
14034,1
14041,1
14054,1
14058,2
14060,1
14064,2
14068,2
14073,2
14077,2
14083,1
14085,1
14087,1
14090,1
14094,2
14108,1
14116,2
14120,2
14122,1
14125,1
14127,1
14130,2
14134,2
14140,1
14143,1
14146,2
14148,1
14161,1
14164,1
14170,2
14172,1
14175,1
14180,1
14182,1
14184,1
14186,1
14190,2
14192,1
14197,2
14200,2
14204,2
14206,1
14210,1
14214,2
14228,1
14233,1
14236,1
14241,1
14243,1
14249,1
14251,1
14254,2
14258,2
14260,1
14273,1
14276,2
14281,2
14286,2
14294,2
14299,1
14301,1
14303,1
14305,1
14307,1
14311,1
14314,1
14316,1
14319,1
14324,2
14328,2
14332,1
14334,1
14343,2
14346,1
14349,1
14362,1
14365,1
14368,1
14372,1
14378,1
14388,1
14393,2
14400,2
14403,1
14405,1
14409,1
14414,1
14418,1
14422,2
14431,2
14437,1
14445,1
14447,1
14450,1
14452,1
14455,2
14459,2
14462,2
14467,1
14471,1
14473,1
14478,1
14481,1
14493,2
14499,4
14509,1
14514,1
14522,1
14526,1
14529,1
14534,1
14542,1
14547,1
14550,1
14558,1
14564,2
14569,1
14572,1
14577,2
14589,2
14593,1
14600,4
14608,2
14611,1
14616,1
14620,1
14623,1
14630,1
14642,2
14648,1
14651,2
14655,2
14658,1
14667,1
14671,2
14675,1
14680,2
14687,1
14689,1
14695,1
14703,2
14705,1
14707,1
14710,1
14713,1
14716,1
14718,1
14723,2
14726,1
14733,1
14735,1
14743,1
14750,2
14754,1
14756,1
14763,1
14765,1
14770,1
14774,1
14777,2
14781,2
14787,2
14790,1
14798,2
14807,1
14809,1
14811,1
14815,2
14818,1
14825,1
14830,1
14833,2
14839,2
14842,2
14852,1
14860,1
14862,1
14867,1
14874,1
14876,1
14885,1
14888,1
14894,1
14897,1
14901,2
14907,1
14914,2
14918,2
14922,1
14926,1
14932,1
14935,1
14937,1
14948,1
14950,1
14958,1
14967,1
14970,1
14972,1
14978,1
14980,1
14985,1
14988,2
14992,1
15000,1
15005,2
15008,2
15011,2
15016,1
15027,2
15034,2
15036,1
15044,1
15047,1
15051,1
15055,2
15061,2
15067,1
15069,1
15074,1
15078,1
15087,1
15089,1
15091,1
15101,1
15103,1
15106,2
15110,3
15114,1
15126,2
15129,2
15132,2
15139,1
15147,2
15149,1
15151,1
15156,1
15162,2
15165,2
15171,3
15177,2
15181,1
15183,1
15186,2
15190,1
15198,2
15204,1
15208,1
15212,2
15214,1
15217,1
15220,1
15223,1
15228,2
15235,2
15238,1
15240,1
15248,1
15254,1
15259,1
15263,1
15277,1
15279,1
15284,2
15288,1
15290,1
15296,2
15307,1
15312,1
15314,1
15316,1
15321,1
15326,1
15330,2
15341,2
15352,1
15354,1
15357,2
15363,2
15370,2
15376,2
15380,1
15391,1
15393,1
15396,1
15398,1
15401,2
15405,2
15409,1
15413,1
15415,1
15418,2
15423,2
15426,1
15432,1
15440,2
15445,1
15448,1
15456,1
15459,2
15462,1
15466,1
15471,1
15473,1
15480,1
15485,3
15488,2
15490,1
15495,1
15498,2
15504,1
15520,3
15527,1
15530,1
15534,1
15537,1
15540,1
15543,1
15554,2
15558,1
15561,1
15564,1
15568,1
15570,1
15588,2
15590,1
15594,1
15596,1
15605,1
15612,3
15617,1
15621,1
15630,1
15633,1
15641,1
15644,2
15649,4
15661,1
15664,1
15670,1
15674,2
15678,2
15684,1
15686,1
15690,1
15694,1
15697,2
15700,1
15707,2
15713,1
15719,1
15730,1
15735,1
15737,1
15741,2
15762,2
15766,2
15770,1
15773,2
15776,1
15780,1
15782,1
15790,1
15792,1
15796,1
15798,1
15804,1
15808,1
15815,1
15820,1
15829,1
15832,1
15837,1
15841,2
15846,1
15848,1
15852,1
15855,2
15858,1
15871,1
15878,2
15883,1
15896,1
15900,1
15902,1
15904,1
15908,2
15910,1
15912,1
15925,1
15929,1
15939,1
15944,2
15947,1
15950,1
15954,1
15957,2
15961,2
15965,1
15969,2
15972,1
15975,1
15980,1
15984,2
15987,1
15994,2
15996,1
15999,1
16008,2
16014,1
16019,2
16023,1
16025,1
16027,1
16030,1
16033,1
16035,1
16038,2
16041,1
16046,1
16052,1
16054,1
16060,1
16067,1
16076,1
16079,1
16082,2
16087,1
16093,2
16097,1
16099,1
16101,1
16103,1
16109,1
16117,1
16120,1
16125,1
16129,1
16132,2
16134,1
16137,2
16140,1
16143,1
16153,1
16156,1
16159,1
16162,1
16169,1
16173,1
16176,2
16183,3
16192,1
16194,1
16198,1
16202,1
16206,2
16213,1
16216,2
16222,1
16224,1
16228,2
16230,1
16236,3
16239,1
16242,1
16249,2
16251,1
16259,1
16261,1
16278,4
16281,1
16284,1
16288,1
16291,1
16293,1
16297,1
16303,1
16308,2
16310,1
16315,2
16317,1
16330,1
16336,3
16339,1
16345,1
16348,1
16350,1
16356,1
16362,2
16365,1
16368,1
16371,1
16374,1
16378,1
16383,1
16386,1
16388,1
16390,1
16396,2
16399,1
16404,1
16411,2
16429,2
16433,1
16437,2
16439,1
16441,1
16443,1
16446,1
16452,2
16462,1
16465,1
16469,2
16474,2
16477,1
16482,1
16490,2
16494,2
16499,2
16510,2
16512,1
16516,1
16520,1
16523,2
16530,1
16533,1
16537,2
16542,1
16544,1
16547,1
16558,1
16564,3
16570,2
16572,1
16577,1
16581,1
16585,1
16589,1
16595,2
16602,2
16604,1
16609,2
16613,1
16616,2
16619,1
16622,2
16627,2
16630,1
16635,1
16637,1
16643,1
16646,2
16648,1
16654,1
16661,1
16663,1
16670,1
16678,2
16684,2
16692,2
16694,1
16699,2
16706,2
16708,1
16715,1
16720,1
16722,1
16725,2
16728,1
16731,1
16733,1
16740,2
16743,1
16745,1
16747,1
16750,1
16754,1
16756,1
16762,2
16768,1
16773,1
16780,1
16782,1
16787,1
16790,1
16792,1
16798,2
16804,2
16810,3
16812,1
16823,2
16832,1
16836,2
16844,2
16846,1
16848,1
16857,1
16859,1
16861,1
16863,1
16869,1
16874,1
16876,1
16879,2
16887,2
16889,1
16893,1
16896,1
16903,2
16912,2
16916,1
16919,2
16922,1
16925,1
16928,2
16932,2
16937,2
16945,2
16947,1
16949,1
16951,1
16953,1
16962,1
16965,1
16968,1
16973,1
16977,1
16979,1
16982,1
16985,1
16999,1
17003,2
17006,1
17009,2
17012,1
17017,1
17022,2
17030,2
17033,1
17036,1
17040,2
17043,1
17047,3
17051,1
17059,2
17061,1
17064,1
17069,2
17072,2
17074,1
17077,1
17079,1
17083,2
17088,1
17096,2
17100,2
17105,1
17111,1
17114,1
17116,1
17121,1
17124,1
17126,1
17130,2
17132,1
17136,1
17144,1
17147,2
17150,1
17154,2
17156,1
17165,1
17169,1
17174,1
17178,1
17181,1
17183,1
17187,2
17189,1
17193,2
17202,1
17207,1
17217,1
17222,2
17228,2
17237,1
17240,2
17242,1
17247,1
17250,1
17252,1
17257,2
17262,1
17265,2
17269,2
17273,1
17276,1
17279,1
17281,1
17283,1
17293,2
17297,1
17306,1
17316,1
17319,1
17326,1
17328,1
17337,4
17340,1
17348,1
17359,1
17365,1
17367,1
17371,2
17375,1
17381,1
17383,1
17389,2
17395,2
17398,1
17402,1
17418,1
17429,1
17432,1
17435,1
17440,1
17442,1
17445,2
17448,2
17454,2
17457,1
17460,1
17466,1
17476,1
17486,2
17489,1
17493,2
17496,2
17500,1
17507,2
17509,1
17513,2
17523,1
17527,1
17542,1
17545,2
17549,1
17553,2
17556,2
17559,1
17566,1
17569,2
17580,1
17583,1
17590,2
17592,1
17594,1
17596,1
17598,1
17604,1
17606,1
17615,2
17633,1
17643,1
17646,1
17648,1
17650,1
17654,2
17656,1
17658,1
17663,2
17667,1
17671,3
17674,1
17683,2
17695,1
17698,2
17700,1
17702,1
17709,1
17713,1
17719,2
17721,1
17735,1
17738,1
17740,1
17744,2
17755,1
17759,2
17769,1
17776,2
17779,1
17781,1
17789,1
17791,1
17797,1
17799,1
17801,1
17806,1
17809,2
17811,1
17817,1
17820,1
17824,1
17828,2
17831,1
17837,1
17842,1
17851,1
17853,1
17856,1
17859,1
17861,1
17866,3
17872,1
17882,1
17890,2
17893,1
17903,1
17906,1
17909,1
17914,1
17918,1
17922,1
17925,1
17936,2
17941,1
17950,2
17953,2
17955,1
17957,1
17959,1
17964,2
17968,1
17973,2
17983,1
17985,1
17988,2
17995,1
18000,2
18002,1
18007,1
18014,1
18025,2
18027,1
18037,1
18040,1
18045,1
18048,2
18055,1
18058,1
18066,2
18073,2
18077,1
18080,1
18083,1
18087,2
18091,1
18097,2
18102,1
18117,2
18122,1
18126,2
18130,2
18137,1
18142,1
18146,1
18149,2
18152,1
18157,1
18160,2
18166,1
18169,1
18173,1
18175,1
18177,1
18179,1
18182,2
18189,1
18197,2
18205,1
18207,1
18212,1
18216,1
18220,1
18225,1
18229,1
18234,1
18236,1
18241,2
18244,2
18247,2
18249,1
18253,1
18256,1
18260,1
18263,1
18267,1
18269,1
18272,2
18279,1
18281,1
18284,1
18287,1
18294,1
18300,3
18302,1
18305,1
18311,2
18313,1
18316,1
18324,1
18326,1
18330,1
18335,1
18337,1
18341,1
18343,1
18348,1
18353,2
18359,1
18366,1
18369,2
18373,1
18376,1
18378,1
18383,2
18385,1
18390,3
18394,1
18397,1
18407,2
18412,2
18415,1
18418,2
18422,1
18424,1
18430,1
18433,1
18439,2
18446,2
18449,1
18457,1
18461,1
18465,1
18472,1
18474,1
18481,2
18488,2
18491,2
18493,1
18499,1
18502,1
18506,1
18515,1
18517,1
18519,1
18528,1
18531,1
18534,1
18538,1
18543,1
18545,1
18551,1
18554,1
18557,2
18568,1
18572,1
18574,1
18581,2
18585,2
18587,1
18591,2
18602,2
18610,1
18612,1
18615,2
18619,1
18622,1
18628,1
18636,2
18638,1
18646,2
18656,1
18662,2
18665,2
18671,1
18675,1
18681,1
18687,1
18689,1
18692,2
18694,1
18698,1
18707,1
18710,2
18716,1
18718,1
18722,1
18724,1
18733,2
18737,2
18745,1
18748,1
18753,1
18755,1
18760,1
18763,1
18766,1
18769,1
18772,1
18774,1
18780,3
18782,1
18790,1
18794,2
18797,2
18801,1
18804,2
18809,1
18814,1
18819,2
18821,1
18830,2
18835,1
18837,1
18840,1
18849,1
18853,1
18856,2
18858,1
18860,1
18864,1
18872,1
18892,1
18899,1
18911,1
18916,1
18919,1
18927,2
18930,1
18932,1
18936,2
18939,1
18942,1
18948,1
18951,1
18955,1
18958,2
18963,1
18965,1
18968,1
18971,2
18976,1
18978,1
18988,2
18990,1
18994,1
18997,1
19001,2
19004,2
19006,1
19009,1
19017,1
19027,1
19031,1
19037,2
19039,1
19045,1
19057,1
19061,2
19063,1
19070,1
19074,1
19076,1
19080,2
19083,2
19093,1
19095,1
19098,1
19100,1
19103,2
19106,1
19110,1
19122,1
19126,2
19130,2
19147,1
19150,2
19156,1
19162,1
19166,1
19169,1
19174,4
19176,1
19184,1
19188,2
19208,1
19214,1
19218,1
19221,1
19226,1
19246,1
19253,1
19260,1
19265,1
19268,1
19270,1
19272,1
19279,1
19295,1
19299,1
19302,1
19305,1
19309,1
19315,2
19318,1
19321,1
19324,1
19336,2
19339,1
19345,1
19350,1
19363,1
19365,1
19369,1
19375,2
19383,1
19386,1
19389,2
19391,1
19394,1
19397,1
19399,1
19402,1
19404,1
19406,1
19412,1
19415,1
19417,1
19423,2
19434,1
19439,2
19447,1
19449,1
19452,2
19454,1
19458,1
19462,1
19465,1
19471,1
19476,2
19480,1
19488,1
19490,1
19500,2
19507,2
19513,2
19515,1
19522,1
19525,1
19533,2
19538,2
19540,1
19543,1
19546,2
19550,2
19558,1
19563,1
19568,1
19573,3
19577,1
19579,1
19581,1
19588,1
19590,1
19593,2
19595,1
19600,1
19602,1
19605,1
19609,3
19614,3
19618,1
19622,1
19624,1
19627,1
19633,2
19637,1
19641,2
19653,1
19656,1
19659,1
19661,1
19663,1
19667,3
19669,1
19672,2
19677,1
19679,1
19682,1
19686,1
19690,1
19706,2
19709,1
19716,2
19722,2
19725,1
19727,1
19737,2
19740,1
19743,1
19745,1
19755,1
19760,1
19763,1
19768,1
19772,1
19774,1
19777,1
19781,2
19785,1
19787,1
19790,1
19794,2
19799,1
19805,1
19809,1
19811,1
19819,1
19823,2
19825,1
19829,1
19833,1
19836,2
19839,1
19842,1
19847,1
19850,1
19857,1
19861,2
19863,1
19865,1
19868,2
19870,1
19877,1
19884,1
19888,1
19902,1
19908,1
19911,1
19913,1
19916,2
19919,1
19927,1
19937,1
19950,4
19953,1
19956,1
19958,1
19963,2
19974,1
19977,2
19982,1
19984,1
19987,2
19989,1
19993,1
19999,2
20001,1
20005,1
20012,1
20015,1
20019,2
20023,2
20025,1
20034,1
20036,1
20042,1
20045,2
20048,1
20051,2
20058,2
20063,1
20066,1
20070,1
20076,1
20084,2
20094,1
20099,2
20102,1
20107,1
20116,1
20125,2
20128,1
20135,1
20137,1
20144,1
20147,2
20152,3
20154,1
20159,1
20163,1
20165,1
20170,1
20178,1
20182,1
20184,1
20187,2
20189,1
20191,1
20200,2
20209,1
20213,1
20216,2
20219,1
20232,2
20238,2
20241,2
20245,2
20247,1
20250,2
20257,1
20261,1
20266,2
20269,2
20271,1
20279,1
20283,1
20289,2
20300,1
20304,1
20309,1
20313,1
20318,4
20321,1
20327,2
20329,1
20331,1
20338,2
20341,2
20343,1
20348,1
20355,2
20360,2
20364,2
20375,2
20379,1
20381,1
20384,2
20386,1
20389,1
20395,2
20397,1
20401,2
20403,1
20408,1
20415,1
20417,1
20422,2
20424,1
20430,2
20433,1
20438,2
20443,1
20445,1
20448,1
20450,1
20453,1
20456,1
20459,1
20463,1
20472,2
20477,2
20481,2
20484,1
20489,1
20498,1
20500,1
20511,3
20514,1
20520,1
20524,1
20527,1
20533,3
20535,1
20542,3
20547,1
20551,2
20564,1
20567,1
20569,1
20583,2
20587,1
20590,1
20593,1
20595,1
20598,1
20601,2
20603,1
20606,2
20621,5
20629,1
20633,1
20636,1
20642,1
20650,1
20654,1
20673,1
20680,1
20686,1
20688,1
20696,1
20699,2
20702,1
20707,1
20711,1
20715,2
20718,2
20722,2
20727,1
20729,1
20731,1
20737,2
20743,1
20749,1
20764,2
20767,1
20769,1
20774,2
20777,1
20780,1
20782,1
20784,1
20789,2
20792,2
20794,1
20799,2
20801,1
20804,2
20807,1
20811,2
20819,1
20829,2
20834,1
20845,2
20848,1
20851,1
20854,1
20857,1
20863,1
20868,1
20870,1
20873,2
20876,2
20878,1
20881,2
20887,3
20890,1
20895,2
20901,1
20904,2
20907,1
20913,1
20917,2
20920,2
20924,2
20929,1
20932,1
20936,1
20941,1
20945,1
20952,2
20958,1
20961,1
20965,1
20969,1
20972,1
20980,3
20982,1
20991,1
20995,2
21003,1
21006,1
21014,1
21018,1
21022,2
21024,1
21033,1
21040,1
21042,1
21046,2
21049,2
21053,1
21056,1
21060,1
21067,1
21070,1
21077,1
21082,1
21085,1
21089,1
21091,1
21096,2
21101,1
21104,2
21106,1
21109,2
21118,2
21122,2
21130,2
21138,1
21141,1
21145,1
21155,1
21162,2
21164,1
21167,1
21170,1
21175,1
21184,1
21188,1
21191,1
21198,2
21200,1
21202,1
21207,1
21209,1
21211,1
21213,1
21217,2
21226,1
21228,1
21230,1
21236,2
21241,1
21245,2
21247,1
21252,2
21255,1
21260,1
21263,1
21265,1
21271,2
21279,1
21287,1
21290,1
21298,1
21307,1
21311,2
21314,2
21319,1
21326,1
21329,1
21340,2
21343,1
21347,2
21356,2
21358,1
21360,1
21370,1
21374,1
21379,1
21382,2
21389,3
21392,1
21400,1
21405,1
21408,1
21411,1
21418,1
21421,1
21425,1
21429,1
21434,2
21436,1
21441,1
21444,2
21448,2
21455,1
21458,1
21461,2
21470,2
21472,1
21493,1
21495,1
21498,2
21502,2
21505,1
21509,1
21515,1
21522,1
21532,1
21536,2
21540,2
21546,1
21558,1
21562,1
21565,1
21568,1
21575,4
21578,2
21580,1
21591,1
21594,1
21597,1
21606,1
21623,2
21627,2
21631,1
21635,1
21640,1
21644,2
21648,1
21651,1
21656,1
21659,2
21665,2
21672,2
21676,1
21679,2
21687,1
21689,1
21697,1
21699,1
21701,1
21706,2
21709,1
21713,2
21718,1
21725,2
21732,1
21737,1
21745,1
21751,1
21758,1
21762,1
21766,2
21768,1
21770,1
21777,2
21779,1
21781,1
21783,1
21789,1
21791,1
21794,2
21806,1
21810,3
21816,1
21822,1
21826,1
21831,1
21834,2
21837,1
21839,1
21842,2
21844,1
21850,1
21864,1
21867,1
21873,2
21875,1
21881,1
21887,1
21894,1
21897,2
21900,1
21904,2
21907,2
21914,1
21916,1
21922,2
21926,1
21930,1
21940,2
21943,1
21947,2
21957,1
21960,2
21967,2
21972,1
21976,1
21979,2
21985,1
21987,1
21990,1
21993,1
21997,1
22000,1
22002,1
22012,2
22017,1
22020,1
22022,1
22025,2
22028,1
22034,1
22043,4
22049,3
22061,1
22071,1
22073,1
22078,1
22081,1
22088,1
22090,1
22095,1
22099,1
22102,2
22105,1
22112,1
22115,1
22124,1
22126,1
22131,1
22134,2
22142,2
22146,1
22150,2
22153,1
22155,1
22157,1
22166,2
22173,1
22192,2
22197,2
22199,1
22202,1
22210,2
22215,1
22219,1
22231,1
22233,1
22236,1
22241,2
22244,1
22248,1
22258,1
22266,1
22280,1
22282,1
22290,2
22294,1
22298,1
22300,1
22304,2
22313,1
22318,1
22320,1
22322,1
22327,1
22330,1
22343,2
22346,2
22357,1
22361,1
22364,2
22368,1
22370,1
22375,2
22378,1
22381,1
22384,1
22387,1
22390,1
22392,1
22395,1
22398,1
22404,1
22409,1
22412,1
22416,1
22419,1
22422,2
22424,1
22427,1
22430,1
22437,1
22448,2
22453,2
22459,1
22466,2
22475,2
22479,2
22481,1
22483,1
22490,1
22493,1
22497,1
22502,1
22504,1
22507,1
22512,2
22517,2
22522,1
22524,1
22526,1
22529,2
22532,1
22535,1
22540,1
22545,1
22551,1
22555,2
22560,2
22571,1
22574,2
22577,1
22583,1
22585,1
22588,1
22590,1
22594,2
22596,1
22599,1
22601,1
22603,1
22613,1
22617,2
22620,1
22631,1
22637,1
22639,1
22643,2
22648,1
22662,2
22668,3
22678,1
22685,1
22687,1
22697,2
22700,2
22704,2
22709,1
22712,1
22715,1
22718,2
22721,1
22725,3
22735,2
22740,1
22743,1
22748,3
22750,1
22755,2
22759,2
22762,2
22769,3
22771,1
22777,2
22782,1
22786,1
22795,1
22797,1
22806,1
22810,1
22813,1
22816,1
22820,1
22824,1
22829,1
22833,2
22838,1
22841,1
22853,1
22856,2
22859,1
22863,1
22868,1
22879,1
22881,1
22886,1
22891,2
22897,2
22900,1
22909,1
22916,1
22924,1
22927,1
22931,2
22938,1
22942,1
22946,1
22950,1
22955,2
22958,1
22961,2
22964,1
22969,2
22974,1
22980,2
22985,1
22990,1
22992,1
22997,1
23029,3
23032,1
23035,1
23038,1
23043,2
23047,2
23053,1
23056,1
23060,1
23063,1
23066,1
23068,1
23074,3
23080,2
23083,2
23087,1
23089,1
23091,1
23100,1
23102,1
23106,2
23109,1
23111,1
23113,1
23115,1
23118,2
23121,1
23126,1
23130,1
23136,1
23144,1
23147,1
23149,1
23153,2
23159,1
23169,1
23172,1
23177,1
23183,3
23186,1
23189,2
23197,1
23200,1
23203,2
23206,1
23208,1
23211,1
23215,1
23219,2
23222,2
23230,1
23234,1
23237,1
23240,2
23243,2
23245,1
23248,1
23256,1
23259,1
23265,1
23273,1
23275,1
23279,2
23281,1
23287,1
23292,2
23295,1
23301,1
23308,1
23316,1
23320,1
23326,2
23330,1
23335,2
23337,1
23340,1
23345,1
23349,1
23354,1
23356,1
23358,1
23363,1
23366,2
23369,1
23377,1
23379,1
23381,1
23389,1
23391,1
23393,1
23410,2
23420,1
23422,1
23429,1
23432,1
23435,1
23441,1
23443,1
23445,1
23453,1
23459,1
23463,1
23467,2
23471,2
23474,1
23480,1
23486,1
23490,1
23496,1
23499,1
23501,1
23510,2
23516,1
23519,2
23521,1
23523,1
23527,2
23531,1
23538,1
23546,1
23548,1
23554,1
23558,1
23561,1
23564,1
23566,1
23573,1
23578,1
23580,1
23584,2
23588,1
23591,1
23595,2
23600,1
23613,1
23615,1
23618,1
23622,1
23624,1
23626,1
23628,1
23633,1
23637,2
23647,1
23660,2
23663,1
23667,3
23672,1
23674,1
23681,1
23683,1
23687,1
23690,2
23693,2
23698,1
23710,1
23712,1
23715,1
23718,1
23720,1
23724,2
23730,1
23733,1
23735,1
23742,2
23749,1
23752,2
23754,1
23757,1
23763,1
23776,1
23782,1
23788,2
23790,1
23800,2
23806,2
23811,1
23813,1
23822,1
23824,1
23828,1
23832,1
23837,1
23841,1
23855,1
23867,2
23869,1
23878,1
23888,1
23890,1
23892,1
23900,2
23903,1
23905,1
23912,2
23915,2
23921,3
23930,1
23932,1
23936,1
23945,1
23947,1
23949,1
23953,2
23955,1
23958,2
23963,1
23966,2
23971,1
23979,1
23991,1
23999,1
24001,1
24006,1
24008,1
24011,1
24020,2
24024,1
24026,1
24028,1
24036,2
24044,1
24050,1
24052,1
24055,1
24060,2
24064,1
24066,1
24069,1
24074,1
24077,1
24081,1
24084,1
24096,1
24104,1
24107,1
24113,1
24117,2
24123,2
24128,1
24137,2
24146,1
24149,1
24154,1
24159,4
24161,1
24163,1
24166,1
24171,1
24174,2
24186,2
24190,1
24200,1
24204,1
24215,1
24219,2
24223,2
24226,1
24230,2
24233,2
24238,2
24241,1
24246,1
24250,1
24253,2
24255,1
24257,1
24259,1
24262,1
24264,1
24269,1
24272,2
24274,1
24289,2
24293,2
24303,3
24307,2
24310,2
24320,1
24327,1
24330,1
24334,3
24344,2
24353,1
24359,2
24362,1
24368,1
24372,1
24378,1
24381,1
24386,2
24392,1
24394,1
24396,1
24401,2
24405,1
24414,1
24416,1
24420,1
24425,1
24428,1
24432,2
24436,1
24442,1
24445,2
24448,1
24455,1
24457,1
24460,1
24462,1
24464,1
24468,1
24470,1
24473,2
24475,1
24478,1
24481,1
24486,2
24491,1
24495,1
24504,1
24507,2
24510,2
24513,1
24519,1
24523,2
24526,1
24532,1
24535,1
24539,1
24541,1
24546,1
24549,1
24555,2
24560,2
24565,1
24568,1
24571,1
24573,1
24576,1
24588,1
24592,2
24599,1
24602,1
24609,1
24613,1
24616,2
24623,1
24626,1
24628,1
24631,1
24636,1
24646,1
24648,1
24656,1
24658,1
24663,2
24665,1
24667,1
24674,2
24682,1
24684,1
24689,1
24692,1
24696,2
24698,1
24705,2
24707,1
24710,2
24715,1
24717,1
24720,2
24724,2
24731,1
24735,1
24745,1
24751,1
24753,1
24759,2
24761,1
24765,1
24770,1
24775,2
24780,2
24783,2
24787,1
24794,1
24797,1
24805,1
24809,1
24814,2
24816,1
24825,1
24829,1
24831,1
24837,1
24840,1
24843,2
24855,1
24862,1
24864,1
24870,1
24873,2
24875,1
24877,1
24880,1
24886,1
24888,1
24892,2
24894,1
24899,1
24912,2
24914,1
24916,1
24919,1
24924,1
24927,1
24930,1
24940,1
24945,2
24949,1
24954,1
24956,1
24960,2
24963,1
24970,1
24973,1
24975,1
24977,1
24981,1
24984,1
24990,1
24993,2
24996,1
24998,1
25002,2
25005,1
25014,1
25019,1
25024,1
25026,1
25029,1
25033,1
25035,1
25037,1
25048,3
25052,3
25059,1
25062,2
25066,1
25076,1
25084,1
25091,2
25095,2
25100,1
25103,1
25111,1
25116,2
25123,1
25129,2
25132,1
25134,1
25136,1
25139,2
25146,2
25156,2
25162,1
25167,2
25170,1
25174,1
25180,2
25183,1
25187,2
25195,1
25199,1
25203,1
25205,1
25217,1
25222,2
25225,2
25240,2
25246,2
25249,1
25252,1
25254,1
25258,1
25268,1
25272,1
25274,1
25277,1
25279,1
25283,1
25287,1
25296,1
25298,1
25305,1
25309,1
25313,2
25316,2
25319,2
25325,1
25328,1
25330,1
25335,1
25341,2
25345,1
25347,1
25349,1
25366,2
25376,1
25386,1
25388,1
25390,1
25394,2
25397,1
25400,1
25403,1
25415,1
25419,1
25425,1
25437,2
25451,1
25453,1
25455,1
25460,2
25462,1
25474,1
25480,1
25490,1
25494,2
25499,1
25502,1
25504,1
25511,1
25517,1
25520,1
25524,2
25527,2
25530,1
25536,1
25538,1
25542,2
25544,1
25556,2
25561,1
25565,1
25567,1
25573,1
25576,1
25579,1
25581,1
25583,1
25586,1
25590,1
25592,1
25596,2
25598,1
25600,1
25608,1
25610,1
25612,1
25615,1
25623,1
25627,1
25633,1
25636,1
25639,1
25642,1
25647,1
25651,2
25653,1
25655,1
25664,1
25670,1
25673,1
25680,1
25684,2
25688,2
25690,1
25694,1
25700,1
25704,1
25719,2
25724,1
25726,1
25736,1
25743,1
25755,1
25759,1
25763,1
25765,1
25767,1
25772,1
25774,1
25778,1
25786,1
25791,1
25793,1
25798,1
25804,3
25815,1
25822,2
25829,1
25831,1
25840,2
25844,1
25846,1
25853,1
25865,1
25867,1
25870,1
25872,1
25876,1
25882,1
25886,2
25889,2
25891,1
25895,1
25897,1
25900,1
25902,1
25911,2
25916,1
25919,1
25932,1
25942,1
25945,1
25947,1
25955,1
25966,1
25970,1
25977,1
25979,1
25981,1
25983,1
25989,1
25995,3
25999,2
26001,1
26005,2
26011,2
26015,1
26019,2
26024,1
26026,1
26028,1
26035,1
26038,1
26043,2
26046,1
26049,1
26055,1
26070,1
26073,2
26075,1
26077,1
26080,1
26083,1
26090,2
26101,1
26105,1
26108,1
26112,1
26116,3
26121,1
26124,2
26129,2
26133,2
26138,1
26141,1
26144,1
26146,1
26148,1
26152,2
26162,2
26166,1
26172,1
26176,2
26179,1
26181,1
26186,1
26188,1
26196,2
26200,2
26202,1
26207,1
26213,1
26217,2
26221,2
26227,1
26229,1
26232,1
26239,1
26250,1
26257,1
26260,2
26262,1
26270,1
26275,2
26277,1
26282,1
26285,1
26295,2
26302,2
26305,1
26315,1
26318,1
26322,2
26327,2
26335,1
26345,2
26348,1
26354,1
26362,1
26365,1
26369,1
26373,1
26377,2
26379,1
26382,1
26385,1
26387,1
26390,1
26393,1
26397,1
26401,2
26407,1
26411,2
26415,1
26421,2
26424,1
26426,1
26430,2
26437,2
26439,1
26441,1
26448,2
26454,2
26459,1
26462,1
26465,1
26471,1
26480,1
26483,2
26485,1
26487,1
26492,1
26496,2
26500,2
26503,1
26506,1
26509,2
26521,2
26523,1
26532,1
26536,1
26540,1
26543,2
26545,1
26551,1
26560,1
26562,1
26566,1
26570,2
26573,1
26576,2
26578,1
26582,2
26584,1
26589,1
26594,1
26598,1
26606,1
26612,1
26631,2
26634,1
26636,1
26643,1
26652,2
26654,1
26657,1
26664,1
26669,1
26673,2
26677,2
26683,1
26685,1
26692,1
26694,1
26696,1
26701,1
26714,1
26721,1
26727,1
26731,2
26737,1
26739,1
26745,1
26747,1
26749,1
26754,1
26758,1
26766,1
26770,1
26773,1
26786,1
26788,1
26791,2
26795,1
26806,2
26809,1
26817,1
26823,1
26826,1
26835,1
26837,1
26855,1
26857,1
26861,2
26864,1
26866,1
26868,1
26871,1
26875,1
26879,2
26882,2
26884,1
26889,1
26892,1
26896,1
26904,2
26908,1
26911,1
26913,1
26923,2
26930,1
26934,2
26942,1
26944,1
26954,1
26956,1
26960,1
26963,2
26966,1
26968,1
26973,2
26979,2
26981,1
26986,1
26988,1
26993,1
26998,2
27005,2
27008,1
27010,1
27015,1
27018,2
27028,1
27030,1
27035,1
27040,1
27043,1
27048,1
27055,2
27059,2
27064,2
27068,1
27071,1
27075,1
27081,1
27085,2
27087,1
27089,1
27092,2
27097,2
27103,1
27111,1
27117,2
27120,1
27122,1
27125,2
27127,1
27134,1
27146,1
27152,2
27157,1
27165,1
27169,2
27171,1
27175,1
27178,1
27185,2
27189,1
27194,1
27196,1
27198,1
27200,1
27203,2
27205,1
27219,1
27221,1
27233,1
27238,1
27245,1
27247,1
27252,1
27256,1
27262,1
27266,2
27268,1
27274,1
27280,1
27288,1
27291,1
27301,1
27303,1
27307,1
27311,1
27317,1
27320,1
27324,2
27327,1
27329,1
27333,1
27336,1
27341,1
27343,1
27346,2
27350,1
27357,1
27367,1
27370,2
27374,2
27376,1
27382,2
27389,1
27396,1
27401,1
27404,1
27408,2
27410,1
27412,1
27416,1
27419,1
27422,1
27424,1
27427,1
27433,1
27444,1
27447,1
27451,2
27454,2
27457,1
27460,1
27464,1
27467,1
27470,1
27475,1
27478,1
27481,2
27485,2
27488,1
27493,1
27495,1
27508,1
27514,2
27516,1
27525,1
27528,1
27534,1
27539,1
27545,1
27547,1
27550,2
27556,2
27559,2
27562,1
27564,1
27566,1
27569,1
27576,2
27587,3
27590,1
27595,1
27599,3
27605,1
27607,1
27610,1
27614,1
27617,1
27621,1
27625,1
27631,1
27635,1
27637,1
27639,1
27643,2
27645,1
27647,1
27652,2
27655,1
27659,2
27662,1
27666,1
27670,1
27672,1
27677,1
27682,1
27687,2
27691,1
27693,1
27695,1
27699,1
27704,1
27707,2
27711,1
27716,1
27721,1
27723,1
27727,1
27732,2
27746,2
27755,1
27762,2
27765,1
27767,1
27770,2
27789,1
27791,1
27796,1
27801,1
27803,1
27809,1
27814,1
27816,1
27818,1
27825,1
27827,1
27829,1
27833,2
27837,1
27841,1
27848,1
27850,1
27854,1
27866,2
27869,2
27872,1
27876,1
27879,1
27884,1
27888,1
27891,2
27897,1
27908,1
27916,1
27918,1
27922,2
27925,1
27931,2
27937,1
27944,1
27949,1
27951,1
27956,2
27959,1
27962,2
27975,1
27978,2
27981,2
27987,1
27989,1
27996,2
27999,1
28001,1
28007,1
28010,2
28013,1
28016,1
28032,1
28034,1
28039,1
28049,2
28053,1
28056,1
28059,1
28065,2
28072,1
28075,2
28078,1
28081,2
28089,1
28092,1
28097,1
28103,1
28109,1
28113,1
28119,1
28127,1
28132,1
28134,1
28141,2
28156,1
28160,1
28162,1
28164,1
28169,1
28172,1
28180,1
28185,1
28190,2
28193,2
28196,1
28201,1
28203,1
28209,1
28214,1
28226,1
28228,1
28231,1
28241,2
28249,1
28252,1
28256,1
28262,2
28264,1
28269,1
28271,1
28276,1
28278,1
28282,2
28291,1
28293,1
28299,2
28304,2
28307,2
28321,2
28329,2
28333,1
28337,1
28342,1
28346,1
28353,1
28360,2
28365,1
28368,2
28375,1
28388,1
28393,1
28401,2
28403,1
28409,1
28416,2
28421,2
28431,2
28435,1
28440,2
28443,1
28450,1
28452,1
28461,1
28468,1
28475,1
28480,2
28482,1
28486,1
28497,1
28499,1
28501,1
28506,2
28511,1
28517,1
28519,1
28525,2
28527,1
28538,1
28542,1
28550,1
28555,2
28561,1
28571,1
28574,1
28580,1
28585,2
28593,1
28607,1
28609,1
28611,1
28615,1
28618,1
28621,1
28627,1
28638,2
28640,1
28652,1
28655,1
28662,1
28665,2
28673,1
28676,2
28683,2
28686,1
28697,1
28701,1
28704,1
28711,1
28713,1
28716,1
28723,1
28730,1
28737,1
28744,1
28746,1
28752,1
28757,2
28759,1
28762,1
28771,2
28774,1
28779,2
28785,3
28788,1
28795,1
28797,1
28799,1
28801,1
28806,2
28808,1
28814,1
28818,1
28823,1
28826,1
28837,1
28843,1
28847,1
28854,1
28856,1
28858,1
28862,1
28876,1
28883,1
28886,1
28889,1
28901,1
28904,1
28907,1
28910,1
28915,1
28920,1
28922,1
28930,1
28933,2
28951,1
28953,1
28959,1
28965,1
28971,1
28976,1
28979,1
28985,1
28998,1
29000,1
29003,1
29007,1
29009,1
29020,1
29024,2
29034,1
29040,2
29043,1
29054,1
29056,1
29066,1
29071,1
29073,1
29077,2
29080,1
29084,1
29092,1
29095,1
29102,2
29110,1
29119,3
29126,1
29128,1
29130,1
29140,2
29142,1
29146,2
29151,1
29156,2
29160,1
29163,2
29167,2
29169,1
29173,2
29186,1
29191,2
29196,2
29199,1
29202,2
29208,1
29215,1
29226,1
29228,1
29230,1
29232,1
29242,2
29245,1
29258,1
29263,1
29265,1
29274,1
29276,1
29281,1
29283,1
29286,1
29289,1
29293,2
29296,2
29299,1
29317,3
29328,1
29332,1
29346,1
29349,1
29354,2
29363,1
29366,1
29380,1
29383,1
29391,1
29395,1
29402,1
29404,1
29406,1
29413,1
29420,1
29423,1
29426,1
29428,1
29430,1
29442,1
29447,2
29451,1
29455,1
29464,2
29468,2
29478,1
29482,3
29486,2
29493,3
29501,1
29504,2
29508,2
29513,2
29516,1
29521,1
29524,1
29529,1
29536,1
29538,1
29542,2
29548,1
29550,1
29553,1
29556,2
29561,1
29566,1
29570,1
29575,1
29577,1
29582,2
29587,2
29592,1
29596,1
29599,1
29603,1
29606,1
29613,1
29622,1
29626,1
29632,2
29635,1
29642,1
29644,1
29647,1
29654,1
29656,1
29661,1
29663,1
29668,2
29672,2
29675,2
29677,1
29683,2
29686,2
29694,1
29703,2
29712,1
29717,1
29720,1
29725,1
29727,1
29731,1
29734,1
29740,3
29747,1
29750,1
29756,1
29759,1
29763,1
29771,2
29774,1
29779,1
29784,1
29787,2
29789,1
29792,1
29794,1
29807,1
29813,2
29816,2
29832,3
29836,1
29838,1
29843,2
29846,1
29854,1
29858,1
29861,1
29868,2
29875,1
29881,2
29886,2
29891,2
29894,1
29897,1
29906,1
29909,2
29912,1
29914,1
29916,1
29921,2
29924,2
29930,1
29934,2
29937,1
29944,1
29949,1
29960,2
29963,2
29976,1
29978,1
29985,2
29988,2
29990,1
29997,1
30000,1
30002,1
30009,2
30015,2
30020,1
30026,1
30029,1
30034,2
30037,1
30041,1
30048,1
30052,1
30064,1
30067,1
30073,1
30076,1
30079,2
30090,1
30098,2
30103,1
30106,2
30108,1
30114,1
30121,1
30124,1
30126,1
30134,1
30137,1
30143,1
30145,1
30148,2
30152,1
30159,2
30165,2
30172,1
30179,1
30191,1
30193,1
30206,1
30224,1
30227,1
30236,2
30239,1
30241,1
30258,2
30267,1
30273,2
30278,2
30281,1
30285,1
30287,1
30290,1
30292,1
30297,2
30299,1
30307,2
30311,1
30316,1
30319,1
30323,1
30328,2
30344,2
30347,1
30352,1
30359,1
30362,2
30365,1
30367,1
30369,1
30372,1
30375,1
30379,1
30381,1
30385,1
30395,1
30404,1
30409,2
30412,2
30417,2
30419,1
30424,1
30428,1
30430,1
30434,2
30436,1
30442,1
30444,1
30447,2
30450,2
30454,1
30459,1
30466,1
30470,1
30475,1
30477,1
30480,2
30484,1
30486,1
30492,2
30495,1
30502,1
30504,1
30506,1
30514,3
30519,1
30523,1
30525,1
30528,1
30538,2
30542,1
30547,1
30552,1
30561,1
30564,1
30568,1
30570,1
30575,1
30579,2
30584,1
30586,1
30590,1
30594,1
30606,1
30609,1
30620,1
30625,1
30629,1
30633,1
30635,1
30637,1
30639,1
30643,1
30650,2
30654,2
30657,1
30659,1
30664,1
30668,1
30673,1
30675,1
30678,1
30680,1
30686,1
30690,2
30705,2
30713,1
30717,1
30722,1
30727,2
30736,1
30739,2
30743,1
30746,2
30754,2
30763,1
30773,1
30782,1
30785,1
30791,1
30796,2
30800,1
30804,2
30813,1
30816,1
30822,1
30827,2
30835,1
30841,1
30850,2
30856,2
30861,2
30863,1
30865,1
30868,1
30870,1
30879,2
30883,1
30894,1
30896,1
30899,1
30905,1
30909,2
30916,1
30923,1
30928,1
30937,2
30940,1
30942,1
30951,2
30962,2
30974,1
30977,2
30983,2
30999,1
31001,1
31007,1
31011,1
31013,1
31016,2
31034,1
31042,1
31046,1
31052,1
31054,1
31058,1
31062,1
31070,1
31075,2
31079,1
31082,1
31090,1
31096,3
31098,1
31104,1
31106,1
31108,1
31112,1
31116,1
31119,1
31121,1
31123,1
31129,1
31136,2
31141,2
31145,1
31149,1
31155,1
31171,1
31173,1
31176,1
31186,1
31189,1
31191,1
31193,1
31198,1
31202,1
31211,1
31213,1
31215,1
31222,1
31224,1
31231,3
31233,1
31235,1
31240,1
31243,1
31245,1
31247,1
31251,2
31254,1
31256,1
31262,1
31264,1
31273,1
31275,1
31296,1
31299,1
31303,1
31307,1
31313,1
31317,2
31321,2
31325,1
31331,1
31333,1
31336,1
31338,1
31342,1
31344,1
31346,1
31349,1
31353,1
31357,1
31362,2
31367,1
31372,1
31375,1
31382,2
31385,1
31388,1
31391,2
31394,1
31397,1
31404,1
31406,1
31408,1
31420,1
31424,1
31427,1
31435,2
31441,1
31443,1
31449,2
31452,1
31457,1
31460,1
31464,1
31470,1
31472,1
31476,1
31479,2
31481,1
31486,1
31502,1
31521,1
31535,2
31553,1
31556,1
31559,2
31569,1
31576,2
31585,1
31593,1
31600,1
31606,1
31612,1
31621,2
31624,1
31627,1
31630,2
31633,1
31637,2
31640,1
31648,1
31651,1
31653,1
31658,1
31661,1
31666,1
31669,1
31671,1
31677,2
31680,2
31684,1
31689,2
31692,2
31694,1
31700,1
31712,1
31714,1
31724,1
31727,1
31736,1
31741,1
31744,2
31749,2
31753,1
31757,1
31759,1
31764,2
31771,1
31782,1
31792,2
31796,2
31798,1
31804,1
31809,1
31811,1
31813,1
31817,2
31824,1
31828,1
31831,1
31840,1
31842,1
31844,1
31847,1
31852,1
31857,2
31860,2
31863,2
31865,1
31870,1
31880,2
31885,1
31887,1
31895,1
31897,1
31902,1
31907,2
31916,2
31918,1
31922,1
31927,1
31933,1
31941,1
31944,1
31947,1
31950,2
31955,1
31961,1
31966,1
31968,1
31970,1
31972,1
31981,1
31987,1
31989,1
31992,1
31994,1
32002,1
32006,1
32008,1
32011,2
32013,1
32020,1
32025,1
32027,1
32031,3
32039,1
32045,1
32048,1
32052,1
32056,1
32060,1
32063,1
32071,1
32074,2
32077,1
32080,1
32082,1
32098,1
32102,2
32104,1
32109,1
32111,1
32119,1
32121,1
32126,1
32137,1
32139,1
32142,2
32145,1
32148,1
32150,1
32154,1
32159,1
32164,1
32166,1
32170,1
32172,1
32174,1
32178,1
32180,1
32182,1
32186,1
32188,1
32190,1
32196,2
32203,1
32218,2
32220,1
32222,1
32229,2
32231,1
32235,2
32241,1
32243,1
32246,2
32254,2
32257,2
32263,1
32269,2
32273,1
32279,2
32284,2
32288,1
32296,1
32304,2
32309,1
32312,1
32317,1
32322,1
32326,1
32330,1
32332,1
32335,1
32337,1
32344,2
32347,1
32350,2
32353,1
32366,2
32369,2
32371,1
32393,1
32395,1
32399,2
32402,1
32406,2
32408,1
32417,1
32421,1
32426,2
32434,2
32440,1
32446,2
32450,1
32463,2
32468,1
32470,1
32477,3
32483,2
32490,2
32493,1
32495,1
32501,1
32503,1
32509,1
32511,1
32513,1
32518,1
32521,1
32530,2
32532,1
32540,1
32542,1
32547,1
32549,1
32553,1
32561,1
32566,2
32570,1
32573,2
32575,1
32580,1
32583,2
32586,1
32588,1
32604,2
32607,1
32611,1
32614,1
32616,1
32624,1
32628,2
32634,2
32636,1
32639,2
32645,2
32647,1
32651,1
32653,1
32655,1
32665,1
32670,1
32675,1
32677,1
32685,1
32689,1
32695,1
32699,1
32702,1
32706,1
32708,1
32716,1
32718,1
32723,1
32727,2
32729,1
32745,1
32748,1
32750,1
32753,1
32761,1
32767,2
32769,1
32783,1
32785,1
32791,2
32795,1
32800,1
32802,1
32805,1
32810,1
32812,1
32817,1
32819,1
32825,1
32827,1
32833,1
32837,1
32840,1
32842,1
32849,2
32853,1
32860,2
32869,1
32876,1
32878,1
32881,2
32884,1
32889,1
32895,1
32900,1
32903,2
32906,1
32910,2
32917,2
32920,2
32924,3
32926,1
32931,1
32938,2
32944,1
32946,1
32951,1
32959,1
32972,2
32974,1
32976,1
32982,1
32987,1
32990,2
32993,2
33001,1
33013,1
33015,1
33019,1
33036,1
33044,1
33050,1
33055,1
33067,1
33069,1
33073,1
33082,1
33095,3
33097,1
33100,1
33105,1
33109,2
33111,1
33117,1
33125,1
33129,1
33135,1
33140,1
33145,1
33151,1
33154,2
33160,1
33174,1
33179,1
33183,2
33185,1
33188,1
33190,1
33192,1
33194,1
33199,1
33205,2
33210,1
33213,1
33219,1
33222,1
33227,1
33229,1
33238,1
33242,1
33246,2
33251,1
33256,1
33260,1
33265,2
33270,1
33280,1
33284,2
33289,1
33292,1
33295,1
33298,1
33301,1
33307,1
33314,2
33318,2
33320,1
33323,1
33327,1
33334,1
33336,1
33338,1
33345,1
33348,1
33350,1
33353,1
33357,2
33363,1
33368,2
33372,2
33382,1
33387,1
33389,1
33392,1
33400,1
33404,1
33412,1
33415,2
33422,1
33424,1
33429,1
33433,2
33437,2
33439,1
33442,1
33451,1
33463,1
33466,2
33475,1
33479,3
33486,1
33490,2
33511,1
33514,1
33518,2
33522,2
33527,1
33530,1
33534,1
33537,1
33540,1
33546,1
33558,1
33560,1
33566,3
33568,1
33575,1
33586,1
33596,1
33600,2
33603,2
33606,1
33613,1
33619,1
33630,1
33635,1
33637,1
33646,1
33649,1
33658,1
33661,1
33664,2
33674,1
33678,3
33681,1
33685,1
33687,1
33689,1
33692,2
33698,2
33701,1
33703,1
33708,2
33711,1
33716,1
33718,1
33720,1
33723,1
33728,1
33735,1
33737,1
33739,1
33745,1
33748,1
33758,2
33766,1
33768,1
33774,1
33778,1
33780,1
33788,1
33793,3
33800,2
33806,1
33809,1
33813,2
33826,2
33830,2
33833,1
33835,1
33838,1
33846,1
33852,1
33856,1
33862,2
33870,1
33872,1
33875,1
33878,2
33884,2
33887,1
33889,1
33896,2
33908,1
33912,1
33915,1
33921,2
33924,2
33931,1
33935,1
33941,1
33947,1
33952,2
33955,2
33959,2
33963,2
33967,1
33969,1
33972,1
33974,1
33977,1
33983,1
33988,2
33992,1
33995,1
33998,2
34002,2
34005,2
34017,1
34025,1
34031,1
34034,1
34038,1
34040,1
34042,1
34046,1
34059,1
34062,1
34077,1
34082,2
34087,1
34091,1
34099,1
34102,1
34109,2
34111,1
34116,1
34121,2
34123,1
34127,1
34131,1
34141,2
34159,1
34163,1
34167,1
34170,1
34172,1
34175,1
34177,1
34181,1
34187,1
34197,1
34205,1
34212,1
34219,3
34221,1
34227,2
34230,1
34232,1
34235,1
34237,1
34242,1
34245,2
34260,1
34263,1
34266,2
34272,1
34274,1
34277,2
34280,1
34285,1
34291,1
34294,1
34296,1
34304,2
34307,1
34313,1
34323,1
34327,1
34329,1
34337,2
34342,3
34349,1
34351,1
34353,1
34360,1
34363,1
34367,1
34371,1
34373,1
34380,1
34388,1
34390,1
34409,1
34412,1
34415,1
34418,1
34420,1
34423,1
34427,1
34436,1
34439,1
34441,1
34451,2
34457,1
34464,1
34472,1
34476,1
34479,2
34487,1
34491,2
34494,2
34501,1
34508,1
34514,1
34524,2
34527,1
34530,1
34534,2
34539,1
34542,1
34547,1
34550,1
34554,1
34559,1
34567,1
34570,1
34578,1
34581,1
34590,1
34598,1
34605,1
34609,2
34615,1
34620,1
34624,1
34630,1
34633,1
34636,1
34643,1
34651,1
34653,1
34655,1
34658,1
34662,1
34667,1
34679,1
34689,2
34692,1
34695,1
34701,1
34716,1
34718,1
34722,1
34727,1
34729,1
34735,2
34738,2
34747,1
34750,1
34754,1
34763,1
34765,1
34768,1
34772,2
34779,2
34787,1
34795,1
34797,1
34805,2
34807,1
34812,1
34827,1
34837,3
34840,2
34842,1
34845,1
34847,1
34854,1
34858,2
34863,1
34866,1
34872,1
34875,1
34879,2
34888,1
34894,1
34896,1
34902,1
34905,2
34907,1
34910,1
34917,1
34924,1
34928,1
34932,1
34936,1
34940,2
34944,1
34950,1
34955,2
34965,2
34967,1
34969,1
34973,2
34975,1
34993,1
34996,1
34999,1
35011,1
35018,1
35024,1
35028,2
35031,1
35033,1
35035,1
35039,1
35044,1
35047,1
35049,1
35053,1
35057,1
35063,1
35065,1
35071,3
35075,1
35085,2
35087,1
35095,1
35097,1
35099,1
35102,1
35105,2
35109,1
35112,1
35115,2
35120,2
35126,2
35132,2
35135,1
35139,1
35152,2
35154,1
35161,1
35166,2
35169,2
35176,1
35179,2
35195,2
35198,1
35203,1
35210,1
35214,1
35217,2
35219,1
35221,1
35225,2
35229,1
35237,1
35239,1
35245,2
35249,1
35257,1
35260,1
35266,2
35269,1
35272,1
35274,1
35277,1
35279,1
35288,1
35292,2
35300,1
35307,2
35312,2
35316,1
35320,1
35323,1
35325,1
35330,1
35334,1
35336,1
35338,1
35344,1
35354,1
35359,2
35375,1
35381,1
35385,1
35387,1
35390,1
35392,1
35396,2
35398,1
35412,1
35414,1
35417,2
35422,2
35426,2
35430,1
35434,1
35439,1
35444,1
35448,2
35452,1
35455,1
35459,1
35462,1
35467,1
35469,1
35472,1
35481,1
35485,1
35487,1
35491,1
35495,1
35514,2
35519,2
35524,1
35526,1
35529,1
35535,1
35540,1
35547,2
35550,2
35552,1
35564,1
35576,1
35578,1
35580,1
35582,1
35584,1
35587,2
35589,1
35600,1
35609,1
35613,3
35616,1
35622,1
35625,1
35635,2
35638,1
35644,2
35646,1
35650,1
35655,1
35658,1
35660,1
35665,3
35668,2
35672,1
35674,1
35685,2
35687,1
35695,1
35698,2
35700,1
35704,1
35710,2
35714,1
35716,1
35718,1
35720,1
35722,1
35725,1
35728,1
35731,1
35736,2
35745,1
35750,2
35752,1
35763,1
35768,2
35773,1
35775,1
35778,2
35783,1
35787,2
35791,2
35793,1
35798,1
35814,1
35817,1
35820,1
35826,1
35836,1
35843,2
35850,1
35854,1
35858,1
35860,1
35863,1
35866,1
35873,2
35879,1
35888,2
35901,1
35904,2
35907,2
35910,1
35916,2
35919,2
35923,2
35925,1
35934,1
35946,1
35951,1
35955,2
35962,1
35967,1
35975,2
35983,1
35986,2
35989,1
35991,1
35994,1
35997,2
35999,1
36003,1
36006,1
36013,1
36015,1
36017,1
36021,1
36027,2
36035,1
36039,1
36048,1
36050,1
36053,1
36055,1
36062,2
36064,1
36068,1
36071,1
36077,1
36080,2
36086,2
36092,2
36094,1
36104,2
36106,1
36116,1
36122,2
36126,2
36131,1
36135,1
36156,1
36160,1
36163,1
36165,1
36179,1
36187,1
36194,2
36199,1
36201,1
36207,1
36209,1
36212,1
36217,1
36221,2
36223,1
36226,2
36229,1
36243,1
36246,2
36249,1
36251,1
36254,2
36259,1
36265,1
36274,1
36280,1
36290,1
36299,2
36301,1
36306,1
36315,2
36317,1
36319,1
36332,1
36334,1
36343,1
36348,1
36351,2
36357,3
36362,1
36365,1
36368,1
36372,1
36374,1
36376,1
36380,1
36383,2
36385,1
36387,1
36390,2
36396,1
36400,1
36417,1
36420,1
36425,1
36432,2
36434,1
36437,1
36443,2
36452,1
36454,1
36457,1
36473,1
36477,1
36480,2
36487,1
36491,1
36493,1
36496,2
36500,1
36503,1
36505,1
36511,2
36513,1
36516,1
36537,1
36540,2
36544,1
36551,1
36553,1
36559,1
36566,1
36569,1
36571,1
36573,1
36582,2
36590,1
36599,1
36605,1
36609,1
36612,1
36617,1
36619,1
36621,1
36624,1
36642,2
36645,1
36649,1
36652,1
36658,1
36661,1
36664,1
36671,2
36675,1
36680,2
36682,1
36688,1
36691,1
36694,2
36700,2
36717,1
36730,1
36735,1
36739,2
36741,1
36744,1
36746,1
36752,2
36759,1
36762,2
36768,1
36771,1
36774,1
36779,1
36781,1
36784,1
36791,1
36797,3
36802,1
36804,1
36816,1
36820,1
36823,1
36826,1
36832,2
36835,1
36837,1
36843,1
36850,1
36857,2
36860,1
36862,1
36864,1
36867,1
36879,1
36887,3
36890,1
36896,1
36904,1
36906,1
36911,1
36914,1
36917,1
36930,2
36936,1
36939,1
36950,1
36955,2
36958,1
36964,1
36966,1
36970,1
36972,1
36977,1
36981,1
36993,1
36996,1
36999,1
37002,2
37004,1
37008,1
37013,1
37029,3
37033,1
37036,1
37044,1
37046,1
37052,2
37056,1
37058,1
37063,2
37065,1
37069,1
37074,1
37078,1
37080,1
37089,1
37097,1
37105,1
37107,1
37109,1
37111,1
37123,1
37132,1
37134,1
37147,1
37150,1
37152,1
37156,1
37174,1
37180,1
37184,1
37188,2
37197,2
37200,1
37207,1
37209,1
37211,1
37218,1
37221,2
37224,1
37228,1
37231,1
37234,1
37236,1
37240,1
37245,1
37253,2
37260,2
37267,1
37281,1
37285,1
37294,1
37297,1
37305,1
37312,1
37319,1
37321,1
37323,1
37331,1
37333,1
37338,2
37343,1
37348,1
37351,1
37354,1
37356,1
37365,1
37367,1
37369,1
37386,1
37399,1
37406,1
37409,2
37413,1
37423,1
37430,1
37434,1
37437,1
37440,2
37442,1
37451,1
37453,1
37459,1
37465,2
37478,1
37485,2
37487,1
37498,1
37500,1
37504,2
37507,2
37519,1
37523,1
37535,1
37544,1
37554,2
37557,1
37561,1
37565,1
37571,1
37580,1
37583,1
37587,1
37592,1
37596,1
37611,1
37620,1
37622,1
37626,1
37639,1
37641,1
37661,1
37664,1
37668,1
37670,1
37675,1
37678,2
37689,1
37692,2
37696,2
37702,2
37710,1
37712,1
37729,1
37732,1
37738,1
37742,1
37745,1
37749,1
37751,1
37757,1
37761,1
37763,1
37765,1
37770,2
37782,1
37787,1
37791,1
37805,1
37807,1
37810,1
37815,1
37821,1
37823,1
37828,1
37835,2
37838,1
37856,1
37860,1
37865,1
37868,1
37878,1
37886,1
37896,1
37905,1
37915,2
37922,1
37925,2
37932,2
37935,1
37941,1
37948,1
37955,1
37960,1
37963,1
37974,1
37979,1
37981,1
37986,1
37988,1
37993,1
37999,1
38003,1
38009,1
38011,1
38023,1
38030,2
38036,2
38045,1
38048,2
38052,1
38060,1
38066,1
38069,1
38075,2
38077,1
38087,1
38089,1
38092,1
38096,1
38098,1
38104,1
38111,1
38118,1
38120,1
38124,2
38134,1
38137,2
38141,1
38145,1
38147,1
38149,1
38156,2
38164,2
38170,1
38173,1
38177,1
38180,1
38187,1
38191,1
38193,1
38195,1
38198,1
38202,1
38207,2
38209,1
38213,2
38218,2
38222,1
38230,1
38233,1
38243,1
38246,2
38250,1
38253,2
38255,1
38258,1
38265,1
38272,1
38279,1
38281,1
38297,1
38300,2
38303,2
38307,1
38316,2
38324,2
38326,1
38330,1
38333,1
38337,2
38342,1
38354,1
38359,2
38367,1
38369,1
38372,2
38375,2
38383,2
38385,1
38388,1
38394,1
38401,1
38407,1
38410,2
38412,1
38417,2
38427,2
38433,1
38437,2
38441,1
38444,1
38451,1
38460,1
38467,1
38472,1
38474,1
38476,1
38479,1
38482,1
38484,1
38487,1
38490,1
38494,2
38500,1
38504,1
38525,1
38530,1
38538,1
38540,1
38546,2
38551,1
38559,1
38565,1
38567,1
38575,1
38577,1
38579,1
38586,1
38589,1
38593,1
38600,1
38620,2
38626,1
38632,2
38634,1
38646,1
38650,1
38652,1
38657,1
38660,1
38666,1
38668,1
38671,1
38676,2
38681,1
38685,1
38689,1
38698,1
38707,1
38712,1
38718,1
38727,1
38733,1
38750,1
38759,1
38765,1
38773,1
38775,1
38780,2
38782,1
38791,2
38793,1
38801,2
38819,1
38822,1
38833,1
38836,1
38840,1
38844,2
38848,1
38851,1
38856,1
38863,2
38877,2
38880,1
38886,3
38890,1
38895,1
38906,1
38912,1
38916,1
38922,1
38925,2
38927,1
38929,1
38931,1
38934,2
38938,1
38942,1
38944,1
38948,1
38955,1
38978,1
38982,1
38986,2
38993,2
38996,1
38998,1
39000,1
39004,2
39012,1
39017,1
39019,1
39025,1
39028,1
39036,1
39041,1
39044,1
39046,1
39052,1
39056,1
39059,2
39068,1
39072,2
39075,1
39084,1
39089,1
39091,1
39093,1
39095,1
39102,1
39113,1
39117,1
39126,1
39142,1
39144,1
39147,1
39153,1
39156,1
39161,1
39163,1
39174,3
39184,1
39186,1
39189,1
39193,1
39210,1
39226,1
39230,1
39236,1
39238,1
39241,2
39249,1
39256,1
39258,1
39262,1
39268,1
39273,1
39277,1
39280,1
39293,1
39296,1
39298,1
39300,1
39302,1
39305,1
39313,1
39316,1
39321,1
39324,1
39329,2
39342,2
39348,2
39355,1
39358,1
39363,1
39368,2
39373,1
39376,2
39380,1
39390,2
39395,1
39397,1
39399,1
39402,1
39404,1
39406,1
39414,1
39419,1
39423,1
39427,1
39430,1
39432,1
39447,1
39450,1
39452,1
39455,1
39461,1
39466,1
39468,1
39474,1
39476,1
39478,1
39480,1
39483,1
39490,1
39492,1
39495,1
39500,1
39503,1
39506,1
39508,1
39510,1
39517,1
39525,1
39531,2
39533,1
39541,1
39544,1
39551,1
39554,1
39560,1
39566,1
39568,1
39571,1
39574,2
39579,2
39582,2
39587,1
39590,1
39599,1
39605,1
39608,1
39613,1
39615,1
39621,2
39625,1
39629,1
39650,1
39661,2
39663,1
39667,1
39677,2
39695,1
39700,1
39724,1
39728,1
39733,2
39740,1
39743,2
39745,1
39753,1
39759,1
39761,1
39764,1
39772,1
39786,1
39790,2
39793,1
39806,1
39815,1
39826,1
39829,1
39840,1
39843,1
39850,1
39853,1
39855,1
39858,2
39865,1
39869,1
39871,1
39878,1
39884,2
39886,1
39890,1
39892,1
39895,1
39897,1
39901,2
39909,1
39914,1
39916,1
39922,1
39930,2
39934,1
39938,2
39940,1
39944,1
39951,1
39953,1
39956,1
39960,1
39973,2
39977,2
39979,1
39986,1
39990,1
39992,1
39994,1
39999,2
40004,1
40010,2
40025,1
40027,1
40029,1
40036,2
40041,2
40043,1
40047,1
40050,2
40058,1
40062,1
40065,1
40068,1
40074,1
40090,2
40092,1
40097,1
40100,2
40115,1
40120,1
40122,1
40127,1
40132,1
40136,1
40146,1
40153,2
40155,1
40157,1
40163,1
40167,1
40172,2
40174,1
40181,1
40183,1
40186,1
40192,2
40200,1
40207,1
40210,1
40216,1
40219,1
40223,2
40225,1
40238,1
40242,1
40248,1
40259,1
40261,1
40267,1
40270,1
40274,1
40281,2
40293,2
40297,1
40303,2
40305,1
40309,1
40312,1
40315,1
40328,2
40331,1
40345,1
40347,1
40349,1
40351,1
40353,1
40356,1
40359,1
40367,2
40372,1
40379,1
40382,2
40397,1
40400,2
40408,1
40411,1
40417,1
40425,1
40437,1
40441,1
40447,2
40463,2
40468,2
40472,1
40483,1
40492,1
40506,1
40509,1
40512,1
40518,1
40520,1
40522,1
40529,2
40531,1
40533,1
40539,2
40542,1
40546,2
40549,1
40553,2
40561,1
40575,1
40581,1
40586,1
40590,1
40596,2
40606,1
40611,1
40614,1
40619,1
40621,1
40625,2
40629,1
40631,1
40635,1
40651,1
40653,1
40658,2
40661,1
40667,1
40673,1
40678,1
40682,1
40686,2
40694,1
40704,1
40710,2
40717,1
40719,1
40726,1
40734,2
40741,1
40746,1
40750,1
40756,2
40758,1
40773,1
40776,2
40779,1
40784,1
40787,2
40797,1
40801,1
40803,1
40819,2
40824,2
40830,1
40836,1
40841,1
40849,1
40858,1
40863,1
40868,1
40870,1
40878,1
40882,2
40885,1
40889,1
40896,1
40898,1
40901,1
40903,1
40912,1
40916,2
40920,1
40925,1
40927,1
40932,2
40941,1
40943,1
40948,2
40954,1
40956,1
40958,1
40965,2
40967,1
40973,1
40978,1
40986,2
40989,1
40997,1
41004,1
41008,1
41023,1
41026,1
41028,1
41032,1
41044,2
41046,1
41051,1
41054,2
41057,1
41062,1
41071,2
41073,1
41075,1
41081,1
41087,1
41095,1
41120,3
41122,1
41125,1
41127,1
41150,1
41164,1
41166,1
41170,1
41179,1
41181,1
41184,2
41187,1
41195,2
41197,1
41200,1
41205,1
41210,2
41219,1
41223,1
41231,1
41234,1
41237,2
41244,2
41247,1
41250,1
41257,2
41267,1
41273,1
41275,1
41277,1
41280,1
41282,1
41285,1
41288,2
41315,1
41328,1
41330,1
41334,1
41341,1
41346,1
41348,1
41352,1
41359,1
41364,1
41367,1
41369,1
41381,1
41385,1
41387,1
41394,1
41396,1
41403,1
41406,2
41408,1
41412,1
41415,2
41418,1
41420,1
41423,2
41425,1
41428,1
41431,1
41437,1
41447,1
41450,1
41453,2
41460,1
41462,1
41464,1
41466,1
41475,1
41480,1
41484,2
41487,1
41491,1
41496,1
41502,1
41504,1
41507,1
41512,1
41514,1
41520,2
41530,2
41532,1
41535,1
41538,1
41547,1
41551,2
41558,2
41563,2
41566,1
41574,3
41576,1
41583,1
41586,1
41588,1
41593,1
41597,3
41606,2
41610,1
41614,2
41620,1
41627,2
41632,1
41637,1
41640,1
41642,1
41644,1
41649,1
41652,2
41655,1
41657,1
41663,1
41669,2
41671,1
41673,1
41680,1
41693,1
41699,1
41712,1
41723,1
41729,2
41738,2
41742,2
41746,1
41755,1
41762,2
41765,1
41779,1
41781,1
41786,1
41793,3
41804,2
41808,2
41817,1
41826,1
41829,1
41831,1
41844,1
41849,1
41851,1
41865,1
41872,1
41881,1
41891,1
41906,1
41912,1
41914,1
41918,2
41922,1
41926,1
41942,1
41945,2
41953,2
41955,1
41970,1
41979,1
41982,2
41984,1
41991,1
41996,2
41999,1
42004,1
42009,1
42012,2
42015,1
42025,2
42033,1
42035,1
42037,1
42040,1
42047,1
42058,2
42060,1
42066,1
42072,2
42082,1
42084,1
42088,1
42098,1
42106,1
42110,1
42119,1
42128,2
42132,1
42154,1
42158,1
42168,1
42171,1
42175,1
42188,2
42191,1
42195,1
42197,1
42199,1
42209,1
42212,1
42223,1
42228,1
42231,1
42236,1
42239,1
42252,1
42254,1
42256,1
42259,1
42261,1
42266,1
42282,2
42286,1
42292,1
42294,1
42300,1
42307,1
42312,1
42318,1
42324,2
42331,1
42335,2
42337,1
42342,1
42346,1
42358,1
42363,1
42366,1
42371,1
42373,1
42379,2
42386,1
42396,1
42399,1
42404,1
42407,1
42414,1
42418,1
42435,1
42442,1
42445,1
42449,2
42451,1
42457,1
42459,1
42461,1
42466,2
42468,1
42474,2
42485,2
42489,2
42491,1
42494,1
42502,2
42511,1
42517,1
42519,1
42522,1
42528,1
42530,1
42534,2
42546,1
42548,1
42551,2
42565,1
42567,1
42576,1
42580,2
42591,1
42599,1
42605,2
42608,2
42613,2
42617,1
42619,1
42622,2
42628,1
42630,1
42633,2
42637,1
42639,1
42642,2
42644,1
42651,1
42654,2
42656,1
42663,1
42669,1
42673,2
42678,1
42687,1
42691,1
42693,1
42711,1
42726,1
42728,1
42734,1
42739,1
42742,1
42745,1
42751,1
42755,1
42763,1
42768,1
42772,2
42774,1
42778,1
42781,2
42787,1
42796,1
42800,1
42807,1
42812,1
42814,1
42818,1
42824,1
42829,2
42833,2
42837,1
42844,1
42849,1
42851,1
42861,1
42869,1
42877,1
42888,1
42893,2
42895,1
42901,2
42903,1
42909,1
42912,1
42916,1
42922,2
42924,1
42928,1
42931,1
42938,2
42942,1
42949,1
42951,1
42959,1
42961,1
42966,1
42970,2
42981,1
42987,1
42989,1
42992,1
42997,1
43001,1
43009,1
43018,1
43026,1
43029,1
43032,1
43034,1
43038,1
43054,1
43058,1
43062,2
43075,1
43088,2
43090,1
43110,1
43113,1
43115,1
43119,1
43125,1
43129,2
43132,1
43138,1
43143,1
43151,1
43159,2
43161,1
43166,1
43169,2
43171,1
43178,1
43181,1
43186,1
43194,1
43200,1
43206,1
43213,1
43216,1
43220,1
43224,1
43227,1
43235,1
43237,1
43240,2
43242,1
43251,2
43253,1
43255,1
43263,1
43267,2
43278,2
43282,1
43284,1
43304,1
43306,1
43310,1
43312,1
43318,2
43322,1
43324,1
43334,1
43339,1
43343,1
43347,1
43352,1
43358,1
43363,1
43366,1
43373,2
43377,1
43380,1
43385,1
43387,1
43390,1
43392,1
43396,1
43406,1
43410,3
43413,1
43421,1
43426,1
43434,1
43438,1
43442,2
43445,1
43447,1
43450,1
43455,1
43458,1
43460,1
43464,3
43466,1
43471,1
43478,1
43482,1
43487,2
43491,2
43493,1
43501,1
43503,1
43505,1
43513,2
43537,1
43540,1
43542,1
43545,2
43551,1
43554,1
43563,1
43566,1
43580,1
43585,1
43589,2
43596,1
43598,1
43601,2
43603,1
43605,1
43608,1
43610,1
43615,1
43618,1
43621,2
43626,1
43628,1
43635,1
43639,1
43644,1
43647,2
43652,2
43658,1
43661,1
43664,1
43677,2
43686,1
43689,1
43695,1
43704,1
43711,2
43713,1
43718,1
43727,2
43729,1
43734,1
43736,1
43740,3
43746,2
43751,1
43758,1
43763,2
43766,1
43773,2
43779,1
43782,1
43784,1
43789,1
43792,1
43806,2
43810,1
43818,1
43826,2
43830,1
43836,1
43842,1
43848,1
43852,1
43855,1
43859,2
43865,1
43869,2
43877,1
43880,1
43895,1
43897,1
43904,1
43919,1
43921,1
43926,1
43950,1
43956,1
43960,2
43968,1
43973,1
43980,2
43984,1
43993,1
43995,1
44001,1
44003,1
44006,2
44016,2
44021,1
44025,3
44028,1
44031,1
44036,1
44046,2
44049,1
44056,2
44058,1
44069,1
44080,2
44088,1
44090,1
44097,2
44099,1
44108,1
44119,1
44124,1
44132,2
44134,1
44140,1
44146,1
44148,1
44151,1
44154,2
44159,2
44171,1
44177,1
44179,1
44185,1
44190,2
44199,1
44205,1
44211,3
44214,1
44218,1
44223,1
44226,1
44228,1
44240,1
44254,1
44257,1
44262,1
44266,2
44268,1
44272,2
44274,1
44282,2
44284,1
44288,1
44295,1
44300,1
44311,1
44314,1
44317,1
44319,1
44325,2
44330,1
44334,1
44336,1
44342,1
44345,2
44349,1
44354,1
44360,2
44362,1
44364,1
44374,1
44383,1
44394,1
44408,2
44418,2
44427,2
44431,1
44435,1
44438,1
44450,1
44453,1
44456,1
44460,1
44462,1
44464,1
44471,2
44474,2
44490,1
44492,1
44499,2
44513,1
44518,1
44520,1
44524,1
44528,1
44530,1
44534,1
44537,2
44546,2
44555,2
44558,1
44563,1
44570,1
44574,1
44578,1
44583,1
44588,1
44590,1
44593,1
44595,1
44598,2
44607,2
44609,1
44613,1
44615,1
44621,2
44626,1
44629,2
44631,1
44633,1
44637,1
44639,1
44643,1
44648,1
44655,1
44659,1
44663,1
44665,1
44678,2
44683,2
44685,1
44688,1
44691,1
44699,1
44706,1
44708,1
44711,2
44713,1
44722,1
44731,1
44735,2
44738,1
44740,1
44743,2
44746,2
44754,1
44756,1
44761,1
44770,1
44773,1
44776,1
44782,3
44784,1
44790,2
44792,1
44795,1
44797,1
44799,1
44801,1
44805,1
44809,1
44816,1
44819,2
44826,1
44832,2
44834,1
44836,1
44844,1
44847,1
44850,1
44855,2
44859,3
44862,1
44866,1
44868,1
44871,1
44877,1
44879,1
44882,1
44885,2
44895,1
44897,1
44900,1
44904,1
44910,2
44914,2
44922,1
44925,1
44927,1
44933,1
44936,1
44939,2
44942,2
44946,1
44948,1
44955,1
44958,1
44961,1
44963,1
44966,2
44974,1
44984,1
44989,1
44991,1
44993,1
44998,2
45001,1
45015,1
45018,2
45022,2
45026,1
45031,1
45045,1
45049,1
45051,1
45057,2
45064,1
45066,1
45068,1
45070,1
45075,1
45081,1
45087,1
45090,2
45093,1
45103,1
45105,1
45107,1
45116,2
45129,1
45132,1
45135,1
45138,1
45141,1
45144,2
45151,1
45155,1
45161,2
45168,1
45172,1
45178,3
45181,2
45195,1
45203,1
45220,1
45222,1
45230,1
45235,1
45237,1
45240,1
45244,1
45249,1
45253,2
45257,1
45274,1
45277,2
45287,1
45294,2
45298,1
45308,3
45312,2
45325,2
45330,2
45338,1
45341,1
45345,1
45347,1
45349,1
45352,2
45355,2
45357,1
45374,2
45376,1
45378,1
45389,1
45395,2
45400,1
45404,1
45407,1
45409,1
45412,2
45416,1
45420,1
45425,1
45428,1
45432,1
45442,1
45454,1
45457,1
45465,1
45468,2
45472,1
45479,1
45485,1
45487,1
45489,1
45492,1
45501,2
45504,1
45509,1
45511,1
45513,1
45517,3
45522,2
45525,2
45534,1
45537,1
45542,1
45549,1
45554,3
45562,2
45576,1
45578,1
45585,1
45588,1
45590,1
45592,1
45594,1
45598,1
45600,1
45604,1
45613,1
45619,1
45622,1
45630,1
45632,1
45636,1
45642,2
45646,2
45651,1
45653,1
45656,1
45660,1
45663,1
45665,1
45670,2
45679,1
45689,1
45693,1
45696,1
45698,1
45705,1
45709,1
45712,1
45721,2
45730,1
45738,1
45744,1
45747,1
45751,1
45755,1
45759,1
45762,1
45766,2
45773,1
45776,2
45783,1
45787,1
45789,1
45797,1
45801,1
45809,1
45812,1
45814,1
45818,1
45826,1
45831,1
45833,1
45840,1
45845,1
45852,1
45856,1
45859,1
45861,1
45865,1
45869,2
45876,1
45881,2
45884,1
45890,1
45894,1
45899,1
45910,2
45912,1
45916,1
45918,1
45922,2
45924,1
45928,2
45936,1
45943,1
45949,2
45953,1
45955,1
45961,1
45964,2
45986,1
45993,1
45995,1
45997,1
46003,2
46007,2
46010,1
46013,1
46019,2
46024,1
46028,2
46030,1
46032,1
46036,1
46039,1
46049,2
46054,2
46056,1
46060,1
46063,1
46068,1
46076,1
46083,1
46085,1
46089,1
46092,1
46095,1
46100,2
46104,1
46107,1
46114,1
46123,1
46126,1
46131,2
46141,1
46143,1
46147,1
46157,1
46161,2
46165,1
46168,1
46179,1
46183,1
46190,1
46192,1
46197,1
46199,1
46214,1
46216,1
46218,1
46221,1
46225,1
46228,1
46233,2
46239,1
46249,1
46253,1
46255,1
46259,2
46261,1
46270,1
46279,1
46283,1
46289,1
46291,1
46295,1
46299,1
46301,1
46303,1
46309,2
46312,1
46315,1
46318,2
46324,2
46326,1
46332,1
46339,2
46342,1
46345,1
46355,1
46360,1
46365,1
46368,2
46376,1
46391,1
46393,1
46395,1
46397,1
46399,1
46417,1
46422,2
46427,1
46440,2
46443,1
46447,1
46452,1
46455,1
46459,2
46462,1
46467,1
46472,2
46476,2
46478,1
46487,1
46491,1
46493,1
46514,1
46521,1
46528,1
46534,1
46537,1
46544,2
46563,1
46568,2
46573,1
46580,2
46585,1
46590,2
46598,1
46604,2
46607,2
46612,1
46614,1
46616,1
46634,1
46637,1
46639,1
46646,1
46649,1
46651,1
46654,1
46657,1
46660,1
46664,1
46667,1
46670,1
46673,1
46676,1
46680,2
46686,1
46690,2
46697,1
46701,2
46706,1
46712,1
46718,1
46724,1
46726,1
46729,2
46734,1
46740,2
46747,1
46760,1
46769,1
46772,1
46776,1
46779,2
46782,1
46788,1
46791,1
46794,1
46809,1
46811,1
46817,1
46826,1
46828,1
46830,1
46833,2
46842,2
46844,1
46849,2
46857,2
46860,1
46864,1
46868,1
46875,1
46880,2
46889,1
46897,2
46903,1
46906,2
46911,1
46914,1
46917,1
46920,1
46925,2
46929,1
46936,1
46938,1
46941,1
46944,2
46946,1
46949,1
46960,1
46963,1
46965,1
46967,1
46972,2
46974,1
46977,1
46979,1
46987,1
46998,1
47005,2
47007,1
47014,1
47017,1
47019,1
47022,1
47035,1
47038,1
47041,1
47043,1
47047,2
47051,2
47054,1
47056,1
47059,1
47062,2
47068,1
47072,1
47075,1
47084,1
47092,1
47095,1
47097,1
47100,2
47103,1
47105,1
47108,1
47110,1
47115,1
47121,2
47127,1
47129,1
47132,1
47141,3
47148,1
47153,2
47158,1
47165,1
47171,2
47177,1
47189,1
47191,1
47194,2
47198,1
47205,1
47212,1
47217,2
47219,1
47223,1
47226,1
47234,1
47236,1
47241,1
47245,2
47252,1
47255,1
47273,1
47276,1
47279,2
47281,1
47284,1
47286,1
47289,2
47295,1
47298,1
47300,1
47312,1
47315,1
47324,2
47327,1
47331,1
47333,1
47338,1
47341,1
47346,1
47351,2
47354,1
47362,1
47366,1
47369,2
47381,1
47390,2
47393,1
47395,1
47397,1
47405,2
47409,3
47411,1
47424,1
47432,1
47441,3
47449,2
47451,1
47456,1
47465,1
47472,1
47476,2
47483,1
47485,1
47489,2
47493,1
47499,1
47502,2
47520,1
47523,1
47530,1
47541,1
47548,1
47563,1
47565,1
47568,1
47572,1
47575,1
47579,1
47584,1
47593,2
47596,1
47598,1
47605,1
47614,1
47619,1
47624,1
47630,1
47634,2
47637,1
47643,1
47646,2
47653,2
47657,2
47670,1
47674,2
47677,1
47689,1
47691,1
47693,1
47699,1
47702,1
47705,2
47709,2
47712,1
47718,1
47727,1
47729,1
47731,1
47733,1
47747,1
47751,1
47755,1
47762,1
47770,2
47772,1
47775,1
47778,1
47781,1
47786,1
47790,1
47795,1
47799,2
47801,1
47806,1
47817,1
47820,1
47823,1
47834,1
47837,1
47842,2
47844,1
47846,1
47850,1
47856,2
47859,2
47864,1
47867,1
47874,1
47876,1
47879,1
47883,1
47889,1
47900,2
47906,2
47913,1
47917,1
47920,1
47926,1
47929,1
47933,2
47939,1
47941,1
47945,2
47950,1
47952,1
47958,1
47961,2
47963,1
47966,1
47975,1
47977,1
47984,2
47987,1
48001,1
48003,1
48013,1
48016,1
48019,2
48024,1
48026,1
48028,1
48039,2
48047,1
48053,1
48056,1
48060,1
48072,1
48075,1
48077,1
48082,2
48090,1
48092,1
48099,1
48102,1
48111,1
48113,1
48117,1
48122,2
48128,1
48132,1
48136,1
48139,1
48141,1
48151,1
48160,1
48169,1
48171,1
48174,2
48180,1
48182,1
48189,2
48192,1
48195,1
48199,1
48206,2
48213,1
48216,1
48219,1
48222,1
48225,1
48229,2
48231,1
48241,1
48244,2
48254,1
48256,1
48259,2
48263,1
48268,2
48270,1
48276,1
48278,1
48280,1
48293,2
48296,1
48302,1
48311,2
48319,2
48322,2
48325,2
48331,3
48339,1
48341,1
48349,1
48352,1
48356,1
48358,1
48360,1
48367,1
48371,2
48379,2
48383,1
48386,1
48391,1
48393,1
48397,1
48400,1
48413,1
48418,1
48420,1
48422,1
48425,2
48430,1
48432,1
48437,1
48441,1
48449,2
48452,1
48455,1
48464,1
48467,1
48475,2
48478,1
48480,1
48483,1
48486,1
48491,1
48497,2
48503,1
48506,1
48509,1
48514,1
48516,1
48526,1
48529,1
48533,2
48536,1
48540,1
48546,1
48549,1
48551,1
48554,2
48556,1
48559,1
48561,1
48566,2
48568,1
48578,3
48582,1
48592,1
48595,1
48599,2
48607,1
48613,2
48615,1
48618,1
48622,2
48625,1
48627,1
48630,1
48633,1
48642,1
48646,1
48648,1
48652,2
48662,1
48665,2
48667,1
48674,1
48681,1
48683,1
48686,1
48688,1
48692,1
48694,1
48700,2
48706,1
48710,1
48724,2
48726,1
48732,1
48734,1
48739,1
48741,1
48743,1
48745,1
48747,1
48750,1
48761,1
48763,1
48766,1
48773,2
48775,1
48779,1
48781,1
48786,2
48790,1
48798,2
48805,1
48817,2
48821,1
48836,2
48838,1
48840,1
48844,1
48846,1
48849,1
48853,1
48862,1
48867,1
48874,2
48876,1
48880,2
48882,1
48885,2
48893,1
48896,2
48898,1
48900,1
48902,1
48909,1
48917,1
48920,1
48933,1
48942,1
48945,1
48947,1
48949,1
48960,2
48962,1
48975,1
48977,1
48982,2
48988,1
48995,3
49001,1
49013,1
49018,1
49024,1
49028,1
49031,1
49036,2
49040,2
49042,1
49044,1
49046,1
49049,1
49052,2
49055,1
49059,1
49063,1
49072,3
49078,1
49080,1
49082,1
49084,1
49091,1
49097,3
49102,1
49104,1
49109,1
49115,1
49121,1
49123,1
49126,1
49128,1
49132,1
49141,1
49149,1
49167,1
49169,1
49172,1
49178,1
49183,2
49189,1
49191,1
49198,1
49207,1
49215,1
49217,1
49221,1
49225,1
49232,1
49237,1
49239,1
49256,1
49263,1
49267,1
49273,1
49278,1
49282,1
49287,2
49289,1
49294,1
49304,1
49307,1
49310,1
49313,1
49318,1
49331,2
49347,1
49353,1
49355,1
49361,1
49368,1
49373,1
49377,1
49382,1
49385,1
49390,1
49399,1
49406,1
49408,1
49414,1
49418,1
49425,2
49427,1
49430,1
49437,2
49443,1
49446,1
49448,1
49457,1
49465,1
49467,1
49480,1
49483,2
49485,1
49491,1
49493,1
49497,1
49503,1
49509,2
49512,1
49516,2
49523,1
49525,1
49534,1
49546,1
49550,1
49553,1
49575,1
49579,2
49586,3
49589,1
49597,2
49599,1
49607,1
49615,2
49624,1
49631,1
49636,2
49638,1
49647,1
49651,1
49667,2
49672,1
49679,1
49683,1
49687,2
49689,1
49692,1
49694,1
49701,1
49715,2
49725,2
49727,1
49736,1
49738,1
49742,1
49752,1
49759,1
49763,1
49767,1
49770,1
49774,1
49781,1
49783,1
49790,2
49794,1
49799,1
49801,1
49804,2
49807,1
49813,1
49817,1
49823,1
49825,1
49827,1
49833,1
49837,1
49843,1
49847,1
49856,1
49860,1
49863,1
49865,1
49874,1
49880,2
49884,1
49892,1
49904,2
49906,1
49912,1
49917,2
49930,1
49933,1
49936,2
49939,1
49941,1
49943,1
49948,2
49954,1
49957,1
49961,1
49966,1
49969,1
49971,1
49976,2
49986,1
49988,1
49998,1
50012,1
50015,1
50020,1
50022,1
50030,2
50037,1
50041,2
50046,1
50054,1
50057,1
50061,2
50063,1
50066,1
50070,1
50072,1
50076,1
50086,1
50088,1
50094,1
50096,1
50099,1
50102,1
50106,1
50110,2
50113,1
50120,1
50124,1
50131,1
50137,1
50143,1
50147,1
50150,1
50161,1
50165,2
50167,1
50174,1
50184,1
50190,1
50196,1
50201,1
50204,2
50208,1
50211,2
50219,1
50221,1
50223,1
50226,1
50231,1
50242,2
50249,1
50253,1
50261,1
50268,1
50270,1
50274,1
50276,1
50282,1
50286,2
50294,1
50301,1
50304,1
50306,1
50311,2
50313,1
50322,1
50329,1
50335,1
50341,2
50344,2
50346,1
50350,1
50358,1
50366,2
50373,1
50382,1
50385,1
50388,1
50391,2
50394,1
50397,1
50403,1
50405,1
50411,2
50413,1
50416,2
50421,1
50425,1
50427,1
50436,2
50440,1
50443,2
50454,1
50465,1
50473,1
50475,1
50480,1
50484,1
50488,2
50490,1
50493,1
50498,2
50501,1
50506,1
50510,2
50512,1
50515,1
50517,1
50524,1
50536,1
50539,1
50545,1
50555,1
50558,1
50561,1
50563,1
50565,1
50567,1
50569,1
50572,1
50574,1
50584,1
50592,2
50600,1
50603,1
50607,1
50610,1
50612,1
50623,1
50627,1
50632,1
50635,2
50643,2
50645,1
50651,1
50655,1
50660,1
50662,1
50665,1
50668,1
50678,1
50681,1
50683,1
50687,1
50689,1
50697,1
50701,1
50703,1
50706,1
50708,1
50715,2
50723,1
50745,1
50749,1
50755,1
50759,1
50761,1
50763,1
50765,1
50768,2
50771,2
50773,1
50776,1
50778,1
50781,1
50784,1
50802,1
50804,1
50806,1
50808,1
50815,1
50818,2
50828,1
50832,1
50836,2
50838,1
50840,1
50847,1
50850,1
50874,2
50878,2
50887,1
50889,1
50891,1
50896,2
50900,1
50904,1
50906,1
50909,1
50916,1
50920,1
50922,1
50925,1
50937,1
50941,3
50944,1
50949,2
50961,2
50969,1
50972,2
50974,1
50982,1
50999,1
51006,1
51010,1
51014,2
51018,2
51020,1
51024,2
51027,1
51031,1
51035,1
51047,1
51055,1
51057,1
51060,1
51062,1
51066,1
51071,1
51073,1
51075,1
51081,3
51088,1
51091,1
51097,1
51099,1
51103,2
51105,1
51107,1
51112,1
51114,1
51117,1
51122,1
51125,2
51127,1
51140,1
51145,1
51153,1
51155,1
51159,2
51161,1
51173,1
51175,1
51177,1
51182,1
51185,1
51189,2
51192,1
51195,1
51203,1
51207,1
51222,1
51227,2
51229,1
51243,2
51246,2
51249,1
51253,1
51255,1
51258,1
51265,1
51267,1
51269,1
51271,1
51273,1
51276,1
51284,2
51288,1
51296,1
51307,1
51310,1
51316,1
51321,1
51334,1
51340,1
51342,1
51345,2
51347,1
51355,1
51358,1
51360,1
51366,2
51369,2
51373,1
51376,1
51378,1
51389,1
51392,1
51394,1
51398,1
51410,1
51418,1
51421,1
51425,2
51432,1
51435,1
51438,1
51443,1
51446,2
51449,1
51464,2
51466,1
51479,2
51486,1
51491,1
51495,1
51500,2
51504,1
51516,1
51518,1
51523,1
51527,2
51529,1
51531,1
51533,1
51542,1
51548,1
51554,1
51556,1
51559,1
51563,1
51569,1
51572,1
51577,1
51580,1
51590,1
51602,1
51605,1
51613,1
51620,1
51624,1
51630,2
51634,2
51649,1
51656,1
51659,1
51664,1
51666,1
51671,2
51675,1
51679,2
51685,1
51691,1
51696,1
51702,1
51705,1
51707,1
51710,1
51712,1
51715,1
51718,1
51721,1
51727,1
51731,2
51734,1
51740,1
51745,1
51748,1
51752,1
51760,1
51764,2
51768,1
51784,2
51789,2
51800,1
51802,1
51806,1
51814,2
51824,1
51828,1
51832,1
51836,2
51839,1
51841,1
51844,2
51851,1
51853,1
51855,1
51858,1
51860,1
51890,1
51894,1
51898,1
51900,1
51905,2
51909,1
51911,1
51916,1
51922,2
51928,1
51930,1
51936,2
51941,2
51946,1
51953,1
51955,1
51957,1
51959,1
51964,3
51968,1
51971,1
51974,2
51976,1
51980,2
51984,1
51989,1
51991,1
51999,1
52001,1
52010,1
52016,2
52027,1
52029,1
52032,1
52034,1
52040,1
52043,1
52049,1
52052,2
52055,1
52057,1
52066,2
52072,3
52075,1
52081,1
52086,1
52090,2
52103,1
52105,1
52110,1
52119,1
52126,1
52131,1
52133,1
52138,1
52146,2
52150,1
52153,2
52156,2
52158,1
52164,1
52169,1
52176,1
52184,2
52192,1
52201,1
52203,1
52211,1
52218,1
52222,1
52225,2
52239,1
52241,1
52248,1
52258,1
52260,1
52263,1
52274,2
52285,1
52290,1
52296,1
52298,1
52300,1
52305,2
52308,1
52316,2
52318,1
52321,1
52323,1
52327,3
52330,1
52332,1
52335,1
52338,1
52341,2
52347,1
52352,1
52354,1
52357,2
52359,1
52367,1
52369,1
52371,1
52375,1
52378,2
52380,1
52382,1
52385,1
52390,1
52403,1
52408,1
52411,1
52414,2
52420,2
52434,2
52439,1
52444,1
52449,1
52453,2
52457,1
52460,1
52465,1
52470,1
52481,1
52484,2
52487,2
52494,1
52501,1
52517,2
52521,1
52524,2
52529,1
52533,3
52535,1
52541,1
52548,1
52551,2
52559,1
52562,1
52566,2
52577,1
52584,1
52587,1
52602,3
52608,1
52612,1
52614,1
52628,1
52631,1
52634,1
52637,1
52639,1
52641,1
52647,2
52652,1
52654,1
52661,2
52665,1
52667,1
52670,1
52675,1
52679,2
52687,1
52689,1
52692,1
52698,1
52730,1
52740,1
52748,1
52752,1
52755,1
52760,2
52767,1
52769,1
52773,2
52776,1
52782,1
52784,1
52786,1
52792,1
52794,1
52805,1
52807,1
52809,1
52812,1
52814,1
52822,1
52826,1
52828,1
52832,1
52835,2
52838,2
52844,1
52849,1
52851,1
52857,1
52859,1
52863,1
52865,1
52867,1
52869,1
52876,1
52878,1
52882,1
52884,1
52892,3
52896,2
52899,1
52904,3
52906,1
52908,1
52912,1
52914,1
52918,1
52937,1
52940,1
52942,1
52947,1
52949,1
52951,1
52953,1
52958,1
52964,1
52968,3
52977,1
52981,2
52984,2
52989,1
52993,1
52998,1
53004,1
53011,1
53014,2
53016,1
53020,2
53027,2
53030,2
53032,1
53038,1
53048,1
53050,1
53054,1
53057,2
53060,2
53066,1
53068,1
53078,1
53087,1
53090,2
53107,1
53109,1
53115,1
53119,2
53126,2
53130,2
53132,1
53135,1
53137,1
53140,1
53142,1
53147,2
53149,1
53151,1
53155,2
53165,1
53178,2
53181,2
53184,1
53192,2
53195,1
53200,1
53214,1
53217,1
53221,2
53224,1
53227,1
53229,1
53234,1
53236,1
53239,2
53242,2
53250,2
53253,2
53257,2
53260,1
53262,1
53270,1
53276,1
53279,1
53282,1
53296,1
53299,1
53306,1
53313,1
53316,1
53322,1
53326,2
53328,1
53330,1
53335,1
53338,1
53341,1
53344,1
53351,1
53354,1
53356,1
53365,2
53368,1
53372,1
53375,1
53379,1
53381,1
53383,1
53388,2
53392,1
53395,1
53404,1
53413,2
53415,1
53420,1
53426,1
53451,2
53453,1
53457,1
53465,1
53474,1
53476,1
53478,1
53487,1
53495,2
53498,1
53502,1
53506,2
53514,1
53516,1
53526,2
53530,1
53532,1
53542,2
53547,1
53555,1
53557,1
53559,1
53565,1
53578,1
53585,2
53593,1
53597,1
53603,1
53608,1
53619,1
53624,1
53629,1
53635,1
53637,1
53639,1
53643,1
53655,1
53664,2
53679,1
53688,2
53690,1
53693,2
53698,1
53700,1
53709,1
53713,1
53718,2
53728,1
53748,1
53753,1
53755,1
53757,1
53766,1
53779,2
53782,2
53784,1
53801,1
53806,1
53810,3
53813,2
53821,2
53826,1
53830,1
53833,1
53838,2
53841,2
53848,2
53850,1
53852,1
53854,1
53859,1
53862,1
53868,2
53874,1
53887,2
53890,2
53897,1
53903,1
53906,2
53908,1
53910,1
53924,2
53927,1
53929,1
53934,2
53937,1
53940,1
53947,2
53950,1
53953,1
53957,1
53960,1
53963,2
53969,1
53980,1
53984,2
53993,2
54000,1
54009,1
54011,1
54014,1
54017,1
54019,1
54027,2
54030,1
54034,2
54037,1
54039,1
54045,1
54050,2
54054,1
54059,1
54067,1
54073,2
54077,1
54083,1
54086,1
54088,1
54090,1
54095,1
54100,1
54103,1
54111,1
54115,1
54118,1
54122,1
54131,1
54138,1
54140,1
54146,2
54154,2
54158,1
54164,1
54172,1
54183,2
54193,1
54195,1
54206,1
54213,1
54223,1
54225,1
54228,1
54232,1
54238,1
54240,1
54246,2
54249,1
54255,1
54266,1
54268,1
54294,2
54296,1
54298,1
54301,1
54311,1
54322,1
54349,1
54351,1
54353,1
54355,1
54358,1
54362,1
54364,1
54366,1
54377,2
54386,1
54392,1
54398,1
54401,1
54410,1
54415,1
54423,1
54428,1
54435,1
54437,1
54440,2
54445,1
54455,2
54457,1
54459,1
54463,2
54466,1
54468,1
54478,1
54481,1
54483,1
54486,2
54493,1
54496,1
54506,1
54508,1
54513,1
54517,1
54523,1
54532,1
54535,1
54539,1
54542,1
54549,1
54553,2
54561,1
54564,1
54567,1
54569,1
54577,1
54580,1
54582,1
54584,1
54588,1
54591,1
54594,2
54599,1
54602,1
54604,1
54612,1
54621,1
54625,1
54630,1
54637,1
54641,1
54644,1
54650,2
54658,2
54660,1
54664,2
54666,1
54682,1
54685,1
54700,1
54704,1
54709,1
54712,1
54723,1
54727,1
54730,1
54733,1
54739,2
54744,1
54749,1
54754,2
54757,2
54762,1
54768,1
54775,1
54777,1
54783,2
54785,1
54798,1
54801,1
54808,2
54810,1
54814,1
54820,1
54822,1
54825,2
54834,1
54836,1
54848,1
54850,1
54853,1
54859,1
54863,1
54865,1
54870,2
54872,1
54875,1
54880,1
54882,1
54885,1
54893,1
54899,1
54905,1
54908,1
54916,3
54925,1
54929,2
54931,1
54947,2
54954,1
54977,3
54988,1
55000,1
55002,1
55004,1
55006,1
55009,1
55013,2
55015,1
55018,1
55027,1
55029,1
55031,1
55036,1
55038,1
55041,1
55046,1
55050,1
55055,1
55058,2
55065,2
55071,1
55075,1
55077,1
55082,1
55086,1
55090,1
55095,1
55100,1
55106,1
55111,1
55115,2
55118,1
55120,1
55123,1
55125,1
55130,1
55133,1
55147,2
55160,2
55173,1
55179,2
55183,1
55189,1
55192,1
55195,2
55201,1
55203,1
55206,1
55210,1
55214,1
55216,1
55231,1
55233,1
55237,2
55239,1
55242,2
55247,2
55251,1
55255,1
55260,1
55264,1
55268,1
55272,1
55275,1
55279,2
55284,2
55288,2
55293,1
55295,1
55298,1
55302,1
55304,1
55308,2
55313,2
55315,1
55320,2
55322,1
55325,1
55327,1
55334,1
55338,1
55346,1
55352,1
55361,1
55363,1
55365,1
55367,1
55371,1
55373,1
55376,1
55380,2
55382,1
55398,1
55407,2
55410,1
55414,1
55423,1
55428,1
55430,1
55432,1
55437,1
55441,1
55456,1
55462,2
55467,2
55473,1
55477,2
55485,1
55491,1
55500,1
55503,1
55517,2
55520,1
55526,1
55533,1
55536,1
55547,2
55556,1
55559,1
55561,1
55565,1
55574,1
55581,1
55585,1
55589,1
55592,1
55594,1
55596,1
55613,1
55620,1
55624,1
55636,1
55638,1
55642,1
55656,1
55663,1
55670,1
55673,1
55678,1
55683,1
55685,1
55694,1
55702,2
55712,3
55715,1
55717,1
55724,2
55734,1
55738,1
55750,1
55764,1
55771,1
55773,1
55775,1
55781,1
55783,1
55787,1
55792,1
55795,2
55802,2
55805,1
55810,1
55820,1
55826,2
55835,1
55841,1
55844,1
55849,1
55852,1
55854,1
55857,1
55859,1
55864,1
55883,1
55890,1
55899,1
55904,1
55906,1
55914,1
55916,1
55922,1
55924,1
55927,1
55929,1
55939,1
55943,2
55950,1
55952,1
55957,1
55960,2
55972,1
55976,1
55980,1
55985,1
55987,1
55994,1
55996,1
55998,1
56005,1
56014,1
56019,2
56035,1
56039,1
56047,1
56054,1
56066,2
56074,1
56080,1
56084,1
56088,1
56090,1
56105,1
56110,1
56114,1
56122,1
56131,1
56138,1
56140,1
56161,2
56166,1
56173,1
56182,1
56185,1
56187,1
56192,1
56202,1
56206,1
56213,2
56223,1
56226,1
56240,1
56243,2
56246,1
56249,1
56253,1
56258,2
56261,1
56274,2
56278,1
56280,1
56285,1
56300,1
56310,2
56312,1
56321,2
56328,1
56339,1
56342,2
56346,1
56356,1
56358,1
56366,1
56373,1
56376,1
56382,2
56389,2
56403,2
56411,1
56413,1
56416,1
56420,1
56423,1
56428,1
56432,1
56435,1
56437,1
56443,1
56445,1
56450,1
56452,1
56457,1
56467,1
56472,2
56476,2
56484,1
56488,1
56496,2
56498,1
56509,1
56515,1
56517,1
56520,1
56524,1
56532,1
56542,1
56547,1
56563,1
56568,2
56572,2
56574,1
56580,1
56583,1
56598,1
56602,1
56605,1
56613,1
56615,1
56622,2
56625,1
56633,1
56643,1
56647,1
56649,1
56652,1
56665,2
56676,1
56685,1
56694,1
56704,1
56706,1
56713,2
56719,1
56724,2
56726,1
56734,1
56739,1
56741,1
56747,2
56754,1
56757,1
56760,2
56772,1
56778,1
56782,2
56786,1
56791,1
56794,1
56803,2
56813,2
56817,2
56825,1
56835,2
56838,1
56841,1
56850,1
56858,2
56861,1
56874,1
56876,1
56884,1
56889,1
56891,1
56893,1
56895,1
56899,1
56902,1
56909,1
56914,1
56916,1
56918,1
56923,1
56931,1
56934,1
56936,1
56938,1
56941,1
56944,1
56951,1
56958,1
56960,1
56966,1
56968,1
56970,1
56983,1
56987,2
56997,2
57000,1
57003,2
57015,2
57019,2
57024,1
57029,1
57040,2
57047,1
57057,1
57059,1
57062,2
57065,1
57072,1
57077,2
57087,1
57091,1
57095,2
57097,1
57100,1
57102,1
57104,1
57112,1
57115,1
57117,1
57120,1
57124,1
57126,1
57132,1
57135,1
57144,1
57147,1
57149,1
57159,1
57167,2
57178,1
57195,2
57197,1
57201,2
57210,1
57218,1
57223,1
57227,1
57231,2
57236,1
57243,1
57245,1
57249,1
57253,1
57267,1
57269,1
57272,1
57279,1
57284,1
57287,1
57302,1
57306,1
57308,1
57314,1
57324,2
57329,1
57340,2
57344,2
57351,1
57354,1
57358,3
57368,1
57373,1
57379,1
57385,1
57408,2
57416,1
57419,1
57423,2
57425,1
57431,1
57444,1
57447,1
57454,1
57462,1
57468,1
57471,1
57475,1
57477,1
57492,1
57498,1
57500,1
57502,1
57505,1
57508,1
57510,1
57515,1
57522,1
57525,1
57528,2
57537,2
57542,1
57554,2
57563,1
57571,1
57580,1
57587,1
57589,1
57591,1
57595,1
57617,2
57628,2
57631,1
57639,1
57641,1
57644,1
57646,1
57654,2
57657,1
57663,1
57666,1
57670,2
57673,1
57685,1
57689,1
57693,1
57701,1
57708,2
57716,1
57718,1
57721,1
57724,1
57736,1
57739,1
57741,1
57745,1
57747,1
57750,2
57758,1
57767,2
57769,1
57772,1
57781,1
57785,1
57789,2
57798,2
57800,1
57808,1
57820,1
57827,1
57833,1
57835,1
57838,1
57842,2
57848,3
57850,1
57854,1
57857,2
57866,2
57868,1
57872,1
57875,1
57878,2
57880,1
57885,1
57889,2
57891,1
57895,1
57904,1
57906,1
57914,1
57919,1
57921,1
57923,1
57926,1
57931,1
57939,2
57953,2
57957,1
57959,1
57983,1
57985,1
57987,1
57989,1
57993,2
57995,1
57998,2
58000,1
58003,1
58006,2
58013,1
58022,2
58026,1
58029,1
58032,1
58034,1
58039,1
58049,1
58059,1
58068,1
58073,1
58076,1
58081,1
58083,1
58091,1
58093,1
58104,1
58113,2
58117,1
58123,1
58140,1
58142,1
58153,1
58156,2
58158,1
58161,1
58163,1
58166,2
58172,2
58179,1
58187,1
58189,1
58192,2
58196,2
58202,1
58204,1
58209,1
58214,1
58223,1
58227,1
58230,1
58233,2
58235,1
58244,1
58248,2
58251,1
58257,2
58260,1
58276,1
58279,1
58282,2
58284,1
58291,1
58302,1
58306,1
58318,1
58320,1
58323,1
58326,1
58331,1
58333,1
58346,1
58349,2
58355,2
58361,1
58368,1
58376,1
58384,1
58387,1
58390,1
58399,1
58401,1
58404,1
58413,1
58416,1
58419,2
58425,2
58430,1
58432,1
58434,1
58440,1
58443,2
58445,1
58448,1
58450,1
58453,2
58457,1
58461,1
58473,1
58477,1
58479,1
58484,2
58495,1
58498,1
58504,1
58507,1
58509,1
58516,2
58519,1
58521,1
58527,1
58533,2
58538,2
58547,1
58551,2
58557,1
58566,2
58569,1
58571,1
58582,2
58586,1
58589,1
58591,1
58594,2
58596,1
58599,2
58601,1
58603,1
58612,1
58622,1
58624,1
58627,1
58629,1
58632,1
58634,1
58637,1
58643,1
58645,1
58652,2
58656,1
58659,2
58662,1
58668,1
58675,1
58683,2
58687,1
58699,2
58701,1
58705,1
58712,1
58714,1
58717,1
58724,1
58726,1
58733,1
58737,1
58743,1
58746,1
58755,1
58758,1
58760,1
58764,1
58767,1
58771,2
58779,1
58784,1
58792,1
58802,1
58804,1
58811,1
58815,1
58818,2
58822,1
58824,1
58827,1
58838,2
58841,1
58855,1
58862,2
58866,1
58871,2
58878,1
58888,1
58894,1
58898,2
58900,1
58922,1
58925,1
58928,2
58932,1
58935,1
58938,2
58942,1
58948,1
58954,1
58956,1
58961,1
58975,2
58980,1
58983,1
58987,1
58990,1
58997,1
59010,1
59014,1
59018,1
59022,2
59032,2
59041,1
59045,2
59048,1
59050,1
59054,1
59056,1
59058,1
59061,1
59064,1
59066,1
59072,1
59076,1
59079,1
59089,1
59096,1
59100,1
59105,2
59107,1
59109,1
59120,1
59123,1
59129,1
59138,1
59140,1
59147,1
59153,1
59155,1
59159,1
59161,1
59170,2
59178,1
59186,1
59192,1
59197,1
59214,1
59219,1
59228,1
59230,1
59232,1
59237,1
59246,1
59248,1
59259,3
59267,1
59273,1
59276,1
59278,1
59285,1
59291,1
59296,1
59307,1
59309,1
59311,1
59315,1
59325,1
59328,2
59332,1
59340,1
59360,2
59362,1
59366,1
59380,1
59390,2
59393,1
59397,1
59399,1
59402,1
59408,1
59413,1
59416,2
59424,1
59429,1
59435,1
59437,1
59442,1
59449,1
59452,2
59454,1
59460,2
59463,1
59465,1
59468,1
59473,2
59475,1
59478,1
59485,1
59487,1
59489,1
59494,2
59516,1
59521,1
59527,1
59535,1
59539,1
59543,2
59545,1
59561,2
59563,1
59577,1
59580,1
59593,2
59596,1
59601,2
59605,1
59609,1
59618,1
59621,2
59626,1
59629,1
59636,1
59638,1
59640,1
59642,1
59644,1
59649,1
59659,2
59668,2
59671,1
59680,1
59682,1
59684,1
59690,2
59692,1
59696,1
59699,2
59701,1
59704,1
59708,1
59714,2
59735,1
59754,1
59762,1
59765,2
59767,1
59773,2
59776,1
59780,1
59785,3
59788,2
59792,1
59799,1
59811,2
59818,1
59821,2
59823,1
59828,1
59831,1
59834,1
59838,1
59842,1
59848,2
59857,2
59864,3
59869,1
59871,1
59875,1
59881,1
59884,2
59887,1
59890,1
59892,1
59894,1
59900,1
59903,2
59906,1
59909,1
59916,1
59922,1
59926,1
59928,1
59940,1
59942,1
59944,1
59948,2
59950,1
59954,2
59958,1
59962,1
59969,1
59972,2
59974,1
59977,1
59980,1
59982,1
59984,1
59988,1
59991,2
60001,1
60003,1
60013,1
60015,1
60018,1
60023,1
60028,1
60035,1
60041,1
60044,1
60053,1
60058,1
60072,1
60075,1
60079,1
60082,1
60085,1
60098,1
60103,2
60117,1
60119,1
60125,1
60133,1
60135,1
60141,1
60143,1
60147,2
60152,1
60162,1
60166,1
60168,1
60174,1
60186,1
60191,1
60205,1
60207,1
60211,1
60225,1
60230,1
60235,1
60237,1
60242,1
60246,1
60249,1
60254,1
60256,1
60258,1
60282,2
60286,1
60289,1
60294,1
60301,1
60304,1
60311,1
60321,1
60325,1
60328,2
60332,1
60341,1
60355,1
60361,1
60366,1
60370,2
60372,1
60375,1
60387,1
60390,1
60399,1
60404,2
60409,1
60411,1
60416,2
60437,1
60443,1
60445,1
60457,1
60464,1
60466,1
60480,1
60483,1
60486,1
60491,1
60493,1
60510,1
60522,1
60524,1
60527,2
60542,2
60546,1
60557,1
60566,1
60577,2
60581,1
60585,1
60588,2
60590,1
60595,1
60608,1
60612,1
60615,2
60621,1
60635,1
60637,1
60640,1
60642,1
60647,1
60656,2
60658,1
60661,1
60663,1
60665,1
60667,1
60677,1
60681,2
60684,1
60689,1
60695,1
60701,1
60705,1
60712,1
60715,1
60717,1
60721,1
60728,1
60730,1
60733,1
60740,1
60742,1
60751,1
60753,1
60757,3
60762,1
60771,1
60775,1
60778,2
60784,1
60787,1
60796,1
60798,1
60807,1
60809,1
60811,1
60815,2
60821,1
60823,1
60825,1
60830,1
60834,2
60836,1
60851,2
60854,2
60857,2
60865,1
60875,1
60878,2
60883,1
60890,2
60894,1
60897,1
60913,1
60937,1
60949,1
60951,1
60953,1
60959,1
60962,1
60967,2
60975,1
60986,1
60988,1
60991,2
60999,1
61006,1
61012,1
61022,1
61028,1
61032,1
61034,1
61036,1
61040,1
61046,1
61052,1
61055,1
61060,1
61062,1
61065,1
61067,1
61070,2
61072,1
61075,1
61079,1
61095,2
61098,1
61101,1
61103,1
61109,1
61117,1
61119,1
61124,1
61132,1
61137,1
61139,1
61143,1
61147,1
61151,1
61155,1
61158,1
61162,2
61178,2
61181,1
61203,1
61205,1
61217,1
61219,1
61224,2
61233,2
61236,1
61239,1
61244,1
61247,2
61249,1
61253,1
61256,1
61267,1
61269,1
61273,1
61275,1
61282,1
61293,3
61303,1
61308,1
61312,2
61317,1
61322,1
61331,2
61335,1
61340,1
61342,1
61347,1
61349,1
61352,1
61356,1
61360,2
61363,1
61367,2
61370,1
61373,1
61384,1
61392,1
61397,1
61403,1
61409,1
61414,1
61420,1
61425,1
61428,1
61435,1
61441,1
61448,1
61451,1
61456,1
61461,1
61463,1
61479,1
61484,1
61488,2
61495,1
61497,1
61499,1
61502,1
61511,1
61519,1
61521,1
61525,1
61556,2
61560,2
61562,1
61569,1
61572,2
61576,2
61578,1
61583,1
61597,1
61602,1
61607,1
61609,1
61618,1
61623,2
61627,1
61639,2
61642,1
61650,2
61657,1
61660,1
61670,1
61674,1
61685,1
61688,1
61691,1
61701,2
61704,2
61707,1
61711,1
61720,2
61722,1
61727,1
61731,1
61734,1
61736,1
61743,1
61745,1
61748,1
61750,1
61754,2
61761,1
61764,1
61766,1
61780,1
61784,1
61787,1
61795,2
61800,1
61814,2
61819,1
61830,1
61836,1
61842,1
61846,1
61849,1
61855,1
61857,1
61859,1
61863,1
61866,1
61874,1
61877,1
61881,1
61884,1
61890,1
61897,1
61899,1
61903,1
61915,1
61927,1
61936,2
61938,1
61945,1
61953,1
61956,1
61964,1
61966,1
61973,1
61975,1
61982,1
61986,1
61988,1
61997,2
62003,1
62009,1
62013,2
62033,2
62037,1
62045,1
62047,1
62053,2
62058,1
62060,1
62063,2
62065,1
62074,1
62088,1
62092,1
62101,1
62103,1
62105,1
62111,2
62113,1
62116,2
62125,1
62130,1
62137,2
62141,1
62146,1
62149,1
62156,1
62164,1
62184,2
62186,1
62195,2
62202,2
62205,1
62209,1
62213,2
62218,1
62220,1
62223,1
62239,1
62246,1
62252,1
62270,1
62275,1
62277,1
62280,1
62284,1
62287,1
62293,1
62299,1
62302,1
62312,1
62316,1
62323,1
62326,1
62335,1
62338,2
62351,2
62355,2
62363,1
62367,1
62369,1
62378,1
62381,2
62383,1
62387,1
62394,1
62398,1
62402,1
62405,1
62410,1
62414,2
62421,1
62427,2
62435,1
62437,1
62449,1
62454,1
62459,1
62461,1
62471,1
62473,1
62475,1
62481,2
62491,1
62493,1
62503,1
62507,2
62511,1
62520,2
62523,1
62526,1
62529,2
62531,1
62534,1
62541,2
62544,1
62550,2
62553,1
62557,1
62560,2
62564,2
62566,1
62571,2
62576,1
62578,1
62587,2
62589,1
62592,1
62595,1
62603,1
62608,2
62616,1
62620,1
62629,1
62631,1
62639,1
62651,2
62658,1
62660,1
62663,1
62665,1
62672,1
62684,1
62688,2
62690,1
62693,1
62698,1
62704,2
62715,1
62719,1
62729,2
62732,2
62739,1
62744,1
62749,1
62753,1
62755,1
62757,1
62760,1
62765,1
62769,1
62780,1
62792,1
62798,1
62802,1
62813,1
62816,1
62823,1
62826,1
62829,1
62831,1
62847,2
62852,1
62863,1
62869,1
62871,1
62875,1
62887,1
62899,1
62906,1
62911,2
62919,2
62924,1
62931,2
62934,1
62938,1
62941,1
62944,1
62946,1
62954,1
62957,1
62966,1
62974,1
62983,1
62985,1
62989,1
63002,2
63006,1
63029,1
63040,2
63046,1
63053,1
63061,1
63065,1
63076,2
63082,1
63099,1
63103,1
63107,1
63111,1
63114,1
63116,1
63134,1
63143,2
63147,1
63160,1
63171,1
63173,1
63181,2
63184,1
63187,2
63190,2
63204,2
63220,1
63224,1
63226,1
63232,2
63239,1
63242,1
63244,1
63247,1
63251,2
63254,1
63261,2
63265,2
63267,1
63274,1
63277,1
63280,1
63286,2
63288,1
63290,1
63304,2
63307,1
63310,2
63312,1
63314,1
63317,1
63319,1
63335,1
63340,2
63342,1
63348,1
63351,2
63358,1
63363,1
63367,1
63370,1
63372,1
63377,2
63380,2
63384,1
63388,1
63391,2
63393,1
63400,1
63402,1
63410,1
63412,1
63420,2
63422,1
63427,1
63432,2
63442,1
63444,1
63451,1
63457,1
63464,1
63466,1
63472,1
63481,1
63489,1
63499,1
63502,1
63507,1
63511,1
63517,1
63520,1
63523,2
63526,1
63535,1
63537,1
63544,1
63549,1
63552,1
63566,1
63569,2
63572,1
63578,2
63591,1
63600,1
63607,1
63615,1
63619,1
63623,1
63628,1
63636,2
63638,1
63646,1
63648,1
63651,1
63655,1
63668,1
63670,1
63672,1
63674,1
63680,1
63682,1
63685,1
63691,2
63699,1
63708,1
63719,1
63724,1
63727,1
63730,1
63733,2
63740,2
63743,1
63747,1
63761,1
63767,1
63769,1
63772,2
63775,1
63780,1
63782,1
63786,2
63793,1
63795,1
63797,1
63802,2
63806,1
63810,1
63819,1
63827,2
63831,1
63834,1
63836,1
63842,2
63851,1
63856,1
63858,1
63865,2
63867,1
63873,2
63879,1
63881,1
63888,1
63891,1
63893,1
63902,1
63904,1
63909,2
63911,1
63916,1
63920,1
63923,1
63929,1
63941,2
63945,1
63957,2
63960,1
63968,1
63971,2
63974,2
63976,1
63981,1
63988,1
63990,1
63994,1
63996,1
64002,1
64008,1
64012,1
64033,1
64036,2
64039,1
64045,1
64050,2
64058,2
64062,2
64073,1
64080,1
64084,2
64093,1
64098,1
64100,1
64103,1
64105,1
64116,1
64118,1
64120,1
64129,1
64137,1
64141,2
64144,1
64150,1
64157,1
64160,2
64167,2
64171,1
64181,1
64188,1
64191,1
64198,1
64200,1
64205,2
64218,2
64220,1
64226,1
64237,2
64239,1
64241,1
64246,1
64250,2
64262,1
64272,1
64278,1
64281,1
64292,1
64299,2
64303,1
64306,1
64309,1
64311,1
64319,2
64322,1
64332,1
64334,1
64343,1
64346,2
64348,1
64351,1
64354,1
64369,1
64371,1
64380,1
64392,1
64396,2
64398,1
64407,1
64411,1
64420,1
64426,1
64428,1
64443,1
64445,1
64465,2
64467,1
64472,2
64478,1
64484,2
64486,1
64489,1
64506,2
64510,1
64512,1
64516,1
64520,1
64522,1
64525,2
64536,2
64538,1
64541,1
64545,2
64550,2
64552,1
64556,1
64561,1
64563,1
64567,1
64570,2
64580,1
64582,1
64585,1
64589,1
64593,1
64600,1
64610,1
64612,1
64616,2
64623,2
64626,2
64629,1
64631,1
64634,2
64636,1
64652,1
64654,1
64657,2
64664,1
64666,1
64669,1
64674,1
64682,1
64687,1
64695,1
64704,1
64709,1
64716,1
64720,2
64722,1
64728,2
64733,1
64740,1
64755,1
64759,1
64765,2
64767,1
64770,1
64773,1
64783,1
64788,1
64790,1
64807,1
64814,1
64817,1
64821,3
64826,2
64834,1
64838,1
64840,1
64846,1
64848,1
64853,1
64855,1
64857,1
64870,1
64879,1
64883,1
64886,2
64891,1
64903,1
64907,1
64913,1
64920,1
64930,1
64940,2
64947,1
64949,1
64956,1
64958,1
64960,1
64963,1
64971,1
64975,2
64983,2
64989,1
64995,2
65000,1
65002,1
65009,2
65022,1
65026,1
65031,1
65034,1
65037,1
65040,2
65042,1
65049,1
65051,1
65053,1
65062,1
65066,1
65090,1
65093,1
65098,1
65100,1
65105,1
65113,1
65115,1
65121,2
65125,1
65129,1
65131,1
65134,2
65138,1
65147,1
65152,1
65157,1
65165,1
65168,1
65178,2
65188,1
65190,1
65195,1
65198,1
65201,1
65210,2
65214,1
65218,1
65235,1
65237,1
65242,1
65246,1
65248,1
65256,1
65259,1
65261,1
65266,1
65269,1
65272,1
65275,1
65295,2
65302,1
65308,1
65312,1
65317,1
65325,1
65335,1
65340,1
65342,1
65344,1
65348,2
65351,1
65356,1
65360,1
65371,1
65376,1
65379,1
65384,1
65390,2
65401,1
65412,1
65416,1
65424,2
65428,1
65435,1
65437,1
65452,1
65460,1
65467,1
65471,1
65481,1
65483,1
65486,1
65490,1
65495,1
65498,2
65502,1
65507,2
65513,1
65515,1
65518,2
65520,1
65529,1
65531,1
65534,1
65545,1
65548,1
65557,2
65559,1
65572,2
65574,1
65578,2
65580,1
65586,1
65588,1
65591,1
65594,1
65596,1
65601,2
65604,1
65606,1
65613,2
65616,2
65619,2
65625,1
65627,1
65634,2
65636,1
65643,1
65648,1
65652,2
65655,1
65662,1
65665,1
65667,1
65669,1
65674,1
65677,1
65694,2
65701,1
65717,1
65720,1
65723,1
65728,1
65731,1
65734,1
65736,1
65741,2
65744,1
65747,2
65750,1
65761,1
65765,2
65771,2
65773,1
65778,1
65785,1
65790,1
65793,1
65797,1
65800,1
65812,1
65815,1
65817,1
65828,1
65831,1
65833,1
65840,1
65845,1
65847,1
65850,1
65854,1
65859,1
65873,1
65876,1
65881,1
65895,1
65900,1
65904,2
65911,1
65915,1
65925,1
65929,1
65932,1
65937,1
65940,1
65944,1
65949,1
65962,1
65967,2
65969,1
65975,1
65977,1
65981,1
65984,2
65989,1
66000,1
66006,1
66010,1
66016,1
66019,1
66022,1
66025,1
66032,1
66034,1
66037,1
66039,1
66041,1
66044,1
66047,1
66054,2
66063,1
66071,1
66081,2
66084,1
66091,1
66093,1
66096,1
66098,1
66102,1
66105,1
66112,2
66118,1
66129,1
66134,1
66136,1
66138,1
66147,2
66149,1
66152,2
66156,1
66166,1
66168,1
66175,3
66177,1
66188,1
66197,1
66202,1
66204,1
66210,1
66214,1
66218,2
66221,2
66233,1
66238,1
66241,1
66245,1
66249,1
66251,1
66254,1
66257,1
66260,1
66263,1
66266,1
66269,1
66272,1
66275,2
66280,1
66285,1
66289,1
66291,1
66293,1
66295,1
66307,1
66312,2
66314,1
66317,1
66333,1
66337,1
66339,1
66346,1
66348,1
66351,1
66354,2
66364,1
66372,1
66375,1
66382,3
66387,1
66389,1
66391,1
66393,1
66396,1
66398,1
66403,1
66406,2
66409,1
66422,1
66424,1
66427,1
66436,2
66439,2
66442,1
66445,1
66447,1
66449,1
66464,2
66468,1
66475,1
66478,1
66482,1
66492,1
66506,1
66514,1
66517,1
66523,1
66531,1
66535,2
66548,1
66556,1
66564,2
66566,1
66581,1
66594,1
66599,1
66603,1
66611,2
66614,1
66621,1
66624,1
66630,1
66633,2
66645,2
66652,1
66658,1
66664,2
66666,1
66669,2
66671,1
66685,1
66687,1
66689,1
66694,1
66707,1
66715,2
66717,1
66719,1
66724,2
66726,1
66729,2
66731,1
66734,2
66741,1
66749,1
66752,1
66758,1
66768,1
66774,1
66779,2
66785,1
66787,1
66795,1
66802,1
66804,1
66818,1
66823,1
66829,1
66833,2
66835,1
66840,1
66842,1
66851,1
66857,1
66861,1
66864,1
66879,2
66896,1
66898,1
66913,1
66916,2
66928,1
66934,1
66941,1
66949,1
66965,2
66984,1
66986,1
66994,1
67001,1
67009,1
67014,1
67022,1
67030,1
67032,1
67034,1
67036,1
67040,1
67050,1
67052,1
67057,1
67059,1
67061,1
67065,1
67078,2
67080,1
67088,2
67095,2
67097,1
67102,1
67112,1
67119,2
67122,1
67129,2
67133,1
67135,1
67137,1
67145,1
67151,1
67155,2
67164,1
67173,1
67175,1
67177,1
67182,1
67189,2
67193,1
67198,1
67200,1
67203,1
67205,1
67210,1
67214,1
67224,1
67226,1
67229,1
67233,1
67241,1
67247,2
67249,1
67261,1
67264,1
67268,3
67272,3
67275,1
67281,1
67288,2
67295,1
67300,1
67304,1
67318,1
67322,1
67334,1
67343,1
67356,1
67358,1
67361,1
67364,1
67371,1
67379,1
67381,1
67392,1
67394,1
67399,1
67401,1
67407,1
67410,1
67412,1
67427,1
67432,1
67439,2
67441,1
67448,2
67451,2
67463,1
67474,2
67487,1
67494,2
67497,1
67502,2
67511,1
67514,1
67518,2
67523,1
67528,1
67530,1
67538,2
67543,1
67546,1
67548,1
67554,1
67556,1
67561,1
67566,1
67573,1
67580,1
67583,1
67587,2
67591,2
67595,1
67604,1
67609,1
67612,1
67614,1
67617,2
67619,1
67621,1
67630,2
67633,1
67641,1
67644,1
67650,1
67664,1
67666,1
67670,1
67681,1
67686,2
67689,1
67698,1
67702,1
67705,1
67710,2
67717,2
67724,1
67726,1
67729,1
67731,1
67734,1
67741,2
67748,1
67752,1
67754,1
67756,1
67759,1
67763,1
67769,2
67778,2
67780,1
67782,1
67784,1
67797,1
67801,1
67804,1
67806,1
67808,1
67812,2
67814,1
67820,1
67823,1
67833,1
67837,1
67840,1
67842,1
67847,1
67850,1
67859,1
67862,1
67884,3
67887,1
67889,1
67895,1
67923,1
67926,1
67931,1
67936,1
67938,1
67947,1
67950,2
67953,1
67966,1
67968,1
67970,1
67972,1
67976,1
67983,2
67989,2
67992,1
67994,1
67997,1
68014,1
68018,2
68020,1
68032,1
68035,1
68037,1
68040,1
68042,1
68046,1
68054,1
68061,1
68065,1
68071,1
68073,1
68080,1
68091,1
68094,2
68099,1
68102,1
68105,1
68108,1
68121,1
68124,1
68131,1
68137,2
68143,1
68147,1
68151,1
68153,1
68158,2
68162,1
68165,2
68167,1
68170,2
68175,1
68184,2
68187,1
68190,1
68192,1
68194,1
68196,1
68198,1
68205,1
68216,1
68220,1
68226,1
68231,1
68239,1
68242,1
68258,1
68262,1
68267,2
68277,1
68283,1
68292,2
68295,1
68299,1
68301,1
68305,1
68307,1
68320,1
68322,1
68327,1
68329,1
68336,1
68342,1
68356,3
68364,1
68366,1
68369,2
68373,1
68378,1
68386,1
68389,2
68391,1
68396,1
68399,1
68404,1
68407,1
68411,1
68426,1
68429,2
68432,1
68434,1
68447,1
68450,1
68452,1
68455,1
68461,1
68463,1
68471,2
68474,2
68482,1
68488,1
68506,2
68509,2
68517,2
68527,1
68530,1
68536,2
68557,1
68561,2
68571,1
68582,1
68600,1
68605,2
68612,1
68614,1
68618,2
68627,2
68634,1
68646,2
68653,1
68657,2
68661,2
68663,1
68672,1
68674,1
68678,1
68687,1
68690,1
68692,1
68701,1
68709,1
68713,1
68716,1
68728,1
68730,1
68733,1
68737,1
68741,1
68748,1
68750,1
68752,1
68754,1
68758,1
68768,1
68770,1
68773,2
68786,1
68790,1
68793,1
68797,1
68813,2
68831,3
68839,2
68843,1
68859,1
68864,1
68880,2
68882,1
68891,1
68898,1
68901,1
68906,1
68909,2
68915,1
68920,1
68925,1
68927,1
68936,1
68949,1
68953,1
68963,1
68965,1
68973,1
68975,1
68977,1
68984,2
68991,1
68996,1
68999,2
69004,1
69006,1
69008,1
69012,1
69017,2
69021,2
69023,1
69050,1
69053,1
69056,1
69060,1
69066,1
69069,2
69084,1
69092,1
69094,1
69101,2
69112,1
69114,1
69133,2
69141,1
69144,1
69150,1
69154,1
69171,1
69183,1
69189,1
69197,1
69201,2
69210,1
69214,1
69217,1
69223,1
69229,1
69232,1
69244,1
69249,1
69257,1
69261,1
69273,2
69284,1
69288,1
69295,1
69314,1
69317,1
69323,2
69325,1
69336,2
69339,1
69349,1
69353,1
69357,1
69370,1
69377,2
69382,1
69384,1
69389,1
69392,1
69394,1
69402,2
69409,2
69417,1
69422,1
69429,1
69431,1
69435,1
69441,1
69443,1
69446,2
69449,1
69451,1
69456,2
69462,1
69474,1
69481,1
69487,1
69498,1
69500,1
69507,1
69510,2
69521,1
69525,1
69527,1
69532,1
69537,1
69542,1
69552,2
69555,1
69561,1
69564,1
69579,1
69585,1
69587,1
69591,1
69593,1
69606,1
69608,1
69613,1
69616,1
69631,1
69634,1
69637,2
69645,1
69665,1
69684,1
69692,1
69696,1
69701,1
69706,1
69710,1
69712,1
69723,1
69725,1
69730,1
69747,1
69756,1
69758,1
69769,1
69775,1
69777,1
69784,1
69787,2
69801,1
69804,1
69812,1
69817,1
69838,1
69840,1
69843,2
69847,1
69851,1
69854,1
69860,2
69868,1
69870,1
69877,1
69883,2
69887,1
69889,1
69895,1
69898,1
69908,1
69911,1
69917,1
69919,1
69923,1
69926,1
69929,1
69931,1
69941,1
69949,1
69951,1
69955,1
69958,1
69961,2
69964,1
69970,1
69972,1
69976,2
69980,1
69986,2
69995,1
69998,1
70003,1
70005,1
70007,1
70010,1
70017,2
70021,1
70025,1
70028,1
70033,2
70037,2
70041,1
70045,1
70058,1
70063,1
70068,1
70073,1
70075,1
70077,1
70085,1
70088,1
70091,1
70107,2
70113,1
70115,1
70121,1
70123,1
70125,1
70127,1
70131,1
70135,2
70141,1
70144,1
70147,1
70152,1
70158,1
70163,1
70169,1
70176,2
70182,1
70194,1
70197,1
70199,1
70202,2
70207,1
70209,1
70211,1
70226,1
70230,1
70236,1
70239,2
70248,1
70252,1
70258,1
70260,1
70265,1
70268,1
70270,1
70278,1
70281,2
70285,1
70291,1
70299,1
70303,2
70305,1
70307,1
70315,2
70317,1
70321,1
70323,1
70326,1
70329,1
70332,2
70351,1
70353,1
70356,2
70371,1
70387,1
70397,1
70399,1
70405,1
70407,1
70411,1
70413,1
70419,1
70425,1
70429,1
70433,1
70439,1
70448,1
70458,1
70466,1
70471,1
70485,1
70488,2
70494,2
70497,1
70499,1
70502,2
70508,1
70526,1
70529,2
70534,1
70536,1
70538,1
70542,1
70544,1
70546,1
70552,1
70554,1
70557,2
70568,1
70571,2
70575,1
70577,1
70580,1
70587,2
70597,1
70599,1
70604,1
70607,2
70609,1
70612,2
70617,1
70621,2
70625,3
70634,1
70637,1
70642,1
70647,2
70662,1
70666,1
70669,2
70673,1
70680,1
70685,1
70687,1
70691,1
70700,1
70704,1
70707,2
70709,1
70716,1
70726,2
70728,1
70735,1
70743,1
70752,1
70754,1
70758,2
70765,1
70769,1
70774,1
70785,1
70793,1
70803,1
70805,1
70809,1
70818,1
70822,1
70825,1
70827,1
70830,1
70833,1
70841,1
70850,1
70857,1
70861,1
70863,1
70870,1
70876,1
70878,1
70882,2
70890,1
70895,2
70900,1
70902,1
70905,2
70912,1
70914,1
70918,1
70926,1
70934,1
70937,2
70941,2
70949,1
70959,1
70962,2
70968,1
70973,1
70980,1
70982,1
70986,1
70989,1
70998,1
71002,1
71013,2
71016,1
71020,1
71026,1
71029,2
71034,1
71037,1
71041,1
71047,1
71050,1
71060,1
71064,1
71070,1
71072,1
71075,2
71081,1
71087,1
71092,1
71096,1
71100,1
71104,1
71106,1
71110,1
71121,1
71125,1
71127,1
71143,1
71146,1
71150,1
71152,1
71162,2
71172,1
71184,1
71187,1
71189,1
71196,1
71205,2
71211,1
71225,1
71227,1
71237,2
71246,1
71249,1
71253,1
71256,2
71258,1
71261,1
71264,1
71270,1
71282,1
71285,1
71291,2
71296,1
71299,1
71304,1
71308,1
71319,1
71323,2
71336,1
71342,1
71344,1
71355,1
71378,2
71382,1
71407,2
71409,1
71411,1
71417,1
71424,2
71433,1
71436,1
71452,1
71460,1
71469,1
71472,1
71479,1
71483,1
71485,1
71490,2
71492,1
71497,2
71504,1
71512,2
71515,1
71519,2
71528,1
71543,2
71547,1
71561,2
71566,1
71570,1
71576,1
71585,2
71589,1
71594,2
71602,1
71605,1
71619,1
71621,1
71626,1
71631,1
71648,1
71651,2
71657,2
71664,1
71666,1
71672,1
71675,2
71679,1
71687,1
71692,1
71694,1
71700,2
71708,1
71724,2
71730,2
71734,1
71737,2
71740,1
71743,1
71747,2
71749,1
71754,1
71758,1
71763,2
71774,1
71780,1
71782,1
71786,1
71788,1
71798,1
71804,2
71810,1
71814,1
71822,2
71826,1
71831,1
71834,2
71841,1
71847,1
71849,1
71855,1
71857,1
71867,1
71872,1
71876,1
71896,2
71907,1
71911,1
71914,1
71918,1
71922,1
71926,2
71928,1
71934,1
71937,1
71940,2
71944,2
71947,1
71958,1
71965,1
71968,2
71977,2
71989,1
71998,1
72011,1
72021,1
72028,1
72031,1
72043,1
72046,1
72055,1
72059,1
72065,1
72072,1
72079,1
72083,2
72096,2
72114,1
72117,1
72136,1
72141,1
72144,1
72148,1
72152,1
72156,1
72176,1
72191,1
72195,1
72206,2
72215,1
72218,1
72222,1
72231,2
72236,1
72245,1
72252,1
72254,1
72258,1
72265,2
72276,1
72278,1
72284,1
72286,1
72293,1
72295,1
72300,1
72307,1
72309,1
72312,1
72314,1
72320,2
72339,1
72343,2
72352,1
72360,1
72368,1
72376,1
72380,1
72383,1
72395,1
72399,2
72401,1
72404,1
72406,1
72419,1
72421,1
72423,1
72444,1
72448,1
72451,1
72453,1
72459,1
72467,1
72470,1
72473,2
72478,1
72481,1
72487,1
72495,1
72499,1
72505,1
72507,1
72514,2
72516,1
72522,2
72524,1
72533,1
72540,1
72542,1
72545,1
72549,1
72556,1
72558,1
72565,1
72570,1
72577,1
72582,1
72584,1
72586,1
72590,1
72592,1
72594,1
72598,2
72607,1
72612,1
72614,1
72625,1
72629,3
72631,1
72633,1
72642,2
72648,1
72655,1
72658,2
72660,1
72664,1
72667,2
72670,1
72672,1
72682,2
72686,1
72689,1
72691,1
72694,1
72705,1
72707,1
72710,1
72714,1
72716,1
72719,2
72725,2
72727,1
72733,1
72735,1
72741,1
72745,1
72751,1
72753,1
72757,1
72759,1
72761,1
72765,1
72768,1
72771,2
72776,1
72782,1
72785,2
72787,1
72790,1
72797,1
72809,1
72814,1
72820,1
72829,2
72832,2
72837,1
72848,1
72853,1
72856,1
72865,1
72870,1
72872,1
72876,1
72905,1
72909,1
72911,1
72929,2
72933,1
72937,2
72943,1
72957,1
72959,1
72965,1
72967,1
72971,1
72975,1
72979,1
72985,1
72987,1
72993,1
72998,1
73002,1
73008,1
73011,1
73014,1
73016,1
73024,1
73027,2
73043,1
73047,1
73052,1
73057,1
73063,1
73065,1
73067,1
73069,1
73077,1
73082,1
73085,2
73096,1
73098,1
73103,1
73105,1
73108,1
73111,1
73115,2
73122,1
73126,1
73134,1
73143,1
73149,1
73160,1
73162,1
73174,1
73178,1
73180,1
73182,1
73191,1
73194,1
73201,1
73206,1
73214,1
73218,1
73222,1
73225,1
73234,2
73236,1
73254,1
73262,1
73278,2
73280,1
73284,1
73287,1
73296,1
73302,1
73306,1
73311,1
73320,1
73323,1
73325,1
73330,1
73338,1
73340,1
73344,2
73348,1
73350,1
73354,1
73357,1
73367,1
73372,1
73375,2
73386,1
73393,2
73408,1
73410,1
73412,1
73421,2
73430,1
73443,1
73447,1
73451,2
73455,1
73457,1
73461,1
73463,1
73467,1
73470,1
73474,1
73478,1
73486,1
73490,1
73495,1
73499,3
73510,1
73519,1
73523,1
73529,1
73531,1
73538,1
73544,1
73546,1
73549,1
73553,1
73555,1
73558,1
73561,1
73563,1
73569,1
73575,1
73577,1
73579,1
73590,1
73609,2
73611,1
73616,1
73619,1
73627,1
73630,1
73634,1
73637,1
73650,1
73652,1
73659,2
73663,1
73667,1
73671,1
73676,1
73688,1
73691,1
73694,2
73703,1
73705,1
73711,1
73718,2
73724,1
73728,1
73731,1
73748,1
73751,1
73754,1
73756,1
73763,1
73766,1
73769,2
73776,1
73778,1
73780,1
73785,1
73794,1
73799,1
73801,1
73807,1
73811,2
73813,1
73816,1
73828,1
73833,1
73840,1
73842,1
73848,1
73850,1
73853,1
73862,1
73864,1
73872,1
73880,1
73884,1
73893,1
73896,1
73903,1
73911,3
73914,1
73919,2
73931,2
73939,1
73947,1
73964,1
73967,1
73970,1
73973,1
73977,3
73980,1
73988,1
73994,1
73998,1
74005,2
74008,1
74012,2
74014,1
74018,2
74027,3
74036,2
74045,1
74048,1
74065,1
74071,2
74075,2
74079,1
74086,2
74090,1
74095,1
74097,1
74101,1
74103,1
74107,1
74110,1
74113,2
74119,1
74123,1
74129,1
74134,1
74137,1
74139,1
74141,1
74145,1
74149,1
74156,1
74159,1
74162,1
74178,1
74188,1
74190,1
74192,1
74195,1
74200,1
74208,1
74210,1
74220,1
74223,2
74229,1
74241,1
74247,2
74254,1
74259,1
74266,1
74272,1
74275,1
74277,1
74280,1
74285,1
74296,1
74301,2
74303,1
74305,1
74307,1
74312,1
74315,1
74317,1
74323,2
74331,1
74353,1
74361,1
74364,1
74366,1
74368,1
74373,2
74376,1
74384,1
74386,1
74390,1
74392,1
74394,1
74399,1
74401,1
74418,1
74420,1
74425,1
74430,1
74432,1
74434,1
74436,1
74451,1
74459,1
74462,2
74466,1
74471,2
74491,1
74498,1
74501,1
74503,1
74510,2
74513,1
74520,2
74528,2
74531,1
74539,1
74541,1
74551,1
74554,1
74560,3
74565,1
74567,1
74578,1
74580,1
74597,1
74601,1
74604,1
74608,1
74619,1
74624,1
74630,1
74634,1
74636,1
74639,1
74641,1
74652,1
74661,1
74669,1
74682,1
74686,1
74688,1
74690,1
74694,2
74699,1
74705,1
74710,1
74719,1
74721,1
74723,1
74726,1
74738,1
74740,1
74746,2
74751,1
74761,1
74767,1
74769,1
74777,1
74779,1
74781,1
74783,1
74790,1
74793,2
74800,1
74806,1
74810,1
74817,1
74823,1
74825,1
74828,2
74837,2
74840,1
74848,1
74855,2
74857,1
74865,1
74870,1
74873,1
74879,1
74888,1
74891,1
74899,1
74902,1
74917,2
74922,1
74924,1
74932,2
74949,2
74956,2
74962,1
74967,1
74979,1
74981,1
74995,1
74997,1
75004,1
75012,1
75014,1
75023,2
75026,1
75038,1
75041,1
75044,1
75054,1
75058,1
75063,1
75070,1
75081,2
75093,1
75097,1
75106,1
75112,1
75114,1
75119,1
75121,1
75127,2
75134,1
75141,2
75144,1
75160,1
75175,2
75179,1
75183,1
75190,1
75193,1
75204,1
75207,1
75209,1
75215,1
75223,1
75230,2
75238,1
75246,1
75248,1
75250,1
75263,1
75271,1
75277,2
75281,1
75283,1
75289,1
75293,1
75300,1
75302,1
75304,1
75307,2
75312,1
75320,1
75329,1
75332,1
75335,1
75339,2
75341,1
75344,2
75349,1
75352,1
75367,1
75374,2
75376,1
75382,1
75389,1
75396,1
75403,2
75409,1
75411,1
75419,1
75422,1
75428,1
75437,1
75439,1
75443,1
75449,1
75452,1
75458,1
75466,1
75475,2
75479,1
75486,1
75489,1
75492,2
75495,1
75498,1
75513,2
75515,1
75520,1
75523,1
75526,1
75530,1
75533,2
75552,1
75556,1
75560,1
75564,2
75568,1
75571,1
75575,1
75585,1
75588,1
75593,1
75600,1
75602,1
75604,1
75608,1
75611,1
75615,1
75620,1
75625,1
75634,1
75638,1
75640,1
75644,1
75649,1
75655,1
75657,1
75662,2
75671,1
75677,1
75679,1
75681,1
75684,1
75688,2
75695,1
75697,1
75701,1
75703,1
75722,1
75732,1
75734,1
75739,1
75744,1
75748,1
75751,1
75757,2
75760,2
75765,2
75770,1
75776,1
75778,1
75784,1
75786,1
75791,2
75793,1
75795,1
75800,2
75806,1
75815,1
75822,1
75829,1
75834,1
75837,1
75850,2
75852,1
75859,1
75866,1
75878,1
75882,1
75884,1
75892,2
75899,1
75913,1
75920,2
75923,1
75925,1
75928,1
75932,1
75938,1
75946,1
75949,1
75952,1
75956,2
75959,2
75961,1
75964,1
75968,1
75971,2
76002,1
76005,1
76013,1
76017,2
76019,1
76026,1
76031,2
76044,1
76054,1
76057,1
76060,1
76063,1
76066,1
76069,1
76081,2
76088,2
76099,1
76103,2
76112,2
76130,1
76138,1
76141,1
76144,2
76150,1
76155,1
76160,1
76169,1
76174,1
76179,1
76181,1
76189,1
76192,1
76203,1
76223,1
76230,2
76237,1
76247,1
76253,2
76257,1
76260,1
76263,1
76266,1
76269,1
76271,1
76282,1
76294,1
76303,1
76305,1
76323,1
76328,1
76337,1
76348,1
76354,1
76358,2
76363,1
76366,1
76379,1
76382,1
76390,1
76399,1
76404,1
76406,1
76414,1
76416,1
76420,1
76423,1
76425,1
76428,1
76430,1
76436,1
76441,1
76443,1
76446,1
76455,1
76465,1
76470,1
76473,1
76475,1
76477,1
76480,1
76482,1
76485,1
76494,1
76509,2
76524,1
76527,1
76529,1
76536,1
76543,1
76548,1
76550,1
76554,1
76556,1
76561,1
76565,2
76571,1
76574,1
76584,1
76586,1
76589,1
76593,1
76595,1
76598,2
76603,1
76613,1
76615,1
76619,1
76621,1
76634,1
76643,1
76646,1
76648,1
76650,1
76654,1
76665,1
76671,1
76674,1
76680,1
76683,2
76685,1
76688,1
76700,2
76705,1
76711,1
76714,1
76721,1
76724,1
76727,1
76730,1
76735,2
76739,1
76748,1
76750,1
76760,1
76763,2
76770,1
76772,1
76774,1
76778,1
76784,1
76789,1
76793,1
76803,1
76808,1
76816,1
76822,1
76825,1
76834,1
76842,1
76849,1
76851,1
76859,2
76863,2
76871,1
76878,1
76890,1
76895,1
76905,1
76917,1
76923,1
76927,2
76935,1
76938,1
76940,1
76948,1
76952,1
76965,1
76968,1
76984,1
76987,1
76990,1
76992,1
76994,1
77001,1
77014,1
77017,2
77024,1
77027,1
77034,1
77043,2
77052,3
77061,1
77063,1
77068,1
77074,1
77082,1
77084,1
77088,1
77094,1
77096,1
77107,1
77110,1
77118,1
77123,1
77126,1
77138,1
77142,1
77146,3
77157,1
77165,2
77176,1
77179,1
77183,1
77186,2
77192,1
77198,1
77209,1
77215,1
77221,1
77225,1
77233,1
77241,1
77245,2
77247,1
77251,2
77257,2
77259,1
77262,1
77266,2
77271,1
77273,1
77276,1
77278,1
77286,1
77293,1
77302,1
77306,1
77311,1
77314,1
77321,1
77323,1
77330,1
77334,1
77346,1
77359,1
77367,1
77369,1
77371,1
77377,3
77381,2
77386,1
77395,1
77399,1
77407,1
77409,1
77411,1
77413,1
77425,1
77429,1
77431,1
77433,1
77435,1
77441,1
77444,1
77447,2
77452,1
77455,1
77457,1
77462,1
77465,2
77470,1
77475,2
77485,1
77487,1
77490,1
77493,1
77514,1
77517,1
77522,2
77525,1
77536,1
77538,1
77541,1
77547,2
77553,1
77568,1
77571,1
77577,1
77582,1
77589,1
77592,1
77596,1
77600,1
77607,2
77614,1
77619,1
77627,1
77630,1
77642,1
77646,1
77653,1
77659,1
77661,1
77664,1
77666,1
77676,1
77679,2
77682,1
77684,1
77692,1
77694,1
77698,1
77709,1
77719,1
77740,1
77742,1
77745,1
77750,1
77753,1
77755,1
77759,1
77769,1
77772,1
77778,1
77785,1
77793,3
77797,1
77799,1
77804,2
77806,1
77808,1
77810,1
77814,2
77823,2
77827,1
77832,1
77844,1
77847,1
77850,1
77866,1
77868,1
77870,1
77873,2
77881,1
77887,1
77889,1
77893,1
77898,1
77902,1
77904,1
77906,1
77920,1
77922,1
77933,1
77937,1
77944,1
77949,2
77956,2
77958,1
77962,1
77966,3
77972,1
77975,1
77984,1
77989,1
77992,1
78000,2
78007,1
78012,1
78018,2
78021,1
78026,2
78028,1
78032,1
78034,1
78036,1
78038,1
78046,2
78049,1
78052,2
78057,2
78069,1
78072,1
78074,1
78077,1
78080,1
78083,2
78091,1
78098,1
78104,1
78107,1
78109,1
78111,1
78114,2
78116,1
78127,2
78131,1
78133,1
78135,1
78148,2
78150,1
78156,1
78158,1
78161,1
78167,1
78171,1
78176,1
78179,1
78183,1
78185,1
78218,1
78224,1
78227,1
78231,1
78234,2
78241,2
78245,1
78249,1
78252,2
78261,1
78268,1
78276,1
78287,1
78290,1
78295,1
78297,1
78300,2
78310,1
78328,1
78334,1
78336,1
78349,1
78356,1
78362,2
78364,1
78370,2
78375,1
78379,2
78390,1
78400,1
78402,1
78406,1
78412,1
78415,1
78423,1
78427,1
78433,1
78440,1
78449,1
78451,1
78454,1
78463,1
78466,2
78468,1
78472,1
78475,1
78479,1
78481,1
78486,2
78496,1
78513,2
78519,1
78528,1
78536,1
78540,2
78546,1
78548,1
78571,1
78578,1
78584,1
78594,1
78597,2
78599,1
78602,1
78606,1
78608,1
78612,1
78616,1
78618,1
78620,1
78622,1
78628,2
78637,2
78646,1
78651,1
78662,1
78665,1
78682,1
78695,1
78698,1
78706,1
78709,1
78716,1
78719,1
78724,1
78727,1
78732,1
78743,2
78755,1
78758,1
78765,1
78776,1
78784,1
78788,1
78794,1
78807,1
78813,1
78815,1
78818,1
78824,2
78841,1
78845,2
78850,2
78853,2
78857,2
78870,1
78873,1
78879,1
78887,1
78890,2
78897,1
78903,1
78909,1
78915,1
78919,1
78922,1
78930,1
78934,2
78937,1
78946,1
78949,2
78954,1
78964,1
78977,1
78990,1
78993,1
78996,1
79008,1
79017,2
79021,2
79026,1
79028,1
79031,1
79036,1
79039,1
79044,2
79047,2
79052,2
79056,1
79060,1
79064,2
79076,1
79082,1
79090,1
79092,1
79096,1
79100,2
79118,1
79125,1
79128,1
79138,2
79148,1
79153,1
79156,1
79158,1
79166,2
79171,1
79174,1
79178,1
79183,1
79187,1
79192,2
79195,1
79198,2
79201,1
79214,2
79217,2
79225,1
79227,1
79238,1
79244,1
79248,1
79252,2
79265,1
79269,1
79279,1
79290,2
79293,2
79296,1
79303,1
79309,2
79312,1
79317,1
79326,1
79334,1
79341,1
79348,1
79357,1
79361,1
79365,1
79378,1
79382,1
79385,1
79388,1
79393,1
79396,1
79401,2
79409,2
79412,1
79422,1
79427,1
79438,1
79447,1
79457,1
79460,1
79463,1
79470,1
79478,1
79482,1
79489,2
79492,1
79499,1
79506,3
79521,1
79531,1
79539,1
79546,1
79552,1
79554,1
79556,1
79560,1
79563,1
79570,2
79573,1
79584,1
79587,1
79593,1
79596,1
79603,1
79605,1
79613,1
79616,2
79620,1
79624,2
79629,1
79636,2
79643,1
79662,1
79665,1
79667,1
79672,1
79681,1
79712,1
79715,1
79724,2
79727,1
79742,1
79754,1
79756,1
79759,1
79761,1
79763,1
79766,1
79770,1
79773,2
79780,1
79794,1
79801,2
79808,1
79813,1
79816,1
79822,1
79826,2
79833,1
79846,1
79849,1
79853,1
79859,1
79864,1
79867,1
79873,1
79875,1
79877,1
79883,2
79888,1
79894,1
79900,1
79913,1
79916,1
79923,2
79928,1
79941,2
79950,1
79954,1
79959,1
79963,1
79968,1
79977,1
79983,1
79990,1
79992,1
79995,2
79997,1
80004,2
80014,1
80021,1
80029,1
80032,2
80039,1
80044,1
80046,1
80059,1
80066,1
80069,1
80071,1
80076,1
80079,1
80086,3
80089,1
80091,1
80093,1
80099,1
80108,1
80113,1
80115,1
80135,1
80139,1
80142,1
80154,1
80159,1
80164,1
80178,1
80186,2
80188,1
80193,2
80198,1
80200,1
80204,1
80213,1
80215,1
80219,1
80223,1
80233,1
80235,1
80244,1
80248,1
80253,1
80273,1
80282,1
80292,1
80298,2
80305,1
80307,1
80315,1
80320,1
80323,1
80328,2
80339,1
80351,1
80354,1
80356,1
80361,1
80365,1
80367,1
80374,1
80377,1
80387,1
80391,1
80401,1
80412,1
80418,1
80420,1
80422,1
80424,1
80429,1
80431,1
80440,1
80444,1
80447,2
80454,1
80458,1
80463,1
80470,2
80480,1
80482,1
80488,1
80490,1
80495,1
80500,1
80502,1
80505,1
80507,1
80511,1
80513,1
80516,1
80518,1
80523,1
80525,1
80529,1
80538,1
80543,1
80546,1
80550,1
80553,1
80558,3
80561,2
80568,2
80572,1
80574,1
80579,1
80584,1
80588,1
80592,2
80597,1
80609,1
80612,1
80616,1
80625,1
80640,1
80649,1
80654,1
80660,1
80679,1
80682,1
80684,1
80695,1
80708,2
80710,1
80715,1
80717,1
80721,2
80731,2
80733,1
80736,1
80744,1
80748,2
80752,1
80759,1
80762,1
80766,1
80768,1
80773,1
80775,1
80783,1
80794,2
80814,1
80819,1
80824,1
80846,1
80850,1
80852,1
80861,1
80866,2
80892,1
80895,1
80899,1
80901,1
80903,1
80915,1
80927,1
80935,1
80954,1
80958,1
80961,1
80967,1
80980,1
80988,1
80990,1
80998,1
81002,2
81008,1
81024,1
81036,1
81040,1
81047,1
81051,1
81058,1
81065,1
81069,1
81073,1
81076,2
81078,1
81085,1
81087,1
81089,1
81094,2
81101,1
81105,1
81111,1
81116,1
81120,1
81128,1
81130,1
81135,3
81138,2
81140,1
81149,1
81151,1
81153,1
81161,1
81172,1
81174,1
81183,1
81187,2
81192,1
81205,1
81222,1
81224,1
81227,1
81242,1
81252,1
81254,1
81257,1
81262,1
81264,1
81266,1
81270,1
81283,1
81286,1
81291,1
81299,1
81301,1
81318,1
81326,1
81331,1
81334,1
81339,1
81342,1
81348,1
81350,1
81352,1
81360,1
81371,2
81377,1
81380,1
81386,1
81390,1
81393,1
81397,1
81399,1
81402,2
81406,1
81409,1
81413,1
81415,1
81418,1
81427,1
81430,1
81432,1
81436,1
81438,1
81443,1
81447,1
81450,2
81452,1
81455,1
81471,1
81477,2
81485,1
81498,1
81500,1
81514,1
81529,1
81531,1
81537,1
81546,2
81549,1
81552,2
81556,1
81564,1
81568,1
81577,1
81580,2
81582,1
81584,1
81586,1
81589,2
81599,1
81603,2
81612,1
81622,1
81628,2
81641,1
81658,1
81661,1
81666,2
81672,2
81680,1
81682,1
81685,1
81702,2
81713,2
81721,1
81724,1
81727,1
81731,1
81736,1
81746,2
81751,1
81764,1
81771,1
81784,1
81791,1
81809,1
81824,2
81832,1
81837,2
81850,2
81858,1
81862,1
81867,1
81877,1
81881,1
81883,1
81885,1
81888,2
81891,1
81893,1
81898,1
81900,1
81908,1
81911,1
81913,1
81921,1
81924,1
81927,1
81930,1
81946,1
81949,1
81951,1
81960,2
81962,1
81966,1
81969,2
81972,1
81977,1
81982,1
81987,1
81990,1
82007,1
82011,1
82015,1
82021,1
82023,1
82032,2
82058,1
82061,2
82070,1
82072,1
82084,1
82092,1
82096,2
82099,1
82104,1
82118,1
82120,1
82123,1
82130,1
82136,1
82143,1
82146,1
82152,1
82155,2
82161,1
82169,1
82171,1
82177,1
82180,1
82182,1
82193,1
82204,1
82207,1
82209,1
82212,1
82216,2
82227,1
82232,1
82234,1
82239,1
82243,2
82251,2
82255,2
82262,1
82275,1
82279,3
82281,1
82295,1
82302,1
82309,2
82311,1
82314,1
82328,1
82330,1
82337,2
82342,1
82346,1
82357,1
82361,1
82364,1
82369,2
82375,1
82381,1
82390,1
82405,1
82407,1
82414,1
82418,1
82423,2
82425,1
82428,1
82431,2
82438,2
82442,1
82444,1
82447,1
82454,1
82456,1
82459,1
82461,1
82466,1
82469,2
82477,1
82480,1
82488,2
82492,1
82495,1
82498,1
82507,2
82509,1
82513,1
82516,1
82525,1
82530,1
82534,1
82539,2
82550,2
82556,1
82564,1
82566,1
82568,1
82571,1
82575,1
82581,1
82584,2
82587,1
82594,2
82608,1
82614,1
82617,2
82622,1
82631,1
82634,1
82644,1
82647,1
82651,1
82661,1
82663,1
82667,1
82677,1
82680,1
82685,1
82689,1
82692,1
82695,2
82702,1
82711,1
82713,1
82716,1
82720,1
82729,1
82743,1
82745,1
82750,1
82756,1
82761,1
82768,2
82775,2
82777,1
82779,1
82782,1
82787,2
82797,1
82799,1
82802,1
82806,1
82809,1
82811,1
82814,1
82816,1
82818,1
82831,1
82835,1
82839,2
82842,1
82844,1
82850,1
82852,1
82854,1
82856,1
82861,1
82869,1
82879,1
82881,1
82884,1
82889,1
82891,1
82894,1
82899,1
82901,1
82905,1
82911,3
82914,1
82916,1
82919,1
82925,1
82938,1
82948,1
82951,1
82955,1
82961,1
82966,1
82969,1
82971,1
82979,2
82982,2
82984,1
82992,1
82994,1
83004,1
83006,1
83012,1
83017,1
83020,2
83024,1
83026,1
83030,2
83032,1
83034,1
83042,1
83045,2
83049,1
83058,1
83065,1
83075,1
83080,2
83082,1
83084,1
83092,1
83096,1
83099,1
83102,1
83106,1
83108,1
83111,1
83118,3
83120,1
83124,2
83130,1
83140,1
83152,1
83158,1
83165,2
83175,1
83177,1
83209,1
83215,1
83223,2
83225,1
83241,1
83248,2
83250,1
83252,1
83254,1
83258,1
83260,1
83271,1
83275,2
83289,1
83291,1
83295,2
83299,1
83304,1
83307,1
83309,1
83311,1
83314,2
83319,1
83328,1
83331,2
83334,1
83354,1
83358,1
83365,1
83372,1
83375,1
83391,2
83395,1
83405,1
83410,1
83419,2
83425,2
83427,1
83429,1
83432,1
83434,1
83442,1
83447,2
83449,1
83453,2
83455,1
83458,1
83469,1
83471,1
83482,1
83486,1
83490,1
83494,1
83499,1
83503,1
83510,1
83513,1
83518,1
83521,1
83524,2
83526,1
83531,1
83536,1
83544,1
83548,1
83555,1
83560,1
83562,1
83564,1
83570,1
83572,1
83581,2
83593,1
83607,1
83612,2
83617,1
83620,1
83622,1
83630,1
83633,1
83636,1
83653,1
83657,1
83660,1
83662,1
83669,1
83673,2
83679,2
83682,2
83690,1
83693,1
83697,2
83699,1
83702,2
83709,1
83712,1
83716,1
83720,1
83728,2
83730,1
83740,1
83746,1
83749,2
83762,2
83770,2
83773,1
83782,3
83787,1
83791,1
83793,1
83802,2
83816,1
83818,1
83821,1
83826,1
83829,1
83831,1
83839,2
83848,1
83851,1
83853,1
83855,1
83860,1
83863,1
83876,2
83883,2
83886,1
83889,1
83892,1
83898,1
83902,1
83905,1
83920,1
83925,1
83932,1
83941,1
83943,1
83951,1
83954,2
83965,2
83968,1
83972,1
83978,1
83980,1
83984,1
83992,1
83995,1
83999,1
84001,1
84005,1
84010,1
84015,1
84017,1
84023,1
84026,1
84029,1
84041,1
84046,1
84051,1
84058,1
84062,1
84067,1
84071,2
84081,1
84089,1
84091,1
84098,2
84103,1
84128,1
84140,1
84145,1
84160,1
84164,1
84168,2
84179,2
84185,1
84196,1
84201,1
84204,1
84218,1
84226,1
84236,1
84238,1
84242,1
84258,2
84261,1
84264,1
84267,2
84271,1
84273,1
84278,1
84280,1
84285,1
84287,1
84298,1
84300,1
84306,1
84312,1
84314,1
84320,1
84330,1
84333,1
84335,1
84340,1
84344,1
84346,1
84353,1
84357,2
84366,1
84369,1
84371,1
84374,1
84376,1
84379,1
84391,1
84393,1
84401,1
84406,1
84409,1
84411,1
84414,1
84427,1
84430,2
84437,1
84441,1
84447,1
84450,2
84462,1
84471,1
84476,2
84484,1
84493,1
84495,1
84498,1
84506,1
84509,2
84513,1
84518,1
84530,1
84533,1
84535,1
84537,1
84540,1
84546,1
84568,1
84582,1
84585,1
84595,1
84597,1
84599,1
84606,1
84608,1
84612,1
84615,1
84619,2
84624,2
84627,1
84630,1
84632,1
84639,1
84646,1
84652,1
84658,1
84663,1
84665,1
84668,1
84672,1
84677,1
84680,1
84696,1
84699,1
84704,1
84706,1
84708,1
84710,1
84726,1
84733,2
84736,1
84748,1
84754,1
84765,1
84769,1
84772,1
84774,1
84776,1
84783,1
84786,2
84792,1
84795,1
84797,1
84806,1
84812,1
84815,1
84823,1
84831,2
84835,1
84843,1
84851,1
84853,1
84860,1
84864,1
84868,1
84870,1
84882,1
84889,1
84891,1
84899,1
84915,1
84927,1
84936,1
84940,1
84942,1
84947,1
84956,1
84960,1
84964,1
84966,1
84970,1
84972,1
84981,1
84983,1
84987,1
84990,1
84994,1
85001,1
85016,1
85025,1
85034,1
85036,1
85045,1
85052,1
85059,1
85067,1
85071,1
85074,1
85076,1
85084,1
85089,1
85093,2
85095,1
85097,1
85103,1
85117,1
85141,1
85144,1
85158,1
85176,1
85178,1
85180,1
85189,1
85193,1
85195,1
85198,1
85202,1
85210,1
85218,1
85228,1
85235,1
85243,2
85245,1
85253,1
85262,1
85266,1
85268,1
85270,1
85273,1
85279,1
85287,2
85291,1
85295,2
85303,1
85306,1
85319,1
85321,1
85325,1
85330,2
85332,1
85338,1
85344,1
85346,1
85349,1
85351,1
85353,1
85364,2
85376,1
85379,1
85391,1
85405,2
85407,1
85414,1
85417,1
85423,1
85429,1
85433,1
85436,1
85439,2
85444,1
85450,2
85453,2
85457,2
85459,1
85466,1
85476,1
85478,1
85480,1
85488,1
85490,1
85496,1
85498,1
85503,1
85510,1
85524,2
85529,1
85534,2
85536,1
85538,1
85542,1
85551,1
85558,1
85561,1
85566,1
85569,2
85571,1
85575,1
85584,1
85589,1
85597,1
85603,1
85608,1
85610,1
85621,1
85630,1
85634,1
85646,2
85653,1
85658,1
85667,1
85669,1
85677,1
85692,1
85695,2
85699,1
85704,1
85707,1
85711,1
85729,1
85731,1
85759,1
85762,1
85768,1
85776,1
85785,1
85787,1
85796,1
85798,1
85800,1
85802,1
85807,1
85811,1
85817,1
85824,1
85826,1
85835,1
85837,1
85850,1
85857,1
85861,2
85863,1
85868,1
85872,1
85874,1
85876,1
85879,1
85885,1
85892,1
85897,1
85901,2
85903,1
85905,1
85918,1
85924,1
85934,1
85949,2
85951,1
85955,1
85965,1
85968,2
85970,1
85974,1
85976,1
85979,2
85988,1
85991,2
85999,2
86007,1
86018,1
86022,1
86038,1
86040,1
86042,1
86057,1
86063,1
86070,1
86072,1
86081,2
86086,2
86089,1
86091,1
86103,1
86108,1
86110,1
86115,1
86124,1
86126,1
86128,1
86134,2
86142,1
86149,1
86157,1
86162,1
86167,1
86177,1
86180,1
86199,1
86209,1
86214,1
86219,2
86225,1
86235,1
86239,1
86252,1
86258,1
86263,1
86275,1
86280,1
86285,1
86291,1
86294,1
86296,1
86301,1
86304,1
86307,1
86310,1
86315,1
86320,1
86323,2
86337,1
86339,1
86348,1
86351,2
86356,1
86365,1
86373,2
86383,1
86396,1
86399,2
86403,1
86405,1
86409,1
86423,1
86431,1
86435,1
86438,1
86452,1
86467,1
86472,1
86475,1
86480,1
86483,2
86488,1
86498,1
86500,1
86504,1
86506,1
86510,1
86516,1
86518,1
86521,1
86525,1
86527,1
86533,1
86536,1
86539,1
86548,2
86550,1
86560,2
86568,1
86574,1
86578,1
86580,1
86582,1
86586,1
86588,1
86590,1
86593,2
86597,1
86601,1
86604,1
86617,1
86619,1
86621,1
86626,1
86637,1
86639,1
86642,1
86646,1
86649,1
86656,1
86660,2
86663,1
86673,1
86686,1
86688,1
86693,1
86700,1
86706,1
86715,1
86717,1
86730,1
86733,1
86738,1
86740,1
86748,1
86760,2
86768,1
86770,1
86772,1
86775,1
86780,1
86784,1
86792,1
86794,1
86798,1
86802,1
86810,1
86844,2
86850,2
86857,2
86862,1
86864,1
86866,1
86868,1
86881,1
86888,1
86893,1
86895,1
86901,1
86906,1
86909,1
86924,1
86928,2
86931,1
86933,1
86942,1
86947,1
86963,2
86972,1
86974,1
86976,1
86983,1
86992,2
86995,1
87000,1
87003,1
87012,1
87018,1
87025,2
87032,1
87035,1
87037,1
87045,1
87050,1
87053,2
87056,1
87061,1
87068,1
87071,1
87073,1
87078,1
87085,1
87090,1
87094,1
87100,1
87112,1
87123,1
87127,1
87134,1
87142,1
87148,1
87154,1
87163,1
87166,2
87171,1
87176,1
87182,1
87196,1
87206,1
87208,1
87212,1
87214,1
87219,2
87221,1
87227,1
87229,1
87241,1
87261,1
87265,1
87280,1
87291,2
87293,1
87297,1
87305,1
87308,1
87320,1
87323,1
87332,1
87334,1
87336,1
87341,2
87344,1
87348,1
87351,1
87355,1
87366,3
87369,2
87371,1
87377,1
87379,1
87381,1
87387,2
87392,2
87394,1
87396,1
87400,1
87403,1
87408,1
87412,1
87414,1
87418,1
87420,1
87426,3
87433,2
87437,1
87444,1
87454,1
87457,1
87464,1
87467,1
87473,1
87476,2
87484,1
87487,1
87492,1
87495,1
87505,1
87518,2
87527,1
87531,1
87535,1
87540,1
87550,1
87555,1
87563,1
87569,2
87571,1
87583,1
87591,1
87596,1
87598,1
87601,1
87604,1
87607,2
87610,2
87613,1
87615,1
87620,1
87625,1
87629,1
87635,1
87637,1
87641,1
87649,1
87658,1
87663,1
87669,1
87674,1
87680,1
87682,1
87684,1
87710,1
87714,1
87720,1
87733,1
87750,1
87753,1
87757,1
87760,1
87763,2
87767,1
87769,1
87771,1
87776,3
87780,1
87782,1
87788,1
87796,1
87814,1
87820,1
87828,3
87840,1
87847,1
87851,1
87872,1
87888,1
87894,1
87898,1
87907,1
87910,1
87915,1
87918,2
87924,1
87927,1
87932,1
87952,1
87969,1
87975,1
87978,1
87983,1
87988,1
87990,1
87994,2
88006,2
88013,2
88016,1
88018,1
88021,1
88029,1
88032,1
88034,1
88054,1
88062,1
88065,1
88067,1
88075,1
88090,2
88096,1
88104,1
88115,2
88119,1
88123,1
88127,1
88138,1
88140,1
88145,2
88149,1
88152,1
88177,1
88180,1
88187,1
88194,1
88197,1
88204,1
88206,1
88209,1
88216,1
88219,1
88224,1
88228,1
88232,2
88238,1
88240,1
88251,1
88256,2
88259,1
88266,1
88278,1
88283,2
88290,1
88293,1
88295,1
88298,1
88300,1
88302,1
88307,1
88315,1
88320,1
88324,2
88330,2
88332,1
88334,1
88343,1
88352,1
88356,1
88359,1
88376,1
88378,1
88380,1
88385,1
88389,2
88392,1
88395,1
88398,1
88407,1
88414,1
88416,1
88425,2
88427,1
88431,2
88442,1
88444,1
88446,1
88448,1
88455,1
88457,1
88459,1
88462,1
88465,1
88469,1
88473,2
88477,1
88480,1
88485,1
88496,1
88499,1
88502,1
88511,2
88527,1
88530,2
88534,1
88541,1
88548,2
88559,2
88564,1
88567,2
88570,2
88573,2
88578,1
88587,1
88596,1
88604,3
88608,1
88615,1
88622,1
88625,1
88629,2
88632,2
88651,1
88653,1
88658,1
88660,1
88668,2
88679,1
88685,1
88704,1
88707,2
88721,1
88735,1
88739,1
88746,1
88757,1
88759,1
88762,1
88772,1
88781,1
88785,2
88791,1
88798,1
88800,1
88804,1
88808,1
88810,1
88812,1
88815,1
88820,1
88825,1
88828,2
88835,1
88837,1
88842,2
88844,1
88848,1
88856,1
88862,1
88865,2
88868,1
88874,1
88878,1
88881,1
88883,1
88899,1
88904,1
88909,1
88912,1
88915,1
88918,2
88922,1
88925,1
88928,2
88934,1
88940,2
88944,2
88947,1
88961,1
88963,1
88969,1
88972,1
88975,1
88977,1
88979,1
88987,1
88990,1
88993,2
88999,1
89003,1
89012,1
89014,1
89032,1
89039,1
89053,1
89062,2
89071,2
89073,1
89077,2
89084,1
89089,1
89097,1
89099,1
89104,2
89110,1
89112,1
89116,1
89131,1
89139,1
89144,1
89147,1
89155,1
89168,1
89171,1
89174,1
89176,1
89180,1
89183,1
89188,1
89191,2
89194,1
89197,1
89212,1
89223,1
89227,1
89233,1
89235,1
89239,1
89241,1
89243,1
89246,1
89250,1
89253,1
89263,1
89272,1
89276,1
89279,1
89283,1
89285,1
89289,1
89296,1
89299,2
89302,1
89315,1
89317,1
89320,1
89325,2
89331,1
89344,2
89357,1
89370,1
89380,1
89382,1
89386,1
89394,1
89398,1
89404,2
89414,2
89416,1
89419,1
89429,1
89444,1
89451,1
89453,1
89459,1
89461,1
89467,1
89479,2
89491,1
89493,1
89497,1
89506,1
89515,1
89518,1
89525,1
89527,1
89536,1
89538,1
89547,1
89549,1
89551,1
89559,1
89564,1
89567,1
89571,1
89581,1
89584,1
89586,1
89593,1
89595,1
89599,1
89602,1
89604,1
89607,1
89609,1
89612,1
89615,1
89640,1
89647,1
89651,2
89655,1
89657,1
89665,1
89668,1
89671,1
89673,1
89678,1
89681,1
89683,1
89686,1
89688,1
89691,1
89700,1
89712,1
89728,1
89730,1
89732,1
89734,1
89737,1
89740,1
89744,1
89749,1
89753,1
89756,1
89760,2
89768,1
89771,1
89782,2
89799,1
89801,1
89804,1
89807,1
89814,2
89827,1
89830,1
89837,1
89839,1
89842,1
89844,1
89846,1
89849,1
89854,1
89863,1
89867,1
89870,1
89882,1
89898,1
89903,1
89906,1
89913,2
89916,1
89919,1
89930,1
89944,1
89947,1
89949,1
89963,1
89973,1
89980,1
89983,1
89993,1
89998,2
90002,1
90009,1
90013,2
90018,1
90024,2
90030,1
90036,1
90038,1
90041,2
90058,2
90060,1
90076,2
90079,1
90081,1
90087,1
90101,1
90112,1
90114,1
90120,1
90128,1
90133,2
90141,1
90145,1
90154,1
90157,1
90165,1
90172,2
90174,1
90182,1
90187,1
90194,1
90198,1
90200,1
90205,1
90211,1
90215,1
90222,2
90226,1
90234,2
90236,1
90239,1
90248,1
90257,2
90264,1
90266,1
90275,2
90278,1
90280,1
90284,1
90286,1
90299,1
90301,1
90304,1
90311,1
90320,1
90322,1
90330,1
90332,1
90335,1
90345,1
90349,1
90352,1
90355,1
90363,1
90365,1
90372,1
90378,1
90384,1
90397,2
90400,1
90404,1
90410,2
90419,1
90427,1
90430,1
90436,1
90447,2
90449,1
90456,2
90460,1
90472,1
90477,1
90479,1
90481,1
90483,1
90488,1
90505,1
90512,1
90518,1
90520,1
90522,1
90526,1
90532,1
90540,2
90551,2
90553,1
90556,1
90559,1
90567,1
90575,1
90578,2
90583,1
90591,1
90599,1
90604,1
90608,1
90610,1
90613,1
90617,2
90626,1
90629,1
90631,1
90635,1
90642,1
90645,1
90647,1
90650,1
90654,1
90656,1
90661,1
90665,1
90669,1
90673,1
90680,2
90686,1
90688,1
90695,1
90698,1
90702,1
90715,1
90722,1
90724,1
90727,1
90735,1
90739,1
90745,1
90756,1
90764,1
90767,1
90774,1
90779,1
90782,1
90784,1
90786,1
90789,2
90793,1
90806,1
90808,1
90812,1
90818,1
90820,1
90830,1
90846,3
90852,1
90857,1
90860,1
90865,1
90867,1
90869,1
90876,1
90888,1
90893,1
90901,1
90905,1
90910,1
90914,1
90925,1
90927,1
90931,1
90937,1
90945,2
90949,1
90953,1
90956,2
90962,1
90966,1
90974,1
90979,1
90985,1
90989,1
90991,1
91000,1
91006,2
91017,1
91021,2
91029,1
91034,1
91051,1
91054,1
91059,1
91061,1
91063,1
91073,1
91076,2
91082,2
91095,2
91097,1
91106,1
91108,1
91111,1
91113,1
91115,1
91118,1
91122,1
91135,1
91142,2
91144,1
91158,1
91164,2
91169,2
91172,1
91178,1
91180,1
91189,1
91192,2
91194,1
91199,1
91202,1
91208,1
91214,2
91216,1
91218,1
91235,1
91248,2
91251,2
91253,1
91257,1
91269,2
91283,2
91287,1
91290,1
91294,1
91312,1
91314,1
91326,1
91329,2
91331,1
91337,1
91343,1
91348,2
91350,1
91354,1
91382,2
91386,1
91391,1
91401,1
91404,1
91407,1
91410,1
91414,1
91421,1
91424,1
91429,1
91432,2
91435,1
91440,1
91448,1
91452,1
91457,1
91459,1
91462,1
91464,1
91470,1
91477,1
91487,1
91496,1
91499,2
91504,2
91519,1
91528,1
91532,2
91543,1
91548,1
91561,1
91563,1
91571,2
91573,1
91575,1
91584,1
91588,1
91592,1
91600,1
91602,1
91604,1
91613,1
91616,1
91619,1
91627,1
91641,1
91653,1
91671,2
91674,1
91680,1
91693,2
91695,1
91705,1
91713,1
91718,1
91720,1
91722,1
91726,1
91729,1
91732,1
91736,1
91738,1
91742,1
91745,1
91759,1
91763,1
91769,1
91775,3
91789,2
91791,1
91802,1
91804,1
91809,1
91817,1
91819,1
91829,1
91833,1
91835,1
91847,2
91850,1
91852,1
91854,1
91866,1
91878,1
91883,1
91886,1
91900,1
91902,1
91904,1
91911,2
91922,1
91928,1
91933,1
91942,1
91948,1
91951,1
91956,1
91958,1
91963,1
91965,1
91977,1
91996,1
92003,1
92010,1
92017,1
92031,1
92033,1
92036,2
92041,1
92047,1
92051,1
92062,1
92065,1
92068,1
92076,1
92079,1
92083,1
92085,1
92088,1
92096,1
92099,1
92105,1
92109,1
92118,2
92128,1
92136,2
92146,1
92151,1
92161,2
92163,1
92172,1
92181,1
92189,1
92195,2
92197,1
92200,2
92204,2
92209,1
92211,1
92218,1
92225,1
92231,1
92234,1
92238,2
92247,1
92264,1
92270,1
92273,1
92281,1
92283,1
92295,1
92299,1
92301,1
92304,1
92313,2
92321,1
92325,1
92330,2
92333,1
92335,1
92338,1
92341,1
92346,1
92351,2
92355,1
92357,1
92367,1
92371,1
92375,1
92391,1
92397,1
92400,1
92403,1
92406,1
92411,1
92415,1
92423,1
92426,1
92432,1
92434,1
92436,1
92439,1
92443,1
92445,1
92447,1
92452,1
92455,1
92457,1
92460,2
92464,1
92470,1
92472,1
92475,1
92490,1
92497,1
92500,2
92503,1
92509,1
92511,1
92514,2
92518,1
92520,1
92524,1
92528,2
92532,1
92536,2
92541,1
92547,1
92549,1
92552,1
92568,2
92570,1
92574,1
92587,1
92590,1
92598,1
92602,1
92605,1
92613,2
92616,1
92619,1
92626,2
92629,1
92638,1
92652,1
92655,1
92657,1
92659,1
92661,1
92666,1
92669,2
92673,1
92681,2
92693,2
92699,1
92704,1
92708,1
92714,1
92718,1
92723,1
92731,1
92734,1
92740,1
92749,1
92756,1
92761,1
92767,1
92778,2
92782,1
92796,1
92801,1
92806,1
92813,1
92815,1
92821,1
92832,1
92834,1
92847,1
92850,1
92855,1
92857,1
92867,1
92869,1
92879,2
92883,1
92889,2
92893,1
92897,1
92903,2
92909,1
92916,1
92922,1
92930,1
92936,1
92963,1
92968,1
92970,1
92977,1
92986,1
92990,1
92992,1
92996,1
92998,1
93000,1
93011,1
93015,1
93023,2
93026,2
93028,1
93030,1
93041,1
93046,1
93050,1
93061,1
93077,1
93081,1
93083,1
93085,1
93087,1
93094,1
93105,2
93109,1
93116,2
93119,2
93125,1
93131,2
93137,1
93139,1
93142,1
93145,1
93156,2
93159,1
93163,1
93166,1
93172,1
93174,1
93181,1
93190,1
93194,2
93196,1
93201,2
93206,1
93214,1
93226,1
93228,1
93237,1
93239,1
93243,1
93246,1
93250,1
93256,1
93259,1
93268,1
93276,1
93279,1
93294,2
93297,1
93303,1
93306,1
93315,1
93318,1
93320,1
93324,1
93331,1
93335,2
93342,2
93346,1
93355,2
93368,1
93377,2
93379,1
93383,1
93388,2
93390,1
93392,1
93404,1
93408,1
93410,1
93413,2
93420,2
93422,1
93427,1
93432,1
93438,1
93440,1
93444,1
93447,2
93457,2
93472,1
93477,1
93482,1
93488,1
93492,2
93496,1
93501,1
93511,1
93515,1
93519,1
93524,1
93527,1
93529,1
93531,1
93541,1
93546,2
93551,1
93559,1
93563,1
93580,1
93593,1
93598,1
93607,1
93612,1
93614,1
93623,1
93625,1
93629,1
93636,2
93638,1
93643,2
93647,1
93649,1
93657,1
93660,2
93676,1
93686,1
93688,1
93690,1
93692,1
93703,1
93706,1
93710,1
93715,1
93717,1
93719,1
93721,1
93725,1
93731,1
93734,1
93742,1
93745,1
93753,1
93756,1
93761,2
93767,1
93769,1
93778,2
93780,1
93787,2
93790,1
93795,1
93798,1
93805,1
93809,2
93811,1
93815,2
93820,1
93822,1
93825,1
93827,1
93831,1
93834,2
93836,1
93838,1
93846,1
93856,1
93861,1
93866,1
93868,1
93879,2
93883,1
93887,2
93898,1
93900,1
93908,1
93917,1
93922,2
93925,1
93932,1
93936,1
93940,1
93943,1
93945,1
93947,1
93953,1
93955,1
93958,2
93961,2
93966,1
93972,1
93976,1
93981,1
93990,1
93993,2
93999,1
94001,1
94015,1
94018,2
94029,1
94032,2
94038,1
94040,1
94042,1
94050,1
94052,1
94066,1
94068,1
94070,1
94072,1
94074,1
94091,1
94093,1
94095,1
94104,1
94106,1
94108,1
94112,1
94117,2
94120,1
94122,1
94127,1
94132,1
94135,1
94146,1
94150,1
94152,1
94158,1
94161,1
94163,1
94165,1
94168,1
94170,1
94180,1
94184,1
94191,1
94194,1
94197,1
94202,1
94205,1
94207,1
94210,1
94214,1
94216,1
94220,1
94232,1
94237,1
94243,1
94246,1
94249,1
94258,1
94260,1
94265,1
94273,1
94275,1
94278,2
94280,1
94286,1
94290,1
94300,1
94303,2
94313,1
94324,1
94329,1
94332,1
94337,1
94351,2
94354,1
94360,2
94363,1
94366,2
94380,1
94386,1
94388,1
94390,1
94395,1
94400,2
94406,1
94411,1
94419,1
94425,1
94428,1
94432,1
94450,1
94455,1
94463,1
94466,1
94474,1
94476,1
94488,1
94492,2
94503,1
94507,1
94512,1
94525,1
94531,1
94536,1
94541,1
94544,1
94548,1
94551,1
94553,1
94562,1
94564,1
94567,2
94573,1
94581,1
94588,1
94590,1
94597,1
94599,1
94606,2
94611,1
94622,2
94634,1
94637,1
94643,1
94648,1
94652,1
94660,1
94666,1
94671,1
94680,1
94692,1
94695,1
94700,1
94710,2
94713,1
94716,1
94720,1
94724,1
94750,1
94753,1
94756,1
94760,1
94768,1
94770,1
94773,1
94780,2
94782,1
94788,1
94794,2
94809,2
94811,1
94815,1
94823,1
94827,1
94830,1
94842,1
94846,1
94848,1
94851,1
94855,2
94862,2
94866,1
94868,1
94876,1
94886,1
94889,1
94893,1
94895,1
94897,1
94903,1
94909,1
94915,1
94920,1
94930,1
94942,1
94946,1
94949,1
94953,1
94956,1
94959,1
94962,1
94965,1
94977,1
94981,1
94988,1
94992,1
94995,2
94999,1
95003,1
95005,1
95007,1
95015,1
95017,1
95019,1
95022,1
95024,1
95027,1
95030,1
95045,1
95047,1
95052,1
95054,1
95060,1
95076,1
95080,1
95086,1
95096,1
95100,1
95114,1
95118,2
95122,1
95124,1
95126,1
95135,2
95141,1
95143,1
95152,1
95156,2
95171,1
95185,1
95191,2
95209,1
95213,1
95231,1
95234,2
95240,1
95246,3
95248,1
95250,1
95254,1
95268,2
95272,1
95276,2
95291,1
95296,1
95303,2
95305,1
95308,2
95315,1
95322,1
95326,1
95328,1
95334,1
95337,2
95340,1
95342,1
95346,1
95351,1
95359,1
95361,1
95364,1
95367,1
95370,1
95372,1
95384,1
95387,1
95390,1
95392,1
95397,1
95403,1
95407,2
95413,1
95417,2
95419,1
95421,1
95424,1
95444,1
95452,1
95454,1
95465,1
95468,1
95470,1
95472,1
95474,1
95477,1
95479,1
95483,2
95488,1
95497,1
95501,1
95503,1
95506,1
95522,1
95524,1
95528,1
95533,1
95538,2
95540,1
95548,1
95551,1
95559,1
95564,1
95567,1
95571,1
95575,1
95577,1
95580,1
95589,2
95592,1
95594,1
95601,1
95606,2
95609,1
95622,3
95635,1
95637,1
95640,1
95642,1
95644,1
95650,1
95652,1
95656,1
95661,1
95666,2
95669,1
95681,1
95684,2
95686,1
95691,1
95694,1
95700,2
95702,1
95707,1
95712,2
95714,1
95723,1
95737,1
95741,1
95744,1
95748,2
95754,1
95759,1
95765,1
95767,1
95770,1
95775,1
95779,1
95785,1
95792,1
95794,1
95804,2
95816,1
95824,1
95832,1
95835,1
95837,1
95839,1
95843,1
95846,1
95848,1
95852,1
95860,1
95868,1
95877,1
95880,1
95883,1
95888,1
95893,1
95901,1
95904,1
95912,1
95923,1
95925,1
95927,1
95929,1
95937,1
95939,1
95942,1
95947,1
95960,1
95966,1
95969,1
95972,1
95976,1
95978,1
95982,1
95985,1
95990,1
95994,2
95996,1
96003,1
96006,1
96011,2
96015,1
96020,1
96023,1
96025,1
96028,2
96030,1
96033,1
96042,1
96045,2
96049,1
96054,1
96058,1
96062,1
96069,2
96071,1
96080,1
96091,1
96096,1
96100,1
96103,1
96105,1
96108,2
96118,1
96124,2
96126,1
96128,1
96140,1
96147,1
96153,1
96155,1
96165,1
96178,1
96180,1
96184,2
96187,1
96191,1
96197,1
96202,1
96206,1
96214,1
96216,1
96218,1
96222,2
96229,1
96231,1
96234,2
96238,1
96241,1
96243,1
96248,2
96268,1
96274,1
96277,1
96281,1
96291,1
96297,1
96300,1
96307,1
96314,1
96317,2
96329,1
96331,1
96333,1
96335,1
96337,1
96351,1
96359,1
96362,1
96380,2
96387,1
96405,1
96409,1
96421,1
96423,1
96441,1
96445,1
96457,1
96461,1
96463,1
96465,1
96474,1
96479,1
96481,1
96486,2
96490,1
96492,1
96494,1
96498,1
96505,1
96507,1
96510,1
96512,1
96517,1
96519,1
96523,1
96527,1
96533,1
96536,1
96545,1
96552,1
96560,1
96574,1
96576,1
96583,2
96589,1
96595,1
96607,1
96613,1
96618,1
96637,1
96650,1
96658,1
96663,2
96665,1
96680,1
96682,1
96688,1
96691,1
96693,1
96695,1
96706,1
96708,1
96710,1
96718,3
96724,1
96729,1
96733,3
96736,2
96740,1
96744,1
96746,1
96751,1
96757,1
96773,1
96779,1
96787,1
96792,1
96797,1
96803,1
96807,1
96810,1
96818,2
96820,1
96824,1
96826,1
96829,1
96833,2
96835,1
96839,1
96842,2
96844,1
96846,1
96849,2
96867,1
96877,1
96881,1
96884,1
96886,1
96896,1
96902,1
96905,1
96917,1
96921,1
96929,1
96939,1
96942,1
96944,1
96949,1
96953,1
96964,2
96966,1
96973,1
96977,1
96983,1
96985,1
96993,1
96997,2
97000,2
97004,1
97006,1
97008,1
97012,1
97015,1
97026,1
97032,2
97034,1
97036,1
97046,1
97048,1
97052,1
97056,1
97062,1
97070,1
97072,1
97076,2
97084,1
97087,1
97093,1
97095,1
97105,1
97115,1
97120,1
97122,1
97125,1
97132,1
97139,1
97147,1
97154,1
97158,1
97162,2
97165,2
97175,1
97178,1
97184,1
97191,1
97193,1
97197,1
97201,1
97203,1
97221,1
97224,1
97229,1
97246,1
97255,1
97271,2
97274,1
97277,1
97280,1
97285,1
97290,2
97296,2
97299,1
97301,1
97304,1
97306,1
97311,1
97316,1
97323,1
97328,2
97331,1
97342,1
97347,1
97354,2
97358,2
97360,1
97362,1
97368,1
97370,1
97372,1
97374,1
97380,1
97382,1
97391,1
97394,1
97398,1
97404,3
97409,1
97411,1
97415,1
97418,1
97421,1
97424,1
97433,1
97437,2
97440,1
97445,1
97451,1
97453,1
97456,1
97463,1
97470,1
97473,1
97476,1
97486,1
97497,1
97499,1
97503,1
97506,1
97508,1
97511,2
97528,1
97544,1
97547,1
97567,2
97574,1
97585,1
97592,2
97594,1
97597,1
97601,1
97610,1
97613,1
97620,1
97626,1
97643,2
97652,1
97658,1
97660,1
97663,1
97668,1
97673,1
97678,1
97680,1
97686,1
97690,1
97700,1
97703,1
97718,1
97728,1
97733,1
97754,1
97761,1
97764,1
97768,1
97774,1
97792,1
97806,1
97809,1
97826,1
97828,1
97830,1
97836,2
97842,1
97845,2
97848,1
97851,1
97853,1
97855,1
97858,2
97862,1
97865,1
97867,1
97874,1
97878,1
97882,1
97888,2
97910,1
97912,1
97915,2
97921,1
97933,1
97936,1
97943,1
97952,1
97956,1
97964,1
97971,1
97991,1
97996,1
97998,1
98009,1
98012,2
98014,1
98017,2
98020,1
98022,1
98029,1
98031,1
98035,3
98037,1
98041,1
98046,1
98051,1
98054,1
98069,1
98079,1
98088,1
98093,1
98100,1
98110,2
98127,1
98136,2
98142,1
98148,2
98153,1
98163,1
98165,1
98181,1
98183,1
98192,1
98207,1
98212,1
98224,1
98227,1
98232,1
98235,1
98237,1
98243,1
98246,1
98248,1
98254,1
98259,2
98261,1
98265,1
98269,1
98271,1
98275,1
98278,2
98281,2
98298,1
98300,1
98304,1
98307,2
98312,1
98314,1
98316,1
98318,1
98321,1
98323,1
98326,1
98330,1
98341,1
98345,1
98349,1
98351,1
98369,1
98376,1
98378,1
98382,1
98385,1
98390,1
98395,2
98399,1
98407,1
98415,1
98430,1
98437,1
98444,1
98452,1
98457,2
98463,1
98469,2
98477,1
98480,1
98482,1
98497,2
98503,1
98507,2
98519,1
98522,1
98526,1
98535,1
98538,1
98542,1
98545,2
98547,1
98550,1
98553,2
98563,2
98575,1
98577,1
98580,1
98584,3
98588,2
98591,1
98595,1
98598,2
98607,2
98610,1
98614,1
98617,2
98626,1
98647,2
98650,1
98656,1
98669,1
98675,1
98681,1
98683,1
98687,1
98689,1
98694,2
98700,1
98717,1
98722,1
98729,2
98736,1
98746,1
98750,1
98753,1
98756,1
98758,1
98762,2
98765,1
98767,1
98771,1
98775,1
98777,1
98784,1
98789,2
98794,1
98800,1
98804,2
98806,1
98809,2
98811,1
98816,1
98822,1
98829,1
98831,1
98835,1
98841,1
98845,2
98849,1
98851,1
98858,1
98866,1
98871,1
98873,1
98884,1
98886,1
98888,1
98893,2
98900,1
98903,2
98906,1
98910,1
98914,1
98936,2
98944,1
98948,1
98950,1
98955,1
98989,1
98992,1
98995,1
98999,1
99010,2
99019,1
99032,1
99037,1
99044,1
99050,1
99053,2
99057,1
99065,2
99068,1
99073,2
99077,1
99080,1
99083,1
99095,1
99104,1
99108,1
99119,1
99131,1
99142,1
99154,1
99157,1
99160,1
99162,1
99174,1
99176,1
99182,1
99184,1
99186,1
99192,1
99194,1
99199,1
99201,1
99205,1
99208,1
99220,2
99224,1
99230,1
99238,1
99240,1
99243,2
99249,1
99251,1
99267,1
99270,2
99277,2
99280,1
99288,1
99304,2
99317,1
99332,2
99338,1
99343,1
99352,1
99357,2
99365,1
99367,1
99382,1
99384,1
99387,1
99398,1
99403,1
99407,1
99409,1
99418,1
99429,1
99434,1
99438,2
99452,1
99458,1
99463,1
99466,1
99471,1
99474,1
99480,1
99483,2
99487,1
99489,1
99495,1
99498,1
99501,1
99504,1
99511,1
99517,1
99519,1
99524,2
99528,2
99531,1
99543,2
99546,1
99553,1
99555,1
99564,1
99575,2
99580,1
99589,1
99594,2
99596,1
99599,1
99602,2
99605,2
99609,1
99612,1
99615,1
99620,2
99623,1
99633,1
99640,1
99643,1
99651,1
99654,1
99660,1
99673,1
99681,1
99684,1
99694,1
99701,1
99703,1
99706,1
99709,2
99723,1
99728,1
99734,1
99736,1
99740,1
99745,1
99753,1
99756,1
99770,1
99774,1
99784,1
99789,1
99791,1
99800,1
99803,1
99820,1
99825,2
99827,1
99834,2
99837,2
99842,1
99844,1
99855,1
99858,1
99866,1
99883,2
99889,1
99893,1
99900,1
99904,1
99907,1
99911,1
99921,1
99932,1
99934,1
99939,1
99951,1
99956,1
99959,1
99970,1
99972,1
99974,1
99976,1
99980,1
99995,1
200002,2
200008,1
200016,1
200023,1
200027,1
200030,1
200036,2
200043,1
200047,1
200052,1
200054,1
200057,1
200060,1
200063,1
200066,2
200071,1
200073,1
200077,1
200081,1
200084,1
200086,1
200088,1
200092,1
200106,2
200110,1
200115,2
200123,2
200126,1
200129,1
200133,1
200149,1
200156,1
200160,1
200164,1
200169,1
200171,1
200175,1
200181,2
200183,1
200191,1
200199,1
200206,1
200210,1
200213,1
200216,1
200224,1
200228,1
200235,2
200238,2
200240,1
200243,1
200246,1
200253,1
200259,2
200268,2
200278,1
200280,1
200284,1
200289,1
200294,1
200298,1
200300,1
200309,1
200313,1
200318,1
200322,1
200326,1
200330,1
200332,1
200341,1
200347,2
200349,1
200351,1
200363,2
200372,1
200377,1
200380,2
200398,1
200400,1
200411,1
200415,2
200418,2
200432,2
200435,1
200442,1
200452,1
200456,1
200464,1
200467,1
200482,1
200488,1
200499,1
200512,1
200518,1
200538,1
200553,1
200557,1
200562,1
200564,1
200567,1
200569,1
200572,2
200575,1
200579,1
200582,1
200591,2
200597,2
200599,1
200605,1
200618,1
200626,1
200634,1
200638,2
200641,2
200647,1
200650,1
200654,1
200656,1
200661,1
200669,1
200672,1
200674,1
200676,1
200680,1
200682,1
200684,1
200690,1
200692,1
200702,1
200717,1
200720,1
200722,1
200724,1
200732,2
200734,1
200738,1
200740,1
200747,1
200751,3
200755,1
200760,1
200762,1
200764,1
200773,1
200784,1
200792,1
200797,2
200800,2
200803,1
200810,1
200813,2
200816,1
200832,2
200837,2
200842,1
200851,1
200854,1
200860,1
200864,1
200876,1
200880,1
200887,1
200890,1
200893,1
200898,1
200900,1
200909,1
200917,1
200926,1
200930,1
200936,2
200940,1
200942,1
200951,2
200953,1
200956,1
200962,2
200979,2
200983,1
200990,1
200994,1
201000,1
201002,1
201004,1
201007,1
201010,1
201018,1
201020,1
201027,2
201036,1
201042,1
201047,1
201052,1
201054,1
201057,1
201063,1
201068,1
201076,1
201079,1
201084,1
201086,1
201089,1
201093,1
201098,1
201103,1
201106,1
201108,1
201112,1
201118,1
201130,1
201132,1
201138,1
201143,2
201173,1
201179,1
201191,1
201194,1
201200,1
201205,1
201207,1
201210,1
201214,1
201217,1
201225,1
201230,1
201240,1
201245,1
201249,1
201252,1
201267,1
201271,1
201279,1
201288,1
201290,1
201304,1
201319,1
201324,1
201327,1
201337,1
201342,1
201345,1
201347,1
201358,3
201379,2
201383,1
201386,2
201392,1
201395,2
201397,1
201403,1
201406,1
201409,1
201421,2
201423,1
201426,1
201435,1
201441,1
201456,1
201467,1
201471,1
201473,1
201478,1
201480,1
201489,1
201498,1
201500,1
201503,1
201518,1
201520,1
201537,1
201542,2
201552,2
201560,1
201566,1
201578,1
201590,1
201592,1
201600,2
201602,1
201608,1
201614,2
201616,1
201618,1
201624,1
201629,1
201632,1
201638,2
201644,2
201647,1
201650,1
201653,1
201656,1
201686,2
201689,1
201699,2
201709,1
201712,1
201721,1
201725,1
201728,2
201731,1
201736,1
201739,1
201746,1
201752,1
201760,1
201762,1
201766,1
201770,1
201780,1
201783,1
201790,1
201793,1
201796,1
201804,1
201806,1
201809,1
201812,1
201823,2
201840,1
201843,1
201845,1
201847,1
201852,2
201859,1
201863,1
201891,1
201910,1
201915,1
201917,1
201919,1
201922,1
201931,1
201934,1
201941,1
201944,1
201946,1
201954,1
201957,1
201979,1
201987,2
201989,1
201992,1
201995,1
201997,1
201999,1
202001,1
202011,1
202013,1
202019,3
202022,1
202027,1
202034,2
202038,2
202042,1
202044,1
202047,1
202049,1
202054,1
202056,1
202058,1
202060,1
202066,1
202068,1
202076,1
202087,1
202089,1
202092,1
202100,2
202103,1
202105,1
202111,1
202114,1
202120,1
202128,1
202130,1
202133,1
202141,1
202148,3
202151,1
202157,1
202160,1
202164,2
202167,1
202170,1
202174,1
202179,1
202182,2
202184,1
202187,2
202199,1
202210,2
202212,1
202218,1
202232,1
202236,1
202239,1
202241,1
202246,1
202252,2
202260,2
202266,1
202280,1
202284,1
202287,1
202296,1
202298,1
202309,1
202317,2
202323,1
202326,2
202337,1
202341,1
202343,1
202348,1
202350,1
202356,1
202361,1
202363,1
202366,1
202370,1
202373,1
202375,1
202385,2
202392,1
202402,1
202408,1
202411,1
202423,1
202425,1
202427,1
202435,1
202438,1
202443,1
202446,1
202452,1
202454,1
202459,1
202461,1
202474,1
202480,1
202488,1
202493,2
202501,2
202514,2
202517,1
202520,1
202522,1
202524,1
202537,1
202542,1
202544,1
202556,1
202562,1
202574,1
202580,1
202606,1
202608,1
202614,1
202621,1
202628,1
202630,1
202635,1
202637,1
202640,1
202643,2
202648,1
202652,1
202657,1
202660,1
202664,2
202666,1
202668,1
202671,1
202677,1
202682,1
202693,1
202704,1
202709,1
202711,1
202717,1
202724,1
202728,1
202731,1
202737,1
202739,1
202741,1
202749,1
202753,2
202761,1
202770,1
202772,1
202774,1
202777,1
202781,1
202783,1
202795,2
202801,1
202805,1
202810,1
202826,1
202835,1
202840,1
202842,1
202855,1
202872,1
202874,1
202878,1
202885,1
202892,1
202899,1
202907,1
202918,1
202930,2
202939,1
202941,1
202943,1
202945,1
202955,1
202958,1
202970,1
202973,1
202975,1
202979,1
202981,1
202986,1
202990,1
202997,2
202999,1
203001,1
203005,1
203015,1
203017,1
203020,1
203022,1
203024,1
203029,1
203034,1
203038,1
203042,1
203045,2
203048,1
203050,1
203052,1
203057,1
203059,1
203069,1
203078,1
203085,1
203087,1
203090,1
203093,1
203099,1
203102,1
203104,1
203107,1
203117,1
203123,1
203129,1
203139,1
203146,1
203148,1
203157,1
203161,1
203172,1
203184,1
203187,1
203189,1
203198,1
203201,1
203207,1
203211,1
203216,1
203218,1
203223,1
203228,1
203233,1
203245,1
203250,1
203260,1
203267,3
203269,1
203282,1
203284,1
203287,1
203293,1
203299,2
203301,1
203309,1
203314,1
203321,1
203327,1
203332,1
203335,1
203339,1
203345,1
203355,1
203357,1
203367,2
203372,2
203375,1
203394,1
203396,1
203411,1
203415,1
203417,1
203419,1
203424,1
203429,1
203431,1
203433,1
203436,2
203440,2
203442,1
203447,1
203452,2
203459,1
203461,1
203464,1
203468,1
203470,1
203473,1
203476,2
203484,2
203492,2
203494,1
203498,1
203513,2
203520,1
203524,1
203526,1
203534,3
203537,1
203540,1
203543,1
203549,1
203551,1
203556,1
203560,1
203564,1
203566,1
203571,1
203578,1
203582,1
203587,1
203595,1
203598,1
203603,1
203605,1
203607,1
203615,1
203617,1
203629,1
203643,1
203651,1
203657,1
203665,1
203669,1
203674,2
203677,1
203684,1
203690,1
203699,1
203705,2
203711,2
203717,1
203729,2
203731,1
203734,1
203737,1
203742,1
203744,1
203747,2
203749,1
203754,1
203756,1
203759,1
203762,1
203770,1
203775,1
203779,1
203782,1
203785,1
203787,1
203790,2
203795,1
203798,2
203800,1
203802,1
203805,2
203807,1
203816,1
203820,1
203828,1
203836,1
203842,1
203846,1
203849,1
203860,1
203876,1
203883,1
203886,1
203888,1
203891,1
203893,1
203899,1
203905,1
203907,1
203909,1
203913,1
203927,1
203930,1
203938,1
203940,1
203947,1
203950,1
203952,1
203960,1
203968,2
203971,1
203984,1
203994,1
204001,1
204005,2
204011,1
204013,1
204015,1
204017,1
204020,1
204034,1
204044,1
204050,1
204054,1
204060,1
204065,1
204068,1
204077,1
204082,1
204085,1
204087,1
204098,1
204101,2
204105,1
204107,1
204110,1
204116,1
204122,1
204128,1
204131,2
204133,1
204140,1
204143,1
204145,1
204163,2
204187,1
204191,1
204194,1
204208,2
204211,1
204217,2
204219,1
204239,1
204248,1
204254,1
204259,2
204266,1
204274,1
204282,1
204285,1
204295,1
204302,1
204305,1
204308,1
204310,1
204327,1
204332,1
204334,1
204339,1
204348,1
204350,1
204352,1
204361,1
204365,1
204387,1
204389,1
204392,1
204396,1
204403,1
204409,1
204415,1
204420,1
204428,1
204430,1
204442,1
204444,1
204447,1
204451,1
204453,1
204459,1
204464,1
204474,2
204477,1
204483,2
204490,1
204498,1
204503,1
204508,2
204517,1
204522,1
204537,1
204539,1
204550,2
204556,1
204565,2
204571,1
204576,1
204579,2
204591,1
204593,1
204597,2
204608,2
204612,1
204615,1
204623,2
204637,1
204639,1
204643,1
204646,1
204648,1
204653,1
204659,1
204662,1
204664,1
204668,1
204671,1
204673,1
204677,1
204686,1
204689,1
204696,1
204698,1
204703,1
204706,1
204710,1
204713,1
204717,2
204719,1
204721,1
204726,2
204730,2
204745,1
204749,1
204751,1
204753,1
204756,2
204759,1
204761,1
204763,1
204770,1
204773,2
204775,1
204785,1
204787,1
204790,2
204800,1
204803,1
204806,1
204809,2
204814,1
204821,1
204823,1
204826,1
204830,1
204841,2
204853,1
204857,1
204859,1
204862,2
204868,2
204870,1
204875,1
204880,1
204882,1
204885,2
204903,1
204905,1
204910,1
204917,1
204930,1
204932,1
204945,1
204950,1
204954,1
204958,1
204961,1
204981,1
204983,1
204996,1
205010,1
205024,1
205033,1
205036,1
205051,1
205056,1
205060,1
205069,1
205073,1
205082,1
205086,2
205088,1
205092,1
205099,1
205102,1
205109,1
205116,1
205122,1
205124,1
205126,1
205129,1
205135,1
205139,1
205144,1
205149,1
205152,1
205157,1
205160,1
205162,1
205166,1
205171,1
205174,1
205176,1
205178,1
205180,1
205183,1
205186,1
205191,1
205201,1
205204,1
205211,1
205216,1
205229,1
205235,1
205237,1
205242,1
205245,2
205248,2
205250,1
205252,1
205258,1
205262,1
205269,2
205273,1
205278,1
205282,2
205290,1
205295,1
205297,1
205300,2
205303,2
205307,1
205315,1
205317,1
205326,2
205329,1
205334,1
205336,1
205341,1
205347,1
205352,1
205368,1
205373,1
205378,1
205393,2
205404,1
205410,1
205415,1
205420,1
205424,1
205427,2
205431,2
205440,1
205444,1
205448,1
205452,1
205454,1
205460,2
205466,1
205472,2
205476,1
205479,1
205481,1
205501,1
205504,1
205509,1
205512,2
205523,1
205536,1
205539,1
205542,1
205545,1
205553,1
205557,1
205560,1
205565,1
205579,1
205583,1
205585,1
205587,1
205600,1
205602,1
205605,2
205609,1
205619,1
205621,1
205635,2
205641,1
205644,1
205651,1
205655,1
205662,1
205670,1
205681,1
205687,1
205693,1
205695,1
205698,1
205704,1
205719,1
205725,1
205728,1
205730,1
205733,1
205738,2
205742,1
205746,1
205756,1
205761,1
205764,1
205766,1
205772,1
205774,1
205776,1
205778,1
205785,1
205791,1
205795,1
205798,1
205804,1
205808,2
205811,2
205818,1
205820,1
205825,1
205835,1
205838,1
205841,1
205845,1
205847,1
205849,1
205851,1
205860,1
205864,2
205869,1
205883,1
205886,2
205892,1
205897,2
205902,1
205904,1
205909,1
205911,1
205919,1
205923,1
205926,2
205928,1
205933,1
205938,2
205941,1
205947,2
205950,1
205954,1
205957,1
205959,1
205961,1
205965,1
205983,2
205987,1
205991,1
206021,2
206027,1
206030,1
206037,1
206039,1
206042,1
206044,1
206047,2
206058,1
206060,1
206068,1
206074,1
206077,1
206081,1
206095,1
206097,1
206107,1
206115,1
206120,1
206122,1
206125,1
206129,1
206131,1
206134,2
206141,1
206152,1
206161,1
206164,1
206168,1
206178,1
206203,1
206205,1
206207,1
206213,1
206219,1
206223,2
206225,1
206228,1
206231,1
206233,1
206237,1
206247,2
206250,1
206254,1
206260,1
206280,1
206285,1
206288,1
206295,1
206298,1
206301,1
206303,1
206306,1
206309,2
206321,1
206326,1
206330,1
206340,1
206343,1
206347,2
206351,1
206356,1
206360,2
206362,1
206365,1
206372,1
206379,2
206381,1
206383,1
206385,1
206388,1
206390,1
206400,1
206403,1
206413,1
206416,1
206422,1
206426,1
206430,1
206457,1
206466,1
206473,1
206476,2
206489,1
206493,1
206501,1
206508,1
206510,1
206512,1
206520,1
206529,1
206534,1
206536,1
206540,1
206553,1
206560,1
206565,1
206574,1
206580,1
206582,1
206589,1
206594,1
206602,1
206604,1
206607,1
206610,2
206612,1
206620,1
206625,1
206627,1
206632,1
206636,1
206641,1
206653,1
206660,1
206667,1
206681,1
206684,1
206693,1
206702,1
206705,1
206713,2
206717,1
206719,1
206727,2
206733,2
206741,1
206750,1
206756,2
206758,1
206763,1
206779,1
206781,1
206788,1
206793,1
206797,1
206799,1
206802,2
206811,1
206815,1
206826,1
206833,1
206836,1
206842,1
206845,1
206848,1
206851,2
206854,1
206878,1
206884,2
206890,1
206894,1
206908,1
206918,1
206920,1
206922,1
206926,1
206935,1
206938,1
206948,1
206952,1
206960,1
206963,1
206965,1
206972,1
206976,1
206982,2
206987,1
206989,1
206996,1
206999,1
207001,1
207007,1
207010,1
207013,1
207015,1
207026,1
207029,1
207031,1
207042,1
207057,1
207064,2
207071,1
207073,1
207077,1
207091,1
207096,1
207100,1
207111,1
207113,1
207116,1
207120,1
207126,1
207129,2
207138,1
207140,1
207145,1
207148,1
207162,1
207165,2
207174,1
207187,2
207189,1
207191,1
207195,1
207197,1
207201,2
207204,1
207209,1
207213,1
207224,1
207228,2
207232,2
207234,1
207240,1
207245,1
207255,1
207258,1
207261,1
207268,1
207271,1
207286,1
207288,1
207293,2
207295,1
207305,1
207309,1
207319,1
207322,2
207333,1
207338,1
207350,2
207356,1
207361,1
207364,1
207366,1
207370,2
207378,1
207384,1
207397,1
207401,1
207404,2
207410,1
207412,1
207428,1
207431,1
207443,1
207447,1
207454,1
207456,1
207459,1
207464,2
207469,1
207474,2
207477,1
207480,1
207491,1
207499,2
207502,1
207504,1
207517,1
207521,1
207533,1
207557,1
207559,1
207562,1
207564,1
207567,1
207569,1
207575,1
207601,2
207603,1
207605,1
207618,1
207621,1
207632,1
207636,1
207641,1
207647,1
207650,1
207656,1
207668,1
207671,1
207676,1
207678,1
207686,1
207689,1
207698,1
207704,1
207706,1
207715,1
207733,3
207736,1
207740,1
207743,1
207751,1
207756,1
207767,1
207771,1
207784,1
207788,1
207792,1
207795,1
207803,1
207806,2
207813,2
207821,1
207825,1
207828,2
207837,1
207852,1
207866,2
207877,1
207888,1
207897,1
207903,1
207906,1
207911,1
207914,1
207917,1
207933,1
207937,1
207943,1
207953,1
207955,1
207959,2
207969,2
207972,1
207980,1
207983,1
207993,1
208000,2
208008,2
208011,1
208013,1
208022,1
208026,1
208029,1
208034,1
208037,1
208041,1
208047,1
208059,2
208061,1
208064,1
208067,1
208070,1
208074,1
208080,1
208083,2
208087,1
208090,1
208093,1
208095,1
208100,1
208105,1
208107,1
208115,2
208117,1
208121,1
208128,2
208132,1
208138,1
208147,1
208154,1
208156,1
208160,1
208166,1
208168,1
208173,1
208177,1
208182,1
208184,1
208187,2
208190,1
208196,1
208201,1
208204,1
208207,1
208211,1
208221,1
208230,1
208232,1
208234,1
208241,1
208243,1
208253,1
208256,2
208260,2
208262,1
208264,1
208267,1
208270,1
208273,1
208278,1
208281,2
208284,1
208286,1
208296,1
208298,1
208301,1
208304,1
208310,1
208315,1
208319,1
208321,1
208326,1
208331,1
208343,1
208345,1
208349,1
208363,1
208366,1
208372,1
208378,2
208391,1
208395,1
208423,1
208434,1
208439,1
208442,1
208448,1
208469,1
208472,1
208479,1
208483,1
208491,1
208502,1
208512,1
208517,1
208519,1
208526,1
208530,1
208535,1
208544,1
208551,2
208553,1
208559,2
208578,1
208584,1
208596,1
208604,1
208607,1
208609,1
208613,1
208620,1
208623,1
208632,1
208640,1
208645,2
208647,1
208654,1
208675,1
208677,1
208681,1
208683,1
208690,1
208693,1
208711,1
208713,1
208719,2
208722,2
208724,1
208731,2
208737,1
208747,1
208754,1
208769,1
208785,1
208791,1
208803,1
208806,1
208819,1
208833,1
208847,1
208849,1
208851,1
208855,1
208869,1
208871,1
208876,2
208882,1
208884,1
208892,1
208895,1
208897,1
208908,1
208911,1
208914,1
208919,1
208927,1
208932,1
208935,1
208952,1
208969,1
208972,1
208986,1
208995,1
208999,1
209002,1
209009,1
209031,2
209036,2
209038,1
209040,1
209042,1
209053,1
209055,1
209062,2
209065,1
209068,1
209071,1
209074,1
209076,1
209079,2
209083,1
209098,1
209111,1
209121,2
209124,1
209133,1
209140,1
209145,1
209148,2
209152,1
209156,1
209160,1
209163,1
209168,2
209173,1
209175,1
209177,1
209185,1
209191,1
209193,1
209199,1
209202,1
209206,1
209212,1
209215,1
209222,1
209225,1
209232,1
209235,1
209238,1
209245,1
209248,1
209252,1
209255,2
209258,1
209262,1
209266,1
209268,1
209271,1
209275,1
209278,1
209293,2
209299,1
209303,1
209305,1
209324,1
209331,1
209340,1
209342,1
209345,1
209350,1
209361,2
209370,1
209377,1
209379,1
209383,1
209386,1
209390,1
209395,1
209399,2
209401,1
209403,1
209410,1
209417,1
209420,1
209433,1
209438,1
209441,1
209447,1
209459,1
209467,1
209472,1
209479,1
209482,2
209486,1
209495,1
209500,1
209505,1
209511,1
209514,1
209518,1
209522,1
209531,1
209549,1
209554,1
209559,1
209570,1
209580,1
209583,1
209592,1
209596,1
209608,1
209611,1
209617,2
209622,1
209626,2
209640,1
209645,2
209647,1
209651,1
209654,2
209667,1
209670,2
209676,1
209686,1
209694,2
209696,1
209702,1
209717,1
209725,1
209730,2
209737,1
209739,1
209743,1
209748,1
209750,1
209760,1
209762,1
209764,1
209771,2
209778,1
209784,2
209791,1
209797,1
209800,2
209807,1
209815,1
209819,1
209823,1
209826,1
209830,1
209833,1
209837,1
209841,1
209843,1
209846,1
209848,1
209850,1
209856,1
209859,1
209863,1
209865,1
209868,1
209870,1
209876,1
209880,1
209883,1
209888,1
209891,1
209902,1
209922,1
209929,1
209938,1
209945,1
209950,1
209957,1
209961,1
209970,1
209973,2
209978,1
209980,1
209989,1
210004,1
210012,1
210023,1
210042,1
210044,1
210051,1
210059,1
210062,1
210065,1
210070,2
210072,1
210076,1
210084,1
210090,1
210093,1
210096,2
210119,2
210124,1
210134,1
210152,1
210161,1
210165,1
210175,1
210184,1
210196,1
210198,1
210206,1
210213,1
210228,1
210231,1
210240,1
210248,1
210251,2
210259,1
210264,1
210266,1
210268,1
210270,1
210275,2
210293,1
210302,1
210305,1
210313,1
210315,1
210320,1
210322,1
210324,1
210326,1
210343,2
210347,1
210350,1
210353,1
210361,1
210363,1
210369,1
210375,1
210382,1
210386,1
210389,1
210393,2
210395,1
210397,1
210400,1
210403,1
210405,1
210408,2
210413,1
210431,1
210434,2
210438,1
210441,1
210452,1
210454,1
210456,1
210468,1
210474,1
210481,1
210489,1
210496,1
210500,1
210505,1
210521,1
210524,1
210527,1
210531,1
210540,1
210543,2
210566,1
210582,1
210585,1
210587,1
210591,2
210593,1
210606,2
210625,1
210627,1
210631,1
210635,1
210642,1
210657,2
210666,1
210669,1
210671,1
210674,1
210678,2
210682,1
210686,1
210690,1
210695,1
210697,1
210700,1
210702,1
210705,1
210710,1
210718,1
210725,1
210727,1
210731,1
210740,1
210743,1
210747,1
210757,1
210759,1
210761,1
210765,1
210769,1
210772,1
210774,1
210781,1
210785,1
210789,2
210795,1
210797,1
210800,1
210802,1
210805,1
210811,1
210813,1
210816,2
210824,1
210827,2
210832,1
210840,1
210848,1
210852,1
210855,1
210863,3
210866,1
210870,1
210889,1
210893,1
210896,1
210904,2
210909,1
210919,1
210922,1
210928,1
210930,1
210939,1
210942,2
210947,1
210950,1
210979,1
210982,1
210985,1
210990,1
210994,1
211000,1
211003,1
211010,2
211018,1
211023,1
211025,1
211035,2
211039,1
211070,1
211073,1
211076,1
211078,1
211084,1
211089,1
211098,1
211103,1
211111,1
211113,1
211128,1
211131,1
211136,1
211145,1
211152,1
211158,2
211168,1
211174,1
211178,1
211183,1
211185,1
211187,1
211189,1
211192,1
211194,1
211196,1
211201,1
211203,1
211205,1
211207,1
211212,1
211216,1
211220,1
211226,1
211231,1
211243,1
211245,1
211247,1
211253,1
211256,1
211258,1
211262,1
211268,1
211270,1
211279,2
211282,1
211288,1
211290,1
211296,1
211299,1
211301,1
211314,1
211316,1
211324,1
211329,1
211335,1
211341,1
211343,1
211348,1
211364,1
211368,1
211372,1
211374,1
211379,1
211382,1
211385,1
211388,1
211393,1
211397,1
211401,1
211407,1
211411,2
211416,1
211436,1
211448,1
211450,1
211453,1
211486,1
211488,1
211498,1
211505,2
211508,1
211516,1
211518,1
211522,1
211524,1
211526,1
211535,1
211551,1
211554,1
211562,2
211567,1
211572,2
211578,1
211587,2
211589,1
211605,1
211617,1
211619,1
211624,2
211627,1
211633,1
211636,1
211638,1
211647,1
211650,1
211656,2
211673,1
211678,1
211692,1
211695,1
211703,1
211706,1
211711,1
211717,1
211728,1
211730,1
211732,1
211746,1
211752,1
211757,1
211760,1
211765,1
211781,1
211783,1
211799,1
211805,1
211808,1
211821,1
211830,1
211833,2
211838,1
211844,1
211847,1
211852,1
211857,1
211865,1
211877,1
211908,1
211916,1
211918,1
211924,1
211926,1
211930,1
211941,2
211946,2
211962,2
211965,1
211973,1
211978,1
211984,1
211987,2
211992,1
211998,1
212000,1
212003,1
212013,1
212015,1
212027,1
212033,2
212042,1
212044,1
212057,1
212060,1
212071,1
212075,1
212079,2
212086,1
212090,2
212102,1
212108,1
212117,2
212119,1
212124,1
212126,1
212129,1
212136,1
212143,1
212157,1
212159,1
212171,1
212174,1
212177,1
212180,2
212190,2
212201,1
212210,1
212214,1
212218,2
212225,1
212238,1
212243,2
212253,1
212261,1
212266,1
212271,1
212277,1
212289,1
212298,1
212302,1
212304,1
212316,1
212321,1
212323,1
212325,1
212327,1
212337,1
212343,1
212359,2
212367,1
212369,1
212372,1
212376,1
212378,1
212384,1
212386,1
212389,2
212393,1
212397,1
212399,1
212401,1
212403,1
212406,2
212417,2
212424,1
212433,1
212440,1
212451,1
212472,1
212478,1
212488,1
212491,1
212499,2
212509,1
212517,1
212527,1
212541,1
212551,2
212557,1
212559,1
212566,2
212576,1
212582,1
212588,1
212609,1
212622,1
212634,1
212640,1
212643,1
212645,1
212651,1
212653,1
212657,1
212659,1
212664,1
212668,1
212679,2
212692,1
212696,1
212705,1
212722,2
212726,1
212732,1
212734,1
212740,1
212742,1
212746,1
212754,1
212763,1
212766,2
212770,1
212772,1
212784,1
212791,1
212803,1
212805,1
212808,2
212812,1
212818,1
212822,1
212824,1
212834,1
212836,1
212841,1
212853,1
212857,1
212860,1
212864,1
212867,1
212877,1
212880,1
212884,1
212890,1
212894,1
212907,1
212909,1
212918,1
212923,1
212932,2
212938,1
212943,1
212945,1
212949,1
212952,1
212954,1
212958,2
212961,1
212969,1
212973,2
212981,1
212988,1
212990,1
212992,1
212994,1
213000,1
213003,1
213007,2
213013,1
213017,1
213027,1
213038,1
213051,1
213057,2
213066,2
213070,1
213083,1
213086,1
213092,1
213096,1
213115,1
213124,2
213126,1
213133,1
213141,1
213145,1
213147,1
213149,1
213152,1
213156,2
213159,2
213162,1
213165,1
213168,1
213170,1
213174,1
213176,1
213182,1
213184,1
213193,2
213197,1
213204,2
213206,1
213210,1
213213,1
213220,1
213222,1
213224,1
213234,1
213236,1
213239,1
213242,2
213244,1
213246,1
213250,2
213262,2
213264,1
213267,1
213269,1
213272,1
213278,1
213284,1
213286,1
213292,1
213296,1
213314,1
213321,1
213327,1
213333,1
213338,1
213341,1
213345,1
213351,1
213359,1
213375,1
213379,1
213382,1
213384,1
213387,1
213389,1
213404,2
213410,2
213430,1
213435,1
213437,1
213440,1
213454,2
213456,1
213460,1
213464,1
213466,1
213473,1
213488,1
213492,1
213495,1
213497,1
213504,1
213513,2
213519,1
213522,1
213528,1
213531,1
213535,2
213543,1
213547,1
213563,1
213578,1
213586,1
213589,1
213591,1
213596,1
213603,1
213608,1
213612,1
213614,1
213620,1
213622,1
213624,1
213627,1
213636,1
213645,1
213647,1
213656,1
213661,1
213664,2
213668,1
213672,1
213676,1
213678,1
213680,1
213683,1
213687,2
213689,1
213698,1
213713,1
213717,1
213745,1
213747,1
213751,2
213756,1
213760,1
213769,1
213772,2
213778,2
213788,1
213805,1
213814,2
213834,1
213838,1
213843,1
213848,2
213850,1
213856,1
213862,1
213868,2
213873,1
213884,1
213892,1
213895,1
213900,1
213903,1
213913,2
213929,1
213934,2
213938,1
213944,1
213948,2
213952,2
213979,1
213988,1
213991,1
213995,2
214000,1
214003,1
214009,2
214014,1
214017,1
214020,1
214023,1
214028,2
214037,1
214043,1
214046,1
214053,1
214056,1
214061,2
214091,1
214094,1
214097,1
214099,1
214102,1
214116,2
214121,1
214124,1
214126,1
214139,1
214144,2
214149,1
214157,1
214159,1
214161,1
214163,1
214167,1
214179,1
214181,1
214190,2
214193,1
214195,1
214199,1
214223,1
214226,1
214231,1
214242,1
214251,3
214253,1
214260,1
214265,2
214272,1
214314,1
214316,1
214319,1
214329,1
214341,1
214343,1
214351,1
214353,1
214370,1
214379,1
214386,1
214398,2
214401,2
214406,1
214432,1
214435,1
214440,1
214445,1
214447,1
214453,1
214456,1
214469,1
214476,1
214488,1
214491,1
214494,2
214497,1
214499,1
214503,2
214514,1
214520,1
214526,1
214532,1
214535,2
214537,1
214540,2
214545,1
214551,2
214558,1
214590,1
214594,1
214597,1
214606,1
214611,2
214613,1
214617,2
214625,1
214630,1
214640,1
214645,2
214647,1
214650,1
214652,1
214654,1
214658,1
214664,1
214672,1
214677,1
214682,1
214692,1
214701,1
214706,1
214713,2
214721,1
214724,1
214743,1
214745,1
214748,2
214755,1
214762,1
214765,1
214781,1
214788,1
214791,1
214798,1
214803,1
214817,1
214819,1
214823,1
214825,1
214827,1
214834,1
214836,1
214839,1
214845,1
214848,1
214851,2
214854,1
214856,1
214861,1
214865,1
214881,1
214884,1
214892,1
214903,1
214905,1
214907,1
214911,1
214937,1
214951,1
214953,1
214966,1
214968,1
214972,1
214976,1
214983,1
214988,2
214991,1
214996,1
215005,1
215013,1
215021,1
215032,1
215034,1
215036,1
215048,2
215059,1
215083,2
215086,1
215088,1
215097,1
215101,1
215104,1
215116,1
215121,2
215123,1
215125,1
215128,1
215139,1
215141,1
215156,2
215159,1
215164,2
215166,1
215168,1
215177,1
215188,2
215195,1
215197,1
215201,1
215212,1
215215,1
215223,1
215225,1
215229,1
215231,1
215239,1
215242,1
215246,1
215253,1
215259,1
215261,1
215275,1
215277,1
215280,2
215286,1
215297,1
215304,1
215310,1
215315,1
215329,1
215341,1
215345,1
215347,1
215349,1
215351,1
215355,1
215358,1
215364,1
215366,1
215369,1
215371,1
215376,1
215385,1
215388,1
215397,1
215399,1
215415,1
215423,2
215429,1
215441,1
215444,1
215455,1
215458,1
215462,1
215468,2
215470,1
215478,1
215492,1
215498,2
215506,1
215514,1
215522,1
215525,1
215528,1
215530,1
215535,1
215545,1
215547,1
215549,1
215560,1
215564,1
215566,1
215576,1
215580,1
215583,1
215585,1
215588,1
215594,1
215598,1
215602,1
215605,1
215607,1
215611,1
215614,2
215616,1
215626,1
215628,1
215642,1
215646,1
215650,1
215655,1
215657,1
215663,1
215678,1
215682,1
215690,1
215693,1
215697,1
215703,1
215706,1
215714,2
215718,2
215729,1
215735,1
215748,1
215753,2
215767,1
215773,3
215775,1
215785,2
215790,1
215801,1
215803,1
215807,2
215809,1
215811,1
215814,1
215819,1
215822,1
215826,1
215831,1
215846,1
215848,1
215856,1
215862,1
215864,1
215867,2
215878,1
215880,1
215884,1
215897,2
215899,1
215933,1
215935,1
215951,2
215956,2
215958,1
215961,1
215964,1
215970,1
215974,1
215979,1
215981,1
215984,1
215986,1
215991,2
216001,2
216006,1
216009,1
216015,2
216023,1
216036,1
216051,1
216059,1
216063,1
216066,2
216070,2
216076,1
216085,1
216089,1
216095,1
216098,1
216101,1
216108,1
216118,1
216121,1
216128,1
216134,1
216150,2
216159,1
216161,1
216163,1
216169,1
216177,1
216182,1
216199,1
216214,1
216216,1
216220,1
216232,1
216234,1
216242,1
216251,1
216256,1
216274,1
216279,1
216282,1
216284,1
216297,1
216311,1
216313,1
216315,1
216323,1
216333,2
216347,1
216384,1
216386,1
216388,1
216395,1
216400,1
216403,1
216406,1
216410,1
216417,1
216420,1
216425,1
216429,1
216447,1
216450,1
216459,2
216466,1
216471,2
216473,1
216476,1
216480,1
216485,1
216487,1
216492,1
216496,1
216502,1
216508,1
216510,1
216512,1
216514,1
216516,1
216525,1
216530,1
216533,1
216539,1
216543,1
216555,1
216559,1
216569,2
216572,1
216577,2
216579,1
216584,1
216589,1
216594,2
216597,1
216606,1
216616,1
216619,1
216621,1
216629,1
216645,1
216647,1
216649,1
216652,2
216657,1
216665,1
216671,1
216674,1
216676,1
216694,1
216698,1
216701,1
216707,1
216712,1
216714,1
216725,1
216736,2
216752,1
216755,1
216758,1
216765,1
216767,1
216775,1
216778,1
216780,1
216789,1
216793,1
216796,1
216798,1
216802,2
216808,1
216810,1
216815,1
216817,1
216832,1
216835,1
216846,1
216850,1
216857,1
216863,1
216871,1
216876,1
216879,2
216884,1
216890,1
216894,1
216896,1
216903,1
216906,2
216914,1
216924,1
216928,1
216932,1
216940,1
216945,1
216949,1
216955,2
216959,1
216962,1
216974,1
216984,2
216987,2
216990,1
216997,1
217001,1
217005,1
217008,2
217011,1
217014,1
217017,2
217024,2
217026,1
217028,1
217033,1
217041,2
217046,1
217053,1
217066,1
217075,1
217079,1
217082,2
217085,1
217097,1
217100,2
217105,1
217107,1
217115,1
217120,1
217125,1
217135,2
217138,1
217141,1
217143,1
217149,1
217152,1
217165,1
217169,1
217173,1
217176,1
217178,1
217183,1
217185,1
217187,1
217191,2
217193,1
217196,1
217199,2
217203,1
217206,1
217220,1
217222,1
217228,1
217238,1
217250,1
217260,1
217263,2
217265,1
217270,1
217279,1
217284,1
217290,2
217301,1
217305,3
217310,1
217324,1
217326,1
217329,1
217337,1
217339,1
217344,1
217350,1
217355,1
217359,1
217362,2
217364,1
217367,1
217369,1
217372,2
217376,2
217379,1
217391,1
217402,1
217408,2
217410,1
217416,1
217432,1
217444,1
217455,1
217461,1
217470,1
217472,1
217475,2
217482,2
217504,1
217506,1
217508,1
217514,1
217517,1
217523,1
217528,1
217530,1
217540,1
217548,1
217551,2
217556,1
217564,2
217568,1
217571,2
217587,2
217591,2
217597,1
217599,1
217603,1
217607,1
217613,2
217617,1
217623,1
217625,1
217628,2
217645,1
217652,1
217655,1
217665,1
217667,1
217671,2
217683,1
217694,1
217704,1
217709,1
217717,1
217727,1
217731,1
217758,1
217760,1
217771,1
217774,1
217776,1
217779,1
217781,1
217784,1
217791,1
217797,2
217800,2
217812,1
217818,1
217827,1
217834,2
217838,1
217850,2
217856,2
217858,1
217860,1
217863,1
217870,1
217878,2
217882,1
217887,1
217892,1
217894,1
217897,1
217900,1
217902,1
217910,1
217919,2
217921,1
217925,1
217929,1
217931,1
217942,2
217957,1
217959,1
217964,1
217968,1
217972,1
217979,1
217985,2
217988,1
217993,1
218007,1
218009,1
218016,1
218020,1
218024,2
218028,1
218034,1
218042,1
218048,1
218062,1
218065,1
218077,1
218082,2
218093,1
218100,1
218115,1
218119,1
218133,1
218140,1
218145,1
218147,1
218164,1
218179,1
218185,2
218188,1
218196,1
218198,1
218201,2
218219,1
218231,1
218235,2
218238,1
218248,1
218250,1
218252,1
218260,1
218263,1
218275,1
218278,1
218282,1
218290,1
218301,1
218305,1
218308,1
218312,1
218314,1
218328,1
218333,1
218342,1
218345,1
218353,1
218355,1
218364,1
218371,1
218400,1
218402,1
218405,2
218411,2
218413,1
218417,1
218419,1
218422,1
218426,1
218431,2
218433,1
218444,1
218446,1
218450,1
218454,1
218460,1
218463,2
218465,1
218468,1
218478,1
218485,1
218493,1
218502,2
218507,1
218510,1
218512,1
218515,1
218519,1
218521,1
218523,1
218530,1
218532,1
218536,1
218538,1
218543,1
218546,1
218550,1
218555,2
218562,1
218565,1
218571,1
218574,1
218577,2
218581,1
218586,1
218590,1
218592,1
218594,1
218598,1
218601,1
218603,1
218609,2
218615,1
218618,1
218622,1
218624,1
218627,1
218629,1
218631,1
218637,1
218641,1
218644,1
218648,1
218652,2
218657,1
218668,1
218674,2
218676,1
218684,1
218687,1
218694,2
218696,1
218701,2
218704,1
218710,1
218712,1
218715,1
218717,1
218719,1
218721,1
218726,1
218731,1
218741,2
218744,1
218746,1
218751,1
218756,1
218759,1
218764,1
218766,1
218770,1
218777,1
218784,1
218786,1
218792,1
218801,1
218805,2
218810,1
218822,1
218825,1
218827,1
218830,1
218838,1
218844,1
218849,1
218858,1
218862,1
218868,1
218873,1
218876,1
218882,1
218887,1
218897,1
218899,1
218902,1
218914,1
218917,1
218919,1
218921,1
218924,2
218931,1
218934,1
218941,2
218944,1
218961,2
218963,1
218965,1
218973,1
218981,1
218991,1
218997,1
219004,1
219017,1
219026,1
219042,1
219049,1
219059,1
219062,1
219067,1
219069,1
219071,1
219075,1
219077,1
219080,1
219087,3
219092,2
219100,1
219106,1
219109,1
219118,1
219120,1
219126,1
219128,1
219132,2
219146,2
219150,1
219153,1
219157,1
219168,2
219173,1
219182,1
219189,1
219192,1
219204,1
219207,1
219215,1
219229,1
219247,1
219257,1
219260,2
219272,1
219277,1
219290,1
219292,1
219304,1
219311,1
219314,1
219319,1
219329,1
219334,1
219339,1
219344,1
219346,1
219350,1
219360,1
219362,1
219369,1
219374,1
219376,1
219378,1
219389,1
219392,2
219401,1
219403,1
219406,2
219427,1
219435,2
219437,1
219439,1
219446,1
219466,1
219475,1
219483,2
219485,1
219494,1
219497,1
219509,1
219517,1
219520,1
219522,1
219524,1
219527,1
219533,1
219536,1
219555,1
219559,1
219561,1
219564,1
219567,1
219569,1
219572,1
219580,1
219590,1
219596,1
219601,2
219604,1
219607,2
219609,1
219614,1
219618,1
219623,1
219638,1
219643,1
219653,1
219656,1
219658,1
219663,1
219665,1
219667,1
219672,1
219675,1
219679,1
219682,1
219687,1
219695,1
219710,1
219716,1
219728,1
219734,1
219737,1
219740,1
219746,1
219755,2
219758,1
219772,1
219775,1
219777,1
219780,1
219790,1
219792,1
219794,1
219814,1
219819,1
219832,2
219839,1
219843,1
219845,1
219864,1
219866,1
219869,1
219872,2
219877,1
219883,1
219890,1
219892,1
219896,1
219915,1
219921,1
219923,1
219934,1
219937,1
219939,1
219941,1
219943,1
219948,1
219953,1
219959,1
219969,1
219978,2
219993,1
219998,1
220000,1
220003,1
220006,1
220008,1
220010,1
220021,1
220029,1
220035,1
220042,1
220044,1
220050,1
220063,1
220070,1
220076,1
220084,1
220093,1
220095,1
220097,1
220100,1
220102,1
220108,1
220111,1
220116,2
220120,1
220123,1
220128,1
220134,2
220145,2
220155,2
220157,1
220165,1
220167,1
220173,1
220179,2
220189,1
220209,1
220216,2
220225,1
220234,2
220237,1
220245,1
220263,1
220270,1
220279,1
220294,1
220302,1
220309,2
220322,1
220325,1
220329,1
220341,1
220345,1
220360,1
220363,1
220379,2
220381,1
220388,1
220392,1
220407,1
220410,1
220416,1
220431,1
220433,1
220440,1
220448,1
220468,1
220479,1
220493,2
220502,1
220506,1
220508,1
220517,1
220520,1
220532,1
220537,1
220540,1
220545,1
220551,1
220554,2
220556,1
220558,1
220561,1
220567,1
220572,1
220575,2
220585,2
220609,1
220616,1
220618,1
220621,1
220625,1
220629,2
220631,1
220634,1
220642,1
220665,1
220668,1
220677,1
220691,1
220697,1
220709,1
220715,1
220723,1
220726,2
220729,1
220733,1
220735,1
220739,1
220747,1
220756,1
220760,1
220763,1
220779,1
220781,1
220790,1
220795,1
220799,1
220802,1
220805,1
220808,1
220810,1
220812,1
220814,1
220817,1
220823,1
220828,1
220830,1
220843,1
220847,1
220857,1
220860,1
220867,1
220870,1
220879,2
220882,1
220889,2
220892,1
220896,1
220904,1
220910,1
220915,2
220927,1
220929,1
220938,1
220942,1
220948,1
220958,1
220968,2
220987,1
220995,1
221003,1
221017,1
221022,1
221027,1
221031,1
221037,1
221054,2
221056,1
221067,1
221072,1
221078,1
221090,1
221096,1
221102,1
221118,1
221121,2
221125,1
221127,1
221131,1
221133,1
221137,1
221142,1
221144,1
221146,1
221148,1
221153,2
221156,1
221162,1
221172,1
221176,1
221186,1
221204,1
221210,1
221225,1
221238,2
221246,1
221248,1
221256,1
221261,2
221265,1
221267,1
221271,1
221273,1
221280,1
221283,2
221292,1
221295,1
221299,1
221312,1
221321,1
221354,1
221359,1
221361,1
221363,1
221366,1
221371,1
221377,1
221381,1
221386,1
221390,1
221402,1
221404,1
221409,1
221420,1
221424,1
221427,2
221429,1
221434,1
221438,1
221442,1
221454,1
221465,1
221473,1
221480,1
221484,1
221489,1
221491,1
221493,1
221498,1
221500,1
221505,2
221516,1
221518,1
221520,1
221533,1
221538,1
221540,1
221546,1
221550,1
221553,1
221559,1
221563,1
221565,1
221571,1
221573,1
221577,1
221582,1
221592,1
221596,2
221606,1
221616,1
221618,1
221620,1
221627,2
221630,1
221637,2
221642,1
221648,1
221653,1
221656,2
221665,2
221669,1
221672,1
221676,1
221681,1
221695,1
221699,1
221715,1
221717,1
221721,1
221731,1
221734,1
221751,1
221757,1
221761,1
221769,2
221773,2
221779,1
221788,2
221797,1
221802,1
221804,1
221809,1
221816,1
221820,1
221829,1
221837,1
221842,2
221846,1
221855,1
221878,1
221883,2
221893,2
221895,1
221913,1
221918,1
221922,1
221933,1
221938,1
221946,2
221950,1
221963,1
221971,1
221974,1
221977,1
221991,1
221998,1
222005,1
222012,1
222025,1
222032,2
222042,1
222045,1
222049,1
222052,1
222058,1
222062,1
222067,1
222072,1
222088,1
222099,1
222104,1
222106,1
222122,1
222161,1
222163,1
222167,1
222169,1
222180,1
222182,1
222184,1
222189,1
222192,1
222194,1
222197,2
222204,1
222233,1
222245,1
222249,1
222255,1
222262,1
222268,1
222271,1
222277,1
222280,1
222285,2
222293,1
222295,1
222297,1
222301,1
222303,1
222307,1
222312,1
222317,1
222320,1
222324,1
222338,2
222341,1
222351,1
222355,1
222358,1
222361,1
222378,1
222384,1
222386,1
222395,1
222402,1
222406,1
222412,1
222415,1
222427,1
222430,1
222434,2
222437,1
222440,1
222447,2
222451,1
222455,1
222467,2
222469,1
222476,1
222482,1
222493,1
222495,1
222502,1
222511,1
222517,1
222519,1
222527,1
222531,1
222534,1
222536,1
222539,1
222542,1
222553,2
222561,1
222563,1
222565,1
222576,1
222578,1
222589,1
222592,1
222595,2
222597,1
222601,1
222609,1
222617,1
222621,1
222624,1
222634,1
222636,1
222638,1
222646,1
222650,1
222672,1
222674,1
222693,1
222703,1
222705,1
222709,1
222715,1
222719,1
222723,1
222731,1
222734,1
222742,1
222761,2
222776,1
222781,1
222787,1
222791,2
222793,1
222804,1
222815,1
222818,1
222822,1
222830,1
222833,1
222843,1
222845,1
222847,1
222860,2
222862,1
222875,1
222878,1
222886,2
222891,1
222896,2
222901,1
222907,1
222911,1
222914,1
222916,1
222923,1
222925,1
222940,1
222943,1
222945,1
222950,2
222958,1
222960,1
222963,1
222976,1
222994,1
222999,1
223001,1
223008,1
223014,1
223018,2
223020,1
223026,1
223028,1
223037,2
223044,1
223052,1
223055,1
223070,1
223091,1
223094,1
223101,1
223115,1
223117,1
223127,2
223130,1
223134,1
223146,1
223150,1
223164,1
223169,1
223183,2
223186,1
223190,2
223195,1
223200,1
223203,1
223210,1
223212,1
223214,1
223227,1
223231,1
223235,1
223238,1
223248,2
223252,1
223258,1
223260,1
223272,1
223275,1
223281,1
223283,1
223285,1
223294,1
223301,1
223303,1
223309,2
223315,1
223329,1
223338,1
223340,1
223346,1
223354,1
223356,1
223366,1
223370,2
223377,1
223380,1
223389,1
223395,1
223400,1
223404,1
223414,1
223416,1
223421,1
223428,1
223430,1
223446,1
223478,1
223497,1
223499,1
223503,1
223507,1
223518,1
223520,1
223522,1
223524,1
223527,1
223550,1
223565,1
223574,1
223577,1
223579,1
223582,1
223586,1
223591,1
223595,1
223599,1
223603,1
223606,1
223619,3
223623,2
223630,3
223640,1
223643,1
223646,1
223658,1
223663,1
223665,1
223673,1
223676,1
223682,1
223693,1
223695,1
223697,1
223708,1
223710,1
223712,1
223720,1
223729,1
223731,1
223739,1
223741,1
223743,1
223752,1
223754,1
223766,1
223770,1
223778,1
223787,1
223794,1
223798,1
223800,1
223806,1
223815,2
223818,2
223822,1
223830,1
223849,1
223851,1
223860,1
223864,1
223869,1
223880,1
223884,1
223887,1
223889,1
223891,1
223908,2
223929,2
223931,1
223936,1
223940,2
223952,1
223959,1
223961,1
223975,1
223980,2
223983,1
223985,1
223988,1
223996,1
223998,1
224001,1
224010,1
224019,1
224026,1
224031,1
224037,1
224039,1
224044,1
224046,1
224055,1
224058,1
224070,2
224072,1
224076,1
224082,1
224090,1
224092,1
224094,1
224096,1
224101,1
224103,1
224111,1
224114,1
224118,1
224124,1
224134,1
224143,1
224147,1
224161,1
224166,1
224170,1
224175,1
224186,1
224188,1
224190,1
224193,1
224202,1
224211,1
224226,1
224232,1
224235,1
224243,2
224254,1
224256,1
224262,1
224266,1
224271,1
224275,1
224277,1
224282,1
224284,1
224288,1
224293,1
224298,1
224303,1
224305,1
224316,1
224336,1
224343,1
224362,1
224365,1
224376,2
224379,1
224385,1
224387,1
224398,1
224402,1
224404,1
224408,1
224411,1
224419,2
224421,1
224436,1
224438,1
224451,2
224454,1
224459,1
224461,1
224463,1
224474,1
224477,1
224483,1
224485,1
224487,1
224490,1
224493,1
224495,1
224497,1
224499,1
224505,2
224507,1
224513,1
224517,1
224521,1
224535,1
224553,1
224561,1
224569,1
224575,1
224579,1
224582,1
224584,1
224603,1
224611,1
224614,1
224630,1
224633,2
224643,1
224645,1
224654,1
224666,1
224683,1
224686,1
224689,1
224694,1
224699,1
224704,1
224728,1
224736,2
224741,1
224756,1
224764,1
224766,1
224775,1
224779,1
224782,1
224785,1
224789,1
224793,1
224797,3
224801,2
224803,1
224807,1
224816,1
224820,1
224825,2
224827,1
224832,1
224835,1
224840,1
224845,1
224850,1
224856,1
224861,1
224875,1
224882,1
224888,1
224890,1
224896,1
224902,1
224910,1
224923,1
224925,1
224928,1
224934,1
224936,1
224939,2
224943,1
224950,1
224957,2
224960,1
224963,1
224970,1
224972,1
224974,1
224977,2
224979,1
224992,1
224994,1
224999,2
225002,1
225012,1
225021,2
225025,1
225031,1
225035,1
225043,1
225050,1
225052,1
225059,1
225064,2
225077,1
225081,1
225084,1
225091,1
225101,2
225109,1
225118,2
225127,1
225135,1
225145,1
225159,2
225165,1
225171,1
225177,1
225179,1
225182,1
225184,1
225201,2
225209,1
225218,1
225222,2
225225,1
225234,1
225236,1
225243,1
225247,1
225250,1
225257,1
225259,1
225261,1
225269,1
225273,1
225276,1
225279,1
225286,1
225289,2
225292,1
225295,1
225303,1
225305,1
225307,1
225312,1
225317,1
225331,1
225335,1
225346,1
225353,1
225357,1
225360,1
225372,2
225376,1
225382,1
225384,1
225386,1
225401,1
225408,1
225438,1
225440,1
225449,1
225461,1
225464,1
225466,1
225468,1
225470,1
225480,1
225484,1
225496,2
225498,1
225501,1
225508,1
225512,1
225517,1
225534,2
225537,1
225539,1
225550,1
225552,1
225558,1
225563,1
225570,1
225574,1
225578,1
225582,2
225585,1
225599,1
225601,1
225603,1
225611,1
225615,1
225617,1
225622,1
225631,1
225636,1
225639,1
225641,1
225646,1
225657,2
225660,1
225663,1
225677,1
225692,1
225698,1
225700,1
225705,1
225713,1
225722,1
225724,1
225733,1
225737,1
225744,2
225748,1
225753,1
225757,1
225759,1
225784,2
225790,1
225792,1
225799,1
225801,1
225805,1
225808,1
225810,1
225813,1
225815,1
225819,1
225831,1
225836,1
225838,1
225843,1
225846,1
225850,1
225860,1
225864,1
225869,1
225871,1
225873,1
225877,1
225888,1
225904,1
225907,1
225913,1
225915,1
225921,1
225923,1
225935,1
225952,1
225959,1
225967,1
225984,1
225988,1
225991,1
226007,1
226016,2
226025,2
226040,1
226043,1
226049,1
226056,1
226059,1
226061,1
226067,2
226070,1
226077,1
226081,1
226084,1
226087,1
226094,1
226106,1
226109,1
226111,1
226117,1
226123,1
226132,1
226134,1
226136,1
226140,1
226142,1
226146,1
226151,1
226163,1
226171,1
226180,1
226182,1
226189,1
226199,1
226208,1
226212,1
226219,1
226221,1
226225,1
226228,1
226237,2
226239,1
226244,1
226247,1
226252,1
226267,1
226269,1
226272,1
226276,1
226283,1
226287,1
226292,1
226295,1
226307,1
226310,1
226317,1
226319,1
226321,1
226323,1
226334,1
226338,1
226355,1
226363,1
226366,1
226370,1
226373,2
226375,1
226380,1
226387,1
226390,1
226394,1
226400,1
226410,2
226413,1
226421,1
226428,1
226431,1
226435,1
226444,1
226447,2
226458,1
226464,2
226470,1
226473,1
226476,1
226478,1
226481,1
226483,1
226496,1
226501,1
226503,1
226505,1
226508,1
226512,1
226518,1
226520,1
226530,2
226533,1
226540,1
226542,1
226545,2
226550,1
226554,1
226562,1
226568,1
226581,1
226585,1
226588,1
226590,1
226606,1
226609,2
226611,1
226617,1
226621,2
226642,1
226648,2
226663,1
226666,1
226668,1
226672,2
226681,1
226687,2
226692,1
226697,1
226701,1
226715,1
226730,2
226733,1
226737,1
226739,1
226741,1
226748,1
226752,1
226761,1
226770,1
226775,1
226781,1
226785,1
226788,1
226790,1
226813,1
226820,1
226825,1
226828,1
226834,1
226839,2
226853,1
226855,1
226869,1
226871,1
226875,1
226880,1
226884,2
226889,1
226896,1
226900,1
226902,1
226909,1
226915,1
226921,1
226936,1
226938,1
226940,1
226944,2
226947,1
226950,1
226962,1
226967,1
226974,1
226977,1
226980,1
226983,1
226989,1
226994,1
226997,1
226999,1
227006,1
227008,1
227012,1
227017,1
227023,1
227026,2
227028,1
227032,1
227035,1
227040,2
227046,1
227064,1
227073,1
227081,1
227084,2
227090,1
227102,1
227104,1
227116,1
227120,1
227126,1
227128,1
227131,1
227141,1
227144,1
227155,1
227173,1
227177,1
227182,2
227184,1
227187,1
227193,1
227196,1
227199,2
227204,1
227211,2
227217,1
227228,1
227248,2
227252,1
227255,1
227263,1
227280,2
227288,1
227290,1
227292,1
227310,1
227317,1
227325,2
227332,1
227335,1
227339,1
227346,1
227348,1
227350,1
227352,1
227354,1
227356,1
227375,2
227382,1
227391,1
227395,1
227397,1
227402,1
227404,1
227423,1
227432,1
227434,1
227438,1
227446,1
227461,1
227464,1
227480,1
227486,1
227493,1
227499,1
227512,1
227515,1
227518,1
227531,1
227534,1
227537,1
227545,1
227548,1
227550,1
227552,1
227554,1
227560,1
227571,1
227573,1
227576,1
227583,2
227587,1
227589,1
227596,1
227606,1
227608,1
227615,1
227622,2
227627,1
227630,1
227634,1
227644,1
227650,1
227654,1
227663,1
227678,1
227687,1
227689,1
227692,1
227694,1
227697,1
227704,1
227709,2
227711,1
227718,1
227721,2
227725,1
227731,1
227740,1
227745,1
227759,1
227762,1
227765,1
227768,1
227771,1
227778,1
227786,1
227794,1
227801,1
227813,1
227815,1
227822,1
227833,1
227842,1
227853,1
227859,1
227861,1
227868,1
227874,1
227880,1
227882,1
227890,1
227892,1
227896,1
227898,1
227901,1
227903,1
227905,1
227909,1
227913,2
227915,1
227921,2
227924,1
227931,1
227933,1
227937,2
227940,1
227948,1
227953,1
227963,2
227968,1
227984,1
227987,1
227991,1
227996,1
228002,1
228006,1
228009,1
228015,1
228022,1
228031,1
228043,1
228046,2
228050,1
228055,2
228074,1
228080,1
228086,1
228098,2
228110,1
228114,2
228120,2
228124,1
228126,1
228131,1
228139,1
228147,1
228152,1
228155,1
228159,2
228161,1
228166,1
228168,1
228175,1
228177,1
228183,1
228187,1
228194,1
228205,1
228208,1
228216,1
228220,1
228226,2
228231,1
228234,2
228239,1
228242,2
228246,1
228250,1
228262,1
228266,1
228268,1
228281,1
228299,1
228301,1
228316,2
228326,1
228337,1
228347,1
228355,1
228359,1
228363,2
228365,1
228368,1
228374,3
228377,1
228379,1
228393,1
228397,1
228405,1
228413,1
228416,1
228423,1
228425,1
228428,1
228430,1
228448,1
228450,1
228454,1
228459,1
228462,1
228471,2
228477,1
228479,1
228488,1
228492,1
228499,1
228512,1
228524,1
228528,1
228532,1
228537,2
228545,1
228551,1
228553,1
228569,1
228572,1
228580,1
228586,1
228595,1
228603,1
228605,1
228617,1
228623,1
228633,1
228637,1
228641,1
228651,2
228659,2
228661,1
228667,1
228673,2
228678,1
228685,1
228693,1
228695,1
228697,1
228705,1
228714,1
228719,2
228729,1
228740,1
228744,2
228753,2
228756,1
228758,1
228764,1
228767,1
228772,1
228775,1
228780,2
228789,1
228793,1
228804,2
228807,1
228814,1
228828,1
228834,1
228837,1
228845,1
228848,1
228851,1
228859,1
228861,1
228863,1
228866,2
228868,1
228871,1
228875,1
228877,1
228879,1
228882,1
228887,1
228891,1
228895,1
228897,1
228901,1
228904,1
228940,1
228946,1
228949,2
228951,1
228954,1
228958,2
228963,1
228967,1
228969,1
228972,1
228975,1
228977,1
228980,1
228983,1
228990,1
228998,1
229007,2
229012,1
229020,1
229023,1
229029,1
229037,1
229040,1
229044,1
229054,1
229056,1
229061,1
229069,2
229072,1
229075,1
229087,1
229092,1
229107,1
229112,1
229115,1
229117,1
229119,1
229122,1
229128,1
229141,2
229144,1
229148,1
229173,1
229176,1
229178,1
229187,1
229189,1
229192,1
229197,1
229200,1
229203,2
229218,1
229221,1
229227,1
229230,1
229235,1
229238,1
229245,1
229248,2
229250,1
229255,1
229264,1
229270,1
229272,1
229277,1
229280,1
229285,1
229287,1
229289,1
229291,1
229295,1
229304,1
229306,1
229308,1
229315,1
229320,1
229323,1
229326,1
229333,1
229339,1
229362,1
229364,1
229366,1
229370,1
229373,1
229382,1
229393,1
229397,1
229403,1
229406,1
229412,2
229415,1
229419,1
229427,2
229432,1
229434,1
229439,1
229445,1
229448,1
229451,1
229453,1
229456,1
229462,1
229468,1
229470,1
229475,1
229489,1
229492,1
229498,1
229500,1
229508,1
229515,1
229535,1
229545,1
229550,1
229557,1
229581,1
229585,2
229588,1
229595,1
229597,1
229601,1
229616,1
229618,1
229632,1
229635,1
229637,1
229642,1
229646,1
229649,1
229664,1
229670,1
229672,1
229681,1
229685,1
229691,1
229698,1
229708,1
229710,1
229732,1
229736,1
229739,1
229741,1
229745,2
229749,1
229753,2
229760,2
229775,1
229778,2
229784,2
229802,1
229815,1
229820,3
229827,1
229829,1
229833,1
229836,1
229842,1
229854,1
229864,1
229871,1
229877,1
229879,1
229886,1
229893,1
229901,1
229906,1
229910,1
229912,1
229919,1
229930,1
229950,1
229957,1
229960,1
229985,1
229989,1
229999,1
230002,1
230008,1
230016,1
230020,1
230023,1
230029,1
230033,1
230035,1
230042,1
230045,1
230047,1
230049,1
230053,1
230055,1
230059,2
230075,1
230079,1
230086,1
230089,1
230098,1
230101,1
230105,2
230115,1
230119,1
230121,1
230126,1
230129,1
230131,1
230134,1
230139,1
230141,1
230143,1
230162,2
230166,1
230168,1
230179,1
230183,1
230194,1
230199,1
230203,1
230209,1
230222,2
230226,1
230233,1
230236,1
230241,2
230243,1
230257,1
230261,1
230265,1
230269,1
230271,1
230274,2
230278,2
230280,1
230282,1
230284,1
230292,1
230295,1
230300,1
230304,1
230324,1
230328,1
230334,1
230342,1
230350,1
230359,1
230362,1
230364,1
230367,1
230375,1
230381,1
230383,1
230388,1
230390,1
230404,1
230406,1
230420,1
230423,1
230428,1
230434,1
230438,1
230443,1
230451,1
230465,1
230468,1
230471,1
230480,1
230484,1
230498,1
230500,1
230502,1
230510,1
230513,1
230529,1
230531,1
230538,1
230555,1
230558,1
230560,1
230564,1
230566,1
230576,1
230582,2
230591,1
230601,1
230606,1
230617,1
230624,1
230627,1
230634,1
230637,1
230641,1
230643,1
230650,1
230652,1
230690,1
230706,1
230709,1
230712,1
230714,1
230717,1
230721,2
230731,1
230735,1
230739,1
230746,1
230750,1
230764,2
230766,1
230772,1
230774,1
230781,2
230787,1
230802,1
230820,1
230826,1
230830,2
230833,2
230836,1
230841,1
230843,1
230849,1
230856,1
230860,1
230862,1
230867,2
230870,1
230877,2
230883,1
230885,1
230897,1
230903,1
230913,1
230918,1
230927,2
230937,2
230940,1
230944,2
230954,1
230958,1
230960,1
230963,1
230967,1
230970,2
230972,1
230977,2
230979,1
230982,2
230987,1
231006,1
231014,1
231016,1
231018,1
231024,1
231036,1
231040,1
231048,1
231052,1
231055,1
231059,1
231072,1
231094,1
231101,1
231105,1
231110,1
231113,2
231115,1
231117,1
231124,1
231126,1
231129,1
231131,1
231137,1
231143,2
231145,1
231149,2
231158,2
231175,1
231181,1
231192,1
231195,1
231200,1
231205,1
231207,1
231211,1
231220,1
231222,1
231227,1
231230,1
231238,2
231250,1
231260,1
231270,1
231279,1
231281,1
231283,1
231285,1
231287,1
231292,2
231298,1
231300,1
231304,1
231309,1
231316,1
231320,1
231331,1
231334,1
231340,1
231343,2
231347,1
231349,1
231371,1
231373,1
231375,1
231385,2
231389,1
231392,1
231401,1
231408,1
231412,1
231414,1
231416,1
231418,1
231424,2
231432,2
231435,1
231438,2
231440,1
231442,1
231451,1
231454,1
231466,1
231469,1
231472,1
231474,1
231476,1
231478,1
231480,1
231489,2
231499,2
231505,1
231508,1
231514,2
231517,1
231527,1
231536,1
231541,1
231546,1
231557,2
231566,1
231583,1
231594,1
231597,1
231599,1
231602,1
231605,1
231611,1
231620,1
231623,1
231641,1
231654,2
231664,1
231666,1
231668,1
231671,1
231678,1
231685,1
231695,1
231697,1
231700,2
231704,1
231735,1
231737,1
231750,1
231753,1
231767,1
231769,1
231772,1
231774,1
231776,1
231781,1
231789,1
231793,1
231798,1
231827,1
231829,1
231837,1
231845,1
231849,1
231857,1
231884,1
231886,1
231891,1
231914,1
231924,1
231927,1
231936,1
231950,1
231956,1
231966,1
231968,1
231971,1
231978,1
231982,1
231993,1
232003,1
232021,2
232023,1
232037,1
232039,1
232049,1
232063,1
232073,1
232081,2
232083,1
232086,1
232091,1
232095,1
232100,1
232106,1
232111,1
232115,1
232120,1
232133,1
232135,1
232150,2
232152,1
232154,1
232167,1
232169,1
232174,1
232178,1
232182,1
232198,1
232211,1
232213,1
232230,2
232240,1
232243,1
232246,1
232251,1
232257,1
232267,1
232269,1
232273,1
232276,1
232278,1
232284,1
232292,1
232298,2
232304,1
232306,1
232309,1
232314,1
232323,1
232327,1
232330,2
232339,1
232345,1
232348,1
232360,1
232364,1
232369,1
232374,1
232384,1
232394,1
232396,1
232401,1
232403,1
232414,1
232423,1
232434,1
232437,1
232442,1
232444,1
232452,1
232459,2
232462,1
232465,1
232470,1
232503,1
232505,1
232509,1
232512,1
232518,1
232521,1
232528,1
232532,1
232534,1
232546,1
232555,1
232562,1
232564,1
232570,1
232573,1
232578,1
232581,1
232587,1
232596,1
232602,1
232612,1
232618,1
232628,1
232631,1
232644,1
232646,1
232650,1
232668,1
232675,2
232685,1
232688,1
232694,2
232703,1
232706,2
232708,1
232710,1
232715,1
232717,1
232721,1
232728,1
232730,1
232735,1
232737,1
232743,1
232745,1
232747,1
232749,1
232756,1
232764,1
232779,1
232782,2
232795,1
232797,1
232800,1
232804,1
232808,1
232810,1
232818,1
232820,1
232823,1
232825,1
232829,1
232831,1
232834,1
232856,1
232858,1
232863,1
232874,1
232879,1
232881,1
232886,1
232910,1
232915,1
232944,1
232956,1
232961,1
232964,2
232971,1
232973,1
232975,1
232986,1
232988,1
232992,1
233006,1
233008,1
233015,1
233024,1
233029,1
233033,2
233039,1
233041,1
233047,2
233049,1
233057,1
233064,1
233068,1
233071,1
233077,2
233081,1
233084,1
233087,1
233096,1
233100,1
233110,1
233112,1
233122,1
233134,1
233145,1
233156,2
233158,1
233161,1
233167,1
233170,1
233176,1
233179,1
233186,1
233191,1
233197,1
233200,1
233208,1
233219,1
233231,1
233237,2
233242,1
233249,1
233251,1
233254,2
233257,1
233265,1
233267,1
233271,1
233276,1
233278,1
233282,1
233294,1
233305,1
233308,1
233313,1
233320,2
233327,2
233331,1
233346,1
233349,1
233362,1
233364,1
233370,1
233373,1
233376,1
233383,1
233385,1
233388,1
233404,1
233407,1
233411,1
233420,2
233423,1
233427,1
233430,1
233444,1
233447,1
233453,2
233462,1
233467,1
233482,1
233484,1
233486,1
233489,1
233499,1
233523,1
233528,1
233532,1
233537,1
233540,1
233547,1
233552,1
233574,1
233584,1
233586,1
233592,1
233595,2
233598,1
233601,1
233604,1
233614,1
233622,2
233640,1
233643,1
233655,2
233659,1
233661,1
233663,1
233666,1
233669,1
233672,1
233677,1
233680,1
233694,1
233697,1
233701,1
233712,1
233714,1
233724,2
233727,1
233731,1
233737,1
233750,1
233752,1
233755,1
233759,1
233768,1
233772,1
233774,1
233779,1
233788,1
233800,1
233803,1
233807,1
233816,1
233826,1
233831,2
233833,1
233840,1
233850,2
233854,1
233862,1
233864,1
233884,1
233892,2
233900,1
233920,1
233924,1
233926,1
233932,1
233935,1
233952,1
233954,1
233960,2
233968,1
233971,1
233983,1
234005,1
234008,1
234012,1
234014,1
234017,1
234030,1
234033,1
234035,1
234037,1
234039,1
234046,1
234050,1
234057,1
234069,1
234078,2
234083,1
234085,1
234088,1
234094,1
234096,1
234109,1
234112,1
234123,1
234126,2
234128,1
234130,1
234136,1
234148,2
234156,1
234160,1
234164,1
234170,1
234177,1
234181,2
234184,1
234189,1
234194,1
234197,1
234204,1
234208,1
234211,2
234215,2
234224,1
234230,2
234236,1
234245,1
234252,2
234263,1
234266,2
234269,1
234276,1
234287,1
234291,1
234293,1
234296,1
234299,1
234301,1
234319,1
234324,1
234326,1
234328,1
234337,2
234353,1
234358,1
234360,1
234369,1
234376,1
234378,1
234380,1
234386,1
234391,1
234397,1
234404,1
234407,1
234409,1
234415,1
234417,1
234420,1
234428,1
234437,1
234457,1
234467,2
234491,1
234493,1
234496,1
234498,1
234501,1
234505,1
234527,1
234530,2
234534,2
234536,1
234543,1
234551,2
234555,1
234558,1
234561,2
234568,1
234571,1
234574,2
234585,1
234595,1
234597,1
234608,1
234621,1
234626,2
234634,1
234643,1
234652,1
234656,1
234658,1
234664,1
234669,1
234674,1
234677,1
234682,1
234693,1
234700,1
234702,1
234721,1
234726,1
234730,1
234735,1
234737,1
234741,1
234746,1
234751,2
234759,1
234771,1
234779,1
234781,1
234784,2
234790,1
234795,1
234800,2
234823,1
234827,1
234830,1
234832,1
234836,1
234840,1
234855,1
234859,1
234871,1
234885,1
234891,1
234908,2
234911,1
234927,1
234938,1
234945,1
234948,1
234950,1
234954,1
234958,1
234961,1
234967,3
234971,2
234978,1
234984,1
234988,2
234993,1
235017,1
235038,1
235043,2
235049,1
235058,1
235071,1
235081,1
235096,2
235098,1
235101,1
235104,1
235110,1
235118,1
235121,1
235124,1
235131,1
235134,1
235138,1
235143,2
235149,1
235152,1
235155,1
235157,1
235161,1
235164,1
235172,1
235174,1
235180,1
235183,1
235190,1
235196,1
235199,1
235203,1
235207,2
235215,1
235231,2
235234,1
235236,1
235238,1
235243,1
235258,1
235260,1
235265,1
235268,2
235271,1
235273,1
235275,1
235278,1
235283,1
235291,1
235293,1
235298,1
235300,1
235308,1
235313,1
235316,1
235320,1
235324,1
235328,1
235341,1
235348,2
235351,2
235364,1
235366,1
235371,2
235382,1
235386,1
235390,1
235392,1
235398,1
235400,1
235402,1
235404,1
235407,1
235409,1
235414,1
235417,1
235420,1
235423,1
235426,1
235431,1
235437,1
235453,1
235461,1
235476,1
235479,1
235492,1
235501,1
235516,1
235518,1
235523,1
235539,1
235541,1
235543,1
235548,1
235557,1
235559,1
235562,1
235569,1
235572,1
235574,1
235576,1
235578,1
235591,1
235595,2
235597,1
235601,1
235611,1
235645,1
235649,1
235654,1
235669,1
235672,1
235680,1
235687,1
235689,1
235695,1
235705,1
235708,1
235710,1
235724,1
235726,1
235728,1
235731,1
235735,1
235749,1
235755,1
235763,1
235765,1
235767,1
235769,1
235772,1
235775,1
235779,1
235789,1
235799,1
235801,1
235803,1
235815,1
235818,1
235823,1
235829,1
235834,1
235839,1
235848,2
235857,1
235863,1
235868,1
235871,1
235877,1
235895,2
235897,1
235902,1
235907,1
235912,1
235915,1
235918,1
235925,1
235933,1
235935,1
235939,1
235952,1
235961,1
235967,1
235969,1
235973,1
235975,1
235978,1
235987,2
235989,1
235992,1
236006,1
236009,1
236012,1
236021,1
236030,1
236032,1
236036,1
236042,1
236044,1
236048,1
236050,1
236052,1
236057,1
236071,2
236081,1
236083,1
236086,1
236088,1
236090,1
236097,2
236099,1
236106,1
236109,2
236111,1
236113,1
236117,1
236123,1
236125,1
236129,1
236131,1
236139,1
236146,2
236164,1
236175,1
236185,1
236187,1
236195,1
236201,1
236204,1
236227,1
236237,1
236241,1
236252,1
236264,1
236266,1
236276,1
236280,1
236283,1
236286,1
236295,1
236300,1
236309,1
236315,1
236330,1
236334,1
236338,1
236353,1
236371,1
236387,1
236391,1
236406,1
236408,1
236412,1
236415,2
236436,2
236445,1
236451,2
236468,1
236474,1
236482,1
236484,1
236498,1
236504,1
236512,1
236514,1
236516,1
236523,1
236525,1
236530,1
236538,1
236542,1
236544,1
236552,1
236557,1
236562,1
236564,1
236568,1
236570,1
236573,1
236575,1
236578,1
236581,2
236583,1
236585,1
236590,1
236592,1
236595,1
236599,2
236618,1
236620,1
236624,1
236627,1
236631,2
236633,1
236639,1
236641,1
236643,1
236650,1
236652,1
236655,1
236658,1
236661,1
236672,1
236675,1
236678,1
236680,1
236682,1
236684,1
236695,1
236697,1
236702,2
236704,1
236710,1
236734,1
236738,1
236743,1
236747,1
236750,1
236753,1
236755,1
236758,2
236761,2
236763,1
236766,1
236772,2
236775,1
236780,1
236792,1
236794,1
236805,1
236810,1
236812,1
236822,2
236826,1
236829,1
236832,2
236835,1
236840,1
236848,1
236856,1
236860,1
236866,1
236869,1
236872,1
236878,1
236885,1
236888,1
236890,1
236894,1
236901,1
236903,1
236905,1
236908,1
236923,1
236927,1
236933,1
236937,1
236946,1
236954,1
236961,1
236963,1
236980,1
236985,1
236994,1
236998,1
237002,1
237015,2
237025,1
237033,1
237036,1
237056,1
237058,1
237063,1
237069,1
237075,1
237077,1
237079,1
237083,1
237093,1
237096,1
237105,1
237113,1
237121,1
237124,1
237130,1
237132,1
237137,1
237148,1
237150,1
237152,1
237154,1
237168,1
237171,1
237180,1
237189,1
237193,1
237210,1
237231,1
237244,1
237247,1
237249,1
237255,1
237266,1
237270,1
237280,1
237285,1
237293,1
237300,1
237303,1
237307,1
237311,2
237324,1
237329,1
237332,1
237340,1
237343,1
237373,1
237378,1
237380,1
237394,1
237407,1
237418,1
237421,1
237424,1
237427,1
237434,1
237436,1
237439,1
237442,1
237453,1
237461,1
237469,1
237473,1
237476,1
237482,1
237487,1
237496,1
237507,1
237513,1
237516,1
237528,1
237532,1
237534,1
237541,2
237548,1
237552,1
237554,1
237559,1
237561,1
237564,1
237590,1
237599,1
237609,1
237613,1
237624,1
237637,1
237646,1
237652,1
237660,1
237679,1
237681,1
237691,1
237703,2
237723,1
237725,1
237738,1
237741,1
237744,1
237749,1
237755,1
237776,1
237780,1
237784,1
237789,1
237793,1
237796,1
237805,1
237809,1
237812,1
237816,1
237822,1
237836,1
237840,1
237853,1
237859,1
237864,1
237867,1
237872,1
237879,1
237882,1
237885,1
237887,1
237889,1
237902,1
237904,1
237912,2
237914,1
237917,1
237928,1
237932,1
237936,1
237940,2
237957,2
237975,1
237986,1
237989,2
237992,1
237999,1
238007,1
238012,1
238020,1
238023,1
238025,1
238030,1
238033,1
238046,1
238048,1
238053,1
238056,1
238066,1
238071,1
238073,1
238081,1
238087,1
238098,1
238100,1
238105,1
238107,1
238117,1
238120,2
238123,1
238129,1
238135,1
238142,1
238144,1
238156,1
238160,1
238174,1
238177,1
238184,1
238187,1
238190,1
238202,1
238210,1
238214,1
238216,1
238220,1
238228,1
238234,1
238237,1
238241,1
238253,1
238269,1
238273,1
238276,1
238296,1
238306,1
238309,1
238317,1
238330,1
238342,1
238351,1
238355,1
238361,1
238367,1
238370,1
238372,1
238375,1
238386,1
238389,1
238391,1
238402,1
238418,1
238425,1
238429,1
238434,1
238436,1
238439,2
238447,1
238450,1
238462,1
238466,1
238472,1
238479,1
238481,1
238484,1
238496,1
238500,1
238502,1
238504,1
238506,1
238509,1
238516,1
238519,1
238523,1
238541,2
238543,1
238547,1
238552,1
238554,1
238556,1
238560,1
238565,1
238570,1
238576,1
238578,1
238587,1
238595,1
238600,1
238603,2
238612,2
238627,1
238630,1
238636,1
238658,1
238661,1
238670,1
238685,1
238688,1
238704,1
238707,1
238710,1
238712,1
238716,1
238731,1
238734,1
238736,1
238742,1
238747,1
238749,1
238759,1
238766,1
238771,1
238774,1
238781,1
238783,1
238786,1
238789,1
238791,1
238798,1
238801,1
238803,1
238807,1
238816,1
238822,1
238825,1
238830,1
238833,1
238841,1
238846,1
238853,1
238861,1
238880,1
238882,1
238884,1
238894,1
238904,2
238913,1
238918,1
238924,1
238930,1
238938,1
238941,1
238943,1
238946,1
238957,1
238966,1
238977,1
238980,1
239001,1
239005,1
239009,1
239012,1
239018,1
239023,1
239025,1
239027,1
239030,1
239032,1
239034,1
239037,1
239040,1
239053,1
239057,1
239059,1
239064,1
239071,1
239080,1
239083,1
239093,1
239096,1
239106,1
239109,1
239111,1
239119,1
239123,1
239125,1
239130,1
239135,1
239144,1
239147,2
239149,1
239154,1
239159,1
239165,1
239169,2
239173,1
239182,1
239187,1
239190,1
239192,1
239194,1
239196,1
239199,1
239211,1
239213,1
239222,1
239229,2
239238,1
239241,1
239253,1
239267,1
239270,1
239273,2
239275,1
239280,1
239285,1
239289,2
239292,1
239298,1
239301,1
239305,1
239321,1
239326,1
239332,2
239334,1
239337,1
239339,1
239344,1
239355,1
239357,1
239359,1
239361,1
239367,1
239369,1
239374,2
239397,2
239428,1
239430,1
239436,1
239438,1
239447,1
239466,2
239474,1
239485,1
239493,1
239504,2
239506,1
239512,1
239515,1
239520,1
239523,2
239525,1
239527,1
239534,1
239540,1
239543,1
239549,1
239551,1
239557,1
239566,1
239579,1
239582,2
239588,1
239592,1
239597,1
239610,1
239623,1
239628,1
239630,1
239633,1
239637,1
239639,1
239641,1
239647,1
239658,1
239663,1
239665,1
239667,1
239674,1
239681,1
239694,1
239703,1
239705,1
239709,1
239713,1
239717,1
239726,1
239728,1
239733,1
239735,1
239742,1
239754,1
239756,1
239761,1
239767,1
239771,1
239786,1
239789,1
239796,1
239802,1
239808,2
239812,1
239815,1
239817,1
239821,1
239834,1
239842,2
239848,2
239851,1
239859,1
239865,1
239869,1
239875,1
239893,1
239900,1
239903,1
239909,1
239918,1
239924,2
239929,1
239961,1
239972,1
239984,1
239989,1
239993,1
239997,1
240000,1
240003,1
240006,1
240009,1
240015,1
240017,1
240029,1
240036,1
240042,1
240046,1
240053,1
240060,2
240066,1
240068,1
240072,1
240083,1
240089,1
240097,1
240106,1
240112,1
240117,1
240129,1
240131,1
240140,1
240151,1
240154,1
240157,2
240161,1
240165,1
240173,1
240177,1
240180,1
240183,1
240185,1
240188,1
240190,1
240192,1
240198,1
240201,1
240205,2
240208,1
240210,1
240224,1
240248,1
240252,1
240254,1
240261,1
240263,1
240265,1
240278,1
240292,1
240300,1
240304,1
240306,1
240311,1
240330,2
240333,1
240338,1
240347,1
240350,1
240358,1
240363,1
240372,1
240376,1
240379,1
240383,1
240386,1
240392,1
240398,1
240405,1
240417,1
240424,1
240426,1
240428,1
240432,1
240438,1
240444,1
240449,1
240465,1
240485,1
240491,1
240495,1
240498,1
240502,1
240509,1
240514,1
240522,1
240531,1
240541,1
240554,1
240557,1
240569,1
240571,1
240581,1
240603,1
240606,1
240608,1
240615,2
240626,1
240632,1
240636,1
240642,2
240649,1
240652,1
240664,1
240668,1
240673,1
240675,1
240678,1
240680,1
240686,1
240690,1
240699,1
240702,1
240706,1
240708,1
240732,1
240734,1
240744,1
240747,1
240759,1
240761,1
240764,1
240766,1
240777,1
240784,1
240797,1
240800,1
240802,1
240819,1
240825,1
240827,1
240830,1
240832,1
240835,1
240837,1
240839,1
240846,1
240849,1
240855,1
240864,1
240866,1
240870,1
240874,1
240880,1
240886,1
240904,1
240907,1
240909,1
240915,1
240919,1
240923,1
240926,1
240928,1
240930,1
240933,1
240942,1
240945,2
240947,1
240951,1
240955,1
240961,1
240970,1
240976,1
240980,1
240984,1
240988,1
240991,1
241005,1
241013,1
241023,1
241025,1
241032,1
241039,1
241043,1
241045,1
241052,2
241058,1
241060,1
241068,1
241070,1
241073,1
241076,1
241078,1
241081,1
241083,1
241087,1
241089,1
241091,1
241101,1
241110,1
241112,1
241114,1
241119,1
241121,1
241127,1
241134,1
241144,1
241155,1
241162,1
241179,1
241186,1
241193,1
241198,1
241202,1
241210,1
241218,2
241222,1
241229,1
241233,1
241236,1
241238,1
241241,1
241254,1
241260,1
241264,1
241271,1
241273,1
241286,2
241300,1
241302,1
241312,2
241316,2
241319,1
241328,1
241332,1
241339,1
241345,1
241347,1
241359,1
241368,1
241388,1
241397,1
241400,1
241404,1
241407,1
241418,1
241422,1
241438,1
241447,1
241449,1
241466,2
241473,1
241477,2
241481,1
241485,1
241487,1
241499,2
241502,1
241504,1
241509,1
241511,1
241517,1
241525,1
241529,1
241539,1
241544,1
241552,1
241559,1
241574,1
241581,1
241592,1
241604,1
241608,1
241611,1
241615,1
241620,1
241630,1
241632,1
241645,1
241650,1
241652,1
241658,1
241662,1
241665,2
241668,1
241690,2
241692,1
241702,1
241711,1
241713,1
241716,1
241718,1
241728,1
241736,2
241738,1
241744,1
241755,1
241766,1
241775,1
241781,1
241787,1
241790,2
241792,1
241794,1
241797,1
241803,1
241806,1
241809,2
241817,1
241824,1
241826,1
241828,1
241834,1
241837,1
241842,1
241844,1
241848,1
241859,1
241865,1
241874,1
241876,1
241879,1
241881,1
241883,1
241889,1
241891,1
241894,1
241903,1
241905,1
241914,1
241916,1
241920,1
241928,1
241931,1
241936,1
241952,1
241959,1
241962,1
241967,1
241969,1
241974,1
241976,1
241983,1
241993,1
241995,1
242004,1
242007,1
242013,2
242019,1
242023,1
242035,1
242039,1
242043,1
242045,1
242047,1
242049,1
242057,1
242082,1
242088,1
242097,1
242115,1
242122,1
242127,1
242140,1
242144,1
242147,2
242149,1
242160,1
242191,1
242195,1
242219,1
242221,1
242225,1
242233,1
242237,1
242241,1
242244,1
242249,1
242253,1
242260,1
242268,1
242274,2
242277,2
242291,1
242294,1
242296,1
242302,1
242314,1
242331,1
242333,1
242338,2
242340,1
242344,1
242357,1
242371,1
242373,1
242377,1
242380,1
242393,1
242399,1
242407,1
242418,1
242426,1
242428,1
242431,2
242434,1
242438,1
242443,1
242446,1
242448,1
242450,1
242452,1
242463,1
242467,1
242480,1
242484,1
242487,1
242494,1
242503,1
242506,1
242508,1
242517,1
242520,1
242523,1
242529,1
242531,1
242540,1
242542,1
242548,1
242559,1
242571,1
242574,1
242603,1
242606,1
242613,1
242624,1
242632,1
242638,1
242650,1
242670,2
242674,2
242685,1
242688,1
242694,1
242699,1
242706,1
242715,1
242717,1
242722,1
242725,1
242735,1
242741,1
242750,1
242752,1
242769,1
242777,1
242783,1
242786,1
242788,1
242790,1
242797,1
242802,1
242819,1
242825,1
242831,2
242838,1
242840,1
242842,1
242847,1
242872,1
242879,1
242883,1
242887,1
242897,1
242911,1
242913,1
242922,2
242924,1
242928,1
242933,1
242937,1
242942,1
242945,1
242948,1
242954,1
242959,1
242962,2
242968,1
242975,1
242981,2
242984,1
242991,1
242993,1
242995,1
243003,1
243006,1
243015,1
243018,1
243027,1
243036,1
243040,1
243044,1
243048,1
243058,2
243060,1
243062,1
243074,1
243079,1
243088,1
243092,1
243099,1
243104,1
243107,1
243114,1
243126,1
243130,1
243146,1
243158,1
243168,1
243174,1
243185,1
243188,1
243192,1
243196,1
243201,1
243212,1
243214,1
243224,1
243237,1
243240,1
243248,1
243256,1
243260,1
243267,1
243274,1
243276,1
243279,1
243284,1
243302,1
243307,1
243311,1
243327,1
243337,1
243350,1
243361,1
243364,1
243367,1
243377,1
243380,1
243392,1
243397,1
243400,2
243414,1
243426,1
243432,1
243435,1
243438,2
243442,1
243448,1
243459,1
243485,1
243491,1
243497,1
243499,1
243501,1
243506,1
243509,1
243516,1
243531,1
243534,1
243536,1
243538,1
243546,1
243556,1
243565,1
243568,1
243579,1
243585,2
243593,1
243603,1
243608,1
243610,1
243624,2
243628,1
243633,1
243641,1
243644,1
243650,1
243652,1
243661,2
243663,1
243669,2
243671,1
243674,1
243676,1
243685,1
243699,1
243712,1
243724,1
243727,1
243740,2
243744,1
243752,1
243756,1
243759,1
243766,1
243769,1
243778,1
243783,1
243787,1
243789,1
243795,1
243798,2
243804,1
243810,1
243821,1
243823,1
243828,1
243832,1
243836,1
243845,1
243848,2
243850,1
243854,1
243857,1
243860,2
243872,1
243874,1
243883,1
243885,1
243891,1
243898,1
243902,1
243907,1
243910,1
243913,1
243917,2
243937,1
243943,2
243947,1
243949,1
243959,1
243962,1
243966,1
243969,1
243975,1
243977,1
243979,1
243986,1
243993,1
243995,1
244002,1
244010,2
244018,1
244021,1
244025,1
244029,1
244032,1
244035,1
244043,1
244050,1
244052,1
244056,1
244061,1
244064,2
244071,1
244074,1
244080,1
244082,1
244086,1
244091,1
244096,1
244106,1
244112,1
244116,1
244118,1
244120,1
244130,1
244145,1
244154,1
244157,1
244165,1
244170,1
244185,1
244197,1
244203,1
244205,1
244208,1
244212,1
244214,1
244227,1
244237,1
244241,1
244250,1
244261,1
244274,2
244280,1
244284,1
244290,1
244292,1
244298,1
244303,1
244305,1
244308,1
244313,1
244327,1
244329,1
244331,1
244333,1
244337,1
244340,1
244351,2
244354,2
244365,1
244369,1
244376,1
244378,1
244384,1
244392,1
244405,1
244409,1
244412,1
244414,1
244418,1
244425,1
244433,1
244444,1
244447,1
244450,1
244453,2
244465,2
244477,1
244480,1
244483,1
244494,1
244500,1
244502,1
244509,1
244520,1
244527,1
244533,1
244545,1
244556,2
244559,1
244568,1
244573,1
244582,1
244584,1
244587,1
244589,1
244599,1
244605,1
244607,1
244612,1
244615,2
244626,1
244631,1
244637,1
244641,1
244644,1
244651,1
244658,2
244668,1
244670,1
244676,1
244688,1
244692,1
244695,1
244697,1
244709,1
244716,1
244718,1
244720,1
244723,1
244725,1
244727,1
244737,1
244739,1
244743,1
244745,1
244755,1
244760,2
244766,1
244769,2
244780,1
244784,1
244793,1
244800,1
244816,1
244822,1
244828,1
244836,1
244838,1
244842,1
244846,1
244850,1
244859,1
244861,1
244864,2
244867,2
244873,1
244876,1
244878,1
244883,1
244886,1
244888,1
244891,2
244913,1
244924,1
244927,1
244946,1
244950,1
244953,1
244957,1
244962,2
244965,1
245001,1
245020,1
245041,1
245058,1
245062,1
245065,1
245096,1
245100,1
245104,1
245111,1
245116,1
245133,1
245136,1
245155,1
245162,1
245172,1
245177,2
245180,1
245183,1
245188,1
245195,1
245198,1
245201,1
245207,1
245226,1
245228,1
245235,1
245240,1
245254,1
245258,1
245261,1
245274,1
245276,1
245279,1
245287,1
245294,1
245303,2
245315,1
245318,1
245320,1
245327,1
245335,1
245340,1
245353,1
245356,1
245358,1
245362,1
245365,1
245372,1
245374,1
245376,1
245379,2
245390,1
245395,2
245404,1
245406,1
245423,1
245429,1
245433,1
245447,1
245451,1
245460,1
245467,1
245476,1
245479,1
245491,1
245505,1
245512,1
245517,1
245536,1
245539,1
245552,2
245571,1
245587,1
245589,1
245598,1
245609,1
245619,1
245621,1
245627,1
245630,1
245635,1
245647,1
245656,1
245678,1
245697,1
245701,1
245711,1
245713,1
245721,2
245723,1
245727,1
245730,1
245747,1
245754,1
245758,1
245760,1
245766,1
245771,1
245779,1
245781,1
245786,1
245788,1
245795,1
245799,1
245804,1
245807,1
245810,1
245816,1
245828,1
245838,1
245844,1
245847,1
245850,1
245860,1
245863,1
245866,1
245869,1
245871,1
245875,2
245878,1
245892,1
245899,1
245902,1
245914,1
245918,2
245921,1
245934,1
245941,1
245946,2
245948,1
245951,1
245955,2
245958,1
245978,1
245981,1
245993,1
245996,2
246004,1
246007,1
246011,1
246016,1
246024,1
246026,1
246030,1
246046,1
246048,1
246055,1
246057,1
246064,2
246070,1
246072,1
246075,1
246077,1
246082,2
246087,1
246094,1
246096,1
246110,1
246112,1
246114,1
246124,1
246132,1
246156,1
246159,1
246169,1
246175,2
246177,1
246180,1
246188,1
246198,1
246201,1
246204,1
246206,1
246208,1
246220,1
246223,1
246226,1
246233,1
246243,1
246247,1
246252,1
246254,1
246269,1
246280,2
246283,1
246285,1
246292,1
246295,1
246312,1
246315,1
246320,1
246323,2
246329,1
246333,2
246352,1
246357,1
246365,1
246378,2
246385,1
246389,1
246405,1
246411,1
246414,1
246416,1
246418,1
246420,1
246428,1
246441,1
246444,1
246476,1
246479,1
246481,1
246489,1
246521,1
246528,1
246533,1
246536,1
246544,1
246550,1
246552,1
246560,1
246567,1
246572,1
246578,1
246580,1
246583,1
246588,1
246596,1
246605,1
246607,1
246617,1
246627,1
246634,1
246647,1
246650,1
246653,1
246656,2
246674,1
246677,1
246680,1
246686,1
246704,1
246711,1
246716,1
246729,3
246731,1
246734,1
246736,1
246740,1
246749,1
246760,1
246767,1
246774,1
246793,1
246796,1
246800,1
246802,1
246805,1
246807,1
246816,1
246823,1
246831,1
246839,1
246843,1
246848,1
246857,1
246867,1
246871,1
246876,1
246881,1
246886,1
246913,1
246917,1
246927,1
246933,1
246935,1
246942,1
246947,1
246958,2
246962,1
246967,1
247005,1
247008,2
247016,1
247024,1
247031,2
247041,1
247050,1
247055,1
247057,1
247060,1
247063,1
247065,1
247073,1
247078,1
247080,1
247089,1
247091,1
247093,1
247098,1
247100,1
247109,1
247114,1
247116,1
247126,1
247128,1
247145,1
247149,1
247154,1
247167,1
247176,1
247188,1
247191,1
247203,1
247208,1
247214,1
247222,1
247229,1
247231,1
247235,1
247240,1
247242,1
247247,1
247253,1
247262,1
247266,1
247270,2
247278,1
247280,1
247283,2
247285,1
247289,1
247299,1
247303,1
247307,1
247309,1
247311,1
247318,1
247320,1
247334,1
247338,1
247341,1
247346,1
247348,1
247359,1
247362,1
247368,2
247370,1
247374,1
247378,1
247389,1
247394,1
247408,1
247415,1
247419,2
247422,1
247424,1
247429,1
247432,1
247448,1
247452,1
247480,1
247483,1
247488,1
247506,1
247509,1
247514,2
247530,2
247543,1
247545,1
247551,1
247562,1
247564,1
247570,1
247583,1
247585,1
247587,1
247609,2
247612,1
247615,1
247619,1
247623,1
247629,1
247632,1
247657,1
247661,1
247677,1
247680,2
247697,1
247703,1
247707,1
247717,2
247730,1
247734,1
247736,1
247745,1
247750,1
247756,1
247760,1
247770,1
247774,1
247782,2
247785,1
247788,1
247793,1
247808,1
247811,1
247819,1
247825,1
247828,1
247830,1
247834,1
247836,1
247854,1
247863,1
247869,1
247897,1
247910,1
247919,1
247924,1
247926,1
247929,1
247932,1
247936,1
247939,1
247946,1
247949,1
247953,1
247955,1
247972,1
247975,1
247978,1
247982,1
247987,2
247992,1
247994,1
247996,1
248002,1
248008,1
248012,1
248014,1
248021,2
248024,2
248036,1
248043,1
248054,1
248059,2
248062,1
248076,1
248080,2
248092,1
248097,1
248105,1
248110,2
248125,1
248130,1
248133,1
248137,1
248143,1
248147,1
248150,1
248153,1
248163,1
248167,1
248175,1
248177,1
248183,1
248191,1
248193,1
248200,1
248202,1
248204,1
248213,1
248217,1
248222,1
248226,1
248233,1
248252,1
248256,1
248260,1
248262,1
248270,1
248273,1
248277,1
248300,1
248303,1
248306,1
248312,1
248314,1
248317,1
248322,1
248342,1
248347,1
248352,1
248357,1
248364,1
248388,1
248399,1
248404,1
248406,1
248410,1
248414,1
248427,1
248433,1
248435,1
248437,1
248449,2
248463,1
248468,2
248476,1
248492,1
248495,2
248502,1
248505,1
248518,1
248520,1
248525,1
248535,1
248544,1
248553,1
248559,1
248567,2
248579,1
248588,1
248590,1
248602,1
248607,1
248610,1
248616,1
248618,1
248631,1
248635,1
248647,1
248650,1
248654,1
248658,1
248677,2
248684,1
248687,1
248691,1
248693,1
248698,1
248704,1
248707,1
248709,1
248715,1
248726,1
248728,1
248735,2
248740,1
248742,1
248745,2
248752,1
248755,1
248759,1
248767,1
248770,1
248772,1
248775,1
248791,1
248796,1
248803,2
248807,1
248810,2
248817,1
248820,1
248822,1
248838,1
248840,1
248844,1
248846,1
248850,1
248859,1
248863,1
248867,1
248871,1
248877,1
248880,1
248883,1
248888,1
248893,1
248896,1
248908,1
248920,1
248931,1
248938,1
248943,2
248970,1
248972,1
248976,1
248981,1
248986,1
248990,2
248997,1
249002,2
249008,1
249011,1
249029,2
249034,1
249038,1
249054,1
249057,1
249064,1
249066,1
249069,1
249081,1
249087,1
249093,2
249095,1
249106,2
249113,1
249115,1
249122,1
249141,1
249146,1
249161,1
249163,1
249181,1
249186,1
249192,1
249199,1
249202,1
249206,1
249211,1
249220,1
249223,1
249225,1
249229,1
249235,1
249239,1
249245,1
249247,1
249250,1
249252,1
249257,1
249263,1
249269,2
249271,1
249275,1
249281,1
249284,1
249287,1
249308,1
249310,1
249312,1
249319,1
249332,1
249334,1
249338,1
249340,1
249346,1
249352,1
249357,1
249365,1
249371,1
249374,1
249378,1
249380,1
249390,1
249408,1
249416,1
249425,1
249428,1
249431,1
249439,2
249449,1
249453,1
249455,1
249458,1
249460,1
249462,1
249471,1
249484,1
249488,1
249490,1
249495,2
249514,1
249522,1
249527,1
249530,1
249533,1
249538,1
249541,1
249547,1
249549,1
249557,1
249560,1
249562,1
249564,1
249569,1
249571,1
249578,1
249585,1
249588,1
249594,1
249605,1
249607,1
249610,1
249616,1
249620,1
249622,1
249631,1
249638,1
249643,1
249651,1
249653,1
249656,1
249660,2
249665,1
249667,1
249676,1
249678,1
249684,1
249688,1
249698,1
249707,1
249717,1
249726,2
249742,1
249752,1
249755,1
249757,1
249765,1
249778,1
249785,1
249787,1
249789,1
249799,2
249812,1
249817,2
249819,1
249821,1
249825,1
249829,1
249832,1
249842,1
249846,1
249848,1
249856,1
249879,1
249883,1
249888,1
249903,2
249906,1
249911,1
249918,1
249921,1
249945,1
249951,1
249953,1
249956,1
249963,1
249969,1
249977,1
249979,1
249982,1
249985,1
249987,1
249996,2
250003,1
250009,1
250018,1
250024,1
250032,1
250040,1
250044,1
250053,1
250058,1
250067,1
250075,1
250080,1
250084,1
250092,1
250095,1
250100,1
250107,1
250110,1
250112,1
250114,1
250118,1
250123,2
250126,2
250147,1
250155,1
250162,1
250168,1
250174,1
250177,1
250179,1
250181,1
250188,1
250190,1
250192,1
250194,1
250196,1
250198,1
250200,1
250205,2
250214,2
250218,1
250224,1
250227,2
250231,1
250234,1
250241,1
250244,1
250247,1
250250,2
250253,1
250255,1
250262,1
250264,1
250280,1
250283,1
250289,2
250293,1
250297,1
250305,1
250309,1
250311,1
250314,1
250335,1
250341,1
250350,1
250359,2
250365,1
250368,1
250375,1
250386,1
250392,1
250412,1
250421,1
250427,1
250441,1
250449,1
250451,1
250469,1
250473,1
250480,1
250482,1
250486,1
250518,1
250525,1
250532,1
250539,1
250542,1
250547,1
250552,1
250555,1
250578,2
250590,1
250592,1
250597,2
250604,1
250606,1
250617,1
250621,1
250630,1
250632,1
250645,1
250649,1
250659,1
250673,1
250679,1
250681,1
250694,1
250696,1
250702,1
250708,1
250723,1
250726,1
250729,1
250742,1
250751,1
250753,1
250756,1
250765,1
250767,1
250771,1
250774,1
250777,1
250783,1
250786,1
250788,1
250792,1
250794,1
250796,1
250799,1
250802,1
250807,1
250812,3
250814,1
250817,1
250821,1
250833,2
250837,1
250839,1
250843,1
250845,1
250848,1
250853,1
250856,1
250858,1
250860,1
250869,2
250872,1
250882,1
250885,1
250889,1
250893,1
250902,1
250904,1
250909,1
250918,1
250921,2
250927,1
250929,1
250937,1
250942,1
250946,1
250948,1
250951,2
250958,1
250966,1
250968,1
250981,1
250985,1
250987,1
250989,1
250991,1
250993,1
250995,1
250998,1
251001,1
251008,1
251010,1
251015,1
251020,1
251026,1
251035,1
251038,1
251040,1
251046,1
251049,2
251051,1
251055,1
251060,1
251068,1
251077,1
251079,1
251081,1
251089,1
251095,1
251102,1
251117,1
251119,1
251123,1
251126,1
251130,1
251136,1
251141,1
251143,1
251147,1
251150,1
251155,1
251165,1
251168,1
251179,1
251182,1
251186,2
251193,1
251195,1
251198,1
251201,1
251203,1
251227,1
251231,1
251236,1
251243,1
251246,1
251253,1
251262,1
251270,1
251290,1
251292,1
251309,1
251313,1
251322,1
251327,1
251340,1
251345,1
251350,1
251354,1
251362,1
251366,1
251370,1
251375,1
251382,1
251384,1
251391,1
251393,1
251398,1
251400,1
251407,1
251410,1
251414,1
251427,2
251429,1
251439,1
251444,1
251462,1
251465,1
251468,1
251471,1
251476,1
251482,1
251492,2
251505,1
251511,1
251518,1
251521,1
251523,1
251527,1
251534,1
251536,1
251543,1
251551,1
251553,1
251561,1
251565,1
251575,2
251579,1
251591,1
251595,1
251601,1
251606,1
251613,1
251621,1
251625,1
251637,1
251645,1
251652,1
251654,1
251656,1
251661,1
251666,1
251672,1
251677,1
251694,1
251705,1
251708,1
251711,1
251716,1
251729,1
251736,2
251738,1
251740,1
251745,1
251747,1
251753,1
251756,1
251768,1
251774,1
251776,1
251779,1
251784,1
251787,1
251791,1
251795,1
251802,1
251814,1
251824,1
251827,2
251829,1
251831,1
251837,1
251840,1
251843,1
251846,1
251848,1
251852,1
251893,1
251897,1
251901,1
251903,1
251906,1
251910,1
251917,1
251924,1
251936,1
251938,1
251941,1
251943,1
251949,1
251951,1
251956,1
251960,1
251978,1
251983,1
251985,1
251989,2
251996,1
251998,1
252002,1
252008,1
252017,1
252026,1
252033,1
252036,1
252041,1
252047,1
252049,1
252051,1
252058,1
252064,1
252066,1
252068,1
252070,1
252072,1
252079,2
252082,1
252087,1
252091,1
252094,1
252103,1
252105,1
252109,1
252119,1
252121,1
252129,1
252132,1
252142,1
252146,2
252149,2
252152,1
252164,1
252180,1
252184,1
252190,1
252195,1
252202,1
252204,1
252206,1
252222,1
252232,1
252239,1
252242,2
252245,1
252248,1
252252,1
252256,1
252259,1
252262,1
252270,1
252278,1
252283,1
252288,1
252298,1
252305,1
252309,1
252322,1
252325,1
252350,1
252353,2
252358,1
252365,1
252370,1
252375,1
252377,1
252379,1
252388,1
252394,1
252397,2
252400,1
252411,2
252414,1
252416,1
252419,1
252425,1
252432,1
252441,1
252448,1
252451,1
252453,1
252458,1
252466,1
252471,1
252480,1
252483,1
252486,1
252488,1
252494,1
252496,1
252501,1
252505,1
252507,1
252511,1
252523,1
252537,1
252541,2
252543,1
252556,1
252563,1
252565,1
252568,1
252571,1
252576,1
252592,1
252597,1
252603,1
252613,1
252624,1
252627,1
252630,1
252636,1
252644,1
252651,1
252656,1
252662,1
252676,1
252679,1
252684,1
252700,1
252705,1
252709,1
252713,1
252718,1
252723,1
252725,1
252732,1
252737,1
252756,1
252767,1
252771,1
252784,1
252789,2
252793,1
252801,1
252805,1
252808,2
252810,1
252816,1
252819,1
252832,1
252834,1
252846,1
252855,1
252858,1
252862,1
252864,1
252870,1
252872,1
252891,1
252896,1
252901,1
252906,1
252908,1
252916,1
252918,1
252920,1
252925,1
252928,1
252930,1
252934,1
252936,1
252938,1
252945,1
252951,2
252960,1
252962,1
252968,1
252971,1
252974,1
252979,1
252982,1
252984,1
252987,1
252989,1
252997,1
253014,2
253057,1
253060,1
253067,1
253076,1
253083,1
253086,1
253093,1
253106,2
253108,1
253116,1
253121,1
253126,1
253130,1
253137,1
253140,1
253160,1
253164,1
253172,1
253175,1
253179,1
253189,1
253192,1
253194,1
253199,1
253211,2
253215,1
253217,1
253219,1
253225,1
253228,1
253230,1
253232,1
253236,1
253243,1
253246,1
253254,2
253256,1
253266,1
253268,1
253278,1
253289,1
253291,1
253298,1
253302,2
253306,2
253311,1
253314,1
253320,1
253335,1
253338,2
253343,1
253345,1
253351,1
253353,1
253375,1
253381,1
253388,1
253392,1
253399,1
253405,1
253417,1
253419,1
253422,2
253426,1
253430,1
253435,2
253438,1
253441,1
253444,1
253451,2
253453,1
253457,1
253460,2
253468,1
253475,1
253477,1
253490,1
253506,1
253508,1
253522,1
253525,1
253549,1
253559,1
253566,1
253570,1
253572,1
253575,1
253577,1
253590,1
253599,1
253602,1
253607,1
253613,1
253626,1
253631,2
253641,1
253648,1
253653,1
253659,1
253663,1
253669,1
253673,1
253683,1
253686,1
253693,2
253698,1
253703,1
253709,1
253714,1
253722,1
253726,1
253738,1
253757,1
253762,2
253776,1
253778,1
253782,1
253785,2
253796,2
253805,1
253821,1
253825,1
253837,1
253843,1
253849,1
253853,1
253858,1
253861,1
253865,1
253870,1
253874,1
253876,1
253884,1
253892,2
253896,1
253903,1
253906,1
253913,1
253919,1
253930,1
253933,1
253935,1
253940,1
253952,1
253964,1
253967,1
253970,2
253977,1
253982,2
253989,1
253993,1
253998,1
254009,1
254016,1
254023,1
254032,1
254035,1
254042,1
254046,1
254051,1
254061,1
254070,1
254079,1
254082,1
254093,1
254107,1
254111,1
254124,1
254144,1
254151,1
254160,1
254163,1
254171,1
254183,1
254185,1
254189,1
254192,1
254201,1
254204,1
254207,1
254216,1
254224,1
254232,1
254239,1
254253,1
254258,1
254267,1
254269,1
254275,1
254280,1
254283,1
254293,1
254296,1
254306,1
254309,1
254315,1
254318,1
254320,1
254323,1
254329,1
254337,1
254339,1
254343,1
254356,1
254363,1
254366,1
254369,1
254372,1
254374,1
254380,1
254384,1
254398,1
254408,1
254410,1
254415,1
254423,1
254426,1
254429,1
254439,1
254460,1
254465,1
254468,1
254478,1
254480,1
254483,1
254490,1
254494,1
254497,2
254503,1
254512,2
254516,1
254523,1
254551,1
254555,1
254557,1
254563,1
254576,2
254598,1
254606,1
254611,1
254615,1
254617,1
254622,1
254628,2
254631,1
254634,1
254636,1
254640,1
254646,1
254649,1
254655,1
254660,1
254678,2
254684,1
254695,1
254698,1
254709,1
254722,1
254728,1
254737,1
254746,1
254749,1
254753,1
254755,1
254761,1
254763,1
254766,1
254768,1
254771,1
254773,1
254781,1
254785,1
254787,1
254794,1
254801,1
254830,1
254832,1
254838,1
254850,1
254858,1
254863,1
254868,1
254870,1
254873,1
254880,1
254890,1
254907,1
254910,1
254912,1
254922,1
254925,2
254929,1
254932,1
254935,1
254941,1
254945,1
254947,1
254950,1
254956,1
254969,1
254974,1
254977,1
254979,1
254989,2
254991,1
254997,1
255002,1
255007,1
255012,1
255016,2
255023,1
255030,1
255033,1
255037,1
255045,1
255053,1
255067,1
255071,1
255074,1
255081,1
255097,1
255104,1
255121,1
255124,1
255127,1
255131,1
255134,1
255137,1
255141,1
255149,1
255157,1
255161,1
255169,1
255173,1
255179,1
255187,1
255190,1
255196,1
255207,1
255231,1
255239,1
255246,1
255250,1
255252,1
255285,1
255287,1
255291,1
255296,1
255303,1
255314,1
255316,1
255320,1
255323,1
255332,1
255336,2
255338,1
255346,1
255361,1
255363,1
255380,1
255395,1
255409,1
255416,1
255419,1
255421,1
255424,1
255430,1
255438,1
255444,1
255452,1
255466,1
255468,1
255495,1
255518,1
255524,2
255530,1
255538,1
255547,1
255551,1
255554,1
255556,1
255563,2
255566,1
255570,1
255578,1
255582,1
255591,1
255595,1
255599,1
255604,1
255607,1
255610,1
255628,1
255636,1
255638,1
255642,1
255659,1
255667,1
255669,1
255671,1
255675,1
255681,1
255688,1
255705,1
255714,1
255723,1
255731,1
255747,1
255750,1
255763,1
255766,1
255770,1
255772,1
255775,1
255777,1
255783,1
255787,1
255792,1
255795,1
255800,1
255803,1
255811,1
255813,1
255820,1
255822,1
255828,1
255831,1
255836,1
255838,1
255849,2
255865,1
255874,1
255883,1
255903,1
255919,1
255921,1
255926,1
255933,1
255939,1
255946,1
255958,2
255981,2
255983,1
255990,1
255992,1
255997,1
256003,1
256009,1
256015,1
256017,1
256019,1
256033,1
256043,1
256047,1
256052,1
256054,1
256061,1
256066,1
256068,1
256076,1
256078,1
256085,1
256087,1
256092,1
256100,1
256114,2
256118,1
256123,1
256132,1
256134,1
256136,1
256140,1
256144,2
256147,1
256149,1
256153,1
256158,1
256176,1
256189,1
256195,1
256209,1
256215,1
256222,2
256228,2
256230,1
256236,1
256239,1
256246,1
256252,1
256258,1
256260,1
256266,1
256268,1
256276,1
256288,1
256298,1
256303,1
256307,1
256310,1
256315,1
256317,1
256324,1
256327,1
256329,1
256332,1
256338,1
256340,1
256343,1
256345,1
256347,1
256350,1
256364,1
256369,1
256371,1
256388,1
256395,1
256403,1
256406,2
256418,1
256423,1
256434,1
256436,1
256442,1
256447,1
256449,1
256452,1
256458,1
256462,1
256470,2
256473,1
256477,1
256481,1
256484,1
256497,1
256503,1
256516,2
256523,2
256526,1
256531,1
256534,1
256540,1
256542,1
256545,1
256549,1
256551,1
256560,1
256565,1
256571,1
256573,1
256579,1
256585,1
256587,1
256591,1
256594,1
256600,1
256602,1
256605,1
256608,1
256612,1
256620,1
256623,1
256637,1
256640,1
256643,1
256662,1
256664,1
256669,1
256671,1
256683,1
256685,1
256692,1
256698,1
256703,1
256709,2
256716,1
256719,1
256723,1
256727,1
256730,1
256732,1
256734,1
256742,1
256745,2
256747,1
256756,1
256760,1
256774,2
256786,1
256788,1
256794,1
256797,1
256801,1
256810,1
256813,1
256825,1
256828,1
256830,1
256833,1
256836,1
256840,1
256842,1
256871,1
256873,1
256882,1
256884,1
256891,1
256898,1
256904,1
256909,1
256928,1
256933,1
256942,1
256944,1
256949,1
256980,1
256983,1
256992,1
257000,1
257024,1
257026,1
257029,1
257037,1
257044,1
257057,1
257071,1
257077,1
257079,1
257086,1
257094,2
257096,1
257099,1
257104,1
257113,1
257123,1
257143,2
257150,2
257156,1
257161,1
257167,1
257179,1
257190,1
257193,1
257202,1
257207,1
257237,1
257247,1
257262,1
257264,1
257269,1
257278,1
257281,1
257290,1
257298,1
257300,1
257307,1
257310,1
257317,1
257323,1
257331,1
257338,1
257343,1
257346,1
257355,1
257371,1
257377,1
257381,1
257384,1
257386,1
257403,1
257415,1
257418,1
257432,1
257435,1
257446,1
257455,1
257459,1
257463,1
257479,1
257485,1
257490,1
257492,1
257502,1
257513,1
257529,1
257551,1
257560,1
257566,1
257572,1
257574,1
257578,1
257581,1
257590,1
257594,1
257598,1
257601,1
257611,1
257613,1
257615,1
257623,1
257627,1
257631,1
257640,1
257642,1
257647,1
257650,2
257658,2
257665,1
257685,2
257691,1
257693,1
257699,1
257702,1
257707,1
257710,1
257716,1
257722,1
257742,1
257756,1
257766,2
257775,1
257789,1
257791,1
257800,1
257814,1
257817,1
257819,1
257821,1
257826,1
257841,1
257849,1
257852,1
257854,1
257857,1
257865,1
257867,1
257875,2
257880,1
257893,1
257898,1
257900,1
257902,1
257910,1
257912,1
257918,1
257924,1
257934,1
257937,1
257948,1
257959,1
257962,1
257965,1
257968,1
257974,1
257980,1
257983,1
257986,1
257990,1
257997,1
258001,1
258004,1
258006,1
258011,1
258014,1
258027,2
258036,1
258038,1
258040,1
258044,1
258047,1
258053,1
258063,1
258068,1
258075,1
258085,1
258099,1
258106,1
258112,1
258120,1
258133,1
258138,1
258147,1
258151,1
258160,1
258162,1
258164,1
258168,1
258171,1
258173,1
258175,1
258179,1
258220,1
258230,1
258233,1
258235,1
258241,1
258245,1
258247,1
258252,1
258255,1
258257,1
258261,1
258263,1
258265,1
258296,1
258301,1
258307,1
258313,1
258317,1
258329,1
258331,1
258336,1
258342,1
258344,1
258348,1
258350,1
258353,1
258358,1
258380,2
258391,1
258403,1
258412,1
258418,1
258426,1
258438,1
258440,1
258444,1
258448,2
258452,1
258458,2
258463,1
258465,1
258467,1
258475,1
258478,1
258481,1
258484,1
258491,1
258509,1
258511,1
258518,1
258537,1
258540,1
258543,1
258548,1
258557,1
258560,1
258564,1
258577,1
258584,1
258590,1
258594,1
258600,1
258608,1
258614,1
258616,1
258620,1
258623,1
258625,1
258628,1
258634,1
258639,1
258656,1
258666,1
258682,1
258684,1
258692,1
258697,1
258699,1
258702,1
258707,2
258716,1
258718,1
258724,1
258727,1
258733,1
258739,1
258742,1
258753,1
258760,1
258764,1
258771,1
258775,1
258783,1
258788,2
258806,1
258837,1
258840,1
258842,1
258846,1
258855,1
258861,1
258863,1
258871,1
258876,1
258884,2
258886,1
258891,1
258896,1
258898,1
258901,1
258918,1
258920,1
258946,1
258959,1
258972,1
258977,1
258980,1
258991,1
258993,1
259000,1
259003,1
259006,1
259008,1
259016,2
259019,2
259023,2
259032,1
259048,1
259054,1
259058,1
259063,1
259069,2
259074,1
259081,1
259086,1
259092,1
259102,1
259106,1
259108,1
259114,2
259118,1
259120,1
259127,1
259145,1
259151,1
259158,1
259160,1
259174,1
259176,1
259186,1
259189,1
259200,1
259208,1
259210,1
259224,1
259228,1
259238,1
259243,1
259246,1
259250,1
259259,1
259263,1
259266,1
259273,1
259276,1
259282,1
259284,1
259286,1
259288,1
259294,1
259299,1
259302,1
259307,1
259317,1
259320,1
259322,1
259325,1
259328,1
259330,1
259340,1
259346,1
259349,1
259354,1
259370,1
259377,1
259386,1
259391,1
259400,1
259404,1
259422,1
259427,1
259435,1
259439,1
259450,1
259473,1
259478,1
259483,1
259488,1
259493,1
259498,1
259505,1
259515,1
259518,1
259528,1
259533,1
259538,1
259550,2
259553,1
259561,1
259568,1
259575,1
259577,1
259579,1
259581,1
259584,1
259590,1
259594,1
259602,1
259607,1
259609,1
259616,1
259631,1
259639,1
259642,1
259650,1
259661,1
259668,1
259679,1
259681,1
259683,1
259695,1
259700,1
259703,1
259709,1
259721,1
259733,1
259738,1
259751,1
259761,2
259770,1
259777,1
259782,1
259786,1
259793,1
259795,1
259799,1
259803,1
259809,1
259811,1
259815,1
259817,1
259831,1
259833,1
259841,1
259846,1
259851,1
259854,1
259859,1
259863,1
259873,1
259875,1
259881,1
259883,1
259890,1
259897,2
259899,1
259902,1
259909,1
259911,1
259917,1
259919,1
259929,1
259931,1
259940,1
259945,1
259951,1
259959,1
259963,1
259969,1
259972,1
259974,1
259978,1
259986,1
259988,1
260002,1
260004,1
260007,2
260016,2
260026,1
260030,1
260037,1
260042,1
260063,1
260068,1
260077,1
260080,1
260082,1
260092,1
260096,1
260103,1
260112,1
260121,1
260123,1
260129,2
260131,1
260133,1
260140,1
260143,1
260153,1
260159,1
260166,1
260170,1
260172,1
260176,1
260178,1
260184,1
260187,1
260191,1
260193,1
260200,1
260203,1
260208,1
260212,1
260214,1
260218,1
260221,1
260223,1
260231,2
260241,1
260244,1
260251,1
260255,1
260261,1
260266,1
260271,1
260273,1
260279,1
260283,1
260288,1
260292,1
260305,1
260307,1
260310,1
260312,1
260326,1
260329,1
260344,1
260349,2
260360,1
260364,1
260367,1
260376,1
260384,1
260387,1
260390,1
260394,1
260404,2
260416,1
260421,1
260423,1
260441,1
260447,1
260453,1
260466,1
260468,1
260470,1
260481,1
260491,1
260495,1
260498,1
260500,1
260509,1
260512,1
260517,1
260519,1
260522,1
260524,1
260529,1
260534,2
260536,1
260539,1
260564,1
260569,1
260573,1
260579,1
260587,1
260592,1
260600,1
260608,1
260610,1
260616,1
260621,1
260629,1
260633,1
260639,1
260649,1
260651,1
260653,1
260655,1
260663,1
260676,1
260681,1
260683,1
260686,1
260695,1
260697,1
260699,1
260705,1
260707,1
260712,1
260716,1
260723,1
260725,1
260728,1
260735,1
260738,1
260745,1
260747,1
260759,1
260762,1
260778,1
260788,1
260800,1
260802,1
260806,2
260810,1
260814,1
260816,1
260824,1
260829,1
260831,1
260833,1
260837,1
260844,1
260848,1
260852,1
260861,1
260869,1
260880,1
260895,1
260897,1
260899,1
260907,1
260909,1
260917,1
260920,2
260929,1
260935,1
260937,1
260940,1
260951,1
260958,1
260970,1
260979,2
260982,1
260984,1
260988,1
260992,1
261000,1
261003,1
261006,1
261013,1
261020,1
261027,1
261030,1
261032,1
261039,1
261041,1
261047,1
261064,1
261066,1
261071,1
261080,1
261085,1
261090,1
261099,1
261102,1
261110,1
261114,1
261123,1
261127,1
261130,1
261145,1
261147,1
261162,1
261165,2
261171,1
261175,1
261178,1
261185,1
261193,1
261200,1
261203,1
261211,1
261218,1
261231,1
261249,2
261263,1
261267,1
261269,1
261273,1
261279,1
261282,1
261293,1
261297,2
261309,1
261312,1
261322,1
261326,1
261335,1
261355,1
261363,1
261379,1
261392,1
261394,1
261404,1
261409,1
261411,1
261418,2
261422,1
261426,1
261430,1
261432,1
261434,1
261437,2
261444,1
261448,1
261454,1
261457,2
261461,1
261465,1
261467,1
261470,1
261484,1
261489,1
261495,1
261504,1
261506,1
261512,1
261517,1
261526,1
261534,1
261541,1
261547,2
261555,1
261560,1
261564,1
261571,1
261576,1
261579,1
261584,1
261587,1
261589,1
261597,1
261615,1
261617,1
261619,1
261623,1
261628,1
261631,1
261636,1
261638,1
261651,1
261654,1
261656,1
261660,1
261672,2
261676,1
261685,1
261687,1
261696,1
261707,1
261710,1
261713,1
261715,1
261723,1
261726,1
261729,1
261739,2
261741,1
261746,1
261753,1
261762,1
261764,1
261771,1
261774,1
261779,1
261781,1
261791,1
261794,1
261801,1
261803,1
261809,1
261821,1
261825,1
261829,1
261832,1
261861,1
261868,1
261876,1
261882,1
261891,1
261893,1
261909,1
261914,1
261923,1
261929,1
261946,1
261951,1
261955,1
261960,1
261965,1
261985,2
261988,1
261998,1
262000,1
262011,1
262018,1
262025,1
262029,1
262033,1
262054,2
262056,1
262059,1
262073,1
262078,1
262083,1
262086,1
262090,1
262097,1
262099,1
262108,2
262117,1
262119,1
262126,1
262143,1
262147,1
262155,2
262158,1
262161,1
262163,1
262165,1
262170,1
262172,1
262176,1
262181,1
262183,1
262187,1
262194,1
262198,1
262206,1
262215,1
262218,1
262220,1
262224,1
262242,1
262250,1
262265,1
262272,1
262274,1
262282,1
262289,1
262296,1
262305,1
262310,1
262312,1
262316,1
262319,2
262324,1
262327,1
262339,1
262349,1
262351,1
262362,1
262371,1
262379,1
262382,1
262391,1
262394,1
262397,1
262406,1
262413,1
262415,1
262428,1
262439,1
262458,1
262462,1
262471,1
262477,1
262484,1
262487,1
262489,1
262491,1
262511,1
262520,1
262528,1
262532,1
262536,1
262546,1
262548,1
262554,1
262560,1
262567,1
262585,1
262588,1
262594,1
262597,1
262618,1
262622,1
262624,1
262626,1
262642,1
262651,1
262667,1
262672,1
262680,1
262684,1
262695,1
262705,1
262719,1
262724,1
262738,1
262743,2
262749,1
262766,1
262771,1
262774,2
262783,1
262791,1
262794,1
262798,1
262800,1
262818,1
262823,1
262841,1
262843,1
262854,1
262860,1
262863,1
262871,1
262879,1
262881,1
262886,1
262892,1
262900,1
262904,1
262913,1
262925,1
262927,1
262929,1
262932,1
262939,1
262948,1
262956,1
262958,1
262961,1
262973,1
262978,1
262980,1
262987,1
262991,1
263003,1
263012,1
263018,1
263022,1
263026,1
263031,1
263034,1
263041,1
263043,1
263045,1
263051,1
263055,1
263069,1
263072,1
263081,1
263084,1
263090,1
263094,1
263097,2
263100,1
263104,1
263108,1
263112,2
263117,1
263122,1
263129,3
263131,1
263141,1
263143,1
263149,1
263159,1
263161,1
263164,1
263167,1
263172,1
263184,1
263187,1
263190,1
263195,1
263197,1
263200,1
263203,1
263216,1
263236,1
263238,1
263251,1
263256,1
263271,1
263273,1
263284,1
263293,1
263301,2
263308,1
263319,1
263324,1
263327,1
263356,1
263364,1
263373,1
263391,1
263403,1
263405,1
263409,1
263420,1
263425,1
263428,1
263438,1
263442,1
263444,1
263448,1
263459,1
263470,1
263475,1
263479,1
263482,1
263492,1
263495,2
263512,1
263516,1
263520,1
263524,1
263528,1
263530,1
263535,1
263540,1
263543,1
263555,1
263558,1
263572,1
263578,1
263584,1
263586,1
263589,1
263595,1
263599,1
263601,1
263605,1
263607,1
263615,1
263624,1
263626,1
263633,1
263636,1
263653,1
263660,1
263668,1
263670,1
263678,2
263687,1
263691,1
263694,1
263697,1
263704,1
263708,1
263714,1
263726,1
263728,1
263731,1
263734,1
263738,1
263747,1
263752,1
263759,1
263763,1
263767,1
263771,1
263774,1
263790,3
263803,1
263805,1
263817,1
263822,1
263828,1
263833,1
263841,1
263843,1
263856,1
263863,1
263865,1
263868,1
263879,1
263885,1
263890,1
263899,1
263901,1
263904,1
263908,1
263917,1
263923,1
263925,1
263928,1
263932,1
263947,1
263954,1
263957,1
263971,1
263973,1
263977,1
263979,1
263984,1
263992,1
264009,1
264018,1
264020,1
264031,1
264037,1
264045,1
264050,1
264056,2
264065,1
264069,1
264071,1
264076,2
264107,1
264111,1
264128,1
264143,1
264154,2
264156,1
264190,1
264201,1
264205,1
264210,1
264214,1
264229,1
264237,1
264246,1
264250,1
264253,1
264260,1
264262,1
264264,1
264268,1
264280,1
264295,1
264305,1
264308,1
264316,1
264324,1
264327,1
264329,1
264341,1
264354,1
264371,1
264376,1
264378,1
264391,1
264398,1
264401,1
264413,1
264421,1
264423,1
264432,1
264438,1
264443,1
264450,1
264452,1
264456,1
264458,1
264460,1
264462,1
264467,1
264469,1
264472,1
264477,1
264481,1
264501,1
264508,1
264512,2
264514,1
264518,1
264522,1
264528,1
264543,1
264546,1
264552,1
264561,2
264575,1
264582,1
264588,1
264592,1
264599,1
264609,1
264612,1
264625,1
264627,1
264629,1
264633,1
264641,1
264644,1
264652,1
264655,2
264662,1
264676,1
264694,1
264697,1
264702,2
264705,1
264707,1
264711,1
264713,1
264720,1
264723,2
264729,1
264736,1
264743,1
264751,1
264762,2
264771,1
264773,1
264780,1
264788,1
264802,1
264804,1
264811,1
264816,1
264818,1
264823,1
264841,1
264851,1
264857,1
264861,1
264869,1
264871,1
264873,1
264889,1
264899,1
264904,1
264909,1
264914,1
264918,1
264923,1
264930,1
264935,1
264942,1
264945,1
264958,1
264966,1
264971,1
264975,2
264978,1
264981,1
264988,1
264990,1
264993,1
264996,1
265011,1
265020,1
265027,1
265032,1
265035,1
265040,1
265043,1
265047,1
265050,1
265055,1
265061,1
265085,1
265094,1
265098,1
265100,1
265104,1
265115,1
265120,1
265122,1
265131,1
265134,1
265148,1
265150,1
265153,1
265157,1
265159,1
265164,1
265171,1
265185,1
265188,1
265191,1
265194,1
265200,1
265202,1
265204,1
265209,1
265219,1
265229,1
265232,1
265241,2
265245,1
265257,1
265260,2
265265,1
265268,1
265281,1
265290,1
265295,1
265299,2
265301,1
265312,2
265315,1
265317,1
265325,1
265339,1
265343,1
265345,1
265347,1
265352,1
265356,1
265361,1
265363,1
265369,1
265373,1
265380,1
265401,1
265420,1
265422,1
265427,1
265430,1
265440,1
265442,1
265447,1
265457,1
265485,1
265488,1
265491,1
265493,1
265497,1
265504,2
265514,1
265516,1
265518,1
265523,1
265528,1
265530,1
265536,1
265538,1
265540,1
265557,1
265563,1
265565,1
265568,1
265574,2
265577,1
265590,1
265592,1
265597,1
265599,1
265603,1
265609,1
265613,1
265615,1
265617,1
265628,1
265633,1
265644,1
265647,1
265655,1
265659,1
265662,1
265665,1
265673,1
265676,1
265678,1
265701,1
265703,1
265707,1
265711,1
265719,1
265721,1
265724,1
265732,1
265734,1
265737,1
265745,1
265749,1
265758,1
265761,1
265763,1
265770,1
265781,2
265784,1
265786,1
265790,1
265794,1
265797,1
265799,1
265802,2
265805,1
265808,1
265820,3
265822,1
265846,1
265848,1
265851,1
265856,1
265859,1
265864,1
265866,1
265870,1
265879,1
265882,1
265896,1
265899,2
265905,1
265911,1
265913,1
265916,1
265918,1
265920,1
265930,1
265932,1
265937,1
265948,1
265950,1
265960,2
265968,1
265973,1
265981,1
265987,1
265993,1
265995,1
265999,1
266008,1
266023,1
266025,1
266028,1
266033,1
266035,1
266046,1
266048,1
266051,1
266062,1
266080,1
266085,1
266090,1
266099,1
266101,1
266108,1
266117,2
266120,1
266126,1
266129,1
266135,1
266143,1
266145,1
266149,1
266156,1
266159,1
266161,1
266164,1
266168,1
266175,1
266182,2
266189,1
266195,1
266204,1
266207,1
266209,1
266213,1
266237,1
266239,1
266244,1
266246,1
266272,1
266277,1
266282,1
266291,1
266297,1
266299,1
266315,1
266328,1
266332,1
266344,1
266350,1
266367,1
266370,1
266378,2
266380,1
266382,1
266394,1
266399,1
266405,1
266409,1
266413,1
266431,1
266462,1
266466,1
266469,1
266474,1
266479,1
266483,1
266487,1
266501,1
266507,1
266509,1
266523,1
266539,1
266564,1
266576,1
266578,1
266591,1
266593,1
266596,1
266602,1
266605,1
266608,1
266632,1
266634,1
266646,2
266648,1
266651,1
266653,1
266656,2
266669,1
266672,1
266674,1
266676,1
266679,1
266684,1
266688,1
266692,1
266694,1
266696,1
266703,1
266708,1
266712,1
266717,1
266722,1
266727,1
266731,1
266738,1
266753,1
266757,1
266759,1
266764,1
266770,1
266783,1
266785,1
266788,1
266792,1
266803,1
266808,1
266813,1
266815,1
266828,1
266830,1
266832,1
266842,1
266848,1
266851,1
266854,1
266856,1
266862,1
266864,1
266878,1
266881,1
266884,1
266889,1
266891,1
266900,1
266903,1
266905,1
266908,1
266911,1
266913,1
266920,1
266927,1
266938,1
266946,1
266952,1
266962,1
266964,1
266968,1
266979,1
266982,1
266994,1
266997,1
267002,1
267004,1
267010,1
267013,2
267020,1
267028,1
267042,1
267044,1
267047,1
267058,2
267065,1
267068,1
267074,1
267077,1
267080,1
267085,1
267093,1
267105,1
267120,1
267125,1
267132,1
267135,1
267147,1
267150,1
267152,1
267155,1
267159,1
267161,1
267166,1
267168,1
267170,1
267172,1
267175,1
267186,3
267189,1
267197,1
267199,1
267203,1
267212,1
267230,1
267242,1
267260,1
267265,1
267268,1
267270,1
267280,1
267291,1
267304,1
267317,1
267319,1
267322,1
267334,1
267337,2
267339,1
267344,1
267349,1
267354,1
267362,1
267366,2
267369,2
267375,1
267382,1
267385,1
267387,1
267391,1
267398,1
267401,2
267403,1
267405,1
267416,2
267427,1
267432,1
267437,1
267442,1
267451,1
267455,1
267475,1
267484,1
267492,2
267508,1
267517,1
267525,1
267528,1
267582,1
267591,1
267607,1
267618,1
267630,1
267632,1
267644,2
267646,1
267651,1
267653,1
267667,1
267669,1
267671,1
267682,2
267697,1
267699,1
267707,1
267709,1
267713,1
267721,2
267727,1
267730,1
267741,1
267743,1
267756,1
267758,1
267763,1
267772,1
267775,1
267777,1
267784,1
267786,1
267792,1
267798,1
267811,1
267825,1
267836,1
267841,1
267858,1
267862,1
267864,1
267876,1
267878,1
267887,1
267889,1
267892,2
267894,1
267900,1
267909,1
267911,1
267913,1
267919,1
267927,1
267930,2
267932,1
267939,1
267945,1
267947,1
267950,2
267958,1
267961,1
267972,1
267975,1
267978,1
267984,1
267986,1
267988,1
267994,1
267996,1
268000,1
268002,1
268006,1
268009,1
268022,1
268046,1
268065,1
268069,1
268086,1
268093,1
268100,1
268103,1
268111,1
268116,1
268121,1
268135,1
268139,1
268155,1
268157,1
268164,1
268171,1
268177,1
268181,1
268195,1
268200,1
268204,1
268211,1
268216,1
268220,1
268223,1
268226,1
268231,1
268246,1
268251,1
268257,2
268265,1
268275,1
268280,1
268285,1
268292,1
268294,1
268298,1
268305,1
268308,1
268312,1
268324,1
268326,1
268330,1
268332,1
268341,1
268347,1
268352,1
268363,1
268371,1
268378,1
268381,1
268387,1
268392,2
268403,1
268409,1
268413,1
268418,1
268421,1
268425,1
268432,1
268435,1
268440,1
268444,1
268447,1
268449,1
268455,1
268461,1
268465,1
268467,1
268479,1
268487,1
268494,1
268504,2
268519,1
268522,1
268529,1
268532,1
268547,1
268551,1
268555,2
268561,1
268572,1
268579,1
268581,1
268591,1
268596,1
268599,1
268604,1
268611,1
268617,1
268619,1
268623,1
268626,1
268635,1
268640,1
268650,2
268656,1
268665,1
268671,1
268673,1
268676,1
268692,1
268695,1
268704,1
268712,1
268722,1
268736,1
268738,1
268744,1
268746,1
268749,1
268753,1
268759,1
268766,1
268768,1
268772,1
268775,1
268777,1
268780,1
268782,1
268785,1
268791,1
268793,1
268797,1
268804,1
268810,3
268820,1
268823,1
268825,1
268827,1
268832,2
268834,1
268842,1
268844,1
268846,1
268848,1
268856,1
268862,1
268870,1
268875,1
268877,1
268883,1
268896,1
268899,1
268905,1
268907,1
268914,1
268916,1
268918,1
268921,1
268923,1
268930,1
268936,1
268942,1
268945,1
268951,1
268953,1
268957,1
268962,1
268968,1
268981,2
268988,1
268994,1
268999,1
269012,1
269021,2
269029,1
269034,1
269036,1
269044,1
269048,1
269052,1
269055,1
269057,1
269061,1
269069,2
269072,2
269104,1
269114,1
269121,1
269124,1
269140,1
269145,1
269154,1
269161,1
269165,1
269169,1
269174,1
269184,1
269193,1
269195,1
269202,1
269211,1
269215,1
269225,1
269227,1
269230,1
269246,1
269249,1
269259,1
269262,1
269265,1
269267,1
269279,2
269282,1
269287,1
269291,1
269293,1
269297,1
269304,1
269307,1
269313,1
269322,2
269336,1
269342,1
269351,1
269354,1
269357,1
269363,1
269369,1
269374,1
269376,1
269387,1
269393,1
269397,1
269403,1
269405,1
269409,1
269415,1
269422,1
269426,1
269442,1
269449,1
269453,1
269455,1
269458,1
269463,1
269467,1
269470,1
269476,2
269500,1
269502,1
269518,1
269530,2
269536,2
269548,1
269551,1
269554,1
269561,1
269571,1
269577,1
269583,1
269592,1
269601,2
269604,2
269619,1
269624,1
269627,1
269635,1
269638,2
269647,1
269651,1
269659,1
269664,1
269667,1
269674,1
269676,1
269683,1
269689,1
269694,1
269701,1
269704,1
269706,1
269710,1
269716,1
269726,1
269735,1
269747,1
269749,1
269754,1
269756,1
269760,1
269794,1
269797,1
269802,1
269805,1
269812,1
269814,1
269816,1
269827,1
269834,1
269837,1
269854,2
269862,1
269864,1
269869,1
269872,1
269877,1
269880,1
269883,1
269888,1
269891,1
269893,1
269898,1
269901,1
269907,2
269909,1
269912,1
269914,1
269924,2
269926,1
269929,1
269932,1
269937,1
269948,2
269951,1
269959,1
269963,1
269965,1
269970,1
269981,1
269984,1
269989,1
269995,1
270004,1
270007,1
270009,1
270012,1
270016,1
270018,1
270025,1
270028,1
270035,1
270039,1
270041,1
270045,2
270056,1
270059,1
270074,1
270076,1
270080,1
270084,2
270096,1
270108,1
270114,1
270119,1
270121,1
270132,1
270144,1
270147,1
270151,1
270156,1
270162,1
270165,1
270171,1
270178,2
270183,1
270190,1
270193,1
270195,1
270207,1
270215,1
270224,1
270232,1
270238,1
270245,2
270248,1
270254,1
270259,1
270261,1
270265,1
270267,1
270279,1
270284,1
270287,1
270289,1
270292,2
270294,1
270302,1
270339,1
270343,1
270347,1
270354,1
270357,2
270363,1
270367,1
270370,1
270373,1
270381,1
270384,1
270386,1
270393,1
270398,1
270404,1
270408,1
270413,1
270428,1
270440,1
270457,1
270459,1
270466,1
270470,1
270473,1
270482,1
270496,1
270498,1
270507,1
270514,1
270517,1
270529,1
270531,1
270536,1
270543,1
270551,1
270554,1
270556,1
270567,1
270586,1
270589,1
270600,1
270608,1
270610,1
270612,1
270615,1
270620,1
270633,1
270642,1
270644,1
270649,1
270658,2
270663,1
270667,1
270671,1
270676,1
270683,1
270686,1
270692,1
270696,1
270701,1
270704,1
270706,1
270710,2
270718,1
270722,2
270725,1
270728,1
270734,1
270738,1
270742,1
270745,1
270749,1
270753,1
270770,2
270776,1
270785,1
270788,1
270795,1
270798,1
270805,2
270812,1
270818,1
270829,1
270833,1
270838,1
270841,1
270848,1
270851,1
270871,2
270873,1
270880,1
270884,1
270893,1
270897,1
270905,1
270912,1
270917,1
270925,1
270933,1
270944,1
270957,2
270967,1
270970,1
270973,1
270976,1
270982,1
270985,1
270988,1
270991,1
270993,1
270995,1
270997,1
271001,1
271010,1
271013,1
271018,2
271038,1
271041,1
271047,1
271064,1
271067,1
271082,1
271084,1
271086,1
271092,1
271098,1
271102,2
271105,2
271108,2
271113,1
271117,1
271126,1
271154,1
271156,1
271161,1
271166,1
271168,1
271173,1
271184,1
271192,1
271197,1
271199,1
271203,1
271205,1
271207,1
271212,1
271224,1
271226,1
271234,1
271241,2
271252,1
271257,1
271267,1
271269,1
271272,1
271277,1
271280,1
271285,2
271310,2
271313,1
271315,1
271319,1
271323,1
271335,2
271340,1
271347,1
271349,1
271353,1
271357,2
271364,2
271367,1
271380,1
271383,1
271390,1
271398,1
271402,1
271407,1
271409,1
271412,1
271420,1
271425,1
271433,1
271438,1
271440,1
271443,1
271458,1
271468,1
271470,1
271482,1
271485,1
271498,1
271502,1
271504,1
271509,2
271516,1
271520,1
271528,1
271542,1
271547,1
271553,1
271558,1
271560,1
271564,1
271567,1
271594,1
271597,1
271599,1
271610,1
271616,1
271623,1
271631,1
271634,1
271636,1
271639,1
271646,1
271653,1
271655,1
271659,3
271662,1
271664,1
271671,1
271673,1
271680,2
271682,1
271688,1
271695,1
271703,1
271712,1
271715,1
271730,1
271740,1
271744,1
271748,1
271752,1
271763,1
271765,1
271768,1
271772,1
271782,1
271798,1
271801,1
271805,1
271807,1
271810,1
271821,1
271823,1
271827,1
271831,1
271837,1
271839,1
271846,1
271848,1
271857,1
271865,1
271868,1
271871,2
271878,1
271888,2
271891,1
271897,1
271911,1
271924,1
271929,1
271934,1
271943,1
271949,1
271951,1
271955,1
271958,1
271962,1
271974,1
271977,1
271989,1
271991,1
271994,1
271997,1
272000,1
272002,1
272012,1
272017,1
272031,1
272033,1
272035,1
272040,1
272048,1
272051,1
272054,1
272057,1
272059,1
272063,1
272068,1
272071,1
272073,1
272076,1
272081,1
272097,1
272104,1
272109,1
272112,1
272120,2
272131,1
272133,1
272135,1
272146,1
272153,1
272164,1
272166,1
272169,1
272172,1
272176,1
272186,1
272189,1
272193,1
272200,1
272203,1
272206,2
272214,1
272217,1
272224,1
272227,1
272229,1
272233,1
272241,2
272244,1
272249,1
272254,1
272263,1
272267,1
272272,1
272279,1
272285,2
272294,1
272297,1
272311,1
272316,1
272325,1
272327,1
272329,1
272331,1
272340,1
272344,1
272350,1
272353,1
272355,1
272360,1
272362,1
272370,1
272378,1
272382,1
272387,1
272396,1
272398,1
272400,1
272408,1
272413,1
272430,2
272434,1
272438,1
272441,1
272469,2
272474,1
272481,1
272489,1
272496,1
272517,1
272519,1
272521,1
272523,1
272532,1
272536,2
272563,1
272585,1
272596,1
272598,1
272601,1
272604,1
272608,1
272610,1
272615,1
272622,1
272630,1
272643,1
272645,1
272652,1
272659,1
272663,1
272667,2
272683,1
272694,1
272698,1
272706,1
272711,1
272720,1
272731,1
272737,1
272739,1
272743,1
272745,1
272748,1
272752,1
272756,1
272760,1
272764,1
272767,1
272771,1
272782,1
272790,1
272795,1
272797,1
272806,1
272810,1
272813,1
272832,1
272840,1
272845,1
272873,1
272883,1
272887,1
272893,1
272896,1
272901,1
272904,1
272914,1
272922,1
272925,1
272928,1
272938,1
272945,1
272947,1
272949,1
272951,1
272954,1
272958,1
272963,1
272967,1
272972,1
272978,1
272985,1
272996,1
273003,1
273007,1
273009,1
273013,1
273023,1
273036,1
273044,2
273047,1
273058,1
273065,1
273071,1
273079,1
273081,1
273089,1
273094,1
273096,1
273103,1
273109,2
273131,2
273133,1
273137,1
273141,1
273152,1
273166,1
273169,1
273171,1
273176,1
273185,1
273188,1
273195,1
273197,1
273214,1
273223,1
273230,1
273233,1
273235,1
273244,1
273249,1
273251,1
273267,1
273286,1
273288,1
273290,1
273292,1
273311,1
273316,1
273330,1
273332,1
273338,1
273343,1
273346,1
273350,1
273360,1
273366,1
273375,1
273380,1
273388,1
273400,1
273403,1
273405,1
273416,1
273423,1
273431,1
273438,1
273440,1
273442,1
273449,1
273460,1
273463,1
273466,1
273472,2
273474,1
273482,1
273486,1
273494,1
273496,1
273500,1
273505,1
273507,1
273513,1
273515,1
273517,1
273520,1
273523,2
273530,1
273535,1
273537,1
273539,1
273548,1
273556,2
273575,1
273577,1
273586,1
273592,1
273602,2
273608,1
273616,1
273621,1
273623,1
273631,1
273650,1
273655,1
273660,2
273664,1
273666,1
273672,1
273674,1
273676,1
273685,1
273692,1
273694,1
273703,2
273706,1
273710,1
273716,1
273725,1
273727,1
273729,1
273731,1
273750,1
273764,1
273766,1
273768,1
273777,1
273782,1
273784,1
273786,1
273796,1
273805,1
273829,1
273833,1
273838,1
273841,1
273843,1
273845,1
273855,1
273861,2
273865,1
273871,1
273881,1
273887,1
273889,1
273895,1
273898,1
273910,1
273926,2
273930,1
273938,1
273947,1
273960,1
273969,1
273975,2
273978,1
273986,1
273988,1
273999,1
274004,1
274006,1
274008,1
274013,1
274017,1
274021,2
274024,1
274028,1
274031,1
274033,1
274054,1
274060,1
274064,1
274072,1
274074,1
274076,1
274087,1
274089,1
274098,1
274104,1
274108,1
274115,1
274127,1
274133,1
274140,1
274143,1
274146,1
274148,1
274154,1
274160,1
274164,1
274166,1
274172,1
274178,1
274182,1
274191,1
274194,1
274204,1
274220,1
274230,1
274232,1
274240,1
274262,1
274269,1
274271,1
274276,1
274278,1
274280,1
274290,1
274293,1
274297,1
274299,1
274305,1
274309,1
274314,1
274332,1
274338,1
274342,1
274347,1
274349,1
274357,1
274379,1
274386,1
274390,1
274394,1
274396,1
274399,1
274414,1
274418,1
274432,1
274435,1
274439,1
274441,1
274450,1
274452,1
274454,1
274456,1
274471,1
274487,1
274501,1
274511,1
274514,2
274516,1
274519,1
274527,1
274529,1
274531,1
274536,1
274541,1
274545,1
274550,2
274552,1
274556,1
274559,1
274562,1
274566,1
274569,1
274572,1
274575,1
274577,1
274593,1
274596,1
274598,1
274603,1
274607,1
274633,1
274642,1
274650,1
274653,1
274656,1
274662,1
274665,1
274668,2
274670,1
274673,1
274677,1
274679,1
274681,1
274686,1
274690,1
274702,2
274717,1
274719,1
274722,2
274729,1
274753,1
274759,1
274765,1
274768,1
274776,1
274785,1
274790,1
274809,1
274812,1
274820,1
274822,1
274825,1
274831,1
274845,2
274853,2
274859,1
274866,1
274869,1
274871,1
274881,1
274888,1
274890,1
274893,1
274901,1
274904,1
274906,1
274909,1
274915,1
274919,1
274921,1
274927,1
274938,1
274940,1
274942,1
274962,1
274969,1
274973,1
274975,1
274982,1
274989,1
275008,1
275010,1
275015,1
275019,1
275021,1
275024,1
275038,1
275041,1
275050,1
275052,1
275056,1
275058,1
275061,1
275074,1
275076,1
275084,1
275089,1
275091,1
275095,1
275098,1
275101,1
275104,1
275108,1
275112,1
275115,1
275118,1
275125,1
275129,1
275132,1
275136,1
275138,1
275145,1
275147,1
275150,1
275153,1
275155,1
275169,1
275181,1
275187,1
275189,1
275200,1
275203,1
275205,1
275207,1
275210,1
275213,1
275216,1
275220,2
275233,1
275239,1
275249,1
275262,1
275264,1
275266,1
275268,1
275272,2
275282,1
275291,1
275301,1
275303,1
275307,1
275316,1
275342,1
275351,1
275356,1
275358,1
275361,1
275363,1
275366,1
275379,1
275390,1
275392,1
275397,1
275399,1
275404,1
275417,1
275427,1
275430,1
275433,1
275435,1
275439,2
275443,1
275453,1
275456,1
275461,1
275463,1
275469,1
275474,1
275476,1
275481,1
275485,1
275487,1
275493,1
275496,1
275498,1
275500,1
275511,1
275525,1
275527,1
275535,1
275538,1
275541,1
275544,1
275549,1
275553,1
275555,1
275562,1
275567,2
275575,1
275587,1
275590,1
275592,1
275596,1
275603,1
275609,1
275616,1
275625,1
275627,1
275629,1
275631,1
275640,1
275644,1
275647,1
275650,1
275653,1
275665,1
275668,2
275674,1
275677,1
275683,1
275686,1
275689,1
275706,2
275709,1
275713,1
275716,1
275740,1
275749,1
275755,2
275768,1
275781,1
275783,1
275785,1
275794,1
275800,1
275803,1
275808,1
275815,1
275817,1
275819,1
275854,1
275858,1
275860,1
275863,1
275874,1
275881,1
275883,1
275891,1
275893,1
275895,1
275897,1
275909,1
275914,1
275917,1
275938,1
275944,1
275948,1
275950,1
275953,1
275960,1
275970,1
275976,1
275985,1
275990,1
275993,1
276000,1
276010,1
276020,1
276023,1
276026,1
276029,1
276036,1
276042,1
276046,1
276051,1
276063,1
276065,1
276073,1
276075,1
276085,1
276089,1
276092,1
276094,1
276103,1
276105,1
276112,1
276132,1
276134,1
276136,1
276141,1
276156,2
276158,1
276167,1
276170,1
276174,1
276176,1
276180,1
276186,2
276195,1
276206,1
276220,1
276239,2
276249,1
276254,1
276266,1
276268,1
276273,1
276276,1
276284,1
276287,2
276296,1
276301,1
276306,1
276311,1
276325,1
276337,1
276359,1
276364,1
276379,1
276384,1
276387,1
276391,1
276396,1
276408,1
276413,1
276420,1
276428,2
276440,1
276442,1
276445,1
276449,1
276463,1
276466,1
276468,1
276477,1
276485,1
276488,1
276490,1
276495,1
276499,1
276502,1
276505,1
276511,1
276514,1
276518,1
276522,1
276530,1
276533,1
276537,1
276543,1
276546,1
276549,1
276551,1
276556,1
276558,1
276561,2
276565,1
276567,1
276579,2
276590,1
276595,1
276610,1
276613,1
276615,1
276619,1
276621,1
276625,1
276631,1
276636,1
276638,1
276640,1
276652,1
276662,1
276684,1
276688,1
276697,1
276704,1
276714,1
276717,1
276728,1
276732,1
276741,1
276748,1
276750,1
276757,1
276770,2
276774,1
276778,1
276794,1
276799,1
276806,1
276815,1
276825,1
276828,1
276830,1
276832,1
276841,1
276845,1
276852,1
276855,1
276857,1
276860,1
276867,1
276872,2
276876,1
276878,1
276883,2
276885,1
276890,2
276896,1
276898,1
276900,1
276904,1
276908,1
276912,1
276914,1
276916,1
276918,1
276920,1
276924,1
276926,1
276930,1
276936,1
276939,1
276943,1
276956,1
276960,1
276963,1
276970,1
276977,1
276981,1
276983,1
276987,1
276993,1
276996,2
277003,1
277006,1
277010,1
277013,1
277019,1
277024,1
277029,1
277031,1
277034,1
277036,1
277038,1
277043,1
277055,1
277065,1
277069,1
277071,1
277073,1
277075,1
277082,1
277088,1
277091,1
277093,1
277097,1
277105,1
277111,1
277114,1
277124,1
277145,1
277151,1
277154,1
277157,2
277163,1
277165,1
277172,1
277174,1
277176,1
277185,1
277187,1
277189,1
277193,1
277198,1
277201,1
277203,1
277205,1
277207,1
277212,1
277216,1
277221,1
277226,1
277239,1
277243,1
277250,1
277259,1
277262,1
277269,1
277299,2
277320,1
277323,1
277327,1
277332,1
277348,1
277353,1
277357,1
277365,1
277372,1
277375,1
277378,1
277386,1
277398,1
277402,2
277410,1
277414,1
277420,1
277430,1
277446,1
277454,1
277456,1
277460,1
277466,2
277469,1
277472,1
277475,1
277477,1
277480,1
277491,1
277497,1
277499,1
277505,1
277507,1
277524,1
277529,1
277537,1
277544,1
277548,1
277552,1
277556,1
277559,2
277567,1
277576,1
277590,1
277593,1
277617,1
277621,1
277624,1
277639,1
277641,1
277645,1
277653,1
277656,2
277658,1
277660,1
277670,1
277678,1
277690,2
277701,1
277705,1
277709,1
277715,1
277718,1
277736,1
277738,1
277744,1
277751,2
277757,1
277760,1
277773,1
277781,1
277787,1
277791,2
277797,1
277806,1
277811,1
277818,2
277822,1
277831,1
277839,1
277842,1
277844,1
277852,1
277855,1
277867,2
277869,1
277877,1
277884,1
277888,1
277892,1
277897,1
277908,1
277913,1
277915,1
277918,1
277925,1
277932,1
277936,1
277938,1
277942,1
277949,1
277959,1
277966,1
277974,1
277977,1
277986,1
277989,1
277994,1
277996,1
278008,1
278015,1
278017,1
278020,1
278022,1
278025,1
278036,2
278040,1
278043,1
278049,1
278052,1
278054,1
278064,2
278076,2
278080,1
278090,1
278092,1
278095,1
278099,1
278101,1
278109,1
278114,1
278124,1
278138,1
278145,1
278154,1
278156,1
278159,1
278170,1
278172,1
278176,1
278183,1
278193,1
278195,1
278197,1
278203,1
278210,1
278218,1
278226,1
278238,1
278246,2
278249,1
278256,1
278260,1
278267,1
278270,1
278272,1
278281,1
278284,1
278293,1
278298,1
278301,2
278306,1
278309,1
278311,1
278314,1
278318,1
278320,1
278332,1
278337,1
278341,1
278348,1
278351,1
278355,1
278359,1
278361,1
278372,1
278381,1
278383,1
278403,1
278417,1
278420,1
278428,1
278432,1
278440,1
278448,1
278455,1
278460,1
278471,1
278475,1
278480,1
278484,1
278487,1
278492,1
278497,1
278516,1
278520,1
278528,1
278530,1
278536,1
278551,1
278569,1
278572,1
278577,1
278611,1
278613,1
278622,1
278633,1
278639,1
278641,1
278644,1
278651,1
278656,1
278663,1
278670,1
278673,1
278681,1
278689,1
278695,1
278699,1
278710,1
278723,1
278733,1
278738,1
278743,1
278750,1
278755,2
278757,1
278759,1
278762,2
278770,1
278781,1
278784,1
278786,1
278794,1
278799,1
278801,1
278804,1
278811,1
278818,1
278826,1
278841,1
278848,1
278851,1
278854,1
278858,1
278865,1
278867,1
278870,1
278878,1
278881,1
278893,1
278897,1
278899,1
278901,1
278903,1
278911,1
278915,1
278930,1
278932,1
278937,2
278954,1
278956,1
278961,1
278968,1
278992,1
278995,1
278997,1
279000,1
279002,1
279004,1
279007,2
279010,2
279015,1
279018,1
279020,1
279030,1
279033,1
279039,2
279041,1
279053,1
279058,1
279080,1
279083,1
279088,1
279104,1
279110,1
279120,1
279136,1
279153,2
279160,1
279164,1
279166,1
279169,1
279173,1
279182,1
279194,1
279197,1
279200,1
279203,1
279212,1
279214,1
279217,1
279229,1
279246,1
279251,2
279257,1
279267,1
279269,1
279279,1
279283,1
279293,1
279302,1
279305,1
279307,1
279313,1
279330,1
279339,1
279341,1
279343,1
279350,1
279355,1
279361,1
279370,1
279373,1
279375,1
279378,1
279383,1
279385,1
279391,2
279400,1
279408,1
279412,1
279417,1
279419,1
279438,1
279441,1
279457,1
279462,1
279467,1
279471,1
279473,1
279479,1
279481,1
279486,1
279493,1
279496,1
279504,1
279517,1
279523,1
279527,2
279532,1
279534,1
279549,1
279555,1
279561,1
279566,1
279569,1
279579,1
279585,1
279590,1
279592,1
279594,1
279597,1
279602,1
279609,1
279611,1
279618,1
279620,1
279622,1
279633,1
279636,1
279650,1
279654,1
279656,1
279671,2
279687,1
279696,1
279705,1
279707,1
279716,1
279720,1
279734,1
279742,1
279744,1
279748,1
279751,1
279755,1
279762,1
279768,1
279770,1
279773,1
279781,1
279784,1
279786,1
279790,1
279797,1
279805,1
279813,1
279820,1
279822,1
279827,2
279830,1
279836,1
279853,1
279857,1
279862,1
279865,1
279869,1
279874,1
279877,1
279883,1
279887,1
279890,1
279892,1
279897,1
279904,1
279909,1
279911,1
279920,1
279924,1
279939,1
279942,1
279947,1
279951,1
279964,1
279969,1
279974,1
279976,1
279979,1
279988,1
279991,1
280001,1
280009,1
280011,1
280017,1
280031,1
280045,1
280048,1
280051,1
280055,1
280057,1
280059,1
280066,1
280071,1
280075,1
280083,1
280086,1
280090,1
280092,1
280097,1
280106,1
280121,1
280124,1
280130,1
280135,1
280138,1
280143,1
280147,1
280154,1
280160,1
280163,1
280171,1
280174,1
280176,1
280178,1
280181,1
280189,1
280197,1
280201,1
280206,1
280224,1
280226,1
280235,1
280241,1
280244,1
280251,2
280256,1
280264,1
280272,1
280278,1
280282,1
280284,1
280288,1
280298,1
280301,1
280304,1
280310,1
280318,1
280326,1
280330,1
280338,1
280341,1
280348,1
280350,1
280355,1
280360,1
280363,1
280367,1
280371,1
280374,1
280379,1
280381,1
280385,1
280389,1
280402,1
280405,1
280414,1
280416,1
280419,1
280421,1
280426,1
280432,1
280436,1
280444,1
280447,1
280449,1
280451,1
280454,1
280466,1
280470,1
280473,1
280479,1
280483,1
280487,1
280492,1
280494,1
280504,1
280512,1
280514,1
280519,1
280523,1
280526,2
280530,1
280547,1
280549,1
280556,1
280560,1
280563,1
280565,1
280570,1
280572,1
280575,1
280577,1
280579,1
280582,1
280587,1
280591,1
280594,2
280599,2
280608,1
280612,1
280614,1
280616,1
280622,1
280631,2
280635,1
280639,1
280644,1
280647,1
280657,1
280662,1
280672,1
280674,1
280676,1
280678,1
280680,1
280683,1
280688,1
280692,1
280696,1
280703,1
280705,1
280708,1
280712,1
280721,1
280729,1
280731,1
280739,1
280742,1
280744,1
280748,1
280750,1
280757,1
280759,1
280763,2
280775,1
280778,1
280783,1
280786,1
280794,1
280796,1
280803,1
280808,1
280810,1
280816,1
280819,1
280821,1
280823,1
280828,1
280843,1
280846,1
280849,1
280854,1
280857,2
280869,1
280874,1
280886,1
280892,1
280899,1
280905,1
280917,1
280919,1
280921,1
280928,1
280930,1
280936,1
280945,1
280947,1
280949,1
280954,1
280958,1
280960,1
280962,1
280966,1
280969,1
280980,1
280982,1
280987,1
280996,1
281001,2
281004,1
281010,1
281018,1
281025,1
281029,1
281036,2
281042,1
281059,1
281062,1
281076,1
281080,1
281083,1
281091,1
281095,1
281098,1
281102,1
281110,1
281125,1
281131,1
281133,1
281147,1
281153,1
281164,1
281167,1
281180,1
281182,1
281189,1
281191,1
281199,1
281208,1
281212,1
281216,1
281226,1
281232,1
281250,1
281256,1
281260,1
281263,1
281265,1
281274,1
281283,1
281288,1
281296,1
281299,1
281302,1
281307,1
281311,1
281314,1
281318,2
281320,1
281322,1
281326,2
281330,1
281341,1
281343,1
281346,1
281351,1
281354,1
281360,2
281362,1
281368,1
281388,1
281409,1
281414,1
281418,1
281424,1
281428,1
281448,1
281450,1
281461,1
281476,2
281479,1
281486,1
281490,1
281492,1
281495,1
281498,1
281510,1
281514,1
281519,1
281525,1
281528,1
281536,1
281544,1
281556,1
281564,1
281567,1
281580,1
281582,1
281597,1
281604,1
281615,1
281618,1
281626,1
281628,1
281633,1
281635,1
281643,1
281646,1
281649,1
281651,1
281654,1
281657,1
281664,1
281668,2
281683,1
281688,1
281691,1
281702,2
281704,1
281711,2
281716,1
281719,1
281724,1
281737,1
281741,1
281757,1
281760,2
281763,1
281773,1
281780,1
281787,1
281792,1
281795,1
281801,1
281805,1
281808,1
281812,1
281819,1
281821,1
281827,1
281830,1
281836,1
281839,1
281851,1
281854,1
281872,1
281876,1
281888,1
281892,1
281918,1
281924,1
281927,2
281930,2
281942,1
281944,1
281950,1
281956,1
281963,1
281971,1
281974,1
281981,1
281984,1
281986,1
281993,1
281995,1
281998,1
282006,1
282025,1
282028,1
282035,1
282037,1
282044,1
282054,1
282058,1
282069,1
282079,1
282086,1
282089,1
282096,1
282100,1
282102,1
282105,1
282108,1
282110,1
282113,1
282120,1
282126,1
282131,1
282134,1
282136,1
282144,1
282154,1
282160,1
282164,1
282184,1
282189,1
282197,1
282205,1
282209,1
282211,1
282214,1
282219,1
282223,1
282232,1
282239,1
282245,1
282254,1
282257,1
282260,1
282263,1
282268,1
282280,2
282288,1
282290,1
282293,1
282307,1
282312,1
282322,1
282325,1
282327,1
282331,1
282337,1
282342,1
282345,1
282353,1
282356,1
282361,1
282363,1
282368,1
282370,1
282382,1
282384,1
282387,1
282400,1
282404,1
282407,1
282415,1
282426,1
282428,1
282430,1
282436,1
282445,1
282449,1
282457,1
282459,1
282461,1
282467,1
282475,1
282489,1
282518,1
282521,1
282533,1
282544,1
282551,1
282558,1
282564,1
282567,1
282574,1
282576,1
282590,1
282595,1
282598,1
282602,1
282609,1
282611,1
282613,1
282623,1
282629,1
282635,1
282647,1
282663,1
282666,1
282670,1
282701,1
282706,1
282710,2
282712,1
282717,1
282722,1
282731,1
282734,1
282743,1
282746,1
282752,1
282760,1
282764,1
282768,1
282773,1
282778,1
282781,1
282785,1
282803,1
282807,1
282810,1
282812,1
282816,1
282825,1
282829,1
282833,1
282840,1
282845,1
282847,1
282850,1
282855,1
282857,1
282864,1
282878,1
282885,1
282889,1
282895,1
282899,1
282917,1
282921,1
282934,1
282936,1
282942,1
282947,2
282951,1
282955,1
282957,1
282964,1
282970,1
282977,1
282979,1
282981,1
282997,2
283000,1
283005,1
283007,1
283012,1
283014,1
283020,1
283023,1
283028,1
283030,1
283032,1
283034,1
283036,1
283040,1
283049,1
283063,1
283067,1
283082,1
283087,1
283090,1
283099,1
283103,1
283114,1
283119,1
283122,1
283129,1
283132,1
283136,1
283139,1
283150,1
283170,1
283172,1
283174,1
283179,1
283185,1
283189,1
283193,1
283195,1
283199,1
283205,1
283214,1
283219,1
283244,1
283256,1
283281,1
283284,1
283304,1
283314,1
283317,1
283343,1
283348,1
283350,1
283355,1
283358,1
283360,1
283375,1
283377,1
283382,1
283385,1
283393,1
283395,1
283398,1
283400,1
283406,1
283412,1
283424,1
283432,1
283436,1
283441,1
283443,1
283445,1
283447,1
283457,1
283459,1
283465,1
283471,2
283477,1
283483,1
283486,1
283492,2
283503,1
283505,1
283507,1
283509,1
283512,2
283523,1
283525,1
283530,1
283532,1
283535,1
283538,1
283544,1
283548,1
283557,1
283568,1
283570,1
283574,1
283578,1
283580,1
283586,1
283588,1
283598,1
283603,1
283606,1
283613,1
283620,1
283622,1
283627,1
283629,1
283636,1
283642,2
283665,1
283668,1
283682,1
283684,1
283686,1
283693,1
283706,1
283715,1
283717,1
283721,1
283726,1
283728,1
283747,1
283750,2
283756,1
283759,1
283761,1
283763,1
283788,1
283793,1
283796,1
283798,1
283812,1
283815,1
283822,1
283830,1
283835,1
283847,1
283851,1
283864,1
283868,1
283871,1
283882,1
283888,1
283892,1
283894,1
283897,2
283902,1
283909,2
283915,1
283917,1
283925,1
283928,1
283937,1
283943,1
283950,1
283952,1
283957,1
283960,1
283967,1
283972,1
283975,1
283985,1
283988,1
283994,1
284003,1
284005,1
284010,2
284012,1
284017,1
284020,1
284023,1
284029,1
284031,1
284035,1
284041,1
284043,1
284051,1
284053,1
284056,1
284058,1
284060,1
284064,1
284079,1
284082,2
284087,1
284102,1
284106,1
284108,1
284116,1
284122,1
284130,1
284134,1
284136,1
284138,1
284145,1
284148,1
284154,1
284157,1
284163,1
284171,1
284177,1
284180,1
284183,1
284186,1
284204,1
284209,1
284215,1
284218,1
284224,1
284232,1
284242,1
284245,1
284258,1
284269,1
284274,1
284284,1
284288,1
284290,1
284292,1
284296,1
284307,1
284310,1
284316,1
284323,1
284326,1
284328,1
284357,1
284359,1
284361,1
284365,1
284369,1
284384,1
284386,1
284389,1
284396,1
284407,1
284411,1
284415,1
284417,1
284424,1
284429,1
284433,1
284440,1
284442,1
284444,1
284463,1
284468,1
284476,1
284490,1
284492,1
284516,1
284526,1
284529,1
284531,1
284536,1
284542,1
284552,1
284559,1
284568,1
284571,1
284574,1
284581,1
284589,1
284594,2
284598,1
284600,1
284612,1
284614,1
284624,1
284626,1
284631,1
284645,1
284661,1
284663,1
284669,1
284672,1
284676,1
284686,1
284691,1
284698,1
284709,1
284718,1
284721,1
284723,1
284737,1
284742,1
284747,1
284749,1
284760,1
284762,1
284764,1
284766,1
284771,1
284775,1
284778,1
284781,1
284783,1
284786,1
284791,1
284797,1
284800,1
284802,1
284806,1
284811,1
284815,1
284820,2
284823,1
284825,1
284827,1
284829,1
284831,1
284834,1
284836,1
284843,1
284853,1
284859,1
284862,1
284867,1
284875,1
284879,1
284884,1
284902,1
284929,1
284933,1
284936,1
284949,1
284956,1
284958,1
284967,1
284975,1
284982,1
284988,1
284992,1
285005,1
285010,2
285014,1
285021,1
285029,1
285031,1
285036,1
285044,1
285047,1
285053,1
285056,1
285059,1
285067,1
285069,1
285078,1
285084,1
285090,1
285096,1
285099,1
285104,1
285108,2
285111,1
285115,1
285121,1
285124,1
285126,1
285132,1
285138,1
285140,1
285144,1
285151,1
285156,1
285159,1
285163,1
285174,1
285178,1
285182,1
285204,1
285206,1
285208,1
285212,1
285215,1
285217,1
285231,1
285238,1
285252,1
285268,1
285280,1
285285,1
285290,1
285295,1
285325,1
285330,1
285332,1
285337,1
285349,1
285352,1
285358,1
285361,1
285365,1
285375,1
285381,1
285391,2
285400,1
285405,1
285408,1
285411,1
285413,1
285427,1
285436,1
285447,1
285456,1
285461,1
285465,1
285491,1
285495,1
285514,2
285516,1
285521,1
285523,1
285533,1
285536,1
285544,1
285559,1
285563,2
285567,1
285575,1
285578,1
285582,1
285584,1
285594,1
285598,1
285611,1
285614,1
285616,1
285619,1
285623,2
285630,1
285654,2
285657,2
285659,1
285670,1
285672,1
285675,1
285683,1
285691,1
285693,1
285697,2
285707,1
285712,1
285714,1
285723,1
285725,1
285730,1
285740,1
285742,1
285749,1
285751,1
285753,1
285759,1
285762,1
285767,1
285770,1
285772,1
285778,1
285786,1
285790,1
285800,1
285808,1
285813,1
285815,1
285823,1
285826,1
285829,1
285834,1
285836,1
285840,1
285848,2
285859,1
285862,1
285872,1
285880,1
285890,1
285892,1
285897,1
285900,1
285906,1
285911,1
285919,1
285921,1
285923,1
285933,1
285943,2
285949,1
285952,1
285958,1
285962,2
285972,1
285980,1
285989,1
285996,1
285998,1
286000,1
286003,1
286006,1
286008,1
286014,1
286035,2
286039,1
286051,1
286055,1
286065,1
286071,1
286073,1
286079,1
286085,1
286090,1
286093,2
286106,1
286113,1
286121,1
286123,1
286130,1
286135,2
286146,1
286153,1
286165,1
286171,1
286173,1
286180,1
286183,1
286191,1
286198,1
286203,1
286206,1
286208,1
286218,1
286225,1
286228,1
286230,1
286238,1
286246,1
286254,1
286263,1
286267,1
286270,1
286272,1
286274,1
286279,1
286284,1
286290,1
286292,1
286299,1
286302,1
286315,1
286319,1
286324,1
286327,1
286347,1
286353,1
286360,1
286375,1
286377,1
286392,1
286394,1
286398,1
286403,1
286409,1
286413,1
286427,1
286430,2
286434,1
286438,2
286455,1
286464,1
286468,1
286471,1
286473,1
286475,1
286489,1
286498,1
286501,1
286511,1
286527,2
286534,1
286542,1
286548,1
286551,1
286554,1
286563,1
286571,1
286573,1
286580,1
286583,1
286585,1
286587,1
286600,1
286604,1
286609,1
286616,1
286621,1
286623,1
286640,1
286643,1
286645,1
286650,1
286652,1
286655,1
286661,1
286665,1
286673,1
286678,1
286680,1
286682,1
286687,1
286694,1
286697,1
286701,1
286703,1
286719,1
286721,1
286731,1
286735,1
286740,1
286753,1
286756,1
286758,1
286766,1
286769,1
286772,1
286776,1
286779,1
286781,1
286784,1
286796,1
286798,1
286802,1
286811,1
286815,1
286852,1
286861,1
286866,1
286868,1
286871,1
286874,1
286877,1
286881,1
286886,1
286888,1
286894,1
286902,1
286904,1
286908,1
286910,1
286912,1
286921,1
286926,1
286935,1
286942,1
286950,1
286964,1
286978,1
287003,1
287014,1
287017,1
287024,1
287035,1
287038,1
287040,1
287047,1
287053,1
287057,1
287061,1
287076,1
287081,1
287090,1
287092,1
287099,1
287103,2
287112,1
287116,1
287121,1
287134,1
287139,1
287168,1
287172,1
287174,1
287176,1
287180,1
287190,1
287193,1
287195,1
287205,1
287209,1
287213,1
287217,1
287220,1
287225,1
287227,1
287232,1
287234,1
287239,1
287246,1
287267,1
287269,1
287271,1
287274,1
287281,1
287290,1
287292,1
287295,1
287303,1
287305,1
287312,1
287314,1
287320,2
287325,1
287332,1
287334,1
287340,1
287342,1
287349,1
287354,1
287362,1
287368,1
287373,1
287385,2
287391,1
287398,1
287401,1
287403,1
287405,1
287415,1
287425,1
287437,1
287441,2
287443,1
287445,1
287448,1
287450,1
287455,1
287458,1
287460,1
287464,1
287477,1
287479,1
287483,1
287490,1
287492,1
287495,1
287497,1
287505,1
287512,1
287518,1
287526,1
287536,1
287547,1
287551,1
287555,1
287568,1
287571,1
287578,1
287581,1
287587,1
287596,1
287600,1
287611,1
287613,1
287619,1
287621,1
287629,1
287631,1
287633,1
287642,1
287647,1
287650,1
287652,1
287654,1
287657,1
287660,1
287665,1
287668,1
287678,1
287689,2
287691,1
287700,1
287706,1
287717,1
287719,1
287723,1
287727,1
287729,1
287732,2
287746,1
287763,1
287766,1
287779,1
287782,1
287785,1
287790,1
287795,1
287798,1
287801,1
287803,1
287805,1
287807,1
287832,1
287840,1
287843,1
287845,1
287847,1
287854,1
287861,1
287875,2
287877,1
287885,1
287887,1
287890,1
287895,1
287901,2
287907,1
287915,2
287917,1
287919,1
287929,1
287935,1
287937,1
287939,1
287948,1
287950,1
287968,1
287974,1
287976,1
287991,1
288005,1
288011,1
288014,1
288020,1
288029,1
288039,1
288049,1
288058,1
288063,1
288067,1
288074,1
288086,1
288090,1
288102,1
288105,1
288110,1
288121,1
288124,1
288126,1
288139,1
288142,2
288144,1
288146,1
288154,1
288158,1
288169,1
288179,1
288183,2
288197,1
288199,1
288203,1
288216,1
288219,1
288221,1
288226,1
288235,1
288238,1
288241,1
288244,1
288251,1
288256,1
288258,1
288263,1
288277,1
288286,1
288290,1
288295,1
288297,1
288308,1
288313,1
288317,2
288320,1
288328,1
288330,1
288336,1
288340,1
288348,1
288353,1
288356,1
288360,1
288363,1
288367,1
288372,1
288374,1
288376,1
288381,1
288391,1
288395,1
288407,1
288410,2
288415,1
288419,1
288422,1
288424,1
288431,2
288444,1
288452,1
288464,1
288467,2
288478,1
288494,1
288497,1
288510,1
288521,1
288533,1
288537,1
288540,1
288549,2
288572,1
288577,1
288586,1
288593,1
288604,1
288615,1
288620,1
288627,1
288633,1
288637,1
288642,1
288653,2
288658,1
288669,1
288673,1
288678,1
288680,1
288682,1
288686,1
288694,1
288696,1
288708,1
288713,1
288715,1
288717,1
288721,1
288724,1
288730,1
288733,1
288735,1
288743,1
288752,1
288754,1
288758,1
288761,1
288768,1
288771,2
288773,1
288787,2
288790,1
288801,1
288803,1
288808,1
288817,1
288824,1
288828,1
288831,1
288835,1
288839,1
288842,1
288847,1
288861,1
288864,1
288875,1
288877,1
288882,1
288897,1
288899,1
288902,1
288917,2
288922,1
288926,2
288942,1
288944,1
288947,1
288956,1
288973,1
288978,1
288987,1
288992,1
288995,2
288998,1
289001,1
289003,1
289019,1
289021,1
289027,1
289035,1
289038,1
289055,1
289057,1
289071,1
289093,1
289095,1
289108,1
289115,1
289120,1
289122,1
289124,1
289130,1
289138,1
289148,1
289152,1
289157,1
289171,1
289182,1
289189,2
289200,1
289207,1
289210,1
289215,1
289225,1
289228,2
289231,2
289237,1
289248,1
289259,2
289262,1
289271,1
289287,1
289300,1
289302,1
289305,2
289311,1
289324,2
289332,1
289340,1
289344,1
289349,1
289355,1
289358,1
289365,1
289370,1
289376,1
289378,1
289399,1
289406,1
289409,1
289418,1
289427,1
289445,1
289450,1
289453,1
289484,1
289486,1
289490,1
289504,1
289506,1
289511,1
289513,1
289515,1
289517,1
289528,1
289531,1
289533,1
289541,1
289550,2
289570,1
289586,1
289590,1
289593,1
289595,1
289600,1
289610,1
289618,2
289620,1
289623,1
289625,1
289627,1
289632,1
289634,1
289637,1
289643,1
289647,1
289658,1
289667,1
289669,1
289671,1
289682,1
289688,1
289694,1
289710,1
289735,1
289738,1
289745,1
289750,1
289760,1
289765,1
289775,1
289781,1
289787,1
289791,1
289795,1
289797,1
289810,1
289822,1
289826,1
289834,1
289836,1
289852,1
289863,1
289870,2
289872,1
289874,1
289883,1
289886,1
289893,1
289900,1
289902,1
289911,1
289916,1
289927,1
289929,1
289934,1
289940,1
289950,2
289964,1
289971,1
289981,1
290001,1
290004,1
290009,1
290021,1
290023,1
290031,1
290038,1
290044,1
290051,1
290056,1
290061,1
290063,1
290080,2
290083,1
290092,1
290094,1
290100,1
290103,1
290119,2
290122,1
290124,1
290129,1
290137,1
290140,1
290153,1
290156,1
290160,1
290162,1
290165,1
290176,1
290178,1
290182,1
290184,1
290192,1
290197,2
290208,1
290212,1
290214,1
290218,1
290220,1
290226,1
290233,1
290235,1
290244,1
290252,1
290269,1
290275,1
290281,1
290285,1
290292,2
290307,2
290309,1
290321,1
290342,1
290346,1
290349,1
290355,1
290358,1
290376,1
290384,1
290387,1
290392,2
290418,1
290424,1
290428,1
290432,1
290443,1
290453,1
290469,1
290475,1
290481,1
290495,1
290500,1
290516,1
290531,1
290537,2
290547,1
290553,1
290555,1
290567,1
290571,1
290574,1
290580,1
290584,1
290587,1
290589,1
290600,1
290609,1
290617,1
290623,1
290630,1
290632,1
290635,1
290649,1
290654,1
290662,1
290669,1
290687,1
290706,2
290742,1
290744,1
290759,1
290767,1
290780,1
290783,1
290801,1
290809,1
290815,1
290820,1
290824,1
290831,1
290833,1
290840,1
290846,1
290859,1
290863,1
290872,1
290878,1
290881,1
290883,1
290896,1
290898,1
290906,1
290913,1
290916,1
290921,1
290926,1
290954,1
290961,1
290964,1
290974,1
290993,1
291001,1
291006,1
291016,2
291027,2
291029,1
291031,1
291034,1
291043,1
291047,1
291052,1
291054,1
291078,1
291081,1
291102,1
291105,1
291108,1
291117,1
291128,1
291146,2
291155,1
291158,1
291165,1
291173,1
291181,1
291183,1
291191,1
291197,1
291203,1
291212,1
291214,1
291219,2
291222,1
291230,1
291242,1
291246,1
291251,1
291259,1
291268,1
291271,1
291280,1
291290,1
291294,2
291314,1
291319,1
291333,1
291340,1
291343,1
291348,1
291354,2
291356,1
291360,1
291368,1
291377,1
291384,1
291386,1
291391,1
291404,1
291407,1
291411,1
291419,1
291423,1
291426,1
291431,2
291442,1
291445,1
291449,1
291455,1
291460,1
291464,1
291474,1
291481,1
291484,1
291487,1
291490,1
291498,1
291514,1
291521,1
291534,1
291553,1
291557,1
291564,2
291566,1
291579,1
291583,2
291588,1
291598,1
291608,1
291620,1
291633,1
291638,1
291645,1
291658,2
291697,1
291702,1
291705,1
291716,2
291718,1
291729,1
291731,1
291737,1
291739,1
291742,1
291750,1
291753,1
291756,1
291760,1
291762,1
291769,1
291772,1
291784,1
291787,1
291790,1
291793,1
291797,1
291800,1
291807,1
291813,1
291823,1
291825,1
291828,1
291835,1
291840,1
291850,2
291854,1
291859,1
291863,1
291869,1
291873,1
291883,1
291890,1
291902,1
291904,1
291906,1
291909,1
291915,1
291919,1
291921,1
291926,2
291940,1
291946,1
291955,1
291959,1
291961,1
291965,1
291968,1
291970,1
291978,1
291982,1
291985,1
291991,1
292005,1
292008,1
292013,1
292048,1
292054,1
292056,1
292059,1
292062,1
292067,1
292071,1
292078,2
292096,1
292105,1
292112,1
292119,1
292136,1
292147,1
292156,1
292161,1
292178,1
292186,1
292194,1
292208,1
292215,1
292224,1
292228,1
292241,1
292244,1
292248,1
292257,1
292259,1
292262,1
292264,1
292272,1
292275,1
292277,1
292283,1
292286,1
292296,1
292298,1
292304,1
292313,1
292322,1
292326,1
292335,1
292361,1
292367,1
292370,1
292378,1
292401,1
292409,1
292418,1
292429,1
292431,1
292436,1
292438,1
292441,1
292448,1
292452,1
292458,1
292470,1
292473,1
292477,1
292480,1
292485,1
292495,1
292508,1
292523,1
292528,1
292532,1
292535,1
292538,1
292546,1
292550,1
292556,1
292560,1
292569,1
292572,1
292580,1
292583,1
292594,1
292601,1
292604,1
292606,1
292618,1
292626,1
292638,1
292645,1
292653,1
292659,1
292663,1
292677,1
292690,1
292696,1
292699,1
292702,1
292705,1
292715,1
292720,1
292723,1
292726,1
292735,1
292737,1
292739,1
292742,1
292754,1
292779,1
292791,1
292808,1
292814,1
292816,1
292852,1
292855,1
292875,1
292879,1
292891,1
292906,1
292910,1
292912,1
292917,1
292927,1
292929,1
292931,1
292933,1
292944,2
292970,1
292979,1
292983,1
292988,2
292990,1
292994,1
293005,1
293021,1
293027,2
293039,1
293042,1
293046,1
293050,1
293052,1
293063,1
293066,1
293071,1
293074,1
293076,1
293078,1
293083,1
293086,1
293096,1
293099,1
293101,1
293115,1
293117,1
293120,1
293125,1
293131,1
293135,1
293143,1
293150,1
293179,1
293196,1
293208,1
293212,1
293221,2
293232,1
293239,1
293246,1
293249,1
293252,1
293255,1
293267,1
293274,1
293278,1
293280,1
293282,1
293284,1
293293,1
293311,2
293324,1
293327,1
293332,1
293339,1
293345,1
293356,1
293360,1
293369,2
293374,1
293381,1
293387,1
293395,1
293397,1
293400,1
293407,2
293410,1
293421,1
293424,1
293430,1
293437,1
293442,1
293453,1
293462,1
293465,1
293472,1
293482,1
293489,1
293492,1
293494,1
293500,2
293503,1
293510,1
293513,1
293542,2
293553,1
293566,1
293573,1
293577,1
293582,1
293585,1
293592,1
293594,1
293596,1
293600,2
293602,1
293612,1
293617,1
293628,1
293633,1
293641,1
293648,1
293671,1
293673,1
293676,1
293678,1
293685,1
293696,2
293698,1
293711,2
293725,1
293728,1
293731,1
293742,1
293745,1
293753,1
293759,1
293767,1
293779,1
293785,1
293799,1
293805,1
293807,1
293812,1
293814,1
293817,1
293821,2
293825,1
293829,2
293843,1
293845,1
293847,1
293854,1
293859,1
293864,1
293867,1
293869,1
293876,2
293878,1
293885,1
293890,1
293895,1
293899,1
293901,1
293907,1
293917,1
293929,1
293931,1
293934,1
293940,1
293949,1
293951,1
293961,1
293965,1
293969,1
293974,1
293979,1
293987,1
293989,1
293992,1
293995,1
294003,1
294005,1
294015,1
294046,1
294050,1
294080,1
294082,1
294088,1
294101,1
294104,1
294112,1
294120,1
294126,1
294131,1
294136,1
294158,1
294162,1
294174,1
294182,1
294189,1
294192,1
294197,1
294210,1
294213,1
294234,1
294248,1
294250,1
294261,1
294265,1
294275,1
294277,1
294280,1
294284,1
294291,1
294295,1
294297,1
294307,1
294320,2
294324,1
294328,1
294331,1
294336,1
294338,1
294343,1
294348,1
294361,1
294368,1
294375,1
294379,1
294385,1
294392,1
294395,1
294399,1
294411,1
294413,1
294418,1
294420,1
294422,1
294428,1
294452,1
294462,1
294464,1
294469,1
294480,1
294482,1
294484,1
294496,1
294499,1
294501,1
294503,1
294507,1
294509,1
294516,1
294520,1
294522,1
294524,1
294527,1
294534,1
294536,1
294540,1
294544,1
294547,1
294550,1
294553,1
294558,1
294563,1
294579,1
294582,1
294585,1
294596,1
294603,1
294618,1
294621,1
294635,1
294637,1
294655,1
294668,1
294676,1
294680,1
294682,1
294684,1
294688,1
294693,1
294701,2
294712,1
294719,1
294721,1
294723,1
294725,1
294728,1
294733,1
294737,1
294739,1
294744,2
294751,1
294756,1
294758,1
294761,1
294767,1
294770,1
294775,2
294787,1
294792,1
294797,1
294806,1
294808,1
294812,1
294814,1
294822,2
294825,2
294827,1
294832,1
294834,1
294841,1
294845,1
294858,1
294860,1
294871,1
294879,1
294883,1
294885,1
294888,1
294897,1
294909,1
294915,1
294925,1
294931,1
294933,1
294939,1
294945,1
294955,1
294960,1
294962,1
294965,1
294976,1
294978,1
294982,1
294987,1
294989,1
294994,1
295001,1
295010,1
295014,1
295017,1
295022,1
295031,1
295039,1
295042,1
295048,1
295050,1
295054,1
295063,1
295087,1
295092,1
295094,1
295101,2
295105,1
295111,1
295114,1
295118,1
295122,1
295124,1
295126,1
295130,1
295137,1
295144,1
295149,1
295152,1
295163,1
295166,1
295169,1
295171,1
295184,1
295195,1
295197,1
295200,1
295204,1
295208,1
295214,1
295231,1
295235,1
295239,1
295242,1
295247,1
295253,1
295257,1
295262,1
295267,1
295270,1
295281,1
295290,2
295295,1
295297,1
295301,1
295303,1
295308,1
295310,1
295313,1
295319,1
295321,1
295332,1
295337,1
295340,1
295354,1
295362,1
295377,1
295380,1
295394,1
295409,1
295413,1
295415,1
295418,1
295420,1
295429,2
295432,1
295435,1
295442,2
295444,1
295458,1
295460,1
295468,1
295486,1
295492,1
295494,1
295502,1
295506,1
295509,1
295514,1
295526,1
295528,1
295535,2
295538,1
295557,1
295559,1
295564,1
295570,1
295574,1
295585,1
295587,1
295599,1
295601,1
295604,1
295608,1
295615,1
295617,1
295621,1
295624,1
295628,1
295631,1
295638,1
295640,1
295644,1
295649,1
295654,1
295661,1
295665,1
295668,1
295673,1
295689,1
295691,1
295696,1
295706,1
295710,1
295716,1
295729,1
295740,1
295745,1
295749,1
295757,1
295759,1
295767,2
295770,1
295774,1
295781,1
295783,1
295785,1
295817,1
295826,1
295834,1
295837,1
295839,1
295845,1
295849,1
295855,1
295861,1
295865,1
295868,1
295877,1
295879,1
295888,1
295890,1
295895,1
295903,1
295907,1
295910,1
295917,1
295923,1
295926,1
295933,2
295945,1
295953,1
295956,1
295959,1
295961,1
295966,1
295969,1
295973,1
295978,1
295990,1
295999,1
296009,1
296020,1
296025,1
296033,1
296035,1
296038,1
296041,1
296045,1
296053,1
296064,1
296070,1
296075,1
296078,1
296082,1
296085,1
296088,1
296094,1
296102,1
296104,1
296106,1
296109,1
296116,1
296120,1
296122,1
296127,1
296131,1
296141,1
296147,1
296150,1
296153,2
296155,1
296160,1
296168,1
296172,1
296178,1
296188,1
296191,1
296201,2
296206,1
296208,1
296212,1
296216,1
296221,1
296223,1
296225,1
296233,1
296238,2
296244,1
296253,1
296257,1
296264,1
296269,1
296281,1
296284,1
296286,1
296288,1
296295,1
296310,1
296327,1
296330,1
296346,1
296358,1
296361,1
296369,1
296374,1
296377,1
296380,1
296389,1
296391,1
296395,1
296405,1
296409,1
296416,1
296418,1
296421,1
296423,1
296437,1
296439,1
296447,1
296450,1
296463,1
296473,1
296476,1
296482,1
296484,1
296493,1
296495,1
296500,2
296502,1
296506,1
296519,1
296521,1
296524,2
296529,1
296531,1
296535,1
296551,1
296555,1
296566,1
296570,1
296572,1
296576,1
296579,1
296581,1
296586,1
296590,1
296606,1
296609,1
296623,1
296630,1
296635,1
296640,1
296644,1
296646,1
296649,1
296652,1
296656,1
296666,1
296669,1
296684,1
296698,1
296712,1
296715,1
296718,1
296729,1
296741,1
296748,2
296751,1
296762,1
296765,1
296770,1
296784,1
296795,1
296801,1
296813,1
296816,1
296821,1
296825,1
296829,1
296834,1
296836,1
296839,1
296842,1
296847,1
296851,1
296855,1
296876,1
296884,1
296891,1
296902,1
296932,1
296936,2
296938,1
296940,1
296942,1
296952,1
296962,1
296966,1
296970,1
296975,1
296994,1
296999,2
297002,1
297007,1
297015,1
297018,2
297032,1
297036,1
297052,1
297058,1
297067,1
297070,1
297073,1
297075,1
297088,1
297092,1
297099,1
297101,1
297108,1
297110,1
297123,1
297128,1
297131,1
297134,1
297146,1
297156,1
297161,1
297165,1
297174,1
297184,1
297188,1
297195,1
297199,1
297217,1
297229,1
297235,1
297241,1
297243,1
297251,1
297254,1
297256,1
297272,1
297278,1
297289,1
297291,1
297298,1
297305,1
297311,1
297318,2
297322,1
297328,1
297355,2
297364,1
297372,1
297376,1
297382,1
297387,1
297390,1
297394,1
297396,1
297401,1
297405,1
297407,1
297411,1
297414,1
297424,1
297427,1
297447,1
297449,1
297454,1
297466,1
297468,1
297478,1
297483,1
297485,1
297503,1
297523,2
297535,1
297543,1
297546,1
297551,1
297559,1
297579,1
297586,1
297597,1
297601,1
297605,1
297611,1
297619,1
297624,1
297640,2
297642,1
297653,1
297656,1
297658,1
297663,1
297666,1
297674,1
297678,1
297680,1
297689,1
297693,1
297697,1
297700,2
297709,1
297713,1
297717,1
297743,1
297746,1
297754,1
297758,1
297761,1
297772,1
297774,1
297786,1
297788,1
297792,1
297800,1
297809,1
297812,1
297818,1
297826,1
297828,1
297831,1
297841,1
297844,1
297853,2
297865,1
297875,1
297878,1
297880,1
297884,1
297890,2
297893,1
297901,1
297904,1
297906,1
297910,1
297918,1
297923,2
297925,1
297929,1
297937,1
297942,1
297951,1
297966,1
297972,1
297976,1
297985,1
298002,1
298006,1
298012,1
298034,1
298062,1
298076,1
298079,1
298090,1
298095,1
298097,1
298101,1
298106,1
298110,1
298113,1
298120,1
298125,2
298131,1
298137,1
298152,1
298158,1
298166,1
298169,1
298174,2
298176,1
298178,1
298185,1
298187,1
298192,1
298194,1
298198,1
298203,1
298218,1
298220,1
298222,1
298226,1
298228,1
298232,1
298238,1
298240,1
298244,1
298251,1
298257,1
298260,1
298264,1
298270,1
298282,1
298284,1
298287,2
298302,1
298304,1
298307,1
298311,1
298315,1
298321,2
298324,1
298335,1
298338,1
298343,1
298346,1
298348,1
298355,1
298370,1
298374,1
298379,1
298384,1
298389,1
298410,1
298415,1
298418,1
298422,1
298424,1
298436,1
298447,1
298464,1
298467,1
298470,1
298483,1
298507,1
298510,1
298512,1
298522,1
298527,1
298548,1
298552,1
298568,1
298570,1
298579,1
298598,1
298602,1
298605,1
298610,1
298614,1
298621,1
298623,1
298629,1
298635,1
298643,1
298648,1
298653,1
298661,1
298663,1
298665,1
298668,1
298676,1
298680,1
298684,1
298686,1
298689,1
298691,1
298696,1
298699,1
298702,1
298704,1
298708,1
298710,1
298712,1
298714,1
298718,1
298720,1
298725,1
298734,1
298736,1
298739,1
298753,1
298755,1
298757,1
298769,1
298771,1
298775,1
298780,1
298789,1
298793,1
298795,1
298798,1
298801,1
298806,1
298817,1
298823,1
298830,1
298834,1
298837,1
298839,1
298844,1
298872,1
298876,1
298885,1
298890,1
298893,1
298895,1
298909,1
298912,1
298914,1
298916,1
298926,1
298928,1
298931,1
298956,1
298962,1
298966,1
298979,1
298984,1
298993,2
299000,1
299003,1
299008,1
299013,1
299015,1
299018,1
299020,1
299031,1
299035,1
299045,1
299051,1
299056,1
299063,1
299066,1
299073,1
299078,1
299102,1
299115,1
299119,1
299126,1
299135,1
299139,1
299141,1
299144,1
299147,1
299149,1
299156,1
299162,1
299171,1
299174,1
299180,1
299184,1
299193,1
299200,1
299203,1
299207,1
299209,1
299215,1
299217,1
299223,1
299228,2
299233,1
299237,1
299239,1
299244,1
299253,1
299260,1
299265,1
299267,1
299274,1
299276,1
299278,1
299286,1
299289,1
299292,1
299296,1
299299,1
299301,1
299307,1
299311,1
299327,1
299346,1
299352,1
299371,1
299381,1
299389,1
299402,1
299414,1
299431,1
299436,1
299443,1
299445,1
299476,1
299478,1
299480,1
299482,1
299487,1
299489,1
299497,1
299499,1
299507,1
299510,1
299531,1
299535,1
299543,1
299554,1
299557,1
299569,1
299577,1
299582,1
299591,1
299596,1
299599,1
299614,1
299628,1
299632,1
299640,1
299642,1
299649,1
299651,1
299656,1
299659,1
299666,1
299681,1
299686,1
299690,1
299698,1
299703,1
299709,1
299715,1
299720,1
299726,1
299739,1
299745,1
299756,1
299758,1
299762,1
299768,1
299770,1
299779,1
299784,1
299797,1
299799,1
299809,1
299811,1
299820,1
299826,1
299834,1
299841,1
299843,1
299845,1
299858,1
299861,1
299872,1
299878,1
299881,1
299886,1
299891,1
299895,1
299897,1
299902,1
299906,1
299908,1
299911,1
299913,1
299916,1
299918,1
299921,1
299923,1
299930,2
299952,1
299960,1
299962,1
299976,1
299980,1
299984,1
299991,1
299994,1
400011,1
400030,1
400033,1
400036,1
400039,1
400044,1
400048,1
400061,1
400065,1
400077,1
400079,1
400092,1
400099,1
400106,1
400110,1
400112,1
400120,1
400122,1
400124,1
400128,1
400146,1
400158,1
400162,1
400167,1
400170,1
400180,1
400182,1
400186,1
400199,1
400201,1
400213,1
400225,2
400228,1
400233,1
400240,1
400244,1
400251,1
400280,1
400285,1
400287,1
400297,1
400300,1
400304,1
400308,1
400316,1
400318,1
400320,1
400331,1
400334,1
400337,2
400340,1
400348,1
400353,1
400355,1
400357,1
400363,1
400371,1
400373,1
400380,1
400392,1
400396,1
400399,2
400410,1
400419,1
400434,1
400446,1
400451,1
400458,1
400466,1
400473,1
400482,1
400486,1
400490,1
400495,1
400497,1
400504,1
400512,1
400520,1
400525,1
400527,1
400531,1
400540,1
400543,1
400546,1
400548,1
400551,1
400555,1
400562,1
400564,1
400566,1
400568,1
400578,1
400581,1
400584,1
400587,1
400589,1
400595,1
400605,1
400610,1
400617,1
400620,1
400623,1
400629,1
400635,1
400638,1
400640,1
400643,1
400645,1
400650,1
400655,1
400670,1
400678,1
400683,1
400686,1
400689,1
400694,1
400698,1
400700,1
400710,2
400714,1
400719,1
400732,2
400735,1
400740,1
400748,1
400750,1
400756,1
400767,1
400776,1
400788,1
400790,1
400794,1
400804,1
400807,1
400811,1
400820,1
400825,1
400833,1
400846,1
400848,1
400854,1
400861,1
400864,1
400871,1
400877,1
400882,1
400884,1
400888,1
400897,1
400912,1
400916,1
400920,1
400922,1
400940,2
400962,1
400964,1
400968,1
400973,1
400987,1
400992,2
400995,1
400999,1
401003,1
401007,1
401012,1
401018,1
401036,1
401040,1
401044,1
401047,1
401057,1
401061,1
401066,1
401075,1
401079,1
401086,1
401089,1
401091,1
401095,1
401098,1
401104,1
401111,1
401118,1
401120,1
401129,1
401136,1
401140,1
401143,1
401167,1
401172,1
401183,1
401186,1
401192,1
401198,1
401201,1
401205,1
401209,1
401213,1
401219,1
401221,1
401227,1
401232,1
401240,1
401245,1
401247,1
401249,1
401258,1
401260,1
401264,1
401266,1
401268,1
401273,1
401278,2
401281,1
401283,1
401288,1
401293,1
401302,1
401307,1
401311,1
401322,1
401324,1
401328,1
401334,1
401338,1
401343,1
401345,1
401347,1
401349,1
401359,1
401362,1
401366,1
401371,1
401377,1
401383,1
401398,1
401402,1
401404,1
401412,1
401417,1
401420,1
401427,1
401434,1
401440,1
401446,1
401451,1
401458,1
401473,1
401479,1
401490,1
401501,1
401513,1
401516,1
401520,1
401527,1
401532,1
401536,1
401538,1
401546,1
401549,1
401553,1
401558,1
401565,1
401568,1
401574,1
401584,1
401589,1
401592,1
401605,1
401615,1
401619,1
401623,1
401629,1
401636,1
401645,1
401664,1
401669,1
401676,1
401680,1
401684,1
401707,1
401714,1
401720,1
401725,1
401727,1
401738,1
401741,1
401744,1
401747,1
401774,1
401776,1
401781,1
401792,1
401801,1
401809,1
401811,1
401813,1
401820,1
401823,1
401826,1
401829,1
401831,1
401836,1
401840,1
401842,1
401851,1
401854,1
401857,2
401862,1
401873,1
401886,1
401891,1
401900,2
401903,1
401910,1
401912,1
401915,1
401925,1
401944,1
401955,1
401965,1
401978,1
402007,1
402028,1
402044,1
402053,1
402056,1
402067,1
402071,1
402081,1
402083,1
402086,1
402088,1
402096,1
402100,1
402105,1
402109,1
402113,1
402117,1
402123,1
402129,1
402136,1
402141,1
402144,1
402147,1
402158,1
402161,1
402174,1
402176,1
402183,1
402194,1
402196,1
402201,2
402206,1
402215,2
402217,1
402220,1
402222,1
402227,1
402234,1
402241,1
402253,1
402255,1
402257,1
402261,1
402269,1
402271,1
402288,1
402292,1
402294,1
402299,1
402307,1
402316,1
402328,1
402330,1
402338,1
402342,1
402344,1
402353,1
402371,1
402375,1
402377,1
402380,1
402385,1
402387,1
402397,1
402399,1
402401,1
402422,1
402434,1
402439,1
402442,1
402444,1
402446,1
402452,1
402454,1
402457,1
402463,1
402466,1
402471,1
402477,1
402483,1
402500,1
402511,1
402513,1
402519,1
402536,1
402540,1
402546,1
402552,1
402564,1
402591,1
402593,1
402596,1
402628,1
402633,2
402635,1
402639,1
402646,1
402654,1
402656,1
402663,1
402668,1
402670,1
402672,1
402684,1
402687,1
402692,1
402698,1
402715,1
402724,1
402727,1
402729,1
402739,1
402751,1
402762,1
402764,1
402766,1
402769,1
402787,1
402792,1
402802,1
402805,1
402809,1
402820,1
402822,1
402829,1
402833,1
402835,1
402842,1
402844,1
402848,1
402850,1
402859,1
402867,1
402874,1
402886,1
402889,1
402892,1
402894,1
402898,1
402900,1
402907,1
402916,1
402922,1
402935,1
402939,1
402955,2
402961,1
402980,1
402991,1
403004,1
403012,1
403021,1
403027,1
403029,1
403038,2
403050,1
403056,1
403065,1
403067,1
403071,1
403076,1
403083,1
403085,1
403089,1
403092,1
403097,1
403102,1
403104,1
403113,1
403116,1
403127,1
403129,1
403133,1
403136,1
403140,1
403145,1
403147,1
403152,1
403164,1
403184,1
403187,1
403191,1
403193,1
403204,1
403208,1
403210,1
403212,1
403218,1
403239,1
403243,1
403246,1
403248,1
403251,1
403255,1
403257,1
403260,1
403275,1
403282,1
403309,1
403322,1
403338,1
403341,1
403344,1
403351,1
403359,1
403362,1
403366,1
403384,1
403419,2
403427,1
403430,1
403432,1
403436,1
403438,1
403446,1
403449,1
403452,1
403455,1
403461,2
403464,1
403479,1
403485,1
403506,1
403529,1
403555,1
403563,1
403565,1
403569,1
403571,1
403574,1
403584,1
403587,1
403589,1
403591,1
403600,1
403618,1
403625,1
403629,1
403632,1
403638,1
403642,1
403645,1
403647,1
403649,1
403660,1
403668,1
403676,1
403682,1
403691,1
403699,1
403702,2
403710,1
403713,1
403722,1
403734,1
403736,1
403739,1
403741,1
403754,1
403759,1
403770,1
403785,1
403788,1
403798,1
403804,1
403808,1
403814,1
403822,1
403824,1
403834,1
403844,1
403853,1
403856,1
403860,1
403863,1
403868,1
403874,2
403880,1
403893,1
403895,1
403901,1
403903,1
403906,1
403908,1
403913,1
403919,1
403924,1
403929,1
403932,1
403938,1
403945,1
403960,1
403965,1
403975,1
403978,1
403980,1
403998,1
404010,1
404033,1
404037,1
404040,1
404075,1
404079,1
404082,1
404089,1
404105,1
404122,1
404124,1
404126,1
404140,1
404143,1
404152,1
404156,1
404159,1
404161,1
404171,1
404173,1
404176,1
404179,1
404191,1
404193,1
404196,1
404204,1
404207,2
404214,1
404229,1
404237,1
404241,1
404249,1
404252,1
404268,1
404272,1
404284,1
404292,1
404301,1
404310,1
404312,1
404315,1
404320,2
404323,1
404326,1
404334,1
404346,1
404350,1
404356,2
404358,1
404360,1
404363,1
404366,1
404372,2
404400,1
404405,1
404418,1
404421,1
404425,1
404433,1
404442,1
404446,2
404455,1
404457,1
404460,1
404475,1
404491,1
404499,1
404502,1
404505,1
404507,1
404514,1
404517,1
404521,1
404526,2
404534,1
404537,1
404545,1
404547,1
404550,1
404552,1
404557,1
404559,1
404562,2
404570,1
404574,1
404590,1
404594,1
404596,1
404604,1
404606,1
404626,1
404633,1
404648,1
404651,1
404659,1
404665,1
404685,1
404689,1
404712,1
404715,1
404717,1
404721,1
404730,1
404733,1
404750,1
404760,1
404772,1
404775,1
404778,1
404783,1
404786,1
404789,1
404795,1
404797,1
404800,1
404807,1
404812,1
404825,2
404831,1
404852,1
404856,1
404861,1
404865,1
404874,1
404880,1
404893,1
404897,1
404899,1
404902,1
404912,1
404914,1
404928,1
404946,1
404952,1
404956,1
404959,1
404966,1
404968,1
404971,1
404974,1
404976,1
404978,1
404987,1
404990,1
404994,2
404996,1
404999,1
405012,1
405023,1
405031,1
405035,1
405044,1
405046,1
405054,1
405062,1
405065,1
405071,1
405081,1
405091,2
405099,1
405117,1
405137,1
405144,1
405146,1
405155,1
405158,1
405165,1
405175,1
405178,1
405186,1
405192,2
405200,1
405214,1
405222,1
405227,1
405234,1
405236,1
405239,1
405249,1
405251,1
405259,1
405261,1
405263,1
405273,1
405275,1
405290,1
405292,1
405301,1
405306,1
405326,2
405333,1
405337,1
405340,1
405356,1
405358,1
405368,1
405370,1
405379,1
405385,1
405391,1
405395,1
405415,1
405417,1
405419,1
405423,1
405428,1
405432,1
405449,1
405458,1
405460,1
405466,1
405468,1
405470,1
405479,1
405483,1
405486,1
405488,1
405493,1
405501,1
405503,1
405505,1
405511,1
405517,1
405519,1
405527,1
405529,1
405532,1
405536,1
405538,1
405541,1
405547,1
405551,1
405560,1
405565,1
405568,1
405573,1
405577,1
405585,1
405591,1
405594,1
405600,1
405604,1
405611,1
405621,1
405624,1
405633,1
405643,1
405645,1
405655,1
405658,1
405666,1
405669,1
405688,1
405691,1
405696,1
405705,1
405718,1
405723,1
405731,1
405737,1
405740,2
405747,1
405751,1
405756,1
405760,1
405766,1
405768,1
405775,1
405781,1
405785,1
405787,1
405793,1
405799,1
405801,1
405821,1
405829,1
405831,1
405835,1
405844,1
405846,1
405855,1
405868,1
405883,1
405887,1
405891,1
405897,1
405900,1
405917,1
405924,1
405928,1
405931,1
405933,1
405937,1
405944,1
405959,1
405961,1
405970,1
405974,1
405976,1
405980,1
405985,1
406000,1
406011,1
406017,1
406023,2
406028,1
406030,1
406032,1
406034,1
406039,1
406043,1
406045,1
406050,1
406053,1
406062,1
406068,1
406072,1
406075,1
406081,1
406096,1
406102,1
406109,1
406115,1
406164,1
406171,1
406190,1
406199,1
406203,1
406205,1
406222,1
406244,1
406249,1
406251,1
406283,1
406285,1
406289,1
406293,1
406295,1
406300,1
406302,1
406304,1
406315,1
406322,1
406324,1
406352,1
406356,1
406363,1
406365,1
406370,1
406392,1
406394,1
406402,1
406411,1
406418,1
406422,2
406427,1
406435,1
406440,1
406451,1
406453,1
406458,1
406464,1
406466,1
406525,1
406527,1
406540,1
406548,1
406558,1
406560,1
406563,1
406573,1
406576,1
406589,1
406592,1
406594,1
406596,1
406604,1
406627,1
406637,1
406644,1
406657,1
406659,1
406671,1
406679,1
406684,1
406686,1
406691,1
406693,1
406697,1
406704,1
406713,1
406716,1
406723,1
406726,2
406731,1
406739,1
406742,1
406747,2
406761,1
406763,1
406774,1
406777,1
406779,1
406781,1
406789,1
406797,1
406799,1
406801,1
406814,2
406817,1
406820,1
406822,1
406824,1
406827,1
406830,1
406852,1
406855,1
406857,1
406870,1
406884,1
406891,1
406894,1
406897,1
406905,1
406907,1
406923,1
406927,1
406940,1
406942,1
406959,1
406961,1
406964,1
406972,1
406979,1
406983,1
406986,1
406989,1
406991,1
406998,1
407000,1
407023,1
407026,1
407031,1
407034,1
407036,1
407042,1
407047,1
407049,1
407061,1
407065,1
407070,1
407082,2
407084,1
407087,1
407093,1
407106,1
407110,1
407114,1
407122,1
407127,1
407136,1
407139,1
407147,2
407154,1
407161,1
407171,1
407186,1
407197,1
407214,1
407220,1
407222,1
407226,1
407236,1
407244,1
407254,1
407267,1
407270,1
407272,1
407275,1
407283,1
407292,1
407311,1
407321,1
407330,1
407341,1
407346,1
407351,1
407363,1
407366,1
407370,1
407388,1
407409,1
407418,1
407423,1
407427,1
407437,1
407443,1
407446,1
407453,1
407456,1
407473,1
407477,1
407485,1
407501,1
407513,1
407525,1
407533,1
407544,1
407557,1
407562,1
407575,1
407577,1
407583,1
407590,1
407599,1
407601,1
407606,1
407610,1
407621,1
407626,1
407628,1
407635,1
407647,1
407668,1
407671,1
407673,1
407683,1
407692,1
407694,1
407699,1
407703,1
407705,1
407710,1
407713,1
407722,1
407724,1
407731,1
407733,1
407735,1
407739,1
407745,1
407747,1
407752,1
407759,1
407768,1
407776,1
407779,1
407783,1
407786,1
407789,1
407793,1
407806,1
407817,1
407823,1
407834,1
407836,1
407844,1
407847,1
407855,1
407862,1
407876,1
407879,1
407883,1
407891,1
407899,1
407901,1
407914,1
407920,1
407922,1
407928,1
407933,1
407954,1
407961,1
407972,1
408008,1
408021,1
408023,1
408032,1
408035,1
408037,1
408039,1
408042,1
408088,1
408091,1
408105,1
408109,1
408118,1
408122,1
408130,1
408139,1
408164,1
408166,1
408170,1
408177,1
408192,1
408196,1
408198,1
408201,1
408212,1
408214,1
408218,1
408222,2
408226,1
408229,1
408244,1
408246,1
408254,1
408264,1
408274,1
408281,1
408288,1
408296,1
408299,1
408301,1
408305,1
408312,1
408316,1
408321,2
408325,1
408327,1
408334,1
408350,1
408354,1
408357,1
408359,1
408372,1
408376,1
408385,1
408392,1
408394,1
408401,1
408410,1
408412,1
408416,1
408431,1
408442,1
408453,1
408459,1
408465,1
408467,1
408471,1
408473,1
408482,1
408488,1
408492,1
408498,1
408500,1
408504,1
408511,1
408513,1
408517,1
408536,1
408540,1
408546,1
408560,1
408563,1
408595,1
408610,1
408615,1
408619,1
408625,1
408636,1
408638,1
408641,1
408643,1
408647,1
408653,1
408655,1
408659,1
408661,1
408669,1
408680,1
408693,1
408696,1
408699,1
408725,1
408735,1
408747,1
408752,1
408756,1
408766,1
408768,1
408771,1
408776,1
408779,1
408781,1
408789,1
408794,1
408801,1
408804,1
408810,1
408814,1
408830,1
408833,1
408839,1
408841,1
408850,1
408853,1
408856,1
408867,1
408870,1
408872,1
408874,1
408878,1
408883,1
408891,1
408897,1
408900,1
408904,1
408910,1
408914,1
408916,1
408920,1
408930,1
408935,1
408942,1
408957,1
408963,1
408975,1
408981,1
408992,1
408998,1
409020,1
409023,1
409027,1
409034,1
409036,1
409041,1
409044,1
409052,1
409061,1
409068,1
409072,2
409081,1
409090,1
409097,1
409099,1
409102,1
409106,1
409110,1
409117,1
409120,2
409125,1
409132,1
409138,1
409140,1
409148,1
409150,1
409158,1
409160,1
409168,1
409173,1
409175,1
409178,1
409191,1
409198,1
409214,2
409223,1
409225,1
409234,1
409241,1
409252,1
409262,1
409286,1
409295,1
409299,1
409318,1
409329,1
409341,1
409354,1
409370,1
409377,1
409403,1
409413,1
409418,1
409422,1
409430,1
409438,1
409441,1
409444,1
409451,1
409454,1
409458,1
409460,1
409462,1
409470,1
409474,1
409478,1
409480,1
409483,1
409489,1
409496,1
409501,1
409520,1
409523,1
409536,1
409541,1
409544,1
409548,1
409552,1
409573,1
409579,1
409583,1
409585,1
409588,1
409595,1
409601,1
409604,1
409614,1
409618,1
409622,1
409645,1
409649,1
409654,1
409661,1
409665,1
409668,1
409670,1
409675,1
409679,1
409689,1
409695,1
409706,1
409727,1
409734,1
409743,1
409761,1
409763,1
409767,1
409796,1
409804,1
409811,1
409821,1
409827,2
409848,1
409858,1
409869,1
409878,1
409887,1
409894,1
409913,1
409924,1
409932,1
409950,1
409960,1
409970,1
409972,1
409974,1
409977,1
410005,1
410011,1
410034,1
410045,1
410055,1
410067,1
410095,1
410097,1
410102,1
410115,1
410122,1
410141,1
410153,1
410157,1
410162,1
410167,1
410178,1
410180,1
410190,1
410194,1
410197,1
410202,1
410206,1
410220,1
410229,1
410240,1
410245,1
410257,1
410266,1
410281,1
410287,1
410295,1
410299,1
410305,1
410325,1
410331,1
410338,1
410342,1
410347,1
410354,1
410389,1
410419,1
410433,1
410440,1
410444,1
410447,2
410451,1
410466,1
410475,1
410486,1
410491,1
410501,1
410521,1
410536,1
410539,1
410541,1
410549,1
410559,1
410563,1
410571,1
410574,1
410577,1
410580,1
410582,1
410585,1
410589,1
410592,1
410595,1
410599,1
410601,1
410607,1
410609,1
410613,1
410618,1
410625,2
410632,1
410646,1
410654,1
410659,1
410663,1
410676,1
410682,1
410685,1
410688,1
410697,1
410701,1
410703,1
410714,1
410722,1
410724,1
410733,1
410744,1
410767,1
410782,1
410798,1
410807,1
410810,1
410814,1
410818,1
410827,1
410833,1
410847,1
410857,1
410871,1
410880,1
410901,2
410905,1
410915,1
410920,1
410926,1
410928,1
410932,1
410934,1
410949,1
410951,1
410960,1
410973,1
410975,1
410980,1
410984,1
410988,1
410993,1
410995,1
411004,1
411009,1
411019,1
411023,1
411029,2
411039,1
411047,1
411055,1
411073,1
411084,1
411093,1
411100,1
411102,1
411106,1
411109,1
411117,1
411120,1
411124,1
411126,1
411128,1
411133,1
411138,2
411141,1
411146,1
411150,1
411157,1
411164,1
411170,1
411176,1
411184,1
411186,1
411188,1
411195,1
411201,1
411206,1
411220,1
411231,1
411235,1
411237,1
411244,1
411273,1
411283,1
411287,1
411291,1
411295,1
411297,1
411301,1
411305,1
411313,1
411316,1
411321,1
411330,1
411339,1
411347,2
411352,1
411356,1
411361,1
411371,1
411374,1
411377,1
411398,1
411401,1
411410,1
411423,1
411425,1
411430,1
411438,1
411445,1
411454,1
411458,1
411460,1
411462,1
411465,1
411468,1
411470,1
411479,1
411482,1
411484,1
411495,1
411506,1
411513,2
411533,1
411540,1
411542,1
411561,1
411568,1
411576,1
411583,1
411596,1
411606,1
411615,1
411617,1
411634,1
411642,1
411654,1
411656,1
411659,1
411667,1
411673,1
411678,1
411681,1
411708,1
411730,1
411748,1
411761,1
411766,1
411789,1
411794,2
411808,1
411812,1
411834,1
411838,1
411841,1
411850,1
411861,1
411873,1
411878,1
411888,1
411903,1
411920,1
411922,1
411937,1
411939,1
411946,1
411958,1
411967,1
411969,1
411971,1
411974,1
411976,1
411981,1
411984,1
411994,1
412007,1
412009,1
412024,1
412028,1
412031,1
412035,1
412059,1
412073,1
412090,1
412109,1
412115,1
412120,1
412142,1
412158,1
412165,1
412180,1
412189,1
412203,1
412212,1
412235,1
412244,1
412246,1
412254,1
412258,1
412266,1
412278,1
412283,1
412288,1
412291,1
412294,1
412296,1
412303,1
412309,1
412316,1
412320,1
412326,1
412328,1
412330,1
412342,1
412352,1
412357,1
412360,1
412381,1
412401,1
412404,1
412407,1
412416,1
412426,1
412430,1
412443,1
412452,1
412454,1
412456,1
412472,1
412482,1
412486,1
412494,1
412496,1
412501,1
412505,1
412508,1
412516,1
412527,1
412553,1
412568,1
412570,1
412572,1
412574,1
412588,1
412590,1
412603,1
412606,1
412617,1
412630,1
412634,1
412637,1
412640,1
412650,1
412676,1
412678,1
412686,1
412688,1
412694,1
412699,1
412701,1
412705,1
412711,2
412714,1
412722,1
412735,1
412743,1
412750,1
412757,1
412766,1
412774,1
412778,1
412786,1
412804,1
412806,1
412808,1
412821,1
412834,1
412836,1
412844,1
412852,1
412860,1
412863,1
412867,1
412869,1
412879,1
412884,1
412889,1
412892,1
412899,1
412902,1
412916,1
412927,1
412934,1
412947,1
412965,1
412968,1
412983,1
412986,1
412988,1
412994,1
413000,1
413014,1
413021,1
413023,1
413025,1
413040,1
413047,1
413062,1
413066,1
413069,1
413076,1
413083,1
413088,1
413091,1
413093,1
413100,1
413105,1
413110,1
413114,1
413119,1
413136,1
413139,1
413148,1
413151,1
413155,1
413159,1
413164,1
413170,1
413174,1
413178,1
413183,1
413195,1
413204,1
413212,1
413218,1
413224,1
413226,1
413231,1
413237,1
413240,1
413267,1
413281,1
413308,1
413318,1
413324,1
413331,1
413334,1
413343,1
413345,1
413356,1
413360,1
413376,1
413382,1
413391,1
413396,1
413402,1
413409,1
413426,1
413432,1
413436,1
413440,1
413442,1
413444,1
413447,1
413451,1
413453,1
413455,1
413458,1
413463,1
413487,1
413496,1
413501,1
413518,1
413525,1
413535,1
413539,1
413543,1
413546,1
413557,1
413559,1
413561,1
413570,2
413578,1
413580,1
413584,1
413590,1
413597,1
413604,1
413609,1
413632,1
413636,1
413641,1
413644,1
413650,1
413658,1
413672,1
413678,1
413687,1
413696,1
413700,1
413703,1
413714,1
413716,1
413718,1
413721,1
413723,1
413729,1
413731,1
413734,1
413739,1
413746,1
413749,1
413753,1
413760,1
413767,1
413777,1
413781,1
413784,1
413791,1
413796,1
413799,1
413805,1
413808,1
413811,1
413817,1
413824,1
413829,1
413834,1
413840,1
413848,1
413868,1
413875,1
413877,1
413884,1
413888,1
413892,1
413898,1
413900,1
413903,1
413915,1
413921,1
413923,1
413926,1
413928,1
413935,1
413937,1
413941,1
413956,1
413959,1
413970,1
413974,1
413991,1
414019,1
414032,1
414035,1
414037,1
414039,1
414043,1
414048,1
414074,1
414082,1
414088,1
414099,1
414102,1
414106,1
414110,1
414119,1
414122,2
414127,1
414140,1
414153,1
414155,1
414158,1
414163,1
414170,1
414181,1
414187,1
414193,1
414198,1
414202,1
414204,1
414210,1
414213,1
414221,1
414223,1
414229,1
414232,1
414238,1
414241,1
414243,1
414245,1
414250,1
414255,1
414259,1
414274,1
414279,1
414284,1
414291,1
414297,1
414305,1
414307,1
414313,1
414315,1
414317,1
414325,1
414331,1
414333,1
414350,1
414354,1
414362,1
414386,1
414405,1
414419,1
414423,1
414427,1
414447,1
414465,1
414468,1
414476,1
414480,1
414485,1
414488,1
414491,1
414493,1
414496,1
414504,1
414508,2
414523,1
414526,1
414549,1
414554,1
414556,1
414566,1
414573,1
414582,1
414599,1
414604,1
414615,1
414619,1
414634,1
414638,1
414640,1
414653,1
414657,1
414673,1
414675,1
414690,1
414715,1
414728,1
414738,1
414744,1
414753,1
414760,1
414770,1
414783,1
414789,1
414794,1
414797,1
414803,1
414808,1
414813,1
414820,1
414825,1
414828,1
414839,1
414844,1
414847,1
414853,1
414855,1
414865,1
414867,1
414870,1
414879,1
414886,1
414893,1
414895,1
414897,1
414900,1
414906,1
414908,1
414914,1
414916,1
414923,1
414925,1
414933,1
414936,1
414942,1
414947,1
414956,1
414959,1
414971,1
414978,1
414982,1
414985,2
414989,1
414996,1
414999,1
415008,1
415010,1
415014,1
415016,1
415019,1
415022,1
415027,2
415037,1
415046,1
415050,1
415055,1
415058,1
415067,1
415074,1
415076,1
415095,1
415109,1
415111,1
415141,1
415145,1
415151,1
415158,1
415186,1
415190,1
415193,1
415204,1
415207,1
415219,1
415221,1
415225,1
415237,1
415244,1
415247,1
415263,1
415271,1
415278,1
415284,1
415298,1
415301,1
415314,1
415321,1
415323,1
415327,1
415330,1
415335,1
415341,1
415346,1
415348,1
415350,1
415353,1
415357,1
415373,1
415377,1
415379,1
415381,1
415387,1
415397,1
415404,2
415409,1
415413,1
415416,1
415418,1
415421,1
415428,1
415435,1
415446,1
415452,1
415457,1
415461,1
415483,1
415491,1
415493,1
415502,1
415510,1
415513,1
415523,1
415537,1
415545,1
415548,1
415552,1
415561,1
415564,1
415567,2
415571,1
415574,1
415581,1
415597,1
415600,1
415606,1
415609,1
415612,1
415626,1
415633,1
415636,1
415643,1
415647,1
415651,1
415659,1
415662,1
415670,1
415679,2
415681,1
415687,1
415692,1
415702,1
415704,1
415715,1
415718,1
415720,1
415722,1
415734,1
415742,1
415746,1
415754,1
415757,1
415761,1
415772,1
415793,1
415796,1
415798,1
415805,1
415807,1
415814,1
415830,1
415846,1
415871,1
415883,1
415885,1
415893,1
415897,1
415903,1
415906,1
415912,1
415930,1
415942,1
415949,1
415963,1
415968,1
415980,1
415984,1
415987,1
415989,1
415997,1
416008,1
416015,1
416017,1
416024,1
416026,1
416032,1
416036,1
416040,1
416046,1
416053,1
416056,1
416058,1
416064,1
416067,1
416070,1
416075,1
416083,1
416091,1
416094,1
416097,2
416104,1
416113,1
416131,1
416134,1
416141,2
416147,1
416156,1
416160,1
416166,1
416173,1
416177,1
416191,1
416195,1
416197,1
416205,1
416212,1
416215,1
416217,1
416232,1
416253,1
416255,1
416269,1
416272,1
416308,1
416310,1
416317,1
416321,1
416328,1
416340,1
416347,1
416350,1
416352,1
416354,1
416359,1
416371,1
416394,1
416404,1
416407,1
416413,1
416418,1
416420,1
416437,1
416440,1
416444,1
416455,1
416462,1
416464,1
416478,1
416481,1
416483,1
416495,1
416498,1
416500,1
416514,1
416518,1
416524,1
416529,1
416537,1
416540,1
416548,1
416551,1
416556,1
416575,1
416585,1
416587,1
416612,1
416626,1
416631,1
416648,1
416658,1
416668,1
416671,1
416674,1
416678,1
416688,1
416692,1
416700,1
416707,1
416726,1
416731,1
416737,1
416742,1
416746,1
416751,1
416760,1
416764,1
416767,1
416774,1
416780,2
416786,1
416789,1
416795,1
416820,1
416822,1
416825,1
416848,1
416853,1
416861,1
416863,1
416865,1
416873,1
416879,1
416881,1
416885,1
416894,1
416910,1
416912,1
416917,1
416920,1
416927,1
416946,1
416953,1
416956,1
416964,1
416967,1
416969,1
416974,1
416977,1
416979,1
416984,1
416988,1
417002,1
417004,1
417014,1
417018,1
417038,1
417040,1
417047,1
417052,1
417059,1
417064,1
417068,1
417077,1
417088,1
417090,1
417099,1
417105,1
417109,1
417111,1
417126,1
417130,1
417135,1
417144,1
417146,1
417153,1
417158,1
417173,1
417184,1
417193,1
417202,1
417216,1
417241,1
417257,1
417259,1
417261,1
417274,1
417278,1
417280,1
417284,1
417288,1
417291,1
417297,1
417300,1
417308,1
417316,1
417323,1
417350,1
417355,1
417362,1
417368,1
417374,1
417376,1
417382,1
417386,1
417388,1
417393,1
417396,1
417409,1
417420,1
417426,1
417431,1
417442,1
417447,1
417450,1
417458,1
417470,1
417482,1
417484,1
417487,1
417498,1
417500,1
417507,1
417509,1
417524,1
417526,1
417532,1
417534,1
417540,1
417547,1
417550,1
417554,1
417559,1
417563,1
417567,1
417570,1
417576,1
417583,1
417585,1
417604,1
417613,1
417618,1
417628,1
417633,1
417641,1
417643,1
417657,1
417659,1
417665,1
417671,1
417677,1
417683,1
417688,1
417696,1
417698,1
417707,1
417715,1
417717,1
417729,1
417733,1
417736,1
417739,1
417746,1
417748,1
417752,1
417757,1
417761,1
417769,1
417771,1
417774,1
417786,1
417792,1
417810,1
417812,1
417818,1
417827,1
417838,1
417851,2
417857,1
417860,1
417863,1
417866,1
417869,1
417880,1
417890,1
417892,1
417895,1
417898,1
417902,1
417904,1
417911,1
417914,1
417923,1
417925,1
417938,1
417940,1
417944,1
417954,1
417956,1
417961,1
417964,1
417975,1
417982,1
417991,1
417998,1
418003,1
418006,1
418022,1
418035,1
418037,1
418039,1
418049,1
418057,1
418060,1
418074,1
418086,1
418092,1
418095,1
418097,1
418108,1
418114,1
418117,1
418132,1
418135,1
418141,1
418143,1
418149,1
418153,1
418155,1
418164,1
418172,1
418175,1
418180,1
418186,1
418188,1
418190,1
418193,1
418196,1
418206,1
418210,1
418212,1
418216,1
418221,1
418223,1
418225,1
418231,1
418234,1
418236,1
418246,1
418250,1
418264,1
418268,1
418276,1
418283,1
418286,2
418292,1
418302,1
418304,1
418312,1
418321,1
418323,1
418325,1
418328,1
418330,1
418332,1
418336,1
418340,1
418347,1
418351,2
418358,1
418364,1
418367,1
418373,1
418377,1
418381,1
418388,1
418401,1
418405,1
418410,1
418412,1
418418,1
418422,1
418430,1
418432,1
418446,2
418449,1
418451,1
418454,1
418456,1
418459,1
418462,1
418469,1
418479,1
418484,1
418486,1
418495,1
418498,1
418504,1
418508,1
418510,1
418514,1
418516,1
418518,1
418523,1
418533,2
418540,1
418551,1
418562,1
418572,2
418584,1
418587,1
418592,1
418610,1
418622,1
418625,1
418627,1
418632,1
418635,1
418660,1
418665,1
418667,1
418683,1
418691,1
418697,1
418700,1
418703,1
418705,1
418707,1
418714,1
418722,1
418732,1
418743,1
418759,1
418763,1
418770,1
418798,2
418801,1
418806,1
418810,1
418818,1
418820,1
418825,1
418830,1
418832,1
418837,1
418863,1
418872,1
418881,1
418899,1
418912,1
418919,1
418923,1
418930,1
418933,1
418938,1
418949,2
418959,1
418967,1
418970,1
418974,1
418978,1
418981,1
418988,1
418994,1
418999,1
419012,1
419017,1
419025,1
419027,1
419030,1
419038,1
419042,1
419046,1
419049,1
419057,1
419074,1
419078,1
419082,1
419085,1
419101,1
419103,1
419109,1
419111,1
419120,1
419124,1
419127,1
419131,2
419133,1
419135,1
419141,1
419144,1
419146,1
419148,1
419154,1
419158,1
419163,1
419170,2
419173,1
419178,1
419188,1
419193,1
419206,1
419217,1
419226,2
419230,1
419236,1
419239,1
419247,1
419255,1
419257,1
419261,1
419272,1
419274,1
419289,1
419291,1
419294,1
419310,1
419317,1
419321,1
419332,1
419339,1
419360,1
419362,1
419371,1
419373,1
419379,1
419382,1
419392,1
419406,1
419408,1
419411,1
419414,1
419416,1
419428,1
419442,1
419444,1
419446,1
419460,1
419462,1
419479,1
419494,1
419516,1
419519,1
419522,2
419533,1
419540,1
419559,1
419572,1
419575,1
419585,1
419588,1
419590,1
419614,1
419616,1
419618,1
419623,1
419629,1
419635,1
419637,1
419648,1
419651,1
419655,1
419663,1
419672,1
419676,1
419680,1
419691,1
419700,1
419711,1
419713,1
419717,1
419720,2
419724,1
419727,1
419732,1
419734,1
419744,1
419748,1
419753,1
419780,1
419784,1
419788,1
419804,1
419806,1
419814,1
419821,1
419823,1
419832,1
419836,1
419842,1
419853,1
419864,2
419876,1
419880,1
419883,1
419888,1
419899,1
419901,1
419914,1
419918,1
419920,1
419935,1
419938,1
419940,1
419946,1
419949,1
419952,1
419955,1
419960,2
419964,1
419974,1
419995,1
419998,1
420010,1
420014,1
420017,1
420019,1
420022,1
420024,1
420052,1
420054,1
420056,1
420071,1
420080,1
420087,1
420090,1
420092,1
420094,1
420108,1
420112,1
420117,2
420119,1
420121,1
420124,2
420129,1
420137,1
420143,1
420145,1
420152,1
420160,1
420166,1
420168,1
420170,1
420181,1
420190,1
420194,1
420196,1
420203,1
420206,1
420208,1
420215,1
420223,1
420227,1
420232,1
420239,1
420245,1
420259,1
420278,1
420280,1
420282,1
420287,1
420291,1
420296,1
420298,1
420302,1
420304,1
420306,1
420308,1
420315,1
420318,1
420320,1
420323,1
420330,2
420332,1
420337,1
420339,1
420349,1
420354,1
420356,1
420360,1
420369,1
420372,1
420375,1
420378,1
420382,1
420387,1
420395,1
420398,1
420403,1
420410,1
420415,1
420417,1
420426,1
420428,1
420431,2
420436,1
420443,1
420445,1
420454,1
420461,1
420466,1
420470,1
420473,1
420483,1
420486,1
420489,1
420494,2
420498,1
420501,1
420515,1
420528,1
420554,1
420566,1
420581,1
420619,1
420623,1
420627,1
420637,1
420642,1
420644,1
420647,1
420663,1
420666,1
420674,1
420680,1
420700,1
420708,1
420718,1
420732,1
420735,1
420737,1
420739,1
420749,1
420768,1
420774,1
420779,1
420790,1
420794,1
420810,1
420812,1
420821,1
420833,1
420837,2
420843,1
420854,1
420861,1
420868,1
420870,1
420872,1
420885,1
420887,1
420890,1
420902,1
420925,1
420928,1
420933,1
420937,1
420944,1
420948,1
420955,1
420957,1
420965,1
420967,1
420969,1
420971,1
420979,1
420982,1
420985,1
420988,1
420992,1
420995,1
421001,1
421003,1
421005,1
421007,1
421009,1
421014,1
421016,1
421024,2
421030,1
421033,1
421035,1
421037,1
421040,1
421042,1
421046,1
421048,1
421055,1
421059,1
421067,1
421078,1
421102,1
421110,1
421115,1
421118,1
421120,1
421133,1
421136,1
421151,1
421154,1
421156,1
421163,1
421181,1
421200,1
421202,1
421214,2
421217,1
421222,1
421228,1
421232,1
421234,1
421248,1
421252,1
421257,1
421269,1
421272,1
421275,1
421279,1
421282,1
421287,1
421291,1
421317,1
421323,1
421326,1
421336,1
421338,1
421348,1
421353,1
421355,1
421362,1
421364,1
421367,1
421394,1
421403,1
421408,1
421413,1
421420,1
421430,1
421436,1
421442,1
421450,1
421452,1
421477,1
421483,1
421486,1
421498,1
421510,1
421517,1
421524,1
421528,1
421536,1
421538,1
421540,1
421543,1
421553,1
421555,1
421557,1
421560,1
421568,1
421571,1
421576,2
421588,1
421595,1
421605,1
421608,1
421611,1
421613,1
421620,1
421624,1
421626,1
421628,1
421633,1
421639,1
421642,1
421645,1
421651,1
421655,1
421679,1
421683,1
421686,1
421689,1
421692,1
421696,1
421706,1
421710,1
421716,1
421718,1
421723,2
421728,1
421733,1
421744,1
421754,1
421760,1
421765,1
421769,1
421779,1
421783,1
421796,1
421812,1
421817,1
421821,1
421827,1
421831,1
421839,1
421845,1
421851,1
421854,1
421871,1
421875,1
421877,1
421888,1
421911,1
421915,1
421922,1
421930,1
421935,1
421952,1
421954,1
421964,1
421973,1
421990,1
422006,1
422011,1
422024,1
422028,1
422030,1
422038,1
422045,1
422047,1
422051,1
422054,1
422056,1
422058,1
422067,1
422070,1
422072,1
422083,1
422086,1
422095,1
422099,1
422103,1
422106,1
422124,1
422131,1
422138,1
422151,1
422158,1
422174,1
422179,1
422183,2
422187,1
422194,1
422229,1
422231,1
422234,1
422240,1
422244,1
422251,1
422258,1
422267,1
422275,1
422277,1
422289,1
422294,1
422302,1
422306,1
422315,1
422318,1
422333,1
422335,1
422341,1
422345,1
422347,1
422354,1
422356,1
422359,1
422366,1
422371,1
422373,1
422375,1
422390,1
422401,1
422406,1
422409,1
422411,1
422414,1
422417,1
422423,1
422426,1
422428,1
422431,1
422435,2
422437,1
422446,1
422450,1
422456,1
422464,1
422466,1
422468,1
422475,1
422485,1
422487,1
422497,1
422504,1
422521,1
422524,1
422541,1
422561,1
422568,1
422572,1
422580,1
422582,1
422591,1
422594,1
422599,1
422601,1
422603,1
422608,1
422611,1
422617,1
422620,1
422622,1
422626,1
422633,1
422647,1
422650,1
422656,1
422660,2
422663,1
422674,1
422676,1
422679,2
422681,1
422690,1
422695,1
422701,1
422709,1
422712,1
422718,2
422729,1
422733,1
422739,1
422745,1
422752,1
422755,1
422762,2
422766,1
422772,1
422787,1
422790,1
422792,1
422810,1
422815,1
422819,1
422821,1
422824,1
422829,1
422832,1
422841,1
422845,1
422865,1
422867,1
422876,1
422882,1
422884,1
422887,1
422901,2
422904,1
422923,1
422928,1
422932,1
422940,1
422943,1
422948,1
422953,2
422956,1
422962,1
422966,2
422978,1
422980,1
423009,1
423017,1
423036,2
423053,1
423056,1
423064,1
423070,1
423083,1
423087,1
423092,1
423095,1
423098,1
423100,1
423106,1
423108,1
423122,1
423127,1
423135,1
423147,1
423150,1
423161,1
423184,1
423186,1
423188,1
423202,1
423208,2
423215,1
423219,1
423223,1
423229,1
423231,1
423238,1
423241,1
423247,1
423264,1
423267,1
423279,1
423282,1
423296,1
423311,1
423322,1
423335,1
423339,1
423341,1
423358,1
423360,1
423378,1
423392,1
423400,1
423405,1
423411,1
423413,1
423416,1
423419,1
423424,1
423432,1
423435,1
423438,1
423440,1
423446,1
423450,1
423468,1
423473,1
423475,1
423486,1
423488,1
423492,1
423510,1
423512,1
423530,1
423535,1
423537,1
423540,1
423560,1
423562,1
423576,2
423581,1
423589,1
423597,1
423606,1
423623,1
423640,1
423645,1
423660,1
423663,1
423668,1
423676,1
423681,1
423683,1
423685,1
423696,1
423702,1
423706,1
423713,1
423715,1
423728,1
423737,1
423744,2
423759,1
423765,1
423788,1
423794,1
423796,1
423799,1
423811,1
423820,1
423833,1
423838,1
423847,1
423871,1
423873,1
423879,1
423884,1
423888,1
423890,1
423895,1
423907,1
423925,1
423928,1
423949,1
423953,1
423955,1
423958,1
423966,1
423968,1
423971,1
423985,1
423987,1
423994,1
424000,1
424047,1
424049,1
424058,1
424063,2
424069,1
424088,1
424092,1
424112,1
424115,1
424119,1
424122,2
424138,1
424141,1
424153,1
424157,1
424169,1
424172,1
424176,1
424185,1
424195,1
424211,1
424228,1
424234,1
424246,1
424249,1
424251,1
424253,1
424255,1
424264,1
424268,1
424270,1
424302,1
424305,1
424310,1
424314,1
424325,1
424328,1
424331,1
424333,1
424341,1
424348,2
424352,1
424355,1
424364,1
424368,1
424373,1
424397,1
424403,1
424405,1
424408,1
424411,1
424424,1
424431,1
424438,1
424440,1
424448,1
424457,1
424464,1
424470,1
424478,1
424481,1
424483,1
424497,1
424500,1
424503,1
424505,1
424514,1
424516,1
424521,1
424536,2
424542,1
424547,1
424551,1
424554,1
424563,1
424566,1
424575,1
424591,1
424605,1
424613,1
424630,1
424633,2
424638,1
424640,1
424650,1
424653,1
424661,1
424663,1
424670,1
424673,1
424682,1
424684,1
424691,2
424702,1
424704,1
424707,1
424711,1
424716,1
424723,1
424725,1
424727,1
424730,1
424732,1
424765,1
424784,1
424789,2
424791,1
424800,1
424806,1
424821,1
424823,1
424840,1
424861,1
424867,1
424876,1
424879,1
424888,1
424891,1
424897,1
424899,1
424915,1
424918,1
424920,1
424928,1
424931,1
424948,1
424960,1
424965,1
424970,1
424976,1
424984,1
424989,1
424993,1
424995,1
425004,1
425009,1
425012,1
425016,1
425030,1
425038,1
425050,1
425080,1
425088,1
425092,1
425094,1
425101,1
425104,1
425106,1
425110,1
425118,1
425121,1
425125,1
425128,2
425133,1
425136,1
425149,1
425165,1
425174,1
425178,1
425192,1
425200,1
425203,1
425205,1
425213,1
425221,1
425223,1
425238,1
425240,1
425251,1
425260,1
425274,1
425277,1
425279,1
425284,1
425294,1
425309,1
425315,1
425319,1
425334,1
425336,1
425342,1
425348,1
425353,1
425376,1
425384,1
425387,1
425390,1
425399,1
425404,1
425423,1
425449,1
425451,1
425455,1
425461,1
425463,1
425465,1
425471,1
425478,1
425484,1
425486,1
425490,1
425498,1
425507,1
425522,1
425524,1
425529,1
425545,1
425552,1
425568,1
425582,1
425594,1
425598,1
425607,1
425613,1
425616,1
425622,1
425634,1
425639,1
425642,1
425644,1
425650,1
425654,1
425672,1
425678,1
425693,1
425696,1
425712,1
425716,2
425718,1
425721,1
425733,1
425747,1
425750,1
425752,1
425754,1
425756,1
425763,1
425766,1
425772,1
425774,1
425776,1
425791,1
425793,1
425795,1
425805,1
425812,1
425814,1
425824,2
425830,1
425832,1
425847,1
425849,1
425851,1
425855,1
425857,1
425868,1
425882,1
425885,1
425890,1
425904,1
425909,2
425914,1
425922,1
425924,1
425928,1
425930,1
425940,1
425942,1
425945,1
425953,1
425957,1
425963,2
425993,1
425998,1
426000,1
426002,1
426004,1
426009,1
426012,1
426015,1
426022,1
426026,1
426033,1
426038,2
426040,1
426047,1
426049,1
426059,1
426067,1
426071,1
426080,1
426087,1
426089,1
426096,1
426102,1
426104,1
426107,1
426114,1
426117,1
426121,1
426133,1
426142,1
426153,1
426170,1
426173,1
426184,1
426199,1
426206,1
426210,1
426213,2
426218,1
426229,1
426234,1
426242,1
426246,1
426248,1
426252,1
426260,1
426274,1
426285,1
426299,1
426310,1
426322,1
426326,2
426332,1
426336,1
426362,2
426367,1
426376,1
426378,1
426383,1
426403,1
426414,1
426418,1
426420,1
426422,1
426426,1
426433,1
426453,1
426456,1
426459,1
426469,1
426474,1
426476,1
426481,1
426487,1
426489,1
426498,1
426507,1
426511,1
426525,1
426527,1
426535,1
426544,1
426547,2
426553,1
426559,1
426565,1
426569,1
426571,1
426574,2
426585,1
426609,1
426618,1
426626,1
426629,2
426640,1
426646,1
426651,1
426661,1
426663,1
426666,1
426670,1
426674,1
426679,1
426685,1
426687,1
426694,1
426699,1
426702,1
426706,2
426715,1
426718,1
426720,1
426726,1
426738,1
426742,1
426748,1
426751,1
426765,1
426781,1
426786,1
426802,1
426806,1
426808,1
426818,1
426824,1
426828,1
426830,1
426838,1
426846,1
426863,1
426865,1
426870,1
426874,1
426877,1
426879,1
426889,1
426894,1
426896,1
426910,1
426922,1
426930,1
426932,1
426942,1
426953,1
426960,1
426972,1
426981,1
426983,1
426991,1
426993,1
426995,1
427001,1
427003,1
427005,1
427010,1
427023,1
427029,1
427036,1
427038,1
427041,1
427048,1
427057,1
427062,1
427064,1
427070,2
427072,1
427085,1
427089,1
427105,2
427116,1
427130,1
427136,1
427138,1
427140,1
427159,1
427161,1
427179,1
427181,1
427204,1
427213,2
427225,1
427255,1
427268,1
427270,1
427274,1
427286,2
427292,1
427300,1
427308,1
427322,1
427325,1
427329,1
427332,2
427334,1
427340,1
427347,1
427349,1
427352,1
427354,1
427359,1
427363,1
427368,1
427375,1
427379,1
427388,1
427400,1
427403,1
427405,1
427407,1
427409,1
427423,1
427429,1
427433,1
427440,1
427445,1
427448,1
427456,1
427461,1
427463,1
427478,1
427483,1
427485,1
427490,1
427502,1
427506,1
427520,1
427525,1
427533,1
427537,1
427539,1
427542,1
427555,1
427557,1
427576,1
427587,1
427589,1
427607,1
427614,1
427625,1
427627,1
427634,1
427636,1
427638,1
427644,1
427657,1
427660,1
427664,1
427669,2
427676,1
427682,1
427693,1
427698,1
427703,1
427710,1
427721,1
427724,1
427726,1
427733,2
427735,1
427749,1
427754,1
427758,1
427768,1
427779,1
427781,1
427783,1
427787,1
427789,1
427791,1
427795,1
427798,1
427807,1
427810,1
427820,1
427841,2
427844,1
427846,1
427858,1
427867,1
427871,1
427875,1
427878,1
427881,1
427890,1
427896,1
427920,1
427924,1
427929,1
427933,1
427941,1
427949,1
427955,1
427959,1
427967,1
427976,1
427987,1
427991,1
427997,1
428003,1
428013,1
428015,1
428018,1
428032,1
428034,1
428047,1
428050,1
428059,1
428067,1
428069,1
428077,1
428083,1
428087,1
428101,1
428109,1
428127,1
428131,2
428139,1
428164,1
428174,1
428182,1
428185,1
428197,1
428202,1
428207,1
428211,1
428213,1
428217,1
428225,1
428238,1
428241,1
428243,1
428246,1
428250,1
428257,1
428263,1
428278,1
428289,1
428292,1
428298,1
428310,1
428314,1
428319,2
428328,1
428339,1
428344,1
428369,1
428371,1
428375,1
428377,1
428383,1
428391,1
428395,1
428397,1
428406,1
428409,1
428413,1
428428,1
428430,1
428448,1
428452,1
428454,1
428460,1
428466,1
428475,2
428479,1
428487,1
428491,1
428493,1
428514,1
428518,1
428523,1
428529,1
428538,1
428542,1
428544,1
428546,1
428562,1
428564,1
428566,1
428575,1
428587,2
428590,1
428593,1
428599,1
428603,2
428608,1
428617,1
428619,1
428624,1
428638,1
428640,1
428647,1
428652,1
428654,1
428670,1
428673,1
428675,1
428680,1
428696,1
428711,1
428713,1
428718,2
428747,1
428752,1
428757,1
428760,1
428767,1
428774,1
428777,1
428788,1
428790,1
428796,2
428806,1
428809,1
428812,1
428829,1
428839,1
428842,1
428845,1
428854,1
428857,1
428867,1
428869,1
428871,1
428874,1
428878,1
428887,1
428889,1
428897,1
428903,1
428920,1
428926,1
428941,1
428973,1
428977,1
428983,1
428991,1
428997,1
428999,1
429012,1
429016,1
429019,1
429023,1
429044,1
429052,1
429055,1
429058,1
429062,1
429068,1
429075,1
429086,1
429088,1
429090,1
429098,1
429105,1
429118,1
429120,1
429126,1
429131,1
429138,1
429150,1
429159,1
429161,1
429163,1
429169,1
429173,1
429177,1
429184,1
429187,1
429195,1
429203,1
429208,1
429210,1
429216,1
429220,1
429226,1
429236,1
429254,1
429262,1
429265,1
429276,1
429283,1
429301,1
429305,1
429307,1
429321,1
429331,1
429337,1
429341,1
429346,1
429348,1
429351,1
429353,1
429360,1
429364,1
429367,2
429382,1
429384,1
429390,1
429407,1
429417,1
429419,1
429433,1
429440,1
429448,1
429455,1
429458,1
429460,1
429467,1
429469,1
429472,1
429492,1
429496,1
429504,1
429508,1
429511,1
429515,1
429530,1
429535,1
429539,1
429562,1
429564,1
429573,1
429589,1
429592,1
429598,1
429605,1
429621,1
429628,2
429641,1
429645,1
429647,1
429656,1
429669,1
429674,1
429681,1
429685,1
429687,1
429693,1
429701,1
429706,1
429709,1
429714,1
429738,1
429746,1
429749,1
429758,1
429763,1
429768,1
429772,1
429774,1
429790,1
429798,1
429801,1
429807,1
429810,1
429813,1
429819,1
429821,1
429826,1
429832,1
429851,1
429853,1
429856,2
429858,1
429863,1
429865,1
429876,1
429880,1
429892,1
429895,1
429902,1
429906,2
429918,1
429921,1
429923,1
429936,2
429938,1
429946,1
429952,1
429956,1
429962,1
429967,1
429969,1
429971,1
429981,1
429985,1
429987,1
429990,1
429993,1
429998,1
430000,1
430004,1
430006,1
430010,1
430018,1
430022,1
430035,1
430047,1
430060,1
430065,1
430068,1
430078,1
430082,1
430084,1
430100,1
430107,1
430121,1
430134,1
430147,1
430157,1
430161,1
430173,1
430181,1
430184,1
430186,1
430189,1
430195,1
430199,1
430210,1
430216,1
430220,1
430234,1
430254,1
430264,1
430277,1
430280,1
430296,1
430304,1
430312,1
430340,1
430344,1
430366,1
430399,1
430404,1
430411,1
430414,1
430417,1
430419,1
430423,1
430427,1
430432,1
430435,1
430446,1
430448,1
430455,1
430458,1
430462,1
430466,1
430472,1
430483,1
430490,1
430495,1
430501,1
430506,1
430512,1
430518,1
430522,1
430531,1
430533,1
430544,1
430546,1
430554,1
430560,2
430563,1
430566,1
430568,1
430570,1
430580,1
430588,1
430595,1
430599,1
430609,1
430612,1
430616,1
430621,1
430625,1
430632,1
430642,1
430644,1
430647,1
430659,1
430661,1
430663,1
430673,1
430685,1
430704,1
430711,1
430717,1
430722,1
430724,1
430726,1
430729,1
430739,1
430744,1
430747,1
430756,1
430768,1
430774,1
430780,1
430786,1
430791,1
430803,1
430805,1
430811,1
430818,1
430821,1
430824,1
430835,1
430841,1
430850,1
430854,1
430861,1
430875,1
430885,1
430893,1
430896,1
430900,1
430908,1
430910,1
430916,1
430922,1
430925,1
430934,1
430939,1
430948,1
430950,1
430954,1
430961,1
430963,1
430970,1
430972,1
430975,1
430980,1
430982,1
430986,1
430988,1
430994,1
431000,1
431006,1
431011,1
431013,1
431025,1
431031,1
431043,1
431046,1
431048,1
431059,1
431061,1
431064,1
431071,1
431077,1
431083,1
431098,1
431100,1
431103,1
431113,1
431117,1
431129,2
431133,1
431151,1
431162,1
431168,1
431173,1
431176,1
431183,1
431188,1
431193,1
431203,1
431207,1
431212,1
431225,1
431230,1
431240,1
431250,1
431257,1
431261,1
431264,2
431274,1
431277,1
431279,1
431284,1
431297,1
431317,1
431328,1
431332,1
431335,1
431351,1
431364,1
431367,1
431371,1
431374,1
431376,1
431383,1
431386,1
431389,1
431391,1
431398,1
431400,1
431406,1
431419,1
431423,1
431440,1
431449,1
431456,1
431476,1
431485,1
431487,1
431493,1
431502,1
431506,1
431515,1
431517,1
431520,1
431523,1
431529,1
431534,1
431537,1
431540,1
431546,1
431553,1
431560,1
431562,1
431573,1
431584,1
431603,1
431620,1
431629,1
431634,1
431640,1
431643,1
431645,1
431648,1
431658,1
431670,1
431672,1
431674,1
431678,1
431682,1
431684,1
431692,1
431695,1
431697,1
431699,1
431703,1
431709,2
431714,1
431719,1
431734,1
431745,1
431748,1
431753,1
431758,1
431762,2
431764,1
431769,1
431771,1
431774,1
431780,1
431786,1
431789,1
431792,1
431808,1
431810,1
431819,1
431829,1
431839,1
431847,1
431857,1
431862,1
431869,1
431872,1
431879,1
431881,1
431885,1
431895,1
431899,1
431902,1
431904,1
431911,1
431920,1
431923,2
431927,2
431930,1
431932,1
431937,1
431945,1
431949,1
431971,1
431980,1
431984,1
431990,1
431993,1
432001,1
432009,1
432018,1
432034,1
432036,1
432040,1
432049,1
432053,1
432067,1
432071,1
432073,1
432078,1
432083,2
432093,1
432103,1
432109,1
432115,1
432128,1
432134,1
432141,1
432152,1
432154,1
432156,1
432164,1
432176,2
432180,1
432191,1
432194,1
432217,1
432220,1
432224,1
432232,1
432245,1
432249,1
432256,1
432261,1
432264,1
432271,1
432273,1
432276,1
432279,1
432282,1
432289,1
432301,1
432303,1
432308,1
432317,1
432321,1
432332,1
432338,1
432346,1
432361,1
432379,1
432382,1
432391,2
432398,1
432401,2
432423,1
432452,1
432460,1
432462,1
432472,1
432482,1
432499,2
432503,1
432509,1
432511,1
432513,1
432517,1
432529,1
432533,1
432543,1
432547,1
432553,1
432555,1
432557,1
432561,1
432565,1
432567,1
432570,1
432572,1
432574,1
432577,2
432587,1
432589,1
432592,1
432595,1
432598,1
432604,1
432606,1
432611,1
432613,1
432621,1
432624,1
432626,1
432630,1
432635,1
432639,1
432641,1
432645,1
432647,1
432651,1
432679,1
432686,1
432695,1
432698,1
432703,1
432705,1
432707,1
432717,1
432722,1
432727,1
432739,1
432742,1
432749,1
432759,1
432768,1
432774,1
432776,1
432778,1
432784,1
432791,1
432794,1
432796,1
432803,1
432817,1
432826,1
432833,1
432847,1
432851,1
432865,2
432868,1
432878,1
432885,1
432902,1
432909,1
432913,1
432923,1
432925,1
432933,1
432949,1
432961,1
432967,1
432974,1
432979,1
432986,1
432990,1
432993,1
432999,1
433007,1
433010,1
433018,1
433023,1
433026,1
433029,1
433037,1
433042,1
433044,1
433064,2
433069,1
433071,1
433075,1
433080,1
433082,1
433085,1
433094,1
433100,1
433120,1
433139,1
433143,1
433157,1
433160,1
433162,1
433171,1
433173,1
433190,1
433195,1
433197,1
433200,1
433202,1
433209,1
433273,1
433284,1
433287,1
433293,1
433302,1
433309,1
433311,1
433318,1
433329,1
433332,1
433342,1
433344,1
433347,1
433353,1
433376,1
433378,1
433384,1
433386,1
433390,1
433392,1
433401,1
433404,1
433406,1
433423,1
433429,1
433432,1
433435,1
433441,1
433443,1
433449,1
433455,1
433458,1
433465,1
433467,1
433476,1
433482,1
433494,1
433496,1
433503,1
433506,1
433511,1
433519,1
433531,1
433541,1
433544,1
433548,2
433550,1
433555,1
433561,1
433571,1
433574,1
433579,1
433581,1
433595,1
433613,1
433624,1
433636,1
433668,1
433672,1
433677,1
433685,1
433687,1
433693,1
433695,1
433707,1
433711,1
433715,1
433723,1
433729,1
433734,1
433744,1
433746,1
433749,1
433753,1
433761,1
433773,1
433781,1
433789,2
433797,1
433802,1
433825,1
433834,1
433857,1
433861,1
433871,1
433879,1
433881,1
433883,1
433885,1
433891,1
433896,1
433898,1
433904,1
433907,1
433916,1
433918,1
433929,1
433932,1
433937,1
433939,1
433944,1
433948,1
433953,1
433957,1
433959,1
433963,1
433966,1
433968,1
433970,1
433972,1
433975,2
433983,1
433991,1
433996,1
434004,1
434013,2
434017,1
434048,1
434051,1
434053,1
434063,1
434066,1
434072,1
434086,1
434089,1
434092,1
434094,1
434103,1
434112,1
434121,1
434132,1
434138,1
434147,1
434149,1
434159,1
434169,1
434186,2
434197,1
434204,1
434216,1
434222,2
434231,1
434244,1
434246,1
434257,1
434259,1
434262,1
434266,1
434268,1
434286,1
434290,1
434292,1
434299,1
434308,1
434310,1
434318,1
434320,1
434329,1
434335,1
434338,1
434346,1
434357,1
434372,1
434374,1
434377,1
434380,1
434384,1
434399,1
434402,1
434406,1
434408,1
434424,1
434437,1
434447,1
434469,1
434484,1
434487,1
434489,1
434502,1
434504,1
434516,1
434518,1
434521,2
434533,1
434542,1
434548,1
434564,1
434567,1
434569,1
434571,1
434574,1
434580,1
434584,1
434587,1
434604,1
434612,1
434618,1
434626,1
434632,1
434634,1
434637,1
434641,1
434663,1
434666,1
434669,1
434673,1
434676,1
434679,1
434682,1
434687,1
434693,1
434697,1
434714,1
434722,1
434734,1
434743,1
434753,1
434758,1
434769,1
434773,1
434777,1
434785,1
434791,1
434797,1
434804,1
434809,1
434815,1
434819,1
434829,1
434836,1
434839,1
434841,1
434853,1
434862,1
434897,1
434911,1
434941,1
434952,1
434958,1
434961,1
434963,1
434974,1
434976,1
434979,1
434988,1
434992,1
435003,2
435009,1
435012,1
435016,1
435018,1
435020,1
435024,1
435030,1
435037,2
435039,1
435042,1
435051,1
435057,1
435060,1
435067,1
435071,1
435074,1
435090,1
435092,1
435094,1
435101,1
435104,1
435108,1
435117,1
435129,1
435134,1
435136,1
435142,1
435152,1
435160,1
435162,1
435166,1
435168,1
435171,1
435175,1
435183,1
435186,1
435191,1
435197,2
435199,1
435207,1
435217,1
435223,1
435226,1
435230,1
435240,1
435245,1
435248,1
435252,1
435268,1
435271,1
435274,1
435277,1
435284,1
435287,1
435291,1
435294,1
435302,1
435304,1
435308,1
435316,2
435318,1
435323,1
435327,1
435333,1
435340,1
435344,1
435355,1
435357,1
435359,1
435366,1
435370,1
435378,1
435382,1
435389,1
435399,1
435402,1
435418,1
435424,1
435426,1
435431,1
435433,1
435440,1
435452,1
435460,1
435466,1
435473,1
435477,1
435485,1
435506,1
435509,1
435518,1
435520,1
435530,1
435533,1
435535,1
435550,1
435562,1
435568,1
435570,1
435572,1
435584,1
435599,1
435602,1
435605,1
435609,1
435618,1
435621,1
435636,1
435639,1
435643,1
435647,1
435649,1
435653,1
435667,1
435678,1
435694,1
435701,1
435703,1
435725,1
435728,1
435738,1
435747,1
435755,1
435758,1
435760,1
435765,1
435772,1
435777,1
435781,1
435787,1
435793,1
435799,1
435827,1
435835,1
435840,1
435848,1
435853,1
435879,1
435884,1
435888,1
435893,1
435898,1
435902,1
435909,1
435911,1
435916,1
435927,1
435929,1
435944,1
435955,1
435963,1
435965,1
435971,2
435978,1
435984,1
435991,1
435998,1
436003,1
436005,1
436009,1
436015,1
436019,1
436025,1
436040,1
436048,1
436064,1
436066,1
436083,1
436089,1
436098,1
436102,1
436105,1
436109,1
436116,1
436121,2
436124,2
436126,1
436134,1
436141,1
436153,1
436155,1
436167,1
436170,1
436184,1
436190,2
436196,1
436199,1
436201,1
436204,1
436209,2
436223,1
436229,1
436232,1
436236,1
436244,1
436252,1
436254,1
436258,1
436260,1
436268,1
436275,2
436297,1
436320,1
436324,1
436327,1
436329,1
436331,1
436333,1
436338,1
436340,1
436343,1
436348,1
436351,1
436355,1
436360,1
436363,1
436377,1
436379,1
436382,1
436388,1
436390,1
436392,1
436400,1
436407,1
436413,1
436421,1
436424,1
436439,1
436442,1
436465,2
436473,1
436490,1
436495,1
436498,1
436502,2
436511,1
436523,2
436531,1
436534,1
436540,2
436557,1
436559,1
436562,1
436564,1
436566,1
436568,1
436571,1
436579,1
436583,1
436585,1
436590,1
436593,1
436597,1
436608,1
436649,1
436657,1
436662,1
436671,1
436681,1
436692,1
436694,1
436696,1
436699,1
436710,1
436713,1
436747,1
436756,1
436760,1
436773,1
436775,1
436784,1
436786,1
436792,1
436798,2
436801,1
436804,1
436813,1
436820,1
436825,1
436844,1
436850,1
436853,1
436858,1
436872,1
436876,1
436880,1
436888,1
436891,1
436904,1
436918,1
436921,1
436924,1
436931,1
436937,1
436940,1
436955,1
436958,1
436962,1
436965,1
436969,1
436976,1
436983,1
436992,1
437005,1
437009,1
437015,1
437019,1
437030,1
437034,1
437043,1
437057,1
437062,1
437066,1
437068,1
437072,1
437076,1
437079,1
437097,1
437099,1
437105,1
437129,1
437133,1
437135,1
437140,1
437149,1
437151,1
437161,1
437166,1
437177,1
437181,1
437188,1
437191,1
437200,1
437206,1
437209,1
437232,1
437234,1
437250,1
437256,1
437272,1
437290,1
437305,1
437316,1
437345,1
437355,2
437360,1
437363,1
437365,1
437368,1
437378,1
437384,1
437388,1
437396,1
437398,1
437401,1
437408,1
437415,1
437418,1
437431,1
437446,1
437450,1
437473,1
437481,1
437484,1
437489,1
437508,1
437519,1
437560,1
437562,1
437564,1
437578,1
437585,1
437595,1
437603,1
437605,1
437608,1
437610,1
437616,1
437622,1
437624,1
437632,1
437635,1
437641,1
437654,1
437656,1
437658,1
437661,1
437663,1
437672,1
437683,1
437697,1
437702,1
437716,1
437718,1
437722,1
437733,1
437737,2
437739,1
437742,1
437755,1
437771,1
437773,1
437787,1
437789,1
437815,1
437828,1
437835,1
437842,1
437848,1
437857,1
437865,1
437870,1
437872,1
437881,1
437887,1
437889,1
437895,1
437906,1
437921,1
437928,1
437941,1
437964,1
437970,1
437977,1
437987,1
437990,1
437992,1
437999,1
438003,1
438006,1
438015,1
438021,1
438032,1
438035,1
438039,1
438041,1
438051,1
438069,1
438074,1
438076,1
438079,1
438081,1
438084,1
438086,1
438088,1
438099,1
438109,1
438116,1
438118,1
438120,1
438122,1
438127,1
438131,1
438136,1
438142,1
438148,1
438154,1
438156,1
438161,1
438169,1
438174,2
438179,1
438181,1
438187,1
438194,1
438201,1
438208,2
438215,2
438239,1
438242,1
438248,1
438254,2
438256,1
438262,1
438265,1
438270,1
438276,1
438281,1
438288,1
438299,1
438306,1
438309,1
438319,1
438324,1
438332,1
438350,1
438355,1
438373,1
438382,1
438384,1
438386,1
438390,1
438414,1
438417,1
438437,1
438441,1
438451,1
438455,1
438465,1
438494,1
438496,1
438511,1
438514,1
438524,1
438535,1
438543,1
438547,1
438550,1
438554,1
438557,1
438564,1
438576,1
438592,2
438597,1
438609,1
438611,1
438619,1
438627,1
438629,1
438636,1
438641,1
438646,1
438656,1
438667,1
438669,1
438672,1
438676,1
438678,1
438682,1
438685,1
438689,1
438700,1
438705,1
438714,1
438716,1
438737,1
438740,2
438742,1
438748,1
438751,1
438766,1
438768,1
438782,2
438784,1
438792,1
438799,1
438804,1
438820,1
438828,1
438838,1
438845,1
438849,1
438851,1
438858,1
438877,1
438881,2
438883,1
438887,1
438894,1
438897,1
438900,1
438913,1
438919,1
438923,1
438926,1
438928,1
438934,1
438942,1
438967,1
438972,1
438974,1
438990,1
438998,1
439002,1
439009,1
439011,1
439025,1
439033,1
439037,1
439052,1
439058,1
439067,1
439074,1
439082,1
439086,1
439089,1
439098,1
439106,2
439124,1
439128,1
439132,1
439135,1
439138,1
439142,1
439145,1
439147,1
439149,1
439152,1
439161,1
439169,1
439173,1
439176,1
439180,1
439184,1
439186,1
439194,1
439201,1
439205,1
439210,1
439218,1
439223,1
439225,1
439234,1
439239,2
439241,1
439243,1
439252,1
439258,1
439274,1
439291,2
439295,2
439297,1
439304,1
439307,1
439314,2
439317,1
439321,1
439330,1
439334,1
439336,1
439339,1
439346,1
439348,1
439353,1
439355,1
439368,1
439373,1
439375,1
439386,1
439393,1
439395,1
439401,1
439409,1
439425,1
439427,1
439433,1
439458,1
439472,1
439500,1
439504,1
439506,1
439513,1
439516,1
439535,1
439539,1
439543,1
439551,1
439560,1
439573,1
439578,1
439584,1
439588,1
439602,1
439606,1
439618,1
439624,1
439636,1
439638,1
439642,1
439644,1
439651,1
439658,2
439664,1
439667,1
439670,1
439675,1
439678,1
439680,1
439692,1
439694,1
439704,1
439708,1
439712,1
439716,1
439719,1
439723,1
439730,1
439733,1
439745,1
439748,1
439753,1
439759,1
439771,1
439773,1
439784,1
439787,1
439801,1
439820,1
439822,1
439833,1
439844,1
439866,1
439875,1
439882,1
439884,1
439887,1
439890,1
439898,1
439909,1
439919,1
439921,1
439923,1
439937,1
439951,1
439957,1
439961,1
439970,1
439972,1
439974,1
439978,1
439981,1
439983,1
439985,1
439992,1
439997,1
439999,1
440002,1
440017,1
440035,1
440046,1
440051,1
440055,1
440065,1
440068,1
440073,1
440076,1
440080,1
440082,1
440086,1
440088,1
440092,1
440096,1
440099,1
440103,1
440117,1
440128,1
440132,1
440135,1
440156,1
440167,1
440169,1
440173,1
440181,1
440188,1
440201,1
440208,1
440231,1
440241,1
440245,1
440261,1
440263,1
440271,1
440275,1
440287,1
440303,1
440306,1
440312,1
440324,1
440341,1
440345,1
440357,1
440387,1
440391,1
440393,1
440396,1
440399,1
440401,1
440413,1
440427,1
440435,1
440446,1
440453,1
440469,1
440472,1
440475,1
440480,2
440485,1
440488,1
440491,1
440496,1
440507,1
440512,1
440522,1
440542,1
440544,1
440550,1
440554,1
440571,1
440574,1
440583,1
440589,1
440605,1
440622,1
440625,1
440629,1
440642,1
440644,1
440651,1
440655,1
440661,1
440673,1
440678,1
440685,1
440699,1
440701,1
440709,1
440715,1
440717,1
440722,1
440735,1
440740,1
440744,1
440746,1
440756,1
440760,1
440778,1
440785,1
440790,1
440800,1
440811,1
440813,1
440816,1
440818,1
440826,1
440831,1
440834,1
440841,1
440843,1
440873,1
440876,1
440883,1
440890,1
440909,1
440912,2
440930,1
440940,1
440946,1
440948,1
440957,1
440961,1
440969,1
440976,1
440981,1
440986,1
440990,1
440994,1
441001,1
441009,2
441020,1
441024,1
441038,1
441041,1
441044,1
441047,1
441054,1
441062,1
441068,1
441087,1
441091,1
441100,1
441102,1
441113,1
441134,1
441138,1
441156,1
441164,1
441168,1
441176,1
441180,2
441183,1
441196,1
441210,1
441239,1
441244,1
441249,1
441254,2
441258,1
441266,1
441268,1
441273,1
441285,1
441289,1
441291,1
441296,1
441303,1
441309,1
441318,1
441325,1
441329,1
441340,1
441342,1
441349,1
441351,1
441357,1
441359,1
441365,1
441367,1
441373,1
441380,1
441385,1
441395,1
441402,1
441404,1
441411,1
441422,1
441434,1
441439,1
441441,1
441457,1
441460,1
441462,1
441467,1
441476,1
441479,1
441482,1
441488,1
441492,1
441499,1
441508,1
441510,1
441517,1
441519,1
441525,1
441531,1
441537,1
441549,1
441554,1
441556,1
441560,1
441567,1
441575,1
441581,1
441586,1
441596,1
441600,1
441605,1
441632,1
441642,1
441651,1
441656,1
441668,1
441672,1
441681,1
441684,1
441686,1
441688,1
441691,1
441694,1
441701,1
441705,1
441710,1
441717,1
441741,1
441759,1
441762,1
441766,1
441770,1
441773,1
441775,1
441785,1
441789,2
441800,1
441806,1
441817,1
441820,1
441822,1
441824,1
441829,1
441845,1
441859,1
441872,1
441878,1
441896,1
441900,2
441912,1
441917,1
441930,1
441933,1
441938,1
441941,1
441944,1
441949,1
441959,2
441963,1
441973,1
441976,1
441984,1
441995,1
442002,1
442012,1
442014,1
442028,1
442036,1
442040,1
442058,1
442067,1
442080,1
442089,1
442097,1
442099,1
442101,1
442107,1
442110,1
442119,1
442125,1
442131,1
442139,1
442147,2
442164,1
442176,1
442178,1
442183,1
442204,1
442212,1
442214,1
442216,1
442218,1
442220,1
442222,1
442226,1
442229,1
442236,1
442239,1
442242,1
442248,1
442251,1
442259,1
442268,1
442277,1
442293,1
442297,2
442299,1
442308,1
442313,1
442319,1
442325,1
442331,1
442333,1
442335,1
442337,1
442346,1
442354,1
442358,1
442365,1
442371,1
442381,1
442406,1
442410,1
442418,1
442429,1
442436,1
442463,1
442467,1
442472,1
442481,1
442488,1
442491,2
442493,1
442498,1
442501,1
442503,1
442518,1
442522,1
442529,1
442536,1
442544,1
442548,1
442555,1
442562,1
442565,1
442580,1
442582,1
442600,1
442606,1
442618,1
442620,1
442622,1
442636,1
442639,1
442651,1
442655,1
442658,1
442670,1
442672,1
442679,1
442690,1
442694,1
442697,1
442703,1
442709,1
442714,1
442730,1
442733,1
442749,1
442754,1
442762,1
442766,1
442768,1
442774,2
442780,1
442786,1
442791,1
442793,1
442803,1
442814,1
442819,1
442821,1
442824,1
442826,1
442831,1
442835,1
442840,1
442847,1
442854,1
442859,1
442864,1
442871,1
442875,1
442880,1
442888,2
442895,1
442900,1
442905,1
442924,2
442926,1
442937,1
442954,1
442959,1
442961,1
442964,1
442966,1
442968,1
442982,1
442985,1
442994,1
442998,2
443001,1
443003,1
443010,1
443023,2
443029,1
443036,1
443039,1
443041,1
443056,1
443071,1
443076,1
443084,1
443087,1
443094,1
443096,1
443099,1
443105,1
443112,1
443130,1
443132,1
443139,1
443144,1
443149,1
443151,1
443162,1
443166,1
443170,1
443182,1
443190,1
443202,1
443217,1
443221,1
443244,1
443246,1
443265,1
443277,1
443281,1
443285,1
443291,1
443316,1
443326,1
443333,1
443341,1
443343,1
443345,1
443356,1
443361,1
443371,1
443373,1
443379,1
443382,1
443387,1
443397,1
443399,1
443404,1
443420,1
443423,1
443429,1
443432,1
443438,1
443449,1
443452,1
443455,1
443486,1
443508,1
443511,1
443514,1
443523,1
443530,1
443535,1
443539,1
443543,1
443546,1
443554,2
443569,1
443581,1
443586,1
443589,2
443605,1
443610,1
443620,1
443622,1
443642,1
443646,1
443651,1
443669,1
443680,1
443683,1
443694,1
443700,1
443703,2
443721,1
443725,1
443733,1
443740,1
443752,1
443755,1
443758,1
443778,1
443789,1
443796,1
443813,1
443816,1
443823,1
443836,1
443854,2
443857,1
443868,1
443878,1
443888,1
443892,1
443903,1
443913,1
443929,1
443933,1
443939,1
443947,1
443949,1
443954,1
443958,1
443969,1
443980,1
443984,1
443986,1
444008,1
444010,1
444012,1
444021,1
444030,1
444038,1
444043,1
444046,2
444073,1
444082,1
444089,1
444095,1
444098,1
444102,1
444105,1
444108,1
444114,1
444121,1
444136,1
444146,1
444150,1
444165,1
444189,1
444196,1
444214,1
444227,1
444231,1
444236,1
444239,1
444250,1
444252,1
444254,1
444262,1
444269,1
444274,1
444285,1
444288,1
444292,1
444295,1
444297,1
444306,1
444312,1
444321,1
444328,1
444361,1
444364,1
444371,1
444385,2
444387,1
444395,1
444399,1
444405,1
444408,1
444418,1
444422,1
444428,1
444437,1
444442,1
444444,1
444450,1
444460,1
444467,1
444475,1
444481,1
444483,1
444486,1
444498,1
444503,1
444514,1
444519,1
444524,2
444529,1
444539,1
444546,1
444554,1
444556,1
444569,1
444585,1
444587,1
444592,1
444597,1
444603,1
444606,1
444609,1
444615,1
444626,1
444628,1
444631,1
444636,2
444641,1
444649,1
444652,1
444663,1
444667,1
444671,1
444673,1
444684,1
444688,1
444690,1
444693,1
444709,1
444712,1
444718,1
444729,1
444744,1
444746,1
444764,1
444767,1
444769,1
444779,1
444783,1
444786,1
444799,2
444801,1
444803,1
444806,1
444809,2
444816,1
444819,1
444826,1
444828,1
444840,1
444842,1
444846,2
444856,1
444874,1
444880,1
444887,1
444893,1
444898,1
444928,1
444931,1
444933,1
444947,1
444949,1
444955,1
444959,1
444972,1
444976,1
444983,2
444994,1
445001,1
445004,1
445010,1
445012,1
445016,1
445024,1
445030,1
445032,1
445036,1
445040,1
445044,1
445068,1
445072,1
445084,1
445086,1
445091,1
445104,1
445111,1
445120,1
445135,1
445142,1
445146,1
445152,1
445159,1
445167,1
445177,1
445183,1
445185,1
445193,1
445202,1
445205,1
445219,1
445227,1
445234,1
445237,1
445248,1
445258,1
445263,1
445269,1
445277,1
445281,1
445286,1
445292,1
445308,1
445313,1
445319,1
445323,2
445334,1
445337,2
445354,1
445356,1
445379,1
445388,1
445392,1
445397,1
445402,1
445413,1
445418,1
445427,1
445429,1
445433,1
445435,1
445445,1
445450,1
445460,1
445466,1
445469,1
445473,1
445481,1
445483,1
445491,1
445496,1
445498,1
445506,1
445509,1
445512,1
445515,1
445524,1
445530,1
445533,1
445544,1
445550,1
445563,1
445571,1
445582,1
445591,1
445593,1
445598,1
445601,1
445604,1
445606,1
445613,1
445620,1
445623,1
445627,1
445644,1
445650,1
445652,1
445658,1
445662,1
445673,1
445680,1
445686,1
445689,1
445697,1
445702,1
445715,1
445732,1
445739,1
445741,1
445745,1
445755,1
445763,1
445772,1
445778,2
445792,1
445811,2
445814,1
445824,1
445831,1
445834,1
445848,1
445862,1
445867,2
445887,1
445897,1
445899,1
445908,1
445910,1
445918,1
445920,1
445923,1
445930,1
445933,1
445942,1
445945,1
445950,1
445964,1
445967,1
445973,1
445983,1
445986,1
445990,1
446000,1
446019,1
446023,1
446031,1
446034,1
446054,1
446057,1
446069,1
446076,1
446082,1
446095,1
446105,1
446112,1
446115,1
446117,1
446123,1
446135,1
446143,1
446170,1
446173,1
446176,1
446179,1
446186,1
446194,1
446209,1
446215,1
446244,1
446247,1
446250,1
446253,1
446268,1
446271,2
446273,1
446284,1
446294,1
446306,2
446311,1
446317,1
446321,1
446326,1
446328,1
446332,1
446336,1
446340,1
446343,1
446346,2
446372,1
446385,1
446391,1
446411,1
446418,1
446422,1
446429,1
446452,1
446455,1
446467,1
446469,1
446475,1
446478,1
446506,1
446509,1
446512,1
446517,1
446524,1
446528,1
446534,1
446545,1
446549,1
446557,1
446567,1
446574,2
446582,1
446584,1
446598,1
446617,1
446625,1
446628,1
446633,1
446663,1
446668,2
446680,1
446687,1
446689,1
446699,1
446703,1
446706,2
446714,1
446720,1
446726,1
446732,1
446736,1
446738,1
446743,1
446745,1
446755,1
446763,1
446771,1
446785,1
446799,1
446808,1
446814,1
446818,1
446820,1
446823,1
446833,1
446838,1
446842,1
446849,1
446854,1
446856,1
446859,1
446868,1
446874,1
446886,1
446896,1
446912,1
446916,1
446929,1
446933,1
446936,2
446941,1
446944,1
446946,1
446954,1
446963,1
446970,1
446972,1
446982,1
446985,1
446995,1
447011,1
447018,1
447022,1
447026,1
447031,1
447046,1
447082,1
447093,1
447102,1
447106,1
447119,1
447125,1
447136,1
447140,1
447145,1
447172,1
447176,1
447189,1
447197,1
447202,1
447232,1
447234,1
447237,1
447248,1
447257,1
447267,1
447270,1
447291,1
447294,1
447296,1
447298,1
447307,1
447314,1
447318,1
447325,1
447327,1
447331,1
447333,1
447337,1
447341,1
447353,1
447355,1
447361,1
447368,1
447371,1
447382,1
447386,1
447401,1
447403,1
447417,1
447433,1
447437,1
447440,1
447442,1
447465,1
447486,1
447501,1
447504,1
447508,1
447510,1
447523,2
447529,1
447539,1
447553,1
447564,1
447574,1
447578,1
447580,1
447583,1
447590,1
447598,1
447608,1
447613,1
447635,1
447641,1
447644,1
447648,1
447652,1
447655,1
447658,1
447661,1
447667,1
447674,1
447681,1
447690,1
447695,2
447697,1
447700,1
447704,1
447711,1
447714,1
447718,1
447721,1
447726,1
447731,1
447742,1
447744,1
447751,1
447756,1
447768,1
447774,1
447777,1
447779,1
447787,1
447789,1
447795,1
447798,1
447817,1
447823,1
447830,1
447841,1
447843,1
447846,1
447854,1
447869,1
447879,1
447881,1
447887,1
447898,1
447901,1
447909,1
447917,1
447920,1
447924,1
447933,1
447939,1
447941,1
447944,1
447954,1
447957,1
447959,1
447968,1
447970,1
447978,1
447990,1
447995,1
448010,1
448018,1
448038,1
448052,1
448054,1
448060,1
448078,1
448086,1
448102,1
448110,1
448113,1
448127,1
448129,1
448135,1
448137,1
448148,1
448155,1
448160,1
448163,1
448169,1
448171,1
448175,2
448180,1
448185,1
448200,1
448222,1
448225,1
448230,1
448234,1
448244,1
448246,1
448256,1
448263,1
448265,1
448269,1
448283,1
448298,1
448318,1
448339,1
448345,2
448347,1
448360,1
448375,1
448389,1
448401,1
448412,1
448415,1
448417,1
448426,1
448449,1
448464,1
448469,1
448471,1
448477,1
448482,1
448493,1
448496,1
448503,1
448506,1
448513,2
448521,1
448531,1
448535,1
448541,1
448549,1
448552,1
448561,1
448565,1
448575,1
448581,1
448587,1
448613,1
448616,1
448625,1
448628,1
448638,1
448650,1
448665,1
448667,1
448675,1
448681,1
448692,1
448699,1
448703,1
448708,1
448711,1
448721,1
448723,1
448738,1
448741,1
448750,1
448756,1
448759,1
448783,1
448830,1
448854,1
448856,1
448876,1
448885,1
448889,1
448892,1
448894,1
448917,1
448920,1
448922,1
448930,1
448944,1
448954,1
448985,1
448999,1
449001,1
449003,1
449021,1
449024,1
449034,1
449044,1
449047,1
449068,1
449076,1
449083,1
449092,1
449095,1
449097,1
449101,1
449107,1
449111,1
449115,1
449118,1
449122,1
449128,1
449137,1
449139,1
449163,1
449167,1
449173,1
449175,1
449177,1
449182,1
449186,1
449190,1
449195,1
449197,1
449211,1
449217,1
449222,1
449224,1
449233,1
449246,1
449249,1
449251,1
449264,1
449284,1
449286,1
449289,1
449293,1
449297,1
449310,1
449342,1
449344,1
449362,1
449365,1
449368,1
449375,1
449381,1
449398,1
449407,1
449417,1
449437,1
449443,1
449445,1
449447,1
449456,1
449465,1
449476,1
449481,1
449487,1
449494,1
449504,1
449510,1
449525,1
449528,1
449535,1
449539,1
449553,1
449562,1
449564,1
449576,1
449580,1
449582,1
449587,1
449609,1
449611,1
449616,1
449629,1
449642,1
449653,1
449665,1
449673,1
449676,1
449683,1
449688,1
449706,1
449715,1
449723,1
449739,1
449749,1
449753,1
449756,1
449759,1
449761,1
449765,1
449770,1
449772,1
449783,1
449785,1
449797,1
449799,1
449801,1
449804,1
449808,1
449818,1
449829,1
449841,1
449844,1
449847,1
449854,1
449859,1
449871,1
449877,1
449882,1
449890,1
449909,1
449912,1
449934,1
449955,1
449972,1
449975,1
449981,1
449985,1
449993,1
450002,1
450010,1
450014,1
450019,1
450026,1
450030,2
450034,1
450043,1
450071,1
450073,1
450078,1
450081,1
450086,1
450095,1
450103,1
450109,1
450114,1
450116,1
450121,1
450125,1
450129,1
450131,1
450140,1
450160,1
450167,1
450177,1
450184,1
450194,1
450202,1
450208,1
450221,1
450245,1
450248,1
450255,1
450260,1
450276,1
450278,1
450284,1
450290,1
450294,1
450298,1
450310,1
450312,1
450319,1
450323,1
450327,1
450337,1
450343,1
450352,1
450356,1
450358,1
450362,1
450387,1
450392,1
450403,1
450411,1
450427,1
450442,1
450446,1
450449,1
450454,1
450461,1
450463,1
450465,1
450468,1
450472,1
450476,1
450480,1
450483,1
450515,1
450518,1
450520,1
450526,1
450531,1
450533,1
450551,1
450568,1
450573,1
450578,1
450588,1
450598,1
450605,1
450629,1
450645,1
450647,1
450659,1
450682,1
450685,1
450689,1
450696,1
450699,1
450704,1
450707,1
450713,1
450718,1
450726,1
450729,1
450734,1
450736,1
450740,1
450749,1
450759,1
450772,1
450788,1
450797,1
450802,1
450807,1
450820,1
450822,1
450830,1
450832,1
450839,1
450847,1
450860,1
450872,1
450878,1
450883,1
450888,1
450926,1
450932,1
450940,1
450944,1
450950,1
450953,1
450959,1
450961,1
450964,1
450971,1
450974,1
450977,1
450982,1
450988,1
450994,1
451009,1
451019,1
451036,1
451042,1
451059,1
451063,1
451092,1
451108,1
451122,1
451128,1
451130,1
451142,1
451145,1
451148,1
451154,1
451157,1
451160,1
451182,1
451192,1
451204,1
451208,1
451225,1
451230,1
451239,1
451243,1
451258,1
451264,1
451266,1
451269,1
451279,1
451302,1
451312,1
451324,1
451329,1
451348,1
451352,1
451358,1
451375,1
451380,1
451390,1
451396,1
451398,1
451407,1
451412,1
451417,1
451421,1
451428,1
451453,1
451464,1
451485,1
451491,1
451493,1
451495,1
451502,1
451511,1
451520,1
451522,1
451526,1
451530,1
451535,1
451541,1
451551,1
451562,1
451565,1
451567,1
451570,1
451578,1
451580,1
451585,1
451587,1
451590,1
451592,1
451600,1
451605,1
451625,1
451627,1
451632,1
451636,1
451638,1
451642,1
451647,1
451665,1
451673,1
451677,1
451682,1
451687,1
451689,1
451697,1
451700,1
451714,1
451719,1
451722,1
451732,1
451757,1
451770,1
451776,1
451779,1
451807,2
451809,1
451816,1
451819,1
451821,1
451833,1
451837,1
451843,1
451848,1
451856,1
451868,1
451874,1
451880,1
451888,1
451892,1
451895,1
451898,1
451912,1
451920,1
451926,1
451934,1
451937,1
451940,1
451943,1
451945,1
451953,1
451955,1
451963,1
451992,1
452004,1
452018,1
452033,1
452052,1
452061,1
452075,1
452082,1
452089,1
452104,1
452118,1
452125,1
452138,1
452142,1
452156,1
452160,1
452168,1
452174,1
452181,1
452185,1
452194,1
452203,1
452207,1
452215,1
452230,1
452245,1
452251,2
452263,1
452267,1
452273,1
452290,1
452298,1
452300,1
452303,1
452310,1
452312,1
452314,1
452322,1
452326,1
452330,2
452342,1
452347,1
452350,1
452365,1
452374,2
452384,1
452386,1
452388,1
452398,1
452414,1
452416,1
452426,1
452432,1
452444,1
452447,1
452452,1
452462,1
452464,1
452475,1
452480,1
452489,1
452502,1
452504,1
452510,1
452518,1
452520,1
452528,1
452533,1
452536,1
452539,1
452544,1
452547,1
452557,1
452560,1
452565,1
452581,1
452586,1
452592,1
452596,1
452602,1
452604,1
452619,1
452622,1
452624,1
452633,1
452641,1
452654,2
452669,1
452671,1
452676,1
452680,1
452689,1
452691,1
452695,1
452700,1
452705,1
452714,1
452718,1
452727,1
452731,1
452747,1
452758,1
452763,1
452765,1
452767,1
452781,1
452783,1
452786,1
452789,1
452796,1
452801,1
452805,1
452809,1
452811,1
452813,1
452828,1
452837,1
452839,1
452852,1
452857,1
452860,1
452862,1
452870,1
452878,1
452886,1
452891,1
452897,1
452901,1
452910,1
452913,1
452916,1
452918,1
452933,1
452939,1
452944,1
452948,1
452952,1
452961,1
452965,1
452971,1
452975,1
452977,1
452980,1
452986,1
453006,1
453009,1
453011,1
453019,1
453021,1
453024,1
453028,1
453033,1
453038,2
453046,1
453049,1
453051,1
453053,1
453086,1
453097,1
453101,1
453108,1
453118,1
453122,1
453124,1
453127,1
453131,1
453137,1
453140,1
453163,1
453180,1
453184,1
453191,1
453198,1
453208,1
453223,1
453234,1
453256,1
453267,1
453269,1
453297,1
453305,1
453314,1
453319,1
453325,1
453337,1
453356,1
453360,2
453364,1
453367,1
453372,1
453375,1
453379,1
453389,1
453402,1
453405,1
453416,1
453420,1
453427,1
453433,1
453437,1
453450,1
453455,1
453461,1
453467,1
453471,1
453478,1
453482,1
453485,1
453490,1
453492,1
453495,1
453499,1
453501,1
453510,1
453520,1
453526,1
453532,1
453540,1
453550,1
453553,1
453557,1
453561,1
453564,1
453567,1
453569,1
453578,1
453580,1
453584,2
453596,1
453598,1
453601,1
453610,1
453615,1
453627,1
453653,1
453661,1
453668,1
453676,1
453678,1
453681,1
453684,1
453686,1
453691,2
453696,1
453713,1
453727,1
453732,1
453743,1
453745,1
453758,1
453764,1
453771,1
453776,1
453779,1
453781,1
453790,1
453793,1
453802,1
453806,1
453822,1
453829,1
453838,1
453843,1
453857,1
453862,1
453868,1
453871,1
453877,1
453896,1
453900,1
453907,2
453911,1
453915,1
453929,1
453931,1
453935,1
453949,1
453952,1
453957,1
453964,1
453981,1
453993,1
454003,1
454005,1
454011,1
454014,1
454038,1
454041,1
454051,1
454058,1
454066,1
454073,1
454077,1
454080,1
454083,1
454086,1
454113,1
454115,1
454124,1
454135,1
454159,1
454164,1
454171,1
454177,1
454184,1
454188,1
454190,1
454207,1
454212,1
454214,1
454222,1
454225,1
454233,1
454242,1
454244,1
454247,1
454252,1
454255,1
454272,1
454298,1
454300,1
454322,1
454339,1
454346,1
454354,1
454359,1
454380,1
454391,1
454393,1
454400,1
454408,1
454431,1
454436,1
454438,1
454444,1
454463,1
454466,1
454470,1
454486,1
454495,1
454501,1
454508,1
454510,1
454520,1
454524,1
454528,1
454535,1
454540,1
454550,1
454578,1
454590,1
454604,1
454617,1
454621,1
454633,1
454645,1
454647,1
454657,1
454660,1
454663,1
454668,1
454674,1
454680,1
454683,1
454688,1
454699,1
454702,1
454705,1
454712,1
454716,1
454725,1
454739,1
454745,1
454749,1
454751,1
454759,1
454765,1
454770,1
454774,1
454781,1
454810,1
454816,1
454820,1
454837,1
454845,1
454854,1
454856,1
454859,1
454869,1
454874,1
454888,1
454895,1
454904,1
454908,1
454915,1
454917,1
454923,1
454929,1
454933,1
454946,1
454953,2
454986,1
454989,1
455018,1
455021,1
455027,1
455029,1
455036,1
455039,1
455046,1
455049,1
455055,1
455061,1
455065,1
455073,1
455081,1
455086,1
455092,1
455101,1
455105,1
455123,1
455144,1
455160,1
455162,1
455173,1
455180,1
455186,1
455195,2
455215,1
455223,1
455226,1
455232,1
455234,1
455240,1
455250,1
455253,1
455257,1
455267,1
455273,1
455288,1
455293,1
455296,1
455300,1
455310,1
455320,1
455328,1
455353,1
455356,1
455361,2
455364,1
455369,1
455374,1
455379,1
455382,1
455389,1
455397,1
455400,1
455405,1
455407,1
455409,1
455413,1
455415,1
455423,1
455436,1
455443,1
455445,1
455456,1
455460,1
455466,1
455476,1
455495,1
455499,1
455502,1
455504,1
455511,1
455526,1
455534,1
455539,1
455552,1
455557,1
455561,1
455568,1
455586,1
455589,1
455604,1
455610,1
455634,1
455636,1
455640,1
455654,1
455668,1
455670,1
455677,1
455687,1
455692,1
455699,1
455713,1
455718,1
455730,1
455732,1
455761,1
455768,1
455775,1
455777,1
455785,1
455791,1
455794,1
455807,1
455812,1
455821,1
455828,1
455834,1
455852,1
455854,1
455859,1
455863,2
455868,1
455875,1
455877,1
455889,1
455891,1
455907,1
455916,1
455918,1
455925,1
455938,1
455942,2
455945,1
455948,1
455951,1
455959,1
455962,1
455965,1
455978,1
455982,1
455991,1
455995,2
455997,1
456000,1
456004,1
456014,1
456016,1
456023,1
456025,1
456034,1
456036,1
456046,1
456049,1
456055,1
456067,1
456074,1
456078,1
456095,1
456097,1
456100,1
456103,1
456105,1
456115,1
456119,1
456124,1
456132,1
456134,1
456136,1
456141,1
456145,1
456150,1
456154,2
456157,1
456163,1
456171,1
456177,1
456179,1
456181,1
456192,1
456198,1
456204,1
456221,1
456231,1
456240,1
456249,1
456254,1
456258,1
456264,1
456270,1
456276,1
456280,1
456283,1
456297,2
456304,1
456309,1
456315,1
456325,1
456328,1
456335,1
456340,1
456347,1
456349,1
456354,1
456359,2
456365,1
456375,1
456408,1
456424,1
456446,2
456458,1
456460,1
456464,1
456470,1
456473,1
456480,1
456485,1
456488,1
456492,1
456494,1
456498,1
456520,1
456523,1
456531,1
456545,1
456547,1
456559,1
456565,1
456570,1
456578,1
456602,1
456608,1
456616,1
456627,1
456631,1
456638,1
456643,1
456645,1
456659,1
456669,1
456679,1
456685,1
456687,1
456692,1
456694,1
456700,1
456705,1
456723,2
456734,1
456736,1
456741,1
456746,1
456749,1
456769,1
456772,1
456775,1
456781,1
456786,1
456803,1
456806,2
456808,1
456813,1
456817,2
456821,1
456827,1
456841,1
456850,1
456869,1
456875,1
456895,1
456897,1
456900,1
456905,1
456909,1
456912,1
456921,1
456924,1
456927,1
456930,1
456938,1
456944,1
456946,1
456952,1
456958,1
456965,1
456970,1
456984,1
456991,1
456999,1
457019,1
457041,1
457046,1
457055,1
457059,1
457062,2
457073,1
457078,1
457085,1
457091,1
457093,1
457096,1
457099,1
457102,2
457109,1
457113,1
457130,1
457133,1
457143,1
457146,1
457150,1
457155,1
457157,1
457161,1
457172,1
457176,1
457179,1
457196,1
457200,1
457203,1
457206,1
457212,1
457217,1
457222,1
457230,1
457237,1
457245,1
457252,1
457258,1
457268,1
457272,1
457284,1
457288,1
457291,1
457293,1
457299,1
457307,1
457310,1
457318,1
457325,1
457332,1
457337,1
457369,1
457372,1
457388,1
457404,1
457414,1
457420,1
457431,1
457434,1
457439,1
457442,1
457448,1
457451,1
457456,1
457459,1
457462,1
457476,1
457479,2
457483,1
457487,1
457494,1
457496,1
457507,1
457519,1
457531,1
457537,1
457539,1
457555,1
457568,1
457606,1
457627,1
457633,1
457635,1
457644,1
457646,1
457650,1
457652,1
457655,1
457666,1
457671,1
457678,1
457683,1
457685,1
457687,1
457692,1
457699,1
457702,1
457706,1
457708,1
457710,1
457715,1
457717,1
457722,1
457728,1
457733,1
457742,1
457745,1
457759,1
457770,1
457772,1
457776,1
457782,1
457806,1
457809,1
457819,1
457823,1
457831,1
457851,1
457853,1
457857,1
457860,1
457870,1
457873,1
457876,1
457885,1
457896,1
457909,1
457912,1
457926,1
457940,1
457943,1
457954,1
457961,1
457972,1
457991,1
457995,1
458012,1
458022,1
458026,1
458030,1
458035,1
458037,1
458046,1
458048,1
458064,1
458068,1
458075,2
458081,1
458095,1
458099,1
458103,1
458107,1
458119,1
458121,1
458128,1
458135,1
458141,1
458143,1
458150,1
458157,1
458167,1
458176,1
458179,1
458184,1
458188,1
458198,1
458201,1
458223,1
458243,1
458256,1
458290,1
458297,1
458300,1
458305,1
458308,1
458316,1
458322,1
458329,1
458334,1
458341,2
458353,1
458357,1
458366,1
458369,1
458379,1
458383,1
458392,1
458398,1
458401,1
458405,1
458426,1
458435,1
458450,1
458452,1
458463,1
458468,1
458482,1
458487,1
458492,1
458498,1
458501,1
458506,1
458520,1
458522,1
458540,1
458546,1
458553,1
458562,1
458570,1
458574,1
458585,1
458596,1
458602,1
458612,1
458625,1
458627,1
458633,1
458637,1
458639,1
458641,1
458651,1
458658,1
458663,1
458673,1
458683,1
458696,1
458701,1
458708,1
458711,1
458725,1
458727,1
458732,1
458736,1
458741,1
458754,1
458764,1
458769,1
458772,1
458778,1
458791,1
458804,1
458814,1
458823,1
458825,1
458828,1
458837,1
458840,1
458845,1
458861,1
458863,1
458878,1
458896,1
458898,1
458904,1
458912,1
458915,1
458918,1
458922,1
458926,1
458932,1
458934,1
458942,1
458953,1
458955,1
458958,1
458965,1
459006,1
459013,1
459016,1
459018,1
459032,1
459040,1
459049,1
459054,1
459064,1
459073,1
459076,2
459080,1
459086,1
459091,1
459104,1
459112,1
459114,1
459118,1
459121,2
459126,1
459129,1
459134,1
459141,1
459146,1
459150,1
459156,1
459158,1
459165,1
459170,1
459176,1
459181,1
459184,1
459186,1
459193,1
459196,1
459199,1
459206,1
459208,1
459212,1
459220,1
459227,1
459230,1
459264,1
459272,1
459275,1
459279,1
459285,1
459294,1
459302,1
459304,1
459309,1
459316,1
459318,1
459320,1
459339,1
459344,1
459358,1
459373,1
459385,1
459392,1
459394,1
459401,1
459403,1
459412,1
459417,1
459428,1
459430,1
459444,1
459448,1
459454,1
459458,1
459465,1
459468,1
459474,1
459476,1
459482,1
459503,1
459505,1
459507,1
459511,1
459516,1
459529,1
459531,1
459533,1
459536,1
459539,1
459545,1
459558,1
459561,1
459565,1
459571,1
459586,1
459588,1
459607,1
459609,1
459612,2
459616,1
459621,1
459625,1
459645,1
459652,1
459663,1
459678,1
459681,1
459687,1
459716,1
459718,1
459721,1
459735,1
459754,1
459758,1
459760,1
459764,1
459772,1
459774,1
459782,2
459786,1
459791,1
459800,1
459816,1
459824,1
459831,1
459837,1
459839,1
459850,1
459859,1
459862,1
459874,1
459879,1
459882,1
459892,1
459900,1
459909,1
459913,1
459919,1
459930,1
459934,1
459940,1
459952,1
459968,1
459974,1
459980,1
459989,1
459993,1
459998,1
460001,1
460003,1
460007,1
460010,1
460020,1
460032,1
460036,1
460060,1
460069,1
460080,2
460083,1
460085,1
460096,1
460099,1
460101,1
460105,1
460108,1
460116,1
460120,2
460132,1
460136,1
460152,1
460156,1
460160,1
460167,1
460174,1
460178,1
460180,1
460189,1
460191,1
460199,1
460206,1
460215,1
460235,1
460241,1
460247,1
460249,1
460251,1
460253,1
460260,1
460282,1
460285,1
460295,1
460301,1
460304,1
460312,1
460314,1
460322,1
460336,2
460347,1
460353,1
460362,1
460364,1
460381,1
460384,1
460389,1
460391,1
460400,1
460424,1
460432,1
460436,1
460442,1
460445,1
460448,1
460451,1
460457,1
460460,1
460465,1
460468,1
460489,2
460493,1
460512,1
460517,1
460528,1
460533,1
460538,1
460543,1
460548,1
460551,1
460554,1
460558,1
460560,1
460564,1
460567,1
460574,1
460584,1
460601,1
460609,1
460614,1
460623,1
460633,1
460635,1
460639,1
460645,1
460666,1
460674,1
460677,1
460686,1
460691,1
460708,1
460710,1
460712,1
460715,1
460717,1
460730,1
460732,1
460737,1
460742,1
460747,1
460749,1
460764,2
460767,1
460781,1
460789,1
460795,1
460797,1
460809,1
460817,1
460826,1
460842,1
460844,1
460852,1
460864,1
460874,1
460882,1
460897,1
460899,1
460929,1
460932,1
460935,1
460937,1
460952,1
460957,1
460972,1
460978,1
460987,1
460993,1
461007,1
461013,1
461024,1
461034,2
461037,1
461053,1
461059,1
461064,1
461067,1
461070,1
461080,1
461083,1
461094,1
461102,1
461114,1
461118,1
461128,1
461131,1
461134,1
461144,1
461156,1
461159,1
461162,1
461166,1
461169,1
461177,1
461182,1
461184,1
461188,1
461203,1
461218,1
461220,1
461241,1
461247,1
461255,1
461257,1
461263,1
461273,1
461282,1
461293,1
461314,1
461316,1
461331,1
461333,1
461336,2
461339,1
461342,1
461350,1
461353,1
461359,1
461362,1
461368,1
461383,1
461388,1
461405,1
461411,1
461430,1
461433,1
461446,1
461453,1
461460,1
461469,1
461473,1
461481,1
461483,1
461485,1
461497,1
461499,1
461523,1
461541,1
461545,1
461551,1
461561,1
461567,1
461576,1
461581,1
461591,1
461614,1
461629,2
461645,1
461660,1
461670,1
461672,1
461675,1
461680,1
461697,1
461708,1
461723,1
461727,1
461741,1
461745,1
461756,1
461764,1
461775,1
461785,1
461792,1
461809,1
461823,1
461828,1
461845,1
461851,1
461861,1
461868,1
461870,1
461881,1
461887,1
461900,1
461915,1
461917,1
461936,1
461957,1
461964,1
461976,1
461978,1
461982,1
461987,2
461996,1
462000,1
462013,1
462017,1
462038,1
462043,1
462057,1
462059,1
462070,1
462108,1
462121,1
462134,1
462144,1
462151,1
462153,1
462166,1
462173,1
462175,1
462178,1
462187,1
462190,1
462202,1
462207,1
462210,1
462216,1
462221,1
462241,1
462247,1
462249,1
462259,1
462268,1
462270,1
462290,1
462303,1
462305,1
462307,1
462317,1
462320,1
462324,1
462336,1
462338,1
462340,1
462352,1
462355,1
462365,1
462372,1
462382,1
462406,1
462418,1
462431,1
462440,1
462442,1
462445,1
462458,1
462460,1
462471,1
462479,2
462488,1
462494,1
462496,1
462506,1
462510,1
462515,1
462525,1
462527,1
462535,1
462557,1
462563,1
462567,1
462572,1
462576,1
462583,1
462586,1
462590,1
462594,1
462608,1
462629,1
462634,1
462636,1
462644,1
462649,1
462658,1
462661,1
462670,1
462680,1
462684,1
462687,1
462698,1
462703,1
462705,1
462722,1
462725,1
462741,1
462743,1
462754,1
462762,1
462767,1
462770,1
462775,1
462777,1
462781,1
462788,1
462792,1
462794,1
462796,1
462799,1
462804,1
462811,1
462818,1
462827,1
462830,1
462837,1
462843,1
462848,1
462851,1
462853,1
462857,1
462859,1
462868,1
462870,1
462877,1
462885,1
462894,1
462896,1
462905,1
462910,1
462913,1
462918,1
462926,1
462928,1
462936,1
462944,1
462955,1
462970,1
462981,1
462984,1
463003,1
463011,1
463019,1
463022,1
463025,1
463028,1
463031,1
463041,1
463045,1
463048,1
463053,1
463060,1
463065,1
463075,1
463078,1
463086,1
463102,1
463116,1
463122,1
463131,1
463144,1
463155,1
463168,1
463179,1
463191,1
463193,1
463195,1
463202,1
463205,1
463209,1
463212,1
463214,1
463220,1
463233,1
463237,1
463240,1
463253,1
463255,1
463289,1
463293,1
463306,1
463309,1
463314,1
463316,1
463325,1
463332,1
463342,1
463348,1
463370,1
463394,1
463400,1
463406,1
463426,1
463434,1
463441,1
463449,1
463453,1
463457,1
463459,1
463469,1
463471,1
463476,1
463483,1
463499,1
463501,1
463506,1
463509,1
463541,1
463562,1
463574,1
463591,1
463607,1
463617,1
463634,1
463639,1
463647,1
463654,1
463690,1
463698,1
463713,1
463720,1
463734,1
463742,1
463744,1
463747,1
463750,1
463758,1
463768,1
463780,1
463784,1
463789,1
463801,1
463806,1
463817,1
463821,1
463825,1
463827,1
463829,1
463831,1
463834,1
463841,2
463847,1
463855,1
463858,1
463860,1
463871,1
463877,1
463882,1
463884,1
463887,1
463890,1
463896,1
463898,1
463903,1
463912,1
463915,1
463922,1
463925,1
463932,1
463935,1
463949,1
463960,1
463970,1
463977,1
463980,1
463995,1
463999,1
464008,1
464011,1
464014,1
464016,1
464019,1
464025,1
464028,1
464033,1
464040,1
464043,1
464058,1
464064,1
464075,1
464083,1
464091,1
464102,1
464109,1
464124,1
464131,1
464135,1
464152,1
464165,1
464167,1
464169,1
464174,1
464178,1
464182,1
464184,1
464188,1
464190,1
464205,1
464227,1
464236,1
464247,1
464259,1
464264,1
464271,1
464277,1
464283,1
464286,1
464289,1
464291,1
464318,1
464330,1
464332,1
464345,1
464350,1
464359,1
464380,1
464387,1
464438,1
464446,1
464453,1
464455,1
464465,1
464470,1
464479,1
464485,1
464493,1
464501,1
464505,1
464519,1
464551,1
464558,1
464560,1
464564,1
464570,1
464580,1
464584,1
464591,1
464599,1
464603,1
464605,1
464608,1
464623,1
464626,1
464636,1
464643,1
464650,1
464656,1
464661,1
464663,1
464673,1
464678,1
464695,1
464710,1
464719,1
464731,1
464734,1
464736,1
464739,1
464752,1
464754,1
464772,1
464786,1
464789,1
464798,1
464805,1
464813,1
464815,1
464820,1
464828,1
464832,1
464834,1
464843,1
464848,1
464857,1
464862,1
464866,1
464873,1
464882,1
464921,1
464925,1
464931,1
464941,1
464947,1
464958,1
464973,1
464983,1
464985,1
464989,1
464994,1
464999,1
465018,1
465024,2
465026,1
465035,1
465044,1
465053,1
465057,1
465063,1
465070,1
465073,1
465081,1
465086,1
465089,1
465121,1
465133,1
465140,1
465143,1
465187,1
465195,1
465204,1
465212,1
465216,1
465224,1
465230,1
465259,1
465276,1
465280,1
465293,1
465325,1
465328,1
465342,1
465346,1
465353,1
465357,1
465369,1
465383,1
465389,1
465398,1
465405,1
465413,1
465422,1
465450,1
465464,1
465470,1
465476,1
465478,1
465484,1
465491,1
465511,2
465526,1
465531,1
465535,1
465546,1
465548,1
465565,1
465578,1
465582,1
465585,1
465588,1
465592,1
465594,1
465596,1
465600,1
465609,1
465627,1
465629,1
465631,1
465643,1
465655,1
465657,1
465662,1
465671,1
465703,1
465706,1
465709,1
465719,1
465724,1
465738,1
465750,1
465755,1
465762,1
465779,1
465792,1
465801,1
465812,1
465830,1
465833,1
465837,1
465849,1
465852,1
465868,1
465879,1
465887,1
465899,1
465912,1
465915,1
465919,1
465925,1
465942,1
465950,1
465953,1
465962,1
465970,1
465984,1
465999,1
466003,1
466005,1
466018,1
466058,1
466065,1
466075,1
466120,1
466132,1
466136,1
466153,1
466161,1
466167,1
466172,1
466175,1
466183,1
466185,1
466187,1
466200,1
466203,1
466210,1
466213,1
466218,1
466222,1
466224,1
466232,1
466237,1
466241,1
466266,1
466276,1
466295,1
466313,1
466322,1
466331,1
466336,1
466350,1
466363,1
466367,1
466381,1
466387,1
466393,1
466402,1
466417,1
466419,1
466422,1
466432,1
466435,1
466475,1
466480,1
466486,1
466488,1
466490,1
466498,1
466505,1
466519,1
466530,1
466537,1
466543,1
466546,1
466553,1
466557,1
466563,1
466589,1
466594,1
466619,1
466626,1
466630,1
466642,1
466645,1
466662,1
466664,1
466676,1
466678,1
466686,1
466702,1
466706,1
466709,1
466719,1
466724,1
466739,1
466741,1
466747,1
466758,1
466762,1
466764,1
466768,1
466771,1
466779,1
466788,1
466795,1
466799,1
466805,1
466808,1
466813,1
466816,1
466821,1
466830,1
466852,2
466858,1
466865,1
466873,1
466875,1
466880,1
466895,1
466898,1
466913,1
466916,1
466950,1
466957,1
466980,1
466987,1
466989,1
466992,1
467003,1
467007,1
467012,1
467016,1
467033,2
467040,1
467047,1
467057,1
467061,1
467072,1
467078,1
467081,1
467087,1
467095,1
467098,1
467108,1
467111,1
467121,1
467148,1
467158,1
467160,1
467170,1
467174,1
467182,1
467187,1
467190,1
467211,1
467243,1
467248,1
467255,1
467258,1
467267,1
467285,1
467292,1
467295,1
467297,1
467300,1
467306,1
467329,1
467339,1
467344,1
467352,1
467357,1
467369,1
467373,1
467398,1
467406,1
467413,1
467425,1
467430,1
467444,1
467447,1
467449,1
467467,1
467475,1
467479,1
467483,1
467488,1
467491,1
467496,1
467498,1
467505,1
467520,1
467530,1
467539,1
467545,1
467576,1
467578,1
467587,1
467593,1
467600,1
467608,1
467618,1
467641,1
467649,1
467661,1
467673,1
467690,1
467714,1
467719,1
467721,1
467727,1
467731,1
467733,1
467736,1
467741,2
467747,1
467750,1
467754,1
467762,1
467766,1
467795,1
467798,1
467801,1
467806,1
467809,1
467812,1
467826,1
467834,1
467842,1
467851,1
467856,1
467867,1
467875,2
467884,1
467890,1
467901,1
467905,1
467907,1
467910,1
467916,1
467922,1
467927,1
467938,1
467957,1
467973,2
467977,1
467981,1
467984,1
467998,1
468003,1
468010,1
468016,1
468029,1
468042,2
468049,1
468051,1
468056,1
468060,1
468067,1
468072,1
468074,1
468087,1
468093,1
468103,1
468111,1
468120,1
468127,1
468134,1
468149,1
468152,1
468155,1
468160,1
468167,1
468174,1
468183,1
468198,1
468201,1
468216,1
468223,1
468226,1
468234,1
468243,1
468249,1
468252,1
468259,1
468261,1
468290,1
468307,2
468311,1
468324,1
468340,1
468347,1
468352,1
468359,1
468364,1
468367,1
468375,1
468392,1
468398,1
468406,1
468418,1
468423,1
468426,1
468435,1
468439,1
468453,1
468464,1
468469,1
468473,1
468477,1
468481,1
468483,1
468489,1
468491,1
468498,1
468501,2
468510,1
468519,1
468525,1
468534,1
468542,2
468547,1
468567,1
468570,1
468578,1
468596,1
468598,1
468600,1
468607,1
468611,1
468615,1
468617,1
468626,1
468633,1
468641,1
468647,1
468662,1
468664,1
468667,1
468672,1
468675,1
468695,1
468708,1
468710,1
468717,1
468724,1
468729,1
468737,1
468748,1
468751,1
468757,1
468769,1
468774,1
468782,1
468786,1
468793,1
468795,1
468800,1
468814,1
468822,1
468824,1
468837,1
468858,1
468860,1
468868,1
468877,1
468882,1
468892,1
468899,1
468916,1
468919,1
468925,1
468929,1
468934,1
468940,1
468946,1
468974,1
468988,1
468993,1
468998,1
469003,1
469011,1
469015,1
469025,1
469041,1
469046,1
469054,1
469062,1
469065,1
469071,1
469078,1
469081,1
469084,1
469099,1
469103,1
469110,1
469118,1
469126,1
469128,1
469137,1
469139,1
469156,1
469161,1
469166,1
469177,1
469180,1
469182,1
469188,1
469195,1
469199,1
469217,1
469223,1
469225,1
469227,1
469230,1
469234,1
469237,1
469239,1
469243,1
469250,1
469254,1
469260,1
469273,1
469280,2
469291,1
469296,1
469303,1
469310,1
469313,1
469317,1
469329,1
469331,1
469333,1
469335,1
469350,1
469352,1
469362,1
469371,1
469378,1
469382,1
469386,1
469388,1
469396,1
469403,1
469405,1
469408,1
469419,1
469424,1
469426,1
469433,1
469439,1
469442,1
469451,1
469454,1
469463,1
469472,1
469514,1
469526,1
469528,1
469530,1
469557,1
469559,1
469561,1
469567,1
469573,1
469586,1
469600,1
469602,1
469618,2
469623,1
469632,1
469636,1
469639,1
469654,1
469657,1
469660,1
469663,1
469668,1
469679,1
469681,1
469683,1
469691,1
469694,1
469707,1
469714,1
469726,1
469729,1
469738,1
469741,1
469745,1
469748,1
469750,1
469757,1
469760,1
469762,1
469769,1
469772,1
469776,1
469778,1
469790,1
469803,1
469805,1
469816,1
469823,1
469825,1
469832,1
469840,1
469846,2
469848,1
469873,1
469878,1
469881,1
469884,1
469887,1
469893,2
469898,1
469904,1
469912,1
469914,1
469921,1
469929,1
469937,1
469957,1
469965,1
469972,1
469999,1
470004,1
470008,1
470029,1
470038,1
470045,1
470057,1
470059,1
470061,1
470063,1
470069,1
470074,1
470078,1
470090,2
470099,1
470104,1
470125,1
470128,1
470130,1
470133,2
470137,1
470140,1
470146,1
470148,1
470152,1
470156,1
470174,1
470178,1
470183,1
470187,1
470202,1
470205,1
470208,1
470214,1
470216,1
470224,1
470230,1
470239,1
470241,1
470245,1
470248,1
470255,1
470258,1
470262,1
470264,1
470274,1
470283,1
470291,1
470298,1
470301,1
470304,1
470307,1
470311,1
470317,1
470320,1
470330,1
470333,1
470339,1
470357,1
470361,1
470364,1
470385,2
470396,1
470399,1
470418,1
470440,1
470446,1
470450,1
470467,1
470472,1
470475,1
470482,1
470487,1
470496,1
470509,1
470518,1
470529,1
470548,2
470550,1
470556,1
470565,1
470567,1
470571,1
470582,1
470584,1
470591,1
470601,1
470617,1
470625,1
470641,1
470645,1
470656,1
470658,1
470662,1
470664,1
470668,1
470670,1
470680,1
470684,2
470694,1
470710,1
470714,1
470716,1
470718,1
470721,1
470726,2
470732,1
470738,1
470743,1
470752,1
470756,1
470762,1
470771,1
470773,1
470775,1
470789,1
470793,1
470797,1
470812,1
470816,1
470825,1
470831,1
470842,1
470846,1
470852,1
470855,1
470860,1
470866,1
470870,1
470873,1
470881,1
470885,1
470888,1
470892,1
470899,1
470913,1
470925,1
470927,1
470935,1
470940,1
470944,1
470963,1
470973,1
470976,2
470983,1
470989,1
470998,1
471013,1
471020,1
471023,1
471026,1
471032,2
471052,1
471057,1
471061,1
471076,1
471080,1
471091,2
471093,1
471098,1
471101,1
471103,1
471106,2
471108,1
471119,1
471125,1
471130,1
471135,1
471138,1
471140,1
471143,1
471154,1
471157,1
471169,1
471174,1
471177,1
471188,1
471191,1
471217,1
471219,1
471221,1
471223,1
471231,1
471235,1
471254,1
471260,1
471266,1
471269,1
471279,1
471284,1
471287,1
471289,1
471293,1
471305,1
471319,1
471327,2
471347,1
471351,1
471353,1
471362,1
471366,1
471369,1
471380,1
471383,1
471388,1
471397,1
471400,1
471403,1
471415,1
471421,1
471426,1
471432,1
471436,1
471442,1
471456,1
471462,1
471471,1
471479,1
471491,1
471496,1
471498,1
471501,1
471509,1
471516,1
471522,1
471526,1
471533,1
471541,1
471549,1
471554,1
471557,1
471559,1
471574,1
471584,1
471591,1
471593,1
471602,1
471607,1
471609,1
471611,1
471615,1
471619,2
471642,1
471650,1
471662,1
471665,1
471669,1
471672,1
471678,1
471690,1
471693,1
471700,1
471714,1
471728,1
471744,1
471755,1
471757,1
471763,1
471769,1
471775,1
471781,1
471783,1
471789,2
471794,1
471800,1
471804,1
471813,1
471819,1
471823,1
471839,1
471841,1
471843,1
471847,1
471856,1
471861,2
471865,1
471877,1
471881,1
471886,1
471892,1
471895,1
471899,1
471907,1
471918,1
471932,1
471935,1
471938,1
471941,1
471944,1
471952,1
471959,2
471973,1
471975,1
471978,2
471987,1
471992,1
472002,1
472004,1
472006,1
472008,1
472015,1
472024,1
472033,1
472042,1
472045,1
472049,1
472053,1
472063,1
472068,1
472077,1
472081,1
472084,1
472086,1
472094,1
472103,1
472109,1
472118,1
472122,1
472127,1
472136,1
472142,1
472145,1
472160,1
472162,1
472170,1
472172,1
472180,1
472195,1
472203,1
472211,1
472219,1
472254,1
472261,1
472272,1
472277,1
472279,1
472289,1
472297,1
472311,1
472326,1
472329,1
472333,1
472341,1
472344,1
472352,1
472357,1
472375,1
472380,1
472384,1
472388,1
472392,1
472405,1
472407,1
472414,1
472422,2
472433,1
472435,1
472441,1
472448,1
472454,1
472465,1
472469,1
472488,1
472504,1
472506,1
472515,1
472525,1
472529,1
472535,1
472538,1
472545,1
472554,1
472558,1
472562,1
472566,1
472577,1
472579,1
472581,1
472592,1
472598,1
472601,1
472613,1
472619,1
472622,1
472634,1
472654,1
472670,1
472673,1
472677,1
472681,1
472690,1
472696,1
472698,1
472704,1
472716,1
472732,1
472734,1
472736,1
472746,1
472755,1
472767,1
472772,1
472787,1
472789,1
472796,1
472803,1
472807,1
472810,1
472815,1
472821,1
472827,1
472830,1
472833,1
472843,1
472846,1
472858,1
472861,1
472867,1
472878,1
472883,1
472887,1
472896,1
472902,1
472905,1
472922,1
472927,1
472939,1
472941,1
472946,1
472960,1
472976,1
472978,1
472982,2
472989,1
473000,1
473003,1
473014,1
473017,1
473019,1
473023,1
473028,1
473041,1
473050,1
473055,1
473057,1
473059,1
473065,1
473071,1
473075,1
473078,2
473082,1
473087,2
473094,1
473111,1
473113,1
473127,1
473129,1
473131,1
473133,1
473140,1
473148,1
473150,1
473153,2
473156,1
473165,1
473169,1
473172,1
473181,1
473183,1
473187,1
473190,1
473196,1
473205,1
473210,1
473222,1
473226,1
473230,1
473238,1
473243,1
473245,1
473258,1
473260,1
473263,1
473266,1
473269,1
473279,1
473283,1
473285,1
473300,1
473315,1
473320,1
473324,1
473339,1
473342,1
473353,1
473359,1
473362,1
473372,1
473377,1
473380,1
473395,1
473398,1
473414,1
473417,1
473420,1
473435,1
473480,1
473509,1
473519,1
473529,1
473531,1
473547,1
473565,1
473568,1
473570,1
473573,2
473575,1
473584,1
473587,1
473589,1
473592,1
473607,1
473625,1
473627,1
473637,1
473642,1
473644,1
473647,2
473650,1
473660,1
473663,1
473666,1
473668,1
473670,1
473676,1
473679,1
473681,1
473691,1
473695,1
473698,1
473705,2
473716,1
473721,1
473740,1
473756,1
473760,1
473765,1
473771,1
473774,1
473780,1
473784,1
473791,1
473797,1
473812,1
473816,1
473830,1
473833,1
473835,1
473838,1
473850,1
473855,1
473857,1
473868,1
473871,1
473874,1
473889,1
473894,1
473904,1
473908,1
473912,1
473926,1
473929,1
473932,2
473935,1
473939,1
473949,1
473953,1
473965,1
473967,1
473970,1
473981,1
473983,1
473987,1
473996,1
474003,1
474020,1
474029,1
474038,1
474040,1
474043,1
474046,1
474058,1
474062,1
474064,1
474068,1
474081,1
474097,1
474100,1
474102,1
474106,1
474134,1
474139,1
474143,1
474145,1
474173,1
474189,1
474192,1
474196,1
474205,1
474212,1
474231,1
474237,1
474250,1
474253,1
474266,1
474270,1
474273,1
474285,2
474290,1
474307,1
474318,1
474327,1
474329,1
474344,1
474347,1
474361,1
474364,1
474367,1
474369,1
474371,1
474373,1
474383,1
474386,1
474388,1
474391,1
474397,1
474417,1
474423,1
474427,1
474439,1
474441,1
474443,1
474445,1
474454,1
474460,1
474462,1
474468,1
474484,1
474494,1
474500,1
474504,1
474514,1
474524,1
474534,1
474536,1
474539,1
474547,1
474551,1
474555,1
474558,1
474569,1
474572,1
474574,1
474581,1
474594,1
474607,1
474613,1
474619,1
474649,1
474653,1
474662,1
474670,1
474674,1
474688,1
474698,1
474705,1
474708,1
474711,2
474729,1
474738,1
474741,1
474744,1
474755,1
474761,1
474763,1
474767,1
474775,1
474779,1
474784,1
474786,1
474796,1
474804,1
474810,1
474814,1
474822,1
474824,1
474830,1
474836,1
474838,1
474849,1
474861,1
474864,2
474877,1
474879,1
474900,1
474903,1
474913,1
474918,1
474929,1
474933,1
474936,1
474938,1
474944,1
474956,1
474968,1
474970,1
474973,1
474977,2
474987,1
474995,1
474998,2
475000,1
475008,1
475014,1
475027,1
475046,1
475052,1
475055,1
475065,1
475070,1
475079,1
475086,1
475093,1
475101,1
475103,1
475107,1
475109,1
475113,1
475116,1
475124,1
475142,1
475146,2
475158,1
475164,1
475169,1
475173,2
475185,1
475202,1
475206,1
475217,1
475220,1
475222,1
475225,2
475241,1
475243,1
475260,1
475276,1
475278,1
475281,1
475285,1
475289,1
475298,1
475304,1
475315,1
475334,1
475341,1
475346,1
475350,1
475355,1
475367,1
475373,1
475378,1
475391,1
475393,1
475410,1
475419,1
475421,1
475429,1
475431,1
475434,2
475438,1
475451,2
475455,1
475468,1
475470,1
475473,2
475482,1
475488,1
475506,1
475518,1
475520,1
475525,1
475527,1
475540,1
475544,1
475550,1
475566,1
475583,2
475601,1
475603,1
475619,1
475626,1
475635,1
475649,1
475656,1
475660,2
475663,1
475665,1
475673,1
475681,1
475683,1
475685,1
475688,1
475693,1
475696,1
475699,1
475712,1
475740,1
475808,1
475811,1
475821,1
475823,1
475826,1
475830,1
475832,1
475834,1
475838,1
475853,1
475866,1
475868,1
475886,1
475901,1
475904,1
475907,1
475922,1
475925,1
475931,1
475939,1
475950,1
475955,1
475964,1
475985,1
475992,1
475999,2
476015,1
476017,1
476019,1
476022,1
476025,2
476042,1
476054,1
476058,1
476075,1
476081,1
476091,1
476096,1
476103,1
476108,1
476113,1
476116,1
476132,1
476150,1
476153,1
476162,1
476172,1
476177,1
476197,1
476200,1
476214,1
476222,1
476246,1
476249,2
476264,1
476266,1
476268,1
476284,1
476303,1
476354,1
476361,1
476365,2
476369,1
476383,2
476402,1
476417,1
476430,1
476436,1
476438,1
476453,1
476456,1
476473,1
476475,1
476485,1
476494,1
476500,1
476512,1
476521,1
476532,1
476549,1
476569,1
476575,1
476590,1
476593,1
476602,1
476604,1
476610,1
476628,1
476634,1
476647,2
476664,1
476666,1
476679,1
476685,1
476690,1
476699,1
476725,1
476738,1
476740,1
476760,1
476765,1
476777,1
476780,1
476784,1
476794,1
476799,1
476801,1
476807,1
476820,1
476824,1
476836,1
476851,1
476853,1
476855,1
476861,1
476868,1
476875,1
476878,1
476882,1
476892,1
476894,1
476909,1
476912,1
476916,1
476928,1
476931,1
476936,1
476938,1
476951,1
476968,1
476987,1
476992,1
477000,1
477008,1
477027,1
477032,1
477048,2
477065,1
477081,1
477086,1
477102,1
477117,1
477121,1
477137,1
477155,1
477159,1
477177,1
477194,1
477196,1
477210,1
477216,1
477227,1
477232,1
477235,1
477253,1
477269,1
477273,1
477275,1
477287,1
477301,1
477310,1
477312,1
477315,1
477318,1
477323,1
477331,1
477339,1
477348,1
477351,1
477356,1
477368,1
477376,1
477384,1
477388,2
477416,1
477421,1
477424,1
477426,1
477428,1
477436,1
477442,1
477445,1
477453,1
477458,1
477463,1
477469,1
477482,1
477487,1
477492,1
477501,1
477503,1
477515,1
477520,1
477524,1
477539,1
477559,2
477586,1
477588,1
477597,1
477607,1
477615,1
477633,1
477639,1
477644,1
477651,1
477656,1
477669,1
477673,1
477677,1
477688,1
477709,1
477727,1
477729,1
477731,1
477737,1
477744,1
477750,2
477757,1
477767,1
477778,1
477786,1
477791,1
477800,1
477804,1
477806,1
477809,1
477815,1
477825,2
477837,1
477840,1
477846,1
477879,1
477899,1
477905,1
477918,1
477921,1
477933,1
477938,1
477941,1
477961,2
477971,1
477978,2
477995,1
478012,1
478014,1
478031,1
478033,1
478048,1
478052,2
478067,1
478073,2
478089,1
478143,1
478153,1
478155,1
478166,1
478171,1
478182,1
478187,2
478205,1
478214,1
478224,1
478227,1
478238,1
478242,1
478259,1
478261,1
478263,1
478287,1
478298,1
478307,1
478316,1
478320,2
478333,1
478336,1
478354,1
478356,1
478379,1
478383,1
478395,1
478410,1
478413,2
478417,1
478432,1
478450,1
478453,2
478470,1
478473,1
478507,1
478515,1
478526,1
478529,1
478544,1
478546,1
478563,1
478571,1
478585,2
478603,1
478613,1
478640,1
478644,1
478659,1
478661,1
478666,1
478679,1
478696,1
478715,1
478717,1
478734,1
478736,1
478738,1
478750,1
478754,1
478756,1
478760,2
478763,1
478776,1
478778,1
478783,1
478790,1
478793,1
478795,1
478802,1
478815,1
478826,1
478831,1
478849,1
478868,1
478883,1
478891,1
478896,1
478900,1
478913,1
478915,1
478921,1
478943,1
478960,1
478964,1
478966,1
478999,1
479001,1
479008,1
479015,1
479022,1
479027,1
479030,1
479039,1
479043,1
479045,1
479059,1
479063,1
479081,1
479085,1
479096,1
479098,1
479114,1
479117,1
479122,1
479138,1
479142,1
479146,1
479161,1
479171,1
479175,1
479178,2
479192,1
479195,2
479226,1
479229,1
479237,1
479240,1
479249,1
479251,1
479254,1
479261,1
479271,2
479284,1
479288,1
479303,1
479305,1
479308,2
479311,1
479328,2
479334,1
479344,1
479347,1
479357,1
479363,1
479380,1
479382,1
479384,1
479416,1
479418,1
479420,1
479424,1
479454,1
479456,1
479458,1
479462,1
479466,1
479478,1
479482,1
479491,1
479495,1
479498,1
479502,2
479506,1
479512,1
479518,1
479521,1
479538,1
479540,1
479553,1
479558,1
479561,1
479569,1
479571,1
479573,1
479581,1
479604,1
479610,1
479625,1
479631,2
479646,1
479648,1
479657,1
479666,1
479671,1
479673,1
479675,1
479684,1
479686,1
479688,1
479704,1
479706,1
479719,1
479723,1
479725,1
479728,1
479742,1
479760,1
479779,1
479787,1
479796,1
479802,1
479806,2
479808,1
479810,1
479822,2
479839,1
479841,1
479855,1
479858,1
479871,1
479875,1
479877,1
479880,1
479883,1
479895,1
479905,1
479913,1
479916,1
479920,1
479924,1
479934,1
479938,1
479944,1
479949,1
479961,1
479970,1
479972,1
479975,2
479977,1
479992,2
480012,1
480018,1
480027,1
480029,1
480031,1
480067,2
480084,1
480090,2
480107,2
480124,1
480126,1
480131,1
480142,1
480152,1
480162,1
480169,1
480174,1
480180,1
480201,1
480217,1
480220,1
480234,1
480237,1
480241,1
480251,1
480257,1
480263,1
480277,1
480280,1
480285,1
480293,1
480296,1
480299,1
480313,1
480315,1
480346,1
480348,1
480353,1
480370,1
480373,1
480381,1
480385,1
480390,1
480399,1
480409,1
480423,1
480427,2
480435,1
480443,1
480450,2
480452,1
480468,1
480484,1
480499,1
480501,1
480506,1
480511,1
480515,1
480525,1
480528,1
480531,1
480541,1
480544,2
480555,1
480561,1
480563,1
480573,1
480584,1
480590,1
480594,1
480598,1
480602,2
480604,1
480621,1
480631,1
480635,1
480663,1
480674,1
480681,1
480692,1
480697,1
480711,1
480714,2
480735,1
480751,1
480765,1
480789,2
480801,1
480826,1
480845,1
480848,1
480864,1
480880,1
480897,1
480903,2
480916,1
480920,1
480923,1
480925,1
480927,1
480940,1
480977,1
480988,1
480993,1
481005,1
481034,1
481041,1
481048,1
481055,1
481057,1
481060,1
481074,1
481077,2
481093,1
481096,1
481098,1
481101,1
481106,1
481111,1
481113,1
481116,1
481118,1
481124,1
481130,1
481133,1
481136,1
481150,1
481166,1
481168,1
481173,1
481177,1
481190,1
481206,1
481208,1
481214,1
481224,1
481226,1
481228,1
481231,2
481236,1
481245,1
481247,1
481249,1
481260,1
481263,1
481265,1
481280,1
481282,1
481285,1
481288,1
481299,1
481303,1
481305,1
481310,1
481319,1
481321,1
481323,1
481326,1
481337,1
481340,1
481342,1
481352,1
481356,1
481364,1
481373,1
481386,1
481396,1
481401,1
481414,1
481429,1
481432,1
481435,1
481438,1
481452,1
481455,1
481469,1
481473,1
481489,1
481491,1
481505,1
481510,1
481513,1
481526,1
481529,1
481532,1
481546,1
481552,1
481565,1
481568,1
481581,1
481588,1
481607,1
481625,1
481643,1
481669,1
481674,1
481686,2
481702,1
481717,1
481721,1
481732,1
481738,1
481741,2
481757,1
481761,1
481771,1
481774,1
481779,1
481781,1
481789,1
481799,1
481801,1
481813,1
481815,1
481834,1
481838,1
481853,1
481857,1
481871,1
481883,1
481886,1
481890,1
481904,1
481910,1
481920,1
481931,1
481947,1
481949,1
481961,1
481987,1
482002,1
482005,1
482022,1
482029,1
482040,1
482042,1
482045,1
482047,1
482062,1
482064,1
482077,1
482080,1
482082,1
482086,1
482095,1
482113,1
482118,1
482120,1
482124,1
482127,1
482135,1
482143,1
482151,1
482156,1
482158,1
482162,1
482169,1
482177,1
482181,1
482184,1
482194,1
482196,1
482199,1
482203,1
482208,1
482222,2
482232,1
482234,1
482236,1
482260,1
482267,1
482275,1
482307,1
482309,1
482311,1
482327,1
482331,1
482345,1
482347,1
482367,1
482384,1
482386,1
482393,1
482403,1
482421,1
482424,1
482443,2
482446,2
482456,1
482463,1
482466,1
482480,1
482492,1
482497,1
482500,2
482503,1
482507,1
482519,1
482521,1
482532,1
482536,1
482539,2
482541,1
482573,1
482575,1
482579,1
482582,1
482587,1
482592,1
482596,1
482599,2
482606,1
482613,1
482631,1
482633,1
482649,1
482668,1
482670,1
482672,1
482689,1
482705,1
482707,1
482723,1
482744,1
482748,1
482762,1
482783,1
482786,1
482798,1
482801,1
482838,1
482840,1
482842,1
482844,1
482846,1
482859,1
482862,1
482878,1
482881,1
482883,1
482891,1
482898,1
482900,1
482908,1
482917,1
482935,1
482952,1
482957,1
482963,1
482970,1
482978,1
482980,1
482996,1
483011,1
483027,1
483032,2
483035,1
483040,1
483046,1
483052,1
483069,1
483078,1
483088,1
483106,1
483110,1
483119,1
483122,1
483148,1
483152,1
483155,1
483159,1
483168,1
483182,1
483192,1
483200,1
483204,2
483222,1
483238,1
483258,1
483260,1
483264,1
483277,1
483279,1
483282,1
483304,1
483312,1
483315,1
483317,1
483324,1
483328,1
483331,1
483337,1
483347,1
483353,1
483355,1
483366,1
483372,1
483387,1
483391,1
483393,1
483395,1
483430,2
483432,1
483471,1
483486,1
483488,1
483492,1
483504,1
483513,1
483515,1
483517,1
483522,1
483525,1
483582,2
483597,1
483603,1
483620,1
483623,1
483632,1
483638,1
483642,1
483657,1
483673,1
483678,1
483695,1
483710,1
483725,1
483731,1
483736,1
483740,2
483745,1
483752,1
483756,1
483772,2
483789,1
483791,1
483793,1
483795,1
483810,1
483813,1
483845,1
483862,1
483865,1
483873,1
483890,1
483900,1
483904,1
483906,1
483908,1
483944,1
483961,1
483979,1
483983,1
483998,1
484000,1
484002,1
484004,1
484018,1
484030,1
484036,1
484052,1
484056,1
484059,1
484094,1
484112,1
484114,1
484116,1
484119,2
484134,1
484149,1
484152,2
484154,1
484156,1
484172,2
484175,1
484188,1
484191,1
484194,1
484208,1
484225,1
484247,1
484264,1
484266,1
484283,1
484300,1
484323,2
484334,1
484342,1
484344,1
484346,1
484359,2
484373,1
484379,1
484384,1
484413,1
484416,1
484421,1
484427,1
484437,1
484449,1
484455,1
484465,1
484472,1
484484,1
484488,1
484493,1
484495,1
484498,1
484509,1
484513,1
484515,1
484532,2
484544,1
484551,1
484569,1
484574,1
484583,1
484603,1
484606,1
484610,1
484621,1
484626,1
484628,1
484663,1
484667,1
484683,1
484685,1
484701,1
484703,1
484706,1
484720,1
484724,2
484726,1
484732,1
484742,1
484744,1
484758,1
484762,1
484768,1
484780,1
484796,1
484799,1
484812,1
484816,1
484854,1
484856,1
484873,1
484887,1
484892,1
484894,1
484911,1
484930,1
484934,1
484945,1
484966,1
484970,2
484972,1
484988,1
484997,1
485006,1
485023,1
485027,1
485044,1
485061,1
485082,1
485084,1
485101,1
485115,1
485121,1
485124,1
485135,1
485141,2
485148,1
485159,1
485162,1
485175,1
485179,2
485182,2
485186,1
485202,1
485212,1
485216,1
485218,1
485225,1
485228,1
485234,1
485236,1
485253,1
485269,1
485272,2
485274,1
485276,1
485279,2
485282,1
485295,1
485298,1
485309,1
485312,1
485315,1
485325,1
485329,1
485331,1
485345,1
485348,1
485350,1
485352,1
485368,1
485370,1
485387,1
485404,1
485429,1
485444,1
485451,1
485480,1
485482,1
485484,1
485512,1
485514,1
485518,1
485520,1
485522,1
485529,1
485538,1
485551,1
485556,1
485559,1
485561,1
485565,1
485576,1
485590,1
485614,1
485616,1
485623,1
485632,1
485635,1
485641,1
485652,1
485655,1
485668,1
485673,1
485675,1
485679,1
485696,1
485709,1
485711,1
485725,1
485728,1
485731,2
485736,1
485746,1
485748,1
485753,1
485766,1
485781,1
485784,1
485786,1
485803,1
485817,1
485822,1
485824,1
485826,1
485843,1
485849,1
485861,1
485867,1
485871,1
485882,1
485886,1
485896,1
485899,1
485901,1
485903,1
485918,1
485921,1
485934,1
485938,1
485944,1
485955,1
485958,1
485974,1
485985,1
485994,1
486009,1
486016,1
486032,1
486034,1
486052,1
486060,1
486070,1
486073,1
486085,1
486087,1
486104,1
486108,1
486115,1
486127,1
486129,1
486146,1
486159,1
486164,1
486166,1
486175,1
486181,1
486185,1
486187,1
486190,2
486195,1
486206,1
486220,1
486224,2
486226,1
486229,1
486231,1
486238,1
486242,1
486246,1
486257,1
486260,1
486263,1
486276,1
486280,1
486284,1
486292,1
486300,1
486303,1
486307,1
486318,1
486336,1
486350,1
486355,1
486357,1
486373,1
486375,1
486390,1
486393,1
486429,1
486432,1
486434,1
486436,1
486442,1
486446,1
486449,1
486454,1
486456,1
486459,1
486468,1
486473,1
486488,1
486490,1
486505,1
486509,1
486513,1
486520,1
486523,1
486525,1
486527,1
486530,1
486535,1
486537,1
486546,1
486553,1
486562,1
486566,1
486568,1
486581,1
486585,1
486604,1
486607,1
486618,1
486620,1
486640,1
486648,1
486659,1
486678,1
486680,1
486686,1
486688,1
486699,1
486702,1
486704,1
486715,1
486717,1
486719,1
486725,1
486734,1
486738,2
486753,1
486759,1
486783,1
486807,1
486810,1
486812,1
486814,1
486830,1
486853,1
486903,1
486907,1
486909,1
486925,1
486930,1
486940,1
486946,1
486951,1
486979,1
486982,1
487017,1
487019,1
487026,1
487032,1
487034,1
487040,1
487042,1
487044,1
487048,1
487050,1
487056,1
487062,2
487072,1
487074,1
487080,1
487082,1
487090,1
487098,1
487108,1
487110,1
487118,1
487124,1
487153,1
487157,1
487179,1
487181,1
487191,1
487193,1
487195,1
487199,1
487206,1
487212,1
487219,1
487229,1
487235,1
487249,1
487264,1
487267,1
487269,1
487272,1
487279,1
487287,2
487289,1
487291,1
487293,1
487307,1
487318,1
487328,1
487337,1
487345,1
487349,1
487361,1
487364,1
487369,1
487380,1
487399,1
487401,1
487403,1
487407,1
487410,1
487420,1
487426,1
487438,1
487440,1
487444,1
487473,1
487478,1
487483,1
487494,1
487497,1
487499,1
487521,1
487534,1
487537,1
487551,1
487562,1
487568,1
487573,1
487581,1
487589,1
487591,1
487606,1
487616,1
487621,1
487628,1
487632,1
487644,1
487647,1
487659,1
487665,1
487673,1
487686,1
487699,1
487705,1
487718,1
487729,1
487741,1
487744,1
487754,1
487759,1
487761,1
487763,1
487773,1
487781,1
487787,1
487790,1
487795,1
487797,1
487799,1
487804,1
487813,1
487816,1
487818,1
487822,1
487828,1
487846,1
487852,1
487860,1
487868,1
487871,1
487876,1
487878,1
487881,1
487890,1
487892,1
487895,1
487932,1
487937,1
487967,1
487985,1
487990,1
487994,1
488012,1
488024,1
488027,1
488031,2
488035,1
488044,1
488049,1
488055,1
488063,1
488067,1
488080,1
488084,2
488087,1
488100,1
488102,1
488106,1
488108,1
488110,1
488113,1
488116,1
488123,1
488127,1
488142,1
488158,1
488162,1
488166,1
488169,1
488175,1
488178,1
488187,1
488197,1
488199,1
488201,1
488214,1
488217,1
488221,2
488223,1
488228,1
488235,1
488252,1
488256,1
488278,1
488280,1
488293,1
488296,1
488300,1
488305,1
488308,1
488314,1
488316,1
488319,1
488329,1
488333,1
488347,1
488351,1
488354,1
488358,1
488367,1
488385,1
488388,1
488390,1
488404,1
488409,1
488416,1
488427,1
488429,1
488431,1
488433,1
488445,1
488448,2
488463,1
488469,1
488473,1
488476,1
488484,1
488487,1
488491,1
488500,1
488515,1
488524,1
488538,1
488543,2
488559,1
488584,1
488588,1
488596,1
488598,1
488600,1
488615,1
488617,1
488621,1
488637,1
488650,1
488654,1
488656,1
488661,1
488673,1
488675,1
488687,1
488691,1
488693,1
488695,1
488698,1
488701,1
488710,1
488729,1
488732,1
488741,1
488749,1
488754,2
488770,1
488787,1
488795,1
488798,1
488809,1
488834,1
488836,1
488844,1
488847,1
488853,1
488856,1
488862,1
488864,1
488869,1
488874,2
488883,1
488886,1
488894,1
488903,1
488938,1
488941,1
488946,1
488956,1
488960,1
488962,1
488967,1
488973,1
488981,1
488997,1
489003,1
489006,1
489008,1
489014,1
489021,1
489032,1
489039,1
489043,1
489055,1
489057,1
489059,1
489062,1
489073,1
489075,1
489087,1
489092,1
489094,1
489098,1
489110,1
489112,1
489130,1
489142,1
489153,1
489167,1
489169,1
489176,1
489185,1
489188,1
489191,1
489196,1
489201,1
489208,1
489224,1
489263,1
489269,1
489278,1
489281,1
489283,1
489286,1
489295,1
489300,1
489319,1
489321,1
489335,1
489337,1
489342,1
489354,1
489364,1
489377,1
489391,1
489397,1
489405,1
489408,1
489410,1
489419,2
489478,1
489486,1
489492,1
489506,1
489509,1
489511,1
489518,1
489520,1
489527,1
489529,1
489531,1
489538,1
489566,1
489574,1
489587,1
489600,1
489608,1
489627,1
489644,1
489646,1
489657,1
489680,1
489687,1
489689,1
489701,1
489709,1
489715,1
489717,1
489727,1
489737,1
489739,1
489741,1
489746,1
489754,1
489760,1
489764,1
489774,1
489778,1
489793,1
489797,1
489815,1
489829,1
489831,1
489833,1
489835,1
489848,1
489852,1
489858,1
489860,1
489871,1
489875,1
489886,1
489892,1
489898,1
489901,1
489915,1
489928,1
489931,1
489944,1
489954,1
489968,1
489970,1
489983,1
489986,1
489998,1
490002,1
490021,1
490041,1
490043,1
490061,1
490066,1
490069,1
490076,1
490081,1
490084,1
490098,1
490100,1
490102,1
490108,1
490118,1
490120,1
490138,1
490148,1
490155,1
490162,1
490164,1
490173,1
490177,1
490180,1
490194,1
490196,1
490211,1
490213,1
490217,1
490229,1
490231,1
490233,1
490236,1
490238,1
490241,1
490248,1
490252,1
490254,1
490257,1
490265,1
490268,1
490273,1
490276,1
490281,1
490290,1
490295,1
490297,1
490306,1
490309,1
490324,1
490332,1
490352,1
490366,1
490373,1
490391,1
490406,1
490416,1
490423,1
490427,1
490430,1
490442,1
490460,1
490478,1
490491,1
490499,1
490514,1
490518,1
490520,1
490535,1
490545,1
490549,1
490557,1
490562,1
490573,1
490577,1
490580,1
490591,1
490594,1
490598,1
490610,1
490613,1
490626,1
490631,1
490633,1
490639,1
490642,1
490654,1
490673,1
490681,1
490690,1
490692,1
490707,1
490709,1
490728,1
490743,1
490745,1
490750,1
490765,1
490780,1
490784,1
490786,1
490801,1
490808,1
490814,1
490821,1
490824,1
490826,1
490829,1
490832,1
490841,1
490844,1
490848,1
490857,1
490868,1
490879,1
490881,1
490898,1
490917,1
490923,1
490938,1
490940,1
490944,2
490947,1
490950,1
490954,1
490958,1
490961,1
490963,1
490970,1
490973,1
490976,2
490980,2
490983,2
490986,1
490993,1
490996,1
490998,1
491000,1
491012,1
491029,1
491031,1
491038,1
491040,1
491050,1
491054,2
491068,1
491075,1
491077,1
491079,1
491092,1
491096,1
491106,1
491111,1
491117,1
491125,1
491127,1
491138,1
491141,1
491143,1
491150,2
491153,1
491156,1
491164,1
491166,1
491176,1
491190,1
491199,1
491206,1
491221,1
491223,1
491239,1
491257,1
491264,1
491278,1
491295,1
491297,1
491299,1
491318,1
491336,2
491341,1
491350,1
491354,1
491357,1
491359,1
491373,1
491391,1
491397,1
491410,1
491418,1
491426,1
491431,1
491438,1
491445,1
491447,1
491450,1
491452,1
491454,1
491469,1
491477,1
491486,1
491488,1
491494,1
491506,1
491513,1
491525,1
491531,1
491546,1
491559,1
491575,1
491580,1
491586,1
491589,1
491591,1
491597,1
491604,1
491606,1
491608,1
491617,1
491622,1
491625,1
491634,1
491640,1
491642,1
491658,1
491669,1
491673,1
491690,1
491692,1
491698,1
491701,1
491704,1
491717,1
491733,1
491737,1
491770,1
491775,1
491781,1
491791,1
491793,1
491805,1
491809,1
491811,1
491813,1
491818,1
491833,1
491847,1
491850,1
491877,1
491885,1
491887,1
491892,1
491899,1
491903,1
491921,1
491926,1
491940,1
491942,1
491949,1
491964,1
491976,1
491982,1
491998,1
492001,1
492006,1
492014,1
492017,1
492021,1
492034,1
492042,1
492046,1
492052,1
492059,1
492072,1
492075,1
492077,1
492084,1
492093,1
492095,1
492099,1
492112,1
492115,1
492118,1
492130,1
492134,1
492136,1
492138,1
492141,1
492152,1
492155,1
492158,1
492175,1
492184,1
492188,1
492192,1
492194,1
492210,1
492217,1
492221,1
492225,1
492231,1
492254,1
492261,1
492267,1
492285,1
492305,1
492336,1
492343,1
492346,1
492349,1
492379,1
492387,1
492390,1
492401,1
492403,1
492419,1
492426,1
492437,1
492441,1
492453,1
492457,1
492463,1
492491,1
492502,1
492508,1
492515,1
492522,1
492529,1
492534,1
492549,1
492551,1
492558,1
492566,1
492579,1
492586,1
492591,1
492593,1
492598,1
492604,1
492607,1
492614,1
492616,1
492618,1
492628,1
492644,1
492647,1
492649,1
492664,1
492667,1
492670,1
492673,1
492687,1
492689,1
492707,1
492711,1
492718,1
492724,1
492739,1
492741,1
492746,1
492749,1
492756,1
492759,1
492764,1
492777,1
492780,1
492783,2
492792,1
492799,1
492803,1
492806,1
492832,1
492836,1
492838,1
492889,1
492893,1
492897,1
492910,1
492912,1
492914,1
492928,1
492933,1
492938,1
492947,1
492950,1
492970,1
492974,1
492988,1
492991,1
492994,1
493022,1
493026,1
493028,1
493039,1
493042,1
493044,1
493049,1
493061,1
493070,1
493082,1
493092,1
493109,1
493113,1
493122,1
493125,1
493134,1
493141,1
493156,1
493161,1
493164,1
493169,1
493177,1
493199,2
493207,1
493218,1
493224,1
493235,1
493238,1
493241,1
493256,1
493260,1
493274,1
493287,1
493291,1
493295,1
493306,1
493312,1
493318,1
493331,1
493334,1
493348,1
493354,2
493367,1
493371,2
493377,1
493382,1
493390,1
493403,1
493407,1
493410,1
493422,1
493426,1
493429,2
493432,1
493444,1
493447,1
493449,1
493454,1
493461,1
493465,1
493472,1
493475,1
493478,1
493482,1
493484,1
493486,1
493488,1
493491,2
493495,1
493513,1
493516,1
493520,1
493523,1
493529,1
493542,1
493546,2
493557,1
493560,1
493562,1
493569,1
493577,1
493592,1
493595,1
493602,1
493612,1
493614,1
493633,1
493635,1
493651,1
493693,1
493708,1
493715,1
493717,1
493719,1
493733,1
493765,1
493769,1
493785,1
493801,1
493804,1
493807,1
493812,1
493816,1
493824,1
493827,1
493831,1
493833,1
493843,1
493847,1
493864,1
493876,1
493881,1
493899,1
493901,1
493914,1
493918,1
493926,1
493938,1
493940,1
493947,1
493952,1
493956,1
493959,1
493961,1
493964,1
493972,1
493974,1
493976,1
493978,1
493983,1
493986,2
493990,1
494000,1
494003,1
494015,1
494020,1
494031,1
494034,1
494055,2
494066,1
494069,1
494072,1
494076,1
494081,1
494083,1
494109,1
494112,1
494115,1
494132,1
494147,1
494159,1
494163,1
494168,1
494184,1
494186,1
494201,1
494205,1
494209,1
494224,1
494227,1
494253,1
494258,1
494263,1
494270,1
494277,1
494279,1
494284,1
494302,2
494307,1
494318,1
494323,1
494337,1
494340,1
494348,1
494351,1
494359,1
494364,1
494373,1
494375,1
494381,1
494394,1
494396,1
494401,1
494410,1
494412,1
494415,1
494431,1
494453,1
494464,1
494470,1
494472,1
494477,1
494493,1
494496,1
494512,1
494527,1
494529,1
494538,1
494557,1
494566,2
494569,1
494574,1
494581,1
494588,1
494602,1
494620,1
494628,1
494640,1
494644,1
494646,1
494648,1
494659,1
494664,1
494671,1
494681,1
494685,1
494695,1
494700,1
494704,1
494716,1
494733,1
494739,1
494755,1
494774,1
494791,1
494795,1
494812,1
494817,1
494830,1
494833,1
494840,1
494844,1
494852,1
494855,1
494857,1
494871,1
494888,1
494899,1
494909,1
494911,1
494916,1
494925,1
494928,1
494932,1
494940,1
494946,1
494963,1
494978,1
494988,1
495000,1
495002,1
495017,1
495019,1
495025,1
495029,1
495039,1
495046,1
495059,1
495092,1
495117,2
495119,1
495122,1
495151,1
495153,1
495157,1
495177,1
495190,1
495193,1
495195,1
495197,1
495201,1
495206,1
495212,1
495214,1
495224,1
495227,1
495243,1
495249,1
495251,1
495256,1
495268,1
495272,1
495286,1
495288,1
495312,1
495321,1
495324,1
495328,1
495345,1
495349,1
495358,1
495366,1
495387,1
495398,1
495400,1
495406,1
495418,1
495421,1
495425,1
495428,1
495436,1
495441,1
495456,1
495459,1
495476,1
495479,1
495482,1
495484,1
495494,1
495500,1
495502,1
495516,1
495521,1
495535,2
495538,1
495549,1
495562,1
495570,1
495582,1
495595,1
495598,1
495608,1
495610,1
495614,1
495616,1
495630,1
495633,2
495645,1
495654,1
495662,1
495666,1
495670,1
495674,1
495679,1
495688,1
495692,1
495701,1
495705,1
495708,1
495712,1
495729,1
495741,1
495745,1
495750,1
495762,1
495764,1
495778,1
495780,1
495784,1
495786,1
495798,1
495800,1
495805,1
495816,1
495821,1
495826,1
495840,1
495842,1
495847,1
495854,1
495857,1
495859,1
495863,1
495868,1
495876,1
495880,1
495883,1
495896,1
495898,1
495919,1
495955,1
495958,1
495971,1
495976,2
495987,1
495992,1
496003,1
496013,1
496026,1
496032,1
496047,1
496061,1
496070,1
496074,1
496082,1
496085,1
496107,1
496109,1
496111,1
496118,1
496121,1
496125,1
496130,1
496132,1
496140,1
496144,1
496146,1
496157,1
496159,1
496164,1
496169,1
496174,1
496181,1
496184,2
496191,2
496195,1
496203,1
496214,1
496221,1
496230,1
496242,1
496255,1
496259,1
496273,1
496278,1
496303,1
496309,1
496328,1
496330,1
496339,1
496341,1
496346,1
496364,1
496371,1
496373,1
496375,1
496388,1
496390,1
496412,1
496417,1
496425,1
496429,1
496433,1
496453,1
496457,1
496515,1
496527,1
496537,1
496555,1
496562,1
496565,1
496574,1
496577,1
496585,1
496600,1
496604,1
496622,1
496624,1
496627,1
496642,1
496658,1
496667,1
496672,1
496681,1
496690,1
496693,1
496698,1
496711,1
496728,1
496746,1
496750,1
496754,1
496771,1
496774,1
496781,1
496783,1
496785,1
496787,1
496796,1
496806,1
496817,1
496827,1
496842,1
496844,1
496846,1
496851,1
496862,1
496864,1
496878,1
496882,1
496887,1
496908,1
496913,1
496941,1
496956,1
496975,1
496977,1
496981,1
496983,1
496987,1
496994,1
496997,1
496999,1
497001,1
497003,1
497006,1
497015,1
497018,1
497030,1
497034,1
497041,1
497046,1
497053,1
497057,1
497075,1
497083,1
497085,1
497094,1
497109,1
497114,1
497127,1
497136,1
497146,1
497151,1
497155,1
497168,1
497172,1
497182,1
497187,1
497192,1
497201,1
497207,1
497209,1
497222,1
497241,1
497244,1
497266,1
497296,1
497298,1
497307,1
497320,1
497337,1
497339,1
497343,1
497360,1
497362,1
497376,1
497383,1
497388,1
497402,1
497414,1
497419,1
497431,1
497434,1
497439,1
497445,1
497452,1
497460,1
497467,1
497475,1
497477,1
497479,1
497481,1
497488,1
497493,1
497503,1
497509,1
497511,1
497519,1
497523,1
497541,1
497552,1
497554,1
497571,1
497584,1
497590,1
497594,1
497604,1
497606,1
497618,1
497624,1
497628,1
497630,1
497632,1
497636,1
497644,1
497646,1
497651,1
497657,1
497666,1
497678,1
497683,1
497686,1
497690,1
497718,1
497725,1
497737,1
497739,1
497754,1
497756,1
497759,1
497767,1
497778,1
497796,1
497799,1
497807,1
497830,1
497833,1
497861,1
497866,2
497871,1
497904,1
497907,1
497910,1
497914,1
497918,1
497920,1
497922,1
497927,1
497932,1
497934,1
497939,1
497946,1
497948,1
497950,1
497982,1
497986,1
497991,2
498000,1
498008,1
498023,1
498028,1
498038,1
498048,2
498051,1
498060,1
498066,1
498074,1
498081,1
498085,1
498091,1
498094,1
498102,1
498105,1
498113,1
498118,1
498140,1
498145,1
498159,1
498175,1
498179,1
498181,1
498183,1
498214,1
498217,2
498219,1
498222,1
498226,1
498229,1
498232,1
498238,1
498242,2
498253,1
498256,1
498258,1
498260,1
498266,1
498273,1
498275,1
498277,1
498280,1
498289,1
498292,1
498305,2
498310,1
498325,1
498343,1
498349,1
498352,1
498354,1
498359,1
498369,1
498385,1
498387,1
498395,1
498398,1
498401,1
498404,1
498406,1
498424,1
498443,1
498445,1
498461,1
498465,1
498469,1
498477,1
498480,1
498486,1
498498,1
498502,1
498520,1
498540,1
498550,1
498558,1
498561,1
498573,1
498575,1
498577,1
498579,1
498611,1
498619,1
498630,1
498653,1
498673,1
498678,1
498680,1
498694,1
498709,1
498733,1
498735,1
498741,1
498748,1
498757,1
498766,1
498769,1
498771,1
498806,1
498815,1
498824,1
498838,1
498844,1
498856,1
498861,1
498893,1
498899,1
498902,1
498904,1
498908,1
498911,1
498918,1
498922,1
498933,1
498937,1
498945,1
498953,1
498955,1
498960,1
498975,1
498977,1
498980,1
498984,1
498990,1
498994,1
498999,1
499002,1
499009,1
499015,1
499027,1
499032,1
499036,1
499038,1
499046,1
499052,1
499063,1
499071,1
499089,1
499091,1
499094,1
499100,1
499115,1
499120,1
499130,1
499146,1
499148,1
499155,1
499158,1
499162,1
499171,1
499202,1
499206,2
499223,1
499225,1
499242,1
499247,1
499258,1
499260,1
499262,1
499269,1
499274,1
499279,1
499282,1
499295,1
499300,1
499317,1
499319,1
499321,1
499327,1
499335,1
499339,1
499341,1
499347,1
499349,1
499351,1
499353,1
499357,1
499359,1
499362,1
499369,1
499377,1
499387,1
499396,1
499445,1
499450,1
499453,1
499456,1
499467,1
499471,1
499473,1
499486,1
499488,1
499491,1
499500,1
499505,1
499508,1
499513,1
499516,2
499521,1
499527,1
499530,1
499533,1
499535,1
499546,1
499550,1
499562,1
499564,1
499567,1
499580,1
499588,1
499600,1
499603,1
499606,1
499623,1
499633,1
499658,1
499660,1
499664,1
499679,1
499681,1
499695,1
499698,1
499700,1
499709,1
499714,1
499720,1
499724,1
499733,1
499737,1
499754,1
499758,1
499760,1
499764,1
499777,2
499791,1
499794,1
499798,1
499805,1
499813,1
499815,1
499827,1
499832,1
499844,1
499849,1
499857,1
499866,1
499870,1
499872,1
499874,1
499877,1
499881,1
499888,1
499890,1
499893,1
499895,1
499906,1
499910,1
499921,1
499926,1
499928,1
499943,1
499945,1
499947,1
499949,1
499965,1
499968,2
499982,1
499986,1
600002,1
600014,1
600019,1
600024,1
600040,1
600057,1
600061,1
600064,1
600078,1
600094,1
600097,1
600099,1
600115,1
600131,1
600135,1
600139,1
600154,1
600169,1
600174,1
600182,1
600193,1
600210,1
600221,1
600231,1
600248,1
600250,1
600252,1
600257,1
600268,1
600271,1
600273,1
600275,1
600289,1
600305,1
600323,1
600344,1
600356,1
600358,1
600363,1
600365,1
600368,1
600379,1
600382,1
600390,1
600396,1
600399,1
600403,1
600405,1
600408,1
600421,1
600423,1
600438,1
600442,1
600444,1
600458,1
600460,1
600472,1
600476,1
600480,1
600482,1
600487,1
600495,1
600501,1
600512,1
600515,1
600534,1
600539,1
600550,1
600570,1
600573,1
600575,1
600587,1
600596,1
600611,1
600627,1
600642,1
600656,1
600665,1
600667,1
600670,1
600675,1
600678,1
600703,1
600709,1
600730,1
600745,2
600764,1
600781,1
600784,1
600789,1
600795,1
600801,1
600804,1
600806,1
600810,1
600823,1
600834,1
600841,1
600848,1
600855,1
600859,1
600863,1
600897,1
600902,1
600906,1
600916,1
600930,1
600952,1
600980,1
600982,1
600987,1
600991,1
600993,1
600995,1
600997,1
601008,1
601010,1
601048,1
601050,1
601055,1
601065,1
601069,1
601072,1
601074,1
601082,1
601089,1
601110,1
601114,1
601122,1
601127,1
601129,1
601134,1
601147,1
601159,1
601162,1
601166,1
601181,1
601201,1
601231,1
601240,1
601254,1
601258,1
601260,1
601273,1
601293,1
601307,1
601309,1
601315,1
601326,1
601328,1
601330,1
601338,1
601344,1
601354,1
601356,1
601359,1
601363,1
601371,1
601375,2
601387,1
601391,1
601396,1
601409,1
601411,1
601429,1
601447,2
601464,1
601467,1
601469,1
601472,1
601480,1
601487,1
601498,1
601502,1
601504,1
601506,1
601521,1
601538,1
601540,1
601544,1
601552,1
601554,1
601565,2
601579,1
601581,1
601599,1
601616,1
601620,2
601627,1
601637,1
601640,1
601673,1
601692,1
601699,1
601710,1
601713,1
601733,1
601752,1
601754,1
601759,1
601765,1
601782,1
601790,1
601792,1
601794,1
601796,1
601808,1
601815,1
601826,1
601846,1
601849,1
601855,1
601867,1
601870,1
601881,1
601883,1
601885,1
601887,1
601899,1
601902,1
601904,1
601922,1
601939,1
601942,1
601958,1
601961,1
601977,1
601981,1
601993,1
601997,1
602002,1
602015,1
602018,1
602036,1
602049,1
602052,2
602054,1
602056,1
602059,2
602061,1
602064,2
602072,1
602077,1
602079,1
602089,1
602095,1
602099,1
602111,1
602115,1
602123,1
602134,1
602149,1
602164,1
602167,1
602170,1
602172,1
602188,1
602190,1
602202,1
602211,1
602225,1
602239,1
602244,1
602246,1
602248,1
602251,1
602265,1
602267,1
602272,1
602274,1
602280,1
602284,1
602289,1
602295,1
602298,1
602301,2
602307,1
602328,1
602338,1
602341,1
602343,1
602347,1
602361,2
602372,1
602380,1
602383,1
602407,1
602415,1
602417,1
602422,1
602434,1
602437,1
602457,1
602474,1
602501,1
602526,1
602529,1
602542,1
602550,1
602560,1
602562,1
602572,1
602586,1
602592,1
602596,1
602627,1
602632,1
602645,1
602647,1
602651,1
602664,1
602680,1
602683,1
602685,1
602691,1
602694,1
602702,1
602704,1
602707,1
602712,1
602716,1
602721,1
602724,1
602755,1
602758,1
602761,1
602770,1
602778,1
602780,1
602799,1
602823,1
602825,1
602832,1
602835,1
602837,1
602839,1
602853,1
602871,1
602876,1
602890,1
602909,1
602911,1
602931,1
602948,1
602966,1
602969,1
602983,1
602985,1
602989,1
602991,1
603005,1
603019,1
603024,1
603026,1
603028,1
603043,1
603045,1
603057,1
603064,1
603066,1
603083,1
603099,1
603101,1
603116,1
603121,1
603132,1
603134,1
603140,1
603142,1
603144,1
603149,1
603161,1
603167,1
603176,1
603178,1
603183,1
603187,1
603191,1
603196,1
603199,1
603215,1
603217,1
603234,1
603250,1
603252,1
603255,1
603258,1
603271,1
603273,1
603288,1
603292,1
603295,1
603308,1
603310,1
603313,1
603326,1
603329,1
603331,1
603333,1
603347,1
603351,1
603367,1
603371,1
603385,1
603387,1
603403,1
603424,1
603431,1
603442,1
603444,1
603447,1
603461,1
603466,1
603469,1
603478,1
603483,1
603485,1
603497,1
603501,1
603507,1
603519,1
603536,1
603550,1
603555,1
603560,1
603562,1
603576,1
603590,1
603612,1
603614,1
603617,1
603625,1
603632,1
603634,1
603636,1
603655,1
603660,1
603687,1
603708,1
603725,1
603728,1
603733,1
603744,1
603749,1
603760,1
603765,1
603767,1
603770,1
603773,1
603797,1
603801,1
603804,1
603822,1
603839,1
603841,1
603852,1
603867,1
603895,1
603898,1
603900,1
603918,2
603937,1
603944,1
603957,2
603974,1
603977,1
603993,1
604001,1
604004,2
604014,1
604017,1
604023,1
604026,1
604035,1
604048,1
604051,1
604054,1
604057,1
604062,1
604066,1
604074,2
604089,1
604092,1
604100,1
604108,1
604110,1
604112,1
604124,1
604128,1
604130,1
604147,1
604153,1
604163,1
604166,1
604168,1
604170,1
604177,1
604185,1
604203,2
604209,1
604222,1
604225,1
604233,1
604241,1
604243,1
604261,1
604264,1
604269,1
604273,1
604279,1
604283,1
604289,1
604298,1
604325,1
604332,1
604335,1
604337,1
604340,1
604342,1
604354,1
604368,1
604373,1
604392,1
604429,1
604434,1
604438,1
604453,2
604468,1
604478,1
604483,1
604486,1
604489,1
604497,1
604503,1
604507,1
604511,1
604527,1
604531,1
604543,1
604548,1
604551,1
604556,1
604566,1
604574,1
604581,1
604599,2
604602,1
604604,1
604608,1
604615,1
604617,1
604632,1
604638,1
604642,1
604647,1
604675,1
604679,1
604696,1
604698,1
604701,1
604712,1
604716,1
604718,1
604724,1
604733,1
604739,1
604753,1
604755,1
604759,1
604766,1
604771,1
604789,1
604791,1
604793,1
604798,1
604803,1
604812,1
604819,1
604827,1
604830,1
604832,1
604848,1
604850,1
604853,1
604869,1
604875,1
604887,1
604902,1
604905,1
604910,1
604926,1
604931,1
604948,1
604960,1
604962,1
604981,1
604984,1
604988,1
605000,1
605004,1
605013,1
605027,1
605037,1
605039,1
605055,1
605058,1
605062,1
605064,1
605078,1
605089,1
605097,1
605101,1
605113,1
605115,1
605117,1
605121,1
605135,1
605149,1
605152,1
605155,1
605159,1
605161,1
605172,1
605174,1
605176,1
605184,1
605189,1
605192,1
605194,1
605207,1
605230,1
605234,1
605246,1
605249,1
605267,1
605269,1
605285,1
605287,1
605290,1
605304,1
605306,1
605310,1
605318,1
605324,1
605326,1
605333,1
605341,1
605344,1
605351,1
605366,1
605379,1
605382,1
605388,1
605396,1
605399,1
605403,2
605405,1
605413,1
605416,1
605420,1
605423,1
605425,1
605428,1
605436,1
605439,1
605447,1
605451,1
605456,1
605460,1
605462,1
605472,1
605476,1
605478,1
605480,1
605488,1
605496,1
605511,1
605514,1
605532,2
605539,1
605542,1
605546,1
605560,1
605571,1
605575,1
605577,1
605580,1
605584,1
605593,1
605607,1
605609,1
605611,1
605613,1
605619,1
605630,1
605643,1
605646,1
605648,1
605655,1
605666,1
605681,1
605685,1
605687,1
605696,1
605703,1
605705,1
605721,1
605723,1
605725,1
605740,1
605742,1
605744,1
605746,1
605758,1
605762,1
605772,1
605776,1
605782,1
605786,1
605791,1
605799,1
605801,1
605804,1
605813,1
605835,1
605839,1
605842,1
605856,1
605871,1
605876,1
605879,1
605890,1
605902,1
605907,1
605915,1
605920,1
605932,1
605942,1
605949,1
605953,1
605956,1
605967,1
605987,1
605990,1
605993,1
606024,1
606032,1
606037,1
606046,1
606051,1
606063,1
606091,1
606105,1
606108,1
606114,1
606123,1
606127,3
606130,1
606141,1
606153,1
606161,1
606164,2
606171,1
606180,1
606184,1
606186,1
606200,1
606210,1
606216,1
606220,1
606222,1
606235,1
606252,1
606255,1
606265,1
606273,1
606275,1
606278,2
606293,1
606299,1
606312,1
606318,1
606328,1
606333,1
606352,1
606355,1
606361,1
606372,1
606388,1
606405,1
606412,1
606414,1
606427,1
606429,1
606446,1
606460,1
606463,1
606468,1
606483,1
606485,1
606502,1
606519,1
606539,1
606542,1
606544,1
606551,1
606560,1
606563,1
606566,1
606575,1
606578,1
606581,1
606586,1
606592,1
606600,1
606603,1
606605,1
606613,1
606618,1
606627,1
606633,1
606655,1
606670,1
606674,1
606680,1
606694,1
606697,1
606700,1
606709,1
606714,1
606726,1
606730,1
606732,1
606739,1
606748,1
606752,1
606754,1
606756,1
606772,1
606788,1
606796,1
606800,1
606807,1
606812,1
606825,1
606829,1
606833,1
606848,1
606863,1
606865,1
606867,1
606870,1
606882,1
606885,1
606918,1
606921,1
606925,1
606929,1
606938,1
606943,1
606945,1
606947,1
606949,1
606984,1
606991,1
607000,1
607003,2
607008,1
607011,1
607017,1
607020,1
607022,1
607025,1
607028,1
607036,1
607049,1
607054,1
607056,1
607060,1
607063,1
607074,1
607077,1
607090,1
607094,1
607096,1
607101,1
607114,1
607116,1
607119,1
607136,1
607144,1
607147,1
607150,1
607153,1
607165,1
607172,1
607177,1
607183,1
607188,1
607190,1
607192,1
607194,1
607205,1
607208,1
607223,1
607247,1
607251,1
607266,1
607268,1
607280,1
607282,1
607285,1
607288,1
607296,1
607310,1
607319,1
607324,1
607334,1
607339,1
607346,1
607353,1
607362,1
607376,1
607381,1
607389,1
607405,1
607417,1
607420,1
607430,1
607436,1
607452,1
607454,1
607466,1
607471,1
607488,1
607493,1
607528,1
607532,1
607534,1
607543,1
607558,1
607569,1
607573,1
607588,1
607590,1
607604,1
607607,1
607621,1
607624,1
607627,1
607629,1
607633,1
607639,1
607646,1
607648,1
607661,1
607688,1
607696,1
607701,1
607704,1
607706,1
607722,1
607736,1
607740,1
607751,1
607759,1
607762,1
607766,1
607774,1
607779,1
607784,1
607799,1
607805,1
607814,1
607816,1
607819,1
607821,1
607833,1
607835,1
607849,1
607853,1
607860,1
607863,1
607865,1
607871,1
607874,1
607877,1
607904,1
607909,1
607912,1
607914,1
607929,1
607944,1
607948,2
607950,1
607960,1
607966,1
607969,1
607971,1
607978,1
607987,1
607991,1
607998,1
608025,1
608042,1
608045,1
608063,1
608065,1
608078,1
608080,1
608082,1
608085,1
608088,1
608091,1
608095,1
608101,1
608104,1
608106,1
608134,1
608137,1
608142,1
608155,1
608157,1
608174,1
608177,1
608192,1
608195,1
608217,1
608249,1
608252,1
608270,1
608286,1
608293,1
608306,1
608308,1
608311,1
608313,1
608325,1
608328,1
608347,1
608350,1
608365,1
608368,1
608383,1
608399,1
608403,1
608405,1
608408,1
608410,1
608414,1
608421,1
608430,1
608432,1
608439,1
608445,2
608447,1
608463,1
608465,1
608474,1
608481,1
608486,1
608495,1
608497,1
608502,1
608507,1
608512,1
608517,1
608523,1
608529,1
608534,1
608537,1
608542,1
608548,1
608554,1
608556,1
608559,1
608566,1
608570,1
608575,1
608582,1
608587,1
608592,1
608597,1
608605,1
608613,1
608615,1
608618,1
608631,1
608634,1
608644,1
608647,1
608653,1
608662,1
608674,1
608687,1
608690,1
608704,1
608707,1
608716,1
608719,1
608726,1
608728,1
608731,1
608743,1
608765,1
608781,1
608783,1
608786,1
608790,1
608801,1
608806,1
608808,1
608821,1
608824,1
608829,1
608839,1
608843,1
608849,1
608851,1
608864,1
608868,1
608884,1
608899,1
608901,1
608906,1
608913,1
608916,1
608918,1
608922,1
608934,1
608937,1
608942,1
608951,1
608959,1
608967,1
608973,1
608976,1
608978,1
608990,1
608995,1
608997,1
609001,1
609008,1
609011,1
609020,1
609029,1
609032,1
609062,1
609082,1
609093,1
609104,1
609109,1
609112,1
609124,1
609128,1
609130,1
609144,1
609147,1
609150,1
609160,1
609163,1
609168,1
609181,1
609184,1
609186,1
609204,1
609219,1
609224,1
609227,1
609235,1
609237,1
609243,1
609257,1
609260,1
609265,1
609278,1
609297,1
609299,1
609311,1
609316,1
609318,1
609320,1
609322,1
609324,1
609350,1
609354,1
609357,1
609362,1
609368,1
609372,1
609388,1
609391,1
609394,1
609396,1
609407,1
609413,1
609418,1
609428,1
609431,1
609434,1
609463,1
609470,1
609487,1
609491,1
609506,1
609508,1
609529,1
609540,1
609544,1
609546,1
609548,1
609557,1
609560,1
609564,1
609566,1
609568,1
609571,1
609579,1
609582,1
609616,1
609625,1
609639,1
609641,1
609665,1
609677,1
609679,1
609693,1
609696,1
609698,1
609701,1
609714,1
609716,1
609730,1
609732,1
609737,1
609739,1
609754,1
609756,1
609769,1
609780,1
609786,1
609793,1
609807,1
609809,1
609818,1
609828,1
609832,1
609834,1
609846,1
609849,1
609851,1
609863,1
609866,1
609873,1
609884,1
609888,1
609902,1
609905,1
609907,1
609911,1
609925,1
609936,1
609960,1
609963,1
609981,1
609984,2
609997,1
610002,1
610004,1
610006,1
610008,1
610016,1
610021,1
610023,1
610034,1
610037,1
610039,1
610043,1
610049,1
610056,1
610060,1
610075,1
610092,1
610094,1
610115,1
610125,1
610130,1
610135,1
610138,1
610149,1
610152,1
610154,1
610156,1
610159,1
610166,1
610174,1
610189,1
610191,1
610211,1
610214,1
610225,1
610229,1
610231,1
610243,1
610249,2
610251,1
610254,1
610258,1
610265,1
610269,1
610274,1
610286,1
610302,1
610305,1
610308,1
610323,1
610326,1
610340,1
610343,1
610345,1
610348,1
610361,1
610364,1
610382,1
610396,1
610401,2
610403,1
610405,1
610436,1
610439,1
610458,1
610462,1
610479,2
610489,1
610495,1
610498,1
610513,1
610515,1
610522,1
610536,1
610551,1
610558,1
610571,1
610576,1
610582,1
610588,1
610609,2
610613,1
610620,1
610629,1
610632,1
610635,1
610647,1
610651,1
610664,1
610666,1
610668,1
610672,1
610684,1
610686,1
610699,1
610705,1
610710,1
610739,1
610742,1
610745,1
610758,1
610762,1
610781,1
610785,1
610800,1
610804,1
610820,1
610823,1
610834,1
610838,1
610852,1
610857,1
610864,1
610873,1
610898,1
610913,1
610915,1
610932,1
610935,1
610950,1
610967,1
610969,1
610987,1
610990,1
611001,1
611005,1
611008,1
611010,1
611013,1
611027,1
611044,1
611052,1
611063,1
611066,1
611068,1
611070,1
611076,1
611079,1
611082,2
611088,1
611091,2
611102,1
611106,1
611112,1
611115,1
611119,1
611123,1
611125,1
611127,1
611135,1
611139,1
611143,1
611146,1
611151,1
611161,1
611175,1
611190,1
611199,1
611213,1
611215,1
611220,1
611236,1
611240,1
611246,1
611252,1
611263,1
611272,1
611291,1
611309,1
611316,1
611327,1
611332,1
611346,1
611350,1
611352,1
611364,1
611373,1
611382,1
611388,1
611394,1
611403,1
611416,1
611420,1
611425,1
611428,1
611431,1
611436,1
611446,1
611457,1
611463,1
611466,1
611499,1
611502,1
611505,1
611537,1
611541,1
611543,1
611563,1
611568,1
611575,1
611579,1
611582,1
611585,1
611592,1
611612,1
611616,1
611627,1
611629,1
611632,1
611634,1
611637,1
611642,1
611645,1
611652,1
611660,1
611664,1
611670,1
611674,1
611677,1
611687,1
611692,1
611694,1
611696,1
611711,1
611715,1
611732,2
611734,1
611767,1
611781,1
611784,1
611786,1
611791,1
611793,1
611807,1
611824,1
611829,1
611840,1
611845,1
611847,1
611859,1
611863,1
611865,1
611868,1
611880,1
611884,1
611896,1
611904,1
611914,1
611927,1
611932,1
611951,1
611968,1
611975,1
611980,1
611997,1
611999,1
612035,1
612039,1
612049,1
612055,1
612057,1
612066,1
612072,1
612075,2
612078,1
612090,1
612093,2
612100,1
612105,1
612112,1
612124,1
612130,1
612166,1
612169,1
612180,1
612188,2
612190,1
612192,1
612195,1
612203,1
612224,1
612237,1
612245,1
612260,1
612263,1
612281,1
612283,1
612299,1
612301,1
612303,1
612310,1
612318,1
612326,1
612335,1
612339,1
612342,1
612354,1
612356,1
612359,1
612361,1
612369,1
612373,1
612375,1
612379,1
612393,1
612397,1
612399,1
612402,1
612418,1
612433,1
612444,1
612450,1
612456,1
612469,1
612489,1
612492,2
612509,1
612512,1
612526,1
612529,1
612544,1
612546,1
612558,1
612563,1
612567,1
612570,1
612583,1
612587,1
612595,1
612602,1
612605,1
612615,1
612623,1
612626,1
612628,1
612642,1
612652,1
612659,1
612663,1
612666,1
612682,1
612688,1
612696,1
612701,1
612716,1
612725,1
612730,1
612737,1
612740,1
612743,1
612756,1
612765,1
612777,2
612781,1
612793,1
612817,1
612830,1
612834,1
612847,1
612850,1
612852,1
612855,1
612861,1
612869,1
612874,1
612891,2
612909,1
612924,1
612929,2
612934,1
612947,1
612953,1
612956,1
612963,1
612966,1
612969,1
612984,2
612986,1
613002,1
613004,1
613006,1
613008,1
613012,1
613021,1
613024,1
613038,1
613043,1
613054,1
613060,2
613064,2
613080,1
613084,1
613089,1
613099,1
613114,1
613117,1
613119,1
613121,1
613126,1
613132,1
613139,2
613144,1
613153,1
613155,1
613160,1
613162,1
613170,1
613177,1
613190,1
613198,1
613208,1
613215,1
613220,1
613226,1
613234,2
613239,1
613253,1
613255,1
613264,1
613267,2
613272,1
613281,1
613284,1
613286,1
613290,1
613314,1
613318,1
613327,1
613330,1
613339,1
613341,1
613348,1
613360,1
613364,1
613366,1
613370,1
613383,1
613401,1
613422,1
613437,1
613440,1
613449,1
613456,1
613461,1
613467,1
613477,1
613480,1
613482,1
613498,1
613517,1
613536,1
613541,1
613546,1
613557,1
613572,1
613588,1
613590,1
613616,1
613625,1
613632,1
613634,1
613664,1
613668,1
613670,1
613675,1
613686,1
613701,1
613714,1
613726,1
613728,1
613732,1
613741,1
613743,1
613762,1
613764,1
613768,1
613776,1
613797,1
613801,1
613803,1
613814,1
613820,1
613822,1
613824,1
613839,1
613856,1
613859,1
613872,1
613876,1
613878,1
613880,1
613882,1
613896,1
613911,1
613916,1
613920,1
613926,1
613936,1
613953,1
613971,1
613975,1
613993,1
614013,1
614030,1
614045,1
614048,1
614050,1
614053,1
614066,1
614069,2
614071,1
614077,1
614086,1
614089,1
614092,1
614105,1
614107,1
614113,1
614119,1
614124,1
614127,1
614150,1
614163,1
614168,1
614182,1
614184,1
614200,1
614202,1
614209,1
614213,1
614220,1
614222,1
614228,1
614236,1
614239,1
614241,1
614258,1
614260,1
614276,1
614278,1
614281,1
614296,1
614298,1
614301,1
614313,1
614317,2
614319,1
614321,1
614326,1
614335,1
614337,1
614351,1
614354,1
614367,1
614373,1
614383,1
614389,1
614392,1
614401,1
614409,1
614424,1
614426,1
614429,1
614432,1
614434,1
614437,1
614440,1
614460,1
614462,1
614466,1
614472,1
614475,1
614486,1
614490,1
614494,1
614500,1
614504,1
614510,1
614522,1
614525,1
614533,1
614535,1
614543,1
614547,1
614560,1
614563,1
614574,1
614582,1
614587,1
614590,1
614603,1
614619,1
614637,1
614646,1
614653,1
614655,1
614658,1
614662,2
614701,1
614707,1
614713,1
614717,1
614728,1
614733,1
614738,1
614753,1
614788,1
614795,1
614809,1
614831,1
614848,1
614851,1
614864,1
614868,1
614883,1
614904,1
614923,1
614928,1
614935,1
614945,2
614952,1
614961,1
614963,1
614968,1
614978,1
614981,1
614983,1
614988,1
615002,1
615017,1
615022,1
615036,1
615040,2
615043,1
615053,1
615058,1
615060,1
615068,1
615077,1
615097,1
615101,1
615108,1
615111,1
615117,2
615122,1
615133,1
615136,1
615138,1
615143,1
615152,1
615155,1
615161,1
615167,1
615169,1
615172,1
615174,1
615177,1
615189,1
615200,1
615207,1
615211,1
615224,1
615228,1
615245,1
615259,1
615265,1
615287,1
615291,1
615302,1
615305,1
615320,1
615324,1
615337,1
615341,1
615356,1
615368,1
615373,1
615375,1
615380,1
615383,1
615404,1
615411,1
615418,1
615420,1
615431,1
615435,1
615438,1
615453,1
615459,1
615466,1
615471,1
615476,1
615480,1
615484,1
615494,1
615499,1
615514,1
615516,1
615518,1
615532,1
615538,1
615541,1
615543,1
615550,1
615562,1
615570,1
615574,1
615587,1
615592,1
615596,1
615617,1
615619,1
615621,1
615633,1
615644,1
615653,1
615656,1
615664,1
615668,1
615674,1
615683,1
615688,1
615692,1
615700,1
615707,1
615717,1
615722,1
615724,1
615734,1
615742,2
615758,1
615762,1
615778,1
615782,1
615787,1
615795,1
615798,1
615803,1
615805,1
615820,1
615825,1
615851,1
615857,1
615864,1
615866,1
615873,1
615880,1
615894,1
615908,1
615918,1
615922,1
615930,1
615932,1
615935,1
615941,1
615944,1
615951,1
615953,1
615963,1
615966,1
615968,1
615976,1
615993,1
615998,1
616012,1
616017,1
616030,1
616040,1
616045,1
616047,1
616049,1
616054,1
616057,1
616064,1
616070,1
616073,1
616083,1
616095,1
616100,1
616105,1
616109,1
616113,1
616117,1
616121,1
616124,1
616130,1
616136,1
616138,1
616143,1
616147,1
616151,1
616157,1
616161,1
616164,1
616174,1
616179,1
616182,1
616189,1
616196,1
616205,1
616209,1
616233,1
616236,1
616238,1
616242,1
616245,1
616253,1
616257,1
616264,1
616268,1
616272,2
616274,1
616284,1
616286,1
616292,1
616297,1
616300,1
616302,1
616313,1
616347,1
616350,1
616354,1
616367,1
616373,1
616384,1
616386,1
616389,1
616391,1
616404,1
616407,1
616413,1
616416,1
616425,1
616428,1
616430,1
616443,1
616447,1
616463,1
616472,1
616482,1
616497,1
616503,1
616507,1
616510,1
616543,1
616549,1
616558,1
616563,1
616566,1
616569,1
616571,1
616582,1
616597,1
616609,1
616617,1
616620,1
616623,1
616634,1
616641,1
616649,1
616656,1
616659,1
616673,1
616676,1
616680,1
616682,1
616685,1
616702,1
616717,1
616723,1
616731,2
616737,1
616740,2
616742,1
616754,1
616758,1
616760,1
616767,1
616769,1
616771,1
616773,1
616779,1
616783,1
616785,1
616791,1
616796,1
616802,1
616807,1
616811,1
616816,1
616826,1
616843,1
616864,1
616879,1
616884,1
616887,1
616891,1
616897,1
616905,1
616918,1
616936,1
616938,1
616954,1
616956,1
616970,1
616976,1
616990,1
616994,1
617015,1
617021,1
617034,1
617038,1
617045,1
617051,1
617053,1
617056,1
617059,1
617062,1
617066,1
617073,1
617087,1
617094,1
617097,1
617108,1
617125,1
617127,1
617139,1
617146,1
617165,1
617176,1
617183,1
617189,1
617194,1
617205,1
617221,1
617225,1
617258,1
617260,1
617267,1
617271,1
617278,1
617281,1
617285,1
617292,1
617298,1
617313,1
617316,2
617319,1
617337,1
617340,1
617348,1
617354,1
617356,1
617363,1
617368,1
617371,1
617380,1
617383,1
617396,2
617416,1
617444,1
617450,1
617457,1
617470,1
617473,1
617476,1
617498,1
617506,1
617508,1
617519,1
617523,1
617526,1
617529,2
617533,1
617539,1
617546,1
617550,1
617555,1
617561,1
617565,1
617569,1
617571,1
617573,1
617585,1
617589,1
617603,1
617605,1
617609,1
617617,1
617621,1
617624,1
617629,1
617640,1
617642,1
617649,1
617659,1
617662,1
617666,1
617676,1
617695,1
617703,1
617722,1
617735,1
617740,1
617744,1
617754,1
617756,1
617765,1
617774,1
617776,1
617781,1
617789,1
617796,1
617800,1
617818,1
617830,1
617833,1
617849,1
617853,1
617857,1
617868,1
617872,1
617886,1
617889,1
617906,1
617913,1
617922,1
617928,1
617932,1
617934,1
617943,1
617949,1
617959,1
617965,1
617967,1
617972,1
617982,1
617985,1
617990,1
617993,1
617995,1
617998,1
618005,1
618007,1
618013,1
618020,1
618023,1
618027,1
618038,1
618044,1
618047,1
618057,1
618060,1
618068,1
618079,1
618085,1
618088,1
618091,1
618094,1
618097,1
618101,1
618104,1
618106,1
618117,1
618120,1
618123,1
618126,1
618129,1
618134,1
618144,1
618146,1
618154,1
618156,1
618167,1
618175,1
618178,1
618180,1
618196,1
618208,1
618214,1
618229,1
618250,1
618263,1
618265,1
618267,1
618277,1
618284,1
618294,1
618302,1
618304,1
618312,1
618323,1
618325,1
618328,1
618341,1
618347,1
618361,1
618366,1
618380,1
618383,1
618390,1
618399,1
618402,1
618409,1
618412,1
618420,1
618422,1
618424,1
618426,1
618430,1
618433,1
618435,1
618438,1
618441,1
618450,1
618455,1
618459,1
618461,1
618466,1
618472,1
618479,1
618486,1
618498,1
618502,1
618516,1
618522,1
618534,1
618539,1
618557,1
618564,1
618572,1
618576,1
618578,1
618592,1
618598,1
618616,1
618631,1
618637,1
618645,1
618667,1
618686,1
618691,1
618710,1
618722,1
618724,1
618729,1
618746,1
618749,1
618764,1
618770,1
618787,1
618800,1
618806,1
618808,1
618810,1
618813,1
618819,1
618822,1
618833,1
618837,1
618844,1
618861,1
618878,1
618882,1
618885,1
618897,1
618900,1
618903,1
618916,2
618925,1
618930,1
618934,1
618942,1
618953,1
618958,1
618969,1
618974,1
618976,1
618990,1
619004,1
619009,1
619013,1
619019,1
619028,1
619030,1
619034,1
619036,1
619046,1
619050,1
619060,1
619083,1
619085,1
619091,1
619108,1
619121,1
619127,1
619129,1
619139,1
619147,1
619174,1
619185,1
619198,1
619222,1
619226,1
619228,1
619241,1
619254,1
619259,1
619263,1
619276,1
619278,1
619294,1
619298,1
619301,1
619311,1
619315,1
619317,1
619320,1
619336,1
619346,1
619357,1
619369,1
619372,1
619375,1
619377,1
619390,1
619407,1
619411,1
619424,1
619427,1
619436,1
619445,1
619448,1
619452,1
619456,1
619459,1
619468,1
619471,1
619484,1
619519,1
619521,1
619533,1
619547,1
619559,1
619562,1
619574,1
619579,1
619585,1
619587,1
619597,1
619602,1
619606,1
619610,1
619612,1
619621,1
619625,1
619640,1
619646,1
619655,1
619664,1
619676,1
619681,1
619692,1
619695,1
619698,1
619710,1
619717,1
619720,1
619729,1
619734,1
619736,1
619764,1
619769,1
619772,1
619776,1
619783,1
619792,1
619801,1
619813,1
619823,1
619828,1
619833,1
619845,1
619848,1
619850,1
619856,1
619859,1
619861,1
619867,1
619871,1
619877,1
619882,1
619885,1
619891,1
619897,1
619905,1
619911,1
619917,1
619926,1
619931,1
619934,1
619941,1
619944,1
619949,1
619956,1
619963,1
619973,1
619983,1
620002,1
620005,1
620019,1
620021,1
620023,1
620041,1
620058,1
620067,1
620073,1
620077,1
620089,1
620094,1
620098,1
620104,1
620112,1
620117,1
620129,1
620133,1
620141,1
620156,1
620160,1
620170,1
620172,1
620175,1
620181,1
620184,1
620188,1
620191,1
620195,1
620198,1
620202,1
620205,1
620210,1
620212,1
620245,1
620262,1
620265,1
620276,1
620282,1
620298,1
620308,1
620310,1
620313,1
620317,1
620323,1
620326,1
620328,1
620340,1
620342,1
620345,1
620348,1
620352,1
620356,1
620358,1
620364,1
620367,1
620369,1
620372,1
620381,1
620384,1
620386,1
620401,1
620403,1
620405,1
620407,1
620410,1
620421,1
620431,1
620434,1
620441,1
620456,1
620458,1
620463,1
620468,1
620477,1
620480,1
620492,1
620495,1
620497,1
620505,1
620513,1
620515,1
620523,1
620526,1
620535,1
620539,1
620547,1
620552,1
620555,1
620564,1
620570,1
620573,1
620578,1
620587,1
620591,1
620593,1
620596,1
620607,1
620624,1
620630,1
620634,1
620648,1
620676,1
620684,1
620688,1
620695,1
620697,1
620706,1
620711,1
620719,1
620743,1
620752,1
620756,1
620762,1
620764,1
620768,1
620774,1
620781,1
620785,1
620790,1
620795,1
620803,1
620824,1
620831,1
620833,1
620840,1
620872,1
620887,1
620895,1
620903,1
620913,1
620915,1
620923,1
620928,1
620934,1
620942,1
620946,1
620949,1
620952,1
620957,1
620959,1
620970,1
620975,1
620980,1
620989,1
620991,1
621007,1
621009,1
621012,1
621019,1
621023,1
621043,1
621047,1
621049,1
621065,1
621067,1
621077,1
621082,1
621084,1
621092,1
621099,1
621101,1
621106,1
621108,1
621111,1
621114,1
621123,1
621126,1
621128,1
621130,1
621132,1
621153,1
621162,1
621166,1
621176,1
621180,1
621184,2
621206,1
621213,1
621220,1
621223,1
621232,1
621235,1
621237,1
621239,1
621242,1
621245,1
621256,1
621259,1
621270,1
621274,1
621278,1
621293,2
621307,1
621313,1
621316,1
621329,1
621331,1
621334,1
621344,1
621348,1
621350,1
621354,1
621369,1
621374,1
621383,1
621387,1
621390,1
621396,1
621398,1
621410,1
621423,1
621429,1
621464,1
621483,1
621500,1
621520,1
621522,1
621539,1
621545,1
621560,1
621563,1
621571,1
621576,1
621585,1
621587,1
621597,1
621599,1
621614,1
621616,1
621631,1
621643,1
621678,1
621691,1
621710,1
621712,1
621714,1
621718,1
621743,1
621763,1
621767,1
621779,1
621788,1
621793,1
621814,1
621824,1
621827,1
621829,1
621831,1
621843,1
621846,1
621850,1
621860,1
621863,1
621872,1
621905,1
621921,1
621938,1
621942,2
621957,1
621961,1
621966,1
621972,1
621979,1
621981,1
621992,1
622003,1
622015,1
622018,1
622026,1
622028,1
622032,1
622045,2
622049,1
622064,1
622069,1
622074,1
622078,1
622083,1
622091,1
622097,1
622108,1
622111,1
622133,1
622149,1
622152,1
622154,1
622172,1
622187,1
622193,1
622205,1
622207,1
622223,1
622226,1
622231,1
622238,1
622244,1
622246,1
622261,1
622263,1
622265,1
622277,1
622281,1
622285,1
622295,1
622301,1
622304,1
622316,1
622320,1
622333,1
622338,1
622362,1
622376,1
622389,1
622396,1
622399,1
622409,1
622412,1
622417,1
622423,2
622436,1
622438,1
622441,1
622453,1
622459,1
622470,1
622473,1
622483,1
622497,1
622507,1
622509,1
622511,1
622523,1
622530,1
622536,1
622550,1
622552,1
622566,1
622575,1
622577,1
622585,1
622587,1
622592,1
622602,1
622604,1
622606,1
622622,1
622624,1
622627,1
622643,1
622647,1
622653,1
622661,1
622672,1
622678,1
622682,1
622687,1
622689,1
622699,1
622701,1
622705,1
622716,1
622718,1
622724,1
622738,1
622740,1
622745,1
622757,2
622759,1
622778,1
622794,1
622797,1
622799,1
622803,1
622808,1
622811,1
622813,1
622815,1
622819,1
622821,1
622824,1
622833,1
622837,1
622843,1
622852,1
622866,1
622868,1
622870,1
622876,1
622889,1
622892,1
622899,1
622901,1
622910,1
622920,1
622923,1
622927,1
622930,1
622932,1
622944,1
622963,1
622965,1
622982,1
622984,1
622999,1
623018,1
623024,1
623036,1
623040,1
623043,1
623047,1
623055,1
623062,1
623080,1
623083,1
623111,1
623119,1
623132,1
623136,1
623139,1
623156,1
623160,1
623162,1
623166,1
623175,1
623177,1
623179,1
623181,1
623189,1
623193,1
623195,1
623197,1
623201,1
623203,1
623230,1
623234,1
623245,1
623266,1
623269,1
623271,1
623281,1
623286,1
623289,1
623306,1
623312,1
623321,1
623323,1
623325,1
623343,1
623345,1
623360,1
623364,1
623388,1
623393,1
623404,1
623406,1
623421,1
623423,1
623427,1
623429,1
623441,1
623447,1
623450,1
623460,1
623464,1
623477,1
623486,1
623512,1
623516,1
623518,1
623523,1
623533,1
623540,1
623553,1
623569,1
623572,1
623574,1
623579,1
623582,1
623587,1
623592,1
623596,1
623600,1
623610,1
623628,2
623631,1
623635,1
623639,1
623656,1
623661,1
623663,1
623670,1
623675,1
623678,2
623684,1
623689,1
623692,1
623695,1
623697,1
623711,1
623715,1
623740,1
623777,1
623781,1
623784,1
623789,1
623802,2
623806,1
623826,1
623837,1
623841,1
623857,1
623859,1
623861,1
623864,1
623878,1
623880,1
623883,1
623896,1
623912,1
623935,1
623948,1
623952,1
623960,1
623975,1
623978,1
623995,1
624004,1
624010,1
624012,1
624015,1
624019,1
624029,1
624031,1
624045,1
624049,1
624051,1
624068,1
624081,1
624091,1
624093,1
624102,1
624106,1
624110,2
624112,1
624124,1
624131,1
624140,1
624142,1
624158,1
624169,1
624173,1
624186,1
624198,1
624201,1
624216,1
624224,1
624230,1
624240,1
624245,1
624251,1
624257,1
624264,1
624272,1
624279,2
624281,1
624284,1
624295,1
624303,1
624311,1
624313,1
624319,1
624325,1
624339,1
624350,1
624357,1
624359,1
624361,1
624370,1
624372,1
624376,2
624379,1
624389,2
624397,1
624408,1
624422,1
624425,1
624427,1
624429,1
624431,1
624435,1
624445,1
624447,1
624462,1
624467,1
624469,1
624471,1
624484,1
624486,1
624490,1
624502,1
624506,1
624508,1
624519,1
624526,1
624530,1
624538,1
624542,1
624544,1
624546,1
624558,1
624566,1
624575,1
624579,1
624582,1
624585,1
624592,1
624596,1
624600,1
624614,1
624616,1
624620,1
624624,1
624634,1
624641,1
624658,1
624668,1
624674,1
624676,1
624682,1
624693,1
624697,1
624700,1
624703,1
624705,1
624707,1
624716,1
624718,1
624722,1
624729,1
624731,1
624737,1
624739,1
624748,1
624754,1
624760,1
624776,1
624784,1
624788,1
624792,1
624806,1
624809,1
624828,1
624830,1
624846,1
624850,1
624864,1
624882,1
624884,1
624890,1
624901,1
624903,1
624907,1
624920,1
624922,1
624928,1
624934,1
624939,1
624944,1
624948,1
624951,1
624962,1
624980,1
624984,1
624996,1
624999,1
625013,1
625015,1
625018,1
625022,1
625033,1
625035,1
625052,1
625071,1
625076,1
625085,1
625092,1
625102,1
625110,1
625138,1
625144,1
625152,1
625162,1
625173,1
625186,1
625189,1
625191,1
625195,1
625204,1
625213,1
625230,1
625238,1
625242,1
625246,1
625250,1
625256,1
625261,1
625263,1
625277,1
625282,1
625299,1
625314,1
625324,1
625336,1
625352,1
625359,1
625363,1
625372,1
625380,1
625394,1
625403,1
625405,1
625413,1
625419,1
625423,1
625443,1
625453,1
625458,1
625477,1
625491,1
625527,1
625529,1
625537,1
625552,1
625555,1
625566,1
625574,1
625578,1
625582,1
625584,1
625587,1
625592,1
625594,1
625599,1
625607,1
625609,1
625617,1
625628,1
625631,1
625642,1
625658,1
625664,1
625667,1
625669,1
625682,1
625686,1
625700,1
625705,1
625716,1
625718,1
625723,1
625725,1
625740,1
625742,1
625744,1
625754,1
625758,1
625762,1
625764,1
625776,1
625780,1
625796,1
625801,1
625814,1
625817,1
625832,1
625849,1
625868,1
625874,1
625878,1
625893,1
625908,1
625911,1
625913,1
625915,1
625918,1
625921,1
625934,1
625937,1
625944,1
625965,1
625969,1
625971,1
625982,1
625984,1
626004,1
626012,1
626023,1
626028,1
626039,1
626056,1
626058,1
626060,1
626066,1
626084,1
626099,1
626118,1
626120,1
626122,1
626134,1
626137,1
626140,1
626143,1
626153,1
626161,1
626177,1
626190,1
626193,1
626197,1
626200,1
626213,1
626217,1
626224,1
626231,1
626236,1
626243,1
626248,1
626254,1
626256,1
626269,1
626271,1
626274,1
626276,1
626288,1
626290,1
626295,1
626305,1
626312,1
626325,1
626330,1
626335,1
626345,1
626350,1
626371,1
626375,1
626383,2
626395,1
626406,1
626416,1
626423,1
626442,1
626447,1
626457,1
626463,1
626483,1
626495,1
626497,1
626504,1
626511,1
626513,1
626518,1
626521,1
626524,1
626532,1
626534,1
626542,1
626578,1
626588,1
626595,1
626616,1
626627,1
626629,1
626635,1
626637,1
626645,1
626651,1
626654,1
626667,1
626673,1
626692,2
626710,1
626728,1
626744,1
626748,1
626762,1
626768,1
626770,1
626779,1
626783,1
626787,1
626789,1
626801,1
626806,1
626817,1
626821,1
626825,1
626827,1
626837,1
626842,1
626848,1
626872,1
626877,1
626883,2
626891,1
626897,1
626903,1
626908,1
626919,1
626922,1
626934,1
626936,1
626941,1
626944,1
626949,1
626952,1
626959,1
626963,1
626974,1
626976,1
626982,1
626990,1
626993,1
626997,1
626999,1
627008,1
627013,1
627019,1
627025,1
627029,1
627034,1
627045,1
627049,1
627055,1
627064,1
627075,1
627082,1
627091,1
627109,1
627119,1
627124,1
627129,1
627142,1
627160,1
627166,1
627187,2
627200,1
627206,1
627209,1
627224,1
627228,1
627240,1
627244,1
627264,2
627288,1
627291,1
627294,1
627297,1
627302,1
627316,1
627332,1
627351,1
627355,1
627357,1
627368,1
627372,1
627376,1
627388,1
627390,1
627394,1
627408,1
627410,1
627420,1
627428,1
627431,1
627437,1
627445,1
627451,1
627468,1
627480,1
627483,1
627486,1
627491,1
627507,1
627510,1
627523,1
627528,1
627533,1
627542,1
627547,1
627571,1
627574,1
627581,1
627583,1
627589,1
627599,1
627603,1
627617,1
627621,1
627639,1
627641,1
627650,1
627659,1
627675,1
627680,1
627692,1
627698,1
627711,1
627716,1
627722,1
627724,1
627729,1
627738,1
627750,1
627755,1
627758,1
627766,1
627789,1
627792,1
627824,1
627832,1
627861,1
627865,1
627886,1
627893,1
627902,1
627905,1
627911,1
627913,1
627921,1
627943,1
627945,1
627947,1
627969,1
628000,1
628014,1
628017,1
628019,1
628022,1
628038,1
628041,1
628055,1
628062,1
628078,1
628081,1
628095,1
628097,1
628099,1
628106,1
628116,1
628119,1
628121,1
628130,1
628134,1
628139,2
628143,1
628152,1
628173,1
628185,1
628191,1
628196,1
628209,1
628212,1
628216,1
628226,1
628230,1
628232,1
628264,1
628268,1
628281,1
628286,1
628300,1
628302,1
628306,1
628321,1
628336,1
628342,1
628346,1
628363,1
628376,1
628382,1
628396,1
628400,1
628402,1
628406,1
628413,1
628419,1
628422,1
628435,1
628440,1
628446,1
628456,1
628459,1
628472,1
628477,1
628493,1
628496,1
628509,1
628513,1
628519,1
628536,1
628549,1
628551,1
628554,1
628584,1
628607,1
628610,1
628623,1
628635,1
628645,1
628648,1
628662,1
628679,1
628684,1
628686,1
628692,1
628700,1
628705,1
628715,1
628724,1
628729,1
628740,1
628743,1
628745,1
628762,1
628765,1
628775,1
628782,1
628797,1
628802,1
628818,1
628832,1
628836,1
628838,1
628846,1
628854,1
628858,1
628869,1
628874,1
628882,1
628896,1
628907,1
628912,1
628915,1
628917,1
628934,1
628944,1
628947,1
628952,1
628965,1
628967,1
628972,1
628988,1
629003,1
629005,1
629009,1
629011,1
629017,1
629027,1
629031,1
629040,1
629047,1
629052,1
629055,1
629062,2
629066,1
629069,1
629079,1
629081,1
629084,1
629086,1
629089,1
629091,1
629122,1
629136,1
629156,1
629160,1
629177,1
629191,1
629194,1
629197,1
629201,1
629213,1
629227,1
629229,1
629236,1
629250,1
629255,1
629261,1
629289,1
629294,1
629297,1
629304,1
629309,1
629314,1
629326,1
629335,1
629350,1
629353,1
629356,1
629370,1
629382,1
629387,1
629390,1
629407,1
629410,1
629420,1
629424,1
629430,2
629440,1
629443,1
629461,1
629466,1
629474,1
629476,1
629484,1
629490,1
629499,1
629502,1
629504,1
629506,1
629516,1
629522,1
629527,1
629538,1
629540,1
629543,1
629548,1
629556,1
629560,1
629562,1
629568,1
629574,1
629576,1
629579,1
629581,1
629584,1
629593,1
629597,1
629612,1
629618,1
629622,1
629635,1
629648,1
629653,1
629656,1
629661,1
629670,1
629675,1
629692,1
629705,1
629709,1
629716,2
629726,1
629728,1
629733,1
629740,1
629745,1
629751,1
629762,1
629767,1
629769,1
629776,1
629788,1
629793,1
629811,1
629813,1
629828,1
629840,1
629852,1
629860,1
629863,1
629867,1
629885,1
629916,1
629921,1
629936,1
629940,1
629953,1
629965,1
629979,1
629982,1
629990,1
629992,1
630016,1
630024,1
630028,1
630034,1
630050,1
630052,1
630055,1
630060,1
630064,1
630070,1
630073,1
630077,1
630086,1
630088,1
630098,1
630104,1
630110,1
630112,1
630116,1
630128,1
630130,1
630142,1
630145,1
630149,1
630168,1
630179,1
630181,1
630190,1
630195,1
630206,1
630215,1
630219,1
630233,1
630245,1
630253,1
630256,1
630263,1
630266,1
630281,1
630295,1
630321,1
630324,1
630333,1
630339,1
630352,1
630356,1
630359,1
630362,1
630371,1
630377,1
630413,1
630425,1
630427,1
630441,1
630450,1
630453,1
630461,1
630472,1
630492,1
630497,1
630507,1
630511,1
630514,1
630523,1
630544,1
630548,1
630557,1
630563,1
630566,1
630570,1
630582,1
630588,1
630590,1
630599,1
630611,1
630619,1
630622,1
630625,1
630628,1
630636,1
630641,1
630650,1
630658,1
630661,1
630668,1
630672,1
630676,1
630682,1
630701,2
630711,1
630716,1
630719,1
630724,1
630732,1
630745,1
630753,1
630757,1
630761,1
630794,1
630799,1
630807,1
630814,1
630830,1
630832,1
630842,1
630844,1
630851,1
630855,1
630860,1
630865,1
630867,1
630874,1
630879,1
630881,1
630888,1
630900,1
630910,1
630914,1
630917,1
630921,1
630926,1
630931,1
630935,1
630937,1
630941,1
630947,1
630951,1
630953,1
630956,1
630963,1
630965,1
630968,1
630975,1
630979,1
630982,1
630986,1
630994,1
630997,1
631016,1
631023,1
631025,1
631041,1
631051,1
631054,2
631057,1
631061,1
631070,1
631073,1
631081,1
631104,1
631109,1
631117,1
631127,1
631141,1
631154,1
631166,1
631174,1
631187,1
631195,2
631202,1
631213,1
631216,1
631221,1
631232,1
631238,1
631246,1
631249,1
631268,1
631272,1
631280,1
631295,1
631300,1
631308,1
631316,1
631325,1
631343,1
631347,1
631351,1
631356,1
631364,1
631371,1
631381,1
631397,1
631400,1
631408,1
631411,1
631419,1
631423,1
631430,1
631436,1
631443,1
631468,1
631473,1
631482,1
631484,1
631500,2
631502,1
631516,1
631532,1
631551,1
631568,1
631572,1
631581,1
631586,1
631591,1
631605,1
631617,1
631628,1
631630,1
631633,1
631638,1
631649,1
631651,1
631658,1
631660,1
631662,1
631668,1
631670,1
631672,1
631678,1
631686,1
631699,1
631706,1
631727,1
631730,1
631743,1
631761,1
631777,1
631779,1
631782,1
631788,1
631795,1
631815,1
631830,1
631841,1
631864,1
631871,1
631877,1
631879,1
631881,1
631887,1
631896,1
631911,1
631928,1
631933,1
631937,1
631941,1
631947,1
631955,1
631960,1
631967,1
631972,1
631974,1
632001,1
632006,1
632025,1
632029,1
632065,1
632072,1
632101,1
632105,1
632107,1
632112,1
632123,1
632128,1
632141,1
632151,1
632159,1
632162,1
632172,1
632176,1
632178,1
632183,1
632190,1
632194,1
632197,1
632199,1
632202,1
632211,1
632215,1
632219,1
632221,1
632235,1
632249,1
632251,1
632270,1
632282,1
632286,1
632290,1
632292,1
632312,1
632316,1
632327,1
632330,1
632333,1
632338,1
632350,1
632352,1
632364,1
632367,1
632369,1
632373,1
632382,1
632384,1
632391,1
632397,1
632404,1
632406,1
632408,1
632413,1
632422,1
632424,1
632428,1
632430,1
632435,1
632444,1
632461,1
632465,1
632480,1
632483,1
632486,1
632505,1
632512,1
632521,1
632523,1
632532,1
632540,1
632557,1
632563,1
632574,1
632577,1
632595,1
632608,1
632613,1
632617,1
632628,1
632634,1
632637,1
632641,1
632658,1
632673,1
632681,1
632689,1
632693,1
632696,1
632700,1
632708,1
632710,1
632721,1
632726,1
632729,1
632735,1
632739,1
632750,1
632761,1
632773,1
632780,1
632783,1
632788,1
632790,1
632803,1
632805,1
632826,1
632833,1
632841,1
632878,1
632902,1
632920,1
632937,1
632956,1
632962,1
632965,1
632968,1
632972,1
632976,1
632990,1
632992,1
632995,1
632998,1
633005,1
633008,1
633012,1
633015,1
633018,1
633026,1
633028,1
633030,1
633035,1
633038,1
633053,1
633055,1
633070,1
633075,1
633088,1
633093,1
633109,1
633112,1
633115,1
633120,1
633132,1
633159,1
633169,1
633172,1
633186,2
633192,1
633199,1
633206,1
633209,1
633231,1
633240,1
633247,1
633255,1
633281,1
633285,1
633296,1
633300,1
633306,1
633316,1
633320,1
633339,1
633341,1
633347,1
633351,1
633355,1
633363,1
633369,1
633380,1
633387,1
633391,1
633407,1
633429,1
633432,1
633466,1
633483,1
633486,1
633502,1
633510,1
633515,1
633519,1
633523,1
633546,1
633552,1
633581,1
633585,1
633588,1
633591,1
633602,1
633614,1
633620,1
633623,1
633637,2
633639,1
633641,1
633654,1
633665,1
633667,1
633678,1
633696,1
633699,1
633703,1
633721,1
633729,1
633736,1
633738,1
633752,1
633755,1
633771,1
633776,1
633779,1
633788,1
633790,1
633804,1
633811,1
633813,1
633818,1
633836,1
633848,1
633867,1
633880,1
633887,1
633905,1
633907,1
633909,1
633913,1
633918,1
633932,1
633937,1
633943,1
633950,1
633957,1
633963,1
633977,1
633981,1
633988,1
633991,1
633995,1
634000,1
634003,1
634005,1
634010,1
634023,1
634026,1
634037,1
634043,1
634077,1
634079,1
634081,1
634095,1
634104,1
634110,1
634117,1
634119,1
634124,1
634135,1
634137,1
634142,1
634150,1
634152,1
634160,1
634165,1
634180,1
634189,1
634203,1
634209,1
634211,1
634216,1
634219,1
634229,1
634232,2
634236,1
634252,1
634257,1
634268,1
634273,1
634284,1
634286,1
634303,1
634306,1
634322,1
634324,1
634327,1
634339,1
634349,1
634368,1
634377,1
634380,1
634382,1
634385,1
634390,1
634399,1
634402,1
634405,1
634410,1
634415,1
634417,1
634425,1
634428,1
634431,1
634437,1
634440,1
634447,1
634455,1
634457,1
634463,1
634504,1
634510,1
634521,1
634523,1
634532,1
634539,1
634543,1
634547,1
634552,1
634554,1
634564,1
634575,1
634590,1
634598,1
634609,1
634633,1
634644,1
634653,1
634671,1
634677,1
634683,1
634686,1
634688,1
634696,1
634698,1
634710,1
634714,1
634717,1
634722,1
634727,1
634731,1
634742,1
634746,1
634750,2
634762,1
634764,1
634766,1
634773,1
634780,1
634785,1
634791,1
634798,1
634804,1
634819,1
634830,1
634835,1
634848,1
634862,1
634870,1
634873,1
634881,1
634888,1
634892,1
634902,1
634904,1
634914,1
634923,1
634930,1
634939,1
634948,1
634951,1
634962,1
634966,1
634972,1
634984,1
634988,1
634999,1
635007,1
635015,1
635024,1
635026,1
635037,1
635046,1
635061,1
635063,1
635066,1
635071,1
635075,1
635081,1
635086,1
635101,1
635104,1
635121,1
635124,1
635133,1
635138,1
635141,1
635144,1
635147,1
635150,1
635156,1
635166,1
635174,1
635180,1
635182,1
635192,1
635204,1
635215,1
635221,1
635232,1
635236,1
635247,1
635255,1
635257,1
635271,1
635295,1
635306,1
635314,1
635319,1
635331,1
635348,1
635365,1
635367,1
635369,1
635372,1
635378,1
635384,1
635387,1
635406,1
635409,1
635423,1
635442,1
635447,1
635458,1
635476,1
635488,1
635493,1
635503,1
635520,1
635525,1
635540,1
635546,1
635555,1
635558,1
635562,1
635565,1
635574,1
635577,1
635587,1
635594,1
635597,1
635608,1
635616,1
635629,1
635631,1
635634,1
635639,1
635652,1
635655,1
635661,1
635672,1
635687,1
635689,1
635710,1
635716,1
635747,1
635769,1
635780,1
635806,1
635812,1
635837,1
635848,1
635853,1
635879,1
635887,1
635900,1
635903,2
635906,2
635916,1
635940,2
635955,1
635983,1
635985,1
636005,1
636012,1
636017,1
636033,1
636043,1
636047,1
636052,1
636054,1
636069,1
636083,1
636086,1
636090,1
636093,1
636101,1
636129,1
636141,1
636155,1
636160,1
636167,1
636173,1
636183,1
636185,1
636187,1
636189,1
636191,1
636199,1
636205,1
636208,1
636218,1
636223,1
636232,1
636237,1
636250,1
636262,1
636279,1
636282,1
636291,1
636298,1
636300,1
636305,1
636316,1
636319,2
636328,1
636332,1
636353,1
636367,1
636392,1
636412,1
636414,1
636426,1
636435,1
636442,2
636448,1
636451,1
636453,1
636456,1
636458,1
636488,1
636504,1
636523,1
636526,1
636530,1
636542,1
636544,1
636547,1
636556,1
636559,1
636565,1
636567,1
636572,1
636577,1
636585,1
636587,1
636605,1
636608,2
636617,1
636620,1
636625,1
636627,1
636639,1
636641,1
636643,1
636654,1
636658,1
636701,1
636717,1
636720,1
636733,1
636736,1
636750,1
636753,1
636760,1
636770,1
636772,1
636778,1
636785,1
636794,1
636804,1
636810,1
636813,1
636829,1
636832,1
636835,1
636842,1
636851,1
636853,1
636865,1
636905,1
636911,2
636926,1
636939,1
636945,1
636962,1
636967,1
636977,1
636981,1
636986,1
636994,1
637001,1
637003,1
637013,1
637020,1
637038,1
637043,1
637058,1
637061,1
637069,1
637078,1
637080,1
637093,1
637097,1
637106,1
637110,1
637113,1
637117,1
637137,1
637151,1
637154,1
637156,1
637162,1
637173,1
637185,1
637190,1
637202,1
637205,1
637207,1
637212,1
637214,1
637216,1
637222,1
637230,1
637233,1
637240,1
637245,1
637256,2
637268,1
637284,1
637287,1
637302,1
637304,1
637316,1
637320,1
637326,1
637342,1
637358,1
637363,1
637380,1
637392,1
637401,1
637404,1
637411,1
637420,1
637437,1
637440,1
637456,1
637458,1
637472,1
637475,1
637477,1
637492,1
637494,1
637509,1
637512,1
637515,1
637522,2
637532,1
637535,1
637551,1
637557,1
637577,1
637580,1
637587,1
637592,1
637595,1
637600,1
637610,1
637627,1
637630,1
637664,1
637669,1
637678,1
637700,1
637702,1
637709,1
637739,1
637746,1
637760,1
637762,1
637775,1
637780,1
637783,1
637792,1
637799,1
637802,2
637817,1
637820,1
637832,1
637835,1
637843,1
637857,1
637869,1
637874,1
637876,1
637891,1
637894,1
637906,1
637908,1
637918,1
637923,1
637932,1
637934,1
637936,1
637949,1
637952,1
637964,1
637967,1
637969,1
637972,1
637983,1
637989,1
638004,1
638008,1
638027,1
638059,1
638066,1
638069,1
638085,1
638103,1
638105,1
638108,1
638122,1
638124,1
638134,1
638138,1
638141,1
638144,1
638150,1
638194,1
638198,1
638201,1
638217,1
638230,1
638236,1
638254,1
638273,1
638288,1
638293,1
638295,1
638308,1
638312,1
638325,1
638327,1
638331,1
638333,1
638337,1
638340,2
638352,2
638354,1
638361,1
638368,1
638370,1
638383,1
638387,1
638390,1
638392,1
638402,1
638405,1
638410,1
638414,2
638426,1
638446,1
638462,1
638464,1
638466,1
638481,1
638483,1
638485,1
638487,1
638501,1
638503,1
638512,1
638523,1
638527,1
638543,1
638550,1
638554,1
638559,1
638561,1
638563,1
638577,1
638579,1
638583,1
638595,1
638599,2
638601,1
638603,1
638611,1
638613,1
638616,1
638619,1
638632,1
638639,1
638646,1
638655,1
638669,1
638677,1
638696,1
638712,1
638727,1
638730,1
638740,1
638746,1
638762,1
638764,1
638767,1
638770,1
638780,1
638786,1
638788,1
638799,1
638806,1
638823,1
638827,1
638833,1
638836,1
638843,1
638859,1
638876,1
638882,1
638886,1
638899,1
638901,1
638904,2
638916,1
638919,1
638922,1
638925,1
638938,1
638941,2
638951,1
638955,1
638960,1
638965,1
638976,1
638978,1
638989,1
638992,1
638997,1
639003,1
639012,1
639025,1
639031,1
639033,1
639036,1
639047,1
639051,1
639058,1
639062,1
639069,1
639074,1
639076,1
639087,1
639089,1
639093,1
639105,1
639107,1
639111,1
639113,1
639125,1
639131,1
639149,2
639152,1
639168,1
639178,1
639184,1
639187,1
639199,1
639201,1
639206,1
639221,1
639225,1
639235,1
639243,1
639259,1
639261,1
639263,1
639280,1
639282,1
639297,1
639300,1
639316,1
639338,1
639355,1
639359,2
639376,1
639389,1
639395,1
639397,1
639416,1
639418,1
639446,1
639452,1
639458,1
639467,1
639471,1
639473,1
639486,1
639488,1
639490,1
639492,1
639495,1
639503,1
639508,1
639511,1
639526,1
639534,1
639545,1
639547,1
639552,2
639562,1
639568,1
639585,2
639602,1
639606,1
639610,1
639614,1
639620,1
639622,1
639626,1
639631,2
639633,1
639639,1
639641,1
639646,1
639658,1
639660,1
639662,1
639665,1
639680,1
639717,1
639731,1
639735,1
639738,1
639740,1
639747,1
639757,1
639791,1
639794,1
639801,1
639810,1
639825,1
639828,1
639833,1
639848,1
639850,1
639852,1
639854,1
639866,1
639868,1
639886,1
639889,1
639901,1
639904,1
639906,1
639910,1
639927,1
639929,1
639952,1
639960,1
639963,1
639966,1
639968,1
639980,1
639984,1
639995,1
639999,1
640003,1
640039,1
640041,1
640059,1
640077,1
640079,1
640097,1
640115,1
640117,1
640133,1
640136,1
640138,1
640142,1
640154,1
640157,1
640168,1
640174,1
640180,1
640195,1
640211,1
640221,1
640230,1
640233,1
640235,1
640250,1
640257,1
640266,1
640269,1
640272,1
640286,1
640289,2
640304,1
640325,1
640338,1
640345,1
640347,1
640363,1
640365,1
640374,1
640383,1
640393,1
640397,1
640420,1
640433,1
640440,1
640447,1
640450,1
640455,1
640464,2
640470,1
640474,1
640479,1
640481,1
640486,1
640496,1
640506,1
640513,1
640517,1
640519,1
640521,1
640531,1
640546,1
640555,1
640561,1
640569,1
640572,1
640575,1
640586,1
640591,1
640593,1
640595,1
640606,1
640613,1
640628,1
640630,1
640649,2
640657,1
640662,1
640670,1
640686,1
640696,1
640703,1
640707,1
640713,1
640717,1
640725,1
640729,1
640741,1
640745,1
640763,2
640775,1
640778,1
640782,1
640785,1
640813,1
640830,1
640837,1
640840,1
640847,1
640855,1
640857,1
640860,2
640863,1
640875,1
640897,1
640933,1
640946,1
640954,1
640957,1
640961,1
640972,1
640974,1
640985,1
640987,1
640989,1
641010,1
641028,1
641035,1
641038,1
641041,1
641046,1
641050,1
641052,1
641066,1
641073,1
641077,1
641095,1
641100,1
641107,2
641121,1
641123,1
641126,1
641129,1
641134,1
641160,1
641162,1
641170,1
641180,1
641182,1
641198,1
641210,1
641219,1
641232,1
641249,1
641253,1
641262,1
641274,1
641276,1
641281,2
641292,1
641294,1
641297,1
641310,1
641312,1
641315,1
641326,1
641329,1
641332,1
641341,1
641351,1
641354,2
641362,1
641368,1
641381,1
641390,1
641393,1
641405,1
641407,1
641424,1
641427,1
641430,1
641440,1
641445,1
641448,1
641451,1
641454,1
641457,1
641464,2
641466,1
641481,1
641500,1
641528,1
641541,1
641543,1
641559,1
641561,1
641567,1
641570,1
641578,1
641581,1
641583,1
641585,1
641598,1
641600,1
641616,1
641626,1
641637,1
641640,1
641654,1
641665,1
641672,1
641677,2
641679,1
641695,1
641726,1
641732,1
641769,2
641771,1
641789,1
641791,1
641797,1
641807,1
641810,2
641823,1
641827,1
641830,1
641836,1
641840,1
641845,1
641847,1
641849,1
641870,1
641884,1
641888,1
641915,1
641917,1
641922,1
641925,2
641946,1
641948,1
641958,1
641964,3
641976,1
641981,1
641986,1
642000,1
642011,1
642017,1
642027,1
642038,1
642052,1
642057,1
642075,1
642077,1
642079,1
642090,1
642093,1
642096,2
642111,1
642130,1
642149,1
642152,1
642168,1
642184,1
642187,1
642189,1
642197,2
642224,1
642226,1
642240,1
642245,1
642262,1
642280,1
642283,1
642288,1
642302,2
642304,1
642307,2
642310,1
642323,1
642340,2
642344,1
642354,1
642358,1
642361,1
642363,1
642378,1
642382,1
642387,1
642392,1
642400,1
642414,1
642416,1
642419,1
642423,1
642429,1
642448,1
642453,1
642455,1
642459,2
642467,1
642469,1
642474,1
642476,1
642478,1
642491,1
642493,1
642496,1
642507,1
642510,1
642527,1
642533,1
642549,1
642551,1
642577,1
642583,1
642586,1
642589,1
642606,1
642618,1
642623,1
642626,1
642643,1
642647,2
642649,1
642663,1
642668,2
642677,1
642682,1
642686,2
642698,1
642703,1
642715,1
642719,1
642729,1
642732,1
642740,1
642754,1
642758,1
642771,1
642777,1
642790,1
642795,1
642797,1
642805,1
642811,1
642834,2
642836,1
642850,1
642855,1
642868,1
642873,1
642886,1
642892,1
642897,1
642924,1
642927,1
642931,1
642935,1
642947,1
642949,1
642956,1
642962,1
642967,1
642971,1
642979,1
642986,1
642999,1
643002,1
643006,1
643019,1
643024,1
643041,1
643057,1
643062,1
643079,1
643084,2
643086,1
643095,1
643100,1
643103,1
643117,1
643126,1
643138,1
643158,2
643165,1
643173,1
643177,1
643179,1
643197,1
643204,1
643209,1
643216,1
643218,1
643223,1
643232,1
643235,2
643237,1
643239,1
643248,1
643254,1
643267,1
643270,1
643272,1
643275,1
643287,1
643293,1
643295,1
643308,1
643311,1
643315,1
643325,1
643329,1
643340,1
643346,1
643348,1
643356,1
643362,1
643365,1
643367,1
643369,1
643373,1
643382,1
643401,1
643404,1
643442,1
643445,1
643459,1
643462,1
643494,1
643499,1
643507,1
643517,1
643519,1
643521,1
643524,1
643535,1
643541,1
643546,1
643553,1
643555,1
643558,1
643569,1
643574,1
643581,1
643596,1
643601,1
643614,1
643629,1
643632,1
643648,1
643656,1
643665,1
643690,1
643697,1
643700,1
643704,1
643707,1
643712,1
643724,1
643727,1
643738,1
643740,1
643744,1
643746,1
643748,1
643750,1
643752,1
643761,1
643763,1
643767,1
643781,1
643785,1
643798,1
643803,1
643806,1
643812,1
643831,1
643838,1
643842,1
643845,1
643848,1
643857,1
643861,1
643863,1
643865,1
643868,1
643870,1
643878,1
643882,1
643896,1
643899,1
643916,1
643932,1
643936,1
643940,1
643953,1
643970,1
643973,1
643975,1
643990,1
643999,1
644007,1
644012,1
644014,1
644018,1
644027,1
644033,1
644048,1
644050,1
644062,1
644068,1
644070,1
644073,1
644089,1
644105,1
644108,1
644121,1
644125,1
644127,1
644129,1
644144,1
644147,1
644153,1
644167,1
644172,1
644181,1
644183,1
644193,1
644206,1
644209,1
644216,1
644222,1
644233,1
644237,1
644241,1
644245,1
644258,1
644274,1
644278,1
644294,1
644300,1
644305,1
644314,1
644318,1
644354,2
644356,1
644370,1
644374,1
644377,1
644387,1
644393,1
644396,1
644405,1
644407,1
644411,1
644413,1
644427,1
644447,1
644450,1
644464,1
644466,1
644483,1
644487,1
644502,1
644507,1
644515,1
644522,1
644529,1
644533,1
644546,1
644555,1
644558,1
644561,1
644563,1
644570,1
644577,1
644580,1
644582,1
644585,1
644591,1
644598,1
644600,1
644616,1
644625,1
644633,1
644638,1
644640,1
644642,1
644653,1
644658,1
644661,1
644692,1
644696,1
644701,1
644712,1
644727,1
644731,1
644734,1
644737,2
644746,1
644749,1
644751,1
644754,1
644761,1
644770,1
644791,1
644807,1
644810,1
644816,1
644826,1
644831,1
644845,1
644848,1
644882,1
644884,1
644904,1
644918,1
644922,1
644927,2
644943,1
644945,1
644951,1
644956,1
644962,1
644966,1
644981,1
644983,1
645001,1
645005,1
645017,1
645020,1
645024,1
645037,1
645040,1
645051,1
645055,1
645057,1
645059,1
645074,1
645077,1
645079,1
645085,1
645094,1
645097,1
645111,1
645113,1
645115,1
645129,1
645131,1
645149,1
645152,1
645154,1
645171,1
645187,1
645189,1
645201,1
645208,1
645210,1
645222,1
645226,1
645228,1
645230,1
645236,1
645246,1
645265,1
645268,1
645282,1
645286,1
645288,1
645303,1
645319,1
645336,1
645340,1
645344,1
645346,1
645351,1
645356,1
645362,1
645364,1
645366,1
645379,1
645390,1
645396,1
645399,1
645402,1
645432,1
645434,1
645437,1
645440,1
645445,1
645456,1
645459,2
645476,1
645485,1
645495,1
645510,1
645512,1
645530,1
645532,1
645534,1
645541,1
645547,1
645553,1
645567,1
645570,1
645573,1
645575,1
645589,1
645592,1
645607,1
645627,1
645641,1
645645,1
645647,1
645663,1
645666,1
645672,1
645681,1
645685,1
645687,1
645690,1
645702,1
645718,1
645724,1
645739,1
645742,1
645756,1
645760,1
645763,1
645766,1
645777,1
645780,1
645783,1
645789,1
645796,1
645800,1
645813,1
645815,1
645818,1
645828,1
645837,1
645848,1
645855,1
645858,1
645874,1
645876,1
645880,1
645891,1
645894,1
645896,1
645898,1
645900,1
645911,1
645925,1
645929,1
645932,1
645945,1
645950,1
645969,1
645984,1
645986,1
645998,1
646006,1
646008,1
646010,1
646022,1
646025,1
646028,1
646033,1
646042,1
646044,1
646046,1
646049,1
646058,1
646061,1
646066,1
646080,1
646082,1
646088,1
646098,1
646104,1
646123,1
646136,1
646156,1
646158,1
646161,1
646175,1
646178,1
646181,2
646191,1
646196,1
646200,1
646210,1
646215,1
646218,1
646233,1
646236,1
646240,1
646245,1
646251,1
646253,1
646257,1
646260,1
646272,1
646280,1
646287,1
646291,1
646312,1
646326,1
646329,2
646332,1
646345,1
646348,1
646354,1
646356,1
646367,1
646370,1
646384,1
646388,1
646400,1
646404,1
646408,1
646415,1
646422,1
646442,1
646444,1
646446,1
646450,1
646458,1
646480,1
646484,1
646497,1
646518,1
646520,1
646536,1
646540,1
646553,1
646556,1
646560,1
646577,1
646579,1
646588,1
646594,1
646597,2
646604,1
646619,1
646633,1
646635,1
646645,1
646653,1
646656,1
646671,1
646673,1
646690,1
646693,1
646706,1
646708,1
646710,1
646712,1
646714,1
646728,1
646730,1
646744,1
646746,1
646762,1
646765,1
646767,1
646770,1
646788,1
646797,1
646805,1
646825,1
646829,1
646836,1
646842,1
646861,1
646863,1
646872,1
646883,1
646895,1
646898,1
646902,1
646915,1
646946,1
646956,1
646959,1
646977,1
646981,1
646992,1
646995,1
646997,1
646999,1
647013,1
647015,1
647030,1
647045,1
647052,1
647065,1
647069,1
647071,1
647074,1
647087,1
647091,2
647094,2
647108,1
647110,1
647113,1
647122,1
647131,1
647144,1
647146,1
647148,1
647150,1
647153,1
647165,1
647168,1
647178,1
647181,1
647184,1
647186,1
647194,1
647204,1
647207,1
647214,1
647217,1
647224,1
647241,1
647244,1
647256,1
647259,1
647264,1
647266,1
647270,1
647278,1
647281,1
647283,1
647285,1
647295,1
647301,1
647312,1
647317,1
647320,1
647338,1
647342,1
647347,1
647355,1
647358,1
647360,1
647394,1
647411,1
647414,1
647426,1
647428,1
647431,1
647435,2
647437,1
647446,1
647448,1
647451,1
647453,1
647458,1
647467,1
647477,1
647482,1
647486,1
647492,1
647505,1
647509,1
647523,1
647526,1
647530,1
647544,1
647546,1
647562,1
647567,1
647569,1
647576,1
647582,1
647588,1
647598,1
647600,1
647602,1
647607,2
647613,1
647621,1
647655,1
647661,1
647679,1
647681,1
647697,2
647703,1
647714,1
647730,1
647738,1
647752,1
647755,1
647760,1
647772,1
647777,1
647789,1
647791,1
647795,1
647823,1
647831,1
647834,1
647836,1
647849,1
647852,1
647866,1
647871,1
647881,1
647887,1
647889,1
647903,1
647909,1
647918,1
647923,1
647945,2
647947,1
647954,1
647956,1
647958,1
647963,1
647966,1
647982,1
647985,1
648000,1
648004,1
648019,1
648035,1
648052,1
648057,1
648061,1
648075,1
648078,1
648080,1
648096,2
648099,1
648113,1
648116,1
648118,1
648120,1
648137,1
648150,1
648153,1
648156,1
648167,1
648173,1
648175,1
648182,1
648190,1
648202,1
648205,1
648207,1
648210,1
648212,1
648214,1
648217,1
648228,1
648231,2
648233,1
648241,1
648253,1
648255,1
648266,1
648268,1
648271,1
648307,1
648316,1
648326,1
648328,1
648336,1
648342,1
648360,1
648363,1
648365,1
648378,1
648382,1
648384,1
648397,1
648399,1
648401,1
648406,1
648408,1
648422,1
648425,2
648444,1
648451,1
648455,1
648459,1
648474,1
648476,1
648480,2
648488,1
648514,1
648517,1
648523,1
648533,1
648552,1
648554,1
648558,1
648569,1
648571,1
648584,1
648590,1
648606,1
648609,1
648612,1
648617,1
648630,1
648645,1
648650,1
648659,1
648687,1
648700,1
648706,1
648719,1
648722,1
648725,1
648727,1
648747,1
648763,1
648765,1
648767,1
648782,1
648785,1
648792,1
648796,1
648799,1
648803,1
648806,2
648808,1
648814,1
648817,1
648838,1
648843,1
648850,1
648857,2
648861,1
648875,1
648877,1
648879,1
648899,1
648915,1
648919,2
648933,1
648936,1
648946,1
648950,1
648952,1
648955,1
648957,1
648964,1
648969,1
648974,1
648981,1
648990,1
649003,1
649005,1
649029,1
649033,1
649047,1
649049,1
649051,1
649063,1
649065,1
649067,1
649070,1
649088,1
649096,1
649106,1
649108,1
649126,1
649128,1
649140,1
649142,1
649145,1
649156,1
649159,1
649176,1
649182,1
649201,1
649217,1
649221,1
649223,1
649225,1
649239,1
649245,1
649253,1
649257,1
649260,1
649273,1
649275,1
649277,1
649310,1
649313,1
649315,1
649318,1
649325,1
649331,1
649334,1
649336,1
649342,1
649347,1
649351,1
649354,1
649366,1
649369,1
649371,1
649373,1
649376,1
649378,1
649384,1
649388,1
649408,1
649410,1
649418,1
649433,1
649444,1
649448,1
649460,1
649467,2
649470,1
649501,1
649505,1
649521,1
649523,1
649539,1
649542,1
649544,1
649548,1
649556,1
649559,1
649564,1
649576,1
649579,1
649582,1
649595,1
649603,1
649618,1
649620,1
649622,1
649628,1
649640,1
649652,1
649664,1
649670,1
649676,1
649688,1
649730,1
649732,1
649749,1
649762,1
649771,1
649773,1
649780,1
649786,1
649789,1
649806,1
649811,1
649817,1
649843,1
649857,1
649861,1
649863,1
649867,1
649872,1
649880,1
649885,1
649894,1
649903,1
649908,1
649940,1
649958,1
649960,1
649962,1
649968,1
649989,1
649997,1
650004,1
650016,1
650032,1
650035,1
650048,1
650053,1
650064,1
650070,1
650096,1
650104,1
650108,1
650112,1
650119,1
650124,1
650131,1
650147,1
650150,1
650166,1
650184,1
650196,1
650205,1
650211,1
650223,1
650227,1
650239,1
650243,2
650245,1
650247,1
650249,1
650252,1
650255,1
650264,1
650275,1
650281,1
650287,1
650315,1
650322,1
650325,1
650339,1
650346,2
650353,1
650358,1
650360,1
650362,1
650370,1
650377,1
650382,1
650385,1
650396,1
650413,1
650418,1
650430,1
650435,1
650438,1
650442,1
650452,1
650470,1
650475,1
650480,1
650482,1
650493,1
650496,1
650498,1
650510,1
650515,1
650519,1
650531,1
650536,1
650545,1
650548,1
650552,1
650568,1
650581,1
650588,1
650609,1
650642,1
650661,1
650669,1
650682,1
650698,1
650716,1
650723,1
650730,1
650739,1
650742,1
650748,1
650755,1
650759,1
650761,1
650773,1
650777,1
650780,1
650793,1
650795,1
650797,1
650813,1
650815,1
650818,1
650829,1
650833,1
650836,1
650839,1
650849,1
650852,1
650854,1
650856,1
650868,1
650870,1
650885,1
650888,1
650892,1
650895,1
650903,1
650907,1
650911,1
650921,1
650927,1
650942,1
650948,1
650951,1
650957,1
650960,1
650963,1
650966,1
650970,1
650972,1
650974,1
650976,1
650978,1
650980,1
650984,1
650987,1
650989,1
650991,1
650995,2
650998,1
651003,1
651005,1
651020,1
651023,1
651036,1
651040,1
651042,1
651057,1
651064,2
651066,1
651068,1
651074,1
651082,1
651102,1
651114,1
651117,1
651120,1
651122,1
651129,1
651135,1
651138,1
651142,1
651144,1
651155,1
651157,1
651160,1
651164,1
651174,1
651178,1
651195,1
651199,1
651211,1
651215,1
651228,1
651246,1
651263,1
651274,1
651278,1
651286,1
651290,1
651308,1
651319,1
651324,1
651326,1
651328,1
651342,1
651344,1
651350,1
651353,1
651360,1
651370,1
651381,1
651389,1
651399,1
651402,1
651407,2
651419,1
651421,1
651423,1
651429,1
651431,1
651438,1
651440,1
651442,1
651444,1
651451,1
651458,1
651466,2
651468,1
651471,1
651477,1
651479,1
651482,1
651484,1
651505,1
651508,1
651522,1
651526,1
651530,1
651534,1
651537,1
651540,1
651545,1
651555,1
651568,1
651572,1
651590,1
651593,1
651610,1
651615,1
651629,1
651639,1
651645,1
651648,1
651650,1
651655,1
651668,1
651670,1
651686,1
651688,1
651702,1
651722,1
651729,1
651761,1
651764,1
651800,2
651802,1
651807,1
651821,1
651830,1
651845,1
651858,1
651861,1
651863,1
651877,1
651882,1
651895,1
651912,1
651931,1
651933,1
651951,1
651957,1
651965,1
651970,1
651972,1
651975,1
651977,1
651989,1
651992,1
651994,1
651998,1
652001,1
652022,1
652028,1
652032,1
652037,1
652050,1
652052,1
652058,1
652061,1
652069,1
652071,1
652073,1
652076,1
652079,1
652084,1
652088,2
652090,1
652093,1
652101,1
652106,1
652122,1
652125,1
652129,1
652138,1
652142,1
652144,1
652169,1
652180,1
652216,1
652218,1
652221,1
652223,1
652228,1
652238,1
652240,1
652244,1
652249,1
652254,1
652257,1
652259,1
652262,1
652264,1
652274,1
652278,1
652293,1
652313,1
652315,1
652319,1
652321,1
652323,1
652336,1
652339,1
652345,1
652350,1
652354,1
652356,1
652369,1
652372,1
652377,1
652404,1
652406,1
652418,2
652421,1
652429,1
652432,1
652439,1
652446,1
652449,1
652453,1
652455,1
652457,1
652464,1
652468,1
652478,1
652481,1
652484,1
652493,1
652501,1
652505,1
652510,1
652520,1
652522,1
652524,1
652526,1
652530,1
652538,1
652542,1
652544,1
652549,1
652551,1
652577,1
652588,1
652597,1
652599,1
652614,1
652617,1
652619,1
652627,1
652638,1
652643,1
652649,1
652652,1
652657,1
652661,1
652663,1
652674,1
652677,1
652680,1
652694,2
652711,1
652713,1
652719,1
652742,1
652749,1
652768,1
652774,1
652787,1
652789,1
652806,1
652826,1
652845,1
652851,1
652861,1
652864,1
652866,1
652868,1
652873,1
652877,1
652881,1
652884,1
652886,1
652900,1
652910,1
652922,1
652925,1
652929,1
652939,1
652949,1
652954,1
652958,1
652960,1
652962,1
652973,1
652988,1
652996,1
652998,1
653014,2
653016,1
653019,1
653023,1
653027,1
653036,1
653038,1
653041,1
653043,1
653046,1
653055,2
653070,1
653074,1
653088,1
653092,1
653098,1
653103,1
653112,1
653117,1
653130,1
653146,1
653152,1
653154,1
653159,1
653162,1
653167,1
653170,1
653172,1
653190,1
653197,1
653200,1
653207,1
653209,1
653213,1
653216,1
653218,1
653227,1
653240,1
653245,1
653252,1
653257,1
653265,1
653276,1
653278,1
653282,1
653291,1
653300,1
653317,1
653319,1
653338,1
653354,1
653358,1
653364,1
653377,1
653395,1
653406,1
653415,1
653417,1
653434,1
653449,1
653453,1
653455,1
653469,1
653473,2
653485,1
653509,1
653533,1
653545,1
653549,1
653556,1
653567,1
653573,1
653585,1
653587,1
653604,1
653607,2
653613,1
653622,1
653626,1
653635,1
653643,1
653653,1
653664,1
653668,1
653682,1
653692,1
653699,1
653701,1
653705,1
653735,1
653737,1
653757,1
653775,1
653791,1
653801,1
653805,1
653814,1
653817,1
653821,1
653823,1
653826,1
653834,1
653836,1
653838,1
653849,1
653852,1
653855,1
653869,1
653872,1
653878,1
653889,1
653891,1
653901,1
653905,1
653910,1
653937,1
653943,1
653948,1
653953,1
653964,1
653981,1
653983,1
653986,1
653992,1
654005,1
654014,1
654018,1
654022,1
654024,1
654027,1
654032,1
654037,1
654042,1
654046,1
654058,1
654061,1
654082,1
654099,1
654110,1
654117,1
654119,1
654135,1
654137,1
654148,1
654155,1
654157,1
654174,1
654192,1
654194,1
654218,1
654223,1
654229,1
654231,1
654233,1
654236,1
654245,1
654248,1
654250,1
654253,1
654257,1
654262,1
654271,1
654281,1
654290,1
654294,1
654299,1
654301,1
654309,1
654321,1
654326,1
654329,1
654348,1
654356,1
654363,1
654366,1
654381,1
654383,1
654393,1
654395,1
654403,1
654406,1
654423,1
654449,1
654461,1
654486,1
654489,1
654496,1
654500,2
654502,1
654507,1
654513,1
654519,1
654534,1
654538,1
654543,1
654546,1
654552,1
654556,1
654558,1
654566,1
654573,1
654575,1
654578,1
654580,1
654591,1
654594,1
654608,1
654614,1
654630,1
654650,1
654663,1
654668,1
654670,1
654686,1
654694,1
654699,1
654707,1
654714,1
654721,1
654729,1
654744,1
654760,1
654762,1
654764,1
654766,1
654783,2
654793,1
654800,1
654803,1
654805,1
654809,1
654814,1
654829,1
654839,1
654841,1
654856,1
654859,1
654865,1
654868,1
654870,1
654879,1
654882,1
654892,1
654895,1
654898,1
654908,1
654911,1
654916,1
654918,1
654920,1
654924,1
654935,1
654937,1
654940,1
654954,2
654956,1
654958,1
654991,1
655000,1
655011,1
655027,1
655029,1
655031,1
655045,1
655049,1
655067,1
655069,1
655077,1
655083,1
655088,1
655101,1
655105,1
655114,1
655123,1
655125,1
655127,1
655130,1
655142,1
655145,1
655155,1
655162,1
655182,1
655200,1
655211,1
655217,1
655220,1
655228,1
655239,2
655241,1
655253,1
655256,1
655259,1
655261,1
655275,1
655277,1
655287,1
655295,1
655311,1
655313,1
655316,1
655351,1
655376,1
655391,1
655427,1
655431,1
655436,1
655441,1
655446,1
655451,2
655461,1
655468,1
655471,1
655474,1
655482,1
655487,1
655492,1
655502,1
655505,1
655561,1
655572,1
655581,2
655584,2
655591,1
655603,1
655606,1
655611,1
655616,1
655619,1
655621,1
655623,1
655638,1
655655,1
655659,1
655669,1
655674,1
655677,1
655679,1
655695,1
655700,1
655704,1
655710,1
655713,1
655716,1
655729,1
655733,1
655746,1
655751,1
655754,1
655771,2
655788,1
655809,1
655820,1
655833,1
655846,1
655849,1
655852,1
655858,1
655861,1
655867,1
655876,1
655884,1
655893,1
655904,1
655912,1
655928,1
655931,1
655942,1
655944,1
655954,1
655977,1
655982,1
656016,1
656020,1
656037,1
656043,1
656057,2
656069,1
656079,1
656093,1
656095,1
656111,1
656113,1
656115,1
656135,1
656141,1
656143,1
656151,1
656153,1
656155,1
656160,1
656167,1
656171,1
656181,1
656188,1
656190,1
656193,1
656202,1
656209,1
656217,1
656222,1
656227,1
656230,1
656251,1
656264,1
656276,1
656284,1
656288,1
656303,1
656306,1
656321,1
656323,1
656329,1
656358,1
656363,1
656377,1
656396,1
656401,1
656409,1
656430,1
656437,2
656453,1
656456,1
656473,1
656481,1
656489,1
656493,1
656497,1
656500,1
656509,1
656513,1
656515,1
656529,1
656531,1
656547,1
656550,1
656555,1
656557,1
656563,1
656570,1
656575,1
656582,1
656587,1
656589,1
656591,1
656594,1
656606,1
656608,1
656640,1
656644,1
656646,1
656650,1
656675,1
656681,1
656688,1
656702,1
656709,1
656719,1
656723,2
656740,1
656742,1
656747,1
656750,1
656763,2
656768,1
656778,1
656781,1
656800,1
656812,1
656816,1
656819,1
656826,1
656835,1
656841,1
656852,1
656855,1
656869,1
656874,2
656878,1
656889,1
656893,1
656897,1
656910,1
656913,1
656928,1
656931,1
656933,1
656936,1
656949,1
656956,1
656968,1
656971,1
656986,1
657006,1
657009,1
657019,1
657026,2
657033,1
657044,1
657047,1
657050,1
657054,1
657062,1
657069,1
657078,1
657082,1
657085,1
657101,1
657106,1
657119,1
657123,1
657138,1
657143,1
657176,1
657193,1
657195,1
657213,1
657216,1
657231,1
657233,1
657235,1
657242,1
657247,1
657254,1
657257,1
657262,1
657275,1
657278,1
657284,1
657291,1
657298,1
657328,1
657332,1
657335,1
657348,1
657362,1
657367,2
657376,1
657384,1
657387,1
657397,1
657405,1
657408,1
657416,1
657430,1
657433,1
657442,1
657444,1
657457,1
657461,1
657466,1
657479,1
657481,1
657495,1
657499,1
657501,1
657517,1
657520,1
657526,1
657538,1
657546,1
657554,1
657556,1
657559,1
657561,1
657574,1
657577,1
657582,1
657592,1
657596,2
657603,1
657615,1
657633,1
657649,1
657652,1
657654,1
657663,1
657670,1
657676,1
657690,1
657692,1
657710,1
657726,1
657729,1
657739,1
657743,1
657748,1
657753,1
657757,1
657767,1
657777,1
657784,1
657794,1
657800,1
657804,1
657833,1
657836,1
657843,1
657846,1
657848,1
657855,1
657861,1
657863,1
657865,1
657873,1
657881,1
657894,1
657897,1
657899,1
657906,1
657915,1
657917,1
657934,1
657937,1
657946,1
657972,1
657974,1
657986,1
657990,1
657994,1
657997,1
658011,1
658017,1
658049,1
658051,1
658053,1
658077,1
658086,1
658088,1
658098,1
658111,1
658118,1
658127,1
658131,1
658145,1
658149,1
658159,1
658167,1
658180,1
658186,1
658201,1
658221,1
658227,1
658229,1
658233,1
658247,1
658258,1
658260,1
658279,1
658285,1
658294,1
658298,1
658302,1
658306,1
658318,1
658330,1
658335,1
658347,1
658356,1
658358,1
658366,1
658372,1
658374,1
658376,1
658389,1
658391,1
658394,1
658406,1
658411,1
658425,1
658429,1
658431,1
658448,1
658462,1
658467,1
658470,1
658488,1
658492,1
658503,1
658509,1
658512,1
658514,1
658525,1
658527,1
658540,1
658546,1
658548,1
658565,2
658568,1
658581,1
658585,1
658588,1
658600,1
658602,1
658604,1
658614,1
658618,1
658620,1
658623,1
658626,1
658638,1
658652,1
658658,1
658661,1
658675,1
658678,1
658692,1
658696,1
658699,1
658701,1
658704,1
658716,1
658718,1
658720,1
658731,1
658734,1
658750,1
658760,1
658773,2
658792,1
658808,1
658810,1
658833,1
658848,1
658850,1
658855,1
658867,1
658870,2
658884,1
658887,1
658902,1
658905,1
658919,1
658927,1
658946,2
658948,1
658971,1
658988,1
658997,1
659002,1
659020,1
659030,1
659043,1
659045,1
659054,1
659057,1
659060,1
659063,1
659067,1
659077,1
659079,1
659093,2
659096,1
659108,1
659112,1
659119,1
659128,1
659135,1
659163,1
659169,1
659172,1
659177,1
659187,1
659189,1
659192,1
659194,1
659206,1
659208,1
659211,1
659216,1
659227,1
659231,1
659233,1
659244,1
659247,1
659249,1
659262,1
659265,1
659267,1
659271,1
659307,1
659320,1
659324,1
659336,1
659340,1
659361,1
659365,1
659380,1
659383,1
659385,1
659398,1
659400,1
659402,1
659406,2
659422,1
659427,1
659435,1
659438,1
659440,1
659457,1
659460,1
659472,1
659476,1
659490,1
659511,1
659514,1
659516,1
659531,1
659539,1
659549,1
659552,1
659554,1
659558,1
659572,1
659576,1
659583,1
659585,1
659590,1
659592,1
659595,1
659597,1
659611,1
659613,1
659624,1
659626,1
659629,1
659634,1
659643,1
659646,1
659648,1
659664,1
659666,1
659671,1
659682,1
659685,1
659688,1
659692,1
659704,1
659707,1
659740,1
659745,1
659759,1
659762,1
659768,1
659779,1
659781,1
659794,1
659798,1
659801,1
659810,1
659820,2
659835,1
659837,1
659842,1
659855,1
659858,1
659877,1
659879,1
659904,1
659908,1
659912,1
659915,1
659930,1
659933,1
659949,1
659968,1
659974,1
659988,1
660006,1
660017,1
660027,1
660043,1
660060,1
660065,1
660100,1
660114,1
660119,1
660121,1
660130,1
660138,1
660142,1
660176,1
660193,1
660210,1
660215,1
660217,1
660224,1
660234,1
660245,1
660254,1
660270,1
660308,1
660324,1
660330,1
660335,1
660351,1
660365,1
660368,1
660384,1
660402,1
660421,1
660431,1
660449,1
660458,1
660463,1
660467,1
660481,1
660483,1
660489,1
660501,1
660506,1
660516,1
660520,1
660545,1
660550,1
660555,1
660559,1
660578,1
660582,1
660587,1
660594,1
660596,1
660598,1
660611,1
660613,1
660616,1
660629,1
660631,1
660642,1
660646,1
660648,1
660659,1
660674,1
660681,1
660709,1
660713,1
660726,1
660731,1
660743,1
660763,1
660769,1
660774,1
660776,1
660826,1
660842,1
660844,1
660856,1
660863,1
660866,1
660877,1
660879,1
660882,1
660887,1
660900,1
660920,1
660922,1
660934,1
660946,1
660955,1
660964,1
661015,1
661022,1
661051,1
661071,1
661074,1
661077,1
661091,1
661106,1
661108,1
661113,1
661117,1
661124,1
661127,1
661130,1
661145,1
661152,1
661154,1
661167,1
661170,1
661183,1
661186,1
661188,1
661192,1
661204,1
661208,1
661219,1
661222,1
661225,1
661228,1
661246,2
661263,1
661267,1
661269,1
661281,1
661312,1
661314,1
661317,2
661321,1
661324,1
661335,1
661343,1
661350,1
661354,1
661357,2
661359,1
661366,1
661372,1
661375,1
661377,1
661388,1
661392,1
661394,1
661397,1
661400,1
661406,1
661412,1
661415,1
661423,1
661437,1
661453,1
661467,1
661470,1
661473,1
661486,1
661493,1
661505,1
661509,1
661542,1
661547,1
661550,1
661572,1
661580,1
661582,1
661585,1
661589,1
661602,1
661607,1
661616,1
661621,1
661624,1
661636,1
661639,1
661642,1
661645,1
661654,1
661656,1
661661,1
661664,1
661682,1
661693,1
661696,1
661700,1
661713,1
661732,1
661737,1
661742,1
661744,1
661767,1
661770,1
661776,1
661781,1
661789,1
661795,1
661809,1
661814,1
661836,1
661846,1
661854,1
661858,1
661866,1
661889,2
661922,1
661927,1
661931,1
661938,1
661943,1
661966,1
661983,1
661985,1
661998,1
662001,1
662014,2
662022,1
662027,1
662037,1
662039,1
662043,1
662056,1
662063,1
662071,1
662076,1
662078,1
662081,1
662087,1
662096,1
662098,1
662116,1
662121,1
662136,1
662152,1
662155,1
662164,1
662170,1
662173,1
662192,1
662201,1
662206,1
662208,1
662210,1
662213,1
662220,1
662249,1
662264,1
662272,1
662292,2
662295,1
662308,1
662326,1
662336,1
662341,1
662346,1
662350,1
662352,1
662363,1
662366,1
662370,1
662378,1
662381,1
662383,1
662386,1
662388,1
662390,1
662395,1
662398,1
662404,2
662407,1
662410,1
662430,1
662432,1
662436,1
662448,1
662452,1
662463,1
662476,1
662481,1
662497,1
662500,1
662514,1
662518,1
662520,1
662523,1
662532,1
662535,1
662537,1
662548,1
662550,1
662553,1
662555,1
662562,1
662564,1
662572,1
662574,1
662588,1
662593,1
662606,1
662610,1
662612,1
662648,1
662656,1
662660,1
662669,1
662671,1
662674,1
662684,1
662695,1
662703,1
662720,1
662725,1
662758,1
662760,1
662765,1
662779,1
662782,1
662789,1
662794,1
662796,1
662803,1
662806,1
662819,1
662821,1
662831,1
662835,1
662840,2
662843,1
662848,1
662870,1
662875,1
662877,1
662891,1
662901,1
662912,1
662917,1
662922,1
662931,1
662935,1
662951,1
662955,1
662965,1
662985,1
662991,2
662994,1
663006,1
663010,1
663012,1
663020,1
663024,1
663028,1
663031,1
663034,1
663039,1
663043,1
663045,1
663050,1
663064,1
663073,1
663090,1
663099,1
663111,1
663125,1
663138,1
663143,1
663161,1
663175,1
663181,1
663187,1
663220,1
663224,1
663237,1
663252,1
663256,1
663259,1
663270,1
663276,1
663287,1
663291,1
663294,1
663296,1
663299,1
663308,1
663310,1
663316,1
663328,1
663333,2
663335,1
663339,1
663350,1
663353,1
663364,1
663379,1
663390,1
663392,1
663401,1
663405,1
663408,1
663411,1
663413,1
663416,1
663418,1
663425,1
663429,1
663431,1
663444,1
663460,1
663465,1
663468,1
663472,1
663480,1
663486,1
663502,1
663528,1
663555,1
663560,1
663563,1
663574,1
663576,1
663580,1
663583,1
663588,1
663594,1
663602,2
663609,1
663616,1
663649,1
663652,1
663658,2
663670,1
663679,1
663699,1
663704,1
663713,1
663715,1
663721,1
663751,1
663763,1
663769,1
663777,1
663785,1
663792,1
663801,1
663803,1
663809,1
663842,1
663845,1
663847,1
663849,1
663860,1
663866,1
663870,1
663884,1
663890,1
663899,1
663912,1
663917,1
663934,1
663938,1
663940,1
663943,1
663950,1
663961,1
663974,1
663980,1
663983,1
663986,1
663991,1
663994,1
663997,1
664002,1
664014,1
664019,1
664023,1
664025,1
664036,1
664038,1
664057,1
664062,1
664075,1
664081,1
664089,1
664093,1
664106,1
664121,1
664126,1
664129,1
664133,1
664145,1
664149,2
664156,1
664163,1
664165,1
664178,1
664184,1
664188,1
664202,1
664206,1
664208,1
664221,1
664226,1
664257,1
664263,1
664282,1
664296,1
664301,1
664314,1
664317,1
664321,1
664327,1
664351,1
664371,1
664373,1
664377,1
664379,1
664382,1
664388,1
664392,1
664394,1
664397,1
664402,1
664404,1
664417,1
664426,1
664430,1
664440,1
664456,1
664473,1
664485,1
664492,1
664499,1
664506,1
664508,1
664515,1
664526,1
664528,1
664532,1
664537,1
664544,1
664547,1
664551,1
664555,1
664569,1
664572,1
664580,1
664583,1
664587,1
664589,1
664601,1
664605,1
664618,1
664620,1
664623,1
664629,1
664639,1
664646,1
664662,1
664667,1
664675,1
664683,1
664686,1
664690,1
664699,1
664701,1
664704,1
664712,1
664727,1
664740,1
664757,1
664760,1
664773,1
664795,1
664797,1
664802,1
664809,1
664812,1
664819,1
664821,1
664824,1
664835,1
664837,1
664840,1
664844,1
664851,1
664860,1
664864,1
664870,1
664874,1
664885,1
664891,1
664899,1
664908,1
664915,1
664923,1
664925,1
664931,2
664933,1
664935,1
664940,1
664954,1
664992,1
665009,1
665011,1
665019,1
665027,1
665033,1
665038,1
665042,1
665044,1
665063,1
665066,1
665076,1
665079,1
665094,1
665109,1
665113,1
665121,1
665125,1
665129,1
665134,1
665137,1
665140,1
665143,1
665146,1
665153,1
665156,1
665158,1
665160,1
665171,1
665174,1
665188,1
665194,1
665205,1
665214,1
665227,1
665230,1
665234,1
665254,1
665266,1
665269,1
665271,1
665274,1
665280,1
665282,1
665296,1
665299,1
665313,1
665337,1
665342,1
665349,1
665366,2
665368,1
665373,1
665375,1
665383,1
665397,1
665403,2
665405,1
665408,1
665424,1
665429,1
665445,1
665450,1
665456,1
665460,1
665468,1
665476,1
665481,1
665484,2
665486,1
665505,1
665508,1
665514,1
665520,1
665532,1
665536,1
665542,1
665573,1
665575,1
665581,1
665591,1
665595,1
665607,1
665612,1
665615,1
665618,1
665629,1
665644,1
665664,1
665670,1
665674,1
665685,1
665688,1
665702,1
665708,1
665710,1
665719,1
665722,1
665739,1
665748,1
665756,1
665760,1
665772,1
665779,1
665783,1
665785,1
665787,1
665799,1
665802,1
665810,1
665816,1
665818,1
665824,1
665834,1
665837,1
665842,1
665846,1
665853,1
665855,1
665862,1
665870,1
665881,1
665889,1
665894,1
665897,1
665901,1
665912,1
665915,1
665934,1
665943,1
665950,1
665956,1
665968,1
665970,1
665975,1
665977,1
665984,1
665988,1
665991,1
665996,1
666004,1
666006,1
666009,1
666016,1
666027,1
666033,1
666042,1
666045,1
666051,1
666054,1
666065,1
666079,1
666094,1
666098,1
666103,1
666107,1
666109,1
666117,1
666122,1
666126,1
666129,1
666140,1
666143,1
666145,1
666147,1
666149,1
666158,1
666160,1
666163,1
666165,1
666167,1
666179,1
666183,1
666194,1
666204,1
666212,1
666216,1
666223,1
666227,1
666235,1
666239,1
666242,1
666244,1
666253,1
666263,1
666277,1
666292,1
666311,1
666317,1
666328,1
666333,1
666346,1
666351,1
666353,1
666369,1
666375,1
666377,1
666386,1
666390,1
666392,1
666396,1
666401,1
666405,1
666409,1
666412,1
666425,1
666443,1
666447,1
666461,1
666463,1
666480,1
666485,1
666489,1
666497,1
666504,1
666519,1
666527,1
666537,1
666545,1
666558,1
666562,1
666565,1
666574,1
666577,1
666585,1
666593,1
666597,1
666600,1
666610,1
666613,1
666620,1
666626,1
666630,1
666635,1
666642,1
666655,1
666665,1
666667,1
666669,1
666680,1
666687,1
666692,1
666694,1
666699,1
666706,1
666712,1
666727,1
666734,1
666745,1
666747,1
666758,2
666761,1
666766,1
666779,1
666791,1
666797,1
666804,1
666807,1
666810,1
666814,1
666821,1
666826,1
666831,1
666841,1
666843,1
666846,1
666851,1
666856,1
666858,1
666863,1
666867,1
666869,1
666880,1
666891,1
666896,1
666907,1
666913,1
666924,1
666928,1
666931,1
666933,1
666941,1
666956,1
666969,1
666981,1
666988,1
666995,1
666998,1
667004,1
667015,1
667017,1
667022,1
667031,1
667042,1
667053,1
667055,1
667060,1
667064,1
667072,1
667077,1
667086,1
667096,1
667108,1
667114,1
667117,1
667120,1
667131,1
667139,1
667147,1
667154,1
667158,1
667179,1
667181,1
667185,1
667190,1
667194,1
667204,1
667218,1
667222,1
667236,1
667249,1
667262,1
667267,1
667277,1
667281,1
667287,1
667294,1
667297,1
667300,1
667314,1
667318,1
667337,1
667343,1
667352,1
667357,1
667362,1
667394,1
667396,1
667438,1
667452,1
667474,1
667476,1
667487,1
667491,1
667509,1
667526,1
667528,1
667533,1
667541,1
667546,1
667552,1
667559,1
667585,1
667588,1
667604,1
667621,1
667628,1
667630,1
667637,1
667664,1
667676,1
667679,1
667686,1
667694,1
667699,1
667712,1
667717,1
667722,1
667734,1
667737,1
667740,1
667750,1
667778,1
667810,1
667813,1
667842,1
667855,1
667869,1
667892,1
667895,1
667907,1
667912,1
667922,1
667927,1
667930,1
667943,1
667945,1
667950,1
667954,2
667965,1
667969,1
667978,1
667982,1
667988,1
668001,1
668003,1
668009,1
668017,1
668022,1
668028,1
668039,1
668042,1
668045,1
668049,1
668057,1
668060,1
668073,1
668078,1
668083,1
668085,1
668088,1
668100,1
668118,2
668123,1
668134,1
668159,1
668173,1
668178,1
668186,1
668203,1
668208,1
668212,1
668217,1
668220,1
668231,1
668273,1
668287,1
668291,1
668295,1
668307,1
668313,1
668325,1
668340,1
668350,1
668356,1
668366,1
668373,1
668379,1
668381,1
668385,1
668387,1
668390,1
668402,1
668405,1
668409,1
668413,1
668427,1
668436,1
668442,1
668446,1
668451,1
668459,1
668462,1
668482,1
668486,1
668494,1
668499,1
668510,1
668513,1
668516,1
668518,1
668520,1
668528,2
668537,1
668545,1
668551,1
668554,1
668557,1
668559,1
668562,1
668573,1
668580,1
668591,1
668603,1
668622,1
668628,1
668631,1
668640,1
668645,1
668653,1
668660,1
668666,1
668669,1
668671,1
668673,1
668684,1
668688,1
668690,1
668693,2
668704,1
668709,1
668713,1
668717,1
668728,1
668731,1
668748,1
668763,1
668781,1
668786,1
668793,1
668802,1
668807,1
668819,1
668823,1
668837,1
668841,1
668843,1
668854,1
668857,1
668859,1
668864,1
668871,1
668882,1
668890,1
668899,1
668903,1
668915,1
668919,1
668924,1
668935,1
668938,1
668946,1
668954,1
668957,1
668963,1
668974,1
668978,1
668990,1
669000,1
669006,1
669009,1
669012,1
669025,1
669029,1
669033,1
669045,1
669049,1
669053,1
669057,1
669062,1
669068,1
669070,1
669074,1
669080,1
669087,1
669089,1
669093,1
669105,1
669115,1
669121,1
669126,1
669131,1
669133,1
669143,1
669145,1
669148,1
669152,1
669155,1
669163,1
669167,1
669170,1
669173,1
669176,1
669182,1
669186,1
669189,1
669198,1
669200,1
669214,1
669234,1
669236,1
669239,1
669244,1
669251,1
669253,1
669263,1
669282,1
669284,1
669294,1
669296,1
669301,1
669303,1
669313,1
669316,1
669318,1
669332,1
669336,1
669349,1
669363,1
669370,1
669388,1
669407,1
669411,1
669415,1
669424,1
669429,1
669432,1
669456,1
669481,1
669487,1
669501,1
669504,1
669506,1
669509,1
669521,1
669526,2
669530,1
669534,1
669536,1
669542,1
669548,1
669552,1
669559,1
669563,1
669565,1
669568,1
669570,1
669587,1
669591,1
669599,1
669616,1
669620,1
669630,1
669635,1
669638,1
669641,1
669646,1
669655,1
669657,1
669659,1
669665,1
669669,1
669674,1
669680,1
669692,1
669706,1
669713,1
669724,1
669735,1
669750,1
669752,1
669767,1
669771,1
669788,1
669790,1
669805,1
669807,1
669810,1
669813,1
669817,1
669860,1
669865,1
669868,1
669881,1
669889,1
669891,1
669893,1
669899,1
669909,1
669921,1
669930,1
669933,1
669947,1
669959,1
669961,1
669966,1
669976,1
669981,1
669984,1
669993,1
669997,1
670000,1
670004,1
670009,2
670016,1
670019,1
670023,1
670025,1
670037,1
670039,1
670043,1
670056,1
670059,1
670073,1
670089,1
670109,1
670112,1
670116,1
670131,1
670138,1
670140,1
670144,1
670155,1
670157,1
670159,1
670168,1
670185,1
670189,1
670193,1
670205,1
670209,1
670215,1
670222,1
670227,1
670232,1
670244,1
670246,1
670249,1
670254,1
670264,1
670266,1
670270,1
670282,1
670285,1
670299,1
670302,1
670305,1
670338,1
670341,1
670343,1
670346,1
670356,1
670360,1
670366,1
670377,1
670382,1
670388,1
670390,1
670400,1
670403,1
670410,1
670433,1
670436,1
670440,1
670446,1
670449,1
670453,1
670460,2
670477,1
670491,1
670509,1
670516,1
670533,1
670546,1
670559,1
670566,1
670571,1
670609,1
670622,1
670626,1
670628,1
670647,1
670657,1
670661,1
670663,1
670676,1
670680,1
670682,1
670686,1
670691,1
670710,1
670712,1
670722,1
670724,1
670726,1
670742,1
670744,1
670751,1
670754,1
670758,1
670761,1
670763,1
670770,1
670777,1
670779,1
670782,1
670785,1
670788,1
670798,1
670800,1
670803,1
670806,1
670817,1
670826,1
670831,1
670834,1
670842,1
670855,1
670871,1
670874,1
670879,1
670887,1
670889,1
670895,1
670922,1
670931,1
670934,1
670941,1
670943,1
670951,1
670955,1
670966,1
670969,1
670971,1
670973,1
670979,1
670998,1
671023,1
671025,1
671029,1
671031,1
671035,1
671043,1
671060,1
671063,2
671075,1
671078,1
671080,1
671086,1
671088,1
671102,1
671106,1
671140,1
671155,1
671158,1
671176,1
671185,1
671200,1
671215,1
671223,1
671231,1
671233,1
671245,1
671253,1
671257,2
671259,1
671268,1
671270,1
671274,1
671278,1
671283,1
671286,1
671291,1
671295,1
671299,1
671310,1
671313,1
671330,1
671339,1
671346,1
671350,1
671353,1
671357,1
671373,1
671404,1
671443,1
671448,1
671463,1
671465,1
671468,1
671479,1
671485,1
671498,1
671502,1
671504,1
671520,1
671523,1
671532,1
671535,1
671537,1
671541,1
671545,1
671549,1
671552,1
671556,1
671562,1
671565,1
671568,1
671571,1
671575,1
671580,1
671585,1
671591,1
671604,1
671610,1
671619,1
671626,1
671631,1
671633,1
671635,1
671638,1
671652,1
671656,1
671661,1
671668,1
671690,1
671692,1
671698,1
671710,1
671729,1
671737,1
671746,1
671764,1
671788,1
671792,1
671806,1
671825,1
671840,1
671846,1
671854,1
671858,1
671863,1
671879,1
671906,1
671919,1
671921,1
671931,1
671936,1
671940,1
671942,1
671955,1
671957,1
671961,1
671970,1
671991,1
671996,1
671998,1
672001,1
672011,1
672013,1
672017,1
672036,1
672047,1
672052,1
672066,1
672071,1
672081,1
672085,1
672092,1
672095,1
672107,1
672109,1
672126,1
672130,1
672134,1
672137,1
672140,1
672161,1
672164,1
672168,1
672175,1
672180,1
672183,1
672187,1
672189,1
672200,1
672204,1
672213,1
672219,1
672225,1
672242,1
672261,1
672276,1
672278,1
672283,1
672299,1
672310,1
672323,1
672338,1
672351,1
672357,1
672361,1
672368,1
672375,1
672379,1
672409,1
672418,1
672429,1
672434,1
672452,2
672462,1
672470,1
672473,1
672478,1
672492,1
672502,1
672505,1
672513,1
672519,1
672528,1
672530,1
672544,1
672548,1
672564,1
672567,1
672573,1
672580,1
672584,1
672599,1
672618,1
672624,1
672641,1
672656,1
672665,1
672670,1
672673,1
672675,1
672680,1
672692,1
672695,1
672702,1
672704,1
672716,1
672718,1
672720,1
672723,1
672728,1
672732,1
672735,1
672748,1
672754,1
672758,1
672766,1
672776,1
672784,1
672789,1
672794,1
672797,1
672809,1
672813,2
672815,1
672821,1
672823,1
672827,1
672832,1
672836,1
672839,1
672852,1
672858,1
672867,1
672871,1
672880,1
672883,1
672886,1
672889,1
672892,1
672905,2
672910,1
672933,1
672945,1
672962,1
672979,1
672982,1
672986,1
673000,1
673002,1
673015,1
673018,1
673024,1
673040,1
673053,1
673061,1
673075,1
673080,1
673093,1
673095,1
673097,1
673135,1
673137,1
673143,1
673147,1
673149,1
673156,1
673161,2
673176,1
673181,1
673189,1
673196,1
673207,1
673211,1
673213,1
673215,1
673230,1
673233,1
673268,1
673280,1
673303,1
673305,1
673308,1
673324,1
673334,1
673345,1
673348,1
673363,1
673365,1
673368,1
673378,1
673382,1
673391,1
673396,1
673413,1
673418,1
673432,1
673437,1
673441,1
673476,1
673480,1
673483,1
673495,1
673509,1
673511,1
673516,1
673530,1
673532,1
673535,1
673537,1
673539,1
673549,1
673553,1
673556,1
673587,1
673602,1
673630,1
673638,1
673647,1
673649,1
673653,1
673663,1
673682,2
673701,1
673708,1
673714,1
673721,1
673735,1
673737,1
673745,1
673755,1
673764,1
673783,1
673800,1
673832,1
673857,1
673859,1
673871,1
673877,1
673879,1
673894,1
673907,1
673916,1
673931,1
673934,1
673952,1
673987,1
673994,1
674004,1
674008,1
674011,1
674028,1
674031,2
674042,1
674045,1
674048,1
674050,1
674052,1
674125,1
674143,1
674179,1
674182,1
674186,1
674191,1
674198,1
674202,1
674220,1
674228,1
674238,1
674258,1
674270,1
674277,1
674294,1
674312,1
674315,1
674332,1
674343,1
674371,2
674392,1
674422,1
674429,1
674432,1
674438,1
674448,1
674452,1
674458,1
674462,1
674468,1
674476,1
674478,1
674510,1
674513,1
674538,1
674543,1
674550,1
674561,1
674563,1
674579,1
674599,1
674607,1
674620,1
674629,1
674633,1
674637,1
674639,1
674649,1
674652,1
674658,1
674672,1
674684,1
674709,1
674732,1
674746,1
674753,2
674760,1
674770,1
674774,2
674777,1
674793,1
674809,1
674824,1
674827,1
674837,1
674844,1
674847,1
674849,1
674856,1
674866,1
674884,2
674902,1
674904,1
674906,1
674923,1
674961,1
674968,1
674970,1
674981,1
674986,1
674992,1
674999,1
675014,1
675017,1
675019,1
675035,1
675037,1
675046,1
675053,1
675055,1
675057,1
675061,1
675070,1
675072,1
675075,1
675090,1
675094,1
675111,1
675113,1
675118,1
675133,1
675148,1
675151,1
675159,1
675167,1
675171,1
675185,1
675191,2
675206,1
675208,1
675228,1
675242,1
675246,1
675254,1
675257,1
675267,1
675272,1
675283,1
675285,1
675291,1
675303,1
675317,1
675321,1
675327,1
675336,1
675347,1
675356,1
675360,1
675362,1
675377,1
675379,1
675382,1
675396,1
675399,1
675414,1
675426,1
675443,1
675455,1
675465,1
675472,1
675474,1
675491,1
675494,1
675504,1
675507,1
675509,1
675514,1
675519,1
675523,1
675528,1
675530,1
675540,1
675552,2
675565,1
675570,1
675588,1
675599,1
675602,2
675606,1
675613,1
675615,1
675618,1
675626,1
675629,1
675637,1
675645,1
675649,1
675679,1
675682,1
675684,1
675689,1
675699,1
675703,1
675713,1
675717,1
675721,1
675725,1
675732,1
675737,1
675740,1
675742,1
675757,1
675763,1
675774,1
675797,1
675801,1
675815,1
675817,1
675834,1
675849,1
675852,1
675854,1
675859,1
675866,1
675870,1
675876,1
675882,1
675889,1
675895,1
675898,1
675908,1
675910,1
675912,1
675922,1
675926,1
675939,1
675946,1
675949,1
675955,1
675968,1
675989,1
675998,1
676002,1
676022,1
676025,1
676039,1
676045,1
676065,2
676068,1
676078,1
676083,1
676086,1
676098,1
676103,1
676106,1
676115,1
676126,1
676142,1
676150,1
676154,1
676156,1
676158,1
676165,1
676175,1
676178,1
676184,1
676196,1
676209,1
676215,1
676220,1
676230,1
676235,1
676253,1
676260,1
676268,1
676276,1
676280,1
676289,1
676304,1
676308,1
676310,1
676312,1
676315,1
676330,1
676344,1
676346,1
676363,1
676367,1
676380,1
676386,1
676392,1
676400,1
676403,1
676409,1
676422,1
676425,1
676429,1
676441,1
676455,1
676458,1
676463,1
676477,1
676481,1
676485,1
676496,1
676498,1
676502,1
676514,1
676518,1
676520,1
676525,1
676534,1
676538,1
676540,1
676556,1
676560,1
676565,1
676572,1
676576,1
676579,1
676581,1
676585,1
676594,1
676596,1
676604,1
676610,1
676615,1
676620,1
676631,1
676634,1
676647,1
676652,1
676659,1
676668,1
676686,1
676689,1
676692,1
676704,1
676707,1
676709,1
676711,1
676724,1
676735,1
676742,1
676748,1
676750,1
676753,1
676763,1
676768,1
676775,1
676787,1
676790,2
676803,1
676807,2
676814,1
676822,1
676825,1
676831,1
676837,1
676840,1
676845,1
676861,1
676876,1
676880,1
676895,1
676898,1
676903,1
676912,1
676918,1
676922,1
676937,1
676940,1
676953,1
676956,1
676961,1
676966,1
676975,1
676977,1
676980,1
676991,1
676994,1
677005,1
677007,1
677012,1
677015,1
677023,1
677029,1
677035,1
677039,1
677041,1
677049,1
677054,2
677067,1
677070,1
677074,1
677076,1
677079,1
677090,1
677100,1
677103,1
677109,1
677111,1
677125,1
677127,1
677139,1
677145,1
677148,1
677162,1
677182,1
677187,1
677204,1
677207,1
677210,1
677216,1
677225,1
677245,1
677260,1
677281,1
677297,1
677300,1
677304,1
677314,1
677318,1
677321,2
677333,1
677335,1
677337,1
677343,1
677346,1
677354,1
677357,1
677365,1
677373,1
677376,1
677379,1
677393,1
677399,1
677431,1
677434,1
677437,1
677450,1
677454,1
677456,1
677469,1
677488,1
677493,1
677503,1
677510,1
677516,1
677542,1
677544,1
677551,1
677560,1
677564,1
677579,1
677583,1
677596,1
677601,1
677619,1
677624,1
677635,1
677641,1
677655,1
677659,1
677661,1
677667,1
677679,2
677681,1
677683,1
677697,1
677707,1
677718,1
677731,1
677735,1
677739,1
677750,1
677753,1
677757,1
677769,1
677810,1
677815,1
677825,1
677829,1
677832,1
677852,1
677866,1
677870,1
677872,1
677888,1
677901,1
677905,1
677911,1
677921,1
677926,1
677930,1
677946,1
677951,1
677965,1
677980,1
677999,1
678002,1
678005,1
678010,1
678017,1
678029,1
678041,1
678053,1
678058,1
678077,1
678097,1
678100,1
678104,1
678107,1
678112,1
678115,1
678117,1
678119,1
678121,1
678126,1
678129,1
678134,1
678138,1
678149,1
678152,1
678155,1
678157,1
678168,1
678171,1
678174,1
678178,1
678187,1
678192,1
678195,1
678208,1
678211,1
678213,1
678215,1
678221,1
678225,1
678229,1
678233,1
678236,1
678241,1
678246,1
678253,1
678257,1
678263,1
678269,1
678271,1
678281,1
678287,1
678290,1
678296,1
678306,1
678319,1
678321,1
678323,1
678328,1
678340,1
678344,1
678360,1
678362,1
678370,1
678377,1
678393,1
678401,1
678404,1
678413,1
678418,1
678437,1
678444,1
678463,1
678471,1
678478,1
678498,1
678508,1
678516,1
678533,1
678551,1
678557,1
678573,1
678575,1
678578,1
678610,1
678617,1
678629,1
678631,1
678641,1
678647,1
678649,1
678666,1
678684,1
678691,2
678693,1
678702,1
678717,1
678727,1
678737,1
678740,1
678746,1
678762,1
678780,1
678798,1
678802,1
678805,1
678831,1
678837,1
678845,1
678858,1
678868,1
678873,1
678876,1
678879,1
678886,1
678895,1
678897,1
678912,1
678914,1
678928,1
678950,1
678966,1
678968,1
678970,1
678974,2
678984,1
678990,1
678992,1
678994,1
679023,1
679035,1
679043,1
679049,1
679065,1
679068,1
679072,1
679080,1
679082,1
679086,1
679089,1
679100,1
679110,1
679115,1
679120,1
679122,1
679141,1
679162,1
679174,1
679199,1
679206,1
679215,1
679219,1
679221,1
679235,1
679237,1
679239,1
679251,1
679261,1
679270,1
679272,1
679289,1
679292,1
679295,1
679300,1
679351,1
679354,1
679358,1
679386,1
679389,1
679405,1
679408,1
679410,1
679415,1
679425,1
679428,1
679445,2
679447,1
679467,1
679474,1
679483,1
679486,1
679491,1
679500,1
679504,1
679510,1
679518,1
679523,1
679525,1
679535,1
679541,1
679558,1
679561,1
679571,1
679575,1
679581,1
679589,1
679595,1
679598,1
679600,1
679614,1
679616,1
679620,1
679626,1
679632,1
679639,1
679653,1
679655,1
679669,1
679673,1
679676,1
679683,1
679694,1
679706,1
679713,1
679737,1
679770,1
679774,1
679787,2
679790,1
679795,1
679803,1
679805,1
679809,1
679826,1
679832,1
679838,1
679841,1
679843,1
679847,1
679849,1
679863,1
679866,1
679869,1
679885,1
679895,1
679907,1
679921,1
679933,1
679939,1
679942,1
679946,1
679969,1
679978,1
679995,1
680002,1
680016,2
680030,1
680049,1
680053,1
680055,1
680067,1
680070,1
680075,1
680087,1
680089,1
680091,1
680096,1
680107,1
680111,1
680113,1
680119,1
680132,1
680149,1
680162,1
680169,1
680182,1
680186,1
680189,1
680202,1
680206,1
680221,1
680227,1
680238,1
680244,1
680248,1
680252,1
680264,1
680267,1
680281,1
680289,1
680303,1
680314,1
680321,1
680334,1
680336,1
680340,1
680356,1
680376,1
680379,1
680392,1
680397,1
680406,1
680412,1
680415,1
680417,1
680420,1
680430,1
680434,1
680436,1
680442,1
680446,1
680450,1
680455,1
680460,1
680463,1
680467,1
680469,1
680473,1
680483,1
680487,1
680489,1
680493,1
680499,1
680502,1
680510,1
680520,1
680524,1
680528,1
680543,1
680559,1
680569,1
680586,1
680598,1
680600,1
680603,1
680608,1
680621,1
680626,1
680642,1
680654,1
680661,1
680665,1
680683,1
680699,1
680702,1
680715,1
680719,1
680733,1
680738,1
680742,1
680752,1
680754,1
680758,1
680760,1
680771,1
680775,1
680777,1
680788,1
680790,1
680798,1
680805,1
680811,1
680814,1
680846,1
680851,1
680868,1
680888,1
680896,1
680924,1
680928,1
680941,1
680949,1
680960,1
680966,1
680970,1
680980,1
680986,1
680999,1
681003,1
681006,1
681009,1
681020,1
681022,1
681027,1
681034,1
681038,1
681042,1
681046,1
681056,1
681062,1
681065,1
681067,1
681077,1
681082,1
681095,1
681104,1
681120,1
681126,1
681150,1
681156,1
681176,1
681187,1
681194,1
681196,1
681211,1
681213,1
681228,1
681231,1
681235,1
681240,1
681253,1
681262,1
681266,1
681275,1
681321,1
681329,1
681336,1
681341,1
681346,1
681348,1
681350,1
681360,1
681362,1
681379,1
681382,1
681384,1
681388,1
681398,1
681403,1
681406,1
681417,1
681422,1
681438,1
681440,1
681458,1
681462,1
681478,1
681481,1
681494,1
681499,1
681518,1
681523,1
681531,1
681536,1
681541,1
681552,2
681555,1
681571,1
681573,1
681576,1
681580,1
681589,1
681591,1
681611,1
681614,1
681617,1
681619,1
681628,1
681649,1
681652,1
681655,1
681683,1
681687,1
681689,1
681702,1
681721,1
681740,1
681744,1
681750,1
681759,1
681763,1
681773,1
681776,1
681786,1
681795,1
681797,1
681799,1
681807,1
681818,1
681820,1
681823,1
681835,1
681837,1
681852,1
681855,1
681857,1
681860,1
681862,1
681864,1
681875,1
681890,1
681898,1
681913,1
681915,1
681917,1
681930,1
681932,1
681935,2
681939,1
681949,1
681951,1
681953,1
681956,1
681958,1
681967,1
681969,1
681971,1
681974,1
681978,1
681983,1
681988,1
681990,1
681996,1
682006,1
682011,1
682014,1
682025,1
682027,1
682030,1
682032,1
682034,1
682045,1
682048,1
682060,1
682063,1
682065,1
682067,1
682069,1
682072,1
682086,1
682088,1
682090,1
682093,1
682104,1
682116,1
682132,1
682143,1
682147,1
682160,1
682177,1
682184,1
682197,1
682199,1
682201,1
682207,1
682216,1
682219,1
682233,1
682236,1
682253,1
682259,1
682275,1
682280,1
682283,1
682290,1
682298,1
682310,1
682312,1
682321,1
682331,1
682333,1
682338,1
682350,1
682366,1
682371,1
682388,1
682390,1
682401,1
682405,1
682424,1
682431,1
682442,1
682444,1
682448,1
682454,1
682464,1
682470,1
682474,1
682483,1
682488,1
682492,1
682498,1
682502,1
682507,1
682511,1
682514,1
682522,1
682528,1
682537,1
682545,1
682551,1
682558,1
682574,1
682576,1
682580,1
682588,1
682596,1
682611,1
682614,1
682622,1
682635,1
682651,1
682655,1
682660,1
682674,1
682691,1
682698,1
682707,1
682710,1
682718,1
682721,1
682734,1
682746,1
682753,1
682762,1
682766,1
682771,1
682773,1
682777,1
682780,1
682782,1
682787,1
682790,1
682801,1
682806,1
682809,1
682821,1
682824,1
682831,1
682882,1
682900,1
682918,1
682934,1
682936,1
682965,1
682973,1
682992,1
682995,1
683002,1
683012,1
683014,1
683030,1
683036,1
683038,1
683040,1
683046,1
683050,1
683056,1
683080,1
683083,1
683091,1
683100,1
683107,1
683109,1
683118,1
683129,1
683147,1
683165,1
683183,1
683187,1
683193,1
683195,1
683201,1
683205,1
683207,1
683209,1
683213,1
683220,1
683223,1
683241,1
683249,1
683261,1
683270,1
683279,1
683286,1
683296,1
683299,1
683311,1
683314,1
683318,1
683320,1
683326,1
683332,1
683336,1
683338,1
683342,1
683349,1
683355,1
683358,1
683361,1
683369,1
683374,1
683394,1
683403,1
683412,1
683414,1
683432,1
683438,1
683449,1
683452,1
683457,1
683471,1
683475,2
683486,1
683488,1
683491,1
683493,1
683523,1
683526,1
683528,1
683546,1
683554,1
683564,1
683568,1
683585,1
683603,1
683605,1
683632,1
683639,1
683641,1
683644,2
683658,1
683660,1
683666,1
683670,1
683679,1
683696,1
683698,1
683716,1
683732,1
683734,1
683745,1
683755,1
683759,1
683761,1
683773,1
683777,1
683785,1
683793,1
683795,1
683808,1
683813,1
683835,1
683849,1
683857,1
683869,1
683876,1
683886,1
683889,1
683897,1
683903,1
683909,1
683934,1
683944,1
683949,1
683963,1
683983,1
683987,1
683990,1
683998,1
684003,1
684012,1
684020,1
684033,1
684057,1
684059,1
684067,1
684078,1
684086,1
684089,1
684097,1
684099,1
684102,1
684111,1
684116,1
684122,1
684127,1
684137,1
684142,1
684144,1
684154,1
684157,1
684171,1
684182,1
684192,2
684202,1
684211,1
684213,1
684217,1
684221,1
684226,1
684235,1
684239,1
684268,1
684273,1
684277,1
684287,1
684289,1
684304,1
684307,1
684324,1
684326,1
684343,1
684360,1
684363,1
684380,1
684400,1
684418,1
684420,1
684430,1
684438,1
684440,1
684455,1
684457,1
684470,1
684486,1
684492,1
684496,1
684498,1
684507,1
684510,1
684512,1
684518,1
684520,1
684527,1
684529,1
684533,1
684535,1
684540,1
684549,1
684554,1
684561,1
684571,1
684573,1
684591,1
684599,1
684602,1
684608,1
684611,1
684623,1
684633,1
684647,1
684669,1
684671,1
684678,1
684684,1
684688,1
684690,1
684693,1
684704,1
684706,1
684717,1
684721,1
684725,1
684728,1
684730,1
684736,1
684745,1
684780,1
684816,1
684819,1
684827,1
684836,1
684841,1
684850,1
684856,1
684894,1
684919,1
684921,1
684931,1
684936,1
684944,1
684952,1
684965,1
684978,1
684981,1
684990,1
684995,1
685001,1
685011,2
685020,1
685025,1
685033,1
685045,1
685064,1
685075,1
685085,1
685100,1
685105,1
685115,1
685120,1
685125,1
685133,1
685137,1
685143,1
685155,1
685169,1
685171,1
685181,1
685198,1
685200,1
685209,1
685213,1
685219,1
685221,1
685231,1
685254,1
685257,1
685274,1
685285,1
685293,1
685296,1
685304,1
685312,1
685314,1
685325,1
685331,1
685336,1
685346,1
685352,1
685366,1
685380,2
685390,1
685394,1
685396,1
685399,1
685401,1
685403,1
685408,1
685414,1
685427,1
685440,1
685445,1
685447,1
685464,1
685468,1
685470,1
685479,1
685485,1
685487,1
685502,1
685516,1
685520,1
685522,1
685533,1
685537,1
685543,2
685554,1
685556,1
685572,1
685578,1
685581,1
685588,1
685592,1
685600,1
685616,1
685636,2
685638,1
685641,1
685647,1
685658,1
685673,1
685681,2
685691,1
685710,1
685713,1
685718,1
685727,1
685732,1
685738,1
685750,1
685766,1
685769,1
685779,1
685786,1
685789,1
685805,1
685825,1
685827,1
685829,1
685843,1
685846,1
685848,1
685858,1
685860,1
685864,1
685866,1
685868,1
685880,1
685883,1
685886,1
685891,1
685896,1
685910,1
685924,2
685933,1
685935,1
685942,1
685945,1
685950,1
685959,1
685961,1
685976,1
685978,1
685987,1
685996,1
685998,1
686008,1
686014,1
686016,1
686018,1
686026,1
686028,1
686032,1
686036,1
686038,1
686044,2
686054,1
686056,1
686058,1
686069,1
686072,1
686075,1
686077,1
686092,1
686094,1
686096,1
686109,1
686112,1
686114,1
686117,1
686128,1
686130,1
686167,1
686170,2
686172,1
686180,1
686184,1
686188,1
686192,2
686200,1
686204,1
686209,2
686220,1
686223,2
686225,1
686229,1
686235,1
686240,1
686245,1
686247,1
686253,1
686259,1
686266,1
686268,1
686275,1
686283,1
686297,1
686303,1
686335,1
686339,1
686348,1
686358,1
686361,1
686364,1
686368,1
686379,1
686391,1
686412,1
686415,1
686421,1
686425,1
686435,1
686451,1
686453,1
686463,1
686471,1
686474,2
686476,1
686479,1
686493,1
686495,1
686507,1
686510,1
686523,1
686538,1
686549,2
686563,1
686568,1
686585,1
686602,1
686604,1
686607,1
686609,1
686622,1
686625,1
686638,1
686644,1
686680,1
686694,1
686701,1
686715,1
686717,1
686720,1
686731,1
686739,1
686750,1
686757,1
686774,1
686776,1
686794,1
686812,1
686814,1
686832,1
686845,1
686853,2
686865,1
686873,2
686881,1
686891,1
686911,1
686922,1
686928,1
686931,1
686947,1
686963,1
686966,1
686983,1
686993,1
686995,1
686999,1
687003,1
687007,1
687021,1
687059,1
687061,1
687077,1
687081,2
687083,1
687099,1
687101,1
687118,1
687121,1
687136,1
687138,1
687149,1
687156,1
687160,1
687177,1
687194,1
687206,1
687208,1
687215,1
687217,1
687232,1
687248,1
687251,1
687262,1
687271,1
687274,1
687285,1
687292,1
687307,1
687345,1
687354,1
687366,1
687381,1
687385,2
687397,1
687403,1
687406,1
687413,1
687422,1
687433,1
687439,1
687441,1
687445,1
687460,1
687477,1
687489,1
687495,1
687498,1
687500,1
687503,1
687516,1
687519,2
687537,1
687548,1
687556,1
687575,1
687592,1
687594,1
687597,1
687606,1
687612,1
687615,1
687629,1
687631,1
687643,1
687650,1
687652,1
687668,1
687685,1
687687,1
687689,1
687701,1
687708,2
687720,1
687726,1
687728,1
687743,1
687745,1
687761,1
687763,1
687766,1
687776,1
687783,1
687798,1
687802,1
687805,1
687821,1
687835,1
687839,1
687841,1
687852,1
687859,1
687873,1
687876,1
687879,2
687881,1
687884,1
687898,1
687913,1
687915,1
687934,1
687939,2
687943,1
687949,1
687956,1
687962,1
687967,1
687973,1
687975,1
687990,1
687995,1
688009,1
688011,1
688028,1
688043,1
688049,1
688066,1
688070,1
688072,1
688081,1
688088,1
688104,1
688124,1
688143,1
688161,1
688163,1
688181,1
688198,1
688200,1
688202,1
688219,1
688240,1
688248,1
688258,1
688272,1
688276,1
688278,1
688288,1
688295,1
688298,2
688301,1
688314,1
688321,1
688331,1
688334,1
688354,1
688373,2
688390,1
688396,1
688409,1
688412,1
688424,1
688429,1
688445,1
688447,1
688450,1
688467,1
688473,1
688484,1
688487,2
688501,1
688522,1
688544,2
688561,1
688565,1
688576,1
688582,2
688598,1
688603,1
688618,1
688632,1
688637,1
688654,1
688656,1
688658,1
688663,1
688676,1
688692,1
688694,1
688713,1
688734,1
688767,1
688769,1
688772,1
688779,1
688789,1
688791,1
688802,1
688808,1
688810,1
688825,1
688827,1
688830,1
688845,1
688847,1
688864,1
688868,1
688881,1
688884,1
688886,1
688889,1
688897,1
688904,1
688908,1
688914,1
688924,1
688933,1
688942,2
688959,1
688963,1
688965,1
688979,1
688998,1
689014,1
689016,1
689018,1
689021,1
689036,1
689039,1
689053,1
689055,1
689057,1
689059,1
689074,1
689077,1
689092,1
689094,1
689096,1
689112,1
689128,1
689131,1
689135,1
689146,1
689151,1
689167,1
689169,1
689172,1
689188,1
689208,1
689212,1
689239,1
689244,1
689246,1
689260,1
689265,1
689282,1
689284,1
689287,1
689299,1
689303,1
689320,1
689324,1
689340,1
689357,1
689359,1
689362,1
689378,1
689381,1
689396,1
689398,1
689409,1
689417,2
689426,1
689435,1
689440,1
689454,1
689460,1
689462,1
689474,1
689480,1
689492,1
689501,1
689510,1
689512,1
689514,1
689531,2
689538,1
689540,1
689555,1
689569,2
689575,1
689588,1
689592,1
689599,1
689607,1
689613,1
689624,1
689627,1
689629,1
689645,2
689664,1
689667,1
689682,1
689702,1
689710,1
689721,1
689739,1
689756,1
689759,1
689770,1
689776,1
689778,1
689794,1
689796,1
689799,2
689801,1
689815,1
689817,1
689823,1
689834,1
689851,1
689853,1
689856,1
689864,1
689874,2
689890,1
689893,1
689895,1
689898,1
689911,1
689924,1
689928,1
689931,1
689947,1
689950,2
689965,1
689967,1
689970,1
689972,1
689980,1
689987,1
690002,1
690005,1
690007,1
690010,1
690026,2
690079,1
690082,1
690084,1
690086,1
690101,1
690119,1
690138,1
690156,1
690160,1
690175,1
690177,1
690194,1
690197,1
690203,1
690216,1
690219,1
690251,1
690270,1
690289,1
690291,1
690307,1
690309,1
690326,1
690329,1
690351,1
690367,2
690385,1
690389,1
690403,1
690406,2
690408,1
690423,1
690428,2
690430,1
690432,1
690441,1
690445,1
690480,1
690498,1
690517,1
690521,1
690534,1
690539,2
690542,1
690556,1
690558,1
690579,1
690595,1
690598,1
690606,1
690608,1
690616,2
690620,1
690626,1
690633,1
690635,1
690644,1
690652,2
690664,1
690676,1
690689,1
690698,1
690702,1
690708,1
690712,1
690717,1
690729,1
690734,1
690741,1
690747,1
690749,1
690752,1
690760,1
690769,2
690772,1
690785,1
690789,1
690799,1
690804,1
690809,1
690824,2
690841,1
690843,1
690859,1
690861,1
690865,1
690881,1
690915,1
690917,1
690920,1
690936,1
690953,1
690955,1
690971,1
690975,2
690978,1
690993,1
690995,1
690998,1
691012,1
691027,1
691029,1
691031,1
691037,1
691066,1
691069,1
691080,1
691091,2
691105,1
691107,1
691109,1
691112,1
691126,1
691137,1
691144,1
691146,1
691152,1
691169,1
691178,1
691183,1
691185,1
691188,1
691203,2
691237,1
691239,1
691242,2
691245,1
691260,1
691263,1
691277,1
691296,1
691314,1
691316,1
691319,1
691335,1
691352,1
691354,1
691356,1
691368,1
691375,1
691378,1
691388,1
691390,1
691392,1
691395,1
691397,1
691405,1
691412,1
691414,1
691418,1
691432,2
691444,1
691449,1
691451,1
691460,1
691468,1
691489,1
691502,1
691504,1
691509,1
691524,1
691543,2
691545,1
691548,1
691559,1
691563,1
691568,2
691570,1
691582,1
691584,1
691606,1
691616,1
691620,1
691625,1
691639,1
691651,1
691661,2
691678,1
691692,1
691696,1
691714,2
691716,1
691719,1
691735,1
691751,1
691753,1
691755,1
691790,1
691813,1
691828,1
691843,1
691849,2
691851,1
691866,1
691868,1
691870,1
691882,1
691887,2
691906,1
691924,1
691941,1
691943,1
691961,1
691979,1
691981,1
691984,1
692000,1
692017,1
692019,1
692022,1
692024,1
692026,1
692036,1
692042,1
692059,1
692076,2
692100,1
692113,1
692115,1
692119,1
692129,1
692134,1
692137,1
692151,1
692153,1
692170,1
692188,1
692191,1
692194,1
692209,1
692219,1
692228,1
692230,1
692232,1
692247,1
692264,1
692267,1
692284,1
692303,2
692305,1
692308,1
692323,1
692326,2
692340,1
692342,1
692357,1
692360,1
692362,1
692365,1
692379,1
692382,1
692398,1
692413,1
692418,1
692422,2
692424,1
692427,1
692439,1
692452,1
692459,1
692474,1
692477,1
692493,1
692503,1
692512,1
692514,1
692549,1
692551,1
692555,1
692558,1
692571,1
692585,1
692590,1
692612,1
692621,1
692627,1
692629,1
692646,1
692649,2
692662,1
692665,1
692668,1
692676,1
692684,1
692700,1
692702,1
692708,1
692721,1
692724,2
692740,1
692745,1
692760,1
692769,1
692779,2
692785,1
692801,1
692816,1
692819,1
692821,1
692829,1
692837,1
692853,1
692855,1
692857,1
692865,1
692876,2
692881,1
692890,1
692894,1
692896,1
692898,1
692900,1
692913,1
692916,1
692923,1
692931,1
692933,1
692949,1
692967,1
692987,1
693002,1
693007,2
693035,1
693047,1
693068,1
693083,1
693102,2
693138,1
693140,1
693159,1
693176,1
693192,1
693196,1
693198,1
693201,1
693216,1
693233,1
693269,1
693273,1
693277,1
693280,1
693290,1
693293,1
693310,1
693318,1
693329,1
693334,1
693344,1
693350,1
693367,1
693386,1
693391,1
693402,1
693406,1
693409,1
693421,1
693425,1
693434,1
693443,1
693462,1
693480,1
693499,1
693501,1
693504,1
693520,1
693537,1
693557,1
693562,1
693569,1
693573,1
693579,2
693581,1
693585,1
693593,1
693598,1
693601,1
693612,1
693615,1
693618,1
693621,1
693632,1
693637,1
693653,1
693655,1
693657,1
693672,1
693685,1
693709,1
693731,1
693735,1
693740,1
693746,1
693750,1
693753,2
693770,1
693786,1
693788,1
693800,1
693805,1
693808,1
693824,1
693828,1
693834,1
693843,1
693845,1
693861,1
693871,1
693880,1
693894,1
693900,1
693904,1
693918,1
693921,1
693934,1
693938,1
693944,1
693953,1
693957,1
693962,1
693964,1
693968,1
693977,1
693982,1
693989,1
693992,1
693996,1
694001,2
694015,2
694028,1
694030,1
694035,1
694042,1
694050,1
694052,1
694070,1
694089,1
694107,1
694121,1
694129,2
694147,1
694182,1
694184,1
694186,1
694188,1
694204,1
694222,1
694225,1
694237,1
694242,1
694258,1
694260,1
694274,1
694280,1
694293,1
694297,1
694303,1
694318,1
694335,1
694354,1
694357,1
694381,1
694393,1
694395,1
694407,1
694413,1
694430,1
694434,1
694455,1
694469,1
694473,1
694489,1
694505,1
694513,2
694527,1
694546,1
694564,1
694578,1
694583,1
694586,1
694588,1
694599,1
694603,1
694606,2
694621,1
694626,1
694637,1
694641,1
694643,1
694658,1
694661,1
694675,1
694679,1
694686,1
694694,1
694698,1
694716,1
694734,1
694737,1
694752,1
694755,1
694759,2
694775,1
694780,1
694793,1
694796,1
694811,1
694815,1
694830,1
694836,1
694850,1
694854,1
694868,1
694870,1
694874,1
694888,1
694892,1
694895,1
694908,2
694911,1
694926,1
694931,1
694937,1
694958,1
694964,1
694985,1
695001,1
695004,1
695010,1
695034,1
695039,1
695042,1
695064,1
695073,1
695078,1
695082,1
695097,2
695099,1
695116,1
695131,1
695171,1
695185,1
695191,1
695195,1
695206,1
695211,1
695225,1
695229,1
695233,1
695248,1
695256,1
695268,1
695272,1
695287,1
695290,1
695305,1
695324,1
695326,1
695343,1
695376,1
695381,1
695384,1
695418,1
695432,1
695437,1
695440,2
695446,1
695460,1
695475,1
695479,1
695494,1
695496,1
695498,1
695500,1
695515,1
695518,1
695529,1
695541,1
695567,1
695571,1
695574,1
695590,1
695593,1
695608,1
695611,2
695628,1
695632,1
695647,1
695650,1
695667,1
695675,1
695688,1
695716,1
695722,1
695725,2
695742,1
695746,1
695761,1
695767,1
695770,1
695778,1
695783,2
695789,1
695800,1
695804,1
695818,1
695820,1
695833,1
695840,2
695845,1
695857,1
695859,1
695861,1
695892,1
695895,2
695903,1
695918,1
695946,1
695951,1
695953,1
695955,1
695970,1
695973,2
695984,1
695990,1
695995,1
695998,1
696003,1
696010,1
696012,1
696014,1
696033,1
696046,1
696048,1
696050,1
696055,1
696067,1
696070,1
696094,1
696103,1
696107,1
696109,1
696123,1
696140,1
696145,1
696177,1
696179,1
696181,1
696216,1
696235,1
696237,1
696239,1
696245,1
696273,1
696298,2
696318,1
696334,1
696350,1
696354,1
696369,1
696384,1
696387,1
696389,1
696391,1
696393,1
696409,2
696426,1
696431,1
696443,1
696449,1
696463,1
696465,1
696471,1
696474,1
696481,1
696485,1
696495,1
696500,1
696505,2
696507,1
696520,1
696524,1
696529,1
696544,1
696546,1
696576,1
696579,2
696582,1
696598,1
696600,1
696610,1
696621,1
696635,1
696638,1
696647,1
696658,1
696673,1
696687,1
696692,1
696694,1
696696,1
696729,1
696734,1
696741,1
696750,1
696753,1
696763,1
696770,1
696773,1
696787,1
696790,2
696806,1
696808,1
696810,1
696814,1
696822,1
696828,1
696841,1
696843,1
696845,1
696860,1
696863,1
696866,1
696882,1
696884,1
696902,2
696924,1
696939,1
696941,1
696959,2
696961,1
696978,1
696995,1
697001,1
697012,1
697017,1
697033,1
697037,1
697039,1
697050,1
697055,1
697071,1
697075,1
697077,1
697088,1
697093,1
697107,1
697110,1
697115,1
697128,1
697130,1
697132,1
697141,1
697147,1
697185,1
697208,1
697212,1
697216,1
697226,1
697240,1
697256,1
697262,1
697265,1
697281,1
697296,1
697300,1
697310,1
697325,1
697338,1
697341,1
697357,1
697371,1
697379,1
697381,1
697395,1
697398,2
697412,1
697415,1
697419,1
697431,1
697434,1
697449,1
697452,1
697454,1
697458,1
697469,1
697473,1
697478,1
697487,1
697491,1
697495,1
697499,2
697509,1
697512,1
697524,1
697544,1
697546,1
697565,1
697567,1
697569,1
697582,1
697587,1
697601,1
697604,1
697618,1
697622,1
697631,1
697638,1
697643,1
697647,1
697662,1
697677,1
697681,1
697685,1
697700,1
697703,1
697718,1
697726,1
697731,1
697736,1
697744,1
697750,1
697758,1
697762,1
697769,1
697776,1
697779,1
697785,1
697795,1
697799,1
697811,1
697815,2
697817,1
697828,1
697833,1
697836,2
697839,1
697852,1
697856,1
697868,1
697878,1
697889,1
697906,1
697909,1
697926,1
697931,1
697967,1
697984,1
698009,1
698022,1
698026,1
698041,1
698061,2
698079,1
698081,1
698093,1
698103,1
698114,1
698135,1
698137,1
698151,1
698155,1
698160,1
698178,1
698191,1
698194,1
698216,1
698248,1
698252,1
698257,1
698266,1
698269,1
698272,1
698274,1
698276,1
698288,1
698290,1
698294,1
698301,1
698303,1
698309,1
698314,1
698324,1
698327,1
698333,1
698335,1
698347,1
698383,1
698385,1
698387,1
698390,1
698400,1
698405,1
698439,1
698441,1
698444,1
698459,1
698478,1
698499,1
698507,1
698517,1
698539,1
698550,1
698554,1
698556,1
698558,1
698561,1
698573,1
698576,1
698578,1
698586,1
698594,1
698597,1
698608,1
698612,1
698620,1
698649,1
698661,1
698668,1
698672,2
698675,1
698686,1
698690,1
698692,1
698701,1
698705,1
698708,1
698724,1
698727,1
698737,1
698741,1
698744,1
698778,1
698782,1
698785,1
698800,1
698817,1
698820,1
698824,1
698836,1
698841,1
698843,1
698856,1
698875,1
698878,1
698883,1
698889,1
698894,1
698898,1
698900,1
698916,1
698921,1
698936,1
698950,1
698953,1
698956,2
698963,2
698974,1
698976,1
698992,1
699008,1
699017,1
699031,2
699047,1
699084,1
699093,1
699106,1
699113,1
699123,1
699126,1
699143,1
699160,1
699184,1
699200,1
699203,2
699226,1
699238,1
699240,1
699243,1
699255,1
699258,1
699260,1
699275,2
699277,1
699279,1
699292,1
699294,1
699298,1
699320,1
699322,1
699340,1
699353,1
699369,1
699402,1
699407,1
699428,1
699436,1
699444,1
699446,1
699466,1
699471,1
699473,1
699485,1
699489,2
699505,1
699521,1
699539,1
699542,1
699545,1
699548,1
699559,1
699562,1
699564,1
699576,1
699580,1
699592,1
699599,1
699611,1
699617,1
699620,1
699626,1
699641,1
699656,1
699659,1
699666,1
699668,1
699676,1
699678,1
699693,1
699712,1
699714,1
699722,1
699725,1
699733,1
699735,1
699741,1
699743,1
699749,1
699754,1
699758,2
699771,1
699774,1
699789,1
699803,1
699807,1
699809,1
699815,1
699826,1
699828,1
699830,1
699840,1
699845,1
699848,1
699863,1
699865,1
699870,1
699884,1
699887,2
699903,1
699905,1
699919,1
699923,1
699940,1
699943,1
699955,1
699961,1
800002,1
800017,1
800019,1
800031,1
800040,1
800054,1
800056,1
800058,1
800070,1
800078,1
800087,1
800093,1
800099,1
800107,1
800120,1
800131,1
800150,1
800169,1
800184,1
800187,1
800208,1
800214,1
800224,1
800226,1
800230,2
800263,1
800265,1
800269,1
800271,1
800282,1
800286,1
800301,1
800313,1
800319,1
800324,1
800339,1
800341,1
800353,1
800361,2
800366,1
800377,1
800393,1
800397,1
800406,1
800410,1
800414,1
800432,1
800435,1
800437,1
800443,1
800445,1
800454,1
800457,1
800472,1
800509,1
800512,1
800528,1
800531,1
800537,1
800548,1
800550,1
800552,1
800557,1
800569,1
800576,1
800590,1
800605,1
800607,1
800622,1
800640,1
800645,1
800662,1
800664,1
800678,1
800683,1
800698,1
800700,1
800703,1
800720,1
800733,1
800736,1
800738,1
800740,1
800749,1
800760,1
800769,1
800776,1
800779,1
800796,1
800803,1
800815,1
800834,1
800845,1
800851,1
800854,1
800857,1
800868,1
800873,1
800881,1
800892,1
800906,1
800911,1
800928,1
800938,1
800949,1
800953,1
800967,1
800969,1
800983,1
800986,1
800988,1
800992,1
800996,1
801005,1
801008,1
801010,1
801012,1
801021,1
801026,1
801042,1
801044,1
801061,1
801063,1
801079,1
801081,1
801101,1
801117,1
801120,1
801126,1
801137,1
801155,1
801157,1
801159,1
801165,1
801194,1
801198,2
801209,1
801216,1
801235,1
801242,1
801250,1
801253,1
801256,1
801283,1
801285,1
801290,1
801299,1
801303,1
801309,1
801311,1
801313,1
801328,1
801338,1
801347,1
801355,1
801365,1
801368,1
801378,1
801388,1
801401,1
801406,1
801417,1
801423,1
801431,1
801433,1
801441,1
801445,1
801452,1
801464,1
801467,1
801482,1
801498,1
801512,1
801515,1
801520,1
801527,1
801538,1
801549,1
801557,1
801564,1
801571,1
801576,1
801578,1
801587,1
801611,1
801632,1
801650,1
801673,1
801679,1
801688,1
801692,1
801695,1
801709,1
801724,1
801732,2
801747,1
801754,1
801784,2
801803,1
801805,1
801841,1
801854,1
801859,1
801862,1
801864,1
801872,1
801879,1
801881,1
801899,1
801905,1
801917,1
801919,1
801937,1
801955,2
801973,1
801976,1
801985,1
802000,1
802002,1
802004,1
802011,1
802016,1
802029,1
802031,1
802034,1
802037,1
802039,1
802045,1
802060,1
802064,1
802069,1
802085,1
802089,1
802108,1
802124,1
802127,2
802129,1
802145,1
802147,1
802151,1
802155,1
802165,1
802174,1
802182,1
802185,1
802202,1
802206,1
802222,1
802234,1
802240,1
802248,1
802257,1
802277,1
802297,1
802300,1
802316,1
802320,1
802336,1
802353,1
802355,1
802374,1
802398,1
802408,1
802413,1
802418,1
802431,1
802449,1
802452,1
802457,1
802462,1
802468,1
802471,1
802480,1
802487,1
802490,1
802503,1
802507,1
802510,1
802525,1
802562,1
802573,1
802581,1
802586,2
802591,1
802601,1
802603,1
802619,1
802626,1
802637,1
802640,1
802695,1
802697,1
802714,1
802732,1
802740,1
802743,1
802751,1
802756,1
802786,1
802791,1
802818,1
802828,1
802845,1
802848,1
802850,1
802864,1
802866,1
802869,1
802871,1
802887,1
802904,1
802923,1
802925,1
802927,1
802930,1
802944,1
802948,1
802962,1
802969,1
802980,1
802993,1
803001,1
803007,1
803019,1
803056,1
803060,1
803065,1
803070,1
803077,1
803079,1
803083,1
803085,1
803095,1
803097,1
803099,1
803106,1
803121,1
803126,1
803134,1
803147,1
803158,1
803163,1
803171,1
803174,1
803178,1
803190,1
803194,2
803196,1
803202,1
803211,1
803213,1
803228,1
803238,1
803245,1
803248,1
803251,1
803279,1
803285,1
803287,1
803297,1
803304,1
803308,1
803315,1
803325,1
803341,1
803358,1
803362,1
803365,1
803380,1
803383,2
803398,1
803400,1
803405,1
803440,1
803453,1
803456,1
803458,1
803460,1
803472,1
803474,1
803476,1
803486,1
803491,1
803495,1
803498,1
803505,1
803511,1
803520,1
803524,1
803532,1
803535,1
803539,1
803553,1
803569,1
803584,1
803588,1
803608,1
803631,2
803641,1
803647,1
803649,1
803664,1
803681,1
803683,1
803685,1
803702,1
803704,1
803707,1
803721,1
803723,1
803759,1
803761,1
803778,1
803796,1
803799,1
803817,2
803833,1
803835,1
803839,1
803854,1
803858,2
803863,1
803874,1
803876,1
803889,1
803893,1
803913,1
803915,1
803930,1
803932,1
803944,1
803951,1
803969,1
803973,1
803987,1
803989,1
804007,1
804026,1
804043,1
804045,1
804063,1
804086,1
804094,1
804104,1
804117,1
804121,1
804123,1
804130,1
804139,1
804141,1
804147,1
804149,1
804159,1
804189,1
804198,1
804201,1
804215,1
804218,1
804226,1
804235,1
804237,1
804242,1
804247,1
804255,1
804264,1
804274,1
804276,1
804291,1
804298,2
804315,1
804324,1
804327,1
804332,1
804354,1
804369,1
804371,1
804376,1
804384,1
804391,1
804424,1
804426,1
804428,1
804444,1
804449,1
804463,1
804465,1
804484,1
804501,1
804504,1
804519,1
804521,1
804528,1
804537,1
804540,1
804543,2
804545,1
804558,1
804560,1
804562,1
804567,1
804569,1
804576,1
804579,1
804581,1
804588,1
804595,1
804615,1
804626,1
804640,1
804642,1
804652,1
804658,1
804667,1
804673,1
804677,2
804687,1
804706,1
804709,1
804726,1
804728,1
804730,1
804736,1
804740,1
804745,1
804751,1
804753,1
804764,1
804767,1
804769,1
804774,1
804788,1
804793,1
804805,1
804807,1
804809,1
804821,1
804839,1
804842,1
804858,1
804860,1
804862,1
804865,1
804869,2
804877,1
804883,1
804885,1
804900,1
804912,1
804935,1
804941,1
804963,1
804975,1
804993,1
804996,1
805012,1
805014,1
805016,1
805021,1
805025,1
805036,1
805040,1
805042,1
805053,1
805069,1
805089,1
805098,1
805108,1
805110,1
805114,1
805123,1
805128,1
805130,1
805134,1
805140,1
805148,1
805151,1
805157,1
805165,1
805167,1
805169,1
805171,1
805181,1
805187,1
805193,1
805195,1
805207,1
805211,1
805214,1
805217,1
805240,1
805259,1
805278,1
805288,1
805296,1
805299,1
805316,1
805335,1
805340,1
805354,1
805358,1
805373,1
805375,1
805382,1
805390,1
805395,1
805397,1
805399,1
805401,1
805406,1
805409,1
805414,1
805416,1
805418,1
805422,1
805431,1
805434,1
805437,1
805453,1
805468,1
805490,1
805502,1
805507,1
805514,1
805523,1
805529,1
805531,1
805535,2
805544,1
805546,1
805549,1
805551,1
805553,1
805558,1
805583,1
805588,1
805605,1
805608,1
805610,1
805615,1
805624,1
805628,1
805636,1
805644,1
805646,1
805648,1
805661,1
805694,1
805700,2
805703,1
805706,1
805711,1
805715,1
805722,1
805724,1
805735,1
805738,1
805742,1
805766,1
805779,1
805786,1
805794,1
805837,1
805839,1
805849,1
805852,1
805854,1
805857,1
805860,1
805883,1
805887,1
805896,1
805904,1
805914,2
805927,1
805930,1
805942,1
805952,1
805963,1
805975,1
805981,1
805984,1
806001,1
806004,1
806008,1
806019,1
806022,1
806024,1
806028,1
806039,1
806041,1
806043,1
806047,1
806067,1
806075,1
806077,1
806079,1
806089,1
806096,1
806116,1
806132,1
806151,1
806153,1
806156,1
806162,1
806173,1
806176,1
806194,1
806209,1
806233,1
806247,1
806256,1
806258,1
806267,1
806287,1
806289,1
806304,1
806306,1
806308,1
806313,1
806322,1
806325,1
806327,1
806337,2
806343,1
806346,1
806348,1
806352,1
806360,1
806364,1
806400,1
806402,1
806431,1
806435,1
806437,1
806441,1
806448,1
806458,1
806472,1
806483,1
806494,1
806505,1
806514,1
806516,1
806519,1
806535,1
806549,1
806561,1
806571,1
806574,1
806580,1
806588,1
806623,1
806630,1
806646,1
806655,1
806665,1
806667,1
806680,1
806688,1
806700,1
806705,1
806708,2
806710,1
806722,1
806724,1
806731,1
806737,1
806739,1
806748,1
806760,1
806763,1
806765,1
806769,1
806772,1
806780,1
806782,1
806797,1
806807,1
806814,1
806833,1
806838,1
806854,1
806876,1
806882,1
806895,1
806914,2
806932,1
806934,1
806936,1
806942,1
806953,2
806956,1
806989,1
806992,1
807001,1
807004,1
807008,1
807019,1
807028,1
807034,1
807049,1
807066,1
807105,1
807111,1
807122,1
807141,1
807144,1
807166,1
807180,1
807182,1
807207,1
807217,1
807225,1
807230,1
807237,1
807239,1
807242,1
807266,1
807287,1
807299,1
807301,1
807322,1
807329,1
807332,1
807351,1
807361,1
807368,1
807378,1
807383,1
807389,1
807394,1
807398,1
807404,1
807409,1
807425,1
807437,1
807445,1
807452,1
807454,1
807464,1
807466,1
807468,1
807470,1
807473,1
807499,1
807501,1
807503,1
807505,1
807509,1
807520,1
807523,1
807525,1
807531,1
807545,1
807549,1
807553,1
807557,1
807562,1
807565,2
807567,1
807572,1
807578,1
807581,1
807589,1
807598,1
807602,1
807623,1
807625,1
807638,1
807652,1
807655,1
807657,1
807663,1
807667,1
807675,1
807680,1
807683,1
807692,1
807707,1
807710,1
807712,1
807714,1
807729,1
807731,1
807734,1
807740,1
807750,1
807767,1
807769,1
807771,1
807773,1
807778,1
807789,1
807792,2
807806,1
807817,1
807825,1
807831,1
807833,1
807839,1
807876,1
807886,1
807903,2
807905,1
807910,1
807921,1
807924,1
807939,1
807954,1
807957,1
807962,1
807976,1
807978,1
807980,1
807983,1
807987,1
807994,1
807998,1
808005,1
808017,1
808028,1
808034,1
808053,1
808058,1
808061,1
808074,1
808095,1
808105,1
808112,1
808114,1
808116,1
808119,1
808131,1
808133,1
808146,1
808148,1
808150,1
808156,1
808167,1
808170,1
808204,1
808222,1
808226,1
808244,1
808247,1
808263,1
808275,1
808277,1
808281,1
808284,1
808286,1
808289,1
808303,2
808307,1
808314,1
808320,1
808325,1
808333,1
808335,1
808338,1
808342,1
808356,1
808368,1
808383,1
808393,1
808397,1
808401,1
808404,1
808432,1
808436,1
808452,1
808468,1
808480,1
808483,1
808507,1
808527,1
808531,1
808536,1
808550,1
808565,1
808567,1
808569,1
808584,1
808613,1
808618,1
808625,1
808631,1
808637,1
808641,1
808644,1
808647,1
808650,1
808653,1
808656,1
808678,1
808682,2
808688,1
808696,1
808701,1
808703,1
808717,1
808723,1
808741,1
808760,1
808765,1
808778,1
808780,1
808783,1
808788,1
808792,1
808796,1
808799,1
808805,1
808815,1
808822,1
808828,1
808851,1
808856,1
808859,1
808871,1
808887,1
808889,1
808892,1
808894,1
808896,1
808900,1
808905,1
808917,1
808926,1
808928,1
808944,1
808946,1
808949,1
808953,1
808965,1
808968,1
808970,1
808975,1
808990,1
809001,1
809003,1
809011,1
809029,1
809039,1
809042,1
809048,1
809056,1
809063,1
809066,1
809081,1
809088,1
809091,1
809100,1
809103,1
809117,1
809134,1
809145,1
809149,1
809157,1
809160,2
809162,1
809165,1
809175,1
809180,1
809196,1
809213,1
809217,1
809226,1
809233,1
809237,1
809240,1
809245,1
809247,1
809269,1
809277,1
809281,1
809292,1
809307,1
809314,1
809323,1
809327,1
809329,1
809348,1
809365,1
809368,1
809377,1
809384,1
809393,1
809404,1
809408,1
809424,1
809428,1
809439,1
809444,1
809446,1
809460,1
809466,1
809476,1
809487,1
809503,2
809507,1
809513,1
809516,1
809519,1
809539,1
809556,1
809558,1
809574,1
809578,1
809590,1
809593,1
809595,1
809600,1
809602,1
809606,1
809614,1
809616,1
809620,1
809626,1
809629,1
809638,1
809648,1
809650,1
809659,1
809663,1
809668,1
809671,1
809673,1
809676,1
809679,1
809693,1
809718,1
809724,1
809727,1
809730,1
809733,1
809746,1
809761,1
809768,1
809784,2
809790,1
809818,1
809839,1
809841,1
809843,1
809847,1
809859,1
809861,1
809877,1
809883,1
809895,1
809902,1
809905,1
809916,1
809919,1
809934,1
809966,1
809978,1
809990,1
809993,1
810008,1
810011,1
810028,1
810032,1
810044,1
810049,1
810052,2
810056,1
810061,1
810090,1
810093,1
810097,1
810109,1
810126,1
810142,1
810145,2
810147,1
810151,1
810155,1
810161,1
810164,1
810166,1
810182,1
810186,1
810194,1
810197,1
810204,1
810221,2
810239,1
810258,1
810268,1
810278,1
810315,1
810325,1
810355,1
810358,1
810372,1
810396,1
810398,1
810400,1
810413,1
810427,1
810446,1
810451,1
810466,1
810470,2
810479,1
810484,1
810488,1
810493,1
810505,1
810508,1
810512,1
810527,1
810559,1
810571,1
810574,1
810581,1
810584,1
810586,1
810597,1
810599,1
810602,1
810604,1
810608,1
810619,1
810625,1
810630,1
810643,1
810650,1
810659,1
810676,1
810678,1
810681,1
810685,1
810689,1
810696,1
810698,1
810700,1
810702,1
810704,1
810706,1
810715,1
810717,1
810724,1
810731,1
810741,1
810750,1
810754,1
810772,1
810775,1
810780,1
810788,1
810790,1
810793,1
810795,1
810797,1
810799,1
810818,1
810823,1
810830,1
810832,1
810836,1
810840,1
810845,1
810851,1
810866,1
810868,1
810875,1
810885,1
810902,1
810905,1
810915,1
810922,1
810925,1
810948,1
810951,1
810968,1
810973,1
810997,1
811018,1
811023,1
811025,1
811037,1
811041,1
811049,1
811054,1
811058,1
811064,1
811069,1
811075,1
811078,1
811081,1
811084,1
811088,1
811094,1
811115,1
811128,1
811132,1
811135,1
811143,1
811154,1
811170,2
811176,1
811192,1
811206,1
811228,1
811230,1
811233,1
811245,1
811250,1
811262,1
811264,1
811267,1
811269,1
811275,1
811285,1
811288,1
811302,1
811305,1
811319,1
811322,1
811326,1
811336,1
811339,1
811347,1
811374,1
811376,1
811381,1
811386,1
811389,1
811403,1
811416,1
811419,1
811433,1
811435,1
811439,1
811452,1
811454,1
811456,1
811458,1
811471,1
811478,1
811487,1
811496,1
811504,1
811515,1
811521,1
811527,1
811533,1
811535,1
811540,2
811549,1
811551,1
811553,1
811557,1
811565,1
811569,1
811571,1
811581,1
811588,1
811592,1
811608,1
811610,1
811623,1
811627,1
811632,1
811635,1
811644,1
811664,1
811667,1
811669,1
811673,1
811676,1
811686,1
811695,1
811701,1
811706,1
811709,1
811718,1
811723,2
811725,1
811728,1
811734,1
811741,1
811750,1
811754,1
811763,1
811770,1
811778,1
811787,1
811794,1
811800,1
811803,1
811812,1
811814,1
811819,1
811822,1
811831,1
811840,1
811848,1
811855,1
811857,1
811871,1
811875,1
811877,1
811889,1
811893,1
811909,1
811923,1
811933,1
811937,1
811947,1
811952,1
811968,1
812003,1
812007,1
812023,1
812038,1
812043,1
812046,1
812061,1
812068,1
812073,1
812077,1
812088,1
812091,1
812101,1
812104,1
812109,1
812120,1
812139,2
812143,1
812156,1
812159,1
812164,1
812176,1
812179,1
812194,1
812199,1
812213,1
812221,1
812225,1
812237,1
812241,1
812250,1
812253,1
812269,1
812272,1
812275,1
812280,1
812285,1
812293,1
812298,1
812300,1
812309,1
812311,1
812317,1
812326,1
812346,1
812349,1
812353,1
812362,1
812365,1
812368,1
812385,1
812403,1
812406,1
812423,1
812426,1
812428,1
812436,1
812440,1
812446,1
812459,1
812463,1
812465,1
812470,1
812472,1
812478,1
812481,1
812488,1
812494,1
812496,1
812503,1
812508,1
812516,1
812520,1
812540,1
812542,1
812544,1
812548,1
812558,1
812570,1
812573,1
812578,1
812582,1
812584,1
812593,1
812599,1
812614,1
812616,1
812634,1
812651,1
812653,1
812655,1
812665,1
812669,1
812703,1
812707,1
812713,1
812722,1
812733,1
812744,1
812746,1
812749,1
812751,1
812764,1
812779,1
812789,1
812795,1
812803,1
812818,1
812829,1
812833,1
812842,1
812846,1
812848,1
812854,1
812860,1
812863,1
812865,1
812867,1
812871,1
812879,1
812883,1
812892,1
812905,1
812909,1
812915,1
812917,1
812922,1
812924,1
812938,1
812940,1
812945,1
812956,1
812958,1
812969,1
812979,1
812982,1
812993,1
812995,1
813000,1
813010,1
813015,1
813017,1
813064,1
813074,1
813103,1
813110,1
813113,1
813123,1
813126,1
813133,1
813142,1
813144,1
813148,1
813150,1
813152,1
813155,1
813160,1
813164,1
813182,1
813201,1
813204,1
813206,1
813214,1
813222,1
813225,1
813228,1
813230,1
813240,1
813243,1
813262,1
813295,1
813298,1
813300,1
813311,1
813315,1
813320,1
813325,1
813327,1
813338,1
813340,1
813353,1
813358,1
813373,1
813380,1
813393,1
813397,1
813408,1
813413,1
813419,1
813423,1
813428,1
813431,1
813436,1
813447,1
813451,1
813465,1
813474,1
813493,1
813506,1
813509,1
813511,1
813525,1
813529,1
813531,1
813538,1
813542,1
813549,1
813555,1
813566,1
813588,1
813593,1
813602,1
813605,1
813610,1
813616,1
813620,1
813623,1
813626,1
813635,1
813653,1
813661,1
813678,1
813694,1
813697,1
813715,1
813722,1
813733,1
813738,1
813753,1
813756,1
813758,1
813760,1
813765,1
813775,1
813777,1
813779,1
813791,1
813809,1
813821,1
813829,1
813834,1
813840,1
813852,1
813858,1
813860,1
813870,1
813879,1
813891,1
813900,1
813911,1
813927,1
813958,1
813966,1
813979,1
814000,1
814021,1
814034,1
814039,1
814042,1
814065,1
814078,1
814081,1
814112,1
814114,1
814119,1
814124,1
814128,1
814132,1
814139,1
814144,1
814154,1
814158,1
814170,1
814172,1
814176,1
814181,1
814190,1
814193,1
814196,1
814207,1
814210,1
814236,1
814245,1
814251,1
814263,1
814269,1
814283,1
814285,1
814287,1
814291,1
814300,1
814306,1
814309,1
814320,1
814322,1
814324,1
814333,1
814364,1
814378,1
814383,1
814389,1
814400,1
814416,1
814434,1
814450,1
814454,1
814456,1
814462,1
814472,1
814477,1
814493,1
814498,1
814516,1
814533,1
814549,1
814573,1
814593,1
814605,1
814612,1
814622,1
814655,1
814669,1
814684,1
814686,1
814720,1
814726,1
814744,1
814763,1
814769,1
814771,1
814784,1
814786,1
814788,1
814794,1
814800,1
814803,1
814805,1
814816,1
814819,1
814823,1
814838,1
814842,1
814845,1
814848,1
814855,1
814864,1
814866,1
814878,1
814890,1
814897,1
814906,1
814911,1
814918,1
814923,1
814933,1
814936,1
814947,1
814951,1
814953,1
814955,1
814958,2
814961,1
814964,1
814978,1
814981,1
814984,1
814988,1
814991,1
814996,1
815003,1
815022,1
815026,1
815031,1
815046,1
815059,1
815064,1
815071,1
815076,1
815088,1
815099,1
815102,1
815106,1
815114,1
815144,1
815158,1
815164,1
815175,1
815178,1
815183,1
815200,1
815212,1
815220,1
815233,1
815249,1
815254,1
815270,1
815276,1
815278,1
815291,1
815294,1
815311,1
815315,1
815330,1
815335,1
815340,1
815349,1
815358,1
815368,1
815373,1
815391,1
815407,1
815425,1
815428,1
815430,1
815437,1
815445,1
815450,1
815479,1
815483,1
815487,1
815501,1
815504,1
815509,2
815527,1
815533,1
815545,1
815547,1
815550,1
815560,1
815564,1
815575,1
815584,1
815596,1
815598,1
815601,1
815604,1
815608,1
815616,1
815624,1
815638,1
815640,1
815645,1
815654,1
815656,1
815661,2
815665,1
815676,1
815684,1
815751,1
815758,1
815770,1
815787,1
815789,1
815791,1
815805,1
815807,1
815811,1
815815,1
815823,1
815825,1
815842,1
815847,1
815865,1
815878,1
815885,1
815899,1
815906,2
815916,1
815919,1
815925,1
815930,1
815941,1
815943,1
815946,1
815952,1
815954,1
815959,1
815976,1
815978,1
815981,1
815986,1
815988,1
815993,1
815996,1
816002,1
816021,1
816035,1
816038,1
816044,1
816056,1
816071,1
816074,1
816077,1
816082,1
816088,1
816092,1
816096,1
816127,1
816132,1
816137,1
816145,1
816151,1
816153,1
816188,1
816207,1
816224,1
816230,1
816235,1
816242,1
816247,1
816249,1
816251,1
816282,1
816285,1
816322,1
816340,1
816346,1
816360,1
816378,1
816383,1
816397,1
816412,1
816435,1
816450,1
816457,1
816470,1
816480,1
816493,1
816507,1
816512,1
816526,1
816532,1
816549,1
816568,1
816585,1
816588,1
816593,1
816603,1
816609,1
816613,1
816621,1
816624,1
816630,2
816641,1
816643,1
816658,1
816660,1
816662,1
816665,2
816667,1
816669,1
816676,1
816679,1
816682,1
816684,1
816697,1
816699,1
816702,1
816709,1
816718,1
816721,1
816725,1
816729,1
816741,1
816752,1
816759,1
816776,1
816779,1
816792,1
816794,1
816803,1
816825,1
816835,1
816837,1
816841,1
816854,1
816857,1
816869,1
816872,1
816886,1
816915,1
816925,1
816931,1
816952,1
816968,1
816975,1
816987,1
817000,1
817002,1
817013,1
817021,1
817027,1
817043,1
817048,1
817056,1
817064,1
817081,1
817083,1
817115,1
817120,1
817152,1
817154,1
817159,1
817164,1
817171,1
817175,1
817179,1
817188,1
817192,1
817197,1
817199,1
817207,1
817233,1
817239,1
817248,1
817269,1
817272,1
817277,1
817292,1
817294,1
817304,1
817306,1
817311,1
817313,1
817326,1
817329,1
817343,1
817345,1
817349,1
817362,1
817368,1
817383,1
817386,1
817399,1
817404,1
817406,1
817408,1
817412,1
817417,1
817424,1
817427,1
817437,1
817462,1
817467,1
817482,1
817512,1
817537,1
817555,1
817557,1
817574,1
817613,1
817625,1
817633,1
817639,1
817646,1
817653,1
817670,1
817677,1
817685,1
817689,1
817693,1
817695,1
817706,1
817708,1
817712,1
817714,1
817723,1
817725,1
817727,1
817729,1
817747,1
817752,1
817755,1
817758,1
817760,1
817765,1
817769,1
817774,1
817776,1
817781,1
817784,1
817787,1
817797,1
817802,1
817811,1
817815,1
817824,1
817836,1
817842,1
817846,1
817862,1
817867,1
817876,1
817881,1
817886,1
817915,1
817925,1
817932,1
817935,1
817947,1
817951,1
817953,1
817955,1
817959,1
817963,1
817973,1
817975,1
817994,1
817996,1
818013,1
818030,1
818032,1
818037,1
818046,1
818051,1
818066,1
818075,1
818080,1
818085,1
818089,1
818100,1
818104,1
818112,1
818126,1
818129,1
818140,1
818148,1
818153,1
818166,1
818180,2
818184,1
818187,1
818208,1
818222,1
818224,1
818241,1
818259,1
818282,1
818291,1
818300,1
818314,1
818317,1
818322,1
818324,1
818331,1
818337,1
818340,1
818344,1
818356,1
818368,1
818374,1
818387,1
818391,1
818395,1
818410,1
818412,1
818417,1
818430,1
818433,1
818446,1
818451,1
818455,1
818468,1
818487,2
818503,1
818509,1
818526,1
818538,1
818545,1
818572,1
818603,1
818605,1
818621,1
818639,1
818653,1
818676,1
818691,1
818719,1
818752,1
818754,1
818774,1
818786,1
818792,1
818794,1
818798,1
818801,1
818812,1
818829,1
818844,1
818855,1
818862,1
818865,1
818871,1
818888,1
818890,1
818894,1
818910,1
818926,1
818929,1
818939,1
818944,1
818958,1
818966,1
818972,1
818977,1
818979,1
819001,1
819020,1
819035,1
819057,1
819062,1
819071,1
819073,1
819079,1
819094,1
819111,1
819113,1
819119,1
819131,1
819134,1
819139,1
819146,1
819190,1
819196,1
819208,1
819213,1
819218,1
819225,1
819231,1
819283,1
819285,1
819290,1
819321,1
819323,1
819333,1
819344,1
819348,1
819353,1
819363,1
819368,1
819380,1
819384,1
819386,1
819400,1
819414,1
819417,1
819427,1
819450,1
819456,1
819461,1
819476,1
819491,1
819493,1
819502,1
819512,1
819525,1
819534,1
819551,1
819568,1
819583,1
819586,1
819592,1
819617,1
819621,1
819627,1
819633,1
819641,1
819650,1
819655,1
819667,1
819670,1
819676,1
819681,1
819686,1
819688,1
819691,1
819703,1
819705,1
819707,1
819721,1
819730,1
819740,1
819752,1
819762,1
819764,1
819767,1
819780,1
819795,1
819799,1
819801,1
819805,1
819817,1
819819,1
819834,1
819838,1
819840,1
819845,1
819855,1
819858,1
819871,1
819873,1
819876,1
819883,1
819895,1
819906,1
819912,1
819914,1
819922,1
819931,1
819943,1
819963,1
819969,1
819984,1
819987,1
819991,1
819993,1
820006,1
820012,1
820025,1
820029,1
820040,1
820045,1
820070,1
820083,1
820087,1
820103,1
820106,1
820121,1
820131,1
820159,1
820163,1
820177,1
820195,1
820197,1
820200,1
820206,1
820221,1
820227,1
820231,1
820235,1
820238,1
820242,1
820244,1
820248,1
820255,1
820260,1
820269,1
820273,1
820276,1
820283,1
820293,1
820296,1
820309,1
820330,1
820334,1
820338,1
820343,1
820355,1
820357,1
820361,1
820364,1
820371,1
820373,1
820379,1
820399,1
820406,1
820408,1
820413,1
820427,1
820444,1
820453,1
820462,1
820465,1
820475,1
820491,1
820504,1
820520,1
820525,1
820533,1
820537,1
820539,1
820542,1
820548,1
820556,1
820561,1
820584,1
820595,1
820599,1
820634,1
820638,1
820653,1
820656,1
820662,1
820675,2
820679,1
820698,1
820703,1
820710,1
820712,1
820717,1
820726,1
820744,1
820753,1
820767,1
820776,1
820784,1
820792,1
820802,2
820804,1
820808,1
820820,1
820825,1
820838,1
820849,1
820853,1
820862,1
820866,1
820873,1
820886,1
820888,1
820901,1
820904,1
820907,1
820919,1
820922,2
820926,1
820928,1
820938,1
820941,1
820944,1
820963,1
820972,1
820976,1
820984,1
820996,1
820999,1
821003,1
821011,1
821013,1
821016,1
821021,1
821033,1
821039,1
821055,1
821068,1
821072,1
821074,1
821078,1
821080,1
821094,1
821097,2
821106,1
821111,1
821117,1
821124,1
821129,1
821143,1
821147,1
821167,1
821175,1
821183,1
821189,1
821205,1
821223,1
821225,1
821239,1
821243,1
821246,1
821250,1
821265,1
821279,1
821293,1
821300,1
821304,1
821325,1
821346,1
821356,1
821360,1
821374,1
821378,1
821393,1
821396,1
821400,1
821429,1
821435,1
821437,1
821439,1
821442,1
821448,1
821455,1
821466,1
821475,1
821506,1
821510,1
821513,1
821520,1
821523,1
821536,1
821539,1
821546,1
821548,1
821556,1
821564,1
821569,1
821579,1
821585,1
821590,1
821602,1
821604,1
821609,1
821621,1
821626,1
821636,1
821641,1
821658,1
821660,1
821662,1
821680,1
821682,1
821696,1
821698,1
821701,1
821704,1
821716,1
821718,1
821742,1
821752,1
821754,1
821775,1
821779,1
821794,1
821809,1
821833,1
821849,1
821851,1
821854,1
821870,2
821886,1
821893,1
821910,1
821917,1
821970,1
821981,1
821984,1
821988,1
822001,1
822005,1
822019,1
822022,1
822028,1
822032,1
822040,1
822044,1
822046,1
822050,1
822058,1
822061,1
822063,1
822065,1
822075,1
822079,1
822093,1
822097,1
822110,1
822115,1
822117,1
822126,1
822132,1
822139,1
822142,1
822147,1
822156,1
822159,1
822168,1
822179,1
822191,1
822208,1
822228,1
822249,1
822265,1
822270,1
822272,1
822293,1
822305,1
822308,1
822311,1
822324,1
822328,1
822344,1
822349,1
822378,1
822393,1
822400,1
822410,1
822436,1
822442,1
822457,1
822461,1
822473,1
822478,1
822480,1
822497,1
822503,1
822509,1
822514,1
822516,1
822521,1
822528,1
822530,1
822554,1
822565,1
822573,1
822577,1
822585,1
822590,1
822601,1
822610,1
822621,1
822626,1
822633,1
822648,1
822682,1
822694,1
822705,1
822709,1
822711,1
822724,1
822727,1
822729,1
822739,1
822764,1
822796,1
822798,1
822805,1
822819,1
822822,1
822828,1
822835,1
822839,1
822843,1
822856,1
822858,1
822879,1
822895,1
822898,1
822914,1
822916,1
822918,1
822933,1
822949,1
822970,1
822972,1
822975,1
822986,1
822988,1
822991,1
822996,1
823002,1
823009,1
823015,1
823027,1
823029,1
823045,1
823048,1
823050,1
823057,1
823059,1
823064,1
823069,1
823072,1
823075,1
823083,1
823096,1
823107,1
823113,1
823117,1
823124,1
823128,1
823134,1
823137,1
823146,1
823158,1
823165,1
823170,1
823184,1
823196,1
823199,1
823207,1
823211,1
823219,1
823224,1
823237,1
823241,1
823256,1
823259,1
823277,1
823280,1
823286,1
823301,1
823335,1
823340,1
823355,1
823373,1
823378,1
823390,1
823408,1
823410,1
823412,1
823421,1
823427,1
823429,1
823444,1
823447,1
823450,1
823456,1
823480,1
823482,1
823484,1
823501,1
823506,1
823510,1
823519,1
823522,1
823524,1
823527,1
823531,1
823537,1
823544,1
823558,1
823563,1
823579,1
823586,1
823590,1
823599,1
823606,1
823621,1
823675,1
823677,1
823697,1
823708,1
823712,1
823715,1
823717,1
823722,1
823724,1
823733,1
823736,1
823746,1
823749,1
823752,1
823758,1
823762,1
823770,1
823775,1
823783,1
823790,1
823794,2
823798,1
823800,1
823814,1
823825,1
823828,1
823831,1
823833,1
823847,1
823849,1
823854,1
823856,1
823870,1
823883,1
823896,1
823903,1
823905,1
823911,1
823929,1
823936,1
823939,1
823944,1
823951,1
823961,1
823975,1
823978,1
823982,1
823995,1
823998,1
824001,1
824006,1
824034,1
824044,1
824052,1
824058,1
824065,1
824072,1
824076,1
824078,1
824082,1
824093,1
824097,1
824104,1
824109,1
824111,1
824115,1
824130,1
824138,1
824146,1
824148,1
824151,1
824156,1
824160,1
824171,1
824178,1
824186,1
824189,1
824203,1
824228,1
824242,1
824247,1
824285,1
824315,1
824317,1
824324,1
824338,1
824340,1
824343,1
824349,1
824356,1
824375,1
824378,2
824382,1
824387,1
824395,1
824412,1
824414,1
824417,1
824421,1
824425,1
824430,1
824436,1
824445,1
824447,1
824453,1
824455,1
824459,1
824463,1
824465,1
824475,1
824479,1
824483,1
824490,1
824496,1
824506,1
824515,1
824533,1
824562,1
824569,1
824588,1
824590,1
824596,1
824604,1
824608,1
824611,1
824623,1
824628,1
824633,1
824640,1
824642,1
824671,2
824681,1
824698,1
824703,1
824715,1
824719,1
824723,1
824729,1
824739,2
824743,1
824765,1
824767,1
824772,1
824783,1
824787,1
824791,1
824793,1
824800,1
824806,1
824814,1
824819,1
824831,1
824833,1
824835,1
824852,1
824860,1
824870,1
824881,1
824894,1
824897,1
824906,1
824910,1
824914,1
824925,1
824929,1
824943,1
824947,1
824959,1
824976,1
824987,1
825002,1
825014,1
825019,1
825023,1
825032,1
825039,1
825042,1
825046,1
825049,1
825063,1
825076,1
825081,1
825083,1
825088,1
825095,1
825100,1
825102,1
825104,1
825107,1
825114,1
825119,1
825129,1
825141,1
825151,1
825157,1
825166,1
825175,1
825178,1
825181,1
825185,1
825195,1
825197,1
825200,1
825202,1
825213,1
825216,1
825218,1
825228,1
825233,1
825237,1
825261,1
825291,1
825296,1
825310,1
825316,1
825328,1
825330,1
825332,1
825341,1
825346,1
825348,1
825352,1
825361,1
825364,1
825371,1
825375,1
825377,1
825380,1
825385,1
825387,1
825389,1
825391,1
825394,1
825402,1
825408,1
825413,1
825421,1
825427,1
825433,1
825444,1
825453,1
825457,1
825460,1
825473,1
825476,1
825482,1
825488,1
825491,1
825497,1
825518,1
825522,1
825528,1
825535,1
825540,1
825553,1
825564,1
825575,1
825577,1
825585,1
825591,1
825594,1
825598,1
825613,1
825627,1
825633,1
825640,1
825648,1
825671,1
825676,1
825684,1
825693,1
825701,1
825707,1
825709,1
825718,1
825729,1
825738,1
825744,1
825747,1
825753,1
825760,1
825764,1
825769,1
825775,1
825780,1
825786,1
825806,1
825821,1
825842,1
825846,1
825861,1
825878,2
825884,1
825901,1
825903,1
825915,1
825918,1
825932,1
825949,1
825951,1
825959,1
825965,1
825969,1
825973,1
825975,1
825985,1
825990,1
825992,1
825999,1
826002,1
826006,1
826008,1
826011,1
826024,1
826028,1
826035,1
826051,1
826060,1
826071,1
826074,1
826089,1
826091,1
826097,1
826105,1
826107,1
826112,1
826119,1
826125,1
826138,1
826146,1
826148,1
826161,1
826165,1
826168,1
826175,1
826180,1
826188,1
826201,1
826203,1
826221,1
826246,1
826255,1
826261,1
826264,1
826267,1
826277,1
826280,1
826285,1
826302,1
826310,1
826349,1
826354,1
826360,1
826370,1
826381,1
826384,1
826390,1
826395,1
826404,1
826414,1
826422,1
826431,1
826439,1
826463,1
826471,1
826476,1
826478,1
826484,1
826488,1
826491,1
826514,1
826520,1
826524,1
826528,1
826533,1
826547,1
826560,1
826564,1
826571,1
826579,1
826583,1
826591,1
826597,1
826601,1
826603,1
826615,1
826617,1
826627,1
826633,1
826639,1
826649,1
826667,1
826679,1
826687,1
826695,1
826701,1
826706,1
826711,1
826714,1
826718,1
826726,1
826735,2
826742,1
826750,1
826758,1
826768,1
826799,1
826815,1
826826,1
826841,1
826844,1
826856,1
826859,1
826865,1
826873,1
826882,1
826886,1
826897,1
826905,1
826914,1
826948,1
826953,1
826976,1
826998,1
827000,1
827033,1
827046,1
827054,1
827072,1
827081,1
827093,1
827098,1
827104,1
827113,1
827129,1
827134,1
827152,1
827159,1
827168,1
827171,1
827173,1
827176,1
827188,1
827204,1
827207,1
827230,1
827234,1
827237,1
827244,1
827250,1
827253,1
827258,1
827264,1
827283,1
827288,1
827295,1
827301,1
827318,1
827329,1
827346,1
827360,1
827370,1
827379,1
827382,1
827395,1
827397,1
827401,1
827408,1
827415,1
827430,1
827448,1
827452,1
827468,1
827472,1
827482,1
827490,1
827509,1
827522,1
827526,1
827528,1
827538,1
827543,1
827545,1
827548,1
827552,1
827554,1
827574,1
827582,1
827591,1
827602,1
827605,1
827621,1
827625,1
827627,1
827640,1
827642,1
827647,1
827656,1
827667,1
827681,2
827690,1
827697,1
827700,1
827704,1
827706,1
827731,1
827733,1
827739,1
827743,1
827754,1
827756,1
827759,1
827779,1
827785,1
827810,1
827814,1
827816,1
827827,1
827833,1
827841,1
827847,1
827850,1
827853,1
827870,1
827874,1
827890,1
827893,1
827908,1
827915,1
827924,1
827942,1
827946,1
827948,1
827954,1
827960,1
827965,1
827970,1
827972,1
827983,1
827986,1
827989,1
828001,1
828004,1
828006,1
828011,1
828037,1
828039,1
828045,1
828057,1
828067,1
828071,1
828074,1
828080,1
828091,1
828095,1
828104,1
828108,1
828117,1
828121,1
828137,1
828147,1
828149,1
828155,1
828176,1
828179,1
828186,1
828189,1
828194,1
828196,1
828200,1
828216,1
828221,1
828226,1
828232,1
828234,1
828236,1
828246,1
828250,1
828253,1
828261,1
828271,1
828274,1
828280,1
828283,1
828288,1
828292,1
828296,1
828319,1
828325,1
828339,1
828348,1
828357,1
828364,1
828367,1
828369,1
828391,1
828394,1
828398,1
828401,1
828404,1
828427,1
828429,1
828433,1
828457,1
828460,1
828466,1
828493,1
828497,1
828512,1
828515,1
828519,1
828524,1
828532,1
828540,1
828555,1
828566,1
828573,1
828588,1
828591,1
828593,1
828596,1
828599,1
828601,1
828608,1
828614,1
828623,1
828626,1
828630,1
828636,1
828650,1
828661,1
828665,1
828668,1
828674,1
828684,1
828687,1
828690,1
828702,1
828705,1
828712,1
828716,1
828722,1
828726,1
828728,1
828733,1
828738,1
828741,1
828745,1
828760,1
828781,1
828797,1
828800,1
828803,1
828808,1
828833,1
828837,1
828844,1
828846,1
828855,1
828860,1
828871,1
828882,2
828886,1
828892,1
828898,1
828900,1
828902,1
828913,1
828918,1
828933,1
828972,1
828977,1
828980,1
828985,1
828993,1
828996,1
829006,1
829010,1
829016,1
829025,1
829046,1
829048,1
829050,1
829055,1
829063,1
829069,1
829081,1
829087,1
829091,1
829106,1
829123,1
829125,1
829138,1
829142,1
829144,1
829146,1
829151,1
829155,1
829163,1
829166,1
829180,1
829183,2
829195,1
829197,1
829201,1
829214,1
829217,1
829220,1
829226,1
829231,1
829233,1
829236,1
829239,1
829241,1
829249,1
829252,1
829256,1
829259,1
829262,1
829268,1
829271,1
829277,1
829281,1
829290,1
829292,1
829294,1
829297,1
829307,1
829317,1
829322,1
829329,1
829334,1
829342,1
829351,1
829353,1
829355,1
829370,1
829385,1
829391,1
829397,1
829405,1
829407,1
829409,1
829411,1
829419,1
829424,1
829443,1
829451,1
829461,1
829481,1
829485,1
829504,1
829509,1
829522,1
829526,1
829542,1
829544,1
829546,1
829549,1
829562,1
829565,1
829578,1
829580,1
829588,1
829598,1
829604,1
829614,1
829619,2
829623,1
829626,1
829650,1
829655,1
829661,1
829676,1
829678,1
829691,1
829693,1
829700,1
829705,1
829714,1
829729,1
829732,1
829736,1
829747,1
829763,1
829767,1
829776,1
829806,1
829819,1
829827,1
829833,1
829842,1
829848,1
829864,1
829866,1
829880,1
829884,1
829898,1
829903,1
829907,1
829936,1
829941,1
829959,1
829972,1
829978,1
829983,1
829986,1
829996,1
830011,1
830016,1
830020,1
830032,1
830034,1
830041,1
830063,1
830071,1
830074,1
830077,1
830089,1
830092,1
830095,1
830098,1
830101,1
830106,1
830111,1
830125,1
830127,1
830136,1
830152,1
830154,1
830157,1
830172,2
830185,1
830188,1
830192,1
830194,1
830203,1
830208,1
830212,1
830222,1
830227,1
830242,1
830244,1
830264,1
830267,1
830283,1
830294,1
830298,1
830302,1
830318,1
830320,1
830328,1
830376,1
830381,1
830392,1
830395,1
830397,1
830405,1
830419,1
830421,1
830425,1
830432,1
830434,1
830437,1
830442,1
830451,1
830454,1
830457,1
830459,1
830466,1
830473,1
830489,1
830496,1
830508,1
830512,1
830514,1
830523,1
830540,1
830547,1
830549,1
830565,1
830567,1
830569,1
830571,1
830584,1
830588,1
830593,2
830595,1
830604,1
830608,1
830624,1
830626,1
830636,1
830645,1
830662,1
830680,1
830686,1
830696,1
830698,1
830703,1
830706,1
830717,1
830720,1
830724,1
830735,1
830744,1
830750,1
830756,1
830760,1
830764,1
830775,1
830777,1
830791,1
830795,1
830816,1
830819,1
830828,1
830830,1
830837,1
830839,1
830849,1
830851,1
830854,1
830863,1
830868,1
830870,1
830873,1
830878,1
830887,1
830891,1
830914,1
830917,1
830927,1
830930,1
830935,1
830946,1
830958,1
830961,1
830964,1
830967,1
830973,1
830982,1
830985,1
831002,1
831007,1
831019,1
831022,1
831046,1
831057,1
831065,3
831098,1
831113,1
831121,1
831137,1
831139,1
831141,1
831149,1
831157,1
831160,1
831171,1
831175,1
831193,1
831196,1
831208,1
831213,1
831217,1
831226,1
831228,1
831231,1
831234,1
831236,1
831246,1
831251,1
831256,1
831268,1
831270,1
831274,1
831289,2
831291,1
831295,1
831305,1
831311,1
831345,1
831348,1
831362,1
831364,1
831366,1
831371,1
831382,1
831403,1
831407,1
831413,1
831422,1
831424,1
831427,1
831441,1
831443,1
831455,1
831459,1
831461,1
831483,1
831498,1
831516,1
831532,1
831536,1
831571,1
831574,1
831577,1
831591,1
831593,1
831608,1
831613,1
831617,1
831625,1
831631,1
831647,1
831654,1
831668,1
831688,1
831690,1
831693,1
831708,1
831710,1
831720,1
831728,1
831732,1
831742,1
831745,1
831758,1
831764,1
831778,1
831821,1
831826,1
831838,1
831852,1
831856,1
831871,1
831875,1
831879,1
831899,1
831940,1
831954,1
831956,1
831972,1
831974,1
831988,1
831990,1
831993,1
831996,1
832000,1
832008,1
832011,1
832018,1
832029,1
832031,1
832036,1
832048,1
832051,1
832061,1
832068,1
832080,1
832086,1
832089,1
832096,1
832105,1
832107,1
832115,1
832119,1
832123,1
832157,1
832164,1
832169,1
832183,1
832186,1
832195,1
832200,1
832217,1
832219,1
832221,1
832223,1
832227,1
832233,1
832236,1
832243,1
832254,1
832258,1
832262,1
832272,1
832277,1
832279,1
832296,1
832300,1
832303,1
832306,1
832317,1
832325,1
832332,1
832335,1
832345,1
832362,1
832372,1
832377,1
832424,1
832430,1
832432,1
832448,1
832450,1
832455,1
832461,1
832470,1
832485,1
832489,1
832491,1
832494,1
832500,1
832522,1
832526,1
832528,1
832538,1
832544,1
832561,1
832579,1
832582,1
832598,1
832600,1
832603,1
832631,1
832638,1
832657,1
832669,1
832675,1
832677,1
832681,1
832693,1
832695,1
832697,1
832704,1
832707,1
832715,1
832719,1
832732,1
832749,1
832752,1
832764,1
832770,1
832773,1
832775,1
832779,1
832783,1
832790,1
832792,1
832794,1
832806,1
832823,1
832828,1
832830,1
832847,1
832859,1
832864,1
832867,1
832871,1
832874,1
832885,1
832887,1
832893,1
832900,1
832914,1
832918,1
832924,1
832926,1
832929,1
832935,1
832940,1
832942,1
832945,1
832947,1
832953,1
832960,1
832963,1
832970,1
832976,1
832981,1
833018,1
833030,1
833038,2
833040,1
833043,1
833054,1
833058,1
833063,1
833069,1
833073,1
833078,2
833086,1
833094,1
833099,1
833116,1
833118,1
833126,1
833133,1
833150,1
833153,1
833166,1
833169,1
833173,1
833184,1
833189,1
833210,1
833213,1
833228,1
833239,1
833243,1
833245,1
833247,1
833249,1
833251,1
833255,1
833262,1
833265,1
833268,1
833276,1
833279,1
833302,1
833314,1
833322,1
833324,1
833338,1
833343,1
833356,1
833378,1
833382,1
833398,1
833411,1
833417,1
833419,1
833436,1
833439,2
833460,1
833469,1
833475,1
833493,1
833507,1
833512,1
833516,1
833531,1
833533,1
833547,1
833550,1
833552,1
833566,1
833569,1
833573,1
833586,1
833589,1
833600,1
833608,1
833612,1
833636,1
833643,1
833645,1
833647,1
833649,1
833651,1
833663,1
833666,1
833674,1
833683,1
833686,1
833694,1
833696,1
833698,1
833704,1
833706,1
833716,1
833727,1
833733,1
833741,1
833743,1
833745,1
833758,1
833761,1
833769,1
833777,1
833779,1
833781,1
833794,1
833798,1
833801,1
833813,1
833817,1
833821,1
833842,1
833845,1
833851,1
833854,1
833857,1
833860,1
833872,1
833874,1
833883,1
833886,1
833893,1
833911,1
833915,1
833923,1
833932,1
833948,1
833952,1
833961,1
833966,1
833972,2
833998,1
834005,1
834007,1
834010,1
834014,1
834018,1
834025,1
834028,1
834031,1
834041,1
834043,1
834046,1
834055,1
834064,1
834082,1
834088,1
834094,1
834102,1
834105,1
834112,1
834121,1
834134,1
834161,1
834171,1
834175,1
834179,1
834181,1
834194,1
834196,1
834198,1
834214,1
834231,1
834234,1
834236,1
834238,1
834250,1
834253,1
834256,1
834266,1
834269,2
834274,2
834277,2
834279,1
834307,1
834310,1
834347,1
834349,1
834351,1
834368,1
834382,1
834386,1
834402,1
834405,1
834407,1
834410,1
834414,1
834427,1
834431,1
834439,1
834444,1
834458,1
834462,1
834464,1
834481,1
834484,1
834494,1
834516,1
834520,1
834522,1
834535,1
834539,1
834544,1
834551,1
834555,1
834557,1
834560,1
834563,1
834570,1
834577,1
834596,2
834599,2
834606,1
834614,1
834618,1
834624,1
834631,1
834633,1
834635,1
834638,2
834652,1
834665,1
834671,1
834674,1
834678,1
834687,1
834690,1
834693,1
834695,1
834697,1
834703,1
834707,1
834712,1
834714,1
834729,1
834733,1
834741,1
834748,1
834750,1
834766,1
834781,1
834785,1
834797,1
834804,1
834806,1
834822,1
834824,1
834842,1
834857,1
834863,1
834875,1
834880,1
834912,1
834917,1
834920,2
834922,1
834934,1
834938,1
834941,1
834953,1
834955,1
834966,1
834975,1
834977,1
834981,1
834992,1
834994,1
834997,1
835010,1
835016,1
835024,1
835030,1
835035,1
835046,1
835051,1
835063,1
835070,1
835072,1
835089,1
835105,1
835108,1
835125,1
835127,1
835130,1
835133,1
835137,1
835148,1
835158,1
835163,1
835166,1
835183,1
835186,1
835193,1
835203,1
835207,1
835222,1
835225,1
835232,1
835238,1
835243,2
835258,1
835261,1
835266,1
835277,1
835280,1
835291,1
835314,1
835317,1
835321,1
835330,1
835337,1
835340,2
835350,1
835357,1
835376,2
835378,1
835394,1
835397,2
835411,1
835414,1
835416,1
835427,1
835429,1
835435,1
835468,1
835482,1
835487,1
835490,2
835492,1
835506,1
835508,1
835510,1
835524,1
835527,2
835531,1
835543,1
835547,1
835549,1
835574,1
835583,1
835600,1
835602,1
835618,1
835621,1
835632,1
835640,1
835657,1
835659,1
835684,1
835695,1
835698,1
835714,1
835716,1
835722,1
835732,1
835735,1
835738,1
835740,1
835751,1
835755,1
835766,1
835770,1
835774,1
835778,1
835787,1
835792,1
835796,1
835805,1
835811,1
835822,1
835830,1
835834,1
835843,1
835850,1
835853,1
835866,1
835869,1
835877,1
835887,1
835904,1
835906,1
835925,1
835945,1
835963,1
835966,1
835998,1
836001,1
836012,1
836017,1
836020,1
836022,1
836038,1
836048,1
836056,1
836059,1
836066,1
836076,1
836079,1
836083,1
836092,1
836096,1
836098,1
836101,1
836114,1
836117,1
836152,1
836157,1
836190,1
836207,1
836210,1
836221,1
836229,1
836231,1
836242,1
836247,1
836250,1
836255,1
836265,1
836269,2
836272,2
836274,1
836288,1
836297,1
836305,1
836318,1
836320,1
836325,1
836342,1
836344,1
836346,1
836362,1
836365,2
836373,1
836380,1
836396,1
836400,1
836411,1
836415,1
836417,1
836421,1
836427,1
836439,1
836448,1
836453,1
836472,1
836476,1
836485,1
836492,1
836517,1
836524,1
836534,1
836544,1
836553,2
836567,1
836570,1
836573,1
836575,1
836587,1
836592,2
836609,1
836613,1
836624,1
836631,1
836633,1
836670,1
836683,1
836703,1
836717,1
836726,1
836729,1
836744,1
836747,1
836779,1
836798,1
836801,1
836805,1
836810,1
836817,1
836821,1
836831,1
836835,1
836838,1
836851,1
836856,1
836874,1
836877,1
836883,1
836895,1
836908,1
836913,1
836934,1
836951,1
836969,1
836988,1
837007,1
837026,1
837029,2
837035,1
837038,1
837044,1
837050,2
837053,2
837083,1
837085,1
837090,1
837103,1
837121,1
837123,1
837138,1
837141,1
837153,1
837157,1
837161,1
837164,1
837167,1
837174,1
837181,1
837194,1
837198,1
837219,1
837233,1
837235,1
837238,1
837251,1
837253,1
837256,1
837270,1
837274,1
837278,1
837288,1
837294,1
837297,1
837307,1
837313,1
837324,1
837329,1
837333,2
837336,1
837342,1
837352,1
837380,1
837388,1
837390,1
837405,1
837408,1
837418,1
837424,1
837426,1
837430,1
837432,1
837465,1
837481,1
837483,1
837486,2
837502,1
837507,1
837518,1
837522,2
837524,1
837526,1
837536,1
837542,1
837555,1
837559,1
837576,2
837578,1
837580,1
837582,1
837589,1
837599,1
837615,1
837632,1
837637,1
837652,1
837654,1
837656,1
837659,1
837670,1
837676,1
837688,1
837692,1
837695,1
837701,1
837712,1
837729,1
837731,1
837736,1
837740,1
837745,1
837759,1
837767,1
837769,1
837786,1
837797,1
837806,1
837808,1
837810,1
837813,1
837819,1
837822,1
837843,1
837860,1
837864,1
837866,1
837882,1
837900,1
837919,1
837939,1
837941,1
837944,1
837975,1
837977,1
837995,1
838008,1
838017,1
838024,1
838035,1
838054,2
838059,1
838073,1
838084,1
838092,1
838104,1
838108,2
838124,1
838126,1
838131,1
838134,2
838136,1
838146,1
838151,1
838165,1
838168,1
838182,1
838187,1
838205,1
838207,1
838215,1
838224,1
838227,1
838240,1
838243,1
838245,1
838247,1
838257,1
838262,1
838265,1
838268,1
838270,1
838282,1
838290,1
838295,1
838297,1
838301,1
838305,2
838310,1
838318,1
838321,1
838324,2
838338,1
838340,1
838359,2
838373,1
838377,1
838391,1
838395,1
838398,1
838410,1
838430,1
838433,1
838437,1
838443,1
838445,1
838489,1
838506,1
838515,1
838525,1
838528,1
838530,1
838532,1
838539,1
838542,1
838545,1
838549,1
838552,2
838557,1
838567,1
838583,1
838585,1
838600,1
838605,1
838614,1
838623,1
838640,1
838643,1
838645,1
838659,1
838661,1
838664,2
838678,1
838681,1
838699,1
838717,1
838723,1
838726,1
838733,1
838738,1
838742,1
838744,1
838750,1
838759,1
838761,1
838763,1
838777,1
838781,1
838788,1
838811,1
838826,1
838831,1
838833,1
838867,1
838870,1
838889,1
838905,1
838908,1
838924,1
838930,1
838943,1
838947,1
838962,1
838969,1
838977,1
838982,1
838986,1
839022,1
839031,1
839041,1
839059,1
839061,1
839079,1
839084,1
839090,1
839096,1
839099,1
839101,1
839114,1
839119,2
839137,2
839155,1
839173,1
839176,1
839189,1
839191,1
839195,1
839210,1
839212,1
839225,1
839231,1
839233,1
839242,1
839250,1
839252,1
839263,1
839270,2
839287,1
839289,1
839303,1
839308,1
839310,1
839318,1
839324,1
839328,1
839336,1
839346,2
839364,1
839367,1
839398,1
839403,2
839405,1
839418,1
839424,1
839453,1
839459,1
839461,1
839469,1
839480,2
839496,1
839498,1
839502,1
839516,1
839531,1
839535,1
839572,1
839583,1
839590,1
839596,1
839605,1
839609,1
839614,1
839616,1
839619,1
839652,1
839665,1
839669,1
839685,1
839687,1
839705,1
839723,1
839725,1
839745,1
839761,1
839763,1
839769,1
839799,1
839801,1
839822,1
839833,1
839835,1
839841,1
839843,1
839851,1
839857,1
839859,1
839877,1
839880,1
839896,1
839899,2
839913,1
839916,1
839933,1
839935,1
839948,1
839953,1
839968,1
839970,1
839973,1
839975,1
839977,1
839991,1
840006,1
840009,1
840011,1
840028,1
840046,1
840048,1
840052,1
840057,1
840063,1
840069,1
840078,1
840081,1
840085,1
840087,1
840089,1
840101,1
840105,1
840112,1
840124,1
840142,1
840145,1
840154,1
840163,1
840178,1
840182,1
840199,1
840209,1
840216,1
840220,1
840223,1
840237,1
840239,1
840245,1
840249,1
840254,1
840259,1
840261,1
840275,2
840277,1
840280,2
840297,1
840314,1
840330,1
840332,1
840335,2
840341,1
840356,1
840369,1
840372,1
840383,1
840389,1
840393,1
840396,1
840402,1
840411,2
840414,2
840428,1
840431,1
840435,1
840457,1
840464,1
840466,1
840469,2
840483,1
840486,1
840504,2
840522,1
840524,1
840542,2
840561,1
840598,1
840601,1
840606,1
840610,1
840614,1
840619,1
840623,2
840632,1
840638,1
840655,1
840658,1
840667,1
840672,1
840674,1
840678,1
840692,1
840730,1
840732,1
840736,1
840749,1
840752,1
840766,1
840769,1
840772,2
840787,1
840790,1
840793,1
840809,1
840811,1
840818,1
840828,1
840831,1
840835,1
840844,1
840847,1
840861,1
840866,1
840874,1
840883,1
840885,1
840888,1
840892,1
840902,1
840905,1
840922,1
840932,1
840938,1
840941,1
840943,1
840946,1
840957,1
840960,1
840962,1
840966,1
840978,1
840995,1
840998,1
841001,1
841013,1
841018,1
841047,1
841056,1
841067,1
841069,1
841076,1
841085,1
841087,1
841092,1
841094,1
841097,1
841105,1
841113,1
841115,1
841117,1
841130,1
841134,1
841139,1
841148,1
841151,1
841162,1
841169,1
841181,1
841188,1
841191,1
841199,1
841206,1
841225,1
841240,1
841242,1
841244,1
841250,1
841252,1
841263,1
841266,1
841277,1
841280,1
841284,1
841291,1
841300,1
841302,1
841304,1
841310,1
841319,1
841323,1
841325,1
841327,1
841333,1
841349,1
841355,1
841360,1
841390,1
841395,1
841398,1
841405,1
841413,1
841417,1
841420,1
841435,1
841491,1
841510,1
841513,1
841530,1
841546,1
841548,1
841551,2
841567,1
841569,1
841574,1
841578,1
841587,1
841589,1
841600,1
841605,1
841607,1
841623,1
841625,1
841643,1
841645,1
841661,1
841663,1
841681,1
841701,2
841704,2
841721,1
841738,1
841743,1
841749,1
841751,1
841760,1
841784,1
841790,1
841797,1
841799,1
841807,1
841815,1
841818,2
841821,1
841836,1
841851,1
841871,1
841909,1
841928,1
841936,1
841941,1
841949,1
841966,1
841986,1
842004,1
842012,1
842023,1
842025,1
842037,1
842043,1
842045,1
842047,1
842060,1
842063,1
842069,1
842071,1
842077,1
842083,1
842090,1
842100,1
842122,2
842138,1
842156,1
842159,1
842165,1
842176,1
842178,1
842180,1
842192,1
842195,1
842198,2
842201,1
842211,1
842214,1
842217,1
842232,1
842246,1
842249,1
842253,1
842256,1
842281,1
842290,1
842308,1
842318,1
842329,1
842332,1
842342,1
842346,1
842350,2
842353,1
842365,1
842368,1
842378,1
842380,1
842383,1
842388,1
842405,1
842412,1
842417,1
842460,1
842463,1
842497,1
842499,1
842517,1
842534,1
842537,1
842563,1
842572,1
842577,1
842588,1
842594,1
842596,1
842606,1
842611,1
842615,1
842629,1
842651,1
842668,1
842671,1
842681,1
842690,1
842699,1
842717,1
842727,1
842737,1
842741,1
842753,1
842768,1
842784,1
842789,1
842803,1
842820,1
842822,1
842827,1
842832,1
842843,1
842846,2
842849,1
842861,1
842863,1
842878,1
842895,1
842901,1
842907,1
842916,1
842918,1
842929,1
842936,1
842942,1
842958,1
842967,1
842974,1
842986,1
842995,1
843004,1
843007,1
843012,1
843014,1
843030,1
843043,1
843068,1
843078,1
843089,1
843095,1
843106,1
843109,2
843126,1
843142,1
843145,1
843147,1
843153,1
843155,1
843162,1
843167,1
843174,1
843182,1
843184,1
843195,1
843202,1
843207,1
843211,1
843218,1
843221,1
843224,1
843227,1
843240,1
843249,1
843277,1
843283,1
843287,1
843314,1
843316,1
843319,1
843347,1
843349,1
843355,1
843373,1
843387,1
843392,1
843400,1
843405,1
843411,1
843413,1
843425,1
843430,1
843448,1
843467,1
843485,1
843487,1
843500,1
843506,1
843520,1
843523,1
843526,1
843528,1
843534,1
843555,1
843557,1
843563,1
843566,1
843589,1
843591,1
843602,1
843619,1
843635,1
843639,1
843657,1
843663,1
843665,1
843676,1
843678,1
843680,1
843685,1
843695,1
843698,1
843701,1
843713,1
843716,1
843720,1
843734,1
843752,2
843754,1
843772,1
843789,1
843791,1
843808,1
843810,1
843812,1
843821,1
843828,1
843831,1
843846,1
843856,1
843865,1
843875,1
843885,1
843887,1
843901,1
843922,1
843925,1
843931,1
843936,1
843944,1
843980,1
843999,1
844017,1
844020,1
844033,1
844037,1
844039,1
844047,1
844055,1
844057,1
844059,1
844074,1
844083,1
844086,1
844094,1
844096,1
844099,2
844113,1
844116,1
844118,1
844125,1
844131,1
844136,1
844140,1
844148,1
844151,1
844154,1
844167,1
844186,1
844190,1
844197,1
844206,1
844214,1
844226,1
844228,1
844230,1
844243,1
844255,1
844264,1
844266,1
844268,1
844285,1
844290,1
844305,1
844311,1
844322,1
844324,1
844338,1
844343,1
844347,1
844353,1
844369,1
844398,1
844414,1
844417,1
844419,1
844422,1
844424,1
844439,1
844443,1
844447,1
844455,1
844458,1
844470,1
844474,1
844482,1
844491,1
844495,1
844503,1
844506,1
844510,1
844516,1
844521,1
844523,1
844532,1
844535,1
844549,1
844551,1
844555,1
844559,1
844563,1
844569,1
844571,1
844573,1
844586,1
844591,1
844595,1
844605,1
844608,1
844610,1
844612,1
844617,1
844628,1
844630,1
844638,1
844642,1
844644,1
844650,1
844658,1
844660,1
844665,1
844668,1
844672,1
844676,1
844684,1
844691,1
844720,1
844722,1
844739,1
844745,1
844757,1
844761,1
844773,1
844779,1
844785,1
844797,1
844801,1
844817,1
844835,1
844839,1
844841,1
844843,1
844845,1
844854,1
844858,1
844873,1
844891,2
844894,2
844903,1
844912,1
844914,1
844930,1
844941,1
844943,1
844949,1
844951,1
844954,1
844957,1
844962,1
844970,1
844986,1
845002,1
845008,1
845024,1
845030,1
845042,1
845051,1
845063,1
845065,1
845083,1
845097,1
845101,1
845103,1
845120,1
845124,1
845132,1
845140,1
845155,1
845158,1
845160,1
845177,1
845179,1
845184,1
845187,1
845199,1
845212,1
845215,1
845217,1
845220,1
845231,1
845235,1
845238,1
845252,1
845254,1
845256,1
845262,1
845267,1
845271,1
845276,1
845288,1
845290,1
845297,1
845303,1
845306,1
845311,1
845313,1
845315,1
845318,1
845321,1
845325,1
845330,1
845332,1
845334,1
845341,1
845349,1
845366,1
845368,1
845370,1
845373,1
845386,1
845389,2
845392,1
845405,1
845408,1
845411,1
845422,1
845426,1
845437,1
845444,1
845465,1
845468,1
845481,1
845483,1
845485,1
845498,1
845500,1
845502,1
845504,1
845516,1
845519,1
845521,1
845523,1
845527,1
845534,1
845537,1
845541,1
845543,1
845552,1
845557,1
845559,1
845571,1
845577,1
845584,1
845593,1
845597,1
845612,1
845614,1
845616,1
845630,1
845633,1
845636,1
845641,1
845651,1
845658,1
845681,1
845684,1
845693,1
845699,1
845710,1
845719,1
845731,1
845737,1
845748,1
845755,1
845779,1
845784,1
845786,1
845788,1
845794,1
845797,1
845799,1
845806,1
845808,1
845821,1
845824,1
845838,1
845842,1
845861,1
845878,2
845881,1
845883,1
845898,1
845901,1
845904,1
845912,1
845919,1
845921,1
845933,1
845938,1
845955,1
845957,1
845971,1
845991,1
845993,1
845996,1
845998,1
846003,1
846010,1
846016,1
846018,1
846021,1
846033,1
846036,1
846038,1
846050,1
846055,1
846058,1
846069,1
846072,1
846074,1
846085,1
846090,1
846097,1
846111,1
846126,1
846128,1
846145,1
846149,1
846164,1
846166,1
846169,1
846184,1
846186,1
846204,1
846224,1
846228,1
846241,1
846243,1
846247,1
846260,1
846262,1
846278,1
846282,2
846289,1
846293,1
846296,1
846301,1
846314,1
846316,1
846319,1
846323,1
846328,1
846330,1
846334,1
846338,1
846340,1
846342,1
846350,1
846356,1
846358,1
846363,1
846372,1
846375,1
846377,1
846392,1
846409,1
846412,1
846414,1
846416,1
846419,1
846422,1
846427,1
846430,1
846434,1
846436,1
846444,1
846448,1
846453,1
846463,1
846467,1
846469,1
846479,1
846484,1
846488,1
846490,1
846492,1
846502,1
846506,1
846510,1
846513,1
846520,1
846525,1
846530,1
846544,1
846547,1
846556,1
846562,1
846564,1
846566,1
846568,1
846581,1
846583,1
846586,1
846592,1
846596,1
846604,1
846606,1
846613,1
846619,1
846621,1
846634,1
846641,1
846652,1
846666,1
846680,1
846691,1
846698,1
846713,1
846716,1
846718,1
846734,1
846736,1
846750,1
846753,1
846755,1
846769,1
846784,1
846794,1
846798,1
846826,1
846833,1
846866,1
846869,1
846871,1
846873,1
846890,1
846900,1
846902,1
846906,1
846909,1
846911,1
846942,1
846946,1
846950,1
846960,1
846971,1
846983,1
847000,1
847002,1
847016,1
847020,1
847022,1
847040,2
847043,1
847059,1
847066,1
847075,1
847088,1
847090,1
847097,1
847099,1
847115,1
847133,1
847136,1
847140,1
847142,1
847151,1
847157,1
847164,1
847174,1
847176,1
847194,1
847211,1
847215,1
847224,1
847229,1
847244,1
847248,1
847251,1
847262,1
847268,1
847298,1
847303,1
847306,1
847308,1
847310,1
847322,1
847326,1
847335,1
847343,1
847357,1
847376,1
847380,1
847382,1
847397,1
847401,1
847413,1
847417,1
847421,1
847437,1
847440,1
847456,1
847477,1
847479,1
847481,1
847496,1
847501,1
847511,1
847523,1
847535,1
847544,1
847552,1
847571,1
847607,1
847613,1
847628,1
847635,1
847645,1
847666,1
847668,1
847686,1
847702,1
847705,1
847719,1
847722,1
847729,1
847735,1
847744,1
847746,1
847762,1
847766,1
847775,1
847778,1
847782,1
847788,1
847792,1
847801,2
847804,2
847815,1
847820,1
847824,1
847835,1
847838,1
847845,1
847857,1
847868,1
847876,1
847887,1
847895,2
847906,1
847918,1
847931,1
847937,1
847948,1
847952,1
847968,1
847988,1
847991,2
848006,1
848010,1
848018,1
848028,1
848048,1
848066,1
848084,1
848090,1
848093,1
848103,1
848105,1
848109,1
848116,1
848127,1
848143,1
848145,1
848150,1
848178,1
848197,1
848199,1
848205,1
848210,1
848220,1
848233,1
848236,1
848240,1
848253,1
848256,1
848269,1
848273,1
848275,1
848287,1
848293,1
848295,1
848312,1
848317,1
848344,1
848346,1
848351,1
848353,1
848356,1
848385,1
848388,1
848390,1
848392,1
848396,1
848406,1
848410,1
848414,1
848420,1
848423,1
848431,1
848447,2
848456,1
848465,1
848467,1
848474,1
848484,1
848497,1
848502,1
848506,1
848510,1
848522,1
848528,1
848535,1
848541,1
848543,1
848556,1
848560,1
848576,1
848578,1
848582,1
848598,1
848600,1
848616,1
848619,1
848627,1
848631,1
848651,1
848654,1
848679,1
848687,1
848693,1
848703,1
848709,1
848711,1
848717,1
848731,1
848745,1
848750,1
848780,1
848787,1
848805,1
848807,1
848811,1
848821,1
848827,1
848839,1
848844,1
848848,1
848863,1
848866,1
848869,1
848872,1
848882,1
848885,2
848888,1
848895,1
848904,1
848919,1
848924,1
848926,1
848933,1
848939,1
848942,1
848945,1
848947,1
848959,1
848972,1
848976,1
848978,1
848983,1
848987,1
848995,1
848999,1
849009,1
849019,2
849021,1
849023,1
849032,1
849037,1
849048,1
849053,1
849058,1
849071,1
849076,1
849091,1
849096,1
849106,1
849111,1
849123,1
849128,1
849130,1
849144,1
849149,1
849154,1
849165,1
849168,1
849172,1
849186,1
849190,2
849193,1
849199,1
849202,1
849205,1
849209,1
849214,1
849219,1
849226,1
849229,1
849235,1
849240,1
849243,1
849246,1
849248,1
849251,1
849259,1
849264,1
849276,1
849283,1
849318,1
849325,1
849335,1
849340,2
849350,1
849356,1
849375,1
849378,1
849380,1
849395,1
849414,2
849437,1
849451,1
849454,1
849456,1
849462,1
849472,1
849475,1
849484,1
849490,1
849498,1
849502,1
849509,1
849513,2
849518,1
849523,1
849529,1
849547,1
849584,1
849598,1
849603,1
849605,1
849621,1
849626,1
849629,1
849639,1
849645,1
849647,1
849649,1
849663,2
849683,1
849689,1
849695,1
849702,2
849718,1
849720,1
849735,1
849737,1
849742,1
849751,1
849756,1
849758,1
849764,1
849776,1
849789,1
849793,1
849802,1
849821,1
849836,1
849848,1
849852,1
849869,1
849875,1
849877,1
849885,1
849892,1
849894,1
849896,1
849916,1
849924,1
849929,1
849932,1
849935,1
849939,1
849947,1
849953,1
849968,1
849970,1
849976,1
849978,1
850009,1
850020,1
850023,1
850025,1
850029,1
850042,1
850048,1
850064,1
850068,1
850080,1
850084,1
850087,1
850098,1
850100,1
850102,1
850117,2
850120,2
850124,1
850132,1
850137,1
850141,1
850146,1
850153,1
850159,2
850164,1
850167,1
850176,1
850185,1
850193,1
850198,1
850200,1
850210,1
850230,1
850235,1
850247,1
850251,1
850256,1
850268,1
850270,1
850275,1
850282,1
850291,1
850294,1
850309,1
850311,1
850313,1
850328,1
850333,1
850343,1
850345,1
850351,1
850357,1
850379,1
850381,1
850400,1
850403,1
850418,1
850427,1
850429,1
850446,1
850451,1
850460,1
850463,1
850465,1
850485,1
850515,1
850532,1
850541,1
850552,1
850555,1
850560,1
850570,1
850573,1
850576,1
850592,1
850619,1
850635,1
850640,1
850643,1
850649,1
850652,1
850667,1
850673,1
850683,1
850687,1
850690,1
850695,1
850707,1
850711,1
850725,1
850728,1
850743,1
850751,1
850762,1
850773,1
850780,1
850784,1
850801,1
850805,1
850809,1
850817,1
850820,1
850832,1
850854,1
850863,1
850879,1
850902,1
850910,1
850915,1
850917,1
850938,1
850948,1
850961,1
850972,1
850985,1
850988,1
851002,1
851011,1
851014,1
851016,1
851029,1
851031,1
851036,1
851049,1
851052,1
851068,1
851072,1
851084,1
851086,1
851093,1
851121,1
851136,1
851140,1
851142,1
851149,1
851161,1
851165,1
851177,1
851181,1
851185,1
851187,1
851199,1
851202,1
851204,1
851207,1
851214,1
851221,1
851236,1
851243,1
851260,1
851276,1
851280,1
851296,1
851298,1
851300,1
851304,1
851309,1
851313,1
851316,1
851319,1
851324,1
851330,1
851334,1
851336,1
851338,1
851344,1
851369,1
851372,1
851378,1
851407,1
851410,1
851413,1
851416,1
851430,1
851432,1
851445,1
851448,1
851455,1
851461,1
851466,1
851473,1
851492,1
851502,1
851505,1
851509,1
851526,1
851528,1
851533,1
851544,1
851547,1
851557,1
851561,1
851564,1
851568,1
851576,1
851580,1
851583,1
851585,1
851590,1
851598,1
851603,1
851605,1
851607,1
851618,1
851622,1
851626,1
851639,1
851642,1
851644,1
851657,1
851673,1
851678,1
851691,1
851694,1
851700,1
851713,1
851715,1
851719,1
851732,1
851736,1
851750,1
851753,1
851758,1
851774,1
851777,1
851785,1
851787,1
851790,1
851792,1
851806,1
851810,1
851812,1
851822,1
851827,1
851829,1
851834,1
851846,1
851854,1
851864,1
851884,1
851887,1
851889,1
851893,1
851895,1
851909,1
851923,1
851941,1
851943,1
851947,1
851961,1
851976,1
851978,1
851985,1
851996,1
852003,1
852010,1
852036,1
852039,1
852042,1
852048,1
852050,1
852063,1
852074,1
852080,1
852090,1
852097,1
852102,1
852113,1
852116,1
852120,1
852134,1
852137,1
852148,1
852166,1
852172,1
852183,1
852200,1
852207,1
852210,1
852213,1
852236,1
852244,1
852246,1
852248,1
852255,1
852261,1
852264,1
852268,1
852274,1
852276,1
852287,1
852290,1
852301,1
852304,1
852307,1
852322,1
852325,1
852328,1
852332,1
852337,1
852342,1
852346,1
852348,1
852352,1
852358,1
852360,1
852362,1
852364,1
852368,1
852371,1
852374,1
852381,1
852386,1
852392,1
852398,1
852400,1
852403,1
852410,1
852413,1
852418,1
852437,1
852441,1
852454,1
852481,1
852494,1
852496,1
852500,1
852514,1
852518,1
852525,1
852534,1
852536,1
852539,1
852549,1
852551,1
852557,1
852564,1
852576,1
852585,1
852587,1
852595,1
852600,1
852608,1
852611,1
852613,1
852625,1
852630,1
852634,1
852646,1
852649,1
852668,1
852671,1
852681,1
852691,1
852699,1
852702,1
852716,1
852725,1
852728,1
852741,1
852743,1
852754,1
852756,1
852765,1
852767,1
852781,1
852797,1
852799,1
852801,1
852804,1
852820,1
852830,1
852836,1
852841,1
852853,1
852857,1
852859,1
852867,1
852869,1
852878,1
852890,1
852893,1
852900,1
852928,1
852933,1
852945,1
852967,1
852972,1
852976,1
852989,1
852992,1
852995,1
853006,1
853032,1
853044,1
853059,1
853061,1
853095,1
853097,1
853099,1
853102,1
853108,1
853123,1
853125,1
853127,1
853130,1
853159,1
853176,1
853183,1
853190,1
853198,1
853200,1
853215,1
853217,1
853233,1
853236,1
853239,1
853250,1
853252,1
853272,1
853282,1
853289,1
853295,1
853299,1
853309,1
853312,1
853315,1
853317,1
853328,1
853330,1
853332,1
853338,1
853344,1
853347,1
853350,1
853353,1
853355,1
853358,1
853360,1
853367,1
853369,1
853371,1
853374,2
853376,1
853379,1
853387,1
853429,1
853438,1
853448,1
853458,1
853465,1
853470,1
853477,1
853483,1
853500,1
853506,1
853520,1
853523,1
853538,1
853544,1
853553,1
853558,1
853560,1
853566,1
853572,1
853583,1
853587,1
853597,1
853601,1
853612,1
853615,1
853622,1
853633,1
853635,1
853653,1
853655,1
853669,1
853686,1
853694,1
853697,1
853699,1
853707,1
853714,1
853733,1
853742,1
853746,1
853753,1
853756,1
853769,1
853773,1
853802,1
853804,1
853806,1
853814,1
853827,1
853830,1
853840,1
853844,1
853847,1
853849,1
853857,1
853864,1
853868,1
853885,1
853904,1
853924,1
853955,1
853966,1
853972,1
853991,1
854014,1
854017,1
854038,1
854042,1
854052,1
854055,1
854060,1
854069,1
854073,1
854078,1
854085,1
854095,1
854097,1
854108,1
854113,1
854116,1
854118,1
854130,1
854136,1
854146,1
854148,1
854152,1
854154,1
854168,1
854170,1
854174,1
854188,1
854191,1
854202,1
854205,1
854210,1
854212,1
854225,1
854241,1
854244,1
854251,1
854262,1
854265,1
854268,1
854278,1
854281,1
854285,1
854287,1
854296,1
854298,1
854302,1
854305,1
854314,1
854316,1
854327,1
854332,1
854336,1
854339,1
854353,1
854360,1
854362,1
854367,1
854375,1
854378,1
854380,1
854384,1
854396,1
854399,1
854401,1
854415,1
854423,1
854425,1
854489,1
854493,1
854505,1
854509,1
854515,1
854525,1
854529,1
854531,1
854562,1
854571,1
854588,1
854599,1
854602,1
854604,1
854606,1
854609,1
854613,1
854617,1
854644,1
854646,1
854651,1
854660,1
854683,1
854709,1
854721,1
854735,1
854750,1
854765,1
854777,1
854781,1
854792,1
854796,1
854798,1
854800,1
854811,1
854814,1
854817,1
854832,1
854836,1
854850,1
854870,1
854873,1
854880,1
854890,1
854892,1
854909,1
854914,1
854925,1
854929,1
854935,1
854949,2
854967,1
854970,1
854973,1
854978,1
854986,1
854991,1
855003,1
855005,1
855046,1
855058,1
855061,1
855065,1
855075,1
855078,1
855083,1
855100,1
855115,1
855118,1
855120,1
855134,1
855136,1
855141,1
855148,1
855165,1
855168,1
855174,1
855183,1
855194,1
855196,1
855198,1
855211,1
855215,1
855218,1
855234,1
855238,1
855250,1
855252,1
855254,1
855256,1
855270,1
855274,1
855280,1
855289,1
855305,1
855307,1
855312,1
855322,1
855327,1
855333,1
855344,1
855350,1
855362,1
855368,1
855370,1
855382,1
855384,1
855386,1
855388,1
855390,1
855400,1
855403,1
855413,1
855424,1
855426,1
855438,1
855441,1
855448,1
855455,1
855460,1
855463,1
855466,1
855476,1
855479,1
855487,1
855495,1
855503,1
855517,1
855535,1
855549,1
855559,1
855565,1
855579,1
855591,1
855613,1
855628,1
855631,1
855635,1
855649,1
855655,1
855657,1
855669,1
855685,1
855689,1
855705,1
855710,1
855712,1
855714,1
855727,1
855746,1
855750,1
855758,1
855766,1
855771,1
855773,1
855786,1
855801,1
855804,1
855812,1
855839,1
855846,1
855851,1
855862,1
855894,1
855898,1
855900,1
855902,1
855905,1
855915,1
855918,1
855922,1
855934,1
855943,1
855948,1
855957,1
855971,1
855978,1
855990,1
856000,1
856014,1
856018,1
856030,1
856033,1
856038,1
856042,1
856050,1
856078,1
856085,1
856087,1
856090,1
856093,1
856105,1
856115,1
856120,1
856124,1
856130,1
856132,1
856136,1
856143,1
856145,1
856147,1
856158,1
856161,1
856165,1
856169,1
856210,1
856225,1
856238,1
856240,1
856257,1
856260,1
856262,1
856265,1
856277,1
856282,1
856295,1
856303,1
856311,1
856334,1
856353,1
856355,1
856357,1
856373,1
856376,1
856386,1
856392,1
856401,1
856408,1
856411,1
856418,1
856428,1
856433,1
856441,1
856448,1
856451,1
856461,1
856485,1
856487,1
856490,1
856497,1
856506,1
856510,1
856523,1
856526,1
856535,1
856542,1
856546,1
856554,1
856562,1
856568,1
856581,1
856598,1
856602,1
856606,1
856619,1
856624,1
856637,1
856640,1
856662,1
856677,2
856713,1
856733,1
856756,1
856771,1
856788,1
856809,1
856830,1
856844,1
856848,1
856853,1
856866,1
856869,1
856872,1
856885,1
856887,1
856903,1
856914,1
856921,1
856928,1
856939,1
856942,1
856944,1
856946,1
856948,1
856962,1
856964,1
856975,1
856984,1
856987,1
857002,1
857004,1
857013,1
857027,1
857035,1
857037,1
857040,1
857042,1
857044,1
857054,1
857058,1
857060,1
857063,1
857077,1
857082,1
857098,1
857110,1
857113,1
857115,1
857117,1
857126,1
857134,1
857139,1
857149,1
857152,1
857154,1
857167,1
857187,1
857210,1
857224,1
857228,1
857246,1
857250,1
857258,1
857268,1
857272,1
857284,1
857286,1
857303,1
857305,1
857308,1
857322,1
857336,1
857339,1
857343,1
857364,1
857378,1
857383,1
857398,1
857400,1
857405,1
857408,1
857418,1
857422,1
857436,1
857449,1
857457,1
857460,1
857462,1
857475,1
857493,1
857512,1
857529,1
857531,1
857533,1
857536,1
857548,1
857552,1
857565,1
857568,1
857580,1
857589,1
857591,1
857593,1
857607,1
857610,1
857623,1
857626,1
857629,1
857644,1
857677,1
857682,1
857684,1
857701,1
857719,1
857722,1
857725,1
857739,1
857742,1
857744,1
857747,1
857759,1
857778,1
857782,1
857797,1
857799,1
857814,1
857818,1
857835,1
857839,1
857842,1
857845,1
857856,2
857861,1
857871,1
857890,1
857912,1
857927,1
857929,1
857936,1
857947,1
857965,1
857968,1
857974,1
857988,1
857991,1
858003,1
858006,1
858008,1
858010,1
858042,1
858046,1
858048,1
858063,1
858066,2
858082,1
858090,1
858097,1
858103,1
858106,1
858119,1
858122,1
858157,1
858171,1
858174,1
858184,1
858194,1
858198,1
858212,1
858216,1
858256,1
858272,1
858274,1
858290,1
858297,1
858306,1
858309,1
858319,1
858342,1
858350,1
858362,1
858367,1
858369,1
858374,1
858385,1
858389,2
858400,1
858407,2
858409,1
858414,1
858423,1
858429,1
858432,1
858442,1
858460,1
858462,1
858466,1
858468,1
858497,1
858499,1
858502,1
858534,1
858537,1
858542,1
858546,1
858556,1
858558,1
858561,1
858563,1
858568,1
858577,1
858580,1
858588,1
858594,1
858597,2
858614,1
858616,1
858619,1
858621,1
858637,1
858649,1
858653,1
858669,1
858671,1
858674,1
858677,1
858693,1
858712,1
858716,1
858728,1
858746,1
858750,1
858764,1
858766,1
858769,1
858771,1
858785,1
858787,1
858793,1
858802,1
858807,1
858813,1
858828,1
858834,1
858844,1
858848,1
858866,1
858900,1
858917,1
858930,1
858935,1
858941,1
858956,1
858960,1
858971,1
858977,1
858992,1
858995,1
858997,1
859002,1
859013,1
859015,1
859017,1
859035,1
859057,1
859068,1
859073,1
859078,1
859089,1
859097,1
859107,1
859134,1
859146,1
859150,1
859172,1
859183,1
859185,1
859206,1
859218,1
859221,1
859224,1
859227,1
859231,1
859245,1
859258,1
859261,1
859263,1
859274,1
859289,1
859291,1
859298,1
859300,1
859303,1
859308,1
859318,1
859325,1
859336,1
859339,1
859350,1
859356,1
859372,1
859379,1
859394,1
859398,1
859414,1
859428,1
859442,1
859449,1
859451,1
859465,1
859467,1
859470,1
859474,1
859485,1
859487,1
859491,1
859493,1
859505,1
859511,2
859523,1
859531,1
859546,1
859563,1
859566,2
859568,1
859570,1
859581,1
859585,1
859587,1
859589,1
859601,1
859604,1
859616,1
859619,1
859623,1
859625,1
859655,1
859677,1
859682,1
859692,1
859715,1
859719,1
859723,1
859737,1
859753,1
859755,1
859770,1
859774,1
859806,1
859811,1
859814,1
859831,1
859836,1
859847,1
859851,1
859867,1
859869,1
859873,1
859875,1
859883,1
859885,1
859887,1
859889,1
859913,1
859918,1
859961,1
859964,1
859979,1
859983,1
859986,1
859989,1
860018,1
860022,1
860040,1
860073,1
860082,1
860094,1
860150,1
860154,1
860157,1
860170,1
860174,1
860188,1
860207,1
860211,1
860225,1
860229,1
860231,1
860233,1
860236,1
860248,1
860250,1
860252,1
860265,1
860267,1
860269,1
860286,1
860303,1
860320,1
860327,1
860359,1
860363,1
860380,1
860387,1
860401,1
860403,1
860405,1
860424,1
860431,1
860446,1
860456,1
860458,1
860461,1
860475,1
860478,2
860505,1
860515,1
860521,1
860530,1
860534,1
860536,1
860540,1
860553,1
860573,1
860586,1
860588,1
860591,1
860593,1
860607,1
860611,1
860621,1
860626,1
860629,1
860631,1
860634,1
860647,1
860650,2
860652,1
860665,1
860667,1
860669,1
860683,1
860685,1
860691,1
860701,1
860706,1
860740,1
860743,1
860758,1
860761,1
860763,1
860783,1
860786,1
860799,1
860835,1
860838,1
860856,1
860876,1
860878,1
860892,1
860896,1
860910,1
860914,1
860929,1
860934,1
860948,1
860951,1
860953,1
860956,1
860969,1
860972,1
860975,1
860977,1
860989,1
860992,1
861006,1
861009,1
861013,1
861025,1
861042,1
861044,1
861066,1
861083,1
861085,1
861101,1
861104,1
861109,1
861120,1
861123,1
861132,1
861142,1
861148,1
861162,1
861165,1
861197,1
861199,1
861213,1
861216,1
861219,1
861225,1
861230,1
861237,1
861239,1
861253,1
861258,2
861291,1
861294,1
861308,1
861312,1
861314,1
861317,1
861335,1
861347,1
861352,1
861367,1
861370,1
861385,1
861392,2
861407,1
861424,1
861444,1
861446,1
861449,1
861463,1
861466,1
861481,1
861500,1
861503,1
861513,1
861537,1
861561,1
861578,1
861595,1
861598,1
861613,1
861633,1
861636,1
861640,1
861654,2
861657,1
861671,1
861675,1
861677,1
861688,1
861691,1
861695,1
861698,1
861711,1
861725,1
861730,1
861732,1
861735,1
861747,1
861751,1
861765,1
861768,1
861770,1
861782,1
861786,1
861789,1
861791,1
861805,1
861807,1
861810,1
861813,1
861827,1
861841,1
861844,1
861846,1
861864,1
861879,1
861882,1
861884,1
861898,1
861907,1
861936,1
861940,1
861954,1
861958,1
861960,1
861963,1
861976,1
861979,1
861995,1
861998,1
862000,1
862013,1
862017,1
862031,1
862033,1
862036,1
862051,1
862055,1
862059,1
862070,1
862075,1
862077,1
862089,1
862092,1
862094,1
862108,1
862148,1
862166,1
862168,1
862187,1
862203,1
862221,1
862224,2
862227,1
862232,1
862242,1
862246,1
862259,1
862265,1
862271,1
862276,1
862284,2
862315,1
862320,1
862338,1
862353,1
862373,1
862376,1
862378,1
862391,1
862413,1
862432,1
862452,1
862472,1
862488,1
862505,1
862510,1
862516,1
862536,1
862547,1
862563,1
862565,1
862569,1
862587,1
862590,1
862601,1
862604,1
862622,1
862625,1
862627,1
862640,1
862645,1
862657,1
862661,1
862663,1
862676,1
862680,1
862682,1
862696,1
862700,1
862714,1
862717,1
862719,1
862738,1
862754,2
862757,1
862759,1
862776,1
862778,1
862805,1
862811,1
862813,1
862815,1
862817,1
862820,1
862831,1
862848,1
862852,1
862870,1
862877,1
862906,1
862910,1
862925,1
862927,1
862929,1
862961,1
862982,1
862985,1
863004,1
863021,1
863023,1
863037,1
863039,1
863042,1
863044,1
863051,1
863059,1
863062,1
863071,1
863076,1
863081,1
863094,1
863103,1
863115,1
863118,1
863120,1
863134,1
863138,1
863155,1
863171,1
863179,2
863193,1
863207,1
863209,1
863215,1
863221,1
863232,1
863237,1
863252,1
863264,1
863270,1
863307,1
863322,1
863324,1
863328,1
863341,1
863347,2
863350,1
863365,1
863367,1
863381,1
863384,1
863399,1
863401,1
863405,1
863419,1
863423,1
863426,1
863432,1
863437,1
863479,1
863497,1
863511,1
863516,1
863518,1
863521,1
863534,1
863536,1
863538,1
863552,1
863556,1
863567,1
863576,1
863578,1
863594,1
863605,1
863609,1
863613,1
863615,1
863628,1
863630,1
863643,1
863650,1
863666,1
863670,1
863687,1
863703,1
863706,1
863727,2
863742,1
863750,1
863761,1
863763,1
863766,1
863771,1
863779,1
863781,1
863785,1
863789,1
863796,1
863802,1
863804,1
863812,1
863818,1
863821,1
863837,1
863840,1
863844,1
863856,1
863859,2
863861,1
863876,1
863880,1
863885,1
863895,1
863913,1
863916,1
863931,1
863935,1
863937,1
863940,1
863950,1
863956,1
863968,1
863986,1
863989,1
863993,1
863996,1
864006,1
864013,1
864028,1
864031,1
864046,1
864052,1
864071,1
864088,1
864101,1
864104,1
864109,1
864114,1
864122,1
864126,1
864158,1
864175,1
864182,1
864185,1
864197,1
864202,1
864217,1
864220,1
864235,1
864239,1
864244,1
864258,1
864273,1
864275,1
864278,1
864292,1
864297,1
864311,1
864316,1
864320,1
864330,1
864335,1
864340,1
864346,1
864348,1
864357,1
864370,1
864374,1
864388,1
864405,1
864410,1
864414,1
864426,1
864430,1
864445,1
864463,1
864474,1
864485,1
864499,1
864503,1
864509,1
864519,1
864529,1
864543,1
864546,2
864557,1
864563,1
864578,1
864581,1
864596,1
864615,1
864619,1
864639,1
864643,1
864653,1
864658,1
864675,1
864677,1
864709,1
864713,1
864729,1
864737,1
864749,1
864751,1
864762,1
864769,1
864772,1
864778,1
864788,1
864795,1
864807,1
864809,1
864814,1
864827,1
864834,1
864849,1
864864,1
864878,1
864882,1
864886,1
864902,1
864909,1
864914,1
864923,1
864933,1
864940,1
864942,1
864947,1
864957,1
864961,1
864963,1
864977,1
864979,1
864981,1
864995,1
864997,1
865003,1
865014,1
865019,1
865033,1
865036,1
865039,1
865054,1
865070,1
865074,1
865089,1
865094,1
865110,1
865129,1
865133,1
865136,1
865151,1
865153,1
865166,1
865170,1
865186,1
865192,1
865203,1
865211,1
865216,1
865226,1
865232,1
865243,1
865246,1
865264,1
865278,1
865281,1
865284,1
865292,1
865303,1
865319,1
865321,1
865337,1
865354,1
865357,1
865360,1
865376,1
865378,1
865394,1
865396,1
865430,1
865448,1
865454,1
865459,1
865484,1
865490,1
865493,1
865510,1
865530,1
865533,1
865542,1
865551,1
865560,1
865576,1
865586,1
865590,1
865603,1
865607,1
865622,1
865625,1
865642,1
865650,1
865660,1
865663,1
865668,1
865680,1
865682,1
865712,1
865718,1
865722,1
865726,1
865730,1
865741,1
865756,1
865766,1
865777,1
865796,1
865812,1
865814,1
865841,1
865850,1
865852,1
865858,1
865870,1
865873,1
865879,1
865891,1
865927,1
865930,1
865935,1
865949,2
865962,1
865966,1
865971,1
865974,1
865984,1
865986,1
865993,1
865995,1
866000,1
866009,1
866011,1
866023,1
866041,1
866047,1
866052,1
866062,1
866099,1
866101,1
866154,1
866157,1
866159,1
866161,1
866167,1
866174,1
866177,1
866179,1
866181,1
866202,1
866218,1
866230,1
866233,1
866250,1
866255,1
866262,1
866271,1
866273,1
866288,1
866304,1
866308,1
866312,1
866326,1
866328,1
866330,1
866336,1
866344,1
866346,1
866348,1
866360,1
866363,1
866365,1
866367,1
866404,1
866411,1
866423,1
866440,1
866459,1
866475,1
866479,1
866488,1
866498,1
866500,1
866507,2
866517,1
866519,1
866534,1
866538,1
866541,1
866554,1
866573,1
866575,1
866580,1
866592,1
866595,1
866602,1
866608,1
866630,1
866632,1
866635,1
866645,1
866650,1
866652,1
866669,1
866676,1
866685,1
866687,1
866691,1
866723,1
866725,1
866732,1
866743,1
866751,1
866762,1
866764,1
866768,1
866784,1
866790,1
866801,1
866803,1
866809,1
866817,1
866836,1
866839,1
866841,1
866843,1
866849,1
866867,1
866872,1
866879,1
866896,1
866904,1
866912,1
866922,1
866935,1
866940,1
866946,1
866957,2
866961,1
866978,1
866994,1
867013,1
867020,1
867054,1
867056,1
867059,1
867070,1
867086,1
867088,1
867093,1
867106,1
867108,1
867123,1
867125,1
867133,1
867142,1
867144,1
867149,1
867164,1
867198,1
867200,1
867203,1
867206,1
867220,1
867225,1
867229,1
867231,1
867242,1
867258,2
867262,1
867273,1
867282,1
867287,1
867297,1
867302,1
867306,1
867314,1
867316,1
867322,1
867329,1
867336,1
867344,2
867347,1
867353,1
867355,1
867357,1
867359,1
867371,1
867384,1
867387,1
867389,1
867402,1
867406,1
867413,1
867420,1
867429,1
867431,1
867436,1
867440,1
867443,1
867447,1
867450,1
867457,1
867464,1
867470,1
867484,1
867486,1
867489,1
867502,1
867506,1
867513,1
867519,1
867531,1
867549,1
867581,1
867590,1
867597,1
867601,1
867607,1
867619,1
867624,1
867637,1
867644,1
867646,1
867656,1
867666,1
867671,1
867678,1
867685,1
867694,2
867697,1
867713,1
867729,1
867734,1
867758,1
867770,1
867776,1
867778,1
867780,1
867789,1
867792,1
867807,1
867827,1
867830,1
867836,1
867865,1
867867,1
867881,1
867897,1
867906,1
867909,1
867919,1
867921,1
867924,1
867928,1
867941,1
867945,1
867969,1
867978,1
867980,1
867983,1
867997,1
868009,1
868015,1
868017,1
868021,1
868033,1
868039,1
868056,1
868058,1
868074,1
868081,1
868093,1
868102,1
868110,1
868119,1
868126,1
868132,1
868142,1
868148,1
868153,1
868156,1
868162,1
868169,1
868172,2
868174,1
868179,1
868209,1
868216,1
868226,1
868228,1
868242,1
868250,1
868263,1
868277,1
868299,1
868302,1
868306,2
868320,1
868322,1
868325,1
868332,1
868338,1
868341,1
868343,1
868353,1
868366,1
868371,1
868378,1
868382,1
868387,1
868391,1
868394,1
868400,1
868404,1
868411,1
868415,1
868417,1
868419,1
868421,1
868430,1
868437,1
868449,1
868452,1
868456,2
868459,1
868474,2
868484,1
868490,1
868494,1
868496,1
868503,1
868511,1
868523,1
868532,1
868536,1
868540,1
868548,1
868550,1
868552,1
868554,1
868560,1
868562,1
868567,1
868569,1
868578,1
868582,1
868585,1
868590,1
868593,1
868596,1
868602,1
868608,1
868610,1
868612,1
868624,1
868628,1
868644,1
868663,1
868668,1
868670,1
868673,1
868682,1
868684,1
868686,1
868699,1
868726,1
868738,1
868740,1
868744,1
868748,1
868759,1
868763,1
868767,1
868770,1
868777,1
868796,1
868800,1
868817,1
868827,1
868834,1
868841,1
868844,1
868854,1
868856,1
868870,1
868872,1
868889,1
868900,1
868907,1
868925,1
868927,1
868935,1
868965,1
868967,1
868985,1
868987,1
868989,1
869004,1
869006,1
869022,1
869024,1
869033,1
869036,1
869043,1
869059,1
869069,1
869079,1
869081,1
869083,1
869091,1
869107,1
869117,1
869120,2
869128,1
869134,1
869141,1
869143,1
869151,1
869154,1
869160,1
869166,1
869187,1
869204,1
869225,2
869239,1
869250,1
869254,1
869273,2
869283,1
869290,2
869297,1
869306,1
869311,1
869315,1
869322,1
869324,1
869330,1
869343,1
869346,1
869349,1
869358,1
869361,2
869385,1
869387,1
869392,1
869411,1
869420,1
869431,1
869433,1
869435,1
869443,1
869446,1
869456,1
869461,1
869463,1
869479,1
869499,1
869516,1
869518,1
869534,1
869537,1
869540,1
869555,1
869561,1
869611,1
869613,1
869618,1
869623,1
869638,1
869654,1
869658,1
869660,1
869670,1
869709,1
869725,1
869727,1
869737,1
869741,1
869746,1
869748,1
869756,1
869771,1
869780,1
869782,1
869785,1
869788,1
869791,1
869802,1
869808,1
869816,1
869823,1
869838,1
869846,1
869857,1
869861,1
869869,1
869876,1
869907,1
869915,1
869923,1
869946,1
869954,1
869956,1
869961,1
869964,1
869974,1
869976,1
869992,1
869995,1
869997,1
870013,1
870015,1
870019,1
870022,1
870038,1
870048,1
870052,1
870062,1
870067,1
870069,1
870071,1
870077,1
870087,1
870096,1
870102,1
870108,1
870122,1
870128,1
870134,1
870157,1
870160,1
870163,1
870166,1
870172,1
870176,1
870196,1
870201,1
870206,1
870211,1
870221,1
870223,1
870238,1
870244,1
870259,1
870261,1
870279,1
870285,1
870288,1
870298,1
870300,1
870315,1
870334,1
870337,1
870352,1
870354,1
870369,1
870372,1
870390,1
870398,1
870410,1
870413,1
870418,1
870433,1
870435,1
870438,1
870448,1
870451,1
870466,1
870476,1
870484,1
870487,1
870506,1
870522,1
870524,1
870526,1
870529,1
870536,1
870545,1
870550,1
870562,1
870573,1
870587,1
870589,1
870596,1
870601,1
870604,2
870606,1
870608,1
870620,1
870632,1
870635,1
870638,1
870640,1
870657,1
870673,1
870686,1
870701,1
870750,1
870756,1
870763,1
870774,1
870787,1
870805,1
870825,1
870829,1
870839,1
870866,1
870885,1
870890,1
870904,1
870907,1
870909,1
870915,1
870919,1
870925,1
870933,1
870940,1
870942,1
870951,1
870954,1
870963,1
870967,1
870970,1
870997,1
871000,1
871011,1
871017,1
871019,1
871037,1
871045,1
871053,1
871067,1
871074,1
871082,1
871084,1
871093,1
871097,1
871105,1
871109,1
871115,1
871119,1
871122,1
871132,1
871135,1
871155,1
871166,1
871198,1
871208,1
871216,1
871227,1
871230,2
871253,1
871257,1
871266,1
871268,1
871276,1
871283,1
871299,1
871303,1
871307,1
871309,1
871344,1
871347,1
871357,1
871360,1
871364,1
871373,1
871380,1
871389,1
871414,1
871431,1
871436,1
871438,1
871444,1
871448,1
871452,1
871458,1
871469,1
871473,1
871478,1
871492,1
871516,1
871524,1
871529,1
871532,1
871534,1
871540,1
871545,1
871551,1
871556,1
871565,1
871567,1
871574,1
871586,1
871606,1
871608,1
871618,1
871623,1
871631,1
871633,1
871638,1
871645,1
871648,1
871650,1
871663,1
871667,1
871678,1
871682,1
871685,1
871688,1
871694,1
871701,1
871704,1
871714,1
871718,1
871733,1
871735,1
871741,1
871743,1
871750,1
871770,1
871773,1
871776,1
871779,1
871786,1
871791,1
871797,1
871799,1
871802,1
871815,1
871821,1
871829,1
871833,1
871836,1
871846,1
871853,1
871855,1
871858,1
871868,1
871870,1
871897,1
871909,1
871913,1
871923,1
871928,1
871931,1
871948,1
871957,1
871959,1
871984,1
871999,1
872005,1
872024,1
872027,1
872035,1
872059,1
872063,1
872080,1
872097,1
872115,1
872118,1
872127,1
872138,1
872156,1
872171,1
872175,1
872182,1
872193,1
872197,1
872212,1
872214,1
872228,1
872231,1
872238,1
872247,1
872253,1
872276,1
872289,1
872291,1
872298,1
872308,1
872312,1
872322,2
872326,1
872328,1
872334,1
872348,1
872365,1
872371,1
872379,1
872386,1
872389,1
872404,1
872427,1
872438,1
872442,1
872460,1
872466,1
872478,1
872514,1
872521,1
872537,1
872545,1
872555,1
872558,1
872566,1
872571,1
872583,1
872594,1
872607,1
872631,1
872642,1
872647,1
872650,1
872653,1
872666,1
872669,1
872682,1
872686,1
872689,1
872695,1
872697,1
872705,1
872710,1
872715,1
872726,1
872728,1
872730,1
872741,1
872745,1
872754,1
872762,1
872767,1
872777,1
872782,1
872796,1
872821,1
872827,1
872836,1
872839,1
872843,1
872863,1
872890,1
872894,1
872899,1
872916,1
872922,1
872930,1
872936,1
872942,1
872949,1
872957,1
872959,1
872965,1
872970,1
872977,1
872989,1
872992,1
872995,1
873011,1
873027,1
873031,1
873037,1
873043,1
873046,1
873051,1
873053,1
873058,1
873064,1
873068,1
873083,1
873094,1
873104,1
873106,1
873108,1
873145,1
873151,1
873159,1
873181,1
873188,1
873194,1
873200,1
873205,1
873217,1
873219,1
873222,1
873227,1
873236,1
873240,1
873258,1
873276,1
873284,1
873313,1
873316,1
873330,1
873332,1
873335,1
873338,1
873351,1
873366,1
873372,1
873379,1
873390,1
873392,1
873399,1
873415,1
873424,1
873428,1
873432,1
873448,1
873451,1
873465,1
873467,1
873470,1
873483,1
873486,1
873488,1
873502,1
873505,1
873508,1
873526,1
873543,1
873582,1
873585,1
873597,1
873599,1
873605,1
873608,1
873617,1
873622,1
873633,1
873639,1
873644,1
873651,1
873657,1
873660,1
873665,1
873672,1
873676,1
873679,1
873687,1
873697,1
873699,1
873703,1
873705,1
873712,1
873714,1
873717,1
873720,1
873732,1
873734,1
873740,1
873744,1
873768,1
873772,1
873779,1
873787,1
873790,1
873793,1
873808,1
873811,1
873817,1
873824,1
873826,1
873830,1
873841,1
873843,1
873846,1
873848,1
873851,1
873853,1
873858,1
873869,1
873884,1
873887,1
873901,1
873905,1
873918,1
873921,1
873924,1
873930,1
873932,1
873940,1
873945,1
873973,1
873977,1
873987,1
873994,1
874015,1
874025,1
874036,1
874043,1
874058,1
874071,1
874073,1
874093,1
874099,1
874113,1
874115,1
874128,1
874131,1
874133,1
874135,1
874141,1
874150,1
874152,1
874166,1
874169,1
874172,1
874178,1
874188,1
874191,1
874198,1
874210,1
874226,1
874241,1
874247,1
874265,1
874271,1
874284,1
874286,1
874302,1
874304,1
874323,1
874339,1
874342,1
874348,1
874360,1
874362,1
874368,1
874376,1
874380,1
874390,1
874412,1
874418,1
874420,1
874436,1
874442,1
874448,1
874454,1
874456,1
874464,1
874470,1
874472,1
874476,1
874478,1
874483,1
874489,1
874492,1
874496,1
874501,1
874506,1
874513,1
874515,1
874529,1
874531,1
874537,1
874544,1
874551,1
874553,1
874568,1
874584,1
874587,1
874591,1
874596,1
874602,1
874606,1
874610,1
874623,1
874627,1
874633,1
874643,1
874647,1
874653,1
874662,1
874664,1
874672,1
874680,1
874684,1
874686,1
874700,1
874706,1
874708,1
874722,1
874724,1
874727,1
874729,1
874741,1
874743,1
874757,1
874766,1
874773,1
874780,1
874784,1
874786,1
874795,1
874798,1
874801,1
874806,1
874815,1
874832,1
874840,1
874849,1
874856,1
874872,1
874874,1
874877,1
874881,1
874888,1
874893,1
874895,1
874897,1
874908,1
874910,1
874912,1
874916,2
874922,1
874929,1
874934,1
874944,1
874948,1
874950,1
874952,1
874957,1
874964,1
874970,1
874980,1
874985,1
874989,1
874991,1
874995,1
875003,1
875007,1
875010,1
875014,1
875016,1
875028,1
875040,1
875043,1
875059,1
875063,1
875082,1
875088,1
875096,1
875102,1
875104,1
875109,1
875116,1
875122,1
875125,1
875129,1
875137,1
875139,1
875141,1
875143,1
875147,1
875157,1
875160,1
875171,1
875176,1
875178,1
875180,1
875193,1
875195,1
875203,1
875214,1
875216,1
875218,1
875223,1
875232,1
875234,1
875236,1
875250,1
875255,1
875262,1
875270,1
875273,1
875276,1
875303,1
875309,1
875312,1
875318,1
875328,1
875331,1
875343,1
875346,1
875350,1
875355,1
875357,1
875374,1
875401,1
875406,1
875408,1
875413,1
875423,1
875430,1
875441,1
875445,1
875461,1
875479,1
875486,1
875491,1
875499,1
875503,1
875505,1
875507,1
875520,1
875526,1
875532,1
875538,1
875541,1
875556,1
875563,1
875572,1
875584,1
875595,1
875597,1
875612,1
875620,1
875622,1
875635,1
875640,1
875651,1
875654,1
875657,1
875687,1
875689,1
875691,1
875693,1
875708,1
875711,1
875724,1
875766,1
875773,1
875785,1
875803,1
875809,1
875821,1
875824,1
875826,1
875844,1
875859,1
875861,1
875863,1
875869,1
875878,1
875881,1
875883,1
875895,1
875905,1
875916,1
875920,1
875936,1
875938,1
875943,1
875954,1
875957,1
875959,1
875974,1
875983,1
875985,1
875990,1
875992,1
875998,1
876014,1
876018,1
876021,1
876032,1
876035,1
876048,1
876052,1
876054,1
876068,1
876077,1
876088,1
876091,1
876094,1
876106,1
876109,1
876111,1
876114,1
876116,1
876129,1
876135,1
876142,1
876145,1
876149,1
876153,1
876163,1
876167,1
876171,1
876183,1
876185,1
876187,1
876201,1
876216,1
876222,1
876224,1
876230,1
876241,1
876243,1
876259,1
876264,1
876268,1
876272,1
876279,1
876288,1
876299,1
876307,1
876334,1
876338,1
876342,1
876362,1
876391,1
876401,1
876428,1
876432,1
876437,1
876451,1
876470,1
876476,1
876488,1
876506,1
876510,1
876513,1
876528,1
876543,1
876547,1
876565,1
876571,1
876581,1
876584,1
876586,1
876601,1
876618,1
876620,1
876623,1
876642,1
876648,1
876661,1
876683,1
876697,1
876699,1
876716,1
876722,1
876735,1
876753,1
876760,1
876771,1
876790,1
876793,1
876806,1
876811,1
876813,1
876836,1
876852,1
876861,1
876870,1
876873,1
876888,1
876891,1
876904,1
876906,1
876910,1
876932,1
876944,1
876979,1
876982,1
876984,1
876990,1
877027,1
877034,1
877060,1
877069,1
877080,2
877095,1
877097,1
877107,1
877117,1
877131,2
877136,1
877147,1
877156,1
877162,1
877172,1
877174,1
877190,1
877197,1
877209,1
877211,1
877214,1
877228,1
877248,1
877255,1
877273,1
877278,1
877283,1
877288,1
877291,1
877296,1
877305,1
877309,1
877323,1
877343,1
877345,1
877347,1
877362,1
877378,1
877380,1
877382,1
877384,1
877397,1
877402,1
877416,1
877420,1
877427,1
877438,1
877441,1
877456,1
877466,1
877472,1
877476,1
877478,1
877481,1
877514,1
877520,1
877528,1
877552,1
877554,1
877557,1
877560,1
877573,1
877576,2
877608,1
877611,1
877628,1
877646,1
877665,1
877670,1
877683,1
877686,1
877701,1
877710,1
877713,1
877725,1
877727,1
877739,1
877745,1
877751,1
877759,1
877762,1
877764,1
877768,1
877783,1
877786,1
877806,1
877816,1
877818,1
877820,1
877822,1
877837,1
877861,1
877863,1
877877,1
877892,1
877895,1
877903,1
877911,1
877914,1
877916,1
877931,1
877942,1
877951,1
877966,1
877968,1
877972,1
877977,1
877992,1
878003,1
878008,1
878011,1
878025,1
878029,2
878040,1
878048,1
878051,1
878055,1
878066,1
878077,1
878082,1
878087,1
878103,1
878105,1
878110,1
878123,1
878125,1
878139,1
878141,1
878143,1
878159,1
878161,1
878163,1
878176,1
878195,1
878197,1
878199,1
878201,1
878206,1
878218,1
878220,1
878236,1
878257,1
878260,1
878274,1
878276,1
878281,1
878293,1
878295,1
878315,1
878317,1
878322,1
878330,1
878334,1
878336,1
878338,1
878359,1
878384,1
878388,1
878391,1
878396,1
878419,1
878429,1
878432,1
878436,1
878447,1
878453,1
878455,1
878463,1
878466,1
878469,1
878471,1
878484,1
878486,1
878502,1
878505,1
878509,1
878522,1
878538,1
878540,1
878556,1
878559,1
878563,1
878577,1
878580,1
878592,1
878594,1
878636,1
878640,1
878673,1
878675,1
878678,1
878707,1
878710,1
878712,1
878714,1
878731,1
878747,1
878773,1
878782,1
878788,1
878805,1
878807,1
878809,1
878842,1
878846,1
878850,1
878865,1
878867,1
878871,1
878883,1
878885,1
878899,1
878902,1
878920,1
878940,1
878959,1
878977,2
878996,1
879014,1
879017,1
879021,1
879032,1
879036,1
879038,1
879053,1
879055,1
879075,1
879077,1
879080,1
879092,1
879094,1
879107,1
879109,1
879111,1
879113,1
879115,1
879121,1
879130,1
879146,1
879159,1
879166,1
879168,1
879171,1
879187,1
879191,1
879199,1
879207,1
879209,1
879224,1
879227,1
879229,1
879244,1
879246,1
879262,1
879265,1
879282,1
879285,1
879302,1
879318,1
879320,1
879327,1
879333,1
879339,1
879343,1
879353,1
879358,1
879360,1
879363,1
879378,1
879387,1
879392,1
879396,1
879399,1
879402,1
879405,1
879415,1
879418,1
879430,1
879436,1
879448,1
879454,1
879466,1
879489,1
879492,1
879502,1
879513,1
879530,1
879533,1
879539,1
879548,1
879564,1
879567,1
879569,1
879575,1
879603,1
879606,1
879608,1
879611,1
879624,1
879628,1
879634,1
879638,1
879649,1
879661,1
879668,1
879680,1
879682,1
879694,1
879701,1
879715,1
879717,1
879724,1
879731,1
879738,1
879741,1
879744,1
879754,1
879758,1
879770,1
879798,1
879815,1
879832,2
879834,1
879836,1
879840,1
879854,1
879858,2
879869,1
879871,1
879873,1
879885,1
879887,1
879895,1
879905,1
879908,1
879911,1
879913,1
879921,1
879928,1
879942,1
879952,1
879985,1
880000,1
880006,1
880015,1
880017,1
880021,1
880025,1
880027,1
880072,1
880080,1
880082,1
880086,1
880101,1
880104,2
880112,1
880115,1
880118,1
880124,1
880131,1
880153,1
880155,1
880159,1
880166,1
880176,1
880180,2
880183,1
880193,1
880195,1
880213,1
880227,1
880231,1
880235,1
880239,1
880251,1
880256,1
880272,1
880274,1
880290,1
880308,1
880318,1
880320,1
880329,1
880331,1
880334,1
880348,1
880362,1
880366,1
880381,1
880397,1
880404,1
880423,1
880439,1
880443,1
880445,1
880451,1
880458,1
880471,1
880475,1
880480,1
880482,1
880491,1
880499,1
880503,1
880517,1
880520,1
880528,1
880534,1
880537,1
880540,1
880550,1
880555,1
880557,1
880559,1
880571,1
880590,1
880595,1
880617,1
880632,1
880635,1
880644,1
880652,1
880655,1
880665,1
880670,1
880672,1
880684,1
880690,1
880706,1
880708,1
880711,1
880714,1
880720,1
880727,1
880730,1
880736,1
880742,1
880748,1
880762,1
880765,1
880769,1
880783,1
880819,1
880821,1
880856,1
880863,1
880866,1
880880,1
880882,1
880897,1
880903,1
880919,2
880928,1
880934,1
880961,1
880967,1
880971,1
880974,1
880978,1
880996,1
881009,1
881012,1
881017,1
881025,1
881036,2
881038,1
881052,1
881062,1
881073,1
881088,1
881105,1
881110,1
881112,1
881131,1
881144,1
881146,1
881149,1
881156,1
881161,1
881163,1
881167,1
881181,1
881186,1
881189,1
881204,1
881221,1
881234,1
881240,1
881246,1
881260,1
881278,1
881296,1
881299,1
881302,1
881319,1
881334,1
881336,1
881346,1
881354,1
881357,1
881374,1
881377,2
881379,1
881393,1
881397,1
881409,1
881412,1
881416,1
881426,1
881434,1
881437,1
881442,1
881447,1
881451,1
881454,1
881469,1
881472,2
881479,1
881483,1
881489,1
881491,1
881504,1
881516,1
881524,1
881526,1
881540,1
881549,1
881581,1
881584,1
881600,1
881603,1
881624,1
881631,1
881640,1
881643,1
881670,1
881677,1
881680,1
881682,1
881692,1
881696,1
881708,1
881716,1
881720,1
881727,1
881736,1
881754,1
881764,1
881767,1
881771,1
881775,1
881781,1
881787,1
881791,1
881795,1
881801,1
881811,1
881821,1
881829,1
881831,1
881847,1
881849,1
881859,1
881868,1
881882,1
881884,1
881888,1
881917,1
881921,1
881925,1
881928,1
881930,1
881942,1
881945,1
881961,1
881964,1
881979,1
881982,2
881984,1
881987,1
882001,1
882004,1
882007,1
882019,1
882023,2
882033,1
882044,1
882054,1
882058,1
882060,1
882069,1
882076,1
882078,1
882088,1
882095,1
882102,1
882106,1
882108,1
882133,1
882152,1
882175,1
882183,1
882196,1
882198,1
882211,1
882217,1
882225,1
882230,1
882242,1
882244,1
882262,1
882267,1
882279,1
882285,1
882289,1
882302,1
882304,1
882311,1
882321,1
882325,1
882327,1
882329,1
882332,1
882346,1
882348,1
882358,1
882361,1
882364,1
882376,1
882378,1
882383,1
882400,1
882416,1
882438,1
882456,1
882458,1
882462,1
882467,1
882474,1
882476,1
882479,1
882485,1
882497,1
882509,1
882511,1
882518,1
882534,1
882551,1
882555,1
882570,1
882572,1
882587,1
882590,1
882604,1
882608,1
882627,1
882629,1
882631,1
882633,1
882641,1
882650,1
882664,1
882681,1
882685,1
882701,1
882704,1
882722,1
882729,1
882742,1
882751,1
882758,1
882761,1
882763,1
882774,1
882781,1
882784,1
882796,1
882799,1
882801,1
882826,1
882838,1
882846,1
882848,1
882857,1
882871,1
882875,1
882878,1
882887,1
882894,1
882897,1
882907,1
882926,1
882931,1
882933,1
882936,1
882950,1
882952,1
882964,1
882969,1
882971,1
882977,1
882987,1
882989,1
883003,1
883008,1
883024,1
883027,1
883030,1
883044,1
883047,1
883061,1
883065,1
883105,1
883122,1
883138,1
883141,1
883159,1
883174,1
883178,1
883180,1
883199,1
883217,1
883232,1
883236,1
883238,1
883252,1
883255,1
883258,2
883271,1
883273,1
883276,1
883282,1
883292,1
883294,1
883309,1
883348,1
883350,1
883352,1
883365,1
883369,1
883372,2
883388,1
883403,1
883407,1
883410,2
883427,1
883443,1
883447,2
883502,1
883518,1
883522,1
883524,1
883541,2
883548,1
883560,1
883577,1
883580,1
883596,1
883599,2
883613,1
883616,1
883619,2
883632,1
883650,1
883653,1
883655,1
883657,1
883667,1
883671,1
883675,1
883685,1
883694,2
883730,1
883732,1
883749,1
883763,1
883768,1
883781,1
883783,1
883790,1
883797,1
883804,1
883807,1
883819,1
883825,1
883827,1
883831,1
883845,1
883862,1
883874,1
883897,1
883899,1
883902,1
883913,1
883919,1
883921,1
883928,1
883936,1
883950,1
883958,1
883960,1
883976,1
883979,2
883996,1
884012,1
884015,1
884029,1
884032,1
884035,1
884052,1
884054,1
884070,1
884073,1
884088,1
884091,1
884094,1
884110,1
884112,1
884114,1
884130,2
884148,1
884166,1
884169,1
884175,1
884189,1
884203,1
884206,1
884209,1
884224,1
884227,2
884229,1
884238,1
884245,1
884249,1
884259,1
884262,1
884265,2
884280,1
884283,1
884297,1
884300,1
884302,1
884316,1
884320,1
884337,1
884353,1
884360,1
884377,1
884381,1
884393,1
884396,1
884409,1
884415,1
884418,1
884428,1
884433,1
884435,1
884452,1
884467,1
884471,1
884473,1
884487,1
884489,1
884492,1
884506,1
884509,1
884524,1
884543,1
884545,1
884548,1
884560,1
884562,1
884582,1
884585,1
884603,1
884605,1
884620,1
884623,1
884626,2
884659,1
884661,1
884663,1
884677,1
884680,1
884682,1
884690,1
884698,1
884700,1
884707,1
884714,1
884733,1
884736,1
884738,1
884740,1
884752,1
884758,1
884773,1
884775,1
884790,1
884794,1
884809,1
884812,1
884814,1
884816,1
884823,1
884830,1
884834,1
884847,1
884850,1
884852,1
884855,1
884870,1
884885,1
884888,1
884890,1
884896,1
884905,1
884908,1
884923,1
884926,1
884928,1
884930,1
884942,1
884947,1
884963,1
884965,1
884983,1
885001,1
885003,1
885005,1
885020,1
885022,1
885024,1
885035,1
885039,1
885042,1
885057,1
885069,1
885073,1
885077,1
885081,1
885097,1
885099,1
885105,1
885117,1
885133,1
885136,1
885138,1
885150,1
885155,1
885172,1
885174,1
885176,1
885194,2
885207,1
885214,2
885228,1
885247,1
885250,1
885253,2
885269,1
885273,2
885287,1
885291,2
885293,1
885309,1
885323,1
885326,1
885328,1
885339,1
885346,1
885348,1
885366,2
885377,1
885381,1
885400,1
885402,1
885404,1
885421,1
885430,1
885438,1
885441,1
885456,1
885459,1
885468,1
885472,1
885479,1
885481,1
885492,1
885496,1
885499,1
885503,1
885506,1
885515,1
885518,1
885520,1
885538,2
885551,1
885587,1
885592,1
885609,1
885614,2
885620,1
885647,1
885649,1
885652,2
885668,1
885673,2
885686,1
885693,1
885700,1
885703,1
885717,1
885724,1
885727,1
885729,1
885744,1
885762,1
885780,1
885782,1
885796,1
885801,1
885818,1
885820,1
885840,1
885857,1
885874,1
885877,1
885895,1
885906,1
885912,1
885916,1
885922,1
885937,1
885949,1
885951,1
885955,1
885972,2
885990,1
885992,1
885994,1
886011,2
886030,1
886045,1
886048,1
886065,1
886084,1
886088,2
886103,1
886106,1
886119,1
886124,1
886142,1
886144,1
886162,1
886171,1
886179,1
886182,1
886194,1
886201,1
886203,1
886219,1
886236,1
886238,1
886257,1
886259,1
886261,1
886276,1
886278,1
886292,1
886295,1
886312,1
886314,1
886332,1
886334,1
886349,1
886351,1
886353,1
886355,1
886371,1
886388,1
886390,1
886403,1
886409,1
886425,1
886428,1
886431,1
886444,1
886446,1
886451,1
886481,1
886483,1
886486,1
886501,1
886504,1
886515,1
886522,1
886525,1
886528,1
886542,1
886560,1
886575,1
886581,1
886596,1
886612,1
886616,1
886620,2
886633,1
886661,1
886676,1
886679,1
886697,2
886714,2
886716,1
886731,1
886735,2
886756,1
886770,1
886784,1
886801,1
886807,1
886809,1
886818,1
886825,1
886830,1
886837,1
886839,1
886847,1
886853,1
886864,1
886884,1
886893,1
886895,1
886901,1
886903,1
886906,1
886920,1
886922,1
886937,1
886940,1
886942,1
886960,2
886978,1
886980,1
886996,1
886998,1
887001,1
887011,1
887018,1
887036,1
887052,1
887054,1
887056,1
887058,1
887073,1
887093,1
887110,1
887112,1
887114,1
887128,1
887131,1
887133,1
887147,1
887149,1
887163,1
887167,1
887169,1
887171,1
887173,1
887185,1
887189,1
887202,1
887207,1
887210,2
887212,1
887227,1
887244,1
887247,2
887260,1
887265,1
887283,2
887319,1
887321,1
887335,1
887341,1
887356,1
887358,1
887360,1
887363,2
887369,1
887376,1
887380,1
887384,2
887394,1
887398,1
887431,1
887433,1
887448,1
887454,1
887472,1
887489,1
887492,1
887509,1
887512,1
887514,1
887529,1
887531,1
887566,1
887568,1
887582,1
887585,1
887588,1
887604,1
887623,1
887625,1
887628,1
887643,1
887645,1
887661,1
887663,1
887671,1
887676,1
887681,1
887701,1
887705,1
887707,1
887710,1
887713,1
887721,1
887724,1
887738,1
887749,1
887759,1
887761,1
887794,1
887796,1
887798,1
887815,1
887818,1
887833,1
887839,1
887852,1
887854,1
887863,1
887872,1
887880,1
887890,1
887893,2
887928,1
887943,1
887950,1
887952,1
887968,2
887984,1
887987,1
887989,1
887996,1
888007,2
888014,1
888017,1
888021,1
888025,1
888027,1
888029,1
888042,1
888061,1
888065,1
888082,1
888093,1
888101,1
888103,1
888105,1
888136,1
888138,1
888140,1
888143,1
888146,1
888150,1
888159,1
888174,2
888176,1
888178,1
888180,1
888211,1
888215,1
888232,1
888234,1
888249,1
888251,1
888254,1
888256,1
888268,1
888286,1
888291,1
888302,1
888307,1
888310,1
888312,1
888328,1
888346,1
888364,1
888366,1
888369,1
888384,1
888387,2
888405,1
888412,1
888423,1
888431,1
888436,1
888439,1
888443,1
888445,1
888462,2
888473,1
888480,1
888482,1
888486,1
888495,1
888509,1
888515,1
888517,1
888523,2
888532,1
888536,1
888542,1
888544,1
888548,1
888557,1
888559,1
888572,1
888574,1
888576,1
888593,1
888595,1
888605,1
888611,1
888615,1
888630,1
888633,1
888645,1
888649,1
888652,1
888661,1
888667,1
888670,1
888673,2
888676,1
888678,1
888687,1
888691,1
888693,1
888703,1
888709,1
888718,1
888754,1
888783,1
888803,1
888805,1
888807,1
888809,1
888818,1
888823,1
888827,2
888837,1
888842,1
888845,2
888847,1
888861,1
888871,1
888874,1
888877,1
888880,1
888882,1
888895,1
888897,1
888900,1
888915,1
888917,1
888932,1
888936,1
888942,1
888953,1
888957,1
888959,1
888970,1
888973,1
888980,2
888982,1
888984,1
888988,1
888995,1
888997,1
889001,1
889005,1
889010,1
889014,1
889029,1
889031,1
889045,1
889049,1
889051,1
889065,1
889068,1
889073,2
889122,1
889124,1
889127,1
889130,1
889137,1
889140,1
889146,1
889149,2
889158,1
889160,1
889164,1
889167,1
889185,1
889197,1
889204,1
889221,2
889239,1
889241,1
889243,1
889253,1
889256,2
889264,2
889275,1
889278,1
889282,1
889296,1
889299,1
889301,1
889311,1
889316,1
889354,1
889365,1
889374,2
889391,1
889394,1
889408,1
889414,1
889427,1
889429,1
889432,1
889434,1
889449,1
889455,1
889467,1
889470,1
889480,1
889482,1
889487,1
889489,1
889506,1
889508,1
889524,1
889527,1
889542,1
889544,1
889563,1
889565,1
889581,1
889583,1
889593,1
889600,1
889602,1
889617,1
889619,1
889621,1
889636,1
889639,1
889643,2
889651,1
889653,1
889656,1
889661,1
889676,1
889678,1
889687,1
889693,1
889695,1
889697,1
889699,1
889713,1
889726,1
889732,1
889734,1
889736,1
889751,1
889753,1
889772,1
889789,1
889791,1
889794,1
889809,1
889830,1
889861,1
889864,1
889868,1
889871,1
889883,1
889897,1
889906,1
889916,1
889918,1
889924,1
889926,1
889929,1
889936,1
889938,1
889946,2
889955,1
889960,1
889964,1
889982,2
889991,1
889999,1
890002,1
890009,1
890018,1
890020,1
890034,1
890037,1
890040,1
890053,1
890057,1
890072,1
890075,1
890089,1
890096,1
890098,1
890113,1
890151,1
890171,1
890181,1
890189,1
890191,1
890208,1
890210,1
890226,1
890228,1
890231,1
890245,1
890247,1
890250,2
890255,1
890259,1
890268,1
890283,1
890285,1
890301,1
890304,1
890324,1
890340,1
890342,1
890358,1
890360,1
890364,1
890376,1
890380,1
890382,1
890397,1
890400,1
890408,1
890417,1
890419,1
890421,1
890436,1
890438,1
890454,1
890456,1
890459,2
890461,1
890478,1
890495,1
890509,1
890512,1
890517,1
890525,1
890532,1
890542,1
890548,1
890551,1
890567,1
890570,1
890585,1
890589,2
890606,1
890609,1
890625,1
890637,1
890640,1
890645,1
890648,1
890662,1
890669,1
890679,1
890685,2
890687,1
890696,1
890704,1
890707,1
890713,1
890722,1
890725,1
890736,1
890742,1
890764,1
890776,1
890780,1
890782,1
890798,1
890802,1
890813,1
890819,1
890822,1
890834,1
890836,1
890838,1
890855,1
890873,1
890891,1
890893,1
890897,1
890913,2
890930,1
890950,1
890953,1
890967,1
890969,1
890971,1
890983,1
891003,1
891006,1
891023,1
891025,1
891027,1
891029,1
891037,1
891040,1
891045,1
891049,1
891058,1
891074,1
891082,1
891088,1
891100,1
891102,1
891119,1
891122,1
891138,1
891140,1
891162,1
891174,1
891178,1
891180,1
891198,1
891212,1
891216,1
891233,1
891237,1
891254,1
891256,1
891269,1
891276,1
891281,1
891283,1
891294,1
891305,1
891314,1
891323,1
891328,1
891331,1
891334,1
891345,1
891349,1
891352,1
891365,1
891368,1
891383,1
891385,1
891387,1
891403,1
891406,1
891408,1
891421,1
891425,1
891435,1
891438,1
891446,1
891461,1
891477,1
891482,1
891491,1
891498,1
891501,1
891503,1
891519,1
891534,1
891538,1
891540,1
891557,1
891560,2
891562,1
891578,1
891581,2
891596,1
891609,1
891613,1
891616,1
891628,1
891635,1
891647,1
891669,1
891671,1
891673,1
891710,1
891720,1
891732,1
891743,1
891749,1
891751,1
891765,1
891768,2
891786,1
891788,1
891803,1
891805,1
891807,1
891822,1
891825,1
891835,1
891843,1
891846,2
891861,1
891882,1
891893,1
891898,1
891911,1
891936,1
891954,1
891957,1
891974,1
891994,1
892003,1
892008,1
892031,1
892033,1
892051,1
892086,1
892089,1
892091,1
892093,1
892109,1
892125,1
892127,1
892129,1
892141,1
892143,1
892146,1
892149,1
892164,1
892184,1
892186,1
892194,1
892200,1
892205,1
892207,1
892217,1
892219,1
892223,1
892226,2
892235,1
892242,1
892257,1
892261,1
892277,1
892283,1
892286,1
892288,1
892301,1
892303,1
892319,1
892333,1
892337,1
892340,1
892352,1
892355,1
892357,1
892359,1
892363,1
892375,1
892387,1
892390,1
892393,1
892396,1
892400,1
892413,1
892425,1
892429,1
892431,1
892451,1
892463,1
892467,1
892469,1
892472,1
892476,1
892489,1
892501,1
892505,1
892507,1
892510,1
892515,1
892542,1
892546,1
892549,1
892565,1
892578,1
892581,1
892583,1
892586,1
892590,1
892621,1
892647,1
892654,1
892658,1
892660,1
892663,1
892667,1
892679,1
892694,1
892698,1
892735,1
892753,1
892756,2
892772,1
892774,1
892777,1
892780,1
892793,1
892806,1
892809,1
892813,1
892822,1
892831,1
892834,1
892844,1
892856,1
892872,2
892886,1
892907,1
892913,1
892921,1
892923,1
892925,1
892945,1
892949,1
892960,1
892963,1
892966,1
892969,1
892977,1
892982,1
892985,1
892987,1
893003,1
893020,1
893037,1
893041,1
893043,1
893058,1
893060,1
893071,1
893076,1
893078,1
893080,1
893095,1
893097,1
893101,1
893112,1
893133,1
893135,1
893149,1
893152,1
893154,1
893156,1
893172,1
893174,1
893188,1
893191,1
893193,1
893209,1
893211,1
893228,1
893230,1
893246,1
893248,1
893250,1
893265,1
893267,1
893269,1
893285,1
893287,1
893290,1
893304,1
893308,1
893323,1
893326,1
893342,1
893345,1
893349,1
893364,1
893380,1
893383,1
893395,1
893401,1
893418,1
893420,1
893431,1
893436,1
893440,1
893453,1
893457,1
893460,1
893474,1
893477,1
893494,1
893496,1
893506,1
893512,1
893517,1
893533,1
893535,1
893546,1
893552,1
893554,1
893557,1
893571,1
893573,1
893590,1
893609,1
893614,2
893616,1
893629,1
893631,1
893647,1
893651,1
893667,1
893680,1
893686,1
893688,1
893696,1
893706,1
893720,1
893723,1
893735,1
893741,1
893744,1
893746,1
893748,1
893758,1
893762,1
893764,1
893776,1
893780,1
893782,1
893800,1
893802,1
893814,1
893820,1
893822,1
893837,1
893840,2
893850,1
893857,1
893859,1
893875,1
893891,1
893895,1
893916,1
893933,1
893935,1
893951,1
893966,1
893970,1
893972,1
893981,1
893990,1
894004,1
894008,1
894010,1
894013,1
894016,1
894027,1
894029,1
894031,1
894033,1
894042,1
894063,1
894067,1
894084,1
894094,1
894098,1
894100,1
894104,1
894107,1
894117,1
894121,1
894123,1
894125,1
894142,1
894154,1
894162,1
894167,1
894181,1
894193,1
894200,1
894202,1
894217,1
894219,1
894235,1
894237,1
894241,1
894252,1
894255,1
894258,1
894270,1
894272,1
894275,1
894277,1
894288,1
894307,1
894312,1
894315,1
894319,1
894328,1
894332,1
894335,2
894338,1
894355,1
894359,1
894366,1
894382,1
894391,1
894404,1
894409,2
894422,1
894426,1
894429,1
894439,1
894446,1
894460,1
894466,1
894483,1
894485,1
894496,1
894500,1
894502,1
894504,1
894506,1
894522,1
894525,1
894527,1
894534,1
894541,1
894543,1
894558,1
894594,1
894596,1
894599,1
894609,1
894613,1
894619,1
894633,1
894637,1
894654,1
894663,1
894670,1
894672,1
894675,1
894677,1
894692,1
894709,1
894712,1
894719,1
894731,1
894747,1
894751,1
894754,1
894768,1
894770,1
894783,1
894789,1
894805,1
894807,1
894809,1
894815,1
894820,1
894825,1
894827,1
894836,1
894841,1
894845,1
894862,1
894864,1
894866,1
894884,2
894900,1
894903,1
894916,1
894920,1
894923,2
894940,1
894956,1
894959,1
894970,1
894991,1
894995,1
894998,1
895010,1
895015,1
895017,1
895027,1
895035,1
895037,1
895053,1
895061,1
895065,1
895073,1
895075,1
895078,1
895087,1
895092,1
895094,1
895124,1
895130,1
895132,1
895147,1
895150,1
895160,1
895168,1
895173,1
895176,1
895181,1
895189,1
895191,1
895197,1
895204,1
895206,1
895210,1
895225,1
895240,1
895242,1
895245,1
895261,1
895263,1
895275,1
895277,1
895281,1
895284,1
895300,1
895316,1
895318,1
895321,1
895334,1
895338,1
895340,1
895354,1
895357,1
895360,2
895375,1
895377,1
895380,2
895395,1
895397,1
895413,1
895419,1
895433,1
895437,2
895452,1
895455,2
895472,1
895509,1
895512,1
895522,1
895528,1
895531,1
895544,1
895547,1
895549,1
895559,1
895564,1
895568,1
895580,1
895585,1
895587,1
895598,1
895601,1
895606,1
895623,1
895641,1
895644,2
895653,1
895658,1
895662,1
895665,1
895669,1
895681,1
895691,1
895697,1
895714,1
895737,1
895755,1
895771,1
895814,2
895831,1
895834,1
895842,1
895853,1
895855,1
895864,1
895870,1
895874,2
895876,1
895884,1
895892,1
895904,1
895909,1
895926,1
895929,1
895945,1
895947,1
895951,1
895954,1
895961,1
895963,1
895969,1
895973,1
895986,1
896000,1
896004,1
896020,1
896022,1
896024,1
896060,1
896079,1
896093,1
896098,1
896100,1
896114,1
896118,1
896133,1
896137,1
896169,1
896176,1
896179,1
896181,1
896195,1
896211,1
896232,1
896243,1
896254,1
896267,1
896269,1
896271,1
896274,2
896278,1
896285,1
896290,1
896292,1
896302,1
896305,1
896309,1
896314,1
896328,1
896332,1
896347,2
896366,1
896383,1
896388,1
896401,1
896404,1
896407,1
896421,1
896424,2
896433,1
896440,1
896443,2
896445,1
896447,1
896460,1
896462,1
896475,1
896477,1
896480,1
896493,1
896496,1
896498,1
896526,1
896537,1
896569,1
896574,1
896592,1
896606,1
896611,1
896614,2
896624,1
896632,1
896648,1
896650,1
896669,1
896678,1
896686,1
896688,1
896690,1
896704,1
896706,1
896709,2
896726,1
896742,1
896744,1
896746,1
896760,1
896764,1
896786,1
896800,1
896804,1
896806,1
896820,1
896822,1
896838,1
896856,1
896859,1
896876,1
896883,1
896897,1
896912,1
896915,1
896917,1
896932,1
896934,1
896936,1
896950,1
896953,1
896971,1
896973,1
896982,1
896986,1
896993,1
896998,2
897000,1
897004,1
897012,1
897014,1
897018,1
897021,1
897032,2
897047,1
897049,1
897051,1
897054,1
897067,1
897069,1
897080,1
897085,1
897088,1
897106,2
897124,1
897126,1
897143,1
897160,1
897162,1
897169,1
897180,1
897183,1
897185,1
897187,1
897204,1
897219,1
897221,1
897235,1
897239,1
897241,1
897255,1
897257,1
897259,1
897275,1
897293,1
897295,1
897302,1
897312,1
897316,1
897320,1
897332,1
897334,1
897336,1
897344,1
897354,1
897369,1
897371,1
897374,2
897384,1
897390,1
897393,1
897409,1
897419,1
897430,2
897445,1
897466,1
897478,1
897484,1
897487,1
897493,1
897515,1
897518,1
897542,1
897572,1
897579,1
897582,1
897593,1
897599,1
897601,1
897618,1
897631,1
897637,1
897643,1
897648,1
897658,1
897663,1
897675,1
897679,1
897694,1
897696,1
897698,1
897715,2
897727,1
897732,1
897734,1
897737,1
897749,1
897766,1
897770,1
897773,1
897789,1
897791,1
897807,1
897809,1
897827,1
897841,1
897852,1
897902,1
897904,1
897922,1
897940,1
897942,1
897960,1
897963,1
897978,1
897980,1
897988,1
897999,1
898033,1
898037,1
898044,1
898055,1
898057,1
898061,1
898064,1
898075,1
898077,1
898079,1
898087,1
898091,1
898095,1
898110,1
898130,1
898150,1
898168,1
898182,1
898185,1
898191,2
898207,1
898226,1
898238,1
898243,1
898247,1
898264,1
898277,1
898280,1
898297,1
898303,1
898308,1
898318,1
898324,2
898337,1
898339,1
898342,1
898344,1
898348,1
898352,1
898358,1
898362,1
898366,1
898384,1
898398,1
898416,1
898432,1
898435,1
898437,1
898472,1
898474,1
898497,1
898502,1
898523,1
898527,1
898532,1
898548,1
898577,1
898587,1
898589,1
898602,1
898611,1
898624,1
898627,1
898663,1
898682,1
898698,1
898701,1
898703,1
898716,1
898721,1
898740,1
898754,1
898759,1
898762,1
898766,1
898775,1
898779,1
898781,1
898784,1
898787,1
898791,1
898818,2
898835,1
898853,1
898858,1
898873,1
898887,1
898891,1
898893,1
898895,1
898902,1
898908,1
898913,1
898945,1
898949,1
898951,1
898953,1
898970,1
898986,1
898996,1
899006,1
899039,1
899044,1
899046,1
899063,1
899070,1
899075,1
899082,1
899092,1
899095,1
899102,1
899108,1
899116,1
899121,1
899123,1
899138,1
899141,1
899158,1
899160,1
899174,1
899177,1
899192,1
899195,1
899197,1
899223,1
899242,1
899252,1
899263,1
899266,1
899270,1
899273,1
899290,1
899301,1
899305,1
899308,1
899311,1
899314,2
899316,1
899326,1
899331,1
899335,1
899345,1
899349,1
899366,1
899383,1
899386,1
899403,1
899423,1
899442,1
899461,1
899464,1
899480,1
899483,1
899496,1
899499,1
899537,1
899539,1
899544,1
899549,1
899559,1
899561,1
899571,1
899602,1
899613,1
899615,1
899617,1
899632,1
899634,1
899651,1
899668,1
899670,1
899673,2
899675,1
899707,1
899710,2
899726,1
899728,1
899747,2
899764,1
899766,1
899771,1
899774,1
899793,1
899803,1
899807,2
899822,1
899829,1
899841,1
899843,1
899845,1
899852,1
899859,1
899861,1
899864,1
899866,1
899880,1
899896,1
899913,1
899918,1
899923,1
899936,1
899938,1
899940,1
899945,1
899957,1
899972,1
899992,1
899997,2
1000013,1
1000046,1
1000049,1
1000051,1
1000068,1
1000083,1
1000088,1
1000091,2
1000093,1
1000097,1
1000107,1
1000110,1
1000112,1
1000116,1
1000143,1
1000151,1
1000165,1
1000168,1
1000172,1
1000181,1
1000185,1
1000187,1
1000190,1
1000204,2
1000208,1
1000216,1
1000223,1
1000225,1
1000234,1
1000241,1
1000251,1
1000258,1
1000260,1
1000262,1
1000278,1
1000296,1
1000311,1
1000314,1
1000317,1
1000325,1
1000327,1
1000336,1
1000338,1
1000352,1
1000354,1
1000356,1
1000369,1
1000391,1
1000411,1
1000429,1
1000432,1
1000442,1
1000458,1
1000467,1
1000470,1
1000486,1
1000490,2
1000492,1
1000508,1
1000524,1
1000526,1
1000540,1
1000544,1
1000547,1
1000580,1
1000586,2
1000590,1
1000618,1
1000633,1
1000639,1
1000661,1
1000677,1
1000683,2
1000685,1
1000698,1
1000715,1
1000737,1
1000749,1
1000754,1
1000757,1
1000772,1
1000789,1
1000792,1
1000807,1
1000810,1
1000831,1
1000847,1
1000849,1
1000852,1
1000866,1
1000868,1
1000873,1
1000884,1
1000887,1
1000903,1
1000906,1
1000912,1
1000914,1
1000917,1
1000926,1
1000952,1
1000961,1
1000963,1
1000966,1
1000981,1
1000984,1
1001000,1
1001012,1
1001016,1
1001023,1
1001030,1
1001040,2
1001053,1
1001057,1
1001060,1
1001062,1
1001077,1
1001097,1
1001103,1
1001115,1
1001118,1
1001122,1
1001133,1
1001152,1
1001159,1
1001161,1
1001164,2
1001166,1
1001176,1
1001178,1
1001191,1
1001195,1
1001197,1
1001207,1
1001210,1
1001212,1
1001215,2
1001219,1
1001247,1
1001249,1
1001252,1
1001257,1
1001267,1
1001271,1
1001274,1
1001285,1
1001287,1
1001303,1
1001305,1
1001308,1
1001321,1
1001325,1
1001331,1
1001349,2
1001357,1
1001361,1
1001365,2
1001367,1
1001374,1
1001384,2
1001389,1
1001400,1
1001418,1
1001421,1
1001424,1
1001437,1
1001439,1
1001441,1
1001456,1
1001473,1
1001492,1
1001502,1
1001512,1
1001515,1
1001518,1
1001523,1
1001527,1
1001535,1
1001538,1
1001542,1
1001561,1
1001568,1
1001571,1
1001573,1
1001576,1
1001595,1
1001608,1
1001613,1
1001626,1
1001634,1
1001646,1
1001666,1
1001670,1
1001685,1
1001692,1
1001704,1
1001716,1
1001722,1
1001728,1
1001740,1
1001745,1
1001749,1
1001761,1
1001763,1
1001778,1
1001781,2
1001786,1
1001798,1
1001800,1
1001817,1
1001819,1
1001822,1
1001825,1
1001838,1
1001840,1
1001842,1
1001845,1
1001857,2
1001859,1
1001874,1
1001877,1
1001882,1
1001894,1
1001911,1
1001914,1
1001920,1
1001933,1
1001964,2
1001969,1
1001973,1
1001977,1
1001990,1
1002003,1
1002005,1
1002009,1
1002024,1
1002032,1
1002038,1
1002066,1
1002070,1
1002084,1
1002087,1
1002089,1
1002091,1
1002097,1
1002105,1
1002109,2
1002119,1
1002121,1
1002125,2
1002127,1
1002129,1
1002135,1
1002145,2
1002159,1
1002168,1
1002172,1
1002177,1
1002182,1
1002188,1
1002190,1
1002201,1
1002217,1
1002224,1
1002235,1
1002237,1
1002239,1
1002243,1
1002254,1
1002270,1
1002274,1
1002277,1
1002292,1
1002297,1
1002311,1
1002313,1
1002315,1
1002318,1
1002332,1
1002343,1
1002349,1
1002369,1
1002374,1
1002380,1
1002389,1
1002391,1
1002396,1
1002406,1
1002408,1
1002411,1
1002419,1
1002425,1
1002427,1
1002429,1
1002433,1
1002436,1
1002446,1
1002449,1
1002461,1
1002463,1
1002465,1
1002467,1
1002481,1
1002492,1
1002499,1
1002503,1
1002508,1
1002521,1
1002525,2
1002528,1
1002542,2
1002544,1
1002567,1
1002575,1
1002578,1
1002582,1
1002598,2
1002613,1
1002616,1
1002619,1
1002623,1
1002635,1
1002637,1
1002653,1
1002677,1
1002693,1
1002698,1
1002708,1
1002714,1
1002729,1
1002733,1
1002743,1
1002748,1
1002752,1
1002757,1
1002767,1
1002770,1
1002781,1
1002783,1
1002787,1
1002793,1
1002801,1
1002808,1
1002810,1
1002823,1
1002825,1
1002829,1
1002842,1
1002845,1
1002862,1
1002865,1
1002870,1
1002881,1
1002902,1
1002918,1
1002926,1
1002939,1
1002941,1
1002947,1
1002959,1
1002975,1
1003001,1
1003037,1
1003054,1
1003066,1
1003071,1
1003074,1
1003077,1
1003082,1
1003086,1
1003091,1
1003094,1
1003098,1
1003109,1
1003112,1
1003115,1
1003118,1
1003127,1
1003131,1
1003137,1
1003147,1
1003150,1
1003153,1
1003156,1
1003168,1
1003174,1
1003185,1
1003190,1
1003192,1
1003208,2
1003211,1
1003217,1
1003224,1
1003227,1
1003232,1
1003261,1
1003268,1
1003281,1
1003297,1
1003302,1
1003311,1
1003319,1
1003336,1
1003339,1
1003350,1
1003357,1
1003362,1
1003381,1
1003397,2
1003416,1
1003432,1
1003434,1
1003451,1
1003475,1
1003493,1
1003498,1
1003511,1
1003518,1
1003521,1
1003527,1
1003532,1
1003538,1
1003549,1
1003552,1
1003555,1
1003567,1
1003569,1
1003573,1
1003586,1
1003588,1
1003604,1
1003621,1
1003645,1
1003660,1
1003698,1
1003718,1
1003720,1
1003723,1
1003736,1
1003738,1
1003740,1
1003742,1
1003744,1
1003757,1
1003762,1
1003774,1
1003776,1
1003779,1
1003782,1
1003795,1
1003798,1
1003801,1
1003813,1
1003816,1
1003832,1
1003834,1
1003839,1
1003850,1
1003852,1
1003854,1
1003856,1
1003859,2
1003864,1
1003874,2
1003888,1
1003890,1
1003892,1
1003895,1
1003897,1
1003909,1
1003913,1
1003923,1
1003933,1
1003947,1
1003953,1
1003956,1
1003967,2
1003985,1
1003987,1
1003993,1
1004023,1
1004027,1
1004042,1
1004044,1
1004047,1
1004078,1
1004080,1
1004083,1
1004090,1
1004099,1
1004101,1
1004116,1
1004121,1
1004123,1
1004137,1
1004154,1
1004159,1
1004177,1
1004193,1
1004213,1
1004218,1
1004233,1
1004236,1
1004251,1
1004266,1
1004268,1
1004271,1
1004278,1
1004286,1
1004309,1
1004321,1
1004327,1
1004330,1
1004333,1
1004336,1
1004347,1
1004355,1
1004364,1
1004367,1
1004372,1
1004374,1
1004387,1
1004390,1
1004403,1
1004405,1
1004425,1
1004428,1
1004439,1
1004442,1
1004460,2
1004475,1
1004482,1
1004485,1
1004498,1
1004510,1
1004518,1
1004530,1
1004536,1
1004538,1
1004542,1
1004545,1
1004560,1
1004574,1
1004581,1
1004592,1
1004595,2
1004598,1
1004615,1
1004632,1
1004647,1
1004649,1
1004653,1
1004661,1
1004665,1
1004669,1
1004672,1
1004682,1
1004687,1
1004696,1
1004707,1
1004710,1
1004715,1
1004727,1
1004729,1
1004741,1
1004745,1
1004748,1
1004764,1
1004773,1
1004779,1
1004785,2
1004788,1
1004823,1
1004830,1
1004840,1
1004857,1
1004859,1
1004879,1
1004882,1
1004897,1
1004916,1
1004934,1
1004951,1
1004954,1
1004957,1
1004974,1
1004976,1
1004979,1
1004992,1
1005010,1
1005019,1
1005032,1
1005046,1
1005049,1
1005052,1
1005057,1
1005071,1
1005086,1
1005089,1
1005108,1
1005122,1
1005126,1
1005140,1
1005143,1
1005146,1
1005149,1
1005162,1
1005165,1
1005181,1
1005183,1
1005200,1
1005204,1
1005211,1
1005220,1
1005223,1
1005237,1
1005240,1
1005257,1
1005259,1
1005280,1
1005295,1
1005299,1
1005318,1
1005332,1
1005335,1
1005337,1
1005353,1
1005368,1
1005371,1
1005376,2
1005388,1
1005393,1
1005395,1
1005403,1
1005409,1
1005417,1
1005423,1
1005430,1
1005433,1
1005437,1
1005448,1
1005450,1
1005464,1
1005467,1
1005470,1
1005474,1
1005486,1
1005488,1
1005494,1
1005503,1
1005514,1
1005523,1
1005525,1
1005528,1
1005543,1
1005547,1
1005564,1
1005571,1
1005584,1
1005588,1
1005599,1
1005601,1
1005605,2
1005610,1
1005620,1
1005638,1
1005655,1
1005659,1
1005677,1
1005695,1
1005713,1
1005733,1
1005751,1
1005753,1
1005770,1
1005772,1
1005776,1
1005791,1
1005820,1
1005828,1
1005830,1
1005832,1
1005847,1
1005849,1
1005865,1
1005867,1
1005884,1
1005903,1
1005906,1
1005922,1
1005925,1
1005939,1
1005943,1
1005959,1
1005963,1
1005981,1
1005999,1
1006017,1
1006021,1
1006037,1
1006074,1
1006094,1
1006097,1
1006115,1
1006130,1
1006132,1
1006134,1
1006151,1
1006157,1
1006159,1
1006173,1
1006188,1
1006194,1
1006209,1
1006226,1
1006229,1
1006252,1
1006264,1
1006266,1
1006268,1
1006270,1
1006285,1
1006288,1
1006290,1
1006306,1
1006322,1
1006324,1
1006341,1
1006343,1
1006371,1
1006379,1
1006382,1
1006415,1
1006417,1
1006420,2
1006423,1
1006437,1
1006439,1
1006454,1
1006473,1
1006492,1
1006510,1
1006512,1
1006530,1
1006549,1
1006551,1
1006553,1
1006587,1
1006589,1
1006603,1
1006607,1
1006623,1
1006640,1
1006642,1
1006663,1
1006665,1
1006681,1
1006684,1
1006687,1
1006704,1
1006707,2
1006721,1
1006740,1
1006742,1
1006755,1
1006759,1
1006763,2
1006765,1
1006768,1
1006781,1
1006794,1
1006798,1
1006801,1
1006810,1
1006816,1
1006819,1
1006835,1
1006852,1
1006856,1
1006863,1
1006881,1
1006892,1
1006895,2
1006915,1
1006931,1
1006947,1
1006954,1
1006972,1
1006987,1
1006990,2
1007006,1
1007014,1
1007027,2
1007041,1
1007043,1
1007047,1
1007064,2
1007067,1
1007083,1
1007088,1
1007139,1
1007141,1
1007158,1
1007160,1
1007171,1
1007178,1
1007192,1
1007201,2
1007203,1
1007217,1
1007234,1
1007252,1
1007259,1
1007272,1
1007274,1
1007276,1
1007292,1
1007302,1
1007310,1
1007316,1
1007329,1
1007333,1
1007349,1
1007361,1
1007370,1
1007386,1
1007389,1
1007391,1
1007399,1
1007406,1
1007410,1
1007412,1
1007414,1
1007426,1
1007430,1
1007440,1
1007444,1
1007446,1
1007450,1
1007462,1
1007464,1
1007481,1
1007500,1
1007519,1
1007537,1
1007539,1
1007543,1
1007546,1
1007559,1
1007561,1
1007569,1
1007572,1
1007576,1
1007579,1
1007581,1
1007586,1
1007589,1
1007592,1
1007599,1
1007614,1
1007616,1
1007618,1
1007634,1
1007642,1
1007652,1
1007654,1
1007660,1
1007672,1
1007674,1
1007689,1
1007691,1
1007693,1
1007698,1
1007705,1
1007711,1
1007718,1
1007747,1
1007750,1
1007754,1
1007761,1
1007767,1
1007770,1
1007778,1
1007787,2
1007790,1
1007806,1
1007823,1
1007842,1
1007844,1
1007862,1
1007866,1
1007880,1
1007898,1
1007901,1
1007906,1
1007918,2
1007923,1
1007925,1
1007940,1
1007954,1
1007957,1
1007961,1
1007966,1
1007976,1
1007978,1
1007980,1
1007989,1
1007996,1
1008011,1
1008013,1
1008015,1
1008032,1
1008034,1
1008051,1
1008088,1
1008107,1
1008109,1
1008111,1
1008118,1
1008127,1
1008129,1
1008131,1
1008138,1
1008147,1
1008164,1
1008169,1
1008185,1
1008208,1
1008224,1
1008226,1
1008229,1
1008242,1
1008244,1
1008249,1
1008262,1
1008278,1
1008299,1
1008302,1
1008316,1
1008318,1
1008321,2
1008331,1
1008338,1
1008345,1
1008356,1
1008372,1
1008374,1
1008377,1
1008379,1
1008394,1
1008400,1
1008412,1
1008414,1
1008417,1
1008432,1
1008443,1
1008450,1
1008469,1
1008483,1
1008485,1
1008489,1
1008491,1
1008493,1
1008508,1
1008514,1
1008521,1
1008528,1
1008530,1
1008534,1
1008546,1
1008563,1
1008565,1
1008574,1
1008584,1
1008587,1
1008602,1
1008604,1
1008610,1
1008623,1
1008639,1
1008663,1
1008680,1
1008682,1
1008684,1
1008698,1
1008700,1
1008716,1
1008735,1
1008737,1
1008754,1
1008772,1
1008774,1
1008776,1
1008779,1
1008794,1
1008804,1
1008811,1
1008813,1
1008819,1
1008827,1
1008833,2
1008849,1
1008851,1
1008855,1
1008866,1
1008870,1
1008876,1
1008883,1
1008888,1
1008890,1
1008893,1
1008906,1
1008908,1
1008919,1
1008925,1
1008927,1
1008933,1
1008945,1
1008960,1
1008982,1
1008986,1
1009001,1
1009027,1
1009034,1
1009040,1
1009058,1
1009076,1
1009096,1
1009114,1
1009117,1
1009135,1
1009137,1
1009141,1
1009148,1
1009157,1
1009166,1
1009172,1
1009174,1
1009176,1
1009191,1
1009210,1
1009227,1
1009229,1
1009236,1
1009250,2
1009256,1
1009268,1
1009270,1
1009274,1
1009287,1
1009289,1
1009291,1
1009308,1
1009313,1
1009317,1
1009326,1
1009331,1
1009343,1
1009348,1
1009363,1
1009370,1
1009383,1
1009389,1
1009401,1
1009418,1
1009421,1
1009439,1
1009456,1
1009495,1
1009506,1
1009514,1
1009516,1
1009533,1
1009550,1
1009552,1
1009566,1
1009572,1
1009575,1
1009590,1
1009592,1
1009609,1
1009611,1
1009614,1
1009629,1
1009631,1
1009635,1
1009661,1
1009666,1
1009668,1
1009670,1
1009687,1
1009689,1
1009701,1
1009704,1
1009706,1
1009709,1
1009723,1
1009729,1
1009732,1
1009762,1
1009764,1
1009779,1
1009781,1
1009784,2
1009789,1
1009803,1
1009809,1
1009819,1
1009821,1
1009835,1
1009837,1
1009840,1
1009856,1
1009862,1
1009880,1
1009895,1
1009932,1
1009934,1
1009940,1
1009944,1
1009946,1
1009955,1
1009965,1
1009971,1
1009976,1
1009984,1
1009995,1
1009999,1
1010010,1
1010026,1
1010028,1
1010032,1
1010048,2
1010084,1
1010103,1
1010105,1
1010163,1
1010179,1
1010181,1
1010184,1
1010199,1
1010216,1
1010220,1
1010237,1
1010254,1
1010275,1
1010278,1
1010293,1
1010318,1
1010331,1
1010333,1
1010335,1
1010352,2
1010360,1
1010375,1
1010389,1
1010403,1
1010414,1
1010427,1
1010444,1
1010464,1
1010475,1
1010483,1
1010486,1
1010493,1
1010510,1
1010522,1
1010526,1
1010550,1
1010560,1
1010564,1
1010576,1
1010579,1
1010582,2
1010584,1
1010611,1
1010616,1
1010619,2
1010621,1
1010627,1
1010656,2
1010660,1
1010698,1
1010705,1
1010713,1
1010715,1
1010737,1
1010750,1
1010752,1
1010754,1
1010769,1
1010772,1
1010784,1
1010788,1
1010793,1
1010807,1
1010814,1
1010822,1
1010826,1
1010829,2
1010831,1
1010846,1
1010857,1
1010885,1
1010903,2
1010920,1
1010922,1
1010927,1
1010940,1
1010957,1
1010959,1
1010979,2
1010987,1
1010997,1
1010999,1
1011014,1
1011016,1
1011023,1
1011030,1
1011038,1
1011050,1
1011054,1
1011068,1
1011072,1
1011075,1
1011092,1
1011096,1
1011110,1
1011113,2
1011115,1
1011131,1
1011212,1
1011225,1
1011228,1
1011244,1
1011246,1
1011263,1
1011266,2
1011268,1
1011283,1
1011290,1
1011300,1
1011303,2
1011305,1
1011320,1
1011322,1
1011343,1
1011346,1
1011380,1
1011395,1
1011398,2
1011400,1
1011414,1
1011416,1
1011419,2
1011424,1
1011436,2
1011440,1
1011453,1
1011457,1
1011471,1
1011496,1
1011509,1
1011512,2
1011514,1
1011530,1
1011547,1
1011549,1
1011552,1
1011585,1
1011595,1
1011607,1
1011623,1
1011625,1
1011658,1
1011662,1
1011667,1
1011670,1
1011682,1
1011701,2
1011711,1
1011721,1
1011723,1
1011726,1
1011737,1
1011740,1
1011756,1
1011758,1
1011775,1
1011784,1
1011794,1
1011796,1
1011798,1
1011805,1
1011807,1
1011828,1
1011832,1
1011836,2
1011839,1
1011852,1
1011855,2
1011875,1
1011898,1
1011908,1
1011911,2
1011914,1
1011928,1
1011936,1
1011941,1
1011947,1
1011951,1
1011953,1
1011959,1
1011967,1
1011969,1
1011984,1
1011989,1
1012002,1
1012005,1
1012022,1
1012059,1
1012061,1
1012079,1
1012082,1
1012086,1
1012099,1
1012101,1
1012113,1
1012118,1
1012136,1
1012139,1
1012156,1
1012161,1
1012174,1
1012193,1
1012209,1
1012212,1
1012225,1
1012232,1
1012249,1
1012269,1
1012272,1
1012286,1
1012288,1
1012291,1
1012293,1
1012306,1
1012309,2
1012326,1
1012345,1
1012347,1
1012364,1
1012366,1
1012381,1
1012383,1
1012386,2
1012388,1
1012403,1
1012405,1
1012420,1
1012422,1
1012433,1
1012443,1
1012461,2
1012478,1
1012480,1
1012497,1
1012500,1
1012516,1
1012536,2
1012541,1
1012549,1
1012557,1
1012579,1
1012592,1
1012594,1
1012596,1
1012629,1
1012649,1
1012666,1
1012687,1
1012690,1
1012705,1
1012725,1
1012743,1
1012746,1
1012764,1
1012781,1
1012801,1
1012803,1
1012807,1
1012811,1
1012814,1
1012822,1
1012843,1
1012852,1
1012859,1
1012877,1
1012881,1
1012893,1
1012915,1
1012920,1
1012933,1
1012953,1
1012958,1
1012971,1
1012977,1
1012993,2
1012998,1
1013011,1
1013014,1
1013030,1
1013047,1
1013049,1
1013053,1
1013086,1
1013093,1
1013103,1
1013106,1
1013109,1
1013125,1
1013142,1
1013144,1
1013157,1
1013163,1
1013165,1
1013181,1
1013183,1
1013200,1
1013217,1
1013219,1
1013222,1
1013239,1
1013255,1
1013257,1
1013259,1
1013261,1
1013277,1
1013287,1
1013294,1
1013296,1
1013299,1
1013317,2
1013333,1
1013336,2
1013338,1
1013353,1
1013368,1
1013372,1
1013389,1
1013394,2
1013408,1
1013411,1
1013427,1
1013429,1
1013432,2
1013447,1
1013451,1
1013467,1
1013474,1
1013486,1
1013490,1
1013501,1
1013505,1
1013523,1
1013541,1
1013562,1
1013564,1
1013581,1
1013599,1
1013601,1
1013606,1
1013619,1
1013622,1
1013656,1
1013659,1
1013674,1
1013677,1
1013679,1
1013681,1
1013686,1
1013700,1
1013712,1
1013714,1
1013732,2
1013734,1
1013736,1
1013738,1
1013754,1
1013756,1
1013770,1
1013780,1
1013790,1
1013794,2
1013809,1
1013811,1
1013821,1
1013826,1
1013830,1
1013841,1
1013845,1
1013847,1
1013850,1
1013866,1
1013902,1
1013905,1
1013922,1
1013924,1
1013940,1
1013942,1
1013944,1
1013961,1
1013975,1
1013981,1
1013983,1
1013999,1
1014016,1
1014019,1
1014021,1
1014037,1
1014045,1
1014047,1
1014057,1
1014061,1
1014075,1
1014086,1
1014093,1
1014095,1
1014112,1
1014114,1
1014131,1
1014133,1
1014138,1
1014151,1
1014154,1
1014169,1
1014173,2
1014189,1
1014207,1
1014210,1
1014226,1
1014244,1
1014248,1
1014265,1
1014274,1
1014285,1
1014287,1
1014303,1
1014316,1
1014325,1
1014341,1
1014376,1
1014388,1
1014401,1
1014416,1
1014434,1
1014440,1
1014449,1
1014456,1
1014462,1
1014477,1
1014488,1
1014508,1
1014512,1
1014529,1
1014532,1
1014548,1
1014550,1
1014552,1
1014558,1
1014569,1
1014571,1
1014586,1
1014589,2
1014591,1
1014607,1
1014625,1
1014628,1
1014639,1
1014645,1
1014663,1
1014677,1
1014680,1
1014683,1
1014686,1
1014691,1
1014702,1
1014706,2
1014721,1
1014723,1
1014740,1
1014754,1
1014758,1
1014775,1
1014778,1
1014780,1
1014783,1
1014797,1
1014805,1
1014815,1
1014835,1
1014852,1
1014872,1
1014874,1
1014891,1
1014893,1
1014910,1
1014914,1
1014927,1
1014930,1
1014947,1
1014949,1
1014951,1
1014963,1
1014971,1
1014987,1
1014990,1
1015006,2
1015008,1
1015025,1
1015027,1
1015046,1
1015054,1
1015059,1
1015064,1
1015080,1
1015084,2
1015101,1
1015104,1
1015121,2
1015136,1
1015141,2
1015145,1
1015157,1
1015159,1
1015163,2
1015173,1
1015179,1
1015181,1
1015196,1
1015199,2
1015208,1
1015215,1
1015219,1
1015235,1
1015252,1
1015287,1
1015293,1
1015306,1
1015310,1
1015312,1
1015328,1
1015330,1
1015347,1
1015384,1
1015387,1
1015405,1
1015423,1
1015431,1
1015435,1
1015441,1
1015445,1
1015448,1
1015480,1
1015483,1
1015500,1
1015516,1
1015518,1
1015521,1
1015527,1
1015538,1
1015556,1
1015558,1
1015575,1
1015577,1
1015594,1
1015606,1
1015616,1
1015633,1
1015650,1
1015670,1
1015672,1
1015686,1
1015690,1
1015708,1
1015726,1
1015737,1
1015748,1
1015750,1
1015763,1
1015765,1
1015767,1
1015770,1
1015777,1
1015779,1
1015786,1
1015789,2
1015800,1
1015803,1
1015805,1
1015809,1
1015823,1
1015825,1
1015836,1
1015839,1
1015846,1
1015861,1
1015879,1
1015881,1
1015898,1
1015916,1
1015919,1
1015936,1
1015938,1
1015950,1
1015956,1
1015958,1
1015972,1
1015975,1
1015977,1
1015985,1
1015993,1
1015995,1
1016002,1
1016013,1
1016015,1
1016021,1
1016031,1
1016033,1
1016042,1
1016051,1
1016079,1
1016090,1
1016126,1
1016135,1
1016150,1
1016182,1
1016186,1
1016201,1
1016204,1
1016270,1
1016280,1
1016282,1
1016286,1
1016315,1
1016318,1
1016332,1
1016337,1
1016351,1
1016353,1
1016355,1
1016375,2
1016389,1
1016392,1
1016394,1
1016412,1
1016431,1
1016445,1
1016451,1
1016471,1
1016489,2
1016506,1
1016508,1
1016511,2
1016523,1
1016527,1
1016542,1
1016546,1
1016560,1
1016563,1
1016566,1
1016572,1
1016584,1
1016599,1
1016604,1
1016620,1
1016623,2
1016640,1
1016643,1
1016670,1
1016677,1
1016681,1
1016693,1
1016698,1
1016714,1
1016717,1
1016732,1
1016736,1
1016742,1
1016754,1
1016766,1
1016773,1
1016775,1
1016779,1
1016793,1
1016808,1
1016810,1
1016813,1
1016819,1
1016824,1
1016833,1
1016844,1
1016848,1
1016850,1
1016852,1
1016865,1
1016868,1
1016871,1
1016877,1
1016891,1
1016902,1
1016906,1
1016908,1
1016980,1
1016982,1
1016984,1
1016997,1
1017004,1
1017020,1
1017022,1
1017039,1
1017055,1
1017057,1
1017060,1
1017077,1
1017094,1
1017114,1
1017117,2
1017124,1
1017131,1
1017134,1
1017136,1
1017153,1
1017170,1
1017189,1
1017192,1
1017194,1
1017211,1
1017228,1
1017245,1
1017248,1
1017266,1
1017268,1
1017283,1
1017286,1
1017288,1
1017295,1
1017306,1
1017308,1
1017343,1
1017359,1
1017362,1
1017364,1
1017380,1
1017382,1
1017420,1
1017432,1
1017438,1
1017440,1
1017456,1
1017474,1
1017476,1
1017478,1
1017493,1
1017495,1
1017502,1
1017513,1
1017515,1
1017517,1
1017521,1
1017533,1
1017535,1
1017539,1
1017552,1
1017570,1
1017572,1
1017589,1
1017605,1
1017609,1
1017625,1
1017628,1
1017646,1
1017648,1
1017665,1
1017668,2
1017683,1
1017686,1
1017688,1
1017703,1
1017706,2
1017719,1
1017741,1
1017743,1
1017755,1
1017761,1
1017778,1
1017781,1
1017798,1
1017801,2
1017817,1
1017819,1
1017823,2
1017838,1
1017853,1
1017856,1
1017858,1
1017864,1
1017875,1
1017893,1
1017895,1
1017912,1
1017914,1
1017931,1
1017933,1
1017949,1
1017951,1
1017953,1
1017965,1
1017970,1
1017972,1
1017987,1
1017989,1
1017991,1
1018007,1
1018009,1
1018025,1
1018027,1
1018038,1
1018041,2
1018048,1
1018050,1
1018063,1
1018066,1
1018076,1
1018081,1
1018084,1
1018087,1
1018099,1
1018104,1
1018118,1
1018121,1
1018124,1
1018141,1
1018146,1
1018151,1
1018158,1
1018161,1
1018176,1
1018180,1
1018183,1
1018199,1
1018201,1
1018217,1
1018231,1
1018254,1
1018267,1
1018274,1
1018276,1
1018284,1
1018291,1
1018294,1
1018298,1
1018307,1
1018311,2
1018315,1
1018325,1
1018332,1
1018336,1
1018349,1
1018351,1
1018368,1
1018370,1
1018382,1
1018386,1
1018389,1
1018391,1
1018403,1
1018443,1
1018446,1
1018462,1
1018464,1
1018483,1
1018485,1
1018501,1
1018503,1
1018521,1
1018523,1
1018537,1
1018540,1
1018549,1
1018557,1
1018560,1
1018562,1
1018571,1
1018575,1
1018579,1
1018596,1
1018598,1
1018615,1
1018634,1
1018636,1
1018675,1
1018702,1
1018711,1
1018713,1
1018727,1
1018730,1
1018745,1
1018749,1
1018751,1
1018759,1
1018768,1
1018782,1
1018787,1
1018789,1
1018805,1
1018808,1
1018820,1
1018823,1
1018826,1
1018828,1
1018844,1
1018878,1
1018883,1
1018899,1
1018919,1
1018940,1
1018958,1
1018960,1
1018976,1
1018979,1
1018994,1
1018997,1
1019009,1
1019011,1
1019015,1
1019017,1
1019019,1
1019031,1
1019052,1
1019062,1
1019070,1
1019075,1
1019090,1
1019101,1
1019106,1
1019114,1
1019129,1
1019141,1
1019147,1
1019150,1
1019167,1
1019169,1
1019181,1
1019205,1
1019218,1
1019224,1
1019226,1
1019242,1
1019245,2
1019256,1
1019262,1
1019280,1
1019282,1
1019291,1
1019298,1
1019301,1
1019303,1
1019318,1
1019336,1
1019338,1
1019341,2
1019357,1
1019375,1
1019394,1
1019404,1
1019410,1
1019413,1
1019416,1
1019434,1
1019451,1
1019453,1
1019466,1
1019471,1
1019474,1
1019489,1
1019491,1
1019508,1
1019511,1
1019527,1
1019529,1
1019546,1
1019557,1
1019565,1
1019568,1
1019585,1
1019598,1
1019603,1
1019605,1
1019621,1
1019623,1
1019626,2
1019643,1
1019654,1
1019660,1
1019663,1
1019679,1
1019697,1
1019700,1
1019718,1
1019745,1
1019755,1
1019775,1
1019784,1
1019792,1
1019795,1
1019798,1
1019810,1
1019813,1
1019815,1
1019823,1
1019832,1
1019851,1
1019855,1
1019886,1
1019907,1
1019922,1
1019927,1
1019931,2
1019947,1
1019954,1
1019965,1
1019967,1
1019969,1
1020003,1
1020006,1
1020023,1
1020041,1
1020052,1
1020060,1
1020077,1
1020080,1
1020089,1
1020099,1
1020111,1
1020114,1
1020136,1
1020155,1
1020158,2
1020175,1
1020193,1
1020195,1
1020211,1
1020226,1
1020229,1
1020232,1
1020234,1
1020250,1
1020266,1
1020268,1
1020270,1
1020304,1
1020307,1
1020312,1
1020327,1
1020344,1
1020348,1
1020372,1
1020383,1
1020391,1
1020407,1
1020421,1
1020437,1
1020440,1
1020444,1
1020457,1
1020477,1
1020515,1
1020519,1
1020522,1
1020536,1
1020554,1
1020565,1
1020574,1
1020578,1
1020590,1
1020593,1
1020596,1
1020611,1
1020626,1
1020631,1
1020648,1
1020663,1
1020669,1
1020671,1
1020688,1
1020699,1
1020701,1
1020706,1
1020710,2
1020717,1
1020723,1
1020728,1
1020743,1
1020745,1
1020749,1
1020765,1
1020786,1
1020790,2
1020803,1
1020820,1
1020823,1
1020836,1
1020840,1
1020844,1
1020855,1
1020859,1
1020862,1
1020877,1
1020895,1
1020899,1
1020912,1
1020916,1
1020918,1
1020933,1
1020935,1
1020937,1
1020954,2
1020972,1
1020974,1
1020991,1
1021007,1
1021010,1
1021015,1
1021024,1
1021031,1
1021048,1
1021086,1
1021123,1
1021138,1
1021142,1
1021161,1
1021163,1
1021166,1
1021181,1
1021184,1
1021200,1
1021218,1
1021220,1
1021235,1
1021243,1
1021257,1
1021260,1
1021276,1
1021294,1
1021297,2
1021308,1
1021315,1
1021332,1
1021352,1
1021354,1
1021359,1
1021368,1
1021375,1
1021389,1
1021411,1
1021429,1
1021432,1
1021439,1
1021441,1
1021446,1
1021450,1
1021454,1
1021465,1
1021467,1
1021470,1
1021484,1
1021486,1
1021521,1
1021523,1
1021540,1
1021560,1
1021562,1
1021565,1
1021581,1
1021587,1
1021598,1
1021600,1
1021625,1
1021642,1
1021654,1
1021657,1
1021659,1
1021675,1
1021677,1
1021688,1
1021694,1
1021699,1
1021705,1
1021713,1
1021729,1
1021733,1
1021739,1
1021750,1
1021752,1
1021770,1
1021773,1
1021789,1
1021808,1
1021814,1
1021821,1
1021826,1
1021829,1
1021831,1
1021835,1
1021847,1
1021861,1
1021865,1
1021867,1
1021869,1
1021873,1
1021886,1
1021903,2
1021918,1
1021923,1
1021925,1
1021941,1
1021976,1
1021979,1
1021984,1
1021986,1
1021999,1
1022002,1
1022010,1
1022018,1
1022023,1
1022037,1
1022054,1
1022058,1
1022074,1
1022077,1
1022079,1
1022084,1
1022092,1
1022096,1
1022099,1
1022127,1
1022131,1
1022136,1
1022150,1
1022169,1
1022173,1
1022183,1
1022191,1
1022194,1
1022204,1
1022207,1
1022209,1
1022212,1
1022245,1
1022249,1
1022252,1
1022264,1
1022266,1
1022268,1
1022282,1
1022284,1
1022289,1
1022302,1
1022306,1
1022311,1
1022321,1
1022324,2
1022327,1
1022341,1
1022344,1
1022346,1
1022362,1
1022368,1
1022372,1
1022381,1
1022397,1
1022401,1
1022411,1
1022417,1
1022435,1
1022439,1
1022454,1
1022458,1
1022472,1
1022474,1
1022477,2
1022479,1
1022495,2
1022511,1
1022513,1
1022518,1
1022520,1
1022531,1
1022535,1
1022547,1
1022550,1
1022557,1
1022566,1
1022570,1
1022587,1
1022589,1
1022591,1
1022597,1
1022606,1
1022609,1
1022612,1
1022626,1
1022635,1
1022642,1
1022649,1
1022663,1
1022666,2
1022668,1
1022682,1
1022685,1
1022701,1
1022706,1
1022721,1
1022728,1
1022761,1
1022771,2
1022780,1
1022791,1
1022797,1
1022810,1
1022820,1
1022834,1
1022852,1
1022862,1
1022871,1
1022892,1
1022895,1
1022910,1
1022920,1
1022925,1
1022935,1
1022949,1
1022952,1
1022967,1
1022988,1
1022991,1
1023002,1
1023028,1
1023033,1
1023039,1
1023045,1
1023047,1
1023063,1
1023080,1
1023083,1
1023099,1
1023101,1
1023118,1
1023136,1
1023141,1
1023156,1
1023160,1
1023176,1
1023195,1
1023198,1
1023214,1
1023235,1
1023237,1
1023271,1
1023279,1
1023285,1
1023297,2
1023299,1
1023311,1
1023328,1
1023330,1
1023334,1
1023349,1
1023352,1
1023355,1
1023367,1
1023370,1
1023383,1
1023385,1
1023387,1
1023392,2
1023405,1
1023408,2
1023423,1
1023426,1
1023436,1
1023454,1
1023459,1
1023462,1
1023466,1
1023482,1
1023487,1
1023503,1
1023505,1
1023520,1
1023523,2
1023538,1
1023540,1
1023555,1
1023558,1
1023567,1
1023575,1
1023578,1
1023582,1
1023584,1
1023587,1
1023597,1
1023600,1
1023613,1
1023617,1
1023626,1
1023633,1
1023635,1
1023637,1
1023641,1
1023643,1
1023652,1
1023655,1
1023659,1
1023661,1
1023672,1
1023683,1
1023689,1
1023704,1
1023707,1
1023712,1
1023718,1
1023733,2
1023749,1
1023762,1
1023767,1
1023770,1
1023783,1
1023785,1
1023801,1
1023806,1
1023824,1
1023827,1
1023842,1
1023844,1
1023849,1
1023862,1
1023879,1
1023882,1
1023901,1
1023917,1
1023920,1
1023935,1
1023956,1
1023958,1
1023972,1
1023975,1
1023978,1
1023993,1
1023997,1
1024000,1
1024011,1
1024013,1
1024028,1
1024032,1
1024034,1
1024036,1
1024045,1
1024072,1
1024077,1
1024090,1
1024093,2
1024130,1
1024143,1
1024145,1
1024148,1
1024151,1
1024155,1
1024165,1
1024167,1
1024169,1
1024174,1
1024179,1
1024183,1
1024186,1
1024189,1
1024259,1
1024267,1
1024278,1
1024282,1
1024290,1
1024298,1
1024310,1
1024314,1
1024317,1
1024320,1
1024326,1
1024334,1
1024339,1
1024354,1
1024358,1
1024362,1
1024371,1
1024375,1
1024392,1
1024399,1
1024409,1
1024413,1
1024428,1
1024432,2
1024435,1
1024442,1
1024445,1
1024450,1
1024453,1
1024466,1
1024469,1
1024472,1
1024486,1
1024507,1
1024509,1
1024529,1
1024547,1
1024565,2
1024567,1
1024601,1
1024603,1
1024619,1
1024621,1
1024637,1
1024641,1
1024644,1
1024655,1
1024657,1
1024661,1
1024678,1
1024697,1
1024737,1
1024752,1
1024754,1
1024772,1
1024775,1
1024791,1
1024793,1
1024796,1
1024810,1
1024813,1
1024829,1
1024850,1
1024865,1
1024868,1
1024870,1
1024872,1
1024888,1
1024904,1
1024906,1
1024923,1
1024943,1
1024947,1
1024950,1
1024965,1
1024982,1
1024999,1
1025003,1
1025020,1
1025042,1
1025057,1
1025074,1
1025079,1
1025083,1
1025096,1
1025116,1
1025133,1
1025149,1
1025153,1
1025157,1
1025170,1
1025174,1
1025194,1
1025208,1
1025212,1
1025226,1
1025228,1
1025231,1
1025249,1
1025269,1
1025273,1
1025286,1
1025288,1
1025305,1
1025307,1
1025309,1
1025324,1
1025329,1
1025336,1
1025346,1
1025360,1
1025378,1
1025380,1
1025384,1
1025398,1
1025421,1
1025439,1
1025456,1
1025459,1
1025463,1
1025474,1
1025482,2
1025501,1
1025513,1
1025515,1
1025517,1
1025520,1
1025552,1
1025557,1
1025559,1
1025570,1
1025574,1
1025589,1
1025607,1
1025611,1
1025627,1
1025629,1
1025631,1
1025645,1
1025649,1
1025684,1
1025687,1
1025693,1
1025703,1
1025706,1
1025719,1
1025722,1
1025726,1
1025730,1
1025742,1
1025744,1
1025779,1
1025796,1
1025807,1
1025817,1
1025836,1
1025839,1
1025846,1
1025853,1
1025856,1
1025862,2
1025876,1
1025896,1
1025900,1
1025912,1
1025915,1
1025941,1
1025951,1
1025990,1
1026007,1
1026009,1
1026011,1
1026026,1
1026028,1
1026030,1
1026046,1
1026048,1
1026062,1
1026067,1
1026072,1
1026082,1
1026089,1
1026091,1
1026101,1
1026104,1
1026107,1
1026118,1
1026121,1
1026124,1
1026126,1
1026131,1
1026142,1
1026145,2
1026155,1
1026161,1
1026163,1
1026192,1
1026197,1
1026200,1
1026238,1
1026245,1
1026271,1
1026278,1
1026280,1
1026294,1
1026314,1
1026329,1
1026332,1
1026336,1
1026338,1
1026350,1
1026353,1
1026366,1
1026371,1
1026389,1
1026401,1
1026409,1
1026411,1
1026423,1
1026427,1
1026430,2
1026441,1
1026445,1
1026448,1
1026483,1
1026500,1
1026504,1
1026519,1
1026522,1
1026525,1
1026541,1
1026556,1
1026558,1
1026561,1
1026577,1
1026580,1
1026594,1
1026596,1
1026599,1
1026617,1
1026631,1
1026636,1
1026653,1
1026655,1
1026663,1
1026672,1
1026678,2
1026693,1
1026710,1
1026712,1
1026729,1
1026747,1
1026753,1
1026769,1
1026776,1
1026788,1
1026806,1
1026808,1
1026812,1
1026827,1
1026849,1
1026864,1
1026883,1
1026898,1
1026902,1
1026909,1
1026938,1
1026965,1
1026975,1
1027002,1
1027016,1
1027025,1
1027049,1
1027052,1
1027056,1
1027062,1
1027072,1
1027076,1
1027088,1
1027092,1
1027095,1
1027109,1
1027113,1
1027125,1
1027128,1
1027131,1
1027167,1
1027179,1
1027185,1
1027189,1
1027200,1
1027204,1
1027206,1
1027208,1
1027225,1
1027243,1
1027259,1
1027263,1
1027265,1
1027267,1
1027271,1
1027284,1
1027299,1
1027301,1
1027303,1
1027319,1
1027321,1
1027325,1
1027328,1
1027340,1
1027343,1
1027356,1
1027370,1
1027374,1
1027378,1
1027415,1
1027419,1
1027434,1
1027472,1
1027487,1
1027496,1
1027498,1
1027508,1
1027511,1
1027515,1
1027519,2
1027529,1
1027531,1
1027533,1
1027545,1
1027549,1
1027565,1
1027567,1
1027586,1
1027603,1
1027605,1
1027609,2
1027641,1
1027648,1
1027662,1
1027666,1
1027677,1
1027682,1
1027700,1
1027710,1
1027717,1
1027720,1
1027739,1
1027743,2
1027757,1
1027759,1
1027793,1
1027795,1
1027800,2
1027815,1
1027832,1
1027834,1
1027847,1
1027851,1
1027853,1
1027869,1
1027909,1
1027911,1
1027927,1
1027929,1
1027933,1
1027946,1
1027983,1
1027989,1
1028003,1
1028005,1
1028019,1
1028022,1
1028038,1
1028044,2
1028060,1
1028062,1
1028066,1
1028081,1
1028084,1
1028104,1
1028135,1
1028137,1
1028142,1
1028156,1
1028158,1
1028174,1
1028177,2
1028186,1
1028191,1
1028197,1
1028209,1
1028211,1
1028214,1
1028217,1
1028229,1
1028233,1
1028251,2
1028265,1
1028288,1
1028307,1
1028330,1
1028346,1
1028364,1
1028383,1
1028385,1
1028387,1
1028405,1
1028427,1
1028442,2
1028460,1
1028478,1
1028480,1
1028498,1
1028516,1
1028520,1
1028554,1
1028569,1
1028572,1
1028575,1
1028577,1
1028593,1
1028609,1
1028612,1
1028646,1
1028649,1
1028651,1
1028664,1
1028670,1
1028674,1
1028686,1
1028688,1
1028690,1
1028706,1
1028708,1
1028723,1
1028725,1
1028727,1
1028730,1
1028740,1
1028745,1
1028747,1
1028753,1
1028762,1
1028765,1
1028767,1
1028774,1
1028783,1
1028785,1
1028796,1
1028798,1
1028803,1
1028819,1
1028821,1
1028826,1
1028841,1
1028860,1
1028866,1
1028877,1
1028879,1
1028891,1
1028896,1
1028899,1
1028933,1
1028935,1
1028938,1
1028953,1
1028956,1
1028971,1
1028991,1
1028993,1
1028997,1
1029010,2
1029013,1
1029030,1
1029032,1
1029046,1
1029049,1
1029067,1
1029069,1
1029074,1
1029087,1
1029104,1
1029106,1
1029118,1
1029158,1
1029163,1
1029215,1
1029255,1
1029257,1
1029259,1
1029264,1
1029277,1
1029291,1
1029296,1
1029309,1
1029314,1
1029333,1
1029335,1
1029340,1
1029353,1
1029369,1
1029371,1
1029373,1
1029389,1
1029392,1
1029395,1
1029397,1
1029409,1
1029411,1
1029413,1
1029429,2
1029446,1
1029449,1
1029484,1
1029496,1
1029510,1
1029521,1
1029525,1
1029542,1
1029551,1
1029556,1
1029560,1
1029563,1
1029565,1
1029572,1
1029578,1
1029600,1
1029617,1
1029619,1
1029636,1
1029639,1
1029656,1
1029676,1
1029695,2
1029698,1
1029700,1
1029717,1
1029720,1
1029733,1
1029751,1
1029769,2
1029772,1
1029777,1
1029790,1
1029806,1
1029809,1
1029818,1
1029827,1
1029883,1
1029887,1
1029900,1
1029903,1
1029905,1
1029908,2
1029910,1
1029912,1
1029925,1
1029938,1
1029940,1
1029945,1
1029960,1
1029965,1
1029979,1
1029981,1
1029985,1
1029999,1
1030019,1
1030038,1
1030054,1
1030056,1
1030063,1
1030074,1
1030081,1
1030094,1
1030096,1
1030098,1
1030113,1
1030149,1
1030151,1
1030154,1
1030156,1
1030164,1
1030185,1
1030188,1
1030191,1
1030207,1
1030209,1
1030223,1
1030227,1
1030229,1
1030243,1
1030264,1
1030282,1
1030285,1
1030298,1
1030303,1
1030319,1
1030335,1
1030342,2
1030361,1
1030378,1
1030395,1
1030399,1
1030402,1
1030434,1
1030436,1
1030439,1
1030454,1
1030463,1
1030473,1
1030492,1
1030510,1
1030512,1
1030516,1
1030539,1
1030549,1
1030574,1
1030587,1
1030590,2
1030606,1
1030609,1
1030620,1
1030626,1
1030639,1
1030646,1
1030648,1
1030666,2
1030680,1
1030682,1
1030685,1
1030701,1
1030722,1
1030739,1
1030757,1
1030760,1
1030775,1
1030779,2
1030791,1
1030816,1
1030834,1
1030853,1
1030859,1
1030873,1
1030890,1
1030896,1
1030910,1
1030912,1
1030923,1
1030930,1
1030943,1
1030947,1
1030950,1
1030956,1
1030967,1
1030969,1
1030975,1
1030988,1
1031005,1
1031023,1
1031026,1
1031044,1
1031046,1
1031060,1
1031063,1
1031065,1
1031080,1
1031082,1
1031103,1
1031113,1
1031125,1
1031138,1
1031140,1
1031144,1
1031162,1
1031172,1
1031179,1
1031195,1
1031212,1
1031216,1
1031218,1
1031234,1
1031251,1
1031254,1
1031270,1
1031272,1
1031290,1
1031309,1
1031314,1
1031327,1
1031330,1
1031332,1
1031349,2
1031365,1
1031368,1
1031384,1
1031387,1
1031401,1
1031404,1
1031406,1
1031424,1
1031442,1
1031445,1
1031460,1
1031468,1
1031480,1
1031492,1
1031499,1
1031502,1
1031507,1
1031519,1
1031536,1
1031555,1
1031558,1
1031576,1
1031593,1
1031595,1
1031614,1
1031630,1
1031633,1
1031640,2
1031644,1
1031653,1
1031670,1
1031674,1
1031695,1
1031701,1
1031709,1
1031726,1
1031728,1
1031741,1
1031747,1
1031749,1
1031764,1
1031767,1
1031777,1
1031785,1
1031793,1
1031802,1
1031805,1
1031827,1
1031838,1
1031842,1
1031845,2
1031867,1
1031879,1
1031881,1
1031883,1
1031898,1
1031901,1
1031917,1
1031919,1
1031936,1
1031946,1
1031955,1
1031957,1
1031960,1
1031974,1
1031992,1
1032010,1
1032012,1
1032014,1
1032030,1
1032036,1
1032042,1
1032051,1
1032056,1
1032059,2
1032071,1
1032088,1
1032106,1
1032108,1
1032126,1
1032130,1
1032145,1
1032166,2
1032178,1
1032184,1
1032202,1
1032216,1
1032219,1
1032223,1
1032227,1
1032241,1
1032255,1
1032259,1
1032278,1
1032280,1
1032316,1
1032321,1
1032336,1
1032340,1
1032344,1
1032356,1
1032391,1
1032410,1
1032416,1
1032431,1
1032448,1
1032455,1
1032467,1
1032486,1
1032489,1
1032507,1
1032514,1
1032528,1
1032530,1
1032540,1
1032546,1
1032561,1
1032565,1
1032582,1
1032599,1
1032601,1
1032604,1
1032606,1
1032622,2
1032638,1
1032642,1
1032659,2
1032676,1
1032697,1
1032715,1
1032732,1
1032736,1
1032738,1
1032745,1
1032755,1
1032771,1
1032790,1
1032792,1
1032810,1
1032822,1
1032829,1
1032848,1
1032861,1
1032867,1
1032870,1
1032887,1
1032904,1
1032907,1
1032924,1
1032942,1
1032961,1
1032964,2
1032981,1
1033003,1
1033018,1
1033020,1
1033022,1
1033024,1
1033039,1
1033042,1
1033047,2
1033059,1
1033064,1
1033076,1
1033079,1
1033095,1
1033113,1
1033131,1
1033133,1
1033137,1
1033152,1
1033170,1
1033189,1
1033191,1
1033196,1
1033203,1
1033209,1
1033211,1
1033214,1
1033245,1
1033250,1
1033267,1
1033285,1
1033310,1
1033342,1
1033345,1
1033378,1
1033380,1
1033382,1
1033398,1
1033400,1
1033403,1
1033418,1
1033420,1
1033423,1
1033438,1
1033442,1
1033455,1
1033457,1
1033459,1
1033475,1
1033493,1
1033505,1
1033514,1
1033530,1
1033532,1
1033535,1
1033551,1
1033567,1
1033570,1
1033588,1
1033590,1
1033607,1
1033610,1
1033626,1
1033631,1
1033646,1
1033649,1
1033657,1
1033670,1
1033684,1
1033688,1
1033704,1
1033721,1
1033741,1
1033750,1
1033758,1
1033762,1
1033769,1
1033790,1
1033798,1
1033803,1
1033818,1
1033820,1
1033832,1
1033837,1
1033855,1
1033858,1
1033888,1
1033892,1
1033897,1
1033900,1
1033930,1
1033932,1
1033934,1
1033940,1
1033951,1
1033968,1
1033970,1
1033973,1
1033988,1
1033991,1
1033994,2
1034008,1
1034013,2
1034027,1
1034030,2
1034033,2
1034047,1
1034049,1
1034065,1
1034083,1
1034101,1
1034120,1
1034140,1
1034158,1
1034161,1
1034163,1
1034177,1
1034180,1
1034182,1
1034184,1
1034187,2
1034199,1
1034201,1
1034203,1
1034216,1
1034219,1
1034233,1
1034235,1
1034237,1
1034239,1
1034241,1
1034247,1
1034255,1
1034259,1
1034272,1
1034274,1
1034290,1
1034314,2
1034335,1
1034342,1
1034349,1
1034368,1
1034372,1
1034385,1
1034387,1
1034394,1
1034396,1
1034403,1
1034407,1
1034409,1
1034411,1
1034414,1
1034424,1
1034428,1
1034430,1
1034435,1
1034444,1
1034452,1
1034454,1
1034462,1
1034464,1
1034468,1
1034480,1
1034495,1
1034498,1
1034501,1
1034503,1
1034505,1
1034521,1
1034524,1
1034527,1
1034529,1
1034540,1
1034545,1
1034551,1
1034559,1
1034561,1
1034568,1
1034578,1
1034597,1
1034599,1
1034615,1
1034617,1
1034619,1
1034631,1
1034635,1
1034638,1
1034640,1
1034649,1
1034654,1
1034661,1
1034672,1
1034692,1
1034710,1
1034727,1
1034751,1
1034758,1
1034781,1
1034787,1
1034793,1
1034804,1
1034822,1
1034827,2
1034841,1
1034843,1
1034848,1
1034862,1
1034875,1
1034879,1
1034881,1
1034901,1
1034904,1
1034909,1
1034938,1
1034959,1
1034961,1
1034977,1
1034979,1
1034981,1
1034987,1
1034996,1
1035002,1
1035014,1
1035018,1
1035033,1
1035052,1
1035065,1
1035071,1
1035074,1
1035078,1
1035090,1
1035092,1
1035094,1
1035107,1
1035110,1
1035116,1
1035128,1
1035131,1
1035147,1
1035154,1
1035166,1
1035184,1
1035188,1
1035205,1
1035207,1
1035221,1
1035224,1
1035229,1
1035239,1
1035246,1
1035266,1
1035270,1
1035276,1
1035285,1
1035299,1
1035301,1
1035317,1
1035338,1
1035341,1
1035348,1
1035360,1
1035372,1
1035377,2
1035380,1
1035396,1
1035399,1
1035411,1
1035413,1
1035417,1
1035433,1
1035436,1
1035451,1
1035453,1
1035470,1
1035473,2
1035489,1
1035508,1
1035511,2
1035524,1
1035527,1
1035547,1
1035554,1
1035564,1
1035576,1
1035603,1
1035605,1
1035621,1
1035623,1
1035626,1
1035631,1
1035641,1
1035643,1
1035645,1
1035647,1
1035658,2
1035662,1
1035681,1
1035685,1
1035698,1
1035700,1
1035716,1
1035720,1
1035724,1
1035736,1
1035754,1
1035756,1
1035768,1
1035792,1
1035810,1
1035815,1
1035820,1
1035831,1
1035835,1
1035849,1
1035852,1
1035854,1
1035857,1
1035869,1
1035888,1
1035890,1
1035907,1
1035915,1
1035927,1
1035930,2
1035932,1
1035944,1
1035948,1
1035950,1
1035963,1
1035966,1
1035981,1
1035984,2
1035989,1
1035993,1
1036004,1
1036010,1
1036020,1
1036022,1
1036025,1
1036037,1
1036041,1
1036044,1
1036075,1
1036077,1
1036079,1
1036083,1
1036098,1
1036100,1
1036104,1
1036110,1
1036116,1
1036118,1
1036120,1
1036123,2
1036136,1
1036139,1
1036151,1
1036154,1
1036157,1
1036159,1
1036162,1
1036176,1
1036178,1
1036210,1
1036222,1
1036230,1
1036250,2
1036253,1
1036268,1
1036272,1
1036287,1
1036289,1
1036291,1
1036305,1
1036307,1
1036323,1
1036326,1
1036343,1
1036345,1
1036348,2
1036363,1
1036365,1
1036368,1
1036372,1
1036404,1
1036420,1
1036423,2
1036426,1
1036439,1
1036444,1
1036453,1
1036460,1
1036468,1
1036477,1
1036495,1
1036516,1
1036553,1
1036556,1
1036572,1
1036581,1
1036589,1
1036591,1
1036599,1
1036610,1
1036614,1
1036616,1
1036631,1
1036634,2
1036643,1
1036649,1
1036653,1
1036656,1
1036661,1
1036668,1
1036671,1
1036685,1
1036706,1
1036723,1
1036729,1
1036733,1
1036743,1
1036749,1
1036764,1
1036781,1
1036783,1
1036785,1
1036800,1
1036818,1
1036824,1
1036838,1
1036840,1
1036844,1
1036847,1
1036849,1
1036858,1
1036860,1
1036863,1
1036872,1
1036877,1
1036879,1
1036895,1
1036914,1
1036916,1
1036933,1
1036936,1
1036951,1
1036954,1
1036973,1
1036980,1
1036990,1
1036994,1
1037011,1
1037022,1
1037029,1
1037047,1
1037054,1
1037059,1
1037066,1
1037070,1
1037074,1
1037083,1
1037104,1
1037107,1
1037123,1
1037136,1
1037139,1
1037142,1
1037154,1
1037168,1
1037179,1
1037183,1
1037187,1
1037222,1
1037258,1
1037261,2
1037264,1
1037277,1
1037279,1
1037283,1
1037294,1
1037301,1
1037309,1
1037314,1
1037319,1
1037349,1
1037351,1
1037354,1
1037370,1
1037373,1
1037407,1
1037411,1
1037426,1
1037428,1
1037436,1
1037447,1
1037463,1
1037465,1
1037484,1
1037504,1
1037507,2
1037523,1
1037525,1
1037529,1
1037544,1
1037559,1
1037578,1
1037581,1
1037584,1
1037602,1
1037616,1
1037621,1
1037626,1
1037653,1
1037656,1
1037659,1
1037662,1
1037672,1
1037678,1
1037680,1
1037695,1
1037729,1
1037731,1
1037752,1
1037754,1
1037769,1
1037772,1
1037775,1
1037781,1
1037789,1
1037791,1
1037793,1
1037806,1
1037827,1
1037844,1
1037882,1
1037900,1
1037902,1
1037905,1
1037913,1
1037922,1
1037925,1
1037928,1
1037939,1
1037941,1
1037945,1
1037953,1
1037958,1
1037960,1
1037962,1
1037996,1
1038000,1
1038017,1
1038034,1
1038047,1
1038053,1
1038055,1
1038058,1
1038076,1
1038089,1
1038119,1
1038132,1
1038151,1
1038170,2
1038175,1
1038187,1
1038209,1
1038213,1
1038221,1
1038226,1
1038229,1
1038233,2
1038263,1
1038268,1
1038279,1
1038283,1
1038287,1
1038290,1
1038301,1
1038304,1
1038313,1
1038321,1
1038330,1
1038337,1
1038340,1
1038342,1
1038344,1
1038357,1
1038376,1
1038378,1
1038380,1
1038388,1
1038394,1
1038400,1
1038404,1
1038406,1
1038408,1
1038415,1
1038429,1
1038431,1
1038434,1
1038437,1
1038440,2
1038453,1
1038456,1
1038458,1
1038471,1
1038484,1
1038489,1
1038492,1
1038494,1
1038496,1
1038511,1
1038526,1
1038529,1
1038548,1
1038555,1
1038566,1
1038570,1
1038587,1
1038589,1
1038592,1
1038619,1
1038623,1
1038630,1
1038632,1
1038635,1
1038646,1
1038648,1
1038661,1
1038680,1
1038689,1
1038696,1
1038699,1
1038709,1
1038730,1
1038740,1
1038742,1
1038756,1
1038774,1
1038778,1
1038801,1
1038803,1
1038815,1
1038818,1
1038832,1
1038835,1
1038840,1
1038851,1
1038854,1
1038856,1
1038858,1
1038870,1
1038873,1
1038875,1
1038878,1
1038888,1
1038890,1
1038893,1
1038896,1
1038910,1
1038914,1
1038927,1
1038929,1
1038932,1
1038948,1
1038951,1
1038963,1
1038965,1
1038967,1
1038970,1
1038979,1
1038985,1
1038988,2
1038990,1
1039003,1
1039005,1
1039007,1
1039011,1
1039016,1
1039025,1
1039027,1
1039039,1
1039045,1
1039059,1
1039062,1
1039066,1
1039070,1
1039079,1
1039081,1
1039083,1
1039085,1
1039100,1
1039136,1
1039140,1
1039155,1
1039158,1
1039167,2
1039176,1
1039178,1
1039180,1
1039212,1
1039214,1
1039216,1
1039231,1
1039239,1
1039252,1
1039266,1
1039269,1
1039276,1
1039292,1
1039310,1
1039326,1
1039328,1
1039345,1
1039347,1
1039349,1
1039354,1
1039365,1
1039367,1
1039383,1
1039388,1
1039421,1
1039426,1
1039430,1
1039444,1
1039460,1
1039487,1
1039497,1
1039500,1
1039510,1
1039538,2
1039542,1
1039555,1
1039584,1
1039590,1
1039600,1
1039605,1
1039615,1
1039617,1
1039620,1
1039633,1
1039639,1
1039641,1
1039650,1
1039653,1
1039655,1
1039661,1
1039670,1
1039673,1
1039678,1
1039685,1
1039688,1
1039690,1
1039694,1
1039699,1
1039704,1
1039708,1
1039711,1
1039721,1
1039726,1
1039742,1
1039745,1
1039747,1
1039753,1
1039764,1
1039776,1
1039782,1
1039784,1
1039788,1
1039792,1
1039803,1
1039805,1
1039819,1
1039822,1
1039841,2
1039858,1
1039860,1
1039867,1
1039872,1
1039878,1
1039885,1
1039891,1
1039899,1
1039901,1
1039912,1
1039916,1
1039920,1
1039929,1
1039931,1
1039936,1
1039954,1
1039965,1
1039971,1
1039975,1
1039977,1
1039992,1
1039994,1
1039996,1
1040002,1
1040013,1
1040031,1
1040036,1
1040041,1
1040049,1
1040051,1
1040054,2
1040063,1
1040068,1
1040076,1
1040106,1
1040111,1
1040113,1
1040115,1
1040155,1
1040158,1
1040167,1
1040170,1
1040172,1
1040199,1
1040227,1
1040232,1
1040240,1
1040242,1
1040244,1
1040246,1
1040249,1
1040256,1
1040260,1
1040267,1
1040269,1
1040276,1
1040278,1
1040280,1
1040282,1
1040284,1
1040288,1
1040298,1
1040304,1
1040307,1
1040314,1
1040321,1
1040323,1
1040336,1
1040354,1
1040374,2
1040391,1
1040393,1
1040403,1
1040410,1
1040414,1
1040427,1
1040431,1
1040449,1
1040453,1
1040457,1
1040466,1
1040469,1
1040471,1
1040473,1
1040475,1
1040483,1
1040488,1
1040491,1
1040503,1
1040506,1
1040508,1
1040510,1
1040524,1
1040528,1
1040533,1
1040542,1
1040584,1
1040586,1
1040601,1
1040603,1
1040607,1
1040617,1
1040621,1
1040637,1
1040639,1
1040643,1
1040664,1
1040668,1
1040675,1
1040677,1
1040683,1
1040685,1
1040697,1
1040705,1
1040716,1
1040732,1
1040745,1
1040747,1
1040751,1
1040753,1
1040772,1
1040787,1
1040789,1
1040809,1
1040816,1
1040826,1
1040829,2
1040873,1
1040877,1
1040881,1
1040887,1
1040904,1
1040911,1
1040924,1
1040930,1
1040939,1
1040941,1
1040943,1
1040950,1
1040964,1
1040971,1
1040979,1
1040982,1
1040998,1
1041008,1
1041018,1
1041035,1
1041040,1
1041042,1
1041046,1
1041054,1
1041059,1
1041061,1
1041083,1
1041087,1
1041128,1
1041150,1
1041169,1
1041171,1
1041195,1
1041245,1
1041264,1
1041288,1
1041296,1
1041305,1
1041316,1
1041318,1
1041322,1
1041329,1
1041341,1
1041358,1
1041360,1
1041363,1
1041371,1
1041398,1
1041401,1
1041417,1
1041424,1
1041434,1
1041436,1
1041441,1
1041444,1
1041448,1
1041456,1
1041458,1
1041474,1
1041481,1
1041492,1
1041494,1
1041529,1
1041541,1
1041552,1
1041557,1
1041587,1
1041589,1
1041592,2
1041602,1
1041608,1
1041613,1
1041627,1
1041644,1
1041648,2
1041659,1
1041667,2
1041682,1
1041684,1
1041687,1
1041689,1
1041693,1
1041695,1
1041704,1
1041709,1
1041716,1
1041732,1
1041740,1
1041744,1
1041758,1
1041768,1
1041779,1
1041781,1
1041784,2
1041786,1
1041799,1
1041803,1
1041806,1
1041816,1
1041819,1
1041821,1
1041832,1
1041836,1
1041842,1
1041845,1
1041851,1
1041854,1
1041856,1
1041858,1
1041862,1
1041870,1
1041894,1
1041900,1
1041911,1
1041933,1
1041936,1
1041950,1
1041960,1
1041966,1
1041971,1
1041976,1
1041978,1
1041983,1
1041991,1
1042022,1
1042025,1
1042027,1
1042029,1
1042035,1
1042046,1
1042048,1
1042058,1
1042064,1
1042077,1
1042081,1
1042089,1
1042095,1
1042102,1
1042124,1
1042128,1
1042140,1
1042142,1
1042144,1
1042146,1
1042159,1
1042172,1
1042177,1
1042195,1
1042198,1
1042200,1
1042210,1
1042215,1
1042233,1
1042236,2
1042245,1
1042247,1
1042254,1
1042271,1
1042273,1
1042275,1
1042277,1
1042308,1
1042311,2
1042322,1
1042350,1
1042385,1
1042387,1
1042405,1
1042407,1
1042413,1
1042433,1
1042452,1
1042461,1
1042479,1
1042486,1
1042489,1
1042500,1
1042532,1
1042537,1
1042542,1
1042558,1
1042571,1
1042577,1
1042581,1
1042585,1
1042597,1
1042606,1
1042616,1
1042637,1
1042652,1
1042664,1
1042672,1
1042674,1
1042686,1
1042692,2
1042694,1
1042728,1
1042736,1
1042746,1
1042755,1
1042769,1
1042774,1
1042787,1
1042803,1
1042806,1
1042809,1
1042812,1
1042817,1
1042825,1
1042828,1
1042846,1
1042854,1
1042857,1
1042863,1
1042866,1
1042878,1
1042880,1
1042897,1
1042899,1
1042907,1
1042919,1
1042921,1
1042925,1
1042939,1
1042949,1
1042957,1
1042959,1
1042974,1
1042977,1
1042979,1
1042981,1
1042984,1
1042995,1
1042997,1
1042999,1
1043013,1
1043018,1
1043021,1
1043023,1
1043026,1
1043028,1
1043032,1
1043035,1
1043037,1
1043040,1
1043047,1
1043049,1
1043058,1
1043061,1
1043071,1
1043088,1
1043091,1
1043123,1
1043125,1
1043128,1
1043152,1
1043161,1
1043165,1
1043183,1
1043194,1
1043199,1
1043204,1
1043213,1
1043215,1
1043222,1
1043236,1
1043244,1
1043250,1
1043261,1
1043263,1
1043267,1
1043280,1
1043298,1
1043315,1
1043317,1
1043338,2
1043345,1
1043351,1
1043356,1
1043358,1
1043363,1
1043392,1
1043396,1
1043407,1
1043412,1
1043414,1
1043431,1
1043441,1
1043448,1
1043459,1
1043461,1
1043467,1
1043471,1
1043486,1
1043489,1
1043507,1
1043525,1
1043543,1
1043545,1
1043547,1
1043549,1
1043555,1
1043558,1
1043562,1
1043568,1
1043570,1
1043578,1
1043583,1
1043586,1
1043598,1
1043611,1
1043620,1
1043637,1
1043641,1
1043645,1
1043650,1
1043662,1
1043677,1
1043687,1
1043696,1
1043713,1
1043719,1
1043733,1
1043736,1
1043740,1
1043742,1
1043755,1
1043761,1
1043774,1
1043776,1
1043783,1
1043790,1
1043792,1
1043796,1
1043819,1
1043829,1
1043831,1
1043836,1
1043845,1
1043852,2
1043866,1
1043869,1
1043877,1
1043887,1
1043889,1
1043896,1
1043898,1
1043907,1
1043916,1
1043923,1
1043944,1
1043953,1
1043958,1
1043982,1
1043999,1
1044008,1
1044013,1
1044020,1
1044022,1
1044024,1
1044028,1
1044040,1
1044048,1
1044057,1
1044078,1
1044094,1
1044097,1
1044099,1
1044125,1
1044131,1
1044135,1
1044142,1
1044148,1
1044184,1
1044194,1
1044210,1
1044221,1
1044226,1
1044247,1
1044249,1
1044257,1
1044261,1
1044266,1
1044270,1
1044272,1
1044281,1
1044286,1
1044288,1
1044303,1
1044306,1
1044323,1
1044334,1
1044354,1
1044364,1
1044367,1
1044373,1
1044375,1
1044397,1
1044400,1
1044402,1
1044408,1
1044419,1
1044422,1
1044425,1
1044438,1
1044449,1
1044456,1
1044458,1
1044460,1
1044470,1
1044493,1
1044495,1
1044514,1
1044523,1
1044530,1
1044533,1
1044535,1
1044537,1
1044543,1
1044555,1
1044561,1
1044570,1
1044573,1
1044575,1
1044580,1
1044589,1
1044593,1
1044607,1
1044611,1
1044618,1
1044621,1
1044623,1
1044646,1
1044656,1
1044659,1
1044669,1
1044676,1
1044682,1
1044686,1
1044704,1
1044716,1
1044759,1
1044769,1
1044779,1
1044781,1
1044783,1
1044786,1
1044790,1
1044798,1
1044802,1
1044816,1
1044819,1
1044822,1
1044828,1
1044836,1
1044855,1
1044865,1
1044882,1
1044895,1
1044903,1
1044911,1
1044925,1
1044933,1
1044954,1
1044970,1
1044990,1
1044995,1
1045008,1
1045010,1
1045015,1
1045021,1
1045028,1
1045041,1
1045046,1
1045051,1
1045054,1
1045058,1
1045066,1
1045068,1
1045075,1
1045079,1
1045082,1
1045087,1
1045094,1
1045097,1
1045100,1
1045104,1
1045119,1
1045121,1
1045123,1
1045129,1
1045131,1
1045136,1
1045141,1
1045144,1
1045151,1
1045155,1
1045158,1
1045162,1
1045178,1
1045183,1
1045188,1
1045236,1
1045253,1
1045255,1
1045266,1
1045271,1
1045281,1
1045293,1
1045320,1
1045332,1
1045346,1
1045351,1
1045363,1
1045378,1
1045388,1
1045395,1
1045397,1
1045404,1
1045409,1
1045412,1
1045420,1
1045428,1
1045430,1
1045442,1
1045447,1
1045457,1
1045465,1
1045474,1
1045480,1
1045485,1
1045502,1
1045514,1
1045533,1
1045540,1
1045546,1
1045553,1
1045560,1
1045567,1
1045578,1
1045580,1
1045587,1
1045589,1
1045598,1
1045601,2
1045625,1
1045634,1
1045637,1
1045647,1
1045653,1
1045655,1
1045661,1
1045673,1
1045686,1
1045690,1
1045694,1
1045707,1
1045754,1
1045759,1
1045779,1
1045788,1
1045792,1
1045805,1
1045808,1
1045810,1
1045826,1
1045880,1
1045889,1
1045907,1
1045913,1
1045921,1
1045923,1
1045938,1
1045950,1
1045958,1
1045965,1
1045969,1
1045977,1
1045996,1
1046010,1
1046027,1
1046037,1
1046046,1
1046055,1
1046065,1
1046072,1
1046074,1
1046082,1
1046092,1
1046103,1
1046110,1
1046122,1
1046127,1
1046130,1
1046159,1
1046166,1
1046174,1
1046187,1
1046201,1
1046217,1
1046235,1
1046262,1
1046269,1
1046273,1
1046283,1
1046299,1
1046301,1
1046307,1
1046318,1
1046320,1
1046333,1
1046338,1
1046346,1
1046349,1
1046358,1
1046376,1
1046380,1
1046395,1
1046405,1
1046415,1
1046424,1
1046432,1
1046434,1
1046444,1
1046452,1
1046456,1
1046458,1
1046471,1
1046473,1
1046479,1
1046497,1
1046500,1
1046503,1
1046510,1
1046519,1
1046528,1
1046547,1
1046563,1
1046566,1
1046576,1
1046585,1
1046594,1
1046636,1
1046641,1
1046643,1
1046655,2
1046661,1
1046671,1
1046698,1
1046728,1
1046736,1
1046746,1
1046749,1
1046756,1
1046775,1
1046792,1
1046803,1
1046811,1
1046814,1
1046821,1
1046831,1
1046833,1
1046835,1
1046842,1
1046846,1
1046869,1
1046887,1
1046894,1
1046900,1
1046918,1
1046925,1
1046928,1
1046938,1
1046940,1
1046947,1
1046964,1
1046974,1
1046983,1
1046986,2
1046992,1
1046998,1
1047006,1
1047011,1
1047016,1
1047023,1
1047028,1
1047040,1
1047042,1
1047045,1
1047058,1
1047060,1
1047065,1
1047068,1
1047080,1
1047091,1
1047097,1
1047099,1
1047109,1
1047118,1
1047124,1
1047139,1
1047143,1
1047152,1
1047155,1
1047164,1
1047180,1
1047192,1
1047194,1
1047206,1
1047215,1
1047224,1
1047229,1
1047232,1
1047238,1
1047241,1
1047243,1
1047278,1
1047288,1
1047293,1
1047299,1
1047307,1
1047324,1
1047327,1
1047340,1
1047346,1
1047352,1
1047354,1
1047363,1
1047365,1
1047373,1
1047380,1
1047388,1
1047390,1
1047394,1
1047398,1
1047404,1
1047411,1
1047420,1
1047423,1
1047433,1
1047439,1
1047446,1
1047453,1
1047457,1
1047460,1
1047467,1
1047470,1
1047472,1
1047478,1
1047487,1
1047490,1
1047509,1
1047515,1
1047517,1
1047526,1
1047565,1
1047573,1
1047575,1
1047583,1
1047586,1
1047593,1
1047596,1
1047602,1
1047619,1
1047629,1
1047648,1
1047666,1
1047674,1
1047686,1
1047694,1
1047700,1
1047706,1
1047708,1
1047725,1
1047735,1
1047746,1
1047752,1
1047755,1
1047763,1
1047779,1
1047782,1
1047787,1
1047792,1
1047796,1
1047801,1
1047804,1
1047810,1
1047821,1
1047826,1
1047832,1
1047838,1
1047842,1
1047845,1
1047858,1
1047876,1
1047885,1
1047888,1
1047890,1
1047898,1
1047907,1
1047915,1
1047932,1
1047943,1
1047952,1
1047954,1
1047973,1
1047990,1
1047999,1
1048008,1
1048011,1
1048018,1
1048021,1
1048036,1
1048047,1
1048057,1
1048060,1
1048069,1
1048071,1
1048077,1
1048088,2
1048104,1
1048125,1
1048131,1
1048135,1
1048142,1
1048145,1
1048155,1
1048161,1
1048172,1
1048182,1
1048185,1
1048192,1
1048202,1
1048205,1
1048210,1
1048212,1
1048227,1
1048235,1
1048246,1
1048251,1
1048259,1
1048262,2
1048270,1
1048279,2
1048282,1
1048287,1
1048294,1
1048314,1
1048324,1
1048326,1
1048333,1
1048350,1
1048361,1
1048371,1
1048380,1
1048394,1
1048408,1
1048422,1
1048429,1
1048439,1
1048448,1
1048455,1
1048466,1
1048473,1
1048477,1
1048484,1
1048487,1
1048496,1
1048503,1
1048520,1
1048529,1
1048533,1
1048542,1
1048544,1
1048561,1
1048571,1
1048574,1
1048579,1
1048588,1
1048606,1
1048636,1
1048674,1
1048690,1
1048693,1
1048695,1
1048698,1
1048703,1
1048709,1
1048725,1
1048731,1
1048743,1
1048752,1
1048754,1
1048767,1
1048770,1
1048775,1
1048783,1
1048790,1
1048797,1
1048805,1
1048810,1
1048814,1
1048820,1
1048828,1
1048830,1
1048839,1
1048843,1
1048846,1
1048852,1
1048858,1
1048865,1
1048874,1
1048884,1
1048889,1
1048919,1
1048922,1
1048939,1
1048947,1
1048957,1
1048959,1
1048962,1
1048972,1
1048987,1
1048995,1
1048998,1
1049017,1
1049022,1
1049035,1
1049037,1
1049039,1
1049047,1
1049057,1
1049071,1
1049074,1
1049087,1
1049105,1
1049109,1
1049113,1
1049115,1
1049118,1
1049120,1
1049128,1
1049148,1
1049154,1
1049161,1
1049164,1
1049171,1
1049174,1
1049187,1
1049206,1
1049226,1
1049228,1
1049236,1
1049238,1
1049245,1
1049247,1
1049260,1
1049265,1
1049271,1
1049273,1
1049275,1
1049283,1
1049295,1
1049297,1
1049304,1
1049313,1
1049321,1
1049340,1
1049366,1
1049371,1
1049402,1
1049407,1
1049412,1
1049418,1
1049427,1
1049433,1
1049439,1
1049443,1
1049445,1
1049453,1
1049456,1
1049458,1
1049468,1
1049496,1
1049511,1
1049528,1
1049546,1
1049567,1
1049569,1
1049571,1
1049577,1
1049580,1
1049594,1
1049619,1
1049623,1
1049632,1
1049644,1
1049652,1
1049667,1
1049670,1
1049685,2
1049688,1
1049699,1
1049701,1
1049718,1
1049721,1
1049744,1
1049777,1
1049797,1
1049799,1
1049813,1
1049838,1
1049844,1
1049853,1
1049863,1
1049871,1
1049874,1
1049884,1
1049890,1
1049893,1
1049909,1
1049917,1
1049922,1
1049928,1
1049932,1
1049939,1
1049942,1
1049945,1
1049947,1
1049956,1
1049958,1
1049963,1
1049967,1
1049978,1
1049996,1
1050009,1
1050029,1
1050035,1
1050037,1
1050044,1
1050060,1
1050067,1
1050077,1
1050081,1
1050094,1
1050107,1
1050110,1
1050113,1
1050118,1
1050121,1
1050123,1
1050128,1
1050133,1
1050145,1
1050152,1
1050157,1
1050181,1
1050195,1
1050206,1
1050237,1
1050241,1
1050243,1
1050263,1
1050271,1
1050283,1
1050285,1
1050289,1
1050291,1
1050293,1
1050310,1
1050322,1
1050327,1
1050329,1
1050335,1
1050362,1
1050373,1
1050383,1
1050391,1
1050400,1
1050410,1
1050421,1
1050440,1
1050448,1
1050460,1
1050462,1
1050479,1
1050496,1
1050498,1
1050501,1
1050512,1
1050518,1
1050556,1
1050566,1
1050574,1
1050580,1
1050585,1
1050593,1
1050595,1
1050602,1
1050605,1
1050613,1
1050621,1
1050629,1
1050631,1
1050634,1
1050641,2
1050644,1
1050655,1
1050659,1
1050661,1
1050664,1
1050672,1
1050677,1
1050682,1
1050689,1
1050692,1
1050698,1
1050703,1
1050707,1
1050709,1
1050715,1
1050718,1
1050727,1
1050754,1
1050781,1
1050783,1
1050790,1
1050795,1
1050797,1
1050804,1
1050808,1
1050818,1
1050827,1
1050839,1
1050847,1
1050851,1
1050855,1
1050860,1
1050876,1
1050879,1
1050881,1
1050886,1
1050895,1
1050902,1
1050905,1
1050912,1
1050918,1
1050936,1
1050938,1
1050940,1
1050948,2
1050956,1
1050961,1
1050968,1
1050974,1
1050978,1
1050982,1
1050985,1
1050989,1
1050999,1
1051009,1
1051012,1
1051017,1
1051032,1
1051034,1
1051040,1
1051044,1
1051053,1
1051062,1
1051069,1
1051081,1
1051086,1
1051088,1
1051096,1
1051098,1
1051101,1
1051107,1
1051110,1
1051116,1
1051122,1
1051132,1
1051143,1
1051151,1
1051155,1
1051157,1
1051187,1
1051194,1
1051199,1
1051203,1
1051208,1
1051211,1
1051229,1
1051238,1
1051240,1
1051248,1
1051257,1
1051259,1
1051265,1
1051274,1
1051282,1
1051300,1
1051335,1
1051344,1
1051354,1
1051363,1
1051371,1
1051374,1
1051380,1
1051393,1
1051395,1
1051404,1
1051408,1
1051435,1
1051439,1
1051442,1
1051451,1
1051460,1
1051466,1
1051475,1
1051479,1
1051487,1
1051494,1
1051506,1
1051511,1
1051524,1
1051528,1
1051543,1
1051545,1
1051549,1
1051553,1
1051581,1
1051585,1
1051591,1
1051600,1
1051609,1
1051611,1
1051618,1
1051621,1
1051627,1
1051632,1
1051652,1
1051659,1
1051683,1
1051690,1
1051695,1
1051708,1
1051722,1
1051727,1
1051732,1
1051734,1
1051737,1
1051744,1
1051752,1
1051759,1
1051761,1
1051785,1
1051789,1
1051800,1
1051807,1
1051817,1
1051829,1
1051847,1
1051865,1
1051878,1
1051884,1
1051903,1
1051935,1
1051941,1
1051948,1
1051953,1
1051962,1
1051968,1
1051981,1
1051983,1
1051985,1
1051998,1
1052000,1
1052007,1
1052026,1
1052034,1
1052041,1
1052057,1
1052069,1
1052075,1
1052090,1
1052095,1
1052101,1
1052105,1
1052109,1
1052112,1
1052115,1
1052126,1
1052141,1
1052146,1
1052160,1
1052170,1
1052177,1
1052190,1
1052196,1
1052203,1
1052209,1
1052221,1
1052234,1
1052252,1
1052265,1
1052272,1
1052274,1
1052284,1
1052291,1
1052293,1
1052297,1
1052315,1
1052341,1
1052349,1
1052361,1
1052366,1
1052370,2
1052374,1
1052387,1
1052401,1
1052406,1
1052410,1
1052435,1
1052449,1
1052453,1
1052464,1
1052475,1
1052482,1
1052496,2
1052500,1
1052505,1
1052519,1
1052521,1
1052533,1
1052538,1
1052546,1
1052552,1
1052556,1
1052565,1
1052586,1
1052597,1
1052608,1
1052615,1
1052622,1
1052632,1
1052635,1
1052648,1
1052651,1
1052682,1
1052686,1
1052691,1
1052703,1
1052706,1
1052709,1
1052716,1
1052730,1
1052739,1
1052748,1
1052761,1
1052763,1
1052765,1
1052768,1
1052770,1
1052774,1
1052782,1
1052787,1
1052799,1
1052805,1
1052809,1
1052816,1
1052821,1
1052829,1
1052836,1
1052840,1
1052842,1
1052846,1
1052848,1
1052859,1
1052861,1
1052865,1
1052876,1
1052881,1
1052885,1
1052892,1
1052895,1
1052901,1
1052908,1
1052914,1
1052919,1
1052928,1
1052935,1
1052938,1
1052951,1
1052956,1
1052963,1
1052967,1
1052970,1
1052987,1
1052995,1
1052999,1
1053002,1
1053032,1
1053036,1
1053044,1
1053052,1
1053071,1
1053077,1
1053084,1
1053089,1
1053096,1
1053110,1
1053126,1
1053128,1
1053143,1
1053145,1
1053147,1
1053158,1
1053166,1
1053176,1
1053178,1
1053180,1
1053183,1
1053187,1
1053189,1
1053194,1
1053205,1
1053241,1
1053252,1
1053261,1
1053277,1
1053279,1
1053293,1
1053296,1
1053308,1
1053322,1
1053346,1
1053350,1
1053356,1
1053366,1
1053375,1
1053380,1
1053408,1
1053410,1
1053413,1
1053427,1
1053442,1
1053445,1
1053449,1
1053466,1
1053468,1
1053486,1
1053489,1
1053503,1
1053512,2
1053521,1
1053546,1
1053557,1
1053566,1
1053587,1
1053601,1
1053604,1
1053613,1
1053616,1
1053623,1
1053639,1
1053650,1
1053654,1
1053669,1
1053673,1
1053677,1
1053680,1
1053682,1
1053685,1
1053695,1
1053699,1
1053713,2
1053717,1
1053737,1
1053744,1
1053755,1
1053767,1
1053776,1
1053784,1
1053786,1
1053791,1
1053796,2
1053805,1
1053812,1
1053816,1
1053831,1
1053849,1
1053880,1
1053883,1
1053887,1
1053891,2
1053900,1
1053907,1
1053923,1
1053926,1
1053942,1
1053963,1
1053980,1
1053984,2
1053995,1
1054003,1
1054005,1
1054014,1
1054022,1
1054033,1
1054035,1
1054040,1
1054052,1
1054076,1
1054079,1
1054094,1
1054097,1
1054108,1
1054113,1
1054134,1
1054145,1
1054149,1
1054168,1
1054172,1
1054187,1
1054189,1
1054194,2
1054211,1
1054214,1
1054219,1
1054228,1
1054231,1
1054234,1
1054249,1
1054251,1
1054263,1
1054268,2
1054278,1
1054285,1
1054300,1
1054304,1
1054306,1
1054308,1
1054343,1
1054345,1
1054362,1
1054373,1
1054380,1
1054382,1
1054396,1
1054399,1
1054415,1
1054420,1
1054437,1
1054456,1
1054477,1
1054506,1
1054510,1
1054512,1
1054515,1
1054518,1
1054534,1
1054548,1
1054571,1
1054590,1
1054606,1
1054609,1
1054612,1
1054622,1
1054624,1
1054627,1
1054629,1
1054632,1
1054643,1
1054659,1
1054662,1
1054668,1
1054679,1
1054685,1
1054687,1
1054705,1
1054719,1
1054723,1
1054726,1
1054739,1
1054742,1
1054744,1
1054755,1
1054761,1
1054764,1
1054771,1
1054779,1
1054782,1
1054798,2
1054800,1
1054806,1
1054815,1
1054821,1
1054835,1
1054855,1
1054858,1
1054870,1
1054888,1
1054892,1
1054898,1
1054908,1
1054912,1
1054923,1
1054925,1
1054951,1
1054953,1
1054957,1
1054966,1
1054971,1
1054973,1
1054982,1
1054988,1
1054990,1
1054992,1
1055004,1
1055008,1
1055010,1
1055019,1
1055028,1
1055030,1
1055041,1
1055046,1
1055059,1
1055082,1
1055085,1
1055087,1
1055097,1
1055114,1
1055117,1
1055119,1
1055126,1
1055137,1
1055142,1
1055154,1
1055162,1
1055174,1
1055194,1
1055200,1
1055209,1
1055212,1
1055222,2
1055231,1
1055234,1
1055236,1
1055239,1
1055241,1
1055251,1
1055267,1
1055269,1
1055274,1
1055277,1
1055295,2
1055311,1
1055313,1
1055315,1
1055330,1
1055332,1
1055343,1
1055346,1
1055349,1
1055351,1
1055365,1
1055367,1
1055373,1
1055384,1
1055388,1
1055390,1
1055397,1
1055406,1
1055408,1
1055417,1
1055419,1
1055443,1
1055450,1
1055463,1
1055483,1
1055497,1
1055501,1
1055513,1
1055539,1
1055541,1
1055557,1
1055559,1
1055577,1
1055579,1
1055594,1
1055599,1
1055611,1
1055614,1
1055617,1
1055625,1
1055632,1
1055638,1
1055649,1
1055653,1
1055655,1
1055657,1
1055661,1
1055673,1
1055688,1
1055692,1
1055694,1
1055710,1
1055712,1
1055718,1
1055724,1
1055729,1
1055732,1
1055735,1
1055743,1
1055746,1
1055751,1
1055764,1
1055768,1
1055771,1
1055777,1
1055785,1
1055789,1
1055820,1
1055825,1
1055827,1
1055843,1
1055862,1
1055864,1
1055893,1
1055901,1
1055911,1
1055914,1
1055920,1
1055923,1
1055930,1
1055934,1
1055942,1
1055955,1
1055957,1
1055960,1
1055966,1
1055978,1
1055990,1
1055999,1
1056010,1
1056016,1
1056031,1
1056033,1
1056035,1
1056037,1
1056053,2
1056071,1
1056073,1
1056075,1
1056087,1
1056091,1
1056093,1
1056107,1
1056110,1
1056124,1
1056129,1
1056146,1
1056148,1
1056150,1
1056167,1
1056169,1
1056183,1
1056185,1
1056187,1
1056189,1
1056202,1
1056205,1
1056221,1
1056224,1
1056226,1
1056239,1
1056243,1
1056245,1
1056253,1
1056258,1
1056262,1
1056264,1
1056277,1
1056281,1
1056283,1
1056299,1
1056301,1
1056317,1
1056319,1
1056321,1
1056328,1
1056338,1
1056341,1
1056352,1
1056354,1
1056373,1
1056376,1
1056379,1
1056388,1
1056396,1
1056406,1
1056412,1
1056425,1
1056432,1
1056435,1
1056450,1
1056453,1
1056463,1
1056470,1
1056472,1
1056475,2
1056489,1
1056491,1
1056500,1
1056508,1
1056511,1
1056523,1
1056528,1
1056550,1
1056566,1
1056578,1
1056583,1
1056585,1
1056588,1
1056601,1
1056605,1
1056620,1
1056623,1
1056625,1
1056641,2
1056644,1
1056656,1
1056661,1
1056665,1
1056668,1
1056681,1
1056695,1
1056699,1
1056701,1
1056716,1
1056719,1
1056731,1
1056736,1
1056739,1
1056750,1
1056754,1
1056758,1
1056767,1
1056772,1
1056779,1
1056787,1
1056792,1
1056811,1
1056814,2
1056833,1
1056843,1
1056846,1
1056852,2
1056855,1
1056865,1
1056868,1
1056872,1
1056874,1
1056887,1
1056889,1
1056905,1
1056908,1
1056910,1
1056918,1
1056927,1
1056929,1
1056942,1
1056945,1
1056947,1
1056965,1
1056968,2
1056975,1
1056978,1
1056985,1
1056988,1
1056993,1
1057002,1
1057005,1
1057017,1
1057019,1
1057021,1
1057025,1
1057035,1
1057041,1
1057043,1
1057054,1
1057059,1
1057075,1
1057079,1
1057081,1
1057099,2
1057117,1
1057120,1
1057137,1
1057153,1
1057155,1
1057170,1
1057172,1
1057176,1
1057190,1
1057194,1
1057209,1
1057211,1
1057217,2
1057222,1
1057229,1
1057232,1
1057234,1
1057236,1
1057247,1
1057251,1
1057263,1
1057267,1
1057269,1
1057296,1
1057305,1
1057307,1
1057311,2
1057322,1
1057327,1
1057329,1
1057333,1
1057340,1
1057342,1
1057346,1
1057348,1
1057350,1
1057362,1
1057365,1
1057368,1
1057374,1
1057376,1
1057384,1
1057391,1
1057404,1
1057418,1
1057422,1
1057439,1
1057442,1
1057458,1
1057475,1
1057477,1
1057501,1
1057512,1
1057515,1
1057517,1
1057520,1
1057526,1
1057535,1
1057538,2
1057552,1
1057555,2
1057570,1
1057574,1
1057609,1
1057612,1
1057627,1
1057631,1
1057648,1
1057668,1
1057683,1
1057686,1
1057688,1
1057700,1
1057705,1
1057707,1
1057709,1
1057719,1
1057724,1
1057726,1
1057740,1
1057745,1
1057759,1
1057775,1
1057779,1
1057783,1
1057785,1
1057790,1
1057801,1
1057811,1
1057814,1
1057819,1
1057821,1
1057824,1
1057840,1
1057857,1
1057874,1
1057876,1
1057879,1
1057888,1
1057892,1
1057897,1
1057911,1
1057913,1
1057916,1
1057933,1
1057937,2
1057940,1
1057952,1
1057955,1
1057957,1
1057972,1
1057980,1
1057986,1
1057990,1
1057992,1
1058014,1
1058027,1
1058031,1
1058033,1
1058048,1
1058063,1
1058084,1
1058087,1
1058089,1
1058104,1
1058119,1
1058131,1
1058144,2
1058146,1
1058159,1
1058163,1
1058166,1
1058176,1
1058181,1
1058186,1
1058196,1
1058210,1
1058217,1
1058219,1
1058222,1
1058226,1
1058230,1
1058237,1
1058264,1
1058276,1
1058278,1
1058283,1
1058294,1
1058296,1
1058298,1
1058311,1
1058314,1
1058319,1
1058332,1
1058334,1
1058337,1
1058351,1
1058353,1
1058371,1
1058387,1
1058389,1
1058391,1
1058404,1
1058406,1
1058424,1
1058426,1
1058429,1
1058442,1
1058446,1
1058449,1
1058463,1
1058466,1
1058469,1
1058476,1
1058486,1
1058489,1
1058503,1
1058519,1
1058540,1
1058558,1
1058562,1
1058565,1
1058580,1
1058599,1
1058605,1
1058616,1
1058619,1
1058621,1
1058628,1
1058639,1
1058650,1
1058654,1
1058657,2
1058659,1
1058662,1
1058671,1
1058674,1
1058680,1
1058688,1
1058693,1
1058712,2
1058715,1
1058731,1
1058733,1
1058735,1
1058740,1
1058747,1
1058749,1
1058751,1
1058763,1
1058771,2
1058773,1
1058786,1
1058792,1
1058806,1
1058810,1
1058817,1
1058826,1
1058829,2
1058841,1
1058844,1
1058849,1
1058866,2
1058882,1
1058884,1
1058886,1
1058906,1
1058923,1
1058925,1
1058934,1
1058939,1
1058942,1
1058944,1
1058957,1
1058960,1
1058963,1
1058976,1
1058994,1
1058999,1
1059016,1
1059022,1
1059030,1
1059035,1
1059054,1
1059070,1
1059074,1
1059077,1
1059093,1
1059108,1
1059112,1
1059115,1
1059117,1
1059130,1
1059133,1
1059166,1
1059170,1
1059172,1
1059183,1
1059187,1
1059190,1
1059204,1
1059206,1
1059210,1
1059223,1
1059226,1
1059239,1
1059245,1
1059249,1
1059259,1
1059261,1
1059280,1
1059282,1
1059285,1
1059287,1
1059293,1
1059298,1
1059300,1
1059304,1
1059306,1
1059308,1
1059318,1
1059320,1
1059338,1
1059352,1
1059375,1
1059393,1
1059405,1
1059429,1
1059431,1
1059441,1
1059448,1
1059454,1
1059458,1
1059470,1
1059473,1
1059477,1
1059490,1
1059493,1
1059504,1
1059513,1
1059516,1
1059522,1
1059529,1
1059531,1
1059533,1
1059536,1
1059548,1
1059553,1
1059562,1
1059571,1
1059585,1
1059587,1
1059589,1
1059594,1
1059603,1
1059605,1
1059608,1
1059620,1
1059627,2
1059632,1
1059638,1
1059644,1
1059647,1
1059650,1
1059656,1
1059666,1
1059672,1
1059680,1
1059715,1
1059723,1
1059736,1
1059739,1
1059742,1
1059744,1
1059759,1
1059775,1
1059778,1
1059788,1
1059794,1
1059796,1
1059800,1
1059810,1
1059829,1
1059833,1
1059849,1
1059853,1
1059856,1
1059870,1
1059874,1
1059876,1
1059878,1
1059889,1
1059893,1
1059904,1
1059909,1
1059911,1
1059914,1
1059928,1
1059950,1
1059965,1
1059967,1
1059969,1
1059971,1
1059979,1
1059987,1
1059992,1
1060005,1
1060007,1
1060020,1
1060024,1
1060027,1
1060043,1
1060045,1
1060061,1
1060063,1
1060100,1
1060117,1
1060136,1
1060139,1
1060152,1
1060160,2
1060163,1
1060171,1
1060180,1
1060194,1
1060196,1
1060200,2
1060212,1
1060215,1
1060228,1
1060233,1
1060235,1
1060237,1
1060248,1
1060251,1
1060253,1
1060261,1
1060270,1
1060273,1
1060284,1
1060289,1
1060291,1
1060294,1
1060304,1
1060308,1
1060324,1
1060326,1
1060336,1
1060343,1
1060348,1
1060362,1
1060365,1
1060367,1
1060383,1
1060387,1
1060400,1
1060403,1
1060406,1
1060418,1
1060422,2
1060427,1
1060440,1
1060444,2
1060446,1
1060448,1
1060461,1
1060463,1
1060474,1
1060480,1
1060486,1
1060493,1
1060498,1
1060501,1
1060516,1
1060518,1
1060520,1
1060526,1
1060541,1
1060544,1
1060551,1
1060555,1
1060559,1
1060574,1
1060579,1
1060589,1
1060591,1
1060604,1
1060612,1
1060628,1
1060630,1
1060634,1
1060637,1
1060640,1
1060650,1
1060654,1
1060656,1
1060664,1
1060669,1
1060671,1
1060679,1
1060686,1
1060689,1
1060693,1
1060695,1
1060705,1
1060724,1
1060728,1
1060745,1
1060747,1
1060750,1
1060778,1
1060782,1
1060786,1
1060791,1
1060800,1
1060803,1
1060818,1
1060821,1
1060823,1
1060826,1
1060828,1
1060841,1
1060844,1
1060854,1
1060860,1
1060862,1
1060865,1
1060875,1
1060880,1
1060896,1
1060898,1
1060901,1
1060913,1
1060917,1
1060924,1
1060929,1
1060933,1
1060935,1
1060937,1
1060940,1
1060943,1
1060950,1
1060959,1
1060972,1
1060975,1
1060977,1
1060980,1
1060990,1
1060992,1
1060996,1
1061007,1
1061010,1
1061012,1
1061020,1
1061029,1
1061034,1
1061038,1
1061051,1
1061053,1
1061064,1
1061081,1
1061087,1
1061089,1
1061092,1
1061102,1
1061108,1
1061120,1
1061125,1
1061154,1
1061162,1
1061167,1
1061179,1
1061181,1
1061184,1
1061188,1
1061200,1
1061202,1
1061204,1
1061210,1
1061214,1
1061218,1
1061221,1
1061228,1
1061236,1
1061242,2
1061244,1
1061251,1
1061256,1
1061260,1
1061271,1
1061278,1
1061289,1
1061296,1
1061300,1
1061311,1
1061319,1
1061335,2
1061338,1
1061352,1
1061354,1
1061357,1
1061372,1
1061374,1
1061383,1
1061385,1
1061388,1
1061393,1
1061395,1
1061404,1
1061407,1
1061410,1
1061415,1
1061421,1
1061430,1
1061432,1
1061447,1
1061455,1
1061466,1
1061471,1
1061483,1
1061486,1
1061488,1
1061490,1
1061503,1
1061519,1
1061524,1
1061526,1
1061528,1
1061531,1
1061542,1
1061544,1
1061554,1
1061556,1
1061561,1
1061565,1
1061580,1
1061582,1
1061586,1
1061589,1
1061599,1
1061604,1
1061607,1
1061619,1
1061621,1
1061636,1
1061654,1
1061669,1
1061676,1
1061695,1
1061697,1
1061699,1
1061710,1
1061715,1
1061720,1
1061732,1
1061735,1
1061738,1
1061751,1
1061753,1
1061756,1
1061771,1
1061773,1
1061777,1
1061787,1
1061792,1
1061807,1
1061809,1
1061819,1
1061824,1
1061826,1
1061830,1
1061836,1
1061849,1
1061855,1
1061861,1
1061867,1
1061874,1
1061880,1
1061884,1
1061892,1
1061898,1
1061905,1
1061912,1
1061922,1
1061926,1
1061941,1
1061958,1
1061961,1
1061964,1
1061974,1
1061981,1
1061991,1
1061996,1
1061998,1
1062004,1
1062018,1
1062034,1
1062039,1
1062056,1
1062059,1
1062075,1
1062089,1
1062094,1
1062099,1
1062101,1
1062110,1
1062114,1
1062118,1
1062132,1
1062134,1
1062145,1
1062149,1
1062151,1
1062162,1
1062171,1
1062174,1
1062188,1
1062203,1
1062209,1
1062221,1
1062226,1
1062231,1
1062241,1
1062248,1
1062252,1
1062264,1
1062269,1
1062281,1
1062288,1
1062299,1
1062302,1
1062304,1
1062306,1
1062316,1
1062323,1
1062326,2
1062331,1
1062337,1
1062343,1
1062369,1
1062374,1
1062378,1
1062380,1
1062382,1
1062386,1
1062390,1
1062422,1
1062438,2
1062443,1
1062456,1
1062459,1
1062475,1
1062485,1
1062491,1
1062511,1
1062513,1
1062531,1
1062533,1
1062537,1
1062539,1
1062548,1
1062551,1
1062553,1
1062558,1
1062575,1
1062604,1
1062606,1
1062610,1
1062618,1
1062626,1
1062628,1
1062631,1
1062633,1
1062644,1
1062649,1
1062652,1
1062661,1
1062664,1
1062666,1
1062668,1
1062670,1
1062683,2
1062685,1
1062687,1
1062701,1
1062754,1
1062758,1
1062763,1
1062775,1
1062779,1
1062784,1
1062788,2
1062796,1
1062801,1
1062828,1
1062834,1
1062848,1
1062853,1
1062858,1
1062861,1
1062864,1
1062873,1
1062875,1
1062879,1
1062889,1
1062895,1
1062900,1
1062912,1
1062925,1
1062930,1
1062937,1
1062943,1
1062949,1
1062954,1
1062956,1
1062961,1
1062964,1
1062968,1
1062972,1
1062974,1
1062978,1
1062989,1
1062991,1
1063007,2
1063013,1
1063025,1
1063043,1
1063048,1
1063051,1
1063059,1
1063062,1
1063066,1
1063071,1
1063073,1
1063077,1
1063083,1
1063087,1
1063091,1
1063102,1
1063106,1
1063120,1
1063135,1
1063138,1
1063140,1
1063153,1
1063156,1
1063159,1
1063171,1
1063174,1
1063176,1
1063189,1
1063193,1
1063197,1
1063208,1
1063211,1
1063216,1
1063221,1
1063227,1
1063235,1
1063246,1
1063252,1
1063254,1
1063262,1
1063268,1
1063276,1
1063279,1
1063304,1
1063306,1
1063308,1
1063311,1
1063317,1
1063326,1
1063347,1
1063350,1
1063380,1
1063399,1
1063403,1
1063405,1
1063410,1
1063413,1
1063423,1
1063426,1
1063430,1
1063441,1
1063445,1
1063451,1
1063460,1
1063464,1
1063474,1
1063480,1
1063483,1
1063488,1
1063493,1
1063498,1
1063504,1
1063515,1
1063528,1
1063538,1
1063552,1
1063556,1
1063564,1
1063576,1
1063589,1
1063593,1
1063608,1
1063613,2
1063619,1
1063622,1
1063626,1
1063639,1
1063650,1
1063652,1
1063664,1
1063672,1
1063680,1
1063688,1
1063696,1
1063708,1
1063720,1
1063724,1
1063736,1
1063747,1
1063751,1
1063761,1
1063764,1
1063766,1
1063768,1
1063774,1
1063776,1
1063783,1
1063786,1
1063791,1
1063798,1
1063801,1
1063805,1
1063823,1
1063834,1
1063839,1
1063841,1
1063844,1
1063850,1
1063856,1
1063861,1
1063868,1
1063875,1
1063878,1
1063881,1
1063895,1
1063900,2
1063914,1
1063918,1
1063925,1
1063928,1
1063938,1
1063947,1
1063952,1
1063958,1
1063960,1
1063965,1
1063967,1
1063976,1
1063980,1
1063986,1
1063989,1
1063991,1
1063996,1
1064013,1
1064017,1
1064020,1
1064023,1
1064032,1
1064034,1
1064046,1
1064056,1
1064058,1
1064066,1
1064071,1
1064083,1
1064091,1
1064108,1
1064110,1
1064112,1
1064117,1
1064126,1
1064142,1
1064144,1
1064160,1
1064164,1
1064172,1
1064176,1
1064180,1
1064194,1
1064203,2
1064210,1
1064220,1
1064228,1
1064230,1
1064240,1
1064248,1
1064254,1
1064256,1
1064258,1
1064269,1
1064274,1
1064278,1
1064281,1
1064287,1
1064289,1
1064292,1
1064298,1
1064306,1
1064311,1
1064315,1
1064318,1
1064326,1
1064328,1
1064331,1
1064333,1
1064336,1
1064338,1
1064340,1
1064343,1
1064347,1
1064351,1
1064354,1
1064356,1
1064361,1
1064383,1
1064391,1
1064398,1
1064401,1
1064409,1
1064412,1
1064414,1
1064419,1
1064423,1
1064428,1
1064438,1
1064441,1
1064450,1
1064456,1
1064467,1
1064469,1
1064473,1
1064482,1
1064485,1
1064489,1
1064496,1
1064505,1
1064509,1
1064512,1
1064524,1
1064526,1
1064543,1
1064547,1
1064559,1
1064561,1
1064564,1
1064592,1
1064597,1
1064602,1
1064605,1
1064610,1
1064616,1
1064621,1
1064623,1
1064625,1
1064627,1
1064631,2
1064640,1
1064643,1
1064657,1
1064665,1
1064673,1
1064675,1
1064678,1
1064687,1
1064692,1
1064697,1
1064699,1
1064710,1
1064725,1
1064734,1
1064736,1
1064744,1
1064746,1
1064756,1
1064761,1
1064763,1
1064770,1
1064772,1
1064775,1
1064786,1
1064790,1
1064793,1
1064803,1
1064826,1
1064828,1
1064832,2
1064839,1
1064847,1
1064852,1
1064856,1
1064861,1
1064864,1
1064866,1
1064870,1
1064876,1
1064880,1
1064905,1
1064913,1
1064922,1
1064924,1
1064927,1
1064935,1
1064941,1
1064949,1
1064956,1
1064965,1
1064973,1
1064979,1
1064993,1
1064999,1
1065001,1
1065003,1
1065010,1
1065017,1
1065023,1
1065035,1
1065038,1
1065046,1
1065049,1
1065083,1
1065091,1
1065094,1
1065096,1
1065098,1
1065103,1
1065115,1
1065128,1
1065132,1
1065140,1
1065149,1
1065170,1
1065178,1
1065186,1
1065191,1
1065206,1
1065214,1
1065218,1
1065226,1
1065231,1
1065234,1
1065239,1
1065245,1
1065247,1
1065251,1
1065280,1
1065285,1
1065294,2
1065303,1
1065305,1
1065322,1
1065326,1
1065332,1
1065339,1
1065353,1
1065361,1
1065395,1
1065399,1
1065405,1
1065408,1
1065417,1
1065436,1
1065438,1
1065453,1
1065465,1
1065471,1
1065475,1
1065477,1
1065486,1
1065493,1
1065501,1
1065503,1
1065510,1
1065512,1
1065516,1
1065529,1
1065535,1
1065546,1
1065549,1
1065552,1
1065559,1
1065562,1
1065569,1
1065571,1
1065588,1
1065590,1
1065603,1
1065606,1
1065618,1
1065623,1
1065625,1
1065629,1
1065638,1
1065652,1
1065664,1
1065667,1
1065674,1
1065683,1
1065694,1
1065704,1
1065711,1
1065720,1
1065726,1
1065734,1
1065736,1
1065738,1
1065742,1
1065744,1
1065751,1
1065754,1
1065760,1
1065764,1
1065776,1
1065778,1
1065789,1
1065812,1
1065817,1
1065822,1
1065834,1
1065836,1
1065838,1
1065862,1
1065866,1
1065870,1
1065873,1
1065877,1
1065892,1
1065895,1
1065904,1
1065907,1
1065913,2
1065915,1
1065922,1
1065929,1
1065932,1
1065943,1
1065959,1
1065964,1
1065966,1
1065978,1
1065980,1
1065987,1
1065989,1
1065991,1
1066002,1
1066006,1
1066018,1
1066022,1
1066026,1
1066043,1
1066052,1
1066061,1
1066063,1
1066079,1
1066081,1
1066092,1
1066099,1
1066101,1
1066104,1
1066109,1
1066113,1
1066118,1
1066121,1
1066155,1
1066166,1
1066175,1
1066185,1
1066197,1
1066199,1
1066215,1
1066218,1
1066230,1
1066235,2
1066250,1
1066272,1
1066282,1
1066289,1
1066291,1
1066301,1
1066306,1
1066310,1
1066313,1
1066322,1
1066326,1
1066329,1
1066332,2
1066344,1
1066346,1
1066348,1
1066360,1
1066366,1
1066375,1
1066378,1
1066381,1
1066383,1
1066385,1
1066389,1
1066392,1
1066397,1
1066401,1
1066408,2
1066422,1
1066439,1
1066442,1
1066460,1
1066462,1
1066468,1
1066478,1
1066481,1
1066483,1
1066498,1
1066523,1
1066526,1
1066530,1
1066544,1
1066553,1
1066569,1
1066589,1
1066592,1
1066631,1
1066634,1
1066643,1
1066651,1
1066661,1
1066668,1
1066673,1
1066682,1
1066684,1
1066687,1
1066691,1
1066699,1
1066708,1
1066719,1
1066722,1
1066727,1
1066731,1
1066744,1
1066746,1
1066763,1
1066765,1
1066769,1
1066779,1
1066783,1
1066786,1
1066802,1
1066818,1
1066820,1
1066824,1
1066845,1
1066855,1
1066865,1
1066878,1
1066880,1
1066901,1
1066909,1
1066917,1
1066919,1
1066933,1
1066936,1
1066938,1
1066948,1
1066950,1
1066961,1
1066969,1
1066972,1
1066979,1
1066985,1
1066987,1
1066993,1
1066997,1
1067006,1
1067012,1
1067026,1
1067030,1
1067034,1
1067049,1
1067060,1
1067063,1
1067068,1
1067075,1
1067081,1
1067091,1
1067095,1
1067107,1
1067109,1
1067125,1
1067130,1
1067151,1
1067159,1
1067164,1
1067169,1
1067183,1
1067186,1
1067203,2
1067214,1
1067217,1
1067222,1
1067225,1
1067230,1
1067238,1
1067241,1
1067250,1
1067258,1
1067263,1
1067275,1
1067278,1
1067284,1
1067288,1
1067291,1
1067293,1
1067298,1
1067300,1
1067311,1
1067316,1
1067330,1
1067334,1
1067337,1
1067340,1
1067344,1
1067351,1
1067355,1
1067359,1
1067365,1
1067368,1
1067373,1
1067376,1
1067390,1
1067409,1
1067424,1
1067428,1
1067431,1
1067448,1
1067451,2
1067463,1
1067465,1
1067468,1
1067470,1
1067484,1
1067486,1
1067501,1
1067503,1
1067505,1
1067507,1
1067510,1
1067524,1
1067539,1
1067542,1
1067545,1
1067562,1
1067565,1
1067573,1
1067580,1
1067586,2
1067588,1
1067600,1
1067603,2
1067616,1
1067620,1
1067638,1
1067640,1
1067642,1
1067644,1
1067646,1
1067657,1
1067660,1
1067670,1
1067675,1
1067691,1
1067694,1
1067696,1
1067702,1
1067711,1
1067715,1
1067718,1
1067728,1
1067733,1
1067735,1
1067737,1
1067748,1
1067753,1
1067766,1
1067768,1
1067772,1
1067780,1
1067786,1
1067791,1
1067794,1
1067796,1
1067805,1
1067826,1
1067829,1
1067832,1
1067848,1
1067860,1
1067862,1
1067871,1
1067873,1
1067884,1
1067887,1
1067889,1
1067899,1
1067905,1
1067920,2
1067924,1
1067928,1
1067939,1
1067943,1
1067946,1
1067950,1
1067961,1
1067963,1
1067977,1
1067981,1
1067995,1
1067999,1
1068011,1
1068018,1
1068020,1
1068023,1
1068025,1
1068033,1
1068040,1
1068057,1
1068059,1
1068061,1
1068065,1
1068071,1
1068079,2
1068090,1
1068093,1
1068095,1
1068097,1
1068101,1
1068109,1
1068114,1
1068116,1
1068127,1
1068132,1
1068134,1
1068136,1
1068138,1
1068146,1
1068153,1
1068156,1
1068172,1
1068188,1
1068207,1
1068210,1
1068227,1
1068229,1
1068240,1
1068247,1
1068252,1
1068265,1
1068282,1
1068285,1
1068287,1
1068304,1
1068320,1
1068322,1
1068325,1
1068344,1
1068346,1
1068348,1
1068365,1
1068376,1
1068379,1
1068381,1
1068396,1
1068414,1
1068418,1
1068430,1
1068436,1
1068441,1
1068451,1
1068455,1
1068458,1
1068464,1
1068476,2
1068493,1
1068496,1
1068527,1
1068531,1
1068546,1
1068549,1
1068551,1
1068553,1
1068555,1
1068571,2
1068582,1
1068587,1
1068589,1
1068591,1
1068597,1
1068608,1
1068611,1
1068614,1
1068619,1
1068624,1
1068628,1
1068630,1
1068632,1
1068642,1
1068647,2
1068652,1
1068662,1
1068665,1
1068667,1
1068684,2
1068694,1
1068696,1
1068702,1
1068704,1
1068707,1
1068709,1
1068723,1
1068739,1
1068776,1
1068779,1
1068781,1
1068792,1
1068798,1
1068804,1
1068833,1
1068836,1
1068849,1
1068853,1
1068855,1
1068857,1
1068872,1
1068874,1
1068891,1
1068899,1
1068905,1
1068911,1
1068914,1
1068930,1
1068947,1
1068956,1
1068962,1
1068969,1
1068986,1
1068988,1
1069006,1
1069010,1
1069019,1
1069022,1
1069026,1
1069035,1
1069042,1
1069047,1
1069062,1
1069064,1
1069066,1
1069078,1
1069083,1
1069086,1
1069099,1
1069101,1
1069106,1
1069108,1
1069121,1
1069123,1
1069138,1
1069141,2
1069145,1
1069174,1
1069177,1
1069179,1
1069192,1
1069195,1
1069214,1
1069228,1
1069235,1
1069253,1
1069271,1
1069289,1
1069292,1
1069294,1
1069311,1
1069314,1
1069316,1
1069330,1
1069333,1
1069337,1
1069349,1
1069366,1
1069385,1
1069387,1
1069389,1
1069392,1
1069401,1
1069405,1
1069409,1
1069416,1
1069420,1
1069426,1
1069428,1
1069431,1
1069444,1
1069457,1
1069461,1
1069464,1
1069481,1
1069498,1
1069500,1
1069519,1
1069537,1
1069539,1
1069541,1
1069557,1
1069573,1
1069577,1
1069594,1
1069596,1
1069599,1
1069601,1
1069632,1
1069635,1
1069638,1
1069652,1
1069654,1
1069667,1
1069671,1
1069674,1
1069678,1
1069688,1
1069692,1
1069712,1
1069723,1
1069728,1
1069731,1
1069733,1
1069746,1
1069748,1
1069750,1
1069754,1
1069765,1
1069768,1
1069784,1
1069788,1
1069802,1
1069805,1
1069822,1
1069842,1
1069859,1
1069863,2
1069880,1
1069883,1
1069897,1
1069900,1
1069903,1
1069917,1
1069919,1
1069921,1
1069936,1
1069939,2
1069943,1
1069957,1
1069959,1
1069975,1
1069990,1
1069992,1
1070013,1
1070017,1
1070027,1
1070029,1
1070034,1
1070043,1
1070052,1
1070069,1
1070073,1
1070090,1
1070112,1
1070120,1
1070128,1
1070130,1
1070133,1
1070147,1
1070162,1
1070167,1
1070186,2
1070200,1
1070222,1
1070227,1
1070242,1
1070258,1
1070260,1
1070262,1
1070279,1
1070297,1
1070299,1
1070302,1
1070315,1
1070319,1
1070360,1
1070368,1
1070376,1
1070380,1
1070394,1
1070396,1
1070411,1
1070419,1
1070432,1
1070450,1
1070452,1
1070455,1
1070471,1
1070481,1
1070488,1
1070495,1
1070509,2
1070511,1
1070528,1
1070530,1
1070532,1
1070546,1
1070583,1
1070587,1
1070597,1
1070603,1
1070605,1
1070608,1
1070617,1
1070622,1
1070625,2
1070641,1
1070643,1
1070660,1
1070663,1
1070680,1
1070697,1
1070715,1
1070720,1
1070735,1
1070738,2
1070740,1
1070752,1
1070757,1
1070774,2
1070792,1
1070794,1
1070813,2
1070831,1
1070833,1
1070849,1
1070868,1
1070870,1
1070887,1
1070890,1
1070925,1
1070930,1
1070932,1
1070950,1
1070965,1
1070982,1
1070985,2
1071002,1
1071017,1
1071024,1
1071039,1
1071041,1
1071060,2
1071063,1
1071065,1
1071079,1
1071081,1
1071094,1
1071097,1
1071113,1
1071116,1
1071118,1
1071137,1
1071154,1
1071158,1
1071173,1
1071188,1
1071192,1
1071210,1
1071212,1
1071230,1
1071235,1
1071249,1
1071253,1
1071261,1
1071267,1
1071270,1
1071286,1
1071305,1
1071324,1
1071342,1
1071344,1
1071354,1
1071367,1
1071382,1
1071384,1
1071401,1
1071403,1
1071419,1
1071421,1
1071438,1
1071442,1
1071457,1
1071459,1
1071461,1
1071477,1
1071495,1
1071506,1
1071513,1
1071516,1
1071520,1
1071535,1
1071553,2
1071576,1
1071584,1
1071592,1
1071601,1
1071609,1
1071628,1
1071632,1
1071666,1
1071684,1
1071686,1
1071688,1
1071690,1
1071707,2
1071721,1
1071755,1
1071762,1
1071764,1
1071766,1
1071781,1
1071788,1
1071800,1
1071818,1
1071820,1
1071838,1
1071840,1
1071855,1
1071858,1
1071875,1
1071879,1
1071895,1
1071913,1
1071916,1
1071918,1
1071934,1
1071950,1
1071952,1
1071970,1
1071972,1
1071974,1
1071991,1
1072008,1
1072010,1
1072012,1
1072028,1
1072043,1
1072046,1
1072048,1
1072051,1
1072060,1
1072067,1
1072089,1
1072106,2
1072112,1
1072124,1
1072140,1
1072142,1
1072144,1
1072146,1
1072162,1
1072169,1
1072177,1
1072181,1
1072184,1
1072200,2
1072205,1
1072207,1
1072220,1
1072235,1
1072240,1
1072255,1
1072257,1
1072259,1
1072275,1
1072292,1
1072294,1
1072313,1
1072316,1
1072331,1
1072333,1
1072352,2
1072356,1
1072370,1
1072372,1
1072374,1
1072389,1
1072394,1
1072407,1
1072409,1
1072411,1
1072413,1
1072427,1
1072430,2
1072445,1
1072447,1
1072449,1
1072465,1
1072480,1
1072485,2
1072489,1
1072504,1
1072508,1
1072521,1
1072525,2
1072541,1
1072547,1
1072562,2
1072574,1
1072579,1
1072581,1
1072583,1
1072598,1
1072605,1
1072617,1
1072619,1
1072621,1
1072636,1
1072653,1
1072655,1
1072659,1
1072673,1
1072675,1
1072677,1
1072710,1
1072712,1
1072730,1
1072733,2
1072748,1
1072750,1
1072752,1
1072757,1
1072769,1
1072771,1
1072774,1
1072788,1
1072807,1
1072826,1
1072829,1
1072844,1
1072847,2
1072865,1
1072882,1
1072884,1
1072887,1
1072904,1
1072920,1
1072940,1
1072957,1
1072960,1
1072978,1
1072996,1
1073008,1
1073014,1
1073019,1
1073021,1
1073036,1
1073071,1
1073081,2
1073083,1
1073110,1
1073113,1
1073116,1
1073129,1
1073148,1
1073150,1
1073153,1
1073168,1
1073187,1
1073196,1
1073203,1
1073207,1
1073210,1
1073224,1
1073226,1
1073243,1
1073245,1
1073247,1
1073249,1
1073264,1
1073281,1
1073284,1
1073304,1
1073319,1
1073321,1
1073323,1
1073339,1
1073341,1
1073344,1
1073358,1
1073360,1
1073376,1
1073378,1
1073394,1
1073396,1
1073399,1
1073416,1
1073454,1
1073489,1
1073491,1
1073495,1
1073509,1
1073527,1
1073529,1
1073531,1
1073533,1
1073547,1
1073549,1
1073569,2
1073572,1
1073580,1
1073587,1
1073589,1
1073594,1
1073606,1
1073609,1
1073623,1
1073625,1
1073627,1
1073643,1
1073661,1
1073664,1
1073666,1
1073683,2
1073701,1
1073703,1
1073719,1
1073722,1
1073757,1
1073763,1
1073776,1
1073779,1
1073795,1
1073798,1
1073809,1
1073813,1
1073816,1
1073833,1
1073837,1
1073839,1
1073853,1
1073856,1
1073871,1
1073874,1
1073884,1
1073892,1
1073895,1
1073910,1
1073915,1
1073929,1
1073932,1
1073948,1
1073956,1
1073965,1
1073967,1
1073969,1
1073986,1
1073988,1
1074000,1
1074003,1
1074007,2
1074009,1
1074011,1
1074025,1
1074038,1
1074042,1
1074045,1
1074061,1
1074063,1
1074081,1
1074083,1
1074098,1
1074100,1
1074103,1
1074114,1
1074119,1
1074121,1
1074132,1
1074137,1
1074140,2
1074143,1
1074156,1
1074158,1
1074176,1
1074178,1
1074183,1
1074194,1
1074196,1
1074199,1
1074215,2
1074232,1
1074236,1
1074250,1
1074252,1
1074256,2
1074271,1
1074276,1
1074289,1
1074291,1
1074307,1
1074312,1
1074328,1
1074331,1
1074344,1
1074346,1
1074349,1
1074364,1
1074366,1
1074422,1
1074424,1
1074441,1
1074478,1
1074480,1
1074482,1
1074499,1
1074515,1
1074517,1
1074522,1
1074537,1
1074555,1
1074575,2
1074577,1
1074596,1
1074598,1
1074600,1
1074613,1
1074615,1
1074634,1
1074639,1
1074651,1
1074673,2
1074676,1
1074692,2
1074695,1
1074709,1
1074711,1
1074713,1
1074719,1
1074728,1
1074744,1
1074762,1
1074765,2
1074767,1
1074770,1
1074782,1
1074801,1
1074805,1
1074810,1
1074821,1
1074823,1
1074838,1
1074843,1
1074861,1
1074881,1
1074883,1
1074898,1
1074902,1
1074915,1
1074917,1
1074919,1
1074935,1
1074939,1
1074946,1
1074954,1
1074956,1
1074959,1
1074971,1
1074974,1
1074990,1
1074993,1
1074995,1
1074997,1
1075010,1
1075013,2
1075015,1
1075029,1
1075035,1
1075038,1
1075049,1
1075051,1
1075054,1
1075068,1
1075072,1
1075083,1
1075087,1
1075089,1
1075092,1
1075104,1
1075106,1
1075108,1
1075124,1
1075126,1
1075139,1
1075145,1
1075161,1
1075182,1
1075184,1
1075241,1
1075245,1
1075256,1
1075259,1
1075261,1
1075263,1
1075275,1
1075278,1
1075280,1
1075295,1
1075297,1
1075299,1
1075315,1
1075319,1
1075333,1
1075335,1
1075339,2
1075354,1
1075361,1
1075373,1
1075375,1
1075389,1
1075394,1
1075408,1
1075411,1
1075413,1
1075417,1
1075429,1
1075431,1
1075445,1
1075469,1
1075482,1
1075484,1
1075503,1
1075508,1
1075524,1
1075530,1
1075544,1
1075546,1
1075562,1
1075564,1
1075566,1
1075582,1
1075584,1
1075600,1
1075622,1
1075631,1
1075639,1
1075641,1
1075643,1
1075658,1
1075662,1
1075665,1
1075676,1
1075678,1
1075680,1
1075694,1
1075696,1
1075701,2
1075751,1
1075755,1
1075768,1
1075772,1
1075775,1
1075791,1
1075804,2
1075809,1
1075815,1
1075832,1
1075846,1
1075848,1
1075850,1
1075865,1
1075867,1
1075882,1
1075885,1
1075887,1
1075889,1
1075895,1
1075901,1
1075904,1
1075907,1
1075911,1
1075942,1
1075944,1
1075946,1
1075962,1
1075965,1
1075980,1
1075982,1
1075984,1
1075998,1
1076001,1
1076004,2
1076010,1
1076019,1
1076034,1
1076046,1
1076054,2
1076057,1
1076059,1
1076068,1
1076077,1
1076088,1
1076093,1
1076096,1
1076098,1
1076104,1
1076112,1
1076114,1
1076118,2
1076122,1
1076132,1
1076150,1
1076172,1
1076177,1
1076191,1
1076193,1
1076208,1
1076222,1
1076228,1
1076231,1
1076247,1
1076249,1
1076266,1
1076283,1
1076300,1
1076305,1
1076322,1
1076343,1
1076370,1
1076378,1
1076381,1
1076386,2
1076388,1
1076391,1
1076400,1
1076402,1
1076405,1
1076413,1
1076419,1
1076421,1
1076435,1
1076437,1
1076453,1
1076456,1
1076459,1
1076474,1
1076477,1
1076490,1
1076492,1
1076495,1
1076497,1
1076503,1
1076513,1
1076515,1
1076527,1
1076530,1
1076538,1
1076545,1
1076553,1
1076566,1
1076590,1
1076605,1
1076608,1
1076610,1
1076623,1
1076626,1
1076628,1
1076630,1
1076632,1
1076648,1
1076662,1
1076672,1
1076683,1
1076685,1
1076687,1
1076691,1
1076703,1
1076706,1
1076716,1
1076719,1
1076723,1
1076725,1
1076740,1
1076743,1
1076773,1
1076779,1
1076796,1
1076811,1
1076815,1
1076836,1
1076853,1
1076857,1
1076874,1
1076891,1
1076895,1
1076901,1
1076913,1
1076915,1
1076929,1
1076947,1
1076952,1
1076956,1
1076959,1
1076969,1
1076972,1
1076988,1
1077004,1
1077006,1
1077010,1
1077013,1
1077026,1
1077028,1
1077043,1
1077046,1
1077052,1
1077065,1
1077083,1
1077086,1
1077099,1
1077102,1
1077105,1
1077121,1
1077123,1
1077137,1
1077156,1
1077158,1
1077160,1
1077163,1
1077176,1
1077179,1
1077182,1
1077187,1
1077195,1
1077202,1
1077216,1
1077218,1
1077230,1
1077235,1
1077237,1
1077249,1
1077272,1
1077275,1
1077280,1
1077293,1
1077306,1
1077312,1
1077328,1
1077346,1
1077348,1
1077350,1
1077357,1
1077370,1
1077372,1
1077385,1
1077387,1
1077389,1
1077391,1
1077394,1
1077406,1
1077408,1
1077428,1
1077442,1
1077445,1
1077464,1
1077470,1
1077539,1
1077562,1
1077575,1
1077577,1
1077583,1
1077587,1
1077597,1
1077601,1
1077603,1
1077605,1
1077621,1
1077635,1
1077642,1
1077644,1
1077655,1
1077658,1
1077673,1
1077692,1
1077710,1
1077713,1
1077716,1
1077730,1
1077733,1
1077735,1
1077749,1
1077762,1
1077767,2
1077769,1
1077785,1
1077793,1
1077800,1
1077805,1
1077809,1
1077820,1
1077825,1
1077828,1
1077843,1
1077846,1
1077849,1
1077862,1
1077895,1
1077902,1
1077907,1
1077918,1
1077920,1
1077927,1
1077934,1
1077937,1
1077941,1
1077954,1
1077958,2
1077960,1
1077962,1
1077974,1
1077979,1
1077983,1
1077998,1
1078011,1
1078015,1
1078035,1
1078039,1
1078049,1
1078052,1
1078057,1
1078070,1
1078072,1
1078074,1
1078087,1
1078091,1
1078110,1
1078114,1
1078125,1
1078128,1
1078133,1
1078136,1
1078162,1
1078165,1
1078171,1
1078175,1
1078184,1
1078186,1
1078200,1
1078205,1
1078208,1
1078227,1
1078241,1
1078244,1
1078259,1
1078262,1
1078279,1
1078281,1
1078285,1
1078295,1
1078297,1
1078300,1
1078302,1
1078304,1
1078307,1
1078323,1
1078339,1
1078341,1
1078356,1
1078362,1
1078371,1
1078374,1
1078377,1
1078379,1
1078382,1
1078394,1
1078396,1
1078405,1
1078415,1
1078429,1
1078432,1
1078437,1
1078452,1
1078456,1
1078468,1
1078472,1
1078475,1
1078523,1
1078528,1
1078533,1
1078545,1
1078547,1
1078549,1
1078552,1
1078563,1
1078567,1
1078583,1
1078600,1
1078604,1
1078607,1
1078610,1
1078624,1
1078637,1
1078640,1
1078645,1
1078658,1
1078660,1
1078663,2
1078674,1
1078678,1
1078687,1
1078714,1
1078718,1
1078720,1
1078722,1
1078734,1
1078737,1
1078742,1
1078773,1
1078775,1
1078794,1
1078797,1
1078807,1
1078813,1
1078815,1
1078818,1
1078847,1
1078850,1
1078854,1
1078866,1
1078874,1
1078887,1
1078890,1
1078894,1
1078907,1
1078922,1
1078925,1
1078927,1
1078945,1
1078969,1
1079000,1
1079006,1
1079011,1
1079024,1
1079026,1
1079040,1
1079043,1
1079064,1
1079077,1
1079082,1
1079097,1
1079099,1
1079113,1
1079116,1
1079123,1
1079133,1
1079136,1
1079138,1
1079141,1
1079153,1
1079157,1
1079161,1
1079163,1
1079173,1
1079189,1
1079198,1
1079209,1
1079213,1
1079216,1
1079232,1
1079237,1
1079251,1
1079253,1
1079268,1
1079271,1
1079274,1
1079282,1
1079288,1
1079292,1
1079296,1
1079305,1
1079308,1
1079314,1
1079326,1
1079328,1
1079342,1
1079344,1
1079346,1
1079349,1
1079351,1
1079365,1
1079380,1
1079421,1
1079439,1
1079444,1
1079461,1
1079474,1
1079476,1
1079479,1
1079485,1
1079501,1
1079505,1
1079513,1
1079516,1
1079520,1
1079536,1
1079551,1
1079557,1
1079570,1
1079573,2
1079575,1
1079580,1
1079584,1
1079592,1
1079597,1
1079623,1
1079633,1
1079635,1
1079651,1
1079655,1
1079662,1
1079671,1
1079675,1
1079684,1
1079686,1
1079703,1
1079708,1
1079722,2
1079727,1
1079730,1
1079732,1
1079737,1
1079749,1
1079759,1
1079761,1
1079781,1
1079801,1
1079805,1
1079818,1
1079822,1
1079825,1
1079829,1
1079835,1
1079839,1
1079843,1
1079845,1
1079853,1
1079857,1
1079859,1
1079862,1
1079865,1
1079879,1
1079893,1
1079895,1
1079899,1
1079912,1
1079914,1
1079917,1
1079920,1
1079933,1
1079952,1
1079956,1
1079970,1
1079973,1
1079976,1
1079986,1
1079990,1
1079995,1
1079997,1
1080001,1
1080012,1
1080025,1
1080029,1
1080033,1
1080050,1
1080067,1
1080074,1
1080084,1
1080087,1
1080090,1
1080106,1
1080112,1
1080122,1
1080124,1
1080128,1
1080147,1
1080161,1
1080173,1
1080179,1
1080182,1
1080185,1
1080188,1
1080206,1
1080216,1
1080218,1
1080220,1
1080225,1
1080234,1
1080243,1
1080253,1
1080256,1
1080259,1
1080261,1
1080263,1
1080280,1
1080294,1
1080301,1
1080318,1
1080353,1
1080370,1
1080387,1
1080392,1
1080413,1
1080429,1
1080446,1
1080462,1
1080466,1
1080469,1
1080471,1
1080482,1
1080484,1
1080490,2
1080501,1
1080503,1
1080506,1
1080509,1
1080512,1
1080525,1
1080535,1
1080539,1
1080542,1
1080545,1
1080548,1
1080558,1
1080564,1
1080580,1
1080582,1
1080595,1
1080603,1
1080615,1
1080621,1
1080634,1
1080636,1
1080639,1
1080641,1
1080653,1
1080661,1
1080674,1
1080676,1
1080679,1
1080699,1
1080702,1
1080717,1
1080730,1
1080733,1
1080737,1
1080739,1
1080751,1
1080754,1
1080756,1
1080769,1
1080808,1
1080811,1
1080813,1
1080829,1
1080831,1
1080836,1
1080845,1
1080849,1
1080851,1
1080859,1
1080863,1
1080866,1
1080868,1
1080871,1
1080883,1
1080885,1
1080888,1
1080890,1
1080901,1
1080904,1
1080908,1
1080923,1
1080925,1
1080927,1
1080940,1
1080956,1
1080958,1
1080975,1
1080982,1
1080995,1
1080999,1
1081001,1
1081003,1
1081018,1
1081029,1
1081032,1
1081035,1
1081041,1
1081057,1
1081073,1
1081092,1
1081096,1
1081111,1
1081114,1
1081117,1
1081128,1
1081132,1
1081136,1
1081147,1
1081152,1
1081154,1
1081156,1
1081166,1
1081170,1
1081172,1
1081190,1
1081204,1
1081206,1
1081208,1
1081212,1
1081223,1
1081229,1
1081233,1
1081246,1
1081249,1
1081264,1
1081267,1
1081281,1
1081286,1
1081291,1
1081298,1
1081306,1
1081310,1
1081321,1
1081323,1
1081326,1
1081337,1
1081339,1
1081341,1
1081345,1
1081356,1
1081361,1
1081380,1
1081383,1
1081395,1
1081398,1
1081401,1
1081415,1
1081420,1
1081423,1
1081425,1
1081435,1
1081437,1
1081439,1
1081441,1
1081451,1
1081453,1
1081456,1
1081467,1
1081471,1
1081489,1
1081491,1
1081496,1
1081498,1
1081503,1
1081549,1
1081551,1
1081553,1
1081566,1
1081571,1
1081585,1
1081588,1
1081591,1
1081604,1
1081607,1
1081611,1
1081622,1
1081624,1
1081631,1
1081648,1
1081663,1
1081670,1
1081680,1
1081684,1
1081687,1
1081698,1
1081701,1
1081704,1
1081706,1
1081714,1
1081719,1
1081721,1
1081724,2
1081727,1
1081731,1
1081738,1
1081741,1
1081745,1
1081752,1
1081757,1
1081766,1
1081777,1
1081797,1
1081815,1
1081836,1
1081851,1
1081853,1
1081871,1
1081876,1
1081895,1
1081913,1
1081924,1
1081946,1
1081948,1
1081953,1
1081955,1
1081971,1
1081977,1
1081982,1
1081984,1
1081991,2
1081993,1
1081996,1
1082006,1
1082009,1
1082011,1
1082022,1
1082025,1
1082027,1
1082030,1
1082040,1
1082042,1
1082044,1
1082047,1
1082049,1
1082057,1
1082059,1
1082061,1
1082064,1
1082069,1
1082075,1
1082081,1
1082097,1
1082104,1
1082121,1
1082138,1
1082140,1
1082143,1
1082158,1
1082191,1
1082194,1
1082199,1
1082211,1
1082213,1
1082218,1
1082227,1
1082231,1
1082234,2
1082236,1
1082240,1
1082249,1
1082256,1
1082273,1
1082275,1
1082289,1
1082304,1
1082312,1
1082327,1
1082347,1
1082350,1
1082352,1
1082364,1
1082367,1
1082370,1
1082380,1
1082388,1
1082390,1
1082397,1
1082404,1
1082409,1
1082413,1
1082422,1
1082426,1
1082438,1
1082440,1
1082446,1
1082458,1
1082464,1
1082475,1
1082479,1
1082484,1
1082501,1
1082517,1
1082521,1
1082539,1
1082558,1
1082575,1
1082578,1
1082593,1
1082595,1
1082598,1
1082612,1
1082616,1
1082633,1
1082648,1
1082654,1
1082667,1
1082670,2
1082672,1
1082675,1
1082677,1
1082679,1
1082683,1
1082689,1
1082697,1
1082707,2
1082710,1
1082730,1
1082744,1
1082746,1
1082750,1
1082760,1
1082764,1
1082766,1
1082770,1
1082777,1
1082781,1
1082786,1
1082789,1
1082791,1
1082793,1
1082800,1
1082805,1
1082810,2
1082819,1
1082821,1
1082827,1
1082832,1
1082836,1
1082845,1
1082852,1
1082856,1
1082864,1
1082878,1
1082880,1
1082895,1
1082898,1
1082900,1
1082904,1
1082915,1
1082931,1
1082944,1
1082953,1
1082957,1
1082960,1
1082971,1
1082975,1
1082990,1
1082994,1
1082996,1
1082998,1
1083012,1
1083018,1
1083032,1
1083037,1
1083049,1
1083053,1
1083063,1
1083089,1
1083091,1
1083093,1
1083110,1
1083112,1
1083126,1
1083129,1
1083140,1
1083145,1
1083149,1
1083162,1
1083167,1
1083176,1
1083178,1
1083184,1
1083186,1
1083189,1
1083194,1
1083200,1
1083203,1
1083207,1
1083209,1
1083219,1
1083224,1
1083226,1
1083228,1
1083237,1
1083243,1
1083245,1
1083256,1
1083277,1
1083281,1
1083294,1
1083301,1
1083303,1
1083310,1
1083318,1
1083321,1
1083335,1
1083351,1
1083353,1
1083355,1
1083357,1
1083360,1
1083369,1
1083374,1
1083386,1
1083393,1
1083397,1
1083413,1
1083428,1
1083433,1
1083447,1
1083449,1
1083451,1
1083455,1
1083466,1
1083469,1
1083471,1
1083473,1
1083475,1
1083486,1
1083504,1
1083529,1
1083538,1
1083542,1
1083544,1
1083549,1
1083562,1
1083565,1
1083575,1
1083578,1
1083582,1
1083589,1
1083604,1
1083608,1
1083624,1
1083652,1
1083655,1
1083661,1
1083663,1
1083696,1
1083712,1
1083719,1
1083721,1
1083734,1
1083739,1
1083754,1
1083756,1
1083763,1
1083774,1
1083776,1
1083789,1
1083792,1
1083804,1
1083823,1
1083825,1
1083833,1
1083846,1
1083850,1
1083854,2
1083867,1
1083869,1
1083872,1
1083874,1
1083887,1
1083890,1
1083908,1
1083910,1
1083937,1
1083964,1
1083977,1
1083996,1
1083999,1
1084003,1
1084017,1
1084034,1
1084059,1
1084077,1
1084080,1
1084082,1
1084095,1
1084097,1
1084117,1
1084119,1
1084132,1
1084137,1
1084153,1
1084155,1
1084169,1
1084172,1
1084175,1
1084197,1
1084208,1
1084227,1
1084239,1
1084262,1
1084270,1
1084280,1
1084287,1
1084290,1
1084301,1
1084305,1
1084309,1
1084313,1
1084323,1
1084326,1
1084328,1
1084340,1
1084347,1
1084352,1
1084359,1
1084362,1
1084373,1
1084395,1
1084402,1
1084418,1
1084430,1
1084441,1
1084443,1
1084448,1
1084458,1
1084460,1
1084462,1
1084470,1
1084476,1
1084497,1
1084499,1
1084506,1
1084519,2
1084536,1
1084570,1
1084574,1
1084590,1
1084608,1
1084613,1
1084625,1
1084627,1
1084632,1
1084643,1
1084645,1
1084650,1
1084653,1
1084665,1
1084669,1
1084690,1
1084707,1
1084714,1
1084721,1
1084726,1
1084745,1
1084757,1
1084760,1
1084778,1
1084780,1
1084783,1
1084785,1
1084789,1
1084795,1
1084801,1
1084816,1
1084818,1
1084830,1
1084838,1
1084841,1
1084843,1
1084856,1
1084860,1
1084873,1
1084875,1
1084877,1
1084879,1
1084890,1
1084898,1
1084900,1
1084908,1
1084914,1
1084917,1
1084930,1
1084933,1
1084936,1
1084947,1
1084958,1
1084968,1
1084973,1
1084975,1
1084985,1
1084992,1
1085001,1
1085004,1
1085010,1
1085013,1
1085016,1
1085021,1
1085024,2
1085030,1
1085032,1
1085034,1
1085039,1
1085042,1
1085045,1
1085054,1
1085058,1
1085063,1
1085077,1
1085081,1
1085087,1
1085093,1
1085102,1
1085107,1
1085124,1
1085140,1
1085142,1
1085145,1
1085160,1
1085163,1
1085168,1
1085177,1
1085180,1
1085185,1
1085196,1
1085200,1
1085202,1
1085232,1
1085237,1
1085254,1
1085256,1
1085259,1
1085271,1
1085275,1
1085280,1
1085300,1
1085309,1
1085315,1
1085317,1
1085329,1
1085331,1
1085335,1
1085346,1
1085350,1
1085353,1
1085355,1
1085369,1
1085373,1
1085388,1
1085393,1
1085405,1
1085407,1
1085415,1
1085427,1
1085445,1
1085449,1
1085465,1
1085483,1
1085486,1
1085503,1
1085505,1
1085520,1
1085524,1
1085537,1
1085542,1
1085549,1
1085556,1
1085559,1
1085564,1
1085566,1
1085582,1
1085591,1
1085597,1
1085599,1
1085613,1
1085615,1
1085617,1
1085623,1
1085632,1
1085650,1
1085654,1
1085658,1
1085678,1
1085690,1
1085695,1
1085710,1
1085713,1
1085715,1
1085722,1
1085731,1
1085733,1
1085739,1
1085748,1
1085764,1
1085771,1
1085786,1
1085789,1
1085791,1
1085807,1
1085810,1
1085820,1
1085824,1
1085827,1
1085829,1
1085854,1
1085857,1
1085862,1
1085866,1
1085869,1
1085882,1
1085885,1
1085901,2
1085903,1
1085905,1
1085908,1
1085934,1
1085937,1
1085939,1
1085945,1
1085947,1
1085954,1
1085958,1
1085962,1
1085989,1
1085996,1
1086015,1
1086018,1
1086029,1
1086033,1
1086037,1
1086051,1
1086055,1
1086070,1
1086075,1
1086079,1
1086090,1
1086092,1
1086109,1
1086113,1
1086128,2
1086130,1
1086147,1
1086149,1
1086153,1
1086165,1
1086171,1
1086188,1
1086204,1
1086207,1
1086223,1
1086225,1
1086228,1
1086242,1
1086244,1
1086247,1
1086260,1
1086262,1
1086266,1
1086279,1
1086283,1
1086289,1
1086301,1
1086304,1
1086315,1
1086318,1
1086323,1
1086339,1
1086341,1
1086359,1
1086362,1
1086375,1
1086378,1
1086392,1
1086396,1
1086398,1
1086413,1
1086417,1
1086431,1
1086433,1
1086438,1
1086449,1
1086453,1
1086458,1
1086469,1
1086474,1
1086488,1
1086492,1
1086509,1
1086512,1
1086523,1
1086529,1
1086545,1
1086548,1
1086551,1
1086554,1
1086567,1
1086570,1
1086583,1
1086589,1
1086616,1
1086625,1
1086642,1
1086645,1
1086661,1
1086677,1
1086679,1
1086683,1
1086685,1
1086688,1
1086699,1
1086701,1
1086720,1
1086734,1
1086736,1
1086753,1
1086759,1
1086771,1
1086773,1
1086779,1
1086789,1
1086794,1
1086797,1
1086813,1
1086816,1
1086818,1
1086831,1
1086835,1
1086848,1
1086850,1
1086862,1
1086870,2
1086874,1
1086876,1
1086888,1
1086906,1
1086908,1
1086911,1
1086925,1
1086949,1
1086962,1
1086966,1
1086969,1
1087000,1
1087002,1
1087005,1
1087008,1
1087021,1
1087023,1
1087039,1
1087041,1
1087043,1
1087047,1
1087059,1
1087075,1
1087077,1
1087084,2
1087095,1
1087099,1
1087103,1
1087111,1
1087120,1
1087122,1
1087134,1
1087137,2
1087139,1
1087154,1
1087159,1
1087161,1
1087172,1
1087177,1
1087182,1
1087194,1
1087199,1
1087215,1
1087227,1
1087239,1
1087247,1
1087249,1
1087255,1
1087266,1
1087268,1
1087283,1
1087288,1
1087303,1
1087305,1
1087307,1
1087313,1
1087328,1
1087330,1
1087346,1
1087354,1
1087362,1
1087366,1
1087369,1
1087373,1
1087382,1
1087387,1
1087401,1
1087404,1
1087419,1
1087441,1
1087444,1
1087475,1
1087479,1
1087482,1
1087496,1
1087505,1
1087515,1
1087517,1
1087533,1
1087552,1
1087569,1
1087571,1
1087577,1
1087591,1
1087593,1
1087596,1
1087608,1
1087612,1
1087627,1
1087634,1
1087643,1
1087650,1
1087653,1
1087668,1
1087671,1
1087673,1
1087682,1
1087687,1
1087689,1
1087701,1
1087704,1
1087708,1
1087711,1
1087721,1
1087728,1
1087742,1
1087745,1
1087761,1
1087780,1
1087785,1
1087799,1
1087802,1
1087805,1
1087818,1
1087840,1
1087844,1
1087856,1
1087860,1
1087862,1
1087868,1
1087871,1
1087873,1
1087875,1
1087881,1
1087893,1
1087896,1
1087901,1
1087910,1
1087915,1
1087917,1
1087919,1
1087932,1
1087935,1
1087937,1
1087948,1
1087950,1
1087956,1
1087969,1
1087971,1
1087975,1
1087979,1
1087989,1
1088006,1
1088009,1
1088013,1
1088015,1
1088029,1
1088032,1
1088044,1
1088046,1
1088048,1
1088051,1
1088057,1
1088080,1
1088082,1
1088086,1
1088088,1
1088093,1
1088102,1
1088107,1
1088112,1
1088119,1
1088123,1
1088129,1
1088141,1
1088144,1
1088146,1
1088148,1
1088151,1
1088163,1
1088172,1
1088179,1
1088186,1
1088195,1
1088204,1
1088208,1
1088218,1
1088235,1
1088240,1
1088260,1
1088275,1
1088283,1
1088294,1
1088296,1
1088300,1
1088304,1
1088310,1
1088314,1
1088316,1
1088331,1
1088333,1
1088348,1
1088350,1
1088356,1
1088368,1
1088372,1
1088375,1
1088379,1
1088391,1
1088406,1
1088408,1
1088410,1
1088423,1
1088427,1
1088430,1
1088435,1
1088444,1
1088446,1
1088448,1
1088453,1
1088469,1
1088477,1
1088484,1
1088502,1
1088504,1
1088507,1
1088524,1
1088539,1
1088542,1
1088566,1
1088577,1
1088580,1
1088585,1
1088587,1
1088598,1
1088600,1
1088602,1
1088616,1
1088618,1
1088623,1
1088636,2
1088644,1
1088654,1
1088658,1
1088662,1
1088673,1
1088685,1
1088692,1
1088695,1
1088699,1
1088703,1
1088712,1
1088714,1
1088718,1
1088733,1
1088748,1
1088767,1
1088770,1
1088792,1
1088804,1
1088807,1
1088810,1
1088825,1
1088830,1
1088847,1
1088864,1
1088882,1
1088884,1
1088900,1
1088902,1
1088918,1
1088920,1
1088923,1
1088927,1
1088938,1
1088940,1
1088944,1
1088946,1
1088951,1
1088959,1
1088975,1
1088978,1
1088981,1
1088984,1
1088996,1
1088999,1
1089003,1
1089016,1
1089018,1
1089020,1
1089026,1
1089035,1
1089053,1
1089056,1
1089074,1
1089089,1
1089091,1
1089101,1
1089107,1
1089114,1
1089118,1
1089131,2
1089133,1
1089147,1
1089149,1
1089158,1
1089167,1
1089169,1
1089173,1
1089184,1
1089186,1
1089202,1
1089204,1
1089208,1
1089214,1
1089224,1
1089227,1
1089239,1
1089261,1
1089280,1
1089282,1
1089284,1
1089299,1
1089301,1
1089304,1
1089306,1
1089320,2
1089323,1
1089334,1
1089339,1
1089342,1
1089357,1
1089361,1
1089367,1
1089374,1
1089413,1
1089416,1
1089432,1
1089434,1
1089437,1
1089450,1
1089454,2
1089469,1
1089477,1
1089495,1
1089498,1
1089513,1
1089516,1
1089525,1
1089530,1
1089555,1
1089561,1
1089570,1
1089573,1
1089587,1
1089594,1
1089603,1
1089606,1
1089609,1
1089623,1
1089631,1
1089641,1
1089645,1
1089659,1
1089663,1
1089678,1
1089680,1
1089686,1
1089694,1
1089699,1
1089702,1
1089704,1
1089709,1
1089719,1
1089722,1
1089734,1
1089738,2
1089741,1
1089744,1
1089748,1
1089757,1
1089759,1
1089762,1
1089774,1
1089776,1
1089788,1
1089790,1
1089795,1
1089797,1
1089800,2
1089802,1
1089804,1
1089808,1
1089816,1
1089819,1
1089828,1
1089830,1
1089834,1
1089846,1
1089850,1
1089852,1
1089865,1
1089869,1
1089873,1
1089883,1
1089887,1
1089890,1
1089898,1
1089907,1
1089923,1
1089925,1
1089931,1
1089945,1
1089948,1
1089965,1
1089982,1
1089984,1
1089987,1
1090002,1
1090011,1
1090022,1
1090039,1
1090043,1
1090056,1
1090059,1
1090063,1
1090070,1
1090080,1
1090085,1
1090093,1
1090099,1
1090103,1
1090115,1
1090117,1
1090132,1
1090134,1
1090137,1
1090140,1
1090144,1
1090169,1
1090175,1
1090179,1
1090186,1
1090191,1
1090195,1
1090198,1
1090211,1
1090213,1
1090216,1
1090229,1
1090231,1
1090233,1
1090242,1
1090249,1
1090259,1
1090270,1
1090273,1
1090287,1
1090295,1
1090302,1
1090310,1
1090318,1
1090320,1
1090324,1
1090328,1
1090332,1
1090341,1
1090345,1
1090349,1
1090360,1
1090367,1
1090369,1
1090374,1
1090383,1
1090386,1
1090398,1
1090403,2
1090407,1
1090418,1
1090422,1
1090432,1
1090436,1
1090446,1
1090476,1
1090478,1
1090481,1
1090490,1
1090492,1
1090499,1
1090512,1
1090514,1
1090521,1
1090531,1
1090537,1
1090539,1
1090548,1
1090552,1
1090556,1
1090558,1
1090572,1
1090589,1
1090593,1
1090595,1
1090610,1
1090615,1
1090620,1
1090629,1
1090634,1
1090645,1
1090651,1
1090665,1
1090668,1
1090670,1
1090705,1
1090707,1
1090709,1
1090739,1
1090743,1
1090745,1
1090753,1
1090757,1
1090765,1
1090771,1
1090780,1
1090785,1
1090789,1
1090801,1
1090818,1
1090820,1
1090837,1
1090840,1
1090857,1
1090859,1
1090861,1
1090876,1
1090885,1
1090893,1
1090896,1
1090906,1
1090916,1
1090933,1
1090938,1
1090953,1
1090958,1
1090968,1
1090971,1
1090974,1
1090976,1
1090987,1
1090990,1
1090996,1
1091005,1
1091009,1
1091011,1
1091015,1
1091024,1
1091029,1
1091031,1
1091047,1
1091055,1
1091065,1
1091069,1
1091085,1
1091087,1
1091103,1
1091106,2
1091109,1
1091114,1
1091129,1
1091138,1
1091143,1
1091146,1
1091158,1
1091161,1
1091170,1
1091179,1
1091182,1
1091186,1
1091202,1
1091214,1
1091220,2
1091237,1
1091239,1
1091256,1
1091273,1
1091275,1
1091286,1
1091296,1
1091314,1
1091333,1
1091350,1
1091352,1
1091363,1
1091370,1
1091373,1
1091389,1
1091393,1
1091408,1
1091411,1
1091428,1
1091439,1
1091451,1
1091464,1
1091466,1
1091481,1
1091483,1
1091486,1
1091488,1
1091497,1
1091505,1
1091510,1
1091515,1
1091527,1
1091541,1
1091558,1
1091561,1
1091567,1
1091579,1
1091596,1
1091600,1
1091617,1
1091619,1
1091622,1
1091636,1
1091638,1
1091653,1
1091656,1
1091659,1
1091664,1
1091669,1
1091673,1
1091675,1
1091678,2
1091680,1
1091683,1
1091686,1
1091693,1
1091696,1
1091710,1
1091714,1
1091732,1
1091749,1
1091752,1
1091756,1
1091773,1
1091787,1
1091790,1
1091802,1
1091824,1
1091828,1
1091847,1
1091859,1
1091864,1
1091866,1
1091877,1
1091882,1
1091900,1
1091904,1
1091918,1
1091923,1
1091939,1
1091941,1
1091955,1
1091959,1
1091971,1
1091980,1
1091982,1
1092000,1
1092009,1
1092013,1
1092017,1
1092023,1
1092026,1
1092033,1
1092035,1
1092037,1
1092041,1
1092065,1
1092073,1
1092076,1
1092092,1
1092107,1
1092110,1
1092151,1
1092167,1
1092170,1
1092204,1
1092206,1
1092211,1
1092220,1
1092226,1
1092231,1
1092241,1
1092247,1
1092263,1
1092271,1
1092277,1
1092279,1
1092287,1
1092300,1
1092303,1
1092313,1
1092320,1
1092322,1
1092338,1
1092354,1
1092357,1
1092361,1
1092372,1
1092378,1
1092382,2
1092384,1
1092394,1
1092399,1
1092405,1
1092410,1
1092418,1
1092432,1
1092434,1
1092437,1
1092447,1
1092457,1
1092460,1
1092474,1
1092485,1
1092491,1
1092509,1
1092511,1
1092528,1
1092549,1
1092565,1
1092567,1
1092571,1
1092574,1
1092584,1
1092587,1
1092590,1
1092597,1
1092601,1
1092605,1
1092608,1
1092611,1
1092625,1
1092636,1
1092649,1
1092660,1
1092663,1
1092666,1
1092677,1
1092681,2
1092685,1
1092702,1
1092705,1
1092717,1
1092720,1
1092737,1
1092753,1
1092757,1
1092760,1
1092775,1
1092778,1
1092806,1
1092813,1
1092818,1
1092830,1
1092835,1
1092843,1
1092866,1
1092872,1
1092874,1
1092889,1
1092891,1
1092893,1
1092908,1
1092921,1
1092931,1
1092944,1
1092950,1
1092952,1
1092966,1
1092970,1
1092978,1
1093005,1
1093011,1
1093025,1
1093038,1
1093042,1
1093044,1
1093047,1
1093059,1
1093062,1
1093079,1
1093081,1
1093098,1
1093100,1
1093117,1
1093134,1
1093139,1
1093154,1
1093158,1
1093175,1
1093191,1
1093194,1
1093197,1
1093207,1
1093212,1
1093214,1
1093218,1
1093220,1
1093227,1
1093234,1
1093251,1
1093265,1
1093270,1
1093272,1
1093274,1
1093289,1
1093307,1
1093309,1
1093319,1
1093328,1
1093345,1
1093348,1
1093351,1
1093375,1
1093378,1
1093385,1
1093401,1
1093404,1
1093406,1
1093422,1
1093424,1
1093443,1
1093451,1
1093464,1
1093469,1
1093476,1
1093478,1
1093480,1
1093482,1
1093485,1
1093497,1
1093499,1
1093512,1
1093519,1
1093535,1
1093538,1
1093568,1
1093571,1
1093578,1
1093589,1
1093595,1
1093607,1
1093613,1
1093630,1
1093633,1
1093635,1
1093646,1
1093651,1
1093654,1
1093664,1
1093670,1
1093685,1
1093687,1
1093691,1
1093701,1
1093704,1
1093721,1
1093724,1
1093728,1
1093734,1
1093746,1
1093749,1
1093780,1
1093783,2
1093785,1
1093788,1
1093790,1
1093802,1
1093805,1
1093807,1
1093818,1
1093823,1
1093826,1
1093833,1
1093835,1
1093841,1
1093852,1
1093854,1
1093861,1
1093870,1
1093879,1
1093889,1
1093898,1
1093902,1
1093915,1
1093919,1
1093930,1
1093937,1
1093939,1
1093972,1
1093975,1
1093991,1
1094009,1
1094011,1
1094024,1
1094027,1
1094033,1
1094036,1
1094046,1
1094052,1
1094069,2
1094082,1
1094090,1
1094107,1
1094118,1
1094121,1
1094127,1
1094142,1
1094145,2
1094151,1
1094159,1
1094165,1
1094168,1
1094178,1
1094184,1
1094202,1
1094218,1
1094221,1
1094223,1
1094239,1
1094241,1
1094243,1
1094259,1
1094270,1
1094274,1
1094299,1
1094301,1
1094309,1
1094317,1
1094320,1
1094329,1
1094336,2
1094350,1
1094354,1
1094357,1
1094359,1
1094369,1
1094374,1
1094385,1
1094387,1
1094392,1
1094394,1
1094422,1
1094426,1
1094428,1
1094431,1
1094461,1
1094468,1
1094486,1
1094488,1
1094501,1
1094510,1
1094524,1
1094555,1
1094563,1
1094567,1
1094575,1
1094593,1
1094604,1
1094611,1
1094616,1
1094621,1
1094623,1
1094632,1
1094640,1
1094643,1
1094657,1
1094659,1
1094667,1
1094673,1
1094677,1
1094696,1
1094704,1
1094715,1
1094727,1
1094735,1
1094753,1
1094760,1
1094766,1
1094774,1
1094776,1
1094790,1
1094792,1
1094808,1
1094810,1
1094842,1
1094847,1
1094852,1
1094860,1
1094864,1
1094869,1
1094880,1
1094894,1
1094923,1
1094925,1
1094932,1
1094943,1
1094946,1
1094949,1
1094961,1
1094963,1
1094965,1
1094975,1
1094982,1
1094984,1
1094992,1
1094998,1
1095002,1
1095010,1
1095013,1
1095021,1
1095025,1
1095029,1
1095040,1
1095055,1
1095058,1
1095065,1
1095070,1
1095078,1
1095088,1
1095093,1
1095096,1
1095105,1
1095113,1
1095116,1
1095133,1
1095149,1
1095153,1
1095169,1
1095171,1
1095183,1
1095191,1
1095202,1
1095208,1
1095211,1
1095218,1
1095227,1
1095231,1
1095237,1
1095248,1
1095262,1
1095266,1
1095268,1
1095283,1
1095286,1
1095288,1
1095303,1
1095305,1
1095315,1
1095324,1
1095341,1
1095343,1
1095360,1
1095362,1
1095368,1
1095380,1
1095382,1
1095398,1
1095406,1
1095419,1
1095427,1
1095438,1
1095440,1
1095446,1
1095455,1
1095465,1
1095472,1
1095475,1
1095477,1
1095479,1
1095484,1
1095493,1
1095496,1
1095504,1
1095513,1
1095523,1
1095533,1
1095571,1
1095597,1
1095609,1
1095626,1
1095628,1
1095642,1
1095646,1
1095648,1
1095654,1
1095666,1
1095679,1
1095682,1
1095684,1
1095688,1
1095690,1
1095705,1
1095718,1
1095721,1
1095724,1
1095741,1
1095759,1
1095761,1
1095779,1
1095797,1
1095799,1
1095816,1
1095818,1
1095821,1
1095846,1
1095857,1
1095864,1
1095876,1
1095886,1
1095894,1
1095896,1
1095904,1
1095906,1
1095914,1
1095916,1
1095925,1
1095931,1
1095948,1
1095950,1
1095952,1
1095967,1
1095970,1
1095977,1
1095987,1
1095989,1
1095999,1
1096007,1
1096025,1
1096027,1
1096037,1
1096049,1
1096082,1
1096092,1
1096103,1
1096121,1
1096140,1
1096149,1
1096160,1
1096167,1
1096179,1
1096196,1
1096199,1
1096206,1
1096216,1
1096225,1
1096236,1
1096271,1
1096274,1
1096291,1
1096293,1
1096314,1
1096319,1
1096332,1
1096356,1
1096360,1
1096369,1
1096371,1
1096374,1
1096377,1
1096387,1
1096390,1
1096401,1
1096415,1
1096421,1
1096425,1
1096428,1
1096430,1
1096435,1
1096439,1
1096441,1
1096446,1
1096448,1
1096452,1
1096456,1
1096475,1
1096483,1
1096486,1
1096494,1
1096498,1
1096504,1
1096508,1
1096510,1
1096514,1
1096523,1
1096528,1
1096541,1
1096552,1
1096555,1
1096559,1
1096561,1
1096568,1
1096579,1
1096585,1
1096600,1
1096634,1
1096637,1
1096645,1
1096657,1
1096659,1
1096674,1
1096692,1
1096710,1
1096712,1
1096720,1
1096730,1
1096738,1
1096750,1
1096752,1
1096756,1
1096766,1
1096770,1
1096773,1
1096786,1
1096788,1
1096793,1
1096806,1
1096814,1
1096825,1
1096827,1
1096832,1
1096840,1
1096845,1
1096860,1
1096862,1
1096864,1
1096867,1
1096874,1
1096883,1
1096888,1
1096901,1
1096905,1
1096928,1
1096939,1
1096945,1
1096949,1
1096962,1
1096977,1
1096979,1
1096983,1
1096988,1
1096991,1
1096999,1
1097007,1
1097010,1
1097020,1
1097026,1
1097037,2
1097054,1
1097056,1
1097072,1
1097074,1
1097090,1
1097092,1
1097096,1
1097100,1
1097111,1
1097129,1
1097135,1
1097140,1
1097142,1
1097151,1
1097153,1
1097168,1
1097176,1
1097186,1
1097188,1
1097206,1
1097210,1
1097225,1
1097232,1
1097237,1
1097244,1
1097246,1
1097249,1
1097253,1
1097265,1
1097271,1
1097282,1
1097311,1
1097320,1
1097331,1
1097339,1
1097357,1
1097359,1
1097365,1
1097382,1
1097395,1
1097413,1
1097415,1
1097422,1
1097435,1
1097439,1
1097443,1
1097454,1
1097458,1
1097460,1
1097473,1
1097477,1
1097492,1
1097496,1
1097510,1
1097512,1
1097522,1
1097529,1
1097533,1
1097548,1
1097555,1
1097573,1
1097576,1
1097587,1
1097592,1
1097606,1
1097611,1
1097624,1
1097642,1
1097644,1
1097647,1
1097651,1
1097656,1
1097663,1
1097665,1
1097671,1
1097680,1
1097685,1
1097690,1
1097699,1
1097701,1
1097703,1
1097710,1
1097714,1
1097719,1
1097722,1
1097733,1
1097737,1
1097739,1
1097745,1
1097747,1
1097750,1
1097775,1
1097783,1
1097795,1
1097798,1
1097802,1
1097814,1
1097820,1
1097826,1
1097832,1
1097834,1
1097850,1
1097856,1
1097860,1
1097862,1
1097872,1
1097876,1
1097878,1
1097886,1
1097891,1
1097895,1
1097899,1
1097908,1
1097918,1
1097928,1
1097932,1
1097934,1
1097983,1
1098026,1
1098031,1
1098043,1
1098046,1
1098061,1
1098063,1
1098091,1
1098108,1
1098110,1
1098118,1
1098120,1
1098124,1
1098127,1
1098138,1
1098140,1
1098148,1
1098156,1
1098158,1
1098161,1
1098163,1
1098176,1
1098198,1
1098205,1
1098214,1
1098228,1
1098232,1
1098236,1
1098251,1
1098259,1
1098262,1
1098270,1
1098288,1
1098292,1
1098295,1
1098308,1
1098319,1
1098327,1
1098329,1
1098331,1
1098335,1
1098347,1
1098353,1
1098355,1
1098364,1
1098366,1
1098376,1
1098385,1
1098387,1
1098389,1
1098397,1
1098407,1
1098413,1
1098424,2
1098426,1
1098432,1
1098436,1
1098444,1
1098447,1
1098452,1
1098460,1
1098485,1
1098490,1
1098498,1
1098503,1
1098515,1
1098519,1
1098521,1
1098526,1
1098529,1
1098539,1
1098547,1
1098555,1
1098558,1
1098560,1
1098564,1
1098574,1
1098582,1
1098594,1
1098596,1
1098614,1
1098616,1
1098619,1
1098621,1
1098625,1
1098633,1
1098637,2
1098639,1
1098645,1
1098652,1
1098658,1
1098661,1
1098668,1
1098671,1
1098673,1
1098675,1
1098682,1
1098689,1
1098691,1
1098697,1
1098707,1
1098711,1
1098720,1
1098726,1
1098729,1
1098731,1
1098746,1
1098749,1
1098765,1
1098772,1
1098783,1
1098787,1
1098791,1
1098805,1
1098810,1
1098821,1
1098824,1
1098842,1
1098848,1
1098850,1
1098862,1
1098865,2
1098880,1
1098887,1
1098898,1
1098904,1
1098910,1
1098917,1
1098919,1
1098922,1
1098934,1
1098939,1
1098946,1
1098953,1
1098971,1
1098982,1
1098985,1
1098996,1
1098998,1
1099000,1
1099002,1
1099017,1
1099049,1
1099055,1
1099057,1
1099090,1
1099097,1
1099100,1
1099110,1
1099115,1
1099125,2
1099129,1
1099135,1
1099144,1
1099165,1
1099184,1
1099188,1
1099191,1
1099202,1
1099204,1
1099220,1
1099224,1
1099229,1
1099236,1
1099238,1
1099242,1
1099245,1
1099247,1
1099259,1
1099263,1
1099267,1
1099286,1
1099297,1
1099299,1
1099301,1
1099312,1
1099319,1
1099321,1
1099326,1
1099334,1
1099336,1
1099344,1
1099346,1
1099355,1
1099358,1
1099362,1
1099374,1
1099392,1
1099409,1
1099413,1
1099427,1
1099437,1
1099449,1
1099452,1
1099454,1
1099456,1
1099469,1
1099471,1
1099473,1
1099487,1
1099489,1
1099504,1
1099506,1
1099525,1
1099527,1
1099529,1
1099532,1
1099546,1
1099560,1
1099563,1
1099565,1
1099568,1
1099581,1
1099584,1
1099586,1
1099589,1
1099601,1
1099604,1
1099621,1
1099630,1
1099640,1
1099643,1
1099646,1
1099659,1
1099662,1
1099665,1
1099677,1
1099679,1
1099681,1
1099683,1
1099696,1
1099698,1
1099700,1
1099715,1
1099735,1
1099754,1
1099771,1
1099774,1
1099789,1
1099793,1
1099798,1
1099814,2
1099849,1
1099868,1
1099870,1
1099873,1
1099887,1
1099889,1
1099906,1
1099918,1
1099931,1
1099944,1
1099947,2
1099954,1
1099964,1
1099967,1
1099972,1
1099986,2
1099988,1
1099991,1
1200001,1
1200004,1
1200006,1
1200021,1
1200056,1
1200059,1
1200083,1
1200095,1
1200098,1
1200116,1
1200122,1
1200134,1
1200136,1
1200152,1
1200155,1
1200160,1
1200173,1
1200190,1
1200193,1
1200196,1
1200209,1
1200211,1
1200213,1
1200228,1
1200233,1
1200249,1
1200267,1
1200270,1
1200273,1
1200280,1
1200282,1
1200288,1
1200290,1
1200292,1
1200304,1
1200308,1
1200327,1
1200330,1
1200345,1
1200362,1
1200368,1
1200382,1
1200384,1
1200394,1
1200400,1
1200406,1
1200419,1
1200421,1
1200424,1
1200437,1
1200458,1
1200465,1
1200467,1
1200479,1
1200496,1
1200500,1
1200515,1
1200529,1
1200534,1
1200550,1
1200553,1
1200573,1
1200588,1
1200591,1
1200610,1
1200629,1
1200634,1
1200643,1
1200649,1
1200662,1
1200665,1
1200668,1
1200672,1
1200690,1
1200705,1
1200709,1
1200717,1
1200725,1
1200729,1
1200742,1
1200744,1
1200747,1
1200763,2
1200765,1
1200780,1
1200783,1
1200799,1
1200806,1
1200819,1
1200838,1
1200843,1
1200856,1
1200868,1
1200888,1
1200894,1
1200896,1
1200911,1
1200913,1
1200915,1
1200917,1
1200932,1
1200934,1
1200949,1
1200952,1
1200957,1
1200960,1
1200972,1
1200985,1
1200990,1
1200992,1
1201010,2
1201046,1
1201060,1
1201063,1
1201067,1
1201070,1
1201088,2
1201115,1
1201124,2
1201140,1
1201143,1
1201148,1
1201159,1
1201161,1
1201163,1
1201168,1
1201181,1
1201183,1
1201195,1
1201198,1
1201217,1
1201219,1
1201230,1
1201240,1
1201242,1
1201255,1
1201258,1
1201263,1
1201275,1
1201282,1
1201292,1
1201295,1
1201298,1
1201312,1
1201314,1
1201329,1
1201332,1
1201336,1
1201350,1
1201352,1
1201365,1
1201370,1
1201374,1
1201393,1
1201406,1
1201409,1
1201414,1
1201424,1
1201427,1
1201429,1
1201439,1
1201446,1
1201461,1
1201465,1
1201483,1
1201502,1
1201508,1
1201516,1
1201523,1
1201539,1
1201541,1
1201551,1
1201555,1
1201559,1
1201562,1
1201564,1
1201575,1
1201577,1
1201581,1
1201586,1
1201595,1
1201599,1
1201602,1
1201607,1
1201618,1
1201620,1
1201631,1
1201635,1
1201637,1
1201644,1
1201654,1
1201656,1
1201670,1
1201674,1
1201680,1
1201688,1
1201690,1
1201694,1
1201696,1
1201710,1
1201712,1
1201715,1
1201717,1
1201731,1
1201733,1
1201749,1
1201767,1
1201769,1
1201785,1
1201788,1
1201791,1
1201793,1
1201795,1
1201807,1
1201810,1
1201823,1
1201841,1
1201845,1
1201862,1
1201864,1
1201868,1
1201883,1
1201900,1
1201902,1
1201906,1
1201923,2
1201937,1
1201940,1
1201942,1
1201947,1
1201959,1
1201965,1
1201978,1
1201996,1
1201998,1
1202015,1
1202033,1
1202035,1
1202039,1
1202053,1
1202055,1
1202070,1
1202073,1
1202091,1
1202110,1
1202117,1
1202130,1
1202134,1
1202149,1
1202166,1
1202168,1
1202175,1
1202185,1
1202189,2
1202225,1
1202242,1
1202244,1
1202247,1
1202258,1
1202264,1
1202269,1
1202274,1
1202283,1
1202287,2
1202289,1
1202294,1
1202302,1
1202304,1
1202315,1
1202320,1
1202333,1
1202357,1
1202376,1
1202395,1
1202398,2
1202412,1
1202415,1
1202417,1
1202423,1
1202434,1
1202447,1
1202450,1
1202454,1
1202473,2
1202481,1
1202488,1
1202493,1
1202510,2
1202529,1
1202532,1
1202536,1
1202548,1
1202551,2
1202567,1
1202570,2
1202583,1
1202604,1
1202606,1
1202609,1
1202616,1
1202621,1
1202626,1
1202629,1
1202646,2
1202662,1
1202676,1
1202681,1
1202695,1
1202699,1
1202701,1
1202703,1
1202719,1
1202735,1
1202738,1
1202757,2
1202760,1
1202776,1
1202779,2
1202792,1
1202795,1
1202811,1
1202815,2
1202823,1
1202834,1
1202837,1
1202851,1
1202853,1
1202859,1
1202866,1
1202872,1
1202889,1
1202902,1
1202908,1
1202910,1
1202927,1
1202965,1
1202981,1
1202985,1
1202988,1
1203004,1
1203022,1
1203041,1
1203060,1
1203063,1
1203081,2
1203099,1
1203116,1
1203118,1
1203130,1
1203132,1
1203138,1
1203141,1
1203156,1
1203174,1
1203193,1
1203212,1
1203232,1
1203251,2
1203272,2
1203274,1
1203280,1
1203286,1
1203292,1
1203301,1
1203308,1
1203318,1
1203327,1
1203329,1
1203331,1
1203355,1
1203361,1
1203366,1
1203402,1
1203419,1
1203422,1
1203425,1
1203454,1
1203461,1
1203468,1
1203479,1
1203497,1
1203500,1
1203516,1
1203518,1
1203529,1
1203537,2
1203541,1
1203549,1
1203556,1
1203558,1
1203573,1
1203592,1
1203608,1
1203612,1
1203629,1
1203631,1
1203645,1
1203650,1
1203668,1
1203687,1
1203698,1
1203706,1
1203708,1
1203719,1
1203726,1
1203729,1
1203744,1
1203747,2
1203758,1
1203765,1
1203770,1
1203778,1
1203784,1
1203797,1
1203801,1
1203803,1
1203806,1
1203821,1
1203835,1
1203839,1
1203841,1
1203858,1
1203861,1
1203878,1
1203881,1
1203898,2
1203916,1
1203932,1
1203935,1
1203940,1
1203950,1
1203954,1
1203956,1
1203972,1
1203981,1
1203991,1
1203994,2
1203996,1
1204013,1
1204015,1
1204030,1
1204051,1
1204069,1
1204083,1
1204087,1
1204092,1
1204106,1
1204121,1
1204125,1
1204128,2
1204131,1
1204147,2
1204163,1
1204177,1
1204182,1
1204200,1
1204214,1
1204221,2
1204225,1
1204240,1
1204258,2
1204278,1
1204295,1
1204314,1
1204333,1
1204338,1
1204348,1
1204355,1
1204358,1
1204373,1
1204389,1
1204391,1
1204401,1
1204410,1
1204413,1
1204431,2
1204447,1
1204451,2
1204462,1
1204485,1
1204505,1
1204523,1
1204526,1
1204533,1
1204544,1
1204559,1
1204562,1
1204567,1
1204579,1
1204582,1
1204597,1
1204605,1
1204613,1
1204616,1
1204621,1
1204633,1
1204638,1
1204650,1
1204657,1
1204677,2
1204695,1
1204697,1
1204699,1
1204710,1
1204716,1
1204719,1
1204727,1
1204734,1
1204736,1
1204739,1
1204742,1
1204754,1
1204770,1
1204772,1
1204790,1
1204802,1
1204809,1
1204827,1
1204831,1
1204841,1
1204848,1
1204865,1
1204870,1
1204879,1
1204886,1
1204902,1
1204906,2
1204909,1
1204924,1
1204939,1
1204941,1
1204943,1
1204945,1
1204976,1
1204980,1
1204984,1
1204997,1
1205000,1
1205017,1
1205036,1
1205055,1
1205060,1
1205074,1
1205076,1
1205081,1
1205094,1
1205097,1
1205131,1
1205150,1
1205159,1
1205169,1
1205171,1
1205188,1
1205207,1
1205226,1
1205230,1
1205250,1
1205265,1
1205270,1
1205276,1
1205285,1
1205291,1
1205303,1
1205308,1
1205322,1
1205325,2
1205335,1
1205342,1
1205346,1
1205360,1
1205374,1
1205378,1
1205380,1
1205398,1
1205416,1
1205435,1
1205448,1
1205456,2
1205459,1
1205475,1
1205478,1
1205493,1
1205499,1
1205511,1
1205514,2
1205531,1
1205534,1
1205537,1
1205551,1
1205563,1
1205569,1
1205590,1
1205592,1
1205604,1
1205609,1
1205618,1
1205626,1
1205630,1
1205646,2
1205680,1
1205683,1
1205703,2
1205706,1
1205742,1
1205744,1
1205761,2
1205777,1
1205779,1
1205783,1
1205797,1
1205809,1
1205815,1
1205819,2
1205835,1
1205847,1
1205854,1
1205858,1
1205872,1
1205894,1
1205912,1
1205914,1
1205930,1
1205942,1
1205944,1
1205950,1
1205955,1
1205968,1
1205973,1
1205978,1
1205980,1
1205988,1
1205990,1
1205992,1
1205995,1
1206001,1
1206008,1
1206023,1
1206025,1
1206043,1
1206046,1
1206062,1
1206078,1
1206082,1
1206101,1
1206113,1
1206120,1
1206139,1
1206160,1
1206174,1
1206177,1
1206179,1
1206195,1
1206197,1
1206214,1
1206216,1
1206219,1
1206233,1
1206239,1
1206271,1
1206275,1
1206282,1
1206291,1
1206293,1
1206309,1
1206315,1
1206330,1
1206347,1
1206364,1
1206366,1
1206368,1
1206371,1
1206386,1
1206405,1
1206419,1
1206424,1
1206428,1
1206438,1
1206443,1
1206446,1
1206452,1
1206457,1
1206463,1
1206467,1
1206480,1
1206499,1
1206502,1
1206518,1
1206537,1
1206541,1
1206556,1
1206575,1
1206580,1
1206589,1
1206595,1
1206597,1
1206599,1
1206614,2
1206642,1
1206652,1
1206657,1
1206671,1
1206688,1
1206690,1
1206693,1
1206702,1
1206709,1
1206711,1
1206727,1
1206745,1
1206748,1
1206751,1
1206767,2
1206784,1
1206791,1
1206798,1
1206821,1
1206841,1
1206857,1
1206860,1
1206862,1
1206880,2
1206899,1
1206903,1
1206918,1
1206935,1
1206948,1
1206950,1
1206957,1
1206973,1
1206976,1
1206978,1
1207011,1
1207018,1
1207031,1
1207034,2
1207036,1
1207051,1
1207053,1
1207069,1
1207088,1
1207106,1
1207108,1
1207123,1
1207127,1
1207130,1
1207145,1
1207167,1
1207183,1
1207185,1
1207198,1
1207204,2
1207226,1
1207241,1
1207244,1
1207259,1
1207261,1
1207296,1
1207298,1
1207301,1
1207308,1
1207319,2
1207335,1
1207337,1
1207339,1
1207349,1
1207356,1
1207359,1
1207373,1
1207375,1
1207386,1
1207393,1
1207398,1
1207415,1
1207434,1
1207439,1
1207442,1
1207451,1
1207468,1
1207487,1
1207491,1
1207502,1
1207505,1
1207508,1
1207513,1
1207519,1
1207526,1
1207532,1
1207548,1
1207559,1
1207565,2
1207567,1
1207600,1
1207608,1
1207625,1
1207638,1
1207640,1
1207642,1
1207661,1
1207677,1
1207684,1
1207695,1
1207698,1
1207703,1
1207716,1
1207719,1
1207723,1
1207735,1
1207737,1
1207753,1
1207770,1
1207772,1
1207774,1
1207778,1
1207791,1
1207794,2
1207808,1
1207815,1
1207829,1
1207831,1
1207855,1
1207867,1
1207879,1
1207885,1
1207888,1
1207901,1
1207907,1
1207919,1
1207922,1
1207925,1
1207943,1
1207960,2
1207963,1
1207967,1
1207969,1
1207983,1
1207985,1
1207987,1
1208001,1
1208011,1
1208019,1
1208035,1
1208042,1
1208058,1
1208063,1
1208070,1
1208078,1
1208080,1
1208094,1
1208098,2
1208100,1
1208119,1
1208131,1
1208148,1
1208152,1
1208154,1
1208162,1
1208171,1
1208175,1
1208188,1
1208193,1
1208195,1
1208210,1
1208212,1
1208226,1
1208235,1
1208248,1
1208252,1
1208265,1
1208267,1
1208269,1
1208284,1
1208286,1
1208290,1
1208293,1
1208297,1
1208301,1
1208306,1
1208308,1
1208321,1
1208324,1
1208326,1
1208335,1
1208340,1
1208352,1
1208362,1
1208366,1
1208381,1
1208397,1
1208400,2
1208404,1
1208416,1
1208419,1
1208435,1
1208438,2
1208456,1
1208458,1
1208461,1
1208475,1
1208480,1
1208494,1
1208499,1
1208513,1
1208518,1
1208527,1
1208532,1
1208535,1
1208538,1
1208551,1
1208554,2
1208570,1
1208573,1
1208589,1
1208623,1
1208626,1
1208634,1
1208644,1
1208655,1
1208664,1
1208666,1
1208669,1
1208680,1
1208682,1
1208686,1
1208688,1
1208701,1
1208710,1
1208721,1
1208723,1
1208736,1
1208741,1
1208743,1
1208746,1
1208761,1
1208766,1
1208774,1
1208779,1
1208781,1
1208786,1
1208788,1
1208799,1
1208811,1
1208816,1
1208818,1
1208835,1
1208842,1
1208847,1
1208856,1
1208861,1
1208867,1
1208872,1
1208876,1
1208881,1
1208893,1
1208895,1
1208909,1
1208913,1
1208917,1
1208927,1
1208932,1
1208936,1
1208950,1
1208954,1
1208969,1
1208992,1
1209007,1
1209024,1
1209026,1
1209044,1
1209046,1
1209064,1
1209079,1
1209101,1
1209114,1
1209141,1
1209154,1
1209160,1
1209173,1
1209179,1
1209194,1
1209196,1
1209198,1
1209200,1
1209203,1
1209216,1
1209234,1
1209251,1
1209256,1
1209269,1
1209273,1
1209287,1
1209290,1
1209301,1
1209312,2
1209316,1
1209364,1
1209366,1
1209369,1
1209386,1
1209404,1
1209412,1
1209418,1
1209426,1
1209428,1
1209441,1
1209458,1
1209460,1
1209463,1
1209465,1
1209470,1
1209483,1
1209500,1
1209518,1
1209538,1
1209557,1
1209559,1
1209574,1
1209577,1
1209589,1
1209592,1
1209604,1
1209611,1
1209616,1
1209652,1
1209690,1
1209695,1
1209700,1
1209713,1
1209717,1
1209730,1
1209786,1
1209792,1
1209806,1
1209814,1
1209824,1
1209839,1
1209843,1
1209858,1
1209876,1
1209881,1
1209888,1
1209897,1
1209914,1
1209918,1
1209920,1
1209937,1
1209952,1
1209956,1
1209958,1
1209971,1
1209975,1
1209977,1
1209995,1
1209997,1
1210008,1
1210012,1
1210015,1
1210022,1
1210027,1
1210038,1
1210042,1
1210046,1
1210054,1
1210079,1
1210090,1
1210095,1
1210109,1
1210133,1
1210147,1
1210164,1
1210177,1
1210186,2
1210199,1
1210203,1
1210205,1
1210207,1
1210212,1
1210219,1
1210224,1
1210237,1
1210243,2
1210247,1
1210262,1
1210274,1
1210280,1
1210284,1
1210304,1
1210318,1
1210336,1
1210357,1
1210361,1
1210370,1
1210375,1
1210383,1
1210394,1
1210412,1
1210414,1
1210425,1
1210432,1
1210450,1
1210452,1
1210469,1
1210490,1
1210496,1
1210504,1
1210509,1
1210524,1
1210526,1
1210528,1
1210544,1
1210546,1
1210557,1
1210559,1
1210561,1
1210568,1
1210574,1
1210580,1
1210585,1
1210590,1
1210602,1
1210604,1
1210622,1
1210638,1
1210640,1
1210642,1
1210648,1
1210654,1
1210656,1
1210662,1
1210677,1
1210697,1
1210714,1
1210716,1
1210718,1
1210735,1
1210742,1
1210745,1
1210748,1
1210756,1
1210758,1
1210775,2
1210778,1
1210782,1
1210794,1
1210796,1
1210809,1
1210812,1
1210821,1
1210855,1
1210857,1
1210881,1
1210884,1
1210888,1
1210890,1
1210893,1
1210896,1
1210899,1
1210925,1
1210927,1
1210963,1
1210970,1
1210982,1
1210984,1
1211001,1
1211010,1
1211020,1
1211033,1
1211040,1
1211046,1
1211060,1
1211073,1
1211077,1
1211080,2
1211085,1
1211093,1
1211098,1
1211100,1
1211115,1
1211146,1
1211154,1
1211171,1
1211173,1
1211180,1
1211185,1
1211194,2
1211210,1
1211212,1
1211220,1
1211224,1
1211231,1
1211237,1
1211249,1
1211251,1
1211261,1
1211268,1
1211274,1
1211276,1
1211304,1
1211324,1
1211332,1
1211344,1
1211351,1
1211360,1
1211376,1
1211382,1
1211400,1
1211419,1
1211436,1
1211456,1
1211458,1
1211465,1
1211475,1
1211495,1
1211497,1
1211521,1
1211533,1
1211535,1
1211539,1
1211549,1
1211571,1
1211578,1
1211590,1
1211593,2
1211605,1
1211616,1
1211630,1
1211632,1
1211635,1
1211642,1
1211649,1
1211651,1
1211665,1
1211667,1
1211673,1
1211681,1
1211685,1
1211694,1
1211705,1
1211724,1
1211740,1
1211744,2
1211750,1
1211762,1
1211770,1
1211778,1
1211782,1
1211785,1
1211789,1
1211793,1
1211798,1
1211811,1
1211819,1
1211822,2
1211834,1
1211847,1
1211853,1
1211873,1
1211876,1
1211884,1
1211888,1
1211895,1
1211898,2
1211914,1
1211932,1
1211939,1
1211953,1
1211956,2
1211963,1
1211972,1
1211975,2
1211998,1
1212009,1
1212011,1
1212024,1
1212028,1
1212045,1
1212053,1
1212058,1
1212067,1
1212073,1
1212085,1
1212136,1
1212138,1
1212143,1
1212150,1
1212161,1
1212179,1
1212198,1
1212205,1
1212215,1
1212218,1
1212220,1
1212225,1
1212235,1
1212238,1
1212247,1
1212256,1
1212268,1
1212275,1
1212282,1
1212295,1
1212308,1
1212313,1
1212320,1
1212331,1
1212333,1
1212349,1
1212352,2
1212357,1
1212359,1
1212371,1
1212374,2
1212386,1
1212390,1
1212399,1
1212405,1
1212409,1
1212422,1
1212426,1
1212428,1
1212445,1
1212453,1
1212461,1
1212478,1
1212494,1
1212503,1
1212520,1
1212541,2
1212559,1
1212568,1
1212579,1
1212594,1
1212608,1
1212617,1
1212624,1
1212643,1
1212653,1
1212657,2
1212670,1
1212676,2
1212692,1
1212694,1
1212706,1
1212712,1
1212728,1
1212737,1
1212750,1
1212753,2
1212766,1
1212771,1
1212774,2
1212780,1
1212783,1
1212791,1
1212793,1
1212805,1
1212808,1
1212816,1
1212825,1
1212827,1
1212844,1
1212862,1
1212864,1
1212870,1
1212879,1
1212884,1
1212900,1
1212902,1
1212910,1
1212917,1
1212922,1
1212933,1
1212935,1
1212941,1
1212944,1
1212953,1
1212957,1
1212960,1
1212962,1
1212967,1
1212974,1
1212995,1
1212998,2
1213015,1
1213034,1
1213041,1
1213057,1
1213066,1
1213071,1
1213076,1
1213079,1
1213089,1
1213095,2
1213105,1
1213112,1
1213120,1
1213138,1
1213149,1
1213160,1
1213165,1
1213180,1
1213187,1
1213194,1
1213196,1
1213224,1
1213226,1
1213251,1
1213261,1
1213265,2
1213270,1
1213275,1
1213284,1
1213316,1
1213320,1
1213337,1
1213345,1
1213351,1
1213353,1
1213359,1
1213362,2
1213377,1
1213395,1
1213433,1
1213444,1
1213466,1
1213472,1
1213487,1
1213490,1
1213492,1
1213527,1
1213545,1
1213548,1
1213554,1
1213564,1
1213567,1
1213569,1
1213574,1
1213582,1
1213587,1
1213602,1
1213604,1
1213607,2
1213621,1
1213624,1
1213627,2
1213643,1
1213657,1
1213679,1
1213681,1
1213699,1
1213718,1
1213755,1
1213758,2
1213774,1
1213794,1
1213815,2
1213821,1
1213823,1
1213833,1
1213850,1
1213853,1
1213866,1
1213869,1
1213872,1
1213906,1
1213909,1
1213911,1
1213916,1
1213929,1
1213947,1
1213957,1
1213964,1
1213967,1
1213974,1
1213981,1
1213988,2
1214016,1
1214040,1
1214042,1
1214059,1
1214061,1
1214076,1
1214079,1
1214081,1
1214097,1
1214099,1
1214102,1
1214117,1
1214121,2
1214125,1
1214134,1
1214138,1
1214156,1
1214170,1
1214176,1
1214194,1
1214206,1
1214212,1
1214214,1
1214226,1
1214232,1
1214238,1
1214250,1
1214252,1
1214269,1
1214287,1
1214289,1
1214306,1
1214309,2
1214326,1
1214328,1
1214330,1
1214346,1
1214359,1
1214363,1
1214367,2
1214385,1
1214393,1
1214397,1
1214404,1
1214418,1
1214440,1
1214457,1
1214460,1
1214465,1
1214469,1
1214480,1
1214486,1
1214496,1
1214499,1
1214516,1
1214531,1
1214554,1
1214570,1
1214592,1
1214608,1
1214611,1
1214613,1
1214625,1
1214630,1
1214632,1
1214648,1
1214663,1
1214668,1
1214671,2
1214701,1
1214708,1
1214719,1
1214725,1
1214727,1
1214744,1
1214761,1
1214764,1
1214774,1
1214782,1
1214784,1
1214797,1
1214809,1
1214820,1
1214822,1
1214828,1
1214839,1
1214841,1
1214847,1
1214858,1
1214860,1
1214873,1
1214880,1
1214893,1
1214899,1
1214901,1
1214903,1
1214914,1
1214918,1
1214925,1
1214934,1
1214936,1
1214948,1
1214967,1
1214974,1
1214990,1
1215003,1
1215010,1
1215013,2
1215030,1
1215033,2
1215036,1
1215047,1
1215052,2
1215062,1
1215068,1
1215070,1
1215084,1
1215086,1
1215089,1
1215091,1
1215111,1
1215124,1
1215126,1
1215139,1
1215143,1
1215145,1
1215154,1
1215159,1
1215173,1
1215176,1
1215182,1
1215184,1
1215199,1
1215218,1
1215220,1
1215237,1
1215239,1
1215253,1
1215257,1
1215260,2
1215276,1
1215278,1
1215293,1
1215296,1
1215312,1
1215315,1
1215333,1
1215349,1
1215351,1
1215355,2
1215377,1
1215392,2
1215405,1
1215429,2
1215466,1
1215469,1
1215486,1
1215501,1
1215503,1
1215507,1
1215517,1
1215524,1
1215539,1
1215546,1
1215563,2
1215580,1
1215584,2
1215600,1
1215617,1
1215637,1
1215640,2
1215647,1
1215677,2
1215696,1
1215706,1
1215713,1
1215717,2
1215722,1
1215726,1
1215730,1
1215736,2
1215738,1
1215752,1
1215787,1
1215792,1
1215805,1
1215820,1
1215828,1
1215842,1
1215849,1
1215861,1
1215866,1
1215873,1
1215884,1
1215886,1
1215919,1
1215923,1
1215925,1
1215938,1
1215959,1
1215975,1
1215979,1
1215981,1
1215983,1
1215988,1
1215999,1
1216001,1
1216010,1
1216012,1
1216030,1
1216036,1
1216038,1
1216043,1
1216056,1
1216069,1
1216074,1
1216076,1
1216080,1
1216090,1
1216095,1
1216107,1
1216110,1
1216113,1
1216115,1
1216121,1
1216133,1
1216146,1
1216154,1
1216169,1
1216180,1
1216188,1
1216205,1
1216208,1
1216214,1
1216227,1
1216244,1
1216247,1
1216282,1
1216285,1
1216319,1
1216321,1
1216323,1
1216340,1
1216372,1
1216381,2
1216393,1
1216396,1
1216400,1
1216415,1
1216434,1
1216437,1
1216444,1
1216450,1
1216454,1
1216457,1
1216470,1
1216473,1
1216484,1
1216492,1
1216529,1
1216532,1
1216549,1
1216564,1
1216567,1
1216571,1
1216588,1
1216595,1
1216602,1
1216606,1
1216619,1
1216622,1
1216632,1
1216638,1
1216645,1
1216662,1
1216681,1
1216699,1
1216702,1
1216719,1
1216722,2
1216725,1
1216743,1
1216758,1
1216775,1
1216787,1
1216795,1
1216798,1
1216811,1
1216817,1
1216825,1
1216829,1
1216833,1
1216835,1
1216837,1
1216839,1
1216852,1
1216855,2
1216869,1
1216872,1
1216880,1
1216909,1
1216911,1
1216930,2
1216934,1
1216942,1
1216950,1
1216965,1
1216968,1
1216970,1
1216987,1
1216989,1
1217004,1
1217006,1
1217013,1
1217024,1
1217042,1
1217055,1
1217058,1
1217063,1
1217065,1
1217080,1
1217091,1
1217093,1
1217101,1
1217105,1
1217111,1
1217120,1
1217122,1
1217138,2
1217156,1
1217175,1
1217177,1
1217180,1
1217189,1
1217195,1
1217197,1
1217204,1
1217206,1
1217215,1
1217219,1
1217226,1
1217229,1
1217234,1
1217237,2
1217247,1
1217253,1
1217262,1
1217271,1
1217273,1
1217290,1
1217308,1
1217319,1
1217322,1
1217328,1
1217341,1
1217349,2
1217360,1
1217367,1
1217385,2
1217402,1
1217406,1
1217423,1
1217433,1
1217441,1
1217443,1
1217460,1
1217462,1
1217475,1
1217478,1
1217481,1
1217483,1
1217493,1
1217499,1
1217503,1
1217510,1
1217518,1
1217533,1
1217537,1
1217558,1
1217569,1
1217575,1
1217577,1
1217593,1
1217611,1
1217614,1
1217618,1
1217642,1
1217646,1
1217652,1
1217672,2
1217691,2
1217726,1
1217738,1
1217746,1
1217750,2
1217760,1
1217766,1
1217768,1
1217780,1
1217785,1
1217794,1
1217797,1
1217803,1
1217805,1
1217822,1
1217835,1
1217840,1
1217842,1
1217852,1
1217855,1
1217862,1
1217877,1
1217879,1
1217881,1
1217898,1
1217910,1
1217920,1
1217931,1
1217936,1
1217939,2
1217945,1
1217956,1
1217973,1
1217987,1
1218022,1
1218024,1
1218031,1
1218049,1
1218062,1
1218068,1
1218071,1
1218083,1
1218106,1
1218124,1
1218127,1
1218144,1
1218146,1
1218157,1
1218164,1
1218182,1
1218186,1
1218201,1
1218203,1
1218205,1
1218221,1
1218226,1
1218235,1
1218240,1
1218244,2
1218254,1
1218260,1
1218268,1
1218278,1
1218281,1
1218290,1
1218297,1
1218299,1
1218302,1
1218307,1
1218312,1
1218322,1
1218334,1
1218337,1
1218340,1
1218354,1
1218357,1
1218409,1
1218411,1
1218413,1
1218425,1
1218441,1
1218443,1
1218450,1
1218460,1
1218471,1
1218481,1
1218486,1
1218498,1
1218505,1
1218518,1
1218524,1
1218527,1
1218537,1
1218544,1
1218560,1
1218562,1
1218575,1
1218582,1
1218585,1
1218588,1
1218592,1
1218601,1
1218603,1
1218619,1
1218633,1
1218638,1
1218642,1
1218646,1
1218659,1
1218672,1
1218678,1
1218696,1
1218704,1
1218713,1
1218715,1
1218717,1
1218732,1
1218734,1
1218736,1
1218751,1
1218771,1
1218788,1
1218790,1
1218809,1
1218811,1
1218821,1
1218839,1
1218849,2
1218865,1
1218867,1
1218885,1
1218901,1
1218914,1
1218942,1
1218945,1
1218962,1
1218980,1
1218999,1
1219002,1
1219017,1
1219019,1
1219021,1
1219037,1
1219048,1
1219056,1
1219059,1
1219076,1
1219111,1
1219114,1
1219132,1
1219135,2
1219151,1
1219153,1
1219170,1
1219173,1
1219186,1
1219192,2
1219209,1
1219212,1
1219219,1
1219259,1
1219265,1
1219284,1
1219296,1
1219303,1
1219305,1
1219307,1
1219318,1
1219334,1
1219341,1
1219347,1
1219357,1
1219359,1
1219369,1
1219371,1
1219381,1
1219407,1
1219419,2
1219432,1
1219438,1
1219441,1
1219456,1
1219468,1
1219473,1
1219476,1
1219480,1
1219494,1
1219511,1
1219513,1
1219521,1
1219532,1
1219537,1
1219550,1
1219552,1
1219569,1
1219581,1
1219599,1
1219608,1
1219610,1
1219622,1
1219640,1
1219647,2
1219651,1
1219683,1
1219723,2
1219757,1
1219760,1
1219764,1
1219779,1
1219791,1
1219798,1
1219801,1
1219816,1
1219818,1
1219822,1
1219833,1
1219836,1
1219838,1
1219855,1
1219874,1
1219878,1
1219893,1
1219910,1
1219913,1
1219915,1
1219931,1
1219954,1
1219970,2
1220007,2
1220009,1
1220026,1
1220028,1
1220042,1
1220046,1
1220050,1
1220082,1
1220095,1
1220120,1
1220139,1
1220141,1
1220158,1
1220163,1
1220174,1
1220178,1
1220197,2
1220230,1
1220236,2
1220251,1
1220254,1
1220256,1
1220272,1
1220276,1
1220286,1
1220303,1
1220311,1
1220318,1
1220328,1
1220332,2
1220335,1
1220350,1
1220366,1
1220379,1
1220387,1
1220390,1
1220395,1
1220397,1
1220409,1
1220418,1
1220424,1
1220426,1
1220443,1
1220446,1
1220463,1
1220465,1
1220482,1
1220484,1
1220490,1
1220494,1
1220502,1
1220504,1
1220506,1
1220509,1
1220521,1
1220557,1
1220575,1
1220577,1
1220583,1
1220588,1
1220597,1
1220600,1
1220616,1
1220624,1
1220634,1
1220653,1
1220671,1
1220693,1
1220696,1
1220711,1
1220728,1
1220747,1
1220752,1
1220767,1
1220778,1
1220786,1
1220792,1
1220804,1
1220806,1
1220823,1
1220836,1
1220861,1
1220879,1
1220882,1
1220894,1
1220896,1
1220901,1
1220904,1
1220921,2
1220938,1
1220948,1
1220957,1
1220984,1
1220987,1
1220996,1
1221001,1
1221018,1
1221022,1
1221038,1
1221052,1
1221069,1
1221071,1
1221090,1
1221106,1
1221108,1
1221111,1
1221121,1
1221127,1
1221130,2
1221146,1
1221148,1
1221165,1
1221169,1
1221178,1
1221204,2
1221223,1
1221241,1
1221261,1
1221277,1
1221279,1
1221281,1
1221292,1
1221298,1
1221301,1
1221317,1
1221325,1
1221330,1
1221338,1
1221342,1
1221356,1
1221362,1
1221369,1
1221376,1
1221391,1
1221406,1
1221412,1
1221416,2
1221432,1
1221438,1
1221451,1
1221468,1
1221488,1
1221492,1
1221496,1
1221514,1
1221527,1
1221531,1
1221545,1
1221547,1
1221560,1
1221562,1
1221566,1
1221569,1
1221572,1
1221601,1
1221603,1
1221613,1
1221640,1
1221658,1
1221660,1
1221678,1
1221688,1
1221697,1
1221699,1
1221714,1
1221717,1
1221754,1
1221772,1
1221774,1
1221780,1
1221793,1
1221804,1
1221809,1
1221813,1
1221816,1
1221821,1
1221832,1
1221868,1
1221881,1
1221885,1
1221906,1
1221924,1
1221926,1
1221945,2
1221961,1
1221983,2
1222000,1
1222002,1
1222004,1
1222020,1
1222038,1
1222040,1
1222042,1
1222059,1
1222077,1
1222080,2
1222097,1
1222115,1
1222133,1
1222135,1
1222153,1
1222172,1
1222192,2
1222210,1
1222212,1
1222225,1
1222231,1
1222240,1
1222248,1
1222252,1
1222265,1
1222268,1
1222271,2
1222287,1
1222307,1
1222324,1
1222342,1
1222344,1
1222355,1
1222367,1
1222377,1
1222382,1
1222384,1
1222390,1
1222412,1
1222438,1
1222455,1
1222457,1
1222459,1
1222476,1
1222491,1
1222498,1
1222500,1
1222503,1
1222507,1
1222511,1
1222519,1
1222528,1
1222532,1
1222534,1
1222536,1
1222551,1
1222557,1
1222571,1
1222577,1
1222587,1
1222592,1
1222597,1
1222600,2
1222610,1
1222613,1
1222629,1
1222666,1
1222679,1
1222703,1
1222706,2
1222724,1
1222742,1
1222780,1
1222784,1
1222795,1
1222809,1
1222818,1
1222820,1
1222822,1
1222838,1
1222857,2
1222876,1
1222895,1
1222912,1
1222933,2
1222935,1
1222953,1
1222971,2
1223001,1
1223009,1
1223028,1
1223046,1
1223051,1
1223084,1
1223098,1
1223103,1
1223105,1
1223113,1
1223118,1
1223124,1
1223136,1
1223142,1
1223161,2
1223175,1
1223181,1
1223198,1
1223203,1
1223210,1
1223217,1
1223220,1
1223235,1
1223237,1
1223264,1
1223275,1
1223280,1
1223294,1
1223297,2
1223301,1
1223315,2
1223328,1
1223333,1
1223338,1
1223340,1
1223349,1
1223353,1
1223369,1
1223387,1
1223389,1
1223404,1
1223409,1
1223426,1
1223445,1
1223465,2
1223480,1
1223485,1
1223501,1
1223504,2
1223514,1
1223517,1
1223525,2
1223529,1
1223558,1
1223561,2
1223579,1
1223584,1
1223598,1
1223602,1
1223613,1
1223617,1
1223619,1
1223635,1
1223637,1
1223641,1
1223673,1
1223677,1
1223693,1
1223711,1
1223725,1
1223749,1
1223755,1
1223769,1
1223785,1
1223788,1
1223790,1
1223806,1
1223808,1
1223825,1
1223844,1
1223854,1
1223862,1
1223865,1
1223867,1
1223883,1
1223901,1
1223912,1
1223920,1
1223922,1
1223939,1
1223944,1
1223971,1
1223982,1
1223997,1
1224016,1
1224033,1
1224035,1
1224053,1
1224065,1
1224072,1
1224074,1
1224090,1
1224093,2
1224129,1
1224131,1
1224135,1
1224150,1
1224155,1
1224158,1
1224169,1
1224176,1
1224187,1
1224224,1
1224228,1
1224245,1
1224250,1
1224263,1
1224268,1
1224306,1
1224311,1
1224320,1
1224322,1
1224324,1
1224339,1
1224356,1
1224364,1
1224373,1
1224378,1
1224380,1
1224407,1
1224414,1
1224416,1
1224428,1
1224449,1
1224453,1
1224471,1
1224473,1
1224486,1
1224491,1
1224508,1
1224510,1
1224528,1
1224546,1
1224548,1
1224554,1
1224567,1
1224584,1
1224587,2
1224605,1
1224610,1
1224624,1
1224628,1
1224661,1
1224674,1
1224698,1
1224701,2
1224719,1
1224737,1
1224743,1
1224757,1
1224775,1
1224780,1
1224796,2
1224814,1
1224816,1
1224834,1
1224846,1
1224848,1
1224870,1
1224874,1
1224887,1
1224890,1
1224893,2
1224909,1
1224916,1
1224928,1
1224940,1
1224946,1
1224948,1
1224965,1
1224971,1
1224985,1
1224990,1
1225004,1
1225014,1
1225023,1
1225042,2
1225047,1
1225061,1
1225064,2
1225080,1
1225124,1
1225137,1
1225141,1
1225156,1
1225163,1
1225175,1
1225190,1
1225194,1
1225199,1
1225201,1
1225213,1
1225216,2
1225228,1
1225233,1
1225236,1
1225251,1
1225256,1
1225262,1
1225288,1
1225290,1
1225292,1
1225308,1
1225316,1
1225319,1
1225325,1
1225330,2
1225345,1
1225347,1
1225350,1
1225357,1
1225367,2
1225372,1
1225374,1
1225392,1
1225404,2
1225419,1
1225423,1
1225445,1
1225464,1
1225478,1
1225481,2
1225513,1
1225518,2
1225522,1
1225532,1
1225535,1
1225539,1
1225554,1
1225556,1
1225564,1
1225569,1
1225575,1
1225583,1
1225597,1
1225612,1
1225625,1
1225632,1
1225639,1
1225687,1
1225693,1
1225703,1
1225707,1
1225709,1
1225714,1
1225723,1
1225727,1
1225733,1
1225746,1
1225750,1
1225764,1
1225768,1
1225782,1
1225786,2
1225802,1
1225820,1
1225843,1
1225859,1
1225861,1
1225873,1
1225915,1
1225945,1
1225950,1
1225954,1
1225956,1
1225972,1
1225979,1
1225991,1
1225993,1
1226023,1
1226030,1
1226036,1
1226042,1
1226048,1
1226051,1
1226054,1
1226064,1
1226068,1
1226070,1
1226076,1
1226099,1
1226105,1
1226107,1
1226124,1
1226141,1
1226148,1
1226175,1
1226201,2
1226205,1
1226239,2
1226258,1
1226276,1
1226281,1
1226296,1
1226299,1
1226312,1
1226315,1
1226317,1
1226319,1
1226334,1
1226356,1
1226376,1
1226392,2
1226396,1
1226411,1
1226413,1
1226426,1
1226430,1
1226432,1
1226447,1
1226461,1
1226485,1
1226490,1
1226505,1
1226508,1
1226524,1
1226531,1
1226543,1
1226561,1
1226564,1
1226570,1
1226582,1
1226597,1
1226602,1
1226619,1
1226622,1
1226644,1
1226657,1
1226661,1
1226674,1
1226694,1
1226702,1
1226712,1
1226714,1
1226717,2
1226728,1
1226734,1
1226740,1
1226751,1
1226753,1
1226755,1
1226778,1
1226790,1
1226826,1
1226829,2
1226841,1
1226844,1
1226848,1
1226850,1
1226852,1
1226866,1
1226896,1
1226904,1
1226917,1
1226941,1
1226951,1
1226957,1
1226962,1
1226979,1
1226996,1
1226999,1
1227002,1
1227018,1
1227024,1
1227056,2
1227058,1
1227076,1
1227093,1
1227107,1
1227113,1
1227132,2
1227150,1
1227152,1
1227154,1
1227171,2
1227191,1
1227209,2
1227231,1
1227234,1
1227247,1
1227265,1
1227282,1
1227284,1
1227287,2
1227303,1
1227321,1
1227324,1
1227340,1
1227371,1
1227380,1
1227383,1
1227398,1
1227435,1
1227459,1
1227492,1
1227495,2
1227514,1
1227531,1
1227534,1
1227549,1
1227553,1
1227560,1
1227563,1
1227571,1
1227586,1
1227595,1
1227602,1
1227606,1
1227609,1
1227624,1
1227627,1
1227631,1
1227645,1
1227648,1
1227658,1
1227664,1
1227682,1
1227697,1
1227701,1
1227704,1
1227706,1
1227721,1
1227738,1
1227758,1
1227761,1
1227777,1
1227815,1
1227818,1
1227829,1
1227836,1
1227841,1
1227847,1
1227850,1
1227855,1
1227857,1
1227860,1
1227873,1
1227890,1
1227892,1
1227896,1
1227911,1
1227914,1
1227921,1
1227927,1
1227930,1
1227932,1
1227935,2
1227949,1
1227967,1
1227969,1
1227986,1
1228006,2
1228027,1
1228042,1
1228044,1
1228064,2
1228081,1
1228100,1
1228118,1
1228121,1
1228133,1
1228139,1
1228156,1
1228176,1
1228190,1
1228195,1
1228197,1
1228199,1
1228214,1
1228217,2
1228233,1
1228237,2
1228240,1
1228245,1
1228253,1
1228258,1
1228266,1
1228273,1
1228286,1
1228289,1
1228291,1
1228309,1
1228311,1
1228328,1
1228330,1
1228347,1
1228350,1
1228366,1
1228384,1
1228386,1
1228403,1
1228406,1
1228410,1
1228417,1
1228425,1
1228427,1
1228441,1
1228444,1
1228446,1
1228463,2
1228481,1
1228485,1
1228499,1
1228518,1
1228525,1
1228537,1
1228540,1
1228551,1
1228560,1
1228563,1
1228576,1
1228593,1
1228595,1
1228597,1
1228613,1
1228616,1
1228627,1
1228632,1
1228635,2
1228637,1
1228642,1
1228653,1
1228670,1
1228673,1
1228689,1
1228691,1
1228708,1
1228711,1
1228727,1
1228729,1
1228746,1
1228750,1
1228765,1
1228772,1
1228785,1
1228788,1
1228802,1
1228807,1
1228809,1
1228822,1
1228824,1
1228826,1
1228841,1
1228843,1
1228856,1
1228860,1
1228862,1
1228864,1
1228878,1
1228880,1
1228891,1
1228898,1
1228901,1
1228903,1
1228909,1
1228915,1
1228934,1
1228936,1
1228938,1
1228940,1
1228946,1
1228956,1
1228959,2
1228970,1
1228976,1
1228981,1
1228994,1
1228996,1
1228999,1
1229013,1
1229020,1
1229032,1
1229035,1
1229069,1
1229072,1
1229088,1
1229111,1
1229126,1
1229145,1
1229163,1
1229167,2
1229178,1
1229187,1
1229218,1
1229221,1
1229248,1
1229260,1
1229297,1
1229299,1
1229301,1
1229318,1
1229335,1
1229338,1
1229343,1
1229356,1
1229363,1
1229375,1
1229389,1
1229393,1
1229395,1
1229410,1
1229412,1
1229414,1
1229427,1
1229431,1
1229438,1
1229449,1
1229451,1
1229455,2
1229469,1
1229471,1
1229488,1
1229498,1
1229505,1
1229507,1
1229511,2
1229545,1
1229562,1
1229581,1
1229583,1
1229586,2
1229601,1
1229604,1
1229618,1
1229622,1
1229636,1
1229639,1
1229642,1
1229647,1
1229660,1
1229677,1
1229681,2
1229695,1
1229698,1
1229700,1
1229707,1
1229722,1
1229725,1
1229759,1
1229773,1
1229792,1
1229795,1
1229811,1
1229830,1
1229838,1
1229846,1
1229849,1
1229854,1
1229869,1
1229899,1
1229906,1
1229909,1
1229925,1
1229938,1
1229963,1
1229967,1
1229982,1
1229984,1
1230001,1
1230012,1
1230024,1
1230041,1
1230058,1
1230073,1
1230076,1
1230081,1
1230084,1
1230098,1
1230116,1
1230120,1
1230130,1
1230136,1
1230153,1
1230167,1
1230172,1
1230190,1
1230192,1
1230196,2
1230211,1
1230230,1
1230244,1
1230248,1
1230252,1
1230254,1
1230257,1
1230270,1
1230272,1
1230274,1
1230288,1
1230303,1
1230314,1
1230325,1
1230332,1
1230342,1
1230346,1
1230362,1
1230364,1
1230376,1
1230382,1
1230385,1
1230393,1
1230400,1
1230402,1
1230404,1
1230409,1
1230421,1
1230425,1
1230437,1
1230446,1
1230456,1
1230459,1
1230462,1
1230487,1
1230496,1
1230529,1
1230534,1
1230553,1
1230556,2
1230568,1
1230573,1
1230576,1
1230589,1
1230618,1
1230626,1
1230631,1
1230634,1
1230651,1
1230667,1
1230690,1
1230704,1
1230707,1
1230764,1
1230781,1
1230799,1
1230803,1
1230820,1
1230837,1
1230849,1
1230857,1
1230861,2
1230877,1
1230887,1
1230912,1
1230915,1
1230920,1
1230927,1
1230943,1
1230949,1
1230956,1
1230970,1
1230972,1
1230989,1
1230992,1
1230996,1
1231009,1
1231024,1
1231045,1
1231048,1
1231058,1
1231066,1
1231068,1
1231086,1
1231088,1
1231103,1
1231106,1
1231116,1
1231125,1
1231130,1
1231143,2
1231180,1
1231197,1
1231201,1
1231225,1
1231236,1
1231238,1
1231240,1
1231255,1
1231257,1
1231273,1
1231277,1
1231294,1
1231313,1
1231316,1
1231330,1
1231332,1
1231335,2
1231349,1
1231352,1
1231355,1
1231357,1
1231359,1
1231361,1
1231363,1
1231372,1
1231374,1
1231377,2
1231386,1
1231389,1
1231408,1
1231415,1
1231421,1
1231446,1
1231461,1
1231465,1
1231467,1
1231483,1
1231486,1
1231501,1
1231503,1
1231505,1
1231519,1
1231523,2
1231526,1
1231540,1
1231542,1
1231545,1
1231547,1
1231553,1
1231561,1
1231579,1
1231596,1
1231598,1
1231600,1
1231620,1
1231635,1
1231637,1
1231654,1
1231676,1
1231689,1
1231695,1
1231698,2
1231702,1
1231711,1
1231713,1
1231717,1
1231732,2
1231744,1
1231751,1
1231769,1
1231786,1
1231790,1
1231795,1
1231808,1
1231824,1
1231826,1
1231837,1
1231843,1
1231846,1
1231848,1
1231863,1
1231865,1
1231876,1
1231883,1
1231885,1
1231896,1
1231902,1
1231920,1
1231922,1
1231939,1
1231956,1
1231959,1
1231966,1
1231976,1
1231979,1
1231999,1
1232002,1
1232033,1
1232035,1
1232037,1
1232052,1
1232054,1
1232056,1
1232072,1
1232074,1
1232089,1
1232094,1
1232100,1
1232113,2
1232115,1
1232119,1
1232129,1
1232132,1
1232147,1
1232149,1
1232151,1
1232164,1
1232166,1
1232186,1
1232188,1
1232204,1
1232206,1
1232226,1
1232235,1
1232263,1
1232271,1
1232283,1
1232301,2
1232303,1
1232305,1
1232333,1
1232339,1
1232341,1
1232350,1
1232359,1
1232361,1
1232377,1
1232379,1
1232390,1
1232398,1
1232414,1
1232416,1
1232432,1
1232451,1
1232453,1
1232456,1
1232468,1
1232470,1
1232474,1
1232480,1
1232491,1
1232497,2
1232535,1
1232541,1
1232550,1
1232567,1
1232573,1
1232582,1
1232588,1
1232605,1
1232611,1
1232623,1
1232644,1
1232679,1
1232682,1
1232700,1
1232717,1
1232736,1
1232739,1
1232776,1
1232814,1
1232831,1
1232855,1
1232871,1
1232890,1
1232906,1
1232909,1
1232923,1
1232929,1
1232932,1
1232936,1
1232945,1
1232947,1
1232950,1
1232956,1
1232964,1
1232986,1
1232999,1
1233004,1
1233006,1
1233021,1
1233043,1
1233062,1
1233079,1
1233081,1
1233097,1
1233118,1
1233120,1
1233137,1
1233151,1
1233169,1
1233175,1
1233178,1
1233182,1
1233212,1
1233215,1
1233224,1
1233250,1
1233265,1
1233288,1
1233290,1
1233308,1
1233313,1
1233327,1
1233341,1
1233351,1
1233365,1
1233367,1
1233403,1
1233421,1
1233424,2
1233429,1
1233431,1
1233442,1
1233458,1
1233462,1
1233468,1
1233473,1
1233479,1
1233481,1
1233484,2
1233487,1
1233500,1
1233502,1
1233519,2
1233525,1
1233545,1
1233551,1
1233557,1
1233562,1
1233574,1
1233578,1
1233594,1
1233596,1
1233601,1
1233609,1
1233613,1
1233616,1
1233620,1
1233623,1
1233633,1
1233649,1
1233655,1
1233670,1
1233679,1
1233688,1
1233691,1
1233696,1
1233708,1
1233720,1
1233729,1
1233734,1
1233746,1
1233764,1
1233767,1
1233783,1
1233788,1
1233791,1
1233799,1
1233804,1
1233806,1
1233809,1
1233822,1
1233840,1
1233844,1
1233860,1
1233864,1
1233875,1
1233879,1
1233881,1
1233897,1
1233899,1
1233914,1
1233917,1
1233919,1
1233935,1
1233971,1
1233975,2
1233993,1
1233996,1
1234012,1
1234030,1
1234036,1
1234050,1
1234065,1
1234068,1
1234072,2
1234074,1
1234083,1
1234089,1
1234092,2
1234106,1
1234108,1
1234110,1
1234125,1
1234127,1
1234132,1
1234184,1
1234201,1
1234214,1
1234221,1
1234238,1
1234245,1
1234259,1
1234262,1
1234277,1
1234302,1
1234316,1
1234359,1
1234372,1
1234374,1
1234393,1
1234411,1
1234417,1
1234430,1
1234432,1
1234435,1
1234445,1
1234453,1
1234467,1
1234470,1
1234474,1
1234483,1
1234488,1
1234491,1
1234494,1
1234506,1
1234508,1
1234524,1
1234553,1
1234563,1
1234581,1
1234583,1
1234602,1
1234619,1
1234627,1
1234641,2
1234657,1
1234663,1
1234675,1
1234678,1
1234683,1
1234697,1
1234699,1
1234703,1
1234717,1
1234761,1
1234771,1
1234790,1
1234793,1
1234809,1
1234811,1
1234817,1
1234823,1
1234828,1
1234831,1
1234834,1
1234844,1
1234848,1
1234850,1
1234871,1
1234892,1
1234905,1
1234923,1
1234925,1
1234941,1
1234944,1
1234962,2
1234983,1
1234988,1
1235001,1
1235021,1
1235038,1
1235055,1
1235057,1
1235076,1
1235081,1
1235094,1
1235096,1
1235113,1
1235115,1
1235132,1
1235139,1
1235152,1
1235157,1
1235170,1
1235173,1
1235175,1
1235180,1
1235192,1
1235194,1
1235208,1
1235210,1
1235213,1
1235217,1
1235229,1
1235245,1
1235252,1
1235256,1
1235267,1
1235274,1
1235284,1
1235289,1
1235304,1
1235318,1
1235326,1
1235342,1
1235344,1
1235357,1
1235361,1
1235363,1
1235369,1
1235376,1
1235381,1
1235385,1
1235395,1
1235399,1
1235417,1
1235421,1
1235432,1
1235437,1
1235455,1
1235463,1
1235475,1
1235479,2
1235494,1
1235497,1
1235500,1
1235514,1
1235522,1
1235533,1
1235540,1
1235569,1
1235584,1
1235588,1
1235590,1
1235592,1
1235594,1
1235597,1
1235609,1
1235613,1
1235625,1
1235627,1
1235630,2
1235665,1
1235682,1
1235684,1
1235719,1
1235741,1
1235759,1
1235762,1
1235774,1
1235795,1
1235797,1
1235816,1
1235818,1
1235835,1
1235837,1
1235840,2
1235842,1
1235847,1
1235858,2
1235875,1
1235892,1
1235899,1
1235912,1
1235914,1
1235930,1
1235936,1
1235950,1
1235953,1
1235968,1
1236005,1
1236008,1
1236025,1
1236034,1
1236047,1
1236055,1
1236067,1
1236078,1
1236086,1
1236091,1
1236120,1
1236122,1
1236140,2
1236142,1
1236147,1
1236160,1
1236176,1
1236197,1
1236213,1
1236215,1
1236221,1
1236235,1
1236237,1
1236253,1
1236269,1
1236274,2
1236277,1
1236307,1
1236310,1
1236312,1
1236314,1
1236319,1
1236348,1
1236353,1
1236367,1
1236370,1
1236375,1
1236387,1
1236389,1
1236405,1
1236410,1
1236421,1
1236426,1
1236444,1
1236467,1
1236482,1
1236494,1
1236509,1
1236540,2
1236557,1
1236560,1
1236576,1
1236579,2
1236585,1
1236593,1
1236600,1
1236636,1
1236654,2
1236660,1
1236671,1
1236691,1
1236695,1
1236712,2
1236729,1
1236731,1
1236747,1
1236749,1
1236751,1
1236768,2
1236785,1
1236788,1
1236794,1
1236802,1
1236806,1
1236819,1
1236824,1
1236826,1
1236881,2
1236883,1
1236903,1
1236907,1
1236919,1
1236956,1
1236976,1
1236994,1
1236996,1
1237013,1
1237015,1
1237032,1
1237034,1
1237051,1
1237053,1
1237055,1
1237071,1
1237089,1
1237107,1
1237128,1
1237145,1
1237148,1
1237167,2
1237184,1
1237187,1
1237205,2
1237210,1
1237227,1
1237242,1
1237259,1
1237263,1
1237267,1
1237281,1
1237297,1
1237299,1
1237301,1
1237318,1
1237333,1
1237336,1
1237339,1
1237356,1
1237375,1
1237377,1
1237385,1
1237391,1
1237396,1
1237411,1
1237413,1
1237415,1
1237432,1
1237453,1
1237457,1
1237472,1
1237477,1
1237488,1
1237491,1
1237507,1
1237509,1
1237525,1
1237528,1
1237545,1
1237547,1
1237552,1
1237562,1
1237566,1
1237568,1
1237570,1
1237584,1
1237586,1
1237602,1
1237604,1
1237621,1
1237624,2
1237640,1
1237642,1
1237644,1
1237646,1
1237661,1
1237665,1
1237677,1
1237679,1
1237682,1
1237698,1
1237715,1
1237736,1
1237753,1
1237756,1
1237758,1
1237769,1
1237778,1
1237782,1
1237788,1
1237800,1
1237813,1
1237830,1
1237832,1
1237834,1
1237839,1
1237841,1
1237868,1
1237870,1
1237881,1
1237887,1
1237907,1
1237909,1
1237925,1
1237928,2
1237930,1
1237946,1
1237948,1
1237965,2
1237982,1
1237985,1
1238002,1
1238005,1
1238009,1
1238023,1
1238029,1
1238036,1
1238041,1
1238043,1
1238059,1
1238068,1
1238079,1
1238097,1
1238100,1
1238107,1
1238114,1
1238118,1
1238120,1
1238123,1
1238154,1
1238156,1
1238175,2
1238190,1
1238194,1
1238205,1
1238212,1
1238214,1
1238223,1
1238232,2
1238235,2
1238239,1
1238251,1
1238253,1
1238262,1
1238269,1
1238285,1
1238289,1
1238296,1
1238308,1
1238314,1
1238324,1
1238326,1
1238329,2
1238339,1
1238341,1
1238347,1
1238350,1
1238354,1
1238358,1
1238368,1
1238400,1
1238402,1
1238419,1
1238422,2
1238425,1
1238440,1
1238442,1
1238444,1
1238459,1
1238475,1
1238496,1
1238499,1
1238515,1
1238517,1
1238534,1
1238540,1
1238554,1
1238572,1
1238591,1
1238593,1
1238611,1
1238617,1
1238628,1
1238631,1
1238643,1
1238649,1
1238658,1
1238687,1
1238724,1
1238739,1
1238744,1
1238749,1
1238762,1
1238764,1
1238770,1
1238784,1
1238797,1
1238801,1
1238803,1
1238817,1
1238820,1
1238822,1
1238826,1
1238839,1
1238841,1
1238844,1
1238856,1
1238860,2
1238863,1
1238877,1
1238879,1
1238894,1
1238899,1
1238902,1
1238916,1
1238926,1
1238933,1
1238948,1
1238954,1
1238970,1
1238972,1
1238975,1
1238990,1
1238992,1
1239002,1
1239009,1
1239016,1
1239028,1
1239030,1
1239039,1
1239066,1
1239085,1
1239103,1
1239105,1
1239107,1
1239141,1
1239143,1
1239155,1
1239157,1
1239180,1
1239185,1
1239195,1
1239205,1
1239218,1
1239220,1
1239227,1
1239231,1
1239236,1
1239255,1
1239257,1
1239259,1
1239294,1
1239313,1
1239316,1
1239331,1
1239335,2
1239343,1
1239350,1
1239354,1
1239369,1
1239371,1
1239374,1
1239388,1
1239392,1
1239408,1
1239411,1
1239426,1
1239429,1
1239446,1
1239452,1
1239467,1
1239469,1
1239485,1
1239495,1
1239509,1
1239523,1
1239526,1
1239541,1
1239544,2
1239565,1
1239580,1
1239596,1
1239599,1
1239616,1
1239618,1
1239636,1
1239648,1
1239659,1
1239672,1
1239675,1
1239677,1
1239681,1
1239711,1
1239713,1
1239736,1
1239751,1
1239769,1
1239787,1
1239789,1
1239791,1
1239808,1
1239825,1
1239827,1
1239846,1
1239849,1
1239863,1
1239866,1
1239881,1
1239885,1
1239898,1
1239904,1
1239906,1
1239922,1
1239929,1
1239958,1
1239961,1
1239966,1
1239998,2
1240009,1
1240011,1
1240019,1
1240021,1
1240023,1
1240037,1
1240041,1
1240054,1
1240056,1
1240064,1
1240074,1
1240077,1
1240092,1
1240111,1
1240128,1
1240130,1
1240132,1
1240135,1
1240149,1
1240151,1
1240167,1
1240169,1
1240171,1
1240188,1
1240202,1
1240206,1
1240209,1
1240225,1
1240227,1
1240245,2
1240264,1
1240281,1
1240283,1
1240285,1
1240294,1
1240303,1
1240339,1
1240357,1
1240359,1
1240377,1
1240383,1
1240400,1
1240416,1
1240436,1
1240450,1
1240455,1
1240460,1
1240462,1
1240473,1
1240476,1
1240490,1
1240493,1
1240496,1
1240516,1
1240530,1
1240538,1
1240549,1
1240555,1
1240568,1
1240591,1
1240603,1
1240643,1
1240645,1
1240663,1
1240681,1
1240703,1
1240715,1
1240721,1
1240738,1
1240742,2
1240758,1
1240760,1
1240775,1
1240778,1
1240781,1
1240786,1
1240798,2
1240815,1
1240818,1
1240824,1
1240835,1
1240837,1
1240850,1
1240856,1
1240858,1
1240868,1
1240874,1
1240883,1
1240891,1
1240897,1
1240910,1
1240912,1
1240929,1
1240947,1
1240966,1
1240969,1
1240986,1
1240992,1
1241005,1
1241023,1
1241025,1
1241043,1
1241061,1
1241069,1
1241081,1
1241096,1
1241101,2
1241103,1
1241121,2
1241139,1
1241142,1
1241175,1
1241213,1
1241232,1
1241252,2
1241269,1
1241289,1
1241291,1
1241309,1
1241327,1
1241339,1
1241347,1
1241350,1
1241367,2
1241388,1
1241404,1
1241406,1
1241423,1
1241441,1
1241444,1
1241461,1
1241466,1
1241471,1
1241488,1
1241499,1
1241502,1
1241519,2
1241534,1
1241538,1
1241567,1
1241575,1
1241578,1
1241592,1
1241597,2
1241613,1
1241617,1
1241620,1
1241649,1
1241651,1
1241655,1
1241670,1
1241688,1
1241690,1
1241694,1
1241701,1
1241709,1
1241711,1
1241717,1
1241722,1
1241728,1
1241731,2
1241746,1
1241750,1
1241757,1
1241766,1
1241773,1
1241795,1
1241797,1
1241804,1
1241820,1
1241826,1
1241841,1
1241851,1
1241868,1
1241876,1
1241880,1
1241897,1
1241899,1
1241915,1
1241917,1
1241920,2
1241926,1
1241928,1
1241938,1
1241954,1
1241964,1
1241969,1
1241975,1
1241977,1
1241980,1
1241994,1
1242011,1
1242014,2
1242016,1
1242049,1
1242055,1
1242061,1
1242069,1
1242076,1
1242079,1
1242089,1
1242101,1
1242119,1
1242126,1
1242129,1
1242146,2
1242164,1
1242182,1
1242201,1
1242204,1
1242206,1
1242208,1
1242218,1
1242224,1
1242236,1
1242240,1
1242258,1
1242260,1
1242270,1
1242296,1
1242315,1
1242334,1
1242352,1
1242355,2
1242357,1
1242374,1
1242383,1
1242392,1
1242409,1
1242413,1
1242430,1
1242432,1
1242449,1
1242478,1
1242487,1
1242511,1
1242525,1
1242529,1
1242539,1
1242544,1
1242547,2
1242552,1
1242563,1
1242565,1
1242581,1
1242583,1
1242599,1
1242601,1
1242604,1
1242620,1
1242639,1
1242657,1
1242676,1
1242680,1
1242692,1
1242697,1
1242715,1
1242721,1
1242734,1
1242736,1
1242751,1
1242754,2
1242756,1
1242763,1
1242782,1
1242791,1
1242817,1
1242828,1
1242832,1
1242834,1
1242849,1
1242851,1
1242858,1
1242868,1
1242881,1
1242887,2
1242890,1
1242898,1
1242908,2
1242910,1
1242914,1
1242926,1
1242929,1
1242933,1
1242938,1
1242945,1
1242965,1
1242974,1
1242998,1
1243000,1
1243002,1
1243019,1
1243037,1
1243040,1
1243047,1
1243065,1
1243072,1
1243077,1
1243080,1
1243095,1
1243116,1
1243124,1
1243135,1
1243140,1
1243149,1
1243154,1
1243157,1
1243172,2
1243190,1
1243203,1
1243211,2
1243228,1
1243265,1
1243268,1
1243281,1
1243285,1
1243288,2
1243301,1
1243306,1
1243323,1
1243325,1
1243341,1
1243343,1
1243360,1
1243363,1
1243374,1
1243377,1
1243382,1
1243398,1
1243412,1
1243419,1
1243424,1
1243438,1
1243453,1
1243460,1
1243466,1
1243474,1
1243476,1
1243479,2
1243486,1
1243490,1
1243496,1
1243505,1
1243513,1
1243515,1
1243523,1
1243533,1
1243551,2
1243565,1
1243574,2
1243598,1
1243608,1
1243610,1
1243640,1
1243665,1
1243673,1
1243683,1
1243686,1
1243688,1
1243692,1
1243704,1
1243707,1
1243721,1
1243724,2
1243737,1
1243744,1
1243760,1
1243778,1
1243780,1
1243799,1
1243801,1
1243815,1
1243818,1
1243820,1
1243836,1
1243849,1
1243854,1
1243860,1
1243863,1
1243873,1
1243876,1
1243878,1
1243911,1
1243913,1
1243915,1
1243925,1
1243928,1
1243932,1
1243934,1
1243936,1
1243943,1
1243954,1
1243968,1
1243972,2
1243980,1
1244009,1
1244020,1
1244024,1
1244027,1
1244030,2
1244044,1
1244046,1
1244048,1
1244062,1
1244064,1
1244067,2
1244082,1
1244085,1
1244102,1
1244119,1
1244140,1
1244155,1
1244159,1
1244169,1
1244177,1
1244179,1
1244181,1
1244190,1
1244197,1
1244200,2
1244208,1
1244219,1
1244235,1
1244265,1
1244273,1
1244275,1
1244290,1
1244311,1
1244313,1
1244330,1
1244348,1
1244350,1
1244356,1
1244369,1
1244389,1
1244392,1
1244407,1
1244437,1
1244442,2
1244454,1
1244463,1
1244466,1
1244500,1
1244519,1
1244538,1
1244541,1
1244552,1
1244558,1
1244560,1
1244571,1
1244576,1
1244578,1
1244580,1
1244595,1
1244614,1
1244617,1
1244626,1
1244634,1
1244655,1
1244671,1
1244674,2
1244688,1
1244711,1
1244728,1
1244731,1
1244740,1
1244749,1
1244761,1
1244766,1
1244770,1
1244783,1
1244787,1
1244799,1
1244804,1
1244807,1
1244812,1
1244835,1
1244841,1
1244862,1
1244871,1
1244873,1
1244882,1
1244885,2
1244900,1
1244904,1
1244919,1
1244957,1
1244993,1
1244996,1
1245013,1
1245031,1
1245046,1
1245070,1
1245072,1
1245074,1
1245090,1
1245094,1
1245107,1
1245111,1
1245128,1
1245148,1
1245165,1
1245209,1
1245221,1
1245225,1
1245240,1
1245243,1
1245264,1
1245279,1
1245297,1
1245300,1
1245317,1
1245320,1
1245335,1
1245337,1
1245339,1
1245342,1
1245347,1
1245357,1
1245360,1
1245376,1
1245395,1
1245397,1
1245411,1
1245433,1
1245449,1
1245452,1
1245469,1
1245490,1
1245501,1
1245508,1
1245529,1
1245545,1
1245547,1
1245566,1
1245584,1
1245603,1
1245612,1
1245622,1
1245641,1
1245653,1
1245660,1
1245673,1
1245680,1
1245684,1
1245698,1
1245707,1
1245718,1
1245727,1
1245736,1
1245739,1
1245742,1
1245758,1
1245792,1
1245794,1
1245811,1
1245814,2
1245817,1
1245834,1
1245841,1
1245849,1
1245852,1
1245854,1
1245868,1
1245872,2
1245895,1
1245906,1
1245917,1
1245924,1
1245927,1
1245929,1
1245945,1
1245949,1
1245968,1
1245984,1
1245986,1
1246003,1
1246015,1
1246023,1
1246058,1
1246060,1
1246079,2
1246097,1
1246116,1
1246129,1
1246133,1
1246137,1
1246154,1
1246171,1
1246174,1
1246192,1
1246211,1
1246229,1
1246231,1
1246238,1
1246268,1
1246272,1
1246288,1
1246290,1
1246339,1
1246341,1
1246347,1
1246379,1
1246401,1
1246420,1
1246439,1
1246449,1
1246453,1
1246455,1
1246478,2
1246488,1
1246490,1
1246498,1
1246500,1
1246504,1
1246553,1
1246557,1
1246591,1
1246598,1
1246605,1
1246611,1
1246615,2
1246628,1
1246631,1
1246649,1
1246653,1
1246662,1
1246669,1
1246686,1
1246692,1
1246706,1
1246736,1
1246744,1
1246761,1
1246781,1
1246799,1
1246809,1
1246814,1
1246821,1
1246833,1
1246838,1
1246841,2
1246858,1
1246876,1
1246885,1
1246914,1
1246924,1
1246926,1
1246934,1
1246936,1
1246947,1
1246953,1
1246967,1
1246991,2
1247006,1
1247010,1
1247017,1
1247021,1
1247028,1
1247031,1
1247040,1
1247044,1
1247048,1
1247066,1
1247068,1
1247104,1
1247117,1
1247122,1
1247124,1
1247143,2
1247164,1
1247176,1
1247183,1
1247197,1
1247218,1
1247222,1
1247256,1
1247274,1
1247312,1
1247314,1
1247318,1
1247323,1
1247334,1
1247337,2
1247370,1
1247374,1
1247388,1
1247390,1
1247409,2
1247428,1
1247431,1
1247447,1
1247464,1
1247466,1
1247468,1
1247484,1
1247486,1
1247502,1
1247504,1
1247506,1
1247509,1
1247522,1
1247534,1
1247542,1
1247560,1
1247569,1
1247577,1
1247598,1
1247601,1
1247608,1
1247611,1
1247619,1
1247629,1
1247637,1
1247640,1
1247655,1
1247712,1
1247716,1
1247719,1
1247728,1
1247733,1
1247750,1
1247757,1
1247769,1
1247779,1
1247793,1
1247807,1
1247810,1
1247824,1
1247827,1
1247841,1
1247845,1
1247847,1
1247881,1
1247888,1
1247900,1
1247903,1
1247908,2
1247910,1
1247923,1
1247943,1
1247959,1
1247976,1
1247980,2
1248007,1
1248018,1
1248026,1
1248035,1
1248053,1
1248056,2
1248072,1
1248093,2
1248096,1
1248111,1
1248116,1
1248131,1
1248139,1
1248149,1
1248168,1
1248214,1
1248225,1
1248254,1
1248263,1
1248287,1
1248301,1
1248320,1
1248332,1
1248339,1
1248358,1
1248376,1
1248378,1
1248382,1
1248397,1
1248414,1
1248416,1
1248427,1
1248435,1
1248439,1
1248450,1
1248454,1
1248472,1
1248490,1
1248492,1
1248510,1
1248514,1
1248529,1
1248534,1
1248549,1
1248555,1
1248567,1
1248570,2
1248573,1
1248577,1
1248588,1
1248605,1
1248610,1
1248624,1
1248643,1
1248661,1
1248681,1
1248686,1
1248688,1
1248694,1
1248702,1
1248719,1
1248737,1
1248757,1
1248761,1
1248776,1
1248778,1
1248795,1
1248815,1
1248817,1
1248830,1
1248835,1
1248845,1
1248853,1
1248855,1
1248872,1
1248885,1
1248887,1
1248891,1
1248910,2
1248912,1
1248930,1
1248947,1
1248965,1
1248967,1
1248982,1
1248986,1
1249016,1
1249019,1
1249026,2
1249043,1
1249047,1
1249062,2
1249064,1
1249066,1
1249080,1
1249083,1
1249098,1
1249136,1
1249142,1
1249151,1
1249158,1
1249167,1
1249172,1
1249176,1
1249194,1
1249216,1
