position,repeat_count
86,85
89,2
93,2
97,2
99,1
102,2
104,1
107,2
118,10
121,2
123,1
126,2
128,1
131,2
133,1
136,2
144,7
147,2
149,1
152,2
154,1
157,2
165,7
168,2
170,1
173,2
175,1
178,2
186,7
189,2
191,1
194,2
196,1
199,2
204,4
207,2
212,4
215,2
217,1
220,2
225,4
228,2
230,1
233,2
238,4
242,2
244,1
248,2
254,2
257,1
261,2
264,1
268,2
271,1
276,1
280,2
284,1
288,3
292,1
294,1
296,1
302,4
304,1
308,2
310,1
312,1
315,2
322,1
326,1
329,1
333,1
335,1
337,1
341,3
348,4
350,1
353,1
356,2
359,1
363,2
368,1
371,1
377,1
381,1
386,1
390,2
402,1
406,1
434,1
438,1
442,1
447,2
463,1
471,1
477,1
483,1
489,1
495,1
501,4
505,1
509,1
514,4
516,1
531,1
536,2
546,1
552,4
566,1
571,1
576,4
592,2
596,1
603,3
609,4
615,1
621,1
632,1
642,2
651,1
658,1
662,1
664,1
668,1
673,4
679,2
681,1
685,1
708,2
714,4
718,1
723,4
730,2
750,1
767,1
791,4
797,1
803,1
809,1
815,1
817,1
821,2
833,1
843,4
857,1
860,1
865,1
871,1
876,2
879,1
881,1
900,4
904,1
910,1
920,2
922,1
929,3
933,1
941,2
946,1
950,1
953,1
956,1
960,1
965,2
969,1
971,1
975,1
983,4
989,2
991,1
995,2
1000,2
1012,1
1024,4
1027,1
1039,3
1044,1
1048,1
1051,1
1054,1
1061,1
1066,1
1076,2
1082,4
1086,1
1088,1
1093,2
1097,1
1103,1
1105,1
1110,1
1119,1
1134,3
1138,2
1141,2
1143,1
1156,4
1162,2
1173,3
1181,1
1193,1
1197,2
1199,1
1204,1
1213,4
1216,1
1223,2
1225,1
1233,3
1237,2
1240,2
1243,1
1249,2
1256,2
1261,1
1267,1
1270,1
1276,1
1280,2
1283,1
1290,1
1294,1
1300,4
1302,1
1314,2
1318,2
1323,2
1326,2
1331,2
1334,1
1339,1
1359,1
1364,4
1369,3
1377,3
1382,1
1388,1
1391,1
1402,4
1404,1
1417,1
1421,1
1426,4
1430,1
1444,1
1446,1
1450,2
1454,1
1458,2
1463,1
1468,2
1472,2
1481,4
1495,1
1498,1
1505,2
1517,4
1532,3
1537,1
1550,2
1555,1
1558,1
1561,1
1567,1
1572,1
1578,4
1584,1
1591,3
1598,2
1600,1
1609,4
1614,2
1622,1
1628,1
1631,1
1653,4
1657,2
1673,2
1675,1
1678,1
1681,1
1689,4
1692,1
1696,2
1698,1
1708,1
1713,1
1718,2
1721,1
1723,1
1726,2
1733,4
1735,1
1748,1
1752,1
1755,2
1762,1
1767,1
1771,1
1776,2
1783,1
1792,2
1795,1
1797,1
1802,3
1809,1
1812,1
1814,1
1820,4
1825,2
1834,1
1841,1
1850,1
1857,1
1862,1
1864,1
1868,2
1885,1
1888,1
1891,1
1893,1
1898,4
1911,2
1914,1
1931,1
1933,1
1937,1
1948,2
1956,3
1962,4
1970,4
1980,3
1986,1
1991,2
1998,2
2001,1
2003,1
2005,1
2012,1
2015,1
2026,4
2029,1
2032,1
2035,1
2037,1
2039,1
2051,1
2054,1
2070,1
2075,1
2077,1
2082,2
2090,2
2099,2
2108,1
2111,1
2118,2
2124,1
2127,2
2129,1
2132,1
2139,4
2144,2
2150,2
2153,1
2156,1
2161,1
2165,1
2181,2
2185,2
2190,1
2192,1
2195,2
2197,1
2201,1
2205,1
2213,4
2220,1
2223,1
2235,1
2237,1
2244,1
2249,1
2252,1
2254,1
2263,2
2267,1
2282,2
2286,1
2291,1
2297,1
2306,1
2312,1
2315,2
2321,2
2325,2
2328,1
2330,1
2336,2
2343,4
2346,1
2354,1
2356,1
2358,1
2360,1
2364,1
2372,1
2378,2
2380,1
2389,1
2402,1
2412,4
2417,2
2423,1
2427,1
2430,1
2433,1
2435,1
2437,1
2443,2
2456,1
2459,2
2464,1
2473,1
2475,1
2478,1
2488,4
2491,1
2506,3
2508,1
2510,1
2513,1
2515,1
2532,2
2539,2
2543,1
2547,1
2551,1
2565,1
2570,4
2573,1
2579,1
2581,1
2584,1
2589,1
2592,2
2597,1
2612,1
2617,1
2622,1
2624,1
2630,1
2640,2
2644,1
2648,2
2653,2
2656,2
2662,1
2664,1
2667,1
2670,1
2672,1
2681,4
2685,1
2690,4
2698,3
2705,2
2708,1
2712,1
2714,1
2722,2
2733,2
2735,1
2737,1
2739,1
2743,2
2760,1
2766,1
2769,1
2771,1
2773,1
2792,2
2799,2
2808,3
2817,2
2824,1
2833,1
2842,3
2850,2
2854,3
2858,1
2863,1
2865,1
2868,1
2870,1
2873,1
2880,1
2883,1
2888,1
2890,1
2895,1
2899,1
2901,1
2903,1
2906,1
2910,2
2916,1
2927,2
2930,1
2932,1
2934,1
2937,2
2942,2
2946,1
2948,1
2956,1
2959,2
2961,1
2972,1
2978,1
2983,2
2988,1
2990,1
3001,1
3003,1
3005,1
3009,1
3019,1
3022,2
3029,3
3033,1
3042,1
3044,1
3047,1
3053,1
3058,1
3065,1
3070,1
3072,1
3075,1
3077,1
3079,1
3081,1
3083,1
3089,2
3096,2
3099,2
3107,4
3112,4
3118,2
3126,2
3129,1
3133,2
3135,1
3137,1
3141,2
3145,1
3148,1
3151,1
3157,1
3159,1
3167,1
3169,1
3180,1
3182,1
3194,2
3199,1
3202,1
3206,2
3216,1
3219,1
3224,1
3226,1
3229,1
3233,2
3239,1
3252,1
3257,1
3262,4
3264,1
3273,1
3275,1
3279,1
3284,1
3287,2
3294,1
3299,1
3302,2
3307,2
3309,1
3312,1
3320,2
3325,1
3333,1
3337,1
3341,1
3343,1
3352,1
3354,1
3356,1
3368,2
3375,2
3378,1
3386,1
3396,2
3398,1
3406,2
3413,3
3415,1
3427,2
3438,1
3442,1
3446,1
3448,1
3452,2
3459,1
3471,1
3480,1
3482,1
3485,1
3489,2
3499,1
3502,2
3505,1
3511,2
3520,1
3522,1
3526,2
3528,1
3534,1
3552,4
3556,1
3558,1
3560,1
3567,2
3570,1
3575,2
3580,2
3587,2
3590,1
3593,1
3595,1
3601,1
3605,1
3609,1
3614,1
3623,2
3625,1
3627,1
3631,1
3640,2
3647,3
3650,1
3653,1
3655,1
3660,2
3663,1
3670,2
3673,1
3680,3
3682,1
3688,1
3690,1
3696,1
3706,1
3710,1
3712,1
3715,1
3721,1
3725,1
3730,1
3733,1
3738,1
3746,1
3751,2
3754,2
3762,4
3768,2
3771,1
3775,1
3778,1
3786,2
3791,2
3794,1
3807,1
3809,1
3811,1
3815,2
3817,1
3821,2
3828,1
3832,2
3837,1
3839,1
3841,1
3845,2
3850,1
3854,1
3857,1
3859,1
3867,3
3872,1
3875,2
3881,2
3887,2
3891,1
3893,1
3899,2
3903,1
3906,1
3910,1
3915,3
3920,2
3941,1
3952,2
3954,1
3956,1
3958,1
3965,2
3968,1
3971,1
3981,1
3994,2
4003,2
4005,1
4007,1
4013,1
4020,2
4023,1
4037,2
4039,1
4046,4
4048,1
4050,1
4052,1
4058,2
4064,4
4072,1
4078,1
4083,1
4086,1
4090,1
4095,1
4102,2
4109,1
4114,2
4120,3
4127,1
4130,1
4140,2
4143,2
4146,1
4148,1
4159,2
4162,1
4168,1
4174,2
4177,1
4184,1
4191,1
4194,2
4198,1
4204,2
4207,1
4210,2
4216,1
4224,1
4227,1
4236,1
4241,2
4250,3
4255,3
4264,1
4271,4
4275,1
4279,1
4281,1
4284,2
4287,1
4290,2
4292,1
4294,1
4313,1
4318,2
4321,1
4326,1
4330,1
4337,3
4341,2
4345,2
4355,1
4361,1
4364,1
4375,2
4378,1
4381,1
4384,1
4390,2
4396,2
4402,4
4405,1
4407,1
4410,1
4420,4
4427,1
4433,2
4436,1
4440,1
4451,2
4456,1
4459,1
4470,1
4476,1
4481,1
4490,1
4494,2
4500,2
4509,2
4515,2
4526,2
4544,1
4551,3
4555,1
4568,1
4571,1
4577,1
4581,1
4585,1
4591,2
4602,4
4606,1
4609,1
4611,1
4621,3
4632,1
4638,2
4644,3
4664,1
4667,1
4669,1
4674,2
4677,1
4682,1
4686,1
4688,1
4693,1
4699,2
4701,1
4703,1
4708,1
4711,2
4715,1
4719,2
4734,4
4742,1
4744,1
4750,2
4752,1
4755,1
4757,1
4764,2
4766,1
4768,1
4774,1
4778,1
4789,1
4792,1
4796,1
4799,1
4806,1
4810,1
4815,2
4820,3
4824,2
4829,1
4841,1
4846,1
4848,1
4852,1
4856,1
4867,1
4873,3
4879,4
4883,2
4891,1
4894,1
4896,1
4899,1
4908,1
4914,1
4916,1
4919,2
4922,1
4924,1
4932,3
4941,3
4949,2
4953,1
4958,1
4960,1
4963,2
4965,1
4970,1
4977,2
4981,1
4985,2
4988,1
4994,1
5000,2
5009,4
5016,3
5022,1
5028,1
5031,1
5040,2
5047,2
5059,1
5066,1
5069,2
5074,2
5079,1
5082,1
5084,1
5087,1
5092,1
5098,1
5113,2
5129,1
5135,1
5137,1
5139,1
5144,2
5146,1
5150,3
5154,1
5161,1
5167,1
5171,1
5176,3
5182,2
5186,1
5188,1
5195,2
5199,3
5201,1
5204,1
5207,1
5210,2
5226,1
5230,1
5246,4
5253,1
5255,1
5268,1
5276,4
5278,1
5282,2
5287,1
5291,2
5296,3
5299,2
5318,1
5327,1
5336,2
5341,1
5354,1
5359,2
5364,3
5377,1
5379,1
5381,1
5383,1
5388,3
5391,1
5395,1
5402,1
5404,1
5410,1
5418,1
5423,1
5428,2
5432,1
5434,1
5442,4
5449,1
5457,1
5460,1
5464,2
5471,2
5473,1
5476,1
5480,1
5483,1
5489,1
5496,1
5500,1
5502,1
5512,3
5514,1
5517,2
5532,1
5534,1
5541,1
5550,1
5555,2
5559,1
5563,2
5566,1
5570,3
5576,2
5580,1
5592,2
5594,1
5597,1
5599,1
5606,1
5611,1
5618,4
5631,1
5633,1
5639,4
5641,1
5643,1
5653,3
5658,3
5670,1
5673,1
5685,1
5691,1
5696,2
5700,1
5706,2
5709,1
5714,1
5720,1
5724,3
5730,1
5733,1
5737,2
5741,2
5753,2
5755,1
5758,2
5762,1
5768,1
5772,1
5779,1
5782,1
5791,1
5794,1
5802,1
5809,2
5812,2
5817,2
5820,2
5825,2
5833,2
5837,1
5841,1
5848,3
5855,1
5866,2
5875,2
5877,1
5879,1
5893,1
5901,1
5903,1
5907,3
5911,2
5915,2
5918,1
5927,2
5932,1
5944,2
5950,2
5955,1
5959,1
5968,2
5972,2
5974,1
5977,1
5980,1
5986,1
5999,4
6001,1
6006,1
6009,2
6011,1
6013,1
6032,1
6035,2
6042,1
6048,2
6052,2
6055,1
6057,1
6063,2
6066,1
6068,1
6073,4
6082,1
6087,2
6089,1
6092,2
6096,1
6103,2
6105,1
6111,1
6118,1
6122,1
6126,1
6131,3
6136,1
6142,1
6144,1
6147,1
6149,1
6152,2
6155,1
6157,1
6160,1
6163,1
6165,1
6175,4
6178,1
6186,1
6193,1
6207,1
6209,1
6215,2
6218,1
6221,1
6226,1
6231,1
6240,4
6252,2
6257,2
6262,2
6272,1
6283,4
6287,1
6290,1
6292,1
6296,1
6300,2
6307,1
6311,2
6313,1
6316,1
6320,2
6329,4
6332,1
6335,1
6340,1
6343,1
6347,1
6350,1
6353,1
6361,1
6364,1
6369,2
6375,1
6379,1
6381,1
6389,1
6391,1
6395,2
6401,4
6406,1
6417,1
6424,2
6433,2
6435,1
6439,1
6442,1
6448,1
6453,2
6461,1
6464,2
6469,1
6477,1
6479,1
6481,1
6488,1
6499,2
6502,1
6508,3
6514,2
6516,1
6527,4
6530,1
6540,2
6551,1
6561,1
6567,2
6569,1
6572,1
6574,1
6578,1
6582,1
6589,2
6592,1
6600,2
6603,1
6607,1
6616,1
6623,1
6625,1
6631,1
6642,1
6646,1
6653,2
6656,1
6665,1
6667,1
6671,1
6677,1
6682,4
6690,1
6693,1
6698,1
6703,3
6708,2
6712,1
6717,2
6721,2
6727,2
6730,1
6736,1
6738,1
6748,1
6752,1
6759,1
6765,1
6772,1
6776,2
6779,1
6781,1
6788,1
6796,2
6801,1
6810,1
6821,4
6826,1
6834,2
6845,2
6850,3
6852,1
6854,1
6856,1
6859,1
6863,2
6865,1
6868,2
6872,1
6876,1
6885,2
6893,2
6896,2
6898,1
6901,1
6906,2
6909,2
6912,1
6918,2
6922,1
6929,1
6931,1
6940,1
6942,1
6945,2
6950,2
6957,2
6959,1
6962,2
6971,1
6975,2
6978,1
6983,2
6988,2
6991,1
7000,1
7006,1
7011,2
7015,1
7018,1
7026,1
7029,1
7035,1
7043,1
7049,1
7056,1
7063,1
7070,3
7078,1
7083,2
7091,4
7098,1
7102,1
7106,1
7109,1
7115,1
7121,3
7130,1
7134,1
7138,1
7141,1
7159,2
7162,1
7172,1
7174,1
7180,2
7184,1
7186,1
7194,4
7197,1
7199,1
7203,1
7212,1
7215,1
7217,1
7221,1
7226,2
7233,1
7242,2
7245,1
7248,1
7257,1
7262,2
7271,1
7275,2
7286,1
7294,1
7298,1
7302,1
7309,1
7316,4
7324,1
7327,1
7331,1
7336,2
7338,1
7348,2
7352,1
7358,1
7364,2
7372,1
7388,4
7391,1
7395,1
7397,1
7399,1
7402,1
7409,1
7411,1
7416,1
7418,1
7421,1
7424,1
7426,1
7435,1
7442,1
7444,1
7446,1
7450,1
7456,1
7467,1
7474,3
7488,1
7494,1
7496,1
7499,2
7502,2
7508,2
7511,1
7513,1
7518,1
7525,1
7535,2
7538,1
7543,1
7546,1
7554,1
7562,1
7565,2
7573,2
7581,1
7583,1
7588,2
7591,2
7594,1
7597,1
7601,1
7603,1
7607,2
7617,2
7621,1
7633,2
7647,2
7654,1
7672,1
7675,2
7681,3
7686,1
7689,2
7693,1
7707,1
7709,1
7711,1
7723,1
7727,2
7733,3
7737,1
7739,1
7743,2
7747,1
7749,1
7754,2
7764,1
7771,1
7779,1
7781,1
7783,1
7788,1
7792,1
7795,1
7797,1
7799,1
7806,4
7813,2
7816,1
7820,1
7825,1
7834,1
7843,1
7847,1
7854,1
7858,2
7864,2
7869,3
7879,2
7883,1
7885,1
7889,1
7892,1
7896,2
7901,2
7907,1
7912,1
7914,1
7919,1
7924,1
7929,1
7935,2
7943,1
7948,2
7951,2
7962,2
7967,1
7970,1
7975,1
7978,1
7986,2
7993,2
7996,1
7998,1
8000,1
8004,1
8008,2
8012,1
8016,2
8025,2
8028,1
8030,1
8037,2
8040,1
8054,1
8057,1
8061,1
8065,2
8067,1
8074,1
8078,1
8082,1
8093,1
8095,1
8107,4
8110,1
8114,2
8116,1
8120,2
8133,3
8137,1
8145,1
8149,1
8152,1
8158,1
8165,1
8170,1
8181,1
8183,1
8189,1
8192,2
8197,2
8200,2
8203,1
8207,1
8213,3
8216,1
8225,1
8228,1
8236,2
8240,1
8243,1
8253,2
8257,3
8265,2
8267,1
8276,1
8281,1
8283,1
8293,1
8296,1
8298,1
8300,1
8308,2
8310,1
8332,1
8337,2
8342,4
8348,2
8355,1
8360,1
8366,1
8368,1
8375,2
8380,1
8384,1
8389,1
8396,1
8404,1
8406,1
8413,1
8416,2
8422,1
8430,1
8434,2
8442,2
8448,2
8455,2
8460,1
8462,1
8467,1
8476,1
8483,1
8488,3
8495,1
8499,2
8502,1
8505,1
8510,2
8514,1
8516,1
8518,1
8525,1
8527,1
8532,2
8536,1
8544,1
8548,1
8550,1
8558,1
8564,1
8568,1
8572,2
8574,1
8584,4
8590,1
8597,1
8617,2
8620,1
8626,1
8630,1
8632,1
8634,1
8642,1
8646,1
8649,2
8652,2
8657,2
8666,4
8670,1
8672,1
8676,1
8679,2
8685,2
8690,1
8692,1
8695,1
8701,1
8703,1
8705,1
8710,2
8714,1
8716,1
8719,1
8721,1
8723,1
8728,1
8737,1
8748,1
8752,1
8757,1
8761,1
8775,4
8783,2
8786,2
8792,1
8797,1
8801,1
8809,1
8818,1
8821,2
8823,1
8825,1
8832,1
8838,1
8840,1
8844,1
8851,1
8853,1
8856,1
8859,1
8866,4
8868,1
8878,1
8881,2
8888,1
8895,2
8898,1
8907,2
8912,1
8919,2
8927,1
8935,1
8937,1
8943,1
8946,1
8949,1
8951,1
8956,2
8967,1
8970,1
8973,2
8978,1
8982,1
8988,1
8990,1
8998,2
9001,1
9009,1
9014,2
9018,2
9021,1
9038,1
9045,2
9051,1
9057,1
9063,1
9067,1
9071,2
9085,1
9097,3
9105,3
9111,1
9113,1
9117,2
9123,1
9127,2
9131,1
9138,1
9141,1
9153,1
9160,2
9162,1
9164,1
9166,1
9172,2
9178,1
9180,1
9188,1
9197,1
9202,1
9205,1
9208,1
9210,1
9215,1
9219,2
9228,4
9232,1
9236,2
9256,2
9258,1
9267,2
9270,1
9275,1
9288,1
9292,1
9319,2
9322,1
9324,1
9329,1
9338,2
9341,1
9349,1
9352,1
9357,3
9367,3
9372,1
9385,2
9388,1
9390,1
9396,2
9402,1
9406,1
9410,2
9419,1
9425,2
9431,1
9436,3
9439,1
9455,4
9458,1
9463,1
9478,2
9485,2
9487,1
9491,1
9496,1
9498,1
9500,1
9505,1
9511,1
9514,1
9521,3
9532,1
9536,1
9541,2
9546,1
9548,1
9552,1
9558,1
9564,1
9566,1
9572,1
9576,1
9578,1
9582,2
9591,1
9595,1
9601,2
9609,2
9613,1
9619,3
9622,1
9624,1
9631,1
9634,2
9642,1
9645,1
9649,1
9651,1
9657,1
9669,1
9671,1
9674,1
9689,3
9691,1
9701,1
9714,2
9720,1
9725,1
9732,2
9741,2
9749,4
9760,1
9765,1
9767,1
9776,1
9787,2
9789,1
9798,4
9808,1
9810,1
9813,1
9816,1
9819,1
9823,1
9825,1
9827,1
9829,1
9836,1
9842,2
9844,1
9848,1
9852,1
9856,1
9866,1
9873,1
9879,2
9882,1
9885,1
9891,3
9898,2
9904,4
9908,1
9910,1
9914,1
9928,1
9930,1
9932,1
9937,1
9956,1
9967,2
9972,1
9975,2
9979,1
9981,1
9984,1
9989,1
10014,3
10018,1
10022,2
10025,1
10028,2
10032,1
10034,1
10039,1
10043,2
10052,2
10054,1
10058,2
10067,1
10076,1
10079,1
10085,1
10090,2
10093,2
10099,2
10102,2
10107,1
10111,1
10117,2
10120,1
10135,2
10139,1
10143,1
10162,1
10167,2
10176,2
10189,1
10201,2
10203,1
10214,4
10220,1
10227,1
10231,1
10235,1
10238,2
10240,1
10244,2
10248,1
10253,2
10265,1
10267,1
10270,1
10276,2
10278,1
10285,1
10287,1
10289,1
10293,3
10295,1
10298,2
10304,3
10317,1
10320,1
10323,1
10330,4
10333,1
10337,1
10343,1
10349,2
10358,1
10362,1
10369,2
10372,1
10376,1
10385,1
10395,1
10406,1
10411,3
10413,1
10416,2
10427,1
10430,2
10434,1
10440,1
10447,2
10456,1
10459,2
10462,1
10471,1
10480,4
10486,1
10493,1
10499,1
10505,1
10510,1
10512,1
10516,1
10518,1
10521,1
10529,1
10531,1
10536,1
10543,1
10546,1
10548,1
10550,1
10555,1
10559,1
10573,1
10578,2
10581,1
10583,1
10585,1
10589,1
10603,1
10605,1
10608,1
10612,1
10620,2
10630,1
10632,1
10634,1
10645,1
10653,4
10663,1
10672,2
10674,1
10676,1
10689,2
10696,1
10698,1
10706,1
10710,1
10716,1
10719,1
10722,1
10733,4
10735,1
10739,2
10743,2
10749,4
10753,1
10755,1
10768,2
10773,1
10777,1
10781,1
10789,1
10793,2
10798,1
10811,1
10814,2
10817,2
10820,2
10828,1
10832,1
10843,2
10846,1
10855,3
10857,1
10876,1
10878,1
10881,1
10889,2
10896,2
10900,1
10904,1
10910,2
10913,1
10915,1
10924,1
10926,1
10930,2
10932,1
10943,1
10947,1
10964,1
10978,1
10983,1
10987,1
10991,1
10997,1
11000,1
11005,2
11009,1
11021,1
11025,1
11030,2
11045,2
11049,2
11053,2
11062,1
11064,1
11068,1
11072,1
11077,1
11091,2
11097,2
11101,1
11111,1
11114,1
11116,1
11121,1
11127,1
11132,2
11135,2
11139,2
11144,1
11151,2
11154,1
11173,4
11175,1
11177,1
11184,1
11193,1
11200,1
11203,1
11205,1
11208,1
11210,1
11212,1
11214,1
11219,3
11221,1
11226,1
11229,1
11233,1
11244,2
11255,4
11265,1
11270,1
11275,2
11285,1
11299,2
11306,1
11312,1
11322,2
11333,1
11336,1
11341,2
11344,2
11347,1
11351,1
11353,1
11356,1
11358,1
11360,1
11363,2
11369,1
11376,3
11383,1
11385,1
11388,1
11396,2
11405,1
11410,1
11413,1
11418,1
11421,1
11423,1
11433,1
11443,1
11446,1
11450,2
11453,1
11460,3
11467,2
11481,2
11485,1
11493,1
11499,1
11502,2
11504,1
11507,1
11509,1
11515,2
11522,1
11529,2
11534,1
11540,1
11548,2
11555,1
11564,1
11567,1
11570,2
11577,4
11584,1
11592,1
11597,1
11604,2
11609,1
11611,1
11613,1
11619,1
11624,1
11627,1
11631,3
11638,2
11642,1
11644,1
11647,1
11649,1
11653,2
11658,2
11664,1
11673,4
11682,1
11691,1
11698,2
11700,1
11703,2
11706,2
11709,2
11716,2
11718,1
11725,2
11731,1
11740,2
11745,1
11750,1
11752,1
11754,1
11761,1
11765,1
11767,1
11769,1
11773,1
11776,1
11779,2
11782,1
11792,3
11795,1
11816,1
11824,3
11826,1
11829,1
11831,1
11839,1
11844,1
11849,1
11856,1
11860,2
11865,1
11869,2
11877,1
11881,2
11889,3
11894,1
11899,2
11910,1
11913,2
11915,1
11927,1
11931,2
11933,1
11943,1
11946,1
11954,2
11959,4
11968,1
11976,1
11982,2
11985,1
11988,1
11991,2
12001,1
12007,1
12011,1
12013,1
12020,2
12027,2
12030,2
12040,1
12047,1
12054,1
12060,3
12064,2
12073,2
12075,1
12085,4
12092,1
12097,1
12099,1
12101,1
12103,1
12107,2
12115,2
12117,1
12121,2
12124,1
12131,2
12136,4
12140,1
12151,1
12157,2
12172,1
12176,1
12178,1
12182,1
12195,1
12200,2
12205,1
12207,1
12215,4
12223,1
12226,1
12231,3
12238,2
12249,2
12258,2
12266,1
12271,1
12273,1
12285,1
12288,1
12293,3
12297,2
12299,1
12305,3
12309,2
12311,1
12318,1
12321,2
12325,2
12336,1
12339,1
12346,4
12352,1
12362,1
12365,1
12370,2
12383,1
12386,2
12391,1
12394,1
12399,3
12408,1
12411,2
12420,1
12434,1
12438,1
12453,1
12461,2
12468,1
12476,1
12487,1
12492,1
12495,2
12504,2
12511,2
12515,2
12523,2
12528,1
12533,1
12535,1
12539,1
12542,1
12544,1
12547,1
12557,1
12568,1
12572,1
12579,4
12583,1
12589,2
12597,1
12601,1
12609,1
12615,2
12619,1
12628,1
12632,2
12634,1
12639,1
12641,1
12646,1
12653,2
12658,1
12666,1
12670,1
12674,2
12676,1
12678,1
12684,1
12686,1
12689,1
12692,1
12694,1
12697,1
12699,1
12704,1
12710,1
12719,1
12722,1
12727,2
12738,2
12744,4
12760,4
12768,2
12771,1
12773,1
12775,1
12780,1
12783,1
12795,1
12798,1
12815,2
12818,1
12821,1
12827,1
12829,1
12835,1
12838,2
12845,1
12853,1
12855,1
12857,1
12869,1
12873,1
12877,1
12881,1
12885,1
12887,1
12896,1
12902,1
12904,1
12920,4
12925,1
12930,1
12934,1
12936,1
12940,1
12946,4
12950,1
12957,1
12970,1
12973,1
12977,1
12991,1
13005,3
13010,1
13018,2
13020,1
13022,1
13024,1
13027,1
13033,1
13057,2
13061,1
13066,2
13072,3
13078,1
13088,2
13104,1
13112,2
13116,1
13121,2
13126,2
13132,1
13135,2
13150,1
13153,1
13158,1
13163,4
13166,1
13183,1
13190,2
13192,1
13198,2
13202,1
13211,2
13216,1
13218,1
13228,1
13232,2
13242,1
13253,2
13262,1
13279,2
13281,1
13284,1
13295,2
13297,1
13300,2
13309,2
13322,1
13328,1
13334,2
13338,1
13344,2
13349,2
13356,1
13365,1
13369,1
13371,1
13376,1
13378,1
13383,1
13387,1
13389,1
13391,1
13414,3
13417,1
13420,2
13423,2
13426,2
13430,1
13434,1
13436,1
13439,1
13447,2
13453,2
13460,1
13468,1
13472,2
13475,2
13489,1
13497,1
13501,1
13503,1
13505,1
13507,1
13510,1
13513,1
13519,1
13524,3
13541,1
13545,1
13558,1
13562,2
13568,2
13572,1
13574,1
13576,1
13580,2
13585,2
13587,1
13594,2
13596,1
13602,1
13604,1
13607,2
13611,1
13616,1
13618,1
13621,1
13624,1
13629,1
13631,1
13633,1
13636,1
13644,1
13651,4
13654,1
13657,1
13660,1
13673,1
13675,1
13684,1
13687,1
13692,2
13698,2
13711,1
13715,1
13723,2
13727,1
13729,1
13732,1
13735,1
13748,2
13753,1
13756,1
13761,1
13770,1
13774,1
13790,1
13794,1
13803,1
13806,1
13809,2
13815,3
13824,1
13826,1
13828,1
13832,1
13840,4
13843,1
13856,1
13861,1
13863,1
13870,2
13878,1
13882,3
13889,2
13892,1
13898,1
13900,1
13902,1
13909,2
13920,2
13922,1
13927,3
13946,1
13950,1
13952,1
13955,1
13961,2
13967,4
13973,3
13975,1
13986,1
13996,1
13998,1
14006,1
14008,1
14011,1
14013,1
14018,1
14021,1
14024,1
14028,1
14044,1
14054,1
14057,1
14059,1
14066,2
14073,1
14078,1
14083,4
14091,2
14101,2
14104,2
14107,1
14110,1
14112,1
14125,1
14127,1
14129,1
14133,1
14140,1
14142,1
14147,2
14153,1
14159,2
14161,1
14165,2
14167,1
14172,4
14178,2
14181,2
14184,2
14187,1
14189,1
14191,1
14193,1
14196,1
14201,1
14203,1
14207,1
14212,1
14219,1
14224,1
14227,1
14233,2
14237,1
14242,1
14244,1
14246,1
14248,1
14254,2
14257,2
14262,1
14266,1
14268,1
14271,1
14274,1
14279,4
14283,2
14293,1
14302,2
14305,1
14316,2
14324,1
14326,1
14330,1
14337,1
14339,1
14344,2
14355,1
14358,1
14360,1
14367,2
14370,2
14373,1
14378,1
14381,1
14385,1
14395,1
14401,2
14407,1
14416,1
14420,2
14423,1
14427,2
14433,1
14443,1
14446,2
14449,1
14451,1
14457,1
14460,1
14466,2
14470,1
14476,1
14482,1
14486,1
14488,1
14490,1
14492,1
14503,1
14509,1
14512,2
14515,1
14522,1
14531,2
14538,2
14544,1
14554,1
14559,1
14567,2
14572,2
14576,2
14580,1
14583,1
14592,1
14597,1
14604,1
14611,1
14614,1
14618,1
14627,2
14630,2
14635,1
14637,1
14651,1
14665,2
14669,1
14674,2
14685,1
14691,4
14698,1
14703,3
14711,1
14713,1
14715,1
14720,3
14724,1
14734,1
14738,1
14745,1
14752,1
14754,1
14757,1
14759,1
14767,3
14773,1
14776,1
14780,1
14782,1
14785,1
14791,2
14796,2
14807,1
14811,1
14818,1
14820,1
14824,2
14832,2
14837,1
14843,2
14849,2
14856,1
14859,2
14863,1
14866,2
14875,1
14886,1
14891,1
14898,2
14902,2
14909,1
14915,2
14918,1
14923,1
14932,1
14936,2
14942,1
14945,2
14949,1
14956,1
14965,4
14967,1
14976,1
14979,2
14981,1
14997,2
14999,1
15005,2
15007,1
15015,2
15019,1
15024,1
15029,1
15039,2
15042,1
15045,1
15061,3
15068,2
15081,1
15091,1
15096,1
15098,1
15102,1
15112,1
15114,1
15121,2
15125,1
15134,2
15138,1
15142,1
15147,1
15155,2
15161,2
15163,1
15166,1
15172,1
15174,1
15176,1
15181,1
15189,1
15193,1
15198,1
15217,1
15220,1
15223,1
15227,1
15232,2
15236,1
15241,4
15264,1
15272,1
15282,3
15285,1
15288,1
15292,1
15296,1
15299,2
15304,2
15313,3
15316,1
15318,1
15321,1
15323,1
15329,1
15335,1
15338,1
15341,1
15345,1
15354,4
15357,2
15367,1
15369,1
15375,1
15378,1
15381,1
15384,1
15388,1
15393,2
15395,1
15398,2
15405,2
15409,1
15412,1
15420,1
15422,1
15424,1
15428,1
15433,1
15441,3
15446,2
15449,1
15454,3
15462,1
15467,1
15480,1
15483,1
15485,1
15488,1
15495,1
15503,2
15513,2
15518,1
15520,1
15528,2
15534,1
15537,1
15545,2
15549,1
15558,1
15561,1
15566,1
15569,1
15576,1
15578,1
15583,1
15594,1
15596,1
15603,1
15607,3
15609,1
15613,1
15615,1
15619,3
15626,1
15630,1
15633,1
15665,3
15670,1
15674,2
15684,2
15687,1
15692,1
15697,1
15700,2
15713,1
15717,1
15724,1
15729,2
15731,1
15734,1
15736,1
15742,1
15748,1
15760,2
15763,1
15779,1
15785,1
15793,1
15806,1
15810,2
15813,1
15821,1
15824,2
15827,1
15829,1
15835,1
15842,2
15847,1
15850,2
15855,2
15859,1
15861,1
15867,4
15870,2
15878,1
15882,1
15887,1
15890,2
15892,1
15894,1
15900,2
15906,1
15908,1
15914,1
15918,1
15922,1
15928,1
15931,1
15933,1
15936,1
15939,1
15945,2
15955,4
15960,2
15971,1
15979,1
15988,1
15993,1
15997,1
16004,1
16015,3
16017,1
16025,1
16029,1
16044,1
16049,1
16053,2
16056,2
16061,1
16071,1
16079,1
16087,1
16089,1
16095,1
16103,3
16105,1
16108,1
16110,1
16113,1
16118,2
16121,1
16123,1
16128,1
16139,3
16143,2
16165,2
16167,1
16169,1
16174,1
16181,2
16185,1
16189,1
16192,1
16199,1
16202,1
16210,4
16214,2
16225,1
16231,1
16234,1
16239,1
16241,1
16248,3
16251,2
16258,1
16262,1
16268,2
16277,2
16279,1
16284,1
16288,1
16290,1
16293,2
16301,2
16304,2
16310,1
16318,1
16321,1
16328,1
16334,1
16350,2
16361,1
16363,1
16366,1
16368,1
16370,1
16376,2
16382,1
16391,1
16396,1
16399,1
16402,2
16405,1
16409,1
16415,1
16417,1
16424,2
16431,2
16433,1
16436,1
16439,2
16444,2
16451,1
16456,1
16458,1
16460,1
16462,1
16468,1
16472,1
16481,1
16487,2
16493,1
16503,1
16505,1
16507,1
16512,1
16519,2
16521,1
16525,3
16529,2
16534,2
16537,1
16540,1
16548,3
16551,2
16558,2
16563,1
16569,1
16571,1
16578,1
16580,1
16583,2
16587,1
16594,1
16600,2
16607,1
16625,3
16628,1
16643,1
16646,1
16653,2
16657,2
16660,1
16663,1
16668,1
16675,2
16692,1
16698,2
16701,1
16704,2
16709,1
16717,1
16719,1
16727,1
16729,1
16732,2
16738,2
16741,1
16750,1
16755,3
16758,1
16762,2
16767,1
16774,1
16780,1
16784,2
16788,2
16791,1
16797,3
16800,1
16803,1
16811,2
16816,1
16818,1
16821,1
16833,1
16837,1
16840,1
16844,1
16856,2
16865,2
16874,1
16876,1
16879,2
16890,1
16897,1
16900,1
16905,2
16912,2
16916,1
16918,1
16922,1
16924,1
16926,1
16933,1
16936,1
16938,1
16940,1
16944,2
16947,2
16950,1
16955,2
16960,3
16962,1
16964,1
16971,1
16978,2
16980,1
16984,1
16986,1
16988,1
16992,3
16994,1
16996,1
16999,1
17004,1
17010,1
17013,2
17021,1
17023,1
17025,1
17027,1
17033,1
17040,2
17043,1
17046,1
17052,1
17056,1
17063,1
17067,2
17070,1
17076,1
17079,1
17082,2
17086,2
17089,1
17092,2
17094,1
17101,1
17107,1
17115,2
17121,1
17123,1
17127,1
17135,2
17143,1
17147,1
17152,1
17156,2
17158,1
17168,1
17170,1
17179,2
17183,2
17187,1
17192,1
17198,1
17200,1
17217,1
17221,1
17231,1
17242,2
17252,2
17259,3
17264,1
17274,1
17280,1
17286,2
17289,1
17297,1
17305,1
17309,2
17311,1
17314,1
17322,2
17333,1
17340,3
17345,2
17348,1
17352,1
17356,1
17365,1
17368,1
17370,1
17378,1
17382,1
17390,1
17395,1
17397,1
17400,2
17404,1
17408,1
17417,1
17420,1
17425,1
17431,2
17437,1
17441,1
17444,1
17447,1
17455,2
17462,1
17469,3
17474,2
17488,1
17490,1
17498,1
17502,1
17504,1
17519,1
17523,2
17525,1
17528,2
17536,2
17543,3
17548,1
17562,2
17565,1
17567,1
17570,1
17576,1
17579,1
17583,2
17586,1
17594,3
17601,1
17607,1
17611,2
17614,1
17638,4
17645,1
17648,1
17661,2
17670,1
17673,1
17677,2
17679,1
17686,1
17691,1
17696,2
17702,1
17714,1
17717,1
17720,1
17724,1
17727,1
17730,2
17734,1
17740,2
17742,1
17754,1
17769,1
17772,2
17776,1
17786,4
17790,1
17797,2
17808,1
17816,2
17819,1
17822,1
17829,1
17832,2
17836,2
17841,1
17849,1
17851,1
17855,2
17857,1
17860,1
17862,1
17865,2
17868,1
17875,2
17881,1
17886,1
17893,4
17896,2
17898,1
17901,1
17906,1
17913,1
17916,1
17924,1
17928,1
17932,1
17937,2
17940,1
17947,1
17949,1
17951,1
17959,2
17963,1
17985,1
17991,1
17996,1
18011,1
18014,2
18020,2
18027,2
18030,1
18034,2
18038,1
18041,1
18047,1
18063,2
18069,1
18077,3
18084,1
18091,1
18094,1
18098,1
18101,1
18113,2
18115,1
18119,3
18126,1
18129,1
18136,2
18143,1
18146,2
18160,2
18167,1
18174,1
18177,2
18192,1
18198,1
18203,1
18206,1
18208,1
18217,1
18221,1
18227,1
18232,1
18234,1
18238,2
18242,1
18246,2
18249,1
18252,2
18263,1
18267,1
18281,1
18284,1
18289,1
18292,1
18304,1
18309,1
18317,1
18321,1
18323,1
18328,1
18330,1
18335,1
18341,2
18347,2
18351,2
18362,1
18369,1
18377,1
18379,1
18384,1
18388,2
18396,2
18400,1
18404,1
18407,1
18409,1
18415,1
18418,2
18422,3
18435,3
18445,1
18449,1
18461,2
18464,2
18466,1
18482,3
18488,1
18501,1
18506,1
18510,1
18518,2
18521,1
18525,1
18528,1
18534,2
18547,1
18551,1
18554,1
18556,1
18560,1
18562,1
18567,3
18570,1
18572,1
18580,3
18587,1
18595,4
18599,1
18601,1
18605,1
18617,1
18629,4
18632,2
18638,2
18642,2
18651,1
18658,1
18660,1
18664,1
18670,1
18673,1
18677,1
18680,2
18686,2
18689,2
18697,1
18706,1
18709,1
18711,1
18715,2
18726,1
18735,4
18744,1
18750,2
18757,1
18759,1
18763,2
18765,1
18768,1
18771,2
18774,1
18781,1
18786,1
18789,1
18793,1
18795,1
18802,2
18811,1
18821,1
18827,1
18834,1
18837,1
18849,2
18853,1
18857,1
18862,1
18868,1
18871,1
18887,2
18891,1
18899,1
18910,1
18915,1
18925,1
18928,2
18932,1
18934,1
18938,1
18946,1
18948,1
18955,2
18958,1
18960,1
18963,1
18966,1
18970,1
18972,1
18976,1
18983,1
19000,1
19002,1
19007,2
19011,1
19017,4
19020,1
19023,2
19026,2
19039,1
19045,1
19049,1
19051,1
19054,2
19058,1
19060,1
19063,2
19066,1
19069,1
19075,1
19077,1
19079,1
19083,2
19092,3
19094,1
19097,1
19102,1
19106,1
19109,1
19112,1
19114,1
19119,1
19124,2
19126,1
19134,1
19136,1
19138,1
19157,1
19163,1
19172,1
19177,1
19183,1
19190,2
19199,1
19204,3
19217,1
19220,1
19224,1
19228,1
19230,1
19235,3
19239,2
19243,2
19252,1
19255,1
19258,1
19263,1
19266,2
19270,2
19273,1
19276,1
19280,1
19293,1
19299,1
19304,4
19310,1
19312,1
19317,1
19323,3
19333,1
19339,2
19344,2
19351,1
19353,1
19355,1
19359,1
19362,1
19368,2
19370,1
19374,2
19385,1
19392,1
19395,2
19401,1
19403,1
19405,1
19407,1
19413,4
19419,1
19424,1
19426,1
19429,2
19437,2
19439,1
19444,2
19447,1
19449,1
19451,1
19453,1
19457,1
19473,1
19478,2
19481,1
19483,1
19485,1
19488,2
19490,1
19493,2
19497,2
19502,1
19504,1
19510,1
19515,4
19518,2
19520,1
19525,1
19532,1
19536,1
19539,1
19544,2
19550,2
19554,2
19557,2
19571,1
19577,3
19580,1
19584,2
19586,1
19605,1
19613,1
19615,1
19620,1
19624,3
19630,1
19632,1
19644,1
19649,1
19652,1
19656,2
19658,1
19672,1
19686,2
19688,1
19690,1
19704,4
19707,1
19712,2
19715,1
19725,1
19727,1
19729,1
19731,1
19738,1
19740,1
19745,2
19749,1
19753,1
19758,1
19768,2
19771,1
19774,1
19782,1
19790,4
19797,1
19805,1
19808,1
19815,2
19825,1
19828,1
19830,1
19835,1
19839,2
19841,1
19846,1
19851,2
19854,1
19859,1
19867,1
19870,1
19873,2
19875,1
19877,1
19880,1
19884,1
19887,1
19893,1
19896,2
19903,1
19909,1
19912,1
19929,1
19935,1
19937,1
19945,2
19950,1
19954,2
19960,1
19968,1
19975,1
19978,1
19988,4
19993,1
19998,2
20000,1
20004,3
20009,1
20016,2
20023,1
20026,1
20031,1
20034,1
20037,1
20043,1
20046,1
20048,1
20058,1
20064,1
20069,2
20071,1
20074,1
20076,1
20084,2
20087,1
20090,2
20093,1
20095,1
20101,1
20104,1
20106,1
20110,2
20115,1
20118,1
20126,1
20135,1
20140,1
20147,2
20152,1
20154,1
20160,1
20162,1
20165,2
20173,2
20177,1
20180,1
20185,1
20189,1
20195,1
20200,2
20204,1
20207,1
20210,1
20217,2
20219,1
20223,2
20230,2
20237,2
20242,1
20246,1
20249,1
20251,1
20259,1
20263,1
20283,1
20287,1
20290,1
20296,4
20321,1
20327,2
20330,1
20335,1
20338,1
20343,1
20355,2
20357,1
20363,1
20367,3
20380,1
20386,1
20389,2
20394,2
20402,1
20404,1
20408,2
20417,1
20419,1
20422,2
20425,2
20432,4
20436,1
20441,1
20450,2
20453,1
20457,2
20459,1
20468,1
20472,2
20474,1
20477,2
20480,1
20486,1
20496,2
20499,1
20508,1
20513,1
20515,1
20517,1
20520,1
20522,1
20526,1
20529,2
20531,1
20535,1
20549,2
20552,1
20559,1
20563,1
20570,1
20573,1
20586,1
20589,2
20606,1
20609,1
20614,1
20617,1
20622,1
20630,1
20632,1
20635,1
20637,1
20642,2
20644,1
20647,1
20655,1
20657,1
20661,2
20667,1
20669,1
20676,1
20684,1
20692,1
20696,2
20699,1
20701,1
20706,1
20720,1
20727,1
20734,1
20737,1
20743,3
20750,3
20756,1
20759,1
20763,1
20766,1
20771,2
20773,1
20775,1
20786,1
20793,1
20806,1
20819,1
20821,1
20831,1
20834,1
20837,1
20842,1
20844,1
20846,1
20848,1
20850,1
20858,1
20873,2
20878,3
20883,1
20897,1
20899,1
20904,1
20906,1
20910,1
20913,1
20922,1
20927,3
20929,1
20933,1
20935,1
20937,1
20945,2
20951,1
20954,1
20969,1
20971,1
20975,1
20977,1
20981,1
20983,1
20987,1
20991,2
20993,1
21001,2
21004,1
21018,2
21026,1
21028,1
21031,1
21040,1
21055,1
21059,1
21063,3
21072,2
21076,1
21079,1
21085,1
21087,1
21097,2
21101,2
21104,2
21106,1
21112,2
21115,1
21119,1
21122,1
21124,1
21132,1
21139,1
21155,1
21157,1
21164,2
21166,1
21170,2
21172,1
21190,3
21199,1
21205,1
21208,1
21212,1
21217,1
21220,2
21222,1
21225,1
21227,1
21233,1
21237,2
21240,1
21245,2
21247,1
21249,1
21254,2
21272,1
21280,3
21282,1
21284,1
21293,4
21295,1
21310,2
21313,2
21317,2
21320,1
21322,1
21327,1
21330,1
21332,1
21338,1
21342,2
21354,2
21357,2
21360,1
21364,2
21366,1
21371,2
21378,2
21381,2
21383,1
21385,1
21390,1
21403,1
21408,1
21417,1
21422,1
21429,1
21432,1
21443,1
21451,2
21455,1
21458,1
21460,1
21464,1
21472,1
21476,2
21478,1
21482,1
21488,1
21491,1
21502,1
21507,1
21509,1
21513,1
21516,1
21518,1
21526,2
21529,1
21533,1
21540,1
21549,1
21554,2
21564,1
21566,1
21568,1
21573,3
21578,2
21583,1
21587,1
21595,1
21602,1
21606,1
21608,1
21614,2
21616,1
21624,2
21626,1
21630,1
21638,1
21642,1
21649,1
21655,1
21657,1
21659,1
21663,1
21669,4
21673,1
21676,2
21689,1
21696,1
21701,1
21711,1
21713,1
21722,1
21724,1
21731,1
21734,2
21736,1
21738,1
21743,1
21748,1
21754,1
21756,1
21763,1
21765,1
21771,4
21774,1
21778,2
21780,1
21783,1
21788,1
21791,1
21793,1
21795,1
21800,1
21803,2
21809,2
21812,1
21814,1
21817,2
21821,2
21830,1
21832,1
21834,1
21836,1
21840,2
21847,1
21851,1
21863,2
21867,1
21875,2
21879,1
21881,1
21889,1
21891,1
21896,1
21900,1
21915,1
21925,2
21937,1
21941,2
21944,2
21946,1
21952,1
21954,1
21961,2
21967,1
21971,1
21973,1
21978,2
21989,2
21995,1
21997,1
22001,1
22005,2
22008,1
22015,2
22018,2
22024,2
22026,1
22030,1
22032,1
22035,1
22049,1
22060,3
22064,1
22068,1
22076,1
22079,1
22086,1
22091,1
22097,3
22103,1
22108,1
22110,1
22113,2
22116,2
22128,1
22132,2
22134,1
22146,2
22154,1
22156,1
22158,1
22166,1
22170,1
22172,1
22179,1
22182,1
22185,2
22188,1
22192,2
22199,1
22204,2
22209,1
22215,1
22221,1
22231,2
22235,2
22237,1
22247,1
22255,1
22263,3
22275,2
22278,1
22285,1
22287,1
22292,1
22296,1
22305,1
22307,1
22323,1
22325,1
22336,1
22341,1
22354,3
22364,2
22367,2
22370,2
22373,2
22378,2
22392,1
22401,2
22404,1
22413,1
22417,1
22421,1
22423,1
22434,1
22443,2
22449,2
22452,1
22457,2
22459,1
22461,1
22469,1
22471,1
22474,2
22477,2
22482,1
22484,1
22488,1
22490,1
22493,1
22496,1
22501,2
22508,1
22510,1
22519,1
22524,2
22531,2
22533,1
22537,1
22542,2
22544,1
22551,3
22555,2
22561,1
22564,1
22566,1
22569,1
22572,1
22576,1
22585,1
22587,1
22589,1
22595,4
22602,1
22606,1
22610,3
22613,1
22615,1
22619,2
22623,1
22632,1
22640,1
22647,1
22650,1
22656,1
22659,1
22664,1
22668,2
22672,1
22677,2
22679,1
22687,2
22694,1
22696,1
22703,1
22707,1
22711,1
22713,1
22717,1
22723,2
22737,1
22745,1
22749,1
22752,1
22759,1
22761,1
22765,1
22767,1
22778,1
22783,2
22787,1
22799,1
22801,1
22803,1
22805,1
22818,2
22830,2
22835,2
22837,1
22840,2
22849,1
22854,3
22858,1
22873,1
22877,1
22883,1
22885,1
22889,1
22895,1
22899,1
22901,1
22904,1
22912,2
22917,1
22922,1
22926,1
22929,1
22932,2
22935,1
22954,2
22958,3
22961,1
22963,1
22965,1
22977,1
22979,1
22984,1
22988,1
22993,2
23002,2
23004,1
23007,1
23017,1
23020,1
23022,1
23030,4
23039,2
23043,1
23046,1
23049,2
23052,1
23054,1
23071,2
23080,1
23084,2
23086,1
23092,1
23103,1
23110,1
23122,4
23128,2
23131,1
23142,1
23148,2
23166,2
23170,2
23176,4
23179,2
23182,1
23186,1
23188,1
23190,1
23192,1
23194,1
23200,1
23207,1
23211,1
23217,2
23222,1
23232,1
23237,1
23240,1
23254,2
23257,1
23264,2
23281,1
23288,3
23292,1
23298,1
23310,1
23313,1
23315,1
23317,1
23320,1
23322,1
23325,2
23327,1
23330,1
23333,1
23335,1
23342,2
23351,1
23359,1
23361,1
23363,1
23371,1
23374,2
23376,1
23383,2
23391,1
23394,1
23396,1
23398,1
23401,2
23409,1
23423,1
23430,1
23435,1
23439,2
23441,1
23448,2
23451,1
23457,2
23459,1
23462,2
23465,1
23467,1
23475,1
23477,1
23482,3
23486,1
23490,1
23493,1
23497,1
23499,1
23512,1
23514,1
23523,2
23525,1
23537,3
23541,1
23549,1
23560,1
23562,1
23566,2
23569,2
23573,1
23582,1
23590,1
23596,4
23599,1
23602,2
23611,1
23615,1
23617,1
23620,1
23624,1
23629,1
23631,1
23633,1
23636,1
23640,2
23648,1
23652,1
23654,1
23663,1
23667,1
23673,1
23676,1
23681,2
23683,1
23686,1
23688,1
23698,3
23708,1
23713,1
23715,1
23717,1
23725,1
23728,1
23737,1
23742,1
23747,1
23750,2
23752,1
23754,1
23759,1
23761,1
23766,1
23770,1
23772,1
23778,2
23781,1
23787,1
23793,1
23804,2
23812,2
23815,1
23817,1
23819,1
23821,1
23823,1
23825,1
23828,1
23836,1
23842,2
23847,1
23849,1
23854,1
23863,1
23865,1
23867,1
23870,2
23879,2
23886,2
23890,1
23896,1
23902,1
23906,2
23908,1
23912,2
23920,3
23926,1
23933,2
23938,1
23943,1
23949,4
23952,1
23957,1
23965,1
23968,1
23971,1
23974,1
23979,1
23984,1
23997,2
24003,3
24014,1
24017,1
24019,1
24026,1
24028,1
24033,2
24044,1
24048,1
24050,1
24056,2
24061,1
24063,1
24067,2
24069,1
24071,1
24074,1
24081,3
24083,1
24085,1
24089,2
24095,2
24097,1
24099,1
24106,2
24109,1
24111,1
24114,2
24122,1
24126,1
24128,1
24132,1
24135,2
24138,2
24140,1
24142,1
24146,1
24150,2
24152,1
24161,2
24168,1
24171,1
24182,1
24187,1
24203,1
24207,1
24210,1
24215,1
24223,1
24231,1
24235,3
24238,1
24244,1
24247,1
24249,1
24253,2
24255,1
24261,2
24263,1
24267,1
24276,1
24279,1
24281,1
24285,2
24291,1
24293,1
24295,1
24299,2
24306,1
24313,2
24316,1
24323,1
24328,1
24332,2
24336,2
24339,2
24341,1
24343,1
24356,2
24358,1
24363,2
24368,1
24370,1
24379,1
24386,2
24393,1
24395,1
24397,1
24400,1
24404,1
24408,1
24410,1
24412,1
24426,1
24430,2
24433,1
24435,1
24438,2
24443,2
24445,1
24447,1
24463,2
24471,2
24477,1
24480,1
24482,1
24487,1
24491,1
24494,1
24516,1
24519,1
24522,2
24527,1
24533,1
24539,2
24542,2
24550,1
24556,1
24559,2
24561,1
24577,1
24582,4
24588,1
24590,1
24597,1
24600,1
24611,4
24624,1
24629,1
24631,1
24634,2
24637,1
24639,1
24646,1
24652,1
24654,1
24656,1
24658,1
24669,1
24675,1
24679,1
24687,1
24690,1
24693,1
24700,1
24705,1
24715,1
24718,2
24729,1
24734,1
24742,1
24748,1
24753,1
24759,2
24769,1
24771,1
24780,1
24787,1
24790,1
24796,2
24801,3
24803,1
24805,1
24807,1
24811,3
24818,1
24827,1
24832,3
24839,2
24845,1
24847,1
24851,2
24854,1
24860,1
24862,1
24864,1
24869,1
24875,2
24877,1
24880,2
24887,1
24893,1
24896,1
24900,1
24902,1
24907,1
24919,1
24921,1
24923,1
24928,2
24956,1
24959,1
24964,1
24967,1
24969,1
24978,1
24985,2
24992,1
24997,1
24999,1
25004,1
25015,1
25018,1
25021,1
25026,1
25030,1
25047,1
25052,2
25064,1
25067,1
25071,1
25080,1
25085,1
25090,4
25092,1
25094,1
25099,1
25101,1
25107,1
25119,1
25128,1
25137,1
25139,1
25141,1
25144,1
25149,1
25152,1
25155,1
25160,1
25165,2
25169,1
25178,1
25186,1
25190,1
25192,1
25198,1
25201,1
25213,2
25216,1
25220,2
25224,1
25228,3
25235,1
25240,2
25248,1
25258,1
25262,2
25264,1
25266,1
25271,1
25274,1
25279,1
25283,2
25288,1
25293,2
25295,1
25302,1
25309,1
25313,1
25315,1
25321,2
25324,2
25331,3
25334,1
25340,1
25345,1
25350,2
25356,1
25365,2
25369,1
25371,1
25373,1
25377,1
25380,1
25382,1
25390,4
25395,1
25399,1
25405,1
25410,1
25414,2
25421,1
25424,1
25428,2
25432,1
25434,1
25436,1
25440,1
25442,1
25447,2
25456,1
25459,1
25465,1
25478,1
25481,1
25488,1
25494,1
25501,1
25503,1
25508,2
25513,1
25521,4
25525,1
25527,1
25530,1
25532,1
25542,2
25547,1
25554,2
25561,4
25565,1
25569,2
25579,1
25584,1
25587,1
25592,1
25597,1
25600,1
25602,1
25606,2
25609,1
25612,1
25618,1
25625,2
25629,1
25631,1
25636,1
25640,2
25642,1
25645,1
25648,1
25660,2
25664,2
25667,1
25669,1
25671,1
25675,2
25677,1
25686,1
25693,1
25696,2
25700,1
25703,2
25707,1
25710,2
25718,1
25722,2
25728,2
25731,2
25733,1
25742,1
25744,1
25752,1
25755,1
25757,1
25762,1
25775,1
25784,1
25795,2
25805,2
25816,2
25822,2
25825,1
25832,1
25834,1
25840,2
25842,1
25847,1
25852,1
25858,1
25864,2
25867,1
25879,2
25882,2
25889,3
25894,1
25900,1
25903,1
25905,1
25908,1
25911,1
25914,1
25919,1
25925,1
25929,2
25944,1
25947,1
25949,1
25952,2
25957,2
25961,1
25965,3
25970,1
25976,1
25983,1
25986,1
25989,1
25995,2
25998,1
26003,1
26008,1
26013,1
26022,1
26024,1
26027,2
26030,1
26037,2
26047,3
26051,1
26056,1
26062,1
26065,1
26072,2
26086,2
26091,1
26093,1
26096,2
26099,1
26103,1
26108,1
26120,1
26128,2
26130,1
26137,1
26144,3
26146,1
26148,1
26152,1
26157,1
26161,1
26167,2
26172,1
26175,1
26177,1
26185,1
26192,1
26205,2
26214,1
26217,1
26219,1
26227,3
26233,1
26238,1
26242,1
26244,1
26246,1
26253,1
26260,1
26264,1
26266,1
26268,1
26270,1
26272,1
26277,1
26285,2
26291,2
26294,2
26297,2
26301,1
26303,1
26305,1
26314,2
26316,1
26319,1
26325,1
26331,1
26333,1
26337,1
26339,1
26345,2
26347,1
26352,1
26356,1
26363,1
26365,1
26367,1
26376,1
26381,1
26384,1
26387,2
26389,1
26392,1
26395,2
26398,1
26406,1
26412,1
26414,1
26425,1
26435,1
26446,2
26453,4
26456,1
26462,1
26464,1
26467,1
26477,1
26480,2
26484,1
26486,1
26493,1
26497,1
26499,1
26502,1
26514,1
26517,1
26522,1
26526,2
26535,1
26537,1
26540,1
26542,1
26545,2
26547,1
26551,1
26555,1
26557,1
26560,1
26563,1
26568,1
26573,2
26576,1
26579,1
26583,1
26589,3
26599,1
26603,2
26608,2
26614,1
26623,1
26635,1
26638,1
26642,1
26646,1
26651,1
26660,1
26662,1
26667,2
26675,2
26682,1
26688,1
26698,2
26703,1
26705,1
26710,2
26712,1
26714,1
26718,1
26729,1
26732,1
26735,1
26740,1
26749,1
26766,1
26771,1
26774,1
26776,1
26787,1
26795,1
26800,1
26804,1
26806,1
26811,1
26815,1
26817,1
26826,2
26839,1
26851,1
26861,2
26864,1
26866,1
26871,1
26883,2
26888,1
26895,1
26908,1
26913,1
26918,2
26922,1
26924,1
26927,2
26930,1
26933,2
26944,1
26949,2
26951,1
26960,1
26963,2
26965,1
26969,1
26976,2
26985,1
26988,1
26992,1
26995,1
26998,1
27003,1
27005,1
27008,1
27010,1
27019,1
27026,1
27029,1
27034,3
27038,1
27044,1
27047,1
27053,1
27061,1
27074,1
27085,1
27089,1
27101,1
27103,1
27107,1
27109,1
27117,1
27125,1
27130,1
27132,1
27138,1
27141,1
27146,1
27151,1
27156,1
27159,1
27161,1
27164,1
27166,1
27170,1
27174,1
27182,1
27184,1
27187,2
27198,1
27204,1
27214,1
27217,1
27221,1
27224,1
27231,1
27234,1
27237,1
27239,1
27241,1
27245,1
27253,1
27276,2
27278,1
27280,1
27287,1
27289,1
27291,1
27293,1
27298,1
27303,1
27309,1
27317,2
27320,1
27325,1
27327,1
27331,2
27333,1
27336,1
27349,1
27353,1
27358,1
27360,1
27363,1
27365,1
27374,1
27381,3
27387,1
27394,2
27399,1
27403,1
27405,1
27409,1
27413,1
27423,1
27426,1
27437,1
27440,1
27445,1
27452,2
27456,2
27464,1
27467,1
27472,1
27481,2
27486,1
27492,3
27505,2
27509,1
27519,1
27524,1
27526,1
27530,2
27535,1
27538,2
27542,1
27547,2
27551,2
27554,1
27559,2
27566,2
27570,1
27574,1
27582,1
27584,1
27604,1
27611,1
27621,1
27626,1
27629,1
27633,2
27636,1
27639,2
27644,2
27646,1
27648,1
27652,1
27659,1
27663,1
27668,1
27672,1
27679,2
27685,1
27695,1
27704,1
27708,1
27717,1
27727,2
27731,2
27734,1
27742,1
27747,1
27752,2
27755,1
27759,2
27762,1
27765,1
27770,2
27775,1
27779,1
27783,1
27786,1
27793,1
27795,1
27800,1
27804,1
27813,1
27821,1
27823,1
27827,1
27833,4
27835,1
27843,1
27848,1
27851,2
27867,1
27870,1
27872,1
27880,2
27882,1
27884,1
27891,1
27899,1
27906,1
27909,2
27911,1
27917,1
27922,1
27927,2
27931,1
27937,1
27942,1
27950,1
27955,1
27959,3
27963,2
27968,1
27970,1
27973,1
27977,1
27980,1
27984,1
27986,1
27990,2
27992,1
27995,2
27998,1
28001,1
28007,1
28009,1
28011,1
28016,1
28019,1
28023,1
28025,1
28033,1
28035,1
28037,1
28039,1
28045,1
28052,4
28058,2
28060,1
28062,1
28064,1
28074,1
28077,1
28082,2
28090,1
28092,1
28094,1
28099,1
28103,1
28115,1
28120,1
28123,1
28126,2
28132,1
28140,1
28145,1
28149,1
28155,1
28158,2
28165,1
28174,2
28177,1
28186,2
28188,1
28195,1
28201,4
28206,1
28209,1
28211,1
28218,1
28222,1
28225,1
28228,1
28235,1
28244,1
28251,3
28254,2
28257,1
28261,1
28264,1
28267,1
28274,2
28278,1
28282,1
28287,3
28290,1
28292,1
28296,1
28299,2
28301,1
28305,1
28316,1
28318,1
28320,1
28326,1
28335,1
28338,1
28341,1
28354,3
28360,1
28366,1
28372,2
28380,1
28388,2
28392,3
28394,1
28396,1
28398,1
28407,2
28409,1
28415,2
28422,1
28427,1
28429,1
28433,1
28435,1
28449,2
28456,2
28460,1
28464,1
28475,1
28479,2
28486,1
28490,1
28500,4
28519,1
28524,1
28527,1
28534,1
28536,1
28542,4
28550,1
28556,1
28565,1
28568,1
28570,1
28573,2
28578,1
28580,1
28583,1
28591,2
28593,1
28596,1
28605,2
28608,1
28612,1
28616,1
28618,1
28625,2
28629,1
28632,1
28639,2
28652,1
28659,2
28667,1
28675,1
28680,1
28688,1
28691,2
28696,1
28701,1
28708,2
28710,1
28717,3
28722,1
28725,1
28736,1
28740,1
28744,2
28746,1
28750,2
28763,2
28765,1
28773,2
28776,1
28786,1
28788,1
28790,1
28800,2
28802,1
28812,2
28816,1
28821,1
28823,1
28830,1
28833,1
28835,1
28838,2
28841,2
28843,1
28847,2
28851,2
28860,1
28872,1
28877,2
28879,1
28888,1
28898,2
28902,1
28909,1
28912,1
28915,1
28918,1
28924,1
28927,2
28930,1
28933,1
28937,1
28951,1
28956,1
28958,1
28966,1
28971,2
28974,1
28976,1
28979,1
28982,1
28986,1
28995,1
29005,1
29008,1
29011,2
29014,2
29026,1
29034,1
29038,1
29044,1
29046,1
29050,2
29053,1
29056,1
29058,1
29064,1
29067,2
29072,2
29076,1
29081,1
29083,1
29085,1
29095,1
29101,1
29108,1
29111,1
29118,2
29120,1
29123,2
29128,2
29130,1
29151,2
29159,1
29161,1
29163,1
29166,1
29169,2
29171,1
29175,1
29178,1
29192,2
29196,3
29199,2
29201,1
29208,1
29210,1
29219,2
29223,3
29229,1
29232,1
29234,1
29240,1
29252,2
29259,1
29266,2
29270,1
29277,1
29280,1
29284,2
29287,1
29304,1
29309,2
29316,1
29318,1
29322,2
29325,1
29331,3
29336,1
29339,2
29343,1
29348,1
29356,1
29359,1
29369,1
29372,1
29374,1
29378,3
29390,1
29393,1
29405,1
29415,1
29423,1
29430,1
29434,2
29444,1
29447,1
29453,1
29459,1
29466,1
29481,1
29483,1
29490,2
29493,2
29502,1
29508,4
29511,1
29513,1
29515,1
29520,1
29528,1
29531,2
29537,1
29540,1
29543,1
29550,1
29554,1
29564,1
29566,1
29569,1
29574,1
29585,1
29595,1
29598,1
29601,1
29605,2
29611,1
29615,1
29622,3
29626,1
29630,1
29637,1
29641,2
29644,2
29653,1
29658,1
29663,1
29670,1
29672,1
29676,2
29686,1
29690,2
29693,1
29717,1
29723,3
29725,1
29737,1
29742,1
29746,2
29749,1
29755,1
29767,1
29769,1
29776,1
29784,1
29786,1
29788,1
29790,1
29793,1
29798,1
29805,1
29809,1
29811,1
29818,1
29823,1
29827,1
29829,1
29843,1
29853,1
29855,1
29858,1
29864,1
29870,1
29877,2
29881,2
29883,1
29889,1
29892,1
29894,1
29902,2
29905,1
29913,1
29915,1
29922,1
29925,2
29929,1
29932,1
29939,1
29948,1
29952,2
29954,1
29961,1
29966,1
29970,1
29974,1
29980,2
29985,2
29997,1
30001,3
30004,1
30007,1
30016,1
30019,1
30025,1
30028,1
30030,1
30037,2
30039,1
30046,1
30049,1
30059,2
30061,1
30063,1
30067,2
30073,1
30076,1
30080,1
30085,1
30091,4
30093,1
30100,3
30102,1
30104,1
30106,1
30115,3
30119,1
30123,3
30129,1
30135,2
30139,1
30141,1
30151,1
30156,1
30163,3
30165,1
30173,1
30175,1
30180,1
30194,1
30201,1
30205,1
30207,1
30221,1
30224,1
30226,1
30236,1
30241,2
30243,1
30250,2
30254,1
30260,2
30280,1
30290,1
30292,1
30294,1
30297,1
30299,1
30301,1
30305,1
30308,1
30314,1
30317,1
30322,1
30324,1
30331,2
30333,1
30336,1
30343,1
30350,1
30352,1
30354,1
30359,3
30365,1
30367,1
30370,1
30374,1
30390,1
30392,1
30402,1
30406,1
30410,1
30413,1
30416,1
30420,1
30425,1
30430,3
30432,1
30437,1
30439,1
30451,1
30455,1
30461,1
30464,1
30470,2
30474,1
30496,2
30506,2
30509,1
30511,1
30514,1
30524,1
30526,1
30530,1
30534,1
30541,2
30543,1
30553,1
30556,1
30558,1
30567,2
30582,1
30590,1
30602,1
30609,2
30619,2
30623,1
30631,2
30633,1
30635,1
30642,1
30648,1
30652,2
30655,1
30660,2
30671,1
30681,1
30686,1
30695,1
30700,2
30703,1
30711,1
30713,1
30717,2
30719,1
30733,1
30736,1
30743,2
30752,1
30760,2
30765,2
30769,1
30772,1
30774,1
30778,1
30790,1
30793,1
30797,1
30800,2
30802,1
30804,1
30815,1
30824,1
30837,2
30841,1
30844,1
30848,1
30852,1
30858,2
30861,1
30866,1
30871,1
30897,3
30901,1
30903,1
30905,1
30908,1
30912,1
30916,1
30932,1
30937,1
30941,1
30943,1
30947,1
30957,1
30959,1
30965,1
30967,1
30975,1
30978,1
30982,1
30984,1
30988,1
30995,1
31004,2
31009,1
31014,1
31021,1
31024,1
31030,1
31034,1
31047,1
31049,1
31051,1
31056,1
31059,1
31066,1
31071,1
31076,1
31078,1
31082,1
31087,2
31095,1
31097,1
31111,1
31118,2
31138,1
31143,1
31148,2
31150,1
31154,2
31156,1
31161,1
31174,2
31177,1
31180,1
31186,1
31195,2
31197,1
31201,1
31209,1
31212,1
31215,1
31218,1
31227,1
31230,2
31237,3
31239,1
31252,3
31254,1
31262,1
31264,1
31268,1
31270,1
31276,2
31289,1
31294,2
31298,1
31302,1
31307,1
31312,2
31314,1
31316,1
31318,1
31322,1
31326,1
31331,3
31335,2
31338,1
31343,1
31345,1
31350,1
31352,1
31356,3
31359,1
31362,1
31364,1
31368,1
31378,1
31381,2
31391,1
31394,1
31396,1
31402,1
31405,1
31413,2
31421,1
31424,1
31426,1
31432,4
31434,1
31438,1
31442,1
31446,2
31452,2
31457,2
31465,2
31470,1
31472,1
31474,1
31476,1
31479,1
31484,1
31494,1
31496,1
31504,1
31523,1
31531,1
31533,1
31537,1
31543,1
31556,2
31560,1
31564,2
31566,1
31571,1
31579,1
31584,1
31587,1
31591,1
31599,1
31603,2
31606,1
31614,2
31617,1
31623,1
31630,1
31632,1
31636,3
31643,1
31653,2
31659,1
31664,2
31678,2
31686,1
31692,1
31695,1
31705,1
31719,1
31722,2
31724,1
31736,1
31740,1
31742,1
31747,1
31755,1
31757,1
31760,2
31764,3
31770,2
31781,1
31789,1
31794,3
31797,1
31799,1
31802,1
31808,1
31813,1
31817,1
31827,1
31840,1
31843,1
31848,1
31851,1
31870,1
31872,1
31875,1
31880,1
31890,2
31892,1
31896,1
31900,1
31903,2
31916,1
31919,2
31926,1
31928,1
31933,1
31935,1
31943,1
31949,1
31952,1
31962,2
31966,1
31969,2
31972,1
31979,1
31982,2
31987,1
31989,1
31991,1
31994,2
32001,1
32011,1
32017,2
32021,1
32023,1
32025,1
32027,1
32032,1
32041,2
32046,2
32048,1
32050,1
32055,1
32059,2
32063,1
32066,1
32071,2
32080,1
32090,4
32095,2
32097,1
32104,1
32108,1
32112,1
32123,2
32125,1
32129,1
32131,1
32141,2
32143,1
32151,1
32154,1
32158,2
32162,2
32167,3
32169,1
32179,1
32183,1
32192,1
32199,2
32203,1
32207,2
32210,1
32220,1
32222,1
32224,1
32230,2
32236,1
32238,1
32241,1
32246,1
32256,1
32267,1
32282,1
32285,2
32294,1
32303,1
32305,1
32307,1
32314,2
32319,1
32322,1
32327,2
32332,1
32337,1
32339,1
32345,1
32347,1
32351,1
32353,1
32355,1
32358,2
32367,4
32388,1
32390,1
32392,1
32396,2
32399,1
32404,1
32409,1
32413,1
32420,1
32425,1
32427,1
32429,1
32434,1
32440,1
32443,1
32448,2
32450,1
32453,1
32457,2
32459,1
32464,1
32473,1
32481,1
32487,2
32491,1
32493,1
32495,1
32500,1
32509,3
32514,2
32516,1
32519,1
32527,1
32530,1
32532,1
32534,1
32537,1
32541,1
32551,1
32553,1
32566,2
32582,2
32588,2
32602,2
32606,1
32608,1
32612,1
32616,2
32619,1
32624,1
32629,1
32634,3
32637,1
32643,1
32646,1
32655,1
32661,1
32665,2
32686,1
32690,1
32692,1
32694,1
32698,1
32701,1
32714,1
32718,1
32726,2
32730,1
32732,1
32747,1
32751,1
32755,1
32766,1
32776,2
32781,1
32785,1
32793,1
32796,1
32799,2
32816,1
32819,1
32823,1
32833,1
32837,1
32840,1
32844,2
32847,1
32854,1
32858,2
32863,2
32868,1
32875,1
32882,2
32886,2
32892,2
32894,1
32898,2
32901,1
32903,1
32906,1
32908,1
32914,1
32924,1
32927,1
32931,1
32937,1
32940,1
32946,1
32955,1
32957,1
32960,1
32966,1
32973,1
32977,1
32988,1
32991,1
32995,2
33001,3
33006,1
33013,1
33019,1
33025,1
33028,1
33032,1
33040,2
33042,1
33052,1
33054,1
33059,3
33066,3
33079,1
33082,2
33086,1
33097,3
33101,1
33106,1
33112,2
33119,2
33130,1
33132,1
33135,1
33138,1
33144,1
33151,1
33154,1
33156,1
33158,1
33162,1
33169,2
33171,1
33178,3
33186,1
33192,1
33195,1
33198,1
33201,1
33207,1
33211,1
33216,1
33226,1
33232,1
33235,2
33240,1
33247,2
33252,1
33255,1
33260,1
33264,1
33268,3
33271,1
33282,1
33289,1
33291,1
33299,1
33303,1
33305,1
33314,2
33317,1
33322,1
33324,1
33326,1
33332,1
33334,1
33338,2
33345,1
33353,1
33364,1
33366,1
33379,1
33385,3
33388,1
33392,1
33399,1
33404,1
33407,1
33422,3
33435,1
33437,1
33440,1
33442,1
33446,1
33449,1
33457,1
33459,1
33461,1
33468,2
33475,1
33477,1
33480,1
33482,1
33485,1
33487,1
33490,1
33496,1
33499,2
33508,1
33515,1
33518,1
33520,1
33531,1
33536,2
33540,1
33543,1
33548,2
33553,1
33560,1
33562,1
33568,1
33573,2
33584,1
33586,1
33589,1
33591,1
33595,1
33598,1
33603,1
33609,3
33620,1
33622,1
33624,1
33632,1
33637,1
33640,1
33646,2
33654,1
33663,1
33665,1
33670,1
33674,1
33684,1
33691,3
33694,1
33700,1
33702,1
33709,2
33716,1
33719,2
33723,2
33730,1
33733,1
33736,1
33745,4
33756,1
33758,1
33760,1
33766,1
33772,1
33775,2
33780,1
33784,1
33786,1
33788,1
33791,1
33800,1
33802,1
33810,1
33813,2
33829,1
33831,1
33836,2
33843,1
33847,2
33849,1
33854,1
33859,1
33863,1
33885,2
33888,1
33892,2
33897,1
33900,2
33907,1
33914,1
33918,2
33924,1
33928,1
33940,1
33950,3
33960,1
33963,2
33965,1
33969,1
33972,1
33977,1
33992,1
33996,1
34000,2
34003,1
34007,1
34009,1
34013,2
34024,1
34026,1
34029,1
34032,1
34034,1
34054,1
34056,1
34059,1
34062,1
34073,3
34082,1
34087,1
34092,1
34094,1
34107,1
34116,1
34121,1
34123,1
34133,2
34135,1
34137,1
34142,1
34145,1
34154,1
34156,1
34161,2
34163,1
34165,1
34168,1
34172,1
34179,1
34184,1
34187,1
34191,3
34198,1
34204,1
34217,1
34233,1
34237,1
34249,1
34252,1
34256,1
34258,1
34265,2
34268,1
34271,1
34274,1
34283,1
34292,1
34294,1
34300,2
34304,1
34306,1
34311,1
34320,1
34324,1
34335,1
34348,1
34352,1
34358,1
34362,1
34364,1
34371,1
34373,1
34383,1
34391,1
34395,2
34397,1
34401,1
34411,1
34421,2
34423,1
34426,1
34437,1
34446,1
34449,1
34454,1
34457,1
34463,1
34474,1
34495,1
34500,1
34503,1
34507,2
34522,1
34525,1
34531,1
34534,1
34540,1
34542,1
34544,1
34546,1
34548,1
34550,1
34556,1
34558,1
34560,1
34563,1
34581,1
34583,1
34593,3
34603,2
34606,1
34611,2
34613,1
34616,1
34618,1
34621,1
34626,1
34630,1
34636,1
34646,2
34657,2
34660,1
34663,1
34668,1
34676,1
34680,1
34682,1
34688,1
34691,1
34693,1
34699,2
34704,1
34706,1
34710,1
34716,1
34719,2
34721,1
34724,1
34728,1
34735,2
34744,1
34750,3
34752,1
34755,1
34757,1
34761,3
34763,1
34766,1
34769,1
34772,1
34777,1
34780,2
34784,2
34790,2
34793,1
34796,1
34798,1
34802,1
34812,1
34821,1
34826,1
34831,2
34836,1
34838,1
34841,1
34846,1
34849,1
34853,1
34857,1
34862,1
34865,1
34869,1
34871,1
34876,1
34878,1
34880,1
34882,1
34884,1
34890,3
34895,1
34901,1
34905,1
34907,1
34914,1
34923,1
34925,1
34930,1
34933,2
34937,1
34942,2
34946,1
34952,1
34961,1
34971,1
34981,1
34983,1
34988,1
34991,1
34993,1
35001,1
35011,1
35013,1
35017,1
35024,1
35028,2
35031,1
35035,1
35041,1
35048,1
35051,1
35058,1
35071,1
35073,1
35075,1
35086,1
35091,1
35095,1
35100,2
35106,1
35110,1
35112,1
35115,1
35118,1
35120,1
35125,1
35131,1
35140,1
35143,1
35145,1
35161,2
35167,1
35169,1
35175,1
35177,1
35184,1
35186,1
35197,2
35199,1
35203,3
35207,1
35209,1
35216,1
35222,1
35225,1
35230,2
35233,2
35235,1
35240,1
35247,1
35251,1
35262,2
35265,1
35271,1
35278,1
35280,1
35282,1
35286,1
35288,1
35290,1
35294,1
35297,2
35302,2
35309,2
35314,1
35316,1
35318,1
35327,2
35338,1
35344,1
35354,1
35359,1
35364,1
35368,1
35373,3
35384,1
35389,2
35391,1
35400,1
35406,1
35410,1
35417,1
35424,1
35433,1
35442,2
35444,1
35449,1
35453,2
35455,1
35457,1
35459,1
35462,2
35465,2
35469,1
35472,2
35477,1
35484,1
35491,1
35498,1
35501,2
35504,2
35506,1
35510,2
35512,1
35520,1
35522,1
35532,1
35535,1
35537,1
35540,1
35549,1
35560,2
35564,1
35567,1
35569,1
35573,1
35578,2
35581,1
35586,1
35591,2
35593,1
35597,1
35601,1
35604,1
35608,1
35615,1
35620,1
35625,1
35633,1
35642,1
35648,2
35651,2
35663,1
35665,1
35671,2
35674,1
35677,2
35685,1
35688,1
35694,1
35696,1
35700,2
35705,1
35709,1
35713,1
35720,2
35725,1
35728,1
35731,2
35734,1
35739,2
35747,1
35754,1
35762,1
35764,1
35770,1
35772,1
35774,1
35777,1
35783,1
35785,1
35805,1
35807,1
35811,1
35814,1
35822,3
35828,1
35831,1
35834,1
35840,2
35844,2
35847,1
35854,2
35864,1
35868,1
35871,1
35873,1
35878,2
35888,1
35893,1
35899,1
35902,1
35908,1
35914,1
35919,1
35923,1
35927,1
35932,1
35939,1
35945,1
35955,1
35962,4
35965,1
35971,2
35973,1
35980,1
35983,1
35990,2
35998,1
36000,1
36016,1
36018,1
36020,1
36027,1
36033,1
36038,1
36045,1
36052,1
36055,1
36057,1
36060,1
36066,1
36075,1
36079,1
36082,2
36084,1
36094,1
36103,1
36109,1
36115,2
36119,1
36121,1
36127,4
36130,2
36141,1
36149,1
36153,1
36158,1
36163,1
36166,1
36173,1
36175,1
36179,1
36182,2
36186,2
36192,1
36194,1
36196,1
36202,1
36208,1
36211,1
36214,1
36226,1
36245,1
36247,1
36251,1
36260,1
36271,2
36277,2
36282,1
36294,2
36298,1
36308,1
36312,1
36314,1
36320,1
36325,1
36330,1
36337,1
36345,1
36348,1
36355,1
36357,1
36363,1
36366,2
36375,1
36380,1
36383,1
36386,1
36389,1
36392,2
36399,2
36402,2
36411,1
36420,1
36425,2
36435,1
36437,1
36440,1
36443,1
36445,1
36448,1
36453,1
36462,1
36466,1
36468,1
36474,1
36480,1
36485,1
36495,1
36497,1
36499,1
36501,1
36503,1
36507,1
36510,1
36518,1
36523,2
36527,1
36530,1
36535,1
36537,1
36543,1
36546,2
36565,1
36567,1
36571,1
36576,1
36579,1
36581,1
36588,3
36591,1
36595,1
36599,1
36609,1
36611,1
36615,1
36626,1
36636,2
36638,1
36641,1
36646,2
36649,2
36652,1
36654,1
36661,1
36670,2
36674,2
36679,2
36681,1
36684,1
36697,1
36699,1
36705,1
36709,2
36713,1
36717,1
36719,1
36722,1
36727,1
36731,1
36740,1
36747,1
36749,1
36755,1
36757,1
36760,1
36765,1
36774,2
36781,1
36787,1
36791,1
36798,1
36803,1
36810,1
36830,1
36834,1
36837,1
36839,1
36847,2
36849,1
36852,1
36860,2
36864,1
36873,1
36876,1
36878,1
36883,1
36888,1
36898,1
36900,1
36902,1
36906,1
36914,1
36916,1
36918,1
36924,2
36928,1
36931,1
36937,1
36942,2
36944,1
36949,1
36955,1
36960,1
36963,1
36965,1
36971,1
36977,2
36982,3
36984,1
36988,3
37001,1
37006,1
37008,1
37012,1
37015,1
37021,1
37027,1
37029,1
37034,1
37037,1
37039,1
37041,1
37051,2
37056,1
37062,1
37067,1
37069,1
37071,1
37075,1
37078,2
37080,1
37088,2
37101,2
37105,2
37107,1
37111,1
37117,2
37119,1
37130,2
37133,1
37142,1
37147,2
37150,2
37153,1
37155,1
37158,2
37164,2
37167,2
37170,1
37177,1
37185,3
37198,2
37205,3
37208,1
37211,1
37216,1
37221,1
37223,1
37226,1
37229,2
37233,1
37243,1
37249,1
37255,1
37262,1
37265,2
37271,1
37276,3
37281,1
37292,2
37294,1
37299,1
37305,1
37307,1
37310,2
37312,1
37314,1
37316,1
37319,1
37329,2
37332,2
37340,1
37343,1
37350,1
37355,1
37362,1
37366,1
37371,1
37374,1
37382,1
37384,1
37386,1
37389,2
37394,1
37397,1
37404,1
37406,1
37409,1
37415,1
37418,2
37420,1
37425,2
37427,1
37436,1
37438,1
37442,1
37445,2
37452,2
37456,1
37459,2
37467,1
37469,1
37477,1
37480,2
37482,1
37486,2
37507,1
37513,1
37517,1
37519,1
37522,2
37524,1
37529,1
37539,1
37544,1
37548,1
37550,1
37559,1
37568,1
37570,1
37573,2
37579,1
37583,1
37587,1
37593,1
37600,1
37604,1
37617,2
37625,1
37630,1
37636,1
37638,1
37643,2
37649,1
37654,1
37657,1
37659,1
37666,1
37676,1
37683,2
37687,2
37694,1
37701,1
37703,1
37706,2
37708,1
37712,1
37721,1
37729,1
37739,2
37741,1
37749,1
37754,1
37761,1
37765,1
37767,1
37773,1
37780,1
37784,1
37790,1
37795,1
37801,1
37807,2
37809,1
37813,2
37818,1
37831,1
37835,1
37839,1
37846,2
37848,1
37850,1
37854,1
37856,1
37860,1
37869,1
37873,1
37875,1
37877,1
37887,2
37890,2
37894,1
37896,1
37898,1
37902,1
37907,1
37915,1
37918,1
37921,2
37927,1
37947,1
37952,1
37954,1
37962,2
37965,1
37972,1
37979,1
37982,2
37987,2
37992,3
37995,1
37997,1
37999,1
38002,2
38007,1
38013,1
38017,1
38021,1
38023,1
38025,1
38029,2
38033,1
38037,1
38039,1
38041,1
38043,1
38049,1
38054,1
38057,2
38060,1
38064,1
38068,1
38071,1
38074,2
38081,1
38083,1
38087,1
38091,1
38105,1
38108,1
38110,1
38113,1
38117,2
38119,1
38124,1
38127,2
38133,1
38135,1
38137,1
38143,1
38145,1
38148,1
38153,1
38156,1
38159,1
38163,2
38169,1
38175,1
38177,1
38179,1
38181,1
38187,1
38189,1
38191,1
38195,1
38200,1
38205,1
38213,2
38217,1
38227,1
38229,1
38235,1
38241,2
38245,1
38263,1
38273,1
38276,2
38283,3
38299,1
38301,1
38303,1
38305,1
38307,1
38312,1
38316,2
38322,2
38326,2
38339,1
38342,1
38346,1
38350,1
38365,1
38374,2
38378,1
38383,1
38389,1
38391,1
38404,1
38406,1
38417,2
38433,2
38439,1
38441,1
38447,1
38449,1
38453,1
38459,1
38464,2
38466,1
38472,1
38475,1
38478,1
38486,1
38491,1
38494,1
38501,1
38503,1
38508,2
38512,1
38515,1
38531,1
38534,1
38536,1
38542,1
38544,1
38548,1
38552,1
38554,1
38556,1
38567,1
38570,1
38573,1
38589,1
38607,1
38610,1
38614,2
38616,1
38624,1
38626,1
38633,1
38635,1
38638,1
38641,1
38647,1
38653,1
38656,1
38659,1
38664,1
38668,1
38673,3
38676,1
38690,1
38696,4
38701,1
38705,1
38707,1
38709,1
38711,1
38723,1
38726,1
38728,1
38732,3
38735,1
38750,1
38753,1
38757,1
38759,1
38762,1
38774,1
38780,1
38786,1
38789,2
38792,2
38798,1
38806,3
38809,2
38816,1
38819,1
38825,1
38835,1
38837,1
38839,1
38844,1
38848,3
38858,1
38861,2
38863,1
38868,3
38876,1
38881,1
38892,1
38906,1
38908,1
38910,1
38916,2
38918,1
38921,1
38924,1
38932,1
38946,1
38955,1
38960,1
38968,2
38974,1
38989,2
38994,1
38998,1
39007,1
39011,2
39014,2
39019,2
39029,1
39031,1
39034,1
39037,2
39042,2
39046,1
39055,1
39058,1
39061,1
39063,1
39068,1
39074,3
39076,1
39084,1
39086,1
39097,1
39106,1
39110,2
39113,1
39117,2
39119,1
39125,1
39135,1
39137,1
39140,2
39142,1
39162,1
39173,1
39177,1
39180,1
39184,1
39187,2
39189,1
39192,2
39196,1
39198,1
39202,1
39210,1
39215,1
39217,1
39225,2
39230,1
39234,1
39236,1
39238,1
39244,1
39252,1
39255,1
39259,1
39265,3
39268,1
39275,1
39277,1
39281,1
39289,2
39295,1
39299,1
39301,1
39305,2
39307,1
39320,1
39324,1
39327,2
39332,1
39336,2
39343,1
39349,1
39354,1
39358,2
39362,2
39370,1
39373,1
39375,1
39380,1
39384,1
39390,1
39397,2
39400,1
39408,2
39412,1
39417,1
39420,1
39423,1
39426,1
39430,2
39433,1
39436,1
39440,1
39442,1
39450,1
39453,2
39456,1
39460,2
39473,2
39478,3
39480,1
39485,1
39491,1
39495,1
39498,2
39514,2
39518,1
39527,1
39531,3
39536,1
39539,1
39541,1
39543,1
39556,1
39558,1
39561,2
39563,1
39569,1
39572,1
39586,1
39592,3
39596,1
39606,1
39610,1
39612,1
39614,1
39618,2
39620,1
39623,2
39625,1
39627,1
39635,1
39641,1
39643,1
39645,1
39648,1
39650,1
39652,1
39659,1
39665,1
39672,1
39680,1
39684,1
39687,1
39692,1
39700,1
39709,1
39720,2
39729,1
39733,2
39735,1
39742,3
39752,2
39766,1
39768,1
39773,1
39775,1
39778,2
39781,1
39784,1
39787,2
39790,1
39800,1
39805,1
39820,2
39822,1
39826,1
39829,1
39835,1
39849,1
39860,1
39862,1
39867,1
39871,1
39888,1
39891,2
39894,2
39897,1
39899,1
39904,2
39912,2
39916,1
39918,1
39920,1
39933,1
39936,1
39951,1
39956,1
39958,1
39970,1
39976,1
39979,1
39983,2
39987,2
39992,1
39996,1
40002,1
40006,1
40009,1
40026,3
40029,1
40038,1
40044,2
40046,1
40050,1
40058,1
40061,1
40069,1
40076,1
40082,2
40085,1
40088,1
40096,2
40109,1
40111,1
40118,1
40121,1
40124,1
40136,2
40138,1
40143,1
40154,1
40159,1
40161,1
40167,1
40169,1
40173,1
40179,1
40181,1
40189,1
40191,1
40208,1
40212,1
40215,1
40225,1
40227,1
40232,2
40238,1
40247,1
40253,1
40256,1
40260,1
40262,1
40264,1
40267,1
40269,1
40272,1
40277,2
40279,1
40284,1
40286,1
40292,1
40297,1
40299,1
40302,1
40311,2
40315,1
40319,1
40321,1
40324,2
40334,1
40337,1
40344,1
40348,1
40352,2
40357,1
40359,1
40361,1
40369,1
40373,2
40376,1
40387,1
40391,2
40396,1
40403,1
40411,1
40417,2
40425,2
40437,1
40441,1
40443,1
40451,1
40453,1
40455,1
40457,1
40459,1
40464,2
40468,1
40470,1
40475,1
40478,1
40483,1
40485,1
40488,1
40493,1
40495,1
40504,1
40508,2
40511,1
40516,1
40522,1
40525,1
40529,1
40535,1
40542,1
40546,2
40550,1
40553,1
40560,1
40563,2
40573,2
40578,2
40580,1
40584,1
40596,1
40598,1
40603,2
40607,1
40614,1
40616,1
40619,1
40624,1
40630,1
40646,1
40654,1
40656,1
40659,1
40663,1
40673,2
40677,1
40682,1
40684,1
40692,2
40697,1
40700,2
40703,2
40712,2
40716,1
40724,3
40726,1
40728,1
40737,1
40739,1
40747,1
40751,1
40759,1
40762,1
40766,1
40776,2
40778,1
40796,1
40798,1
40802,1
40806,1
40813,2
40821,3
40827,3
40829,1
40831,1
40844,2
40849,1
40858,1
40862,1
40871,1
40874,1
40876,1
40878,1
40880,1
40885,1
40888,1
40890,1
40893,2
40898,1
40901,1
40907,2
40910,2
40917,1
40926,1
40930,2
40932,1
40945,1
40952,1
40970,2
40974,1
40976,1
40983,1
40985,1
40996,1
41002,1
41004,1
41012,1
41015,2
41018,1
41022,1
41025,1
41028,1
41032,1
41041,3
41055,1
41057,1
41061,1
41070,1
41081,1
41085,1
41092,1
41096,1
41106,2
41112,1
41115,1
41120,1
41124,2
41130,1
41138,1
41142,1
41153,1
41159,1
41165,1
41171,1
41173,1
41185,2
41193,1
41197,1
41200,2
41213,1
41215,1
41217,1
41224,1
41229,1
41231,1
41235,2
41237,1
41243,2
41253,2
41255,1
41259,2
41269,1
41273,1
41279,2
41292,1
41294,1
41296,1
41301,1
41309,1
41321,1
41323,1
41336,2
41342,1
41344,1
41349,1
41358,1
41364,1
41370,1
41373,2
41375,1
41377,1
41382,1
41386,2
41391,1
41394,1
41401,2
41403,1
41405,1
41408,1
41411,1
41420,1
41426,1
41431,1
41433,1
41437,2
41442,2
41445,1
41451,1
41458,1
41463,1
41466,1
41470,1
41477,1
41481,1
41486,2
41496,1
41503,1
41505,1
41521,1
41526,1
41529,2
41535,1
41537,1
41539,1
41550,1
41555,1
41558,1
41562,2
41573,2
41576,1
41583,1
41585,1
41594,2
41597,1
41601,1
41604,1
41606,1
41613,1
41617,1
41630,1
41636,1
41640,1
41643,1
41654,2
41659,2
41668,1
41682,1
41688,1
41693,4
41697,1
41701,2
41705,1
41709,1
41717,1
41729,1
41737,1
41741,1
41744,2
41746,1
41751,1
41754,2
41759,1
41764,2
41766,1
41769,2
41771,1
41773,1
41787,1
41790,1
41795,1
41802,1
41807,2
41819,1
41823,2
41826,2
41828,1
41833,1
41839,1
41842,2
41844,1
41849,1
41852,1
41859,2
41862,2
41864,1
41869,1
41875,2
41877,1
41886,1
41894,1
41901,1
41910,1
41914,1
41918,1
41922,1
41931,1
41936,1
41939,1
41942,1
41949,1
41953,1
41957,2
41960,1
41968,1
41971,1
41978,1
41983,3
41986,1
41993,1
41999,1
42002,1
42007,1
42009,1
42013,1
42016,2
42025,1
42031,2
42034,1
42037,1
42039,1
42041,1
42044,1
42046,1
42048,1
42053,2
42060,1
42064,3
42071,2
42080,2
42085,1
42091,1
42096,2
42106,2
42111,2
42114,1
42119,1
42121,1
42125,2
42128,1
42132,1
42136,1
42140,1
42143,2
42145,1
42149,1
42153,1
42162,1
42165,1
42184,2
42196,1
42198,1
42207,2
42213,1
42217,1
42220,2
42223,1
42232,2
42234,1
42241,1
42243,1
42247,1
42250,2
42257,1
42259,1
42263,1
42268,1
42270,1
42278,2
42280,1
42295,1
42312,1
42314,1
42317,1
42325,1
42332,2
42334,1
42345,1
42350,1
42362,1
42366,1
42368,1
42373,1
42375,1
42383,1
42385,1
42390,2
42395,1
42399,1
42401,1
42418,3
42420,1
42422,1
42429,1
42431,1
42437,1
42439,1
42441,1
42445,2
42447,1
42449,1
42451,1
42459,1
42464,1
42467,1
42472,1
42475,2
42477,1
42479,1
42487,1
42489,1
42498,1
42507,2
42515,1
42517,1
42525,1
42529,1
42531,1
42534,1
42540,1
42544,1
42555,1
42558,1
42567,1
42573,1
42592,1
42595,2
42597,1
42602,1
42607,1
42616,1
42622,2
42634,1
42638,1
42640,1
42642,1
42644,1
42650,2
42660,1
42667,1
42672,1
42680,1
42683,1
42685,1
42688,1
42693,2
42698,3
42705,1
42710,1
42714,1
42718,1
42721,1
42725,1
42729,1
42732,2
42742,1
42744,1
42747,2
42750,2
42759,1
42766,1
42770,1
42773,1
42780,1
42782,1
42788,1
42792,1
42794,1
42803,1
42807,2
42813,3
42816,1
42819,1
42828,1
42830,1
42839,1
42841,1
42849,3
42854,1
42857,1
42861,2
42865,2
42869,2
42871,1
42875,1
42881,1
42884,1
42888,1
42890,1
42892,1
42895,2
42897,1
42901,1
42910,1
42912,1
42917,1
42920,1
42939,1
42951,2
42958,2
42964,1
42970,1
42988,1
42995,1
43002,1
43004,1
43006,1
43008,1
43011,1
43030,2
43032,1
43037,1
43039,1
43045,1
43050,1
43052,1
43056,2
43058,1
43061,1
43063,1
43069,1
43071,1
43081,1
43084,1
43093,1
43099,1
43116,1
43125,2
43127,1
43130,1
43136,1
43138,1
43141,1
43144,1
43148,2
43150,1
43155,1
43161,1
43168,1
43173,1
43180,1
43184,1
43189,1
43191,1
43193,1
43196,2
43205,1
43211,1
43213,1
43228,1
43235,1
43241,2
43258,1
43260,1
43264,2
43266,1
43271,1
43279,2
43281,1
43284,2
43286,1
43304,1
43306,1
43308,1
43310,1
43316,1
43321,1
43323,1
43328,2
43332,1
43338,2
43349,1
43354,1
43360,1
43365,1
43374,1
43383,1
43392,1
43398,2
43404,1
43412,1
43415,2
43417,1
43422,2
43429,1
43438,1
43446,3
43449,2
43453,1
43461,1
43469,1
43471,1
43475,2
43477,1
43481,2
43484,1
43486,1
43488,1
43491,1
43494,1
43500,2
43506,1
43508,1
43511,1
43514,1
43516,1
43519,1
43526,1
43529,1
43536,1
43538,1
43547,1
43552,1
43555,1
43563,1
43567,2
43570,1
43572,1
43575,1
43580,1
43584,1
43586,1
43595,1
43597,1
43606,2
43608,1
43617,1
43619,1
43625,1
43632,1
43636,2
43638,1
43642,1
43649,1
43651,1
43653,1
43671,1
43684,1
43693,1
43697,2
43713,1
43718,1
43722,1
43725,1
43731,2
43734,1
43739,1
43746,2
43753,2
43755,1
43766,1
43768,1
43780,1
43785,2
43795,2
43797,1
43801,1
43805,1
43813,1
43815,1
43819,1
43821,1
43826,1
43833,1
43839,1
43842,1
43846,2
43849,2
43851,1
43860,1
43870,2
43872,1
43875,1
43885,1
43888,1
43891,1
43893,1
43895,1
43901,1
43908,1
43911,1
43914,1
43916,1
43918,1
43922,1
43926,1
43930,2
43936,1
43939,2
43946,2
43953,1
43958,3
43971,2
43976,1
43980,1
43987,1
43991,1
43997,1
44003,1
44005,1
44007,1
44011,1
44018,1
44026,3
44031,1
44034,1
44038,1
44044,1
44046,1
44055,1
44058,1
44060,1
44065,1
44067,1
44070,1
44074,1
44076,1
44078,1
44083,2
44090,1
44100,1
44102,1
44106,1
44119,1
44126,1
44131,1
44136,3
44140,2
44143,1
44152,1
44160,2
44163,1
44166,1
44169,1
44181,1
44185,1
44187,1
44189,1
44204,1
44208,1
44217,1
44219,1
44222,1
44224,1
44227,1
44232,1
44234,1
44242,1
44255,1
44262,1
44266,1
44270,1
44278,1
44286,1
44293,1
44295,1
44300,1
44304,1
44307,2
44312,2
44322,1
44325,1
44329,1
44331,1
44335,1
44337,1
44346,2
44352,1
44361,2
44363,1
44367,1
44373,3
44376,1
44381,1
44384,1
44386,1
44392,1
44394,1
44402,2
44406,1
44410,1
44414,1
44420,1
44422,1
44425,2
44431,1
44434,1
44436,1
44440,1
44442,1
44445,1
44448,1
44451,1
44454,2
44457,1
44462,2
44467,1
44469,1
44477,2
44479,1
44483,1
44485,1
44488,1
44494,1
44496,1
44500,1
44504,2
44508,1
44510,1
44515,1
44518,2
44523,1
44528,1
44536,1
44543,2
44549,1
44551,1
44557,1
44562,1
44570,1
44575,1
44578,1
44580,1
44584,1
44587,1
44594,1
44599,1
44602,1
44606,1
44611,2
44613,1
44620,1
44623,1
44632,1
44634,1
44648,1
44653,1
44658,1
44663,1
44676,2
44683,2
44690,2
44696,1
44705,1
44707,1
44713,1
44715,1
44730,1
44732,1
44735,2
44738,1
44743,1
44745,1
44748,2
44750,1
44755,1
44764,1
44767,2
44772,2
44774,1
44780,1
44783,1
44786,1
44791,1
44794,1
44797,2
44804,4
44807,1
44813,1
44817,2
44821,1
44824,1
44833,1
44836,1
44838,1
44840,1
44848,2
44851,1
44857,1
44861,2
44863,1
44867,1
44869,1
44882,2
44897,2
44899,1
44901,1
44911,1
44913,1
44918,1
44935,1
44937,1
44941,2
44955,1
44959,1
44965,1
44969,1
44971,1
44981,2
44984,2
44991,1
44993,1
44996,1
44998,1
45001,1
45005,1
45009,1
45012,1
45025,1
45028,1
45032,3
45043,1
45050,3
45068,1
45071,2
45078,1
45086,1
45088,1
45094,1
45099,1
45106,2
45113,2
45119,3
45121,1
45125,1
45133,1
45137,1
45144,1
45153,1
45155,1
45159,1
45163,1
45165,1
45175,1
45182,1
45185,1
45189,1
45191,1
45200,1
45202,1
45207,1
45210,2
45213,1
45220,1
45240,2
45242,1
45245,1
45249,1
45252,1
45254,1
45256,1
45262,2
45267,2
45272,2
45278,1
45282,2
45292,1
45298,1
45306,2
45313,2
45317,1
45321,2
45327,3
45329,1
45336,2
45340,1
45342,1
45346,1
45349,2
45357,2
45363,1
45366,1
45373,1
45381,2
45385,1
45391,1
45398,2
45405,1
45414,1
45421,1
45424,1
45431,1
45439,1
45443,1
45445,1
45448,1
45455,2
45457,1
45463,1
45474,2
45476,1
45479,1
45486,1
45492,1
45495,1
45499,1
45501,1
45504,1
45513,2
45517,1
45519,1
45524,2
45533,2
45536,1
45540,2
45544,1
45550,3
45553,2
45556,1
45558,1
45567,1
45571,1
45573,1
45576,1
45580,1
45587,1
45589,1
45600,2
45608,1
45612,2
45620,1
45624,1
45631,1
45636,2
45639,2
45642,1
45644,1
45652,2
45656,2
45658,1
45665,2
45669,1
45672,1
45680,1
45686,1
45688,1
45690,1
45692,1
45697,1
45699,1
45702,1
45706,1
45716,1
45720,2
45723,1
45725,1
45733,1
45739,1
45741,1
45747,2
45755,1
45759,1
45763,1
45770,1
45777,1
45779,1
45781,1
45791,1
45794,1
45796,1
45800,1
45806,1
45810,1
45812,1
45817,1
45823,2
45832,1
45834,1
45842,1
45846,1
45852,1
45859,1
45863,1
45867,2
45870,1
45876,1
45882,1
45885,1
45887,1
45892,1
45906,1
45912,1
45923,1
45929,1
45931,1
45937,1
45944,1
45949,2
45955,1
45957,1
45963,1
45971,1
45973,1
45984,1
45986,1
45988,1
45999,1
46011,1
46015,2
46017,1
46020,1
46023,1
46025,1
46028,1
46031,1
46034,1
46039,2
46047,1
46052,1
46057,1
46060,2
46062,1
46064,1
46068,1
46070,1
46080,1
46086,1
46088,1
46092,1
46100,1
46105,2
46111,1
46115,1
46126,1
46140,2
46142,1
46144,1
46146,1
46148,1
46150,1
46155,2
46159,1
46164,1
46167,1
46169,1
46173,1
46175,1
46178,1
46180,1
46182,1
46187,1
46189,1
46193,1
46195,1
46199,1
46203,1
46210,1
46213,1
46218,1
46221,1
46225,1
46234,2
46239,2
46244,1
46251,1
46258,2
46263,2
46267,1
46270,2
46277,3
46279,1
46282,1
46286,2
46289,1
46291,1
46294,1
46298,2
46300,1
46304,1
46308,2
46314,1
46317,1
46324,1
46328,1
46335,1
46339,1
46345,1
46348,1
46352,1
46354,1
46358,2
46366,1
46373,1
46379,1
46385,1
46394,1
46398,1
46402,2
46404,1
46411,2
46419,1
46424,1
46428,1
46432,2
46437,2
46440,1
46447,1
46450,1
46453,1
46465,2
46467,1
46480,2
46486,1
46491,1
46497,1
46499,1
46516,1
46524,2
46530,1
46537,1
46543,1
46550,1
46559,1
46561,1
46570,1
46572,1
46576,1
46582,1
46589,1
46594,1
46597,1
46601,1
46612,1
46618,1
46622,2
46624,1
46640,1
46643,1
46646,2
46654,1
46657,1
46662,1
46671,1
46679,1
46688,1
46694,1
46699,1
46704,2
46710,1
46714,1
46716,1
46720,1
46723,1
46731,1
46734,1
46743,1
46746,1
46753,1
46760,1
46762,1
46769,1
46772,1
46777,1
46779,1
46784,1
46800,1
46803,1
46817,1
46820,1
46834,1
46836,1
46839,1
46842,1
46845,1
46852,1
46855,2
46864,1
46870,2
46872,1
46888,2
46893,1
46896,1
46898,1
46908,1
46913,2
46916,1
46921,1
46923,1
46931,1
46935,1
46938,1
46946,1
46952,1
46954,1
46956,1
46959,1
46962,1
46964,1
46970,1
46975,1
46981,1
46983,1
46986,1
47001,1
47011,1
47020,1
47036,2
47040,1
47043,1
47048,1
47051,1
47055,2
47057,1
47062,1
47064,1
47072,1
47075,1
47081,3
47084,2
47089,1
47093,1
47095,1
47097,1
47106,1
47108,1
47118,2
47124,2
47132,1
47135,1
47140,1
47142,1
47153,1
47162,3
47165,2
47167,1
47171,2
47174,1
47176,1
47179,1
47184,1
47189,1
47192,1
47195,1
47201,2
47206,2
47208,1
47213,1
47216,2
47221,1
47224,2
47229,2
47234,1
47243,2
47245,1
47248,1
47259,2
47266,1
47274,2
47280,1
47283,1
47289,1
47291,1
47294,1
47298,1
47314,1
47316,1
47320,1
47333,1
47335,1
47343,1
47349,1
47355,1
47365,1
47369,1
47373,1
47375,1
47379,1
47401,1
47403,1
47405,1
47408,1
47411,1
47414,1
47416,1
47418,1
47423,1
47425,1
47435,1
47438,1
47445,1
47447,1
47451,1
47454,1
47456,1
47460,1
47464,2
47473,1
47477,1
47479,1
47482,1
47485,1
47497,1
47502,1
47504,1
47512,1
47519,1
47522,1
47526,1
47531,2
47539,2
47544,1
47548,1
47552,3
47561,1
47570,1
47573,1
47578,1
47580,1
47591,1
47596,1
47598,1
47610,2
47616,1
47620,1
47622,1
47628,1
47632,1
47636,1
47643,1
47646,1
47655,1
47659,1
47661,1
47665,1
47667,1
47669,1
47677,2
47684,1
47687,1
47690,1
47693,1
47696,1
47700,1
47702,1
47710,1
47718,1
47721,2
47723,1
47725,1
47732,1
47734,1
47737,1
47750,1
47765,1
47767,1
47770,1
47776,1
47778,1
47785,1
47793,1
47801,1
47811,1
47820,1
47822,1
47829,1
47831,1
47834,2
47836,1
47841,1
47848,1
47856,1
47858,1
47860,1
47863,2
47866,1
47872,2
47882,1
47898,1
47909,1
47913,1
47916,2
47922,1
47924,1
47927,1
47930,1
47935,1
47940,2
47945,1
47948,1
47952,1
47956,2
47961,2
47963,1
47969,1
47976,1
47981,1
47984,1
47993,2
47999,1
48005,1
48009,1
48011,1
48016,1
48022,4
48024,1
48031,2
48041,1
48048,1
48053,1
48055,1
48057,1
48061,1
48064,1
48068,1
48072,1
48075,1
48077,1
48081,1
48092,1
48098,1
48107,1
48119,1
48124,1
48135,1
48144,1
48147,1
48153,1
48160,1
48163,2
48172,1
48180,1
48188,1
48193,1
48195,1
48199,1
48206,1
48219,1
48223,1
48233,2
48237,1
48245,1
48248,2
48251,1
48253,1
48257,1
48262,1
48269,1
48286,1
48288,1
48296,1
48301,1
48308,1
48311,1
48325,1
48329,1
48340,2
48342,1
48345,1
48347,1
48353,2
48358,1
48362,1
48368,1
48373,1
48379,2
48383,1
48388,1
48399,1
48406,1
48409,1
48411,1
48413,1
48421,1
48430,1
48432,1
48435,1
48449,1
48462,1
48468,1
48471,1
48473,1
48477,2
48479,1
48482,2
48484,1
48486,1
48488,1
48493,1
48498,1
48502,3
48507,1
48514,2
48519,1
48528,2
48537,1
48544,1
48546,1
48554,2
48557,1
48561,2
48564,1
48568,1
48573,1
48580,1
48582,1
48584,1
48587,2
48592,2
48600,1
48609,1
48612,1
48614,1
48616,1
48619,2
48625,1
48627,1
48632,2
48636,1
48640,1
48642,1
48652,2
48655,1
48658,1
48668,1
48670,1
48675,1
48680,3
48688,1
48690,1
48693,1
48697,2
48702,2
48709,1
48717,2
48723,1
48725,1
48737,1
48740,1
48748,1
48750,1
48754,2
48756,1
48767,1
48781,1
48783,1
48785,1
48799,1
48802,1
48809,1
48817,1
48821,1
48828,1
48831,1
48835,1
48846,1
48848,1
48851,1
48858,3
48882,1
48889,1
48897,1
48901,1
48904,2
48906,1
48912,1
48915,1
48917,1
48919,1
48922,2
48926,1
48933,1
48936,1
48940,2
48945,1
48953,2
48958,2
48964,1
48984,1
48994,1
49009,1
49011,1
49013,1
49015,1
49017,1
49019,1
49023,1
49030,1
49032,1
49035,1
49038,2
49044,3
49047,2
49050,1
49052,1
49055,1
49064,2
49074,2
49077,1
49088,1
49094,1
49100,2
49105,1
49110,1
49117,1
49121,1
49124,1
49128,1
49133,3
49138,1
49148,1
49152,1
49156,2
49165,2
49167,1
49170,1
49172,1
49180,1
49182,1
49188,2
49190,1
49196,1
49198,1
49203,1
49210,3
49213,1
49217,2
49223,1
49225,1
49228,1
49233,1
49239,1
49245,1
49257,1
49261,1
49267,2
49273,1
49291,1
49295,1
49299,1
49302,1
49305,1
49309,1
49314,1
49320,1
49324,1
49332,2
49339,2
49344,1
49357,1
49360,1
49371,1
49375,1
49380,1
49382,1
49388,1
49391,2
49393,1
49408,1
49414,1
49417,2
49419,1
49424,1
49426,1
49432,1
49437,1
49441,1
49443,1
49447,1
49449,1
49464,1
49468,1
49475,1
49479,1
49483,1
49486,1
49490,1
49496,1
49501,1
49505,1
49509,1
49511,1
49516,3
49519,1
49522,1
49527,1
49530,1
49537,1
49541,1
49549,1
49551,1
49556,1
49562,1
49565,1
49568,2
49577,1
49582,1
49592,1
49608,1
49620,1
49629,1
49632,1
49639,1
49643,1
49648,1
49662,1
49665,1
49669,1
49680,1
49684,2
49699,1
49705,1
49708,2
49715,1
49723,2
49727,1
49732,1
49737,1
49741,1
49749,3
49756,1
49758,1
49765,1
49767,1
49772,1
49775,1
49783,1
49785,1
49787,1
49793,1
49796,1
49802,1
49804,1
49806,1
49809,1
49812,1
49816,2
49818,1
49822,1
49825,2
49845,2
49850,1
49856,1
49861,1
49863,1
49866,1
49873,1
49877,2
49879,1
49882,1
49888,2
49892,1
49897,1
49901,1
49905,1
49907,1
49914,1
49923,2
49943,2
49955,1
49957,1
49959,1
49963,1
49966,2
49972,1
49979,1
49986,1
49991,1
49993,1
49998,1
50008,1
50015,1
50019,1
50025,1
50027,1
50032,1
50038,1
50040,1
50046,1
50048,1
50050,1
50055,1
50063,1
50073,1
50085,1
50089,1
50092,1
50094,1
50097,2
50100,1
50103,1
50105,1
50107,1
50112,1
50114,1
50121,1
50129,2
50149,1
50159,1
50162,1
50165,1
50175,1
50178,1
50182,1
50193,1
50200,1
50213,1
50220,1
50222,1
50226,2
50236,1
50243,2
50249,1
50252,2
50255,1
50258,1
50262,1
50270,1
50273,1
50276,1
50279,1
50282,2
50288,2
50290,1
50294,2
50301,1
50314,1
50317,1
50326,1
50328,1
50339,2
50344,1
50348,2
50351,1
50356,1
50359,1
50366,1
50371,2
50376,1
50382,1
50384,1
50386,1
50392,2
50395,2
50397,1
50412,1
50420,1
50424,3
50434,1
50438,1
50445,1
50448,2
50458,1
50460,1
50462,1
50466,2
50472,1
50480,1
50482,1
50484,1
50488,1
50490,1
50494,1
50498,1
50509,2
50513,1
50515,1
50517,1
50520,1
50527,1
50531,1
50536,1
50543,1
50546,1
50548,1
50550,1
50553,1
50559,1
50562,1
50572,2
50577,2
50582,2
50593,1
50597,3
50601,1
50606,2
50610,1
50615,1
50617,1
50622,1
50628,2
50630,1
50634,1
50641,1
50645,1
50648,1
50651,1
50654,1
50657,1
50659,1
50669,2
50677,3
50688,2
50695,1
50698,1
50701,1
50706,1
50709,2
50711,1
50718,2
50724,3
50729,2
50734,1
50742,1
50744,1
50748,1
50752,1
50758,2
50764,1
50789,1
50791,1
50796,2
50803,1
50805,1
50808,2
50817,1
50820,2
50825,1
50831,1
50835,1
50838,2
50841,2
50844,1
50846,1
50849,1
50853,1
50855,1
50859,2
50862,1
50865,2
50867,1
50880,1
50884,1
50890,1
50892,1
50899,1
50905,1
50910,2
50913,2
50917,1
50919,1
50923,1
50930,1
50936,1
50939,1
50941,1
50943,1
50952,1
50958,1
50963,1
50965,1
50969,2
50982,1
50998,1
51003,1
51006,1
51011,1
51021,1
51023,1
51028,2
51030,1
51035,1
51037,1
51044,1
51047,1
51049,1
51069,1
51072,1
51075,1
51077,1
51081,2
51088,1
51098,1
51101,1
51119,1
51121,1
51126,2
51132,1
51136,1
51144,2
51149,1
51155,1
51161,1
51175,1
51185,1
51190,2
51193,1
51195,1
51199,1
51203,1
51205,1
51209,1
51211,1
51213,1
51218,2
51224,2
51233,2
51236,1
51238,1
51245,1
51251,1
51256,1
51258,1
51260,1
51265,1
51268,1
51270,1
51275,1
51284,1
51286,1
51289,1
51291,1
51293,1
51296,1
51310,1
51316,2
51318,1
51325,1
51336,2
51338,1
51346,1
51348,1
51353,1
51356,1
51366,1
51380,2
51383,1
51386,2
51390,1
51399,2
51411,1
51417,1
51425,1
51434,1
51436,1
51439,1
51441,1
51444,1
51446,1
51448,1
51452,2
51455,2
51463,3
51465,1
51474,1
51477,1
51479,1
51481,1
51487,1
51491,2
51495,1
51498,1
51502,1
51512,1
51515,1
51521,1
51528,1
51532,1
51544,2
51546,1
51549,1
51555,1
51564,1
51572,1
51574,1
51579,1
51582,1
51585,1
51589,1
51591,1
51593,1
51602,2
51607,2
51609,1
51615,1
51621,1
51626,1
51629,1
51633,1
51637,1
51640,1
51645,1
51648,1
51652,2
51656,1
51658,1
51669,1
51678,1
51684,1
51695,1
51698,2
51700,1
51705,1
51710,1
51712,1
51715,1
51718,1
51723,1
51728,1
51730,1
51732,1
51735,1
51738,2
51742,3
51747,2
51750,1
51752,1
51754,1
51763,1
51766,2
51770,2
51782,1
51784,1
51786,1
51790,1
51799,2
51805,2
51809,1
51815,1
51820,1
51827,1
51835,2
51841,1
51848,1
51850,1
51853,1
51860,1
51863,1
51865,1
51867,1
51873,1
51882,1
51886,1
51889,1
51901,1
51906,1
51913,1
51923,1
51931,2
51935,1
51939,1
51942,1
51944,1
51948,2
51952,1
51955,1
51960,2
51965,1
51972,2
51984,1
51988,1
51993,1
51995,1
51997,1
51999,1
52001,1
52004,1
52012,1
52017,1
52021,1
52023,1
52028,1
52033,1
52040,1
52048,2
52052,1
52056,1
52062,1
52068,1
52071,1
52073,1
52087,1
52092,1
52094,1
52100,3
52103,2
52109,1
52111,1
52119,1
52127,1
52135,1
52145,1
52149,1
52154,1
52158,1
52162,1
52166,1
52176,2
52179,1
52184,1
52191,1
52195,1
52199,1
52206,2
52210,1
52213,1
52217,1
52222,1
52224,1
52229,1
52234,1
52245,1
52247,1
52251,3
52254,1
52256,1
52270,1
52274,2
52278,1
52289,1
52295,1
52299,1
52302,2
52320,2
52324,1
52327,1
52329,1
52335,2
52338,1
52340,1
52346,1
52350,1
52354,1
52361,2
52366,1
52368,1
52372,1
52380,1
52389,2
52397,1
52402,1
52406,1
52409,2
52414,3
52416,1
52419,1
52422,2
52425,1
52431,1
52435,1
52444,1
52446,1
52448,1
52454,1
52458,1
52461,2
52466,1
52471,1
52477,1
52479,1
52491,1
52494,1
52500,1
52509,1
52514,1
52519,1
52530,1
52537,1
52540,1
52544,2
52552,1
52560,1
52566,1
52569,1
52572,1
52574,1
52577,2
52579,1
52582,1
52584,1
52591,1
52596,1
52604,2
52606,1
52609,1
52614,1
52617,1
52619,1
52622,1
52624,1
52628,1
52630,1
52634,1
52639,2
52645,1
52650,1
52657,1
52664,1
52666,1
52669,1
52676,1
52678,1
52680,1
52687,1
52689,1
52695,1
52697,1
52699,1
52701,1
52704,1
52706,1
52712,1
52718,1
52723,2
52728,1
52733,1
52737,1
52741,2
52743,1
52755,2
52757,1
52761,1
52763,1
52768,1
52775,1
52782,2
52786,1
52794,1
52798,1
52800,1
52819,1
52823,1
52833,1
52835,1
52839,2
52841,1
52844,2
52848,1
52855,2
52868,1
52873,1
52875,1
52881,1
52883,1
52896,1
52899,1
52909,1
52924,1
52928,1
52940,1
52947,2
52954,1
52961,1
52965,2
52967,1
52969,1
52971,1
52982,1
52988,1
52993,1
52998,1
53000,1
53019,1
53025,1
53036,1
53039,1
53042,1
53047,2
53056,1
53061,1
53065,1
53069,1
53074,1
53078,1
53080,1
53084,1
53087,2
53093,2
53095,1
53105,2
53109,1
53122,1
53127,1
53135,1
53137,1
53140,2
53145,2
53153,1
53155,1
53160,1
53164,1
53171,2
53178,1
53191,1
53200,2
53208,1
53215,1
53219,1
53225,2
53229,2
53233,2
53237,1
53240,1
53245,1
53247,1
53250,1
53258,1
53267,2
53273,1
53296,2
53300,1
53307,1
53313,1
53316,1
53318,1
53325,1
53327,1
53335,1
53350,1
53355,2
53360,1
53374,1
53378,1
53380,1
53385,1
53394,1
53401,1
53404,1
53416,2
53418,1
53434,1
53438,1
53441,1
53449,1
53454,1
53456,1
53458,1
53461,1
53466,1
53468,1
53470,1
53473,1
53477,2
53484,1
53488,1
53491,1
53500,1
53505,1
53513,1
53521,1
53527,1
53532,1
53536,1
53538,1
53543,1
53548,2
53552,1
53554,1
53570,1
53572,1
53580,1
53582,1
53588,1
53596,1
53598,1
53612,1
53614,1
53616,1
53628,1
53634,1
53639,1
53648,1
53651,1
53653,1
53663,1
53668,1
53677,1
53686,1
53691,1
53697,1
53701,1
53707,1
53713,1
53724,1
53728,1
53734,1
53739,2
53741,1
53745,1
53758,1
53760,1
53765,1
53770,2
53773,1
53776,1
53778,1
53784,2
53790,1
53792,1
53796,1
53798,1
53800,1
53804,2
53812,1
53816,1
53824,1
53829,1
53831,1
53835,1
53840,1
53843,1
53845,1
53847,1
53854,1
53857,1
53860,1
53866,1
53873,1
53876,1
53878,1
53883,1
53886,1
53894,1
53902,1
53904,1
53913,1
53918,1
53922,1
53928,1
53930,1
53938,1
53943,1
53950,1
53953,1
53960,2
53962,1
53967,1
53969,1
53972,1
53976,1
53981,1
53998,1
54007,1
54009,1
54013,1
54023,2
54026,2
54032,1
54036,1
54041,1
54044,1
54047,1
54064,1
54073,1
54075,1
54084,2
54088,2
54097,1
54099,1
54113,2
54115,1
54118,1
54121,1
54123,1
54129,3
54131,1
54135,1
54137,1
54143,2
54148,1
54152,1
54155,1
54165,1
54181,1
54191,2
54196,1
54202,1
54205,1
54210,1
54217,1
54219,1
54222,1
54236,1
54245,1
54256,1
54258,1
54262,1
54267,1
54274,1
54277,2
54279,1
54283,1
54291,1
54303,1
54310,1
54314,1
54325,1
54328,1
54330,1
54333,2
54336,1
54344,2
54346,1
54349,1
54351,1
54363,1
54366,1
54370,1
54379,1
54381,1
54385,2
54391,1
54396,1
54401,1
54404,1
54412,1
54414,1
54417,1
54426,2
54428,1
54430,1
54432,1
54435,1
54450,2
54464,1
54469,1
54477,1
54482,4
54486,1
54488,1
54492,2
54498,1
54508,1
54511,2
54513,1
54515,1
54520,1
54528,1
54535,2
54537,1
54543,1
54546,2
54551,1
54560,1
54563,1
54568,1
54577,1
54581,1
54585,1
54588,1
54591,1
54593,1
54598,1
54605,1
54608,2
54613,1
54619,1
54622,2
54624,1
54628,1
54630,1
54633,1
54639,1
54645,1
54649,1
54656,1
54661,1
54663,1
54665,1
54669,2
54677,2
54680,1
54685,1
54692,1
54696,1
54708,1
54710,1
54717,1
54728,1
54737,1
54746,1
54752,1
54756,1
54760,1
54762,1
54767,2
54773,1
54775,1
54786,2
54788,1
54791,1
54798,2
54808,2
54811,1
54816,1
54824,1
54826,1
54833,1
54838,1
54848,2
54855,2
54857,1
54864,1
54871,1
54873,1
54883,1
54895,1
54898,1
54900,1
54903,1
54907,1
54914,1
54916,1
54919,1
54921,1
54929,1
54933,2
54940,1
54942,1
54945,1
54948,2
54952,1
54959,1
54965,1
54973,1
54976,2
54978,1
54980,1
54987,1
54996,1
55004,1
55009,1
55012,1
55024,1
55026,1
55029,1
55031,1
55035,1
55037,1
55039,1
55043,1
55049,2
55057,1
55078,1
55081,1
55092,1
55103,1
55111,2
55123,1
55129,1
55133,1
55141,1
55147,1
55152,1
55155,1
55164,2
55168,1
55172,1
55182,2
55189,2
55193,1
55201,1
55204,1
55208,2
55210,1
55212,1
55214,1
55221,1
55228,2
55232,1
55234,1
55244,1
55254,3
55259,1
55264,1
55270,2
55272,1
55280,2
55282,1
55284,1
55298,1
55301,1
55308,2
55320,1
55322,1
55327,1
55332,1
55334,1
55341,2
55343,1
55350,2
55360,1
55370,1
55372,1
55384,1
55388,2
55396,2
55401,1
55405,1
55407,1
55413,1
55418,1
55420,1
55422,1
55424,1
55429,1
55438,1
55443,1
55464,1
55470,1
55472,1
55475,1
55479,1
55482,1
55485,2
55492,1
55494,1
55502,2
55515,1
55517,1
55520,1
55522,1
55527,3
55532,2
55534,1
55543,2
55547,1
55549,1
55552,2
55554,1
55556,1
55560,1
55564,1
55571,1
55580,2
55583,2
55585,1
55589,1
55592,2
55598,1
55613,2
55619,2
55621,1
55623,1
55628,1
55636,1
55641,1
55646,1
55649,2
55651,1
55654,1
55660,2
55662,1
55666,3
55668,1
55670,1
55686,1
55691,1
55697,1
55700,1
55703,2
55705,1
55723,1
55732,1
55735,2
55737,1
55744,2
55763,1
55765,1
55777,2
55785,1
55790,1
55806,2
55821,1
55828,3
55833,1
55835,1
55842,1
55845,2
55853,1
55860,1
55869,1
55872,1
55876,1
55886,1
55890,1
55900,1
55906,1
55910,1
55915,1
55930,2
55939,1
55944,1
55952,1
55957,1
55967,1
55969,1
55984,2
55988,2
55992,1
55996,1
56000,2
56002,1
56008,2
56011,1
56026,1
56028,1
56030,1
56037,1
56040,1
56048,1
56054,1
56061,1
56067,2
56071,1
56076,1
56078,1
56080,1
56083,1
56085,1
56097,1
56100,1
56105,1
56108,2
56123,1
56130,3
56137,1
56141,1
56149,1
56153,2
56164,1
56170,1
56174,1
56184,1
56195,1
56198,1
56203,1
56206,1
56210,1
56214,2
56216,1
56218,1
56220,1
56228,1
56235,1
56239,1
56241,1
56247,1
56249,1
56256,1
56258,1
56261,1
56266,1
56268,1
56272,1
56280,1
56290,1
56293,1
56298,1
56300,1
56305,1
56308,1
56312,2
56315,1
56317,1
56325,1
56327,1
56334,1
56338,1
56341,1
56345,1
56347,1
56354,1
56362,1
56371,1
56376,1
56381,1
56388,1
56390,1
56393,1
56398,1
56402,1
56404,1
56408,1
56416,1
56418,1
56421,1
56429,1
56431,1
56443,1
56449,1
56458,1
56464,1
56470,1
56472,1
56479,2
56484,1
56489,1
56492,1
56498,1
56501,1
56508,1
56511,1
56526,2
56529,1
56532,1
56534,1
56538,2
56544,1
56548,1
56551,1
56554,2
56557,1
56559,1
56566,1
56569,2
56572,1
56575,2
56581,1
56583,1
56589,1
56613,1
56616,2
56629,1
56634,1
56642,2
56650,2
56652,1
56659,1
56661,1
56663,1
56665,1
56669,1
56671,1
56674,1
56676,1
56681,1
56683,1
56698,1
56702,2
56708,1
56716,1
56719,1
56721,1
56723,1
56727,1
56732,1
56736,1
56740,1
56744,1
56751,1
56755,1
56759,1
56768,3
56772,1
56776,2
56783,1
56789,1
56791,1
56793,1
56799,1
56809,1
56819,1
56823,1
56827,2
56829,1
56831,1
56835,1
56838,1
56846,2
56853,1
56861,2
56866,1
56870,2
56874,1
56882,2
56884,1
56887,1
56893,1
56896,1
56906,1
56910,2
56913,1
56915,1
56917,1
56922,1
56925,1
56930,1
56934,2
56937,1
56940,1
56943,2
56956,1
56958,1
56961,1
56964,1
56975,2
56977,1
56981,1
56986,1
56992,2
56995,1
56997,1
57005,2
57008,1
57013,1
57015,1
57017,1
57019,1
57022,1
57024,1
57032,2
57042,1
57044,1
57050,1
57060,1
57064,2
57073,1
57085,1
57088,2
57090,1
57092,1
57105,1
57113,1
57116,1
57118,1
57123,1
57129,1
57136,1
57142,2
57146,1
57153,1
57156,2
57160,1
57163,2
57170,1
57173,1
57176,1
57183,1
57190,1
57192,1
57198,1
57201,1
57206,1
57209,1
57211,1
57223,2
57225,1
57236,2
57239,1
57245,1
57250,1
57263,2
57275,1
57287,2
57292,1
57296,3
57299,1
57301,1
57311,1
57315,2
57318,1
57320,1
57324,1
57330,1
57333,2
57337,1
57345,1
57348,1
57350,1
57356,1
57360,2
57363,1
57371,1
57385,1
57390,1
57392,1
57394,1
57396,1
57403,1
57405,1
57407,1
57412,2
57415,2
57418,1
57422,3
57427,1
57430,2
57435,1
57437,1
57440,1
57447,1
57449,1
57453,2
57455,1
57457,1
57459,1
57461,1
57473,1
57477,2
57482,1
57484,1
57492,1
57494,1
57503,2
57507,1
57509,1
57516,1
57520,2
57523,1
57529,1
57537,2
57544,1
57548,1
57557,1
57566,1
57569,1
57581,1
57585,2
57588,1
57590,1
57596,1
57599,1
57608,1
57611,1
57614,2
57620,1
57623,1
57629,1
57644,1
57655,1
57661,3
57665,1
57679,1
57682,1
57687,1
57689,1
57692,1
57699,1
57707,3
57713,1
57725,2
57727,1
57731,1
57746,1
57751,1
57755,1
57762,1
57765,1
57767,1
57771,1
57773,1
57775,1
57779,2
57781,1
57787,1
57790,1
57792,1
57794,1
57803,1
57806,1
57821,1
57823,1
57827,2
57830,1
57832,1
57837,1
57840,1
57842,1
57844,1
57847,1
57853,2
57855,1
57865,2
57867,1
57871,1
57877,1
57880,1
57883,1
57886,2
57889,2
57892,1
57905,1
57909,1
57912,1
57921,1
57934,1
57938,2
57940,1
57948,1
57951,2
57960,2
57963,1
57969,1
57974,1
57976,1
57983,1
57987,2
57993,1
58005,1
58017,1
58020,1
58022,1
58025,1
58029,1
58045,1
58049,2
58052,1
58060,1
58065,1
58067,1
58069,1
58073,1
58077,1
58083,1
58091,1
58094,1
58102,2
58105,2
58107,1
58114,1
58119,1
58122,1
58127,1
58132,1
58134,1
58140,1
58144,1
58148,1
58154,2
58158,1
58164,1
58167,1
58169,1
58176,1
58180,1
58183,1
58189,1
58196,1
58198,1
58207,1
58209,1
58220,1
58222,1
58227,1
58231,1
58234,1
58247,1
58250,1
58252,1
58254,1
58259,1
58265,1
58270,1
58272,1
58282,1
58286,1
58292,1
58295,1
58300,1
58303,1
58305,1
58319,1
58327,1
58330,2
58344,1
58346,1
58348,1
58358,2
58362,1
58368,1
58375,1
58378,2
58383,1
58394,1
58401,1
58405,1
58412,1
58415,1
58421,1
58424,1
58426,1
58429,1
58436,2
58440,1
58442,1
58445,1
58449,2
58464,1
58472,2
58480,1
58482,1
58484,1
58486,1
58497,1
58502,1
58504,1
58510,1
58517,1
58521,1
58523,1
58526,1
58528,1
58536,2
58539,1
58545,1
58549,1
58553,2
58559,2
58564,1
58568,1
58570,1
58574,1
58578,1
58585,1
58593,1
58595,1
58597,1
58603,1
58608,1
58611,2
58616,1
58622,1
58631,1
58637,1
58641,1
58643,1
58652,1
58658,2
58663,1
58673,1
58676,1
58679,2
58681,1
58684,1
58686,1
58690,3
58694,1
58696,1
58701,1
58704,1
58708,3
58711,1
58713,1
58721,1
58726,1
58728,1
58734,1
58736,1
58746,1
58752,1
58754,1
58756,1
58761,1
58765,1
58768,1
58786,2
58792,1
58796,1
58801,1
58806,1
58809,1
58814,1
58824,1
58831,1
58834,1
58841,1
58848,1
58851,1
58859,1
58861,1
58869,2
58871,1
58874,1
58880,1
58886,1
58889,1
58898,1
58901,1
58905,1
58910,1
58914,1
58920,1
58922,1
58925,1
58931,1
58933,1
58935,1
58937,1
58949,1
58954,2
58960,1
58965,3
58967,1
58972,1
58976,2
58978,1
58980,1
58984,1
58986,1
58996,1
59007,1
59027,1
59029,1
59032,1
59038,1
59054,1
59056,1
59059,2
59066,1
59072,1
59074,1
59081,1
59083,1
59086,1
59089,1
59092,1
59106,1
59110,2
59115,2
59118,1
59120,1
59137,1
59140,1
59144,1
59147,1
59152,1
59156,2
59158,1
59162,2
59165,2
59170,1
59173,2
59183,1
59190,1
59192,1
59199,1
59201,1
59208,1
59210,1
59214,1
59220,1
59223,1
59227,1
59233,1
59235,1
59238,1
59244,1
59251,1
59255,1
59257,1
59263,1
59277,1
59296,1
59302,1
59306,1
59316,1
59320,1
59323,1
59335,1
59343,1
59346,1
59352,1
59355,1
59357,1
59361,1
59367,3
59371,1
59377,1
59384,1
59389,2
59392,1
59394,1
59398,1
59400,1
59404,1
59408,1
59411,1
59413,1
59417,2
59422,1
59427,1
59429,1
59454,2
59459,3
59461,1
59472,1
59483,1
59486,1
59499,1
59501,1
59507,1
59516,1
59519,1
59528,1
59533,1
59536,2
59538,1
59540,1
59543,1
59546,2
59557,2
59562,1
59565,1
59567,1
59575,1
59583,1
59597,2
59610,1
59617,1
59619,1
59621,1
59626,1
59630,1
59634,2
59637,2
59640,1
59643,1
59648,2
59652,1
59654,1
59657,1
59665,2
59672,1
59682,1
59685,1
59689,1
59695,2
59698,1
59700,1
59702,1
59711,1
59714,1
59717,1
59720,1
59725,1
59727,1
59734,1
59741,1
59749,1
59753,1
59756,1
59759,1
59764,2
59767,1
59769,1
59777,1
59781,2
59784,2
59786,1
59792,1
59798,2
59801,1
59803,1
59810,1
59813,1
59817,1
59827,1
59830,1
59832,1
59843,1
59846,2
59861,1
59870,1
59872,1
59880,1
59888,1
59903,1
59906,2
59921,1
59923,1
59926,1
59941,1
59944,1
59955,1
59959,1
59977,1
59980,1
59987,2
59996,1
59999,1
60002,1
60005,1
60009,1
60013,1
60016,1
60022,1
60035,1
60041,1
60053,3
60055,1
60057,1
60067,1
60074,1
60077,1
60082,1
60090,2
60094,1
60107,1
60109,1
60112,1
60114,1
60119,2
60122,1
60139,1
60143,1
60146,1
60150,1
60154,1
60156,1
60162,2
60168,1
60172,1
60182,1
60188,1
60195,1
60205,1
60208,1
60211,2
60213,1
60223,1
60227,1
60230,1
60237,2
60239,1
60249,1
60252,1
60259,2
60262,2
60264,1
60270,1
60276,2
60281,1
60287,1
60298,1
60302,1
60307,1
60309,1
60313,1
60320,1
60325,1
60327,1
60339,1
60342,1
60345,1
60349,1
60356,1
60359,1
60361,1
60364,1
60370,1
60375,2
60386,1
60395,2
60398,1
60401,1
60409,2
60412,1
60420,1
60435,1
60443,1
60448,1
60454,1
60458,1
60460,1
60463,2
60477,2
60482,1
60484,1
60500,1
60505,2
60508,1
60510,1
60514,1
60524,1
60539,1
60542,2
60560,2
60570,1
60585,1
60589,2
60591,1
60594,2
60597,1
60603,1
60606,1
60615,1
60617,1
60622,1
60625,1
60628,1
60630,1
60632,1
60634,1
60637,2
60644,1
60646,1
60648,1
60650,1
60661,1
60663,1
60665,1
60671,1
60674,1
60683,1
60685,1
60694,1
60699,2
60702,1
60705,1
60709,1
60718,1
60723,1
60725,1
60729,2
60737,1
60739,1
60749,1
60753,1
60756,2
60759,1
60762,1
60768,1
60772,2
60777,1
60780,1
60784,1
60786,1
60804,1
60809,1
60813,1
60817,1
60822,2
60837,1
60844,1
60854,2
60858,2
60861,1
60865,1
60869,1
60876,2
60878,1
60880,1
60887,1
60895,1
60902,3
60909,2
60913,1
60922,1
60924,1
60929,1
60932,1
60934,1
60936,1
60940,2
60949,1
60952,2
60954,1
60965,1
60967,1
60978,1
60982,1
60987,1
60993,1
61006,1
61010,1
61019,1
61021,1
61025,1
61028,1
61041,1
61043,1
61046,1
61058,1
61060,1
61065,1
61075,1
61078,2
61082,2
61090,2
61094,1
61097,1
61100,1
61106,1
61115,1
61117,1
61121,1
61132,1
61136,1
61139,2
61141,1
61143,1
61145,1
61149,1
61157,1
61159,1
61163,1
61169,1
61173,1
61192,1
61197,1
61205,1
61208,1
61211,1
61215,1
61218,2
61222,1
61231,1
61238,1
61240,1
61244,1
61248,1
61250,1
61253,2
61257,1
61264,1
61266,1
61271,1
61284,1
61289,1
61299,1
61309,1
61311,1
61316,1
61321,1
61326,2
61331,1
61336,1
61343,1
61351,1
61364,1
61368,3
61374,2
61381,1
61385,2
61388,1
61401,1
61403,1
61410,1
61418,1
61423,1
61425,1
61435,1
61437,1
61440,1
61443,1
61452,1
61457,1
61467,1
61475,1
61479,1
61482,1
61485,1
61487,1
61493,1
61499,1
61506,1
61515,2
61517,1
61525,1
61538,1
61544,1
61546,1
61549,1
61555,1
61564,1
61566,1
61580,1
61591,2
61597,1
61601,1
61606,1
61613,1
61618,2
61623,1
61633,1
61640,1
61647,1
61652,1
61654,1
61656,1
61666,1
61668,1
61671,1
61675,1
61682,2
61689,2
61694,1
61696,1
61698,1
61700,1
61702,1
61710,1
61725,1
61729,1
61732,2
61735,1
61742,1
61745,1
61748,1
61753,1
61755,1
61759,1
61762,2
61764,1
61766,1
61773,1
61775,1
61785,1
61788,1
61795,1
61799,1
61806,1
61809,1
61811,1
61820,1
61822,1
61831,1
61847,2
61852,2
61857,2
61860,1
61862,1
61870,1
61879,1
61882,1
61890,1
61893,1
61897,1
61902,1
61906,1
61911,1
61914,1
61916,1
61918,1
61920,1
61922,1
61929,2
61934,1
61940,2
61942,1
61945,2
61954,1
61956,1
61958,1
61972,1
61976,1
61980,1
61983,1
61990,1
61993,1
61995,1
61999,1
62011,1
62014,1
62023,1
62025,1
62032,1
62036,1
62039,1
62041,1
62045,2
62049,1
62061,1
62089,2
62091,1
62093,1
62098,1
62109,2
62113,2
62115,1
62136,1
62140,1
62149,1
62155,1
62170,1
62175,1
62177,1
62208,3
62229,1
62237,1
62244,1
62246,1
62267,1
62276,1
62288,2
62297,1
62304,1
62307,1
62310,2
62320,1
62324,1
62328,1
62339,1
62346,1
62350,2
62352,1
62355,1
62359,1
62361,1
62363,1
62365,1
62367,1
62369,1
62375,1
62377,1
62381,1
62390,1
62392,1
62396,2
62398,1
62407,1
62414,2
62416,1
62421,2
62425,1
62429,1
62433,1
62439,1
62441,1
62447,1
62450,1
62460,1
62463,1
62469,1
62471,1
62473,1
62475,1
62482,1
62490,1
62494,1
62500,1
62502,1
62509,3
62511,1
62519,1
62522,2
62524,1
62529,2
62532,2
62543,2
62549,1
62551,1
62560,1
62567,1
62571,1
62576,1
62578,1
62581,1
62584,1
62587,1
62589,1
62591,1
62596,1
62599,2
62602,1
62607,2
62615,1
62623,1
62627,2
62631,1
62639,1
62641,1
62654,1
62658,1
62662,1
62669,2
62675,1
62677,1
62680,1
62684,1
62699,1
62705,1
62709,1
62715,1
62719,1
62721,1
62727,1
62730,1
62734,2
62737,1
62744,1
62748,1
62750,1
62761,2
62769,1
62771,1
62777,1
62794,1
62796,1
62811,1
62813,1
62816,1
62820,1
62823,2
62835,1
62838,1
62840,1
62845,1
62848,1
62851,1
62855,2
62859,1
62876,1
62880,1
62886,2
62888,1
62894,1
62897,1
62901,2
62903,1
62907,1
62910,1
62918,1
62939,1
62942,1
62944,1
62947,2
62954,1
62956,1
62964,1
62966,1
62968,1
62972,1
62977,1
62981,1
62985,2
62991,2
62998,1
63000,1
63018,1
63020,1
63028,2
63031,1
63038,1
63045,1
63056,1
63062,1
63064,1
63072,1
63074,1
63088,2
63091,1
63095,1
63100,1
63102,1
63143,1
63146,1
63158,2
63165,2
63168,1
63174,1
63179,2
63183,1
63187,1
63189,1
63203,2
63213,1
63215,1
63219,1
63229,1
63232,1
63235,1
63245,3
63250,2
63253,1
63258,1
63273,1
63286,1
63290,1
63292,1
63302,1
63307,1
63310,2
63313,1
63328,1
63332,2
63336,1
63342,1
63349,2
63356,1
63359,1
63367,1
63376,1
63378,1
63384,1
63391,2
63398,1
63401,1
63412,1
63424,1
63434,1
63437,1
63439,1
63444,1
63447,2
63453,1
63460,1
63466,2
63470,1
63474,1
63482,1
63484,1
63487,2
63493,1
63496,1
63502,2
63505,2
63508,1
63510,1
63515,1
63517,1
63520,1
63523,2
63530,2
63536,1
63540,2
63542,1
63545,1
63549,1
63554,2
63556,1
63564,1
63569,1
63575,1
63577,1
63583,1
63585,1
63587,1
63596,1
63604,3
63607,1
63609,1
63611,1
63613,1
63617,1
63619,1
63633,1
63635,1
63645,1
63653,1
63662,1
63664,1
63673,1
63688,2
63691,2
63698,1
63702,1
63706,1
63711,2
63719,1
63722,1
63727,1
63729,1
63738,1
63754,1
63766,1
63769,1
63771,1
63773,1
63785,1
63788,2
63795,1
63799,1
63814,1
63816,1
63824,1
63833,1
63836,1
63838,1
63841,1
63846,1
63850,2
63856,2
63860,1
63862,1
63866,1
63873,1
63878,1
63882,1
63886,1
63888,1
63891,1
63894,1
63903,2
63905,1
63913,1
63917,1
63925,1
63928,2
63930,1
63933,1
63942,1
63947,2
63949,1
63957,1
63963,1
63972,1
63977,1
63980,2
63986,1
63994,1
63998,1
64005,2
64007,1
64013,1
64022,2
64025,1
64027,1
64046,1
64053,1
64059,1
64064,1
64080,1
64083,1
64086,1
64098,1
64107,1
64115,1
64118,1
64121,2
64128,1
64131,1
64134,1
64138,3
64142,3
64144,1
64146,1
64151,1
64156,1
64158,1
64161,1
64167,1
64177,1
64179,1
64181,1
64192,2
64198,2
64200,1
64203,1
64206,1
64210,1
64212,1
64218,1
64223,1
64233,2
64235,1
64237,1
64241,2
64244,1
64252,1
64257,1
64259,1
64263,1
64265,1
64272,1
64276,1
64279,1
64284,3
64287,1
64291,1
64302,1
64304,1
64309,1
64313,1
64318,1
64322,1
64324,1
64331,1
64338,1
64345,1
64349,2
64358,1
64363,1
64366,1
64377,1
64381,1
64390,2
64393,1
64400,2
64416,1
64420,3
64424,1
64431,1
64434,1
64441,1
64443,1
64454,1
64461,1
64463,1
64467,1
64475,1
64482,1
64491,1
64496,1
64502,1
64505,2
64508,1
64511,1
64515,1
64518,1
64520,1
64523,1
64525,1
64533,1
64541,2
64555,1
64565,1
64568,1
64574,1
64576,1
64589,2
64595,1
64598,1
64601,1
64604,1
64613,1
64615,1
64617,1
64622,1
64625,1
64630,1
64634,1
64651,1
64658,1
64667,1
64674,1
64684,1
64687,1
64689,1
64697,1
64704,3
64711,2
64726,1
64730,1
64733,1
64737,1
64740,2
64745,1
64748,1
64751,1
64753,1
64759,1
64765,2
64774,3
64779,1
64783,1
64789,1
64793,1
64796,1
64803,2
64814,1
64817,2
64820,1
64823,2
64826,1
64835,1
64842,1
64846,2
64848,1
64851,1
64854,2
64856,1
64858,1
64862,3
64864,1
64866,1
64877,2
64884,1
64892,1
64894,1
64897,1
64900,1
64913,1
64919,1
64925,1
64930,1
64932,1
64935,1
64939,1
64941,1
64950,1
64952,1
64955,1
64959,1
64961,1
64964,1
64977,1
64982,1
64984,1
64992,1
64995,2
64998,1
65003,1
65010,1
65015,1
65020,1
65022,1
65029,2
65033,3
65040,2
65043,1
65049,1
65056,1
65060,2
65067,2
65078,1
65080,1
65085,1
65090,1
65092,1
65094,1
65109,1
65127,1
65130,1
65142,1
65144,1
65147,1
65155,1
65167,1
65169,1
65172,1
65175,1
65177,1
65183,1
65187,1
65197,1
65202,1
65206,2
65209,1
65219,1
65232,1
65238,1
65243,1
65249,1
65254,1
65257,2
65262,2
65267,1
65272,1
65278,1
65280,1
65282,1
65285,1
65294,2
65301,1
65303,1
65310,1
65313,1
65325,1
65327,1
65329,1
65338,1
65343,1
65348,1
65350,1
65354,1
65359,1
65368,2
65370,1
65387,2
65396,1
65408,2
65415,1
65421,1
65426,3
65428,1
65433,1
65436,2
65447,1
65449,1
65463,1
65468,1
65471,1
65475,1
65477,1
65480,1
65495,1
65500,2
65502,1
65506,1
65509,1
65516,1
65522,1
65527,1
65541,1
65547,1
65556,1
65558,1
65568,1
65578,1
65581,1
65591,2
65596,1
65603,1
65606,1
65613,1
65619,1
65628,1
65631,1
65637,2
65642,2
65648,1
65650,1
65654,2
65656,1
65659,1
65662,1
65666,2
65678,1
65686,2
65690,1
65692,1
65694,1
65699,1
65701,1
65706,2
65711,1
65713,1
65716,1
65726,1
65729,1
65731,1
65734,1
65736,1
65738,1
65740,1
65742,1
65744,1
65750,2
65754,1
65759,3
65764,1
65767,1
65769,1
65774,1
65781,1
65787,1
65789,1
65791,1
65793,1
65805,1
65811,1
65823,1
65827,2
65829,1
65835,1
65845,1
65848,1
65850,1
65854,1
65867,1
65872,2
65880,1
65888,1
65891,1
65901,2
65905,1
65909,2
65913,1
65920,1
65928,1
65946,1
65954,1
65961,1
65964,1
65973,2
65975,1
65978,1
65982,1
65984,1
65988,1
65992,1
65997,1
66000,1
66002,1
66005,1
66008,1
66014,1
66017,2
66025,1
66028,1
66032,1
66036,1
66041,1
66052,1
66054,1
66057,1
66060,1
66062,1
66066,1
66069,2
66072,1
66075,1
66078,1
66094,2
66106,1
66114,1
66116,1
66120,1
66127,1
66131,1
66134,1
66136,1
66140,1
66144,1
66150,1
66169,1
66171,1
66176,1
66184,2
66197,1
66203,1
66212,1
66217,1
66220,1
66224,1
66226,1
66228,1
66241,1
66245,1
66251,1
66256,1
66258,1
66264,1
66272,1
66278,2
66285,1
66288,1
66302,1
66304,1
66307,2
66311,1
66314,1
66316,1
66321,1
66326,1
66329,1
66336,1
66338,1
66343,1
66345,1
66347,1
66352,1
66357,1
66361,2
66369,1
66373,1
66381,1
66390,1
66392,1
66396,1
66402,1
66408,1
66419,1
66423,2
66428,1
66442,1
66448,1
66452,1
66456,1
66460,1
66464,1
66466,1
66468,1
66478,1
66482,1
66488,1
66494,1
66496,1
66501,1
66504,1
66508,1
66511,1
66514,1
66517,1
66521,1
66523,1
66527,1
66532,1
66536,1
66539,1
66541,1
66544,1
66549,1
66551,1
66557,1
66560,1
66565,1
66579,2
66584,2
66587,1
66592,1
66598,1
66604,1
66606,1
66616,1
66620,2
66622,1
66625,2
66630,1
66633,2
66642,1
66646,3
66652,1
66665,1
66667,1
66672,2
66677,1
66679,1
66687,1
66694,1
66696,1
66701,1
66705,2
66708,2
66711,1
66713,1
66726,1
66740,2
66751,1
66754,1
66758,1
66763,1
66769,1
66773,1
66778,3
66787,1
66789,1
66808,1
66812,2
66817,1
66827,1
66833,1
66838,1
66844,1
66848,2
66853,1
66856,1
66860,1
66862,1
66866,1
66874,1
66879,1
66885,1
66887,1
66889,1
66893,1
66898,1
66902,1
66904,1
66907,1
66912,2
66916,1
66924,1
66931,3
66936,1
66950,1
66959,1
66966,2
66971,1
66977,3
66981,1
66985,1
66992,1
66999,3
67011,1
67016,1
67026,1
67029,2
67033,1
67041,2
67045,1
67049,2
67051,1
67053,1
67055,1
67060,1
67062,1
67065,1
67068,2
67071,1
67075,1
67077,1
67079,1
67091,1
67094,1
67101,1
67103,1
67105,1
67109,1
67112,1
67115,1
67118,2
67121,2
67123,1
67133,2
67135,1
67138,2
67142,1
67144,1
67149,1
67151,1
67157,2
67159,1
67163,1
67169,1
67174,1
67179,1
67188,1
67192,1
67200,1
67209,1
67215,1
67231,1
67236,1
67239,1
67241,1
67249,2
67262,2
67269,2
67274,1
67278,2
67284,1
67286,1
67289,1
67293,1
67300,1
67304,1
67308,1
67317,1
67324,3
67329,1
67331,1
67344,1
67350,1
67353,1
67356,1
67363,2
67370,1
67373,2
67375,1
67379,2
67383,1
67387,1
67390,2
67396,2
67398,1
67403,1
67411,1
67415,1
67423,1
67432,1
67437,2
67443,1
67446,1
67448,1
67451,2
67459,1
67462,1
67471,1
67475,1
67479,1
67482,2
67486,1
67493,1
67498,1
67500,1
67509,1
67513,1
67516,1
67519,2
67522,1
67524,1
67530,1
67532,1
67535,1
67547,1
67559,1
67563,1
67567,1
67573,1
67575,1
67583,1
67585,1
67588,2
67592,2
67595,1
67597,1
67601,1
67605,3
67609,2
67612,1
67614,1
67619,1
67625,1
67627,1
67635,1
67637,1
67640,1
67662,2
67668,1
67671,1
67679,1
67686,1
67690,2
67707,1
67711,1
67714,1
67718,1
67720,1
67724,1
67726,1
67728,1
67731,1
67733,1
67750,1
67760,1
67763,1
67765,1
67779,2
67782,2
67786,1
67790,2
67792,1
67794,1
67797,1
67802,1
67809,1
67834,1
67840,2
67844,1
67867,1
67869,1
67876,2
67909,1
67911,1
67917,1
67919,1
67924,1
67932,1
67936,1
67940,2
67942,1
67944,1
67946,1
67955,2
67957,1
67960,1
67962,1
67968,1
67974,1
67976,1
67982,1
67984,1
67987,1
67989,1
67991,1
67993,1
67995,1
67998,1
68002,1
68004,1
68013,2
68015,1
68022,1
68025,2
68027,1
68029,1
68037,1
68041,2
68048,1
68050,1
68056,2
68058,1
68065,1
68069,1
68072,1
68081,1
68083,1
68086,2
68089,1
68095,2
68100,1
68108,1
68111,2
68113,1
68117,1
68120,1
68127,1
68130,1
68135,1
68139,1
68145,1
68151,2
68153,1
68157,1
68160,2
68164,1
68167,1
68172,1
68192,1
68195,1
68201,2
68203,1
68207,1
68213,1
68215,1
68218,1
68223,1
68229,2
68231,1
68234,1
68236,1
68242,2
68255,1
68258,1
68260,1
68262,1
68272,1
68275,2
68287,1
68295,2
68302,2
68304,1
68306,1
68311,1
68315,1
68318,1
68321,1
68323,1
68329,1
68336,1
68338,1
68345,2
68349,1
68353,1
68356,1
68362,2
68367,2
68369,1
68371,1
68376,1
68385,1
68388,1
68395,1
68407,2
68412,1
68416,1
68418,1
68422,1
68428,1
68437,1
68439,1
68446,1
68450,1
68452,1
68455,1
68459,1
68461,1
68465,1
68472,1
68480,2
68487,1
68497,1
68505,1
68508,1
68510,1
68513,1
68516,1
68518,1
68524,1
68526,1
68532,1
68537,2
68542,1
68549,1
68552,2
68559,1
68569,1
68571,1
68577,1
68584,1
68586,1
68592,1
68609,1
68615,1
68619,1
68621,1
68623,1
68625,1
68633,1
68636,1
68646,1
68652,1
68657,1
68669,1
68672,1
68675,1
68682,1
68686,2
68690,1
68692,1
68699,1
68702,1
68711,1
68715,1
68717,1
68722,1
68725,2
68727,1
68729,1
68732,1
68734,1
68742,1
68750,2
68753,1
68759,2
68761,1
68764,1
68771,2
68778,1
68781,1
68784,1
68786,1
68789,1
68791,1
68796,1
68799,1
68801,1
68804,1
68808,3
68811,1
68813,1
68821,1
68823,1
68826,1
68828,1
68832,1
68834,1
68841,1
68844,1
68848,1
68862,1
68866,1
68869,2
68872,1
68877,1
68880,1
68885,1
68889,2
68896,1
68900,1
68902,1
68905,1
68907,1
68909,1
68913,1
68918,1
68920,1
68922,1
68926,3
68929,1
68932,2
68939,1
68945,1
68950,1
68952,1
68955,1
68959,1
68963,1
68981,1
68983,1
68992,2
68994,1
69008,1
69010,1
69015,1
69023,1
69026,1
69028,1
69031,1
69034,1
69039,1
69042,1
69065,1
69067,1
69072,1
69075,1
69078,2
69083,1
69095,1
69099,1
69104,1
69114,1
69126,1
69129,1
69138,1
69141,1
69144,1
69148,1
69160,1
69172,1
69175,1
69178,1
69181,1
69185,1
69187,1
69196,1
69203,1
69207,2
69209,1
69211,1
69218,2
69220,1
69227,1
69230,1
69236,1
69238,1
69241,1
69244,2
69259,1
69261,1
69267,1
69272,1
69278,1
69282,1
69293,2
69297,1
69301,1
69306,1
69309,1
69317,1
69319,1
69325,1
69331,2
69334,1
69346,1
69354,1
69359,1
69369,1
69371,1
69374,2
69382,1
69384,1
69386,1
69394,1
69400,1
69402,1
69407,2
69410,2
69414,1
69416,1
69421,1
69425,1
69428,1
69430,1
69434,1
69443,1
69462,1
69465,1
69468,2
69470,1
69480,1
69484,2
69488,1
69490,1
69495,1
69497,1
69502,1
69510,2
69512,1
69515,1
69517,1
69520,1
69522,1
69529,1
69531,1
69538,1
69540,1
69547,1
69552,1
69564,1
69566,1
69575,1
69578,1
69581,2
69583,1
69585,1
69591,1
69602,1
69604,1
69613,2
69626,1
69636,1
69638,1
69645,1
69648,1
69653,1
69659,1
69661,1
69667,2
69677,1
69680,2
69684,1
69687,1
69702,2
69704,1
69706,1
69712,1
69718,1
69725,1
69730,3
69732,1
69737,1
69742,1
69745,1
69754,1
69758,2
69762,2
69769,1
69778,1
69780,1
69782,1
69786,1
69792,1
69797,1
69801,1
69805,1
69808,1
69810,1
69819,2
69823,1
69829,1
69834,1
69839,1
69845,1
69852,1
69862,1
69868,1
69871,2
69874,1
69880,1
69887,1
69892,1
69894,1
69907,1
69910,2
69915,1
69922,1
69929,1
69933,1
69936,1
69947,2
69949,1
69951,1
69953,1
69957,1
69965,1
69973,1
69979,1
69984,1
69986,1
69995,1
69997,1
70000,2
70005,2
70007,1
70016,1
70024,1
70027,1
70031,1
70035,1
70038,1
70040,1
70043,1
70045,1
70058,1
70061,2
70071,2
70075,2
70080,2
70082,1
70089,1
70091,1
70095,1
70100,1
70105,1
70113,1
70120,1
70124,1
70128,1
70130,1
70135,1
70137,1
70139,1
70142,1
70149,2
70151,1
70159,2
70163,2
70170,1
70180,1
70184,1
70200,1
70202,1
70213,3
70215,1
70232,2
70236,1
70243,1
70248,1
70251,1
70255,2
70259,1
70262,1
70275,1
70284,1
70286,1
70314,1
70317,2
70333,1
70336,2
70340,1
70343,1
70350,1
70352,1
70362,1
70365,1
70367,1
70371,1
70377,1
70382,2
70394,1
70396,1
70404,1
70406,1
70410,1
70420,1
70422,1
70425,2
70433,1
70437,1
70440,1
70442,1
70445,2
70450,1
70457,2
70460,1
70462,1
70466,1
70472,1
70478,1
70482,1
70488,2
70491,1
70500,1
70511,1
70517,1
70522,1
70525,2
70527,1
70534,1
70542,1
70544,1
70548,2
70550,1
70554,1
70556,1
70558,1
70563,3
70565,1
70567,1
70569,1
70573,1
70578,1
70583,1
70586,1
70588,1
70591,2
70598,1
70618,1
70620,1
70622,1
70627,1
70631,1
70634,2
70642,1
70646,1
70660,1
70664,2
70682,1
70686,1
70694,1
70697,1
70701,1
70704,1
70706,1
70710,1
70715,1
70719,1
70721,1
70728,1
70731,1
70734,1
70739,1
70745,1
70753,1
70755,1
70759,2
70762,1
70764,1
70766,1
70771,1
70787,1
70794,1
70797,1
70800,1
70813,1
70830,1
70833,1
70835,1
70838,1
70843,1
70846,1
70855,2
70859,1
70864,1
70866,1
70870,1
70873,2
70876,2
70878,1
70882,1
70884,1
70887,1
70892,1
70902,2
70905,2
70909,1
70911,1
70913,1
70915,1
70922,1
70933,1
70935,1
70940,1
70946,2
70950,1
70953,1
70955,1
70957,1
70966,1
70969,1
70977,1
70985,1
70992,1
70996,1
71001,1
71005,1
71010,2
71014,2
71017,1
71019,1
71029,1
71031,1
71034,1
71042,2
71046,1
71049,1
71051,1
71056,1
71061,1
71064,1
71067,1
71070,2
71080,1
71088,1
71091,1
71099,1
71103,1
71114,1
71119,1
71123,1
71128,1
71143,1
71148,1
71152,1
71161,2
71168,1
71173,1
71175,1
71179,1
71182,1
71185,2
71188,1
71192,1
71198,1
71200,1
71203,1
71207,1
71214,1
71217,1
71219,1
71225,1
71229,1
71232,2
71234,1
71239,1
71243,2
71246,1
71255,2
71259,1
71263,2
71268,1
71270,1
71275,2
71282,1
71288,1
71292,1
71297,2
71302,1
71306,1
71314,2
71316,1
71319,1
71321,1
71329,1
71331,1
71339,1
71342,1
71347,2
71350,2
71353,1
71355,1
71358,1
71363,1
71373,1
71379,1
71382,1
71386,1
71390,1
71392,1
71394,1
71399,1
71402,1
71404,1
71408,1
71414,1
71421,1
71423,1
71429,1
71432,1
71435,1
71444,1
71446,1
71450,1
71454,1
71457,1
71459,1
71461,1
71464,1
71466,1
71470,1
71474,2
71487,1
71494,1
71503,2
71505,1
71507,1
71519,1
71521,1
71525,1
71535,1
71551,1
71560,1
71563,2
71568,1
71574,2
71582,1
71585,1
71587,1
71590,1
71593,1
71595,1
71600,1
71605,1
71611,1
71617,1
71621,1
71625,1
71630,1
71633,1
71636,1
71638,1
71640,1
71643,1
71646,2
71648,1
71650,1
71652,1
71655,2
71659,1
71663,1
71667,1
71673,2
71676,1
71678,1
71682,1
71694,1
71697,1
71704,1
71711,2
71728,1
71747,1
71753,1
71762,1
71766,2
71769,1
71773,1
71779,1
71783,1
71789,3
71793,1
71802,1
71811,1
71815,2
71827,1
71831,1
71840,1
71845,1
71849,2
71857,1
71862,2
71865,1
71867,1
71869,1
71873,1
71878,1
71884,1
71887,2
71892,1
71895,2
71901,1
71904,1
71907,1
71918,1
71927,2
71930,1
71934,1
71939,3
71941,1
71956,1
71958,1
71961,1
71970,1
71974,1
71978,1
71982,1
72002,1
72005,1
72009,1
72011,1
72014,1
72017,1
72020,1
72022,1
72028,1
72032,1
72035,2
72040,1
72048,1
72050,1
72056,1
72062,1
72066,1
72076,2
72085,1
72087,1
72095,1
72100,2
72105,1
72107,1
72113,2
72125,1
72128,1
72131,1
72137,2
72142,2
72148,2
72152,2
72160,1
72163,1
72170,1
72181,2
72186,2
72194,1
72206,2
72211,1
72218,1
72220,1
72222,1
72229,1
72239,1
72244,1
72247,1
72257,1
72261,1
72268,1
72275,1
72290,1
72305,1
72310,1
72315,1
72327,1
72338,1
72342,2
72349,1
72356,1
72361,1
72364,1
72370,1
72375,2
72380,2
72385,1
72390,1
72395,2
72398,1
72402,1
72409,2
72415,1
72426,1
72430,1
72437,1
72443,1
72446,1
72448,1
72451,1
72457,1
72465,2
72477,2
72482,1
72485,1
72489,1
72494,1
72496,1
72499,1
72504,1
72506,1
72508,1
72511,1
72513,1
72521,1
72524,1
72529,1
72535,1
72545,1
72552,1
72556,2
72569,2
72581,1
72588,1
72591,1
72596,1
72598,1
72601,1
72611,1
72616,1
72620,2
72622,1
72639,1
72645,1
72648,2
72650,1
72652,1
72655,1
72658,1
72663,1
72665,1
72669,1
72674,2
72677,2
72684,1
72686,1
72688,1
72693,1
72701,1
72703,1
72708,1
72717,1
72722,3
72728,1
72731,1
72738,1
72740,1
72743,2
72745,1
72747,1
72751,2
72761,2
72765,1
72770,1
72777,1
72779,1
72782,1
72787,1
72795,1
72798,2
72804,1
72815,1
72819,1
72827,1
72829,1
72832,2
72836,1
72839,1
72841,1
72844,2
72846,1
72859,2
72867,1
72878,2
72903,1
72907,1
72910,1
72913,1
72925,1
72943,2
72949,1
72954,1
72957,1
72964,1
72969,1
72972,1
72978,1
72980,1
72987,1
72999,1
73004,1
73014,1
73017,1
73023,1
73026,1
73028,1
73035,2
73044,1
73048,1
73059,1
73062,1
73066,1
73069,1
73073,1
73081,1
73084,2
73087,1
73091,2
73097,1
73101,1
73108,1
73111,1
73116,1
73119,1
73122,1
73133,2
73135,1
73139,1
73152,1
73159,1
73161,1
73168,1
73176,2
73185,1
73187,1
73192,1
73194,1
73197,1
73201,2
73208,2
73219,1
73221,1
73223,1
73226,1
73229,1
73235,2
73237,1
73241,1
73243,1
73250,1
73260,1
73263,1
73267,1
73279,1
73281,1
73284,1
73291,2
73296,1
73298,1
73311,1
73314,1
73316,1
73320,1
73328,1
73330,1
73336,1
73339,1
73344,2
73349,2
73357,1
73367,1
73391,2
73396,2
73398,1
73409,1
73411,1
73417,1
73424,1
73430,1
73434,2
73442,1
73450,1
73454,1
73457,1
73460,2
73463,1
73466,1
73470,1
73477,1
73486,1
73490,1
73493,1
73497,1
73506,2
73511,1
73514,1
73516,1
73522,1
73542,1
73550,1
73552,1
73556,1
73561,1
73567,1
73580,2
73586,1
73599,1
73614,1
73619,1
73627,1
73629,1
73634,1
73640,1
73644,1
73655,1
73657,1
73659,1
73664,1
73668,1
73671,1
73676,1
73678,1
73684,1
73686,1
73688,1
73692,1
73694,1
73697,2
73703,1
73707,1
73715,2
73719,2
73727,1
73731,1
73755,1
73761,1
73765,1
73768,1
73781,1
73802,1
73804,1
73812,2
73817,1
73820,1
73831,1
73835,1
73838,1
73849,1
73856,1
73858,1
73869,1
73877,1
73881,1
73883,1
73886,1
73891,1
73893,1
73901,1
73904,1
73907,1
73912,2
73918,1
73924,1
73930,1
73934,1
73938,1
73943,1
73952,1
73957,1
73963,1
73969,1
73972,1
73976,1
73983,1
73993,1
73995,1
74001,1
74006,1
74010,1
74014,1
74022,1
74024,1
74027,1
74041,2
74043,1
74045,1
74055,1
74057,1
74078,1
74081,1
74089,1
74091,1
74094,1
74098,1
74102,1
74104,1
74107,1
74124,1
74130,2
74135,1
74142,1
74146,1
74154,1
74156,1
74159,1
74163,2
74165,1
74168,2
74176,1
74179,1
74182,1
74184,1
74186,1
74190,1
74192,1
74194,1
74200,1
74213,2
74217,1
74220,1
74223,1
74226,1
74230,1
74240,2
74242,1
74249,1
74255,1
74259,1
74266,1
74268,1
74273,1
74280,1
74290,1
74292,1
74298,1
74300,1
74307,1
74311,1
74326,1
74335,1
74337,1
74339,1
74345,1
74360,1
74377,1
74381,1
74393,1
74396,1
74407,3
74409,1
74411,1
74416,1
74418,1
74425,2
74428,1
74438,1
74440,1
74444,1
74446,1
74448,1
74451,1
74457,1
74459,1
74465,1
74472,1
74475,1
74481,1
74483,1
74486,2
74490,2
74494,1
74502,1
74508,1
74511,1
74516,1
74529,1
74531,1
74534,2
74536,1
74539,1
74541,1
74543,1
74546,1
74549,1
74580,1
74582,1
74592,1
74597,1
74610,1
74623,1
74629,1
74635,1
74641,2
74650,1
74656,1
74658,1
74662,2
74673,1
74678,2
74687,1
74696,1
74709,1
74719,1
74721,1
74726,1
74729,1
74735,1
74738,1
74743,1
74752,1
74774,1
74776,1
74779,1
74783,1
74787,1
74792,2
74797,1
74802,1
74807,1
74809,1
74833,1
74838,2
74845,2
74866,1
74869,2
74871,1
74873,1
74876,1
74883,1
74890,2
74896,2
74901,1
74912,1
74918,1
74933,1
74936,1
74941,1
74947,1
74949,1
74957,1
74963,1
74970,2
74972,1
74975,1
74978,2
74980,1
74988,1
74992,2
74998,1
75000,1
75003,1
75006,1
75008,1
75010,1
75025,2
75029,2
75036,2
75038,1
75055,1
75059,1
75064,1
75069,1
75072,2
75074,1
75077,1
75079,1
75083,1
75089,1
75091,1
75106,1
75109,1
75111,1
75125,1
75129,1
75141,1
75151,1
75155,1
75157,1
75173,2
75178,1
75196,2
75208,2
75212,1
75238,2
75242,1
75263,1
75265,1
75270,2
75287,1
75291,1
75297,1
75302,2
75304,1
75311,2
75313,1
75320,1
75339,2
75341,1
75346,2
75348,1
75350,1
75358,1
75363,1
75366,2
75371,2
75373,1
75382,1
75385,1
75389,1
75392,1
75399,1
75402,1
75405,1
75407,1
75409,1
75414,1
75416,1
75419,1
75427,2
75432,1
75436,1
75440,1
75442,1
75444,1
75447,1
75450,1
75453,2
75456,1
75459,1
75465,1
75475,1
75477,1
75479,1
75487,1
75492,1
75496,2
75502,2
75511,1
75515,1
75519,1
75521,1
75526,1
75528,1
75532,1
75534,1
75536,1
75539,1
75542,2
75554,3
75556,1
75561,1
75568,1
75573,1
75575,1
75580,1
75584,1
75590,1
75592,1
75597,2
75611,1
75613,1
75620,1
75629,1
75632,1
75636,1
75644,1
75647,1
75650,1
75655,1
75658,1
75663,1
75666,1
75671,1
75676,1
75688,1
75694,1
75698,1
75712,1
75719,1
75733,1
75755,1
75759,1
75761,1
75766,1
75771,2
75773,1
75777,2
75788,1
75792,1
75806,1
75808,1
75811,1
75819,1
75827,1
75834,1
75836,1
75838,1
75847,1
75850,1
75857,1
75860,1
75863,1
75867,2
75875,1
75879,1
75885,1
75895,2
75898,1
75902,2
75904,1
75906,1
75908,1
75913,1
75916,2
75919,2
75921,1
75933,1
75937,1
75942,1
75947,2
75951,2
75953,1
75956,1
75959,1
75964,1
75970,1
75973,1
75976,1
75981,1
75992,1
75997,1
76000,1
76009,1
76020,1
76024,1
76028,1
76033,1
76044,1
76052,1
76057,1
76072,1
76079,1
76083,1
76085,1
76087,1
76093,1
76095,1
76098,1
76109,1
76111,1
76113,1
76115,1
76117,1
76119,1
76128,1
76130,1
76132,1
76136,1
76139,2
76143,3
76146,2
76152,1
76157,1
76160,1
76162,1
76178,1
76181,1
76184,1
76192,1
76201,1
76206,1
76209,2
76218,1
76221,1
76226,1
76236,1
76240,1
76257,1
76260,1
76264,1
76279,1
76282,1
76284,1
76287,2
76290,2
76292,1
76301,1
76312,2
76335,1
76350,2
76353,1
76358,1
76362,1
76369,1
76373,2
76376,1
76382,2
76386,1
76393,1
76397,1
76400,1
76409,1
76413,1
76415,1
76419,1
76421,1
76426,1
76431,1
76433,1
76436,1
76438,1
76441,1
76445,1
76447,1
76450,1
76454,1
76457,1
76468,1
76474,1
76482,2
76487,1
76489,1
76491,1
76493,1
76496,2
76503,1
76506,2
76510,1
76514,1
76521,1
76527,1
76535,1
76539,1
76544,1
76573,1
76576,2
76581,1
76583,1
76585,1
76593,1
76599,2
76602,1
76605,1
76614,1
76619,1
76621,1
76625,1
76630,2
76636,1
76641,1
76654,2
76657,2
76661,1
76663,1
76668,1
76672,2
76675,2
76681,1
76683,1
76689,1
76697,1
76703,2
76705,1
76710,1
76713,1
76718,1
76727,1
76732,3
76736,1
76738,1
76749,1
76754,1
76770,1
76772,1
76775,2
76781,1
76783,1
76788,3
76792,1
76794,1
76797,1
76804,1
76808,1
76810,1
76814,1
76832,1
76840,1
76844,1
76860,1
76862,1
76865,1
76872,1
76876,1
76883,1
76887,2
76898,2
76902,1
76904,1
76911,2
76918,2
76936,3
76940,1
76949,1
76955,1
76961,1
76963,1
76972,1
76979,1
76982,1
76984,1
76987,1
76992,2
76994,1
76999,1
77007,1
77017,1
77020,1
77024,2
77027,2
77035,1
77038,2
77046,1
77059,1
77061,1
77066,1
77071,1
77082,1
77086,1
77088,1
77095,1
77102,1
77113,1
77126,1
77130,1
77132,1
77145,1
77157,2
77163,1
77165,1
77173,2
77175,1
77178,2
77183,1
77188,1
77192,2
77194,1
77204,2
77220,1
77223,1
77226,1
77229,1
77231,1
77234,1
77238,1
77240,1
77246,1
77251,1
77263,1
77266,2
77268,1
77270,1
77273,1
77275,1
77277,1
77281,1
77289,1
77295,1
77298,1
77305,2
77315,2
77318,1
77321,1
77325,1
77329,2
77337,1
77352,1
77361,1
77366,1
77368,1
77371,1
77374,1
77381,1
77386,1
77389,2
77397,2
77400,1
77405,1
77419,1
77427,2
77435,1
77437,1
77445,1
77447,1
77458,1
77460,1
77465,2
77470,2
77481,1
77490,2
77498,1
77501,2
77512,1
77514,1
77516,1
77521,2
77524,2
77528,2
77532,1
77535,1
77538,1
77544,1
77554,1
77557,1
77569,1
77581,1
77591,2
77596,2
77605,1
77610,1
77613,1
77623,1
77626,1
77630,1
77636,1
77639,2
77644,1
77649,2
77651,1
77658,1
77670,1
77672,1
77679,1
77682,1
77701,1
77711,1
77718,1
77720,1
77731,1
77744,1
77747,2
77749,1
77752,1
77759,1
77763,1
77767,1
77776,1
77778,1
77781,1
77783,1
77789,1
77794,1
77806,1
77811,1
77813,1
77817,1
77820,2
77826,1
77829,1
77836,1
77845,2
77855,1
77857,1
77863,1
77869,2
77873,2
77875,1
77877,1
77881,1
77884,2
77887,1
77891,1
77893,1
77896,1
77898,1
77902,2
77917,2
77926,1
77928,1
77936,1
77939,1
77943,1
77950,1
77952,1
77956,1
77960,1
77966,1
77969,1
77974,1
77983,1
77999,1
78006,1
78008,1
78011,1
78013,1
78015,1
78023,1
78025,1
78029,1
78036,1
78038,1
78042,2
78045,1
78051,1
78059,2
78063,1
78071,1
78076,1
78080,1
78091,1
78093,1
78097,1
78099,1
78102,1
78104,1
78109,1
78112,1
78118,1
78126,2
78130,1
78142,1
78146,1
78149,2
78170,1
78173,1
78177,1
78179,1
78185,2
78187,1
78192,2
78196,1
78205,1
78212,2
78215,1
78219,1
78221,1
78223,1
78230,1
78232,1
78238,1
78244,1
78248,1
78253,2
78257,1
78262,1
78268,1
78278,1
78280,1
78286,1
78289,1
78294,1
78298,1
78300,1
78308,1
78315,2
78319,1
78333,1
78337,1
78344,1
78349,1
78354,1
78358,1
78367,1
78370,1
78377,2
78382,1
78384,1
78387,1
78390,1
78408,2
78415,1
78419,1
78422,1
78425,1
78428,2
78440,2
78443,2
78452,1
78457,3
78472,1
78474,1
78485,2
78492,1
78496,3
78500,1
78504,1
78511,1
78514,1
78517,1
78520,1
78522,1
78524,1
78528,2
78537,1
78541,1
78547,2
78552,1
78556,1
78559,1
78562,1
78569,1
78573,3
78578,1
78587,1
78590,2
78597,1
78604,1
78608,1
78612,1
78627,1
78639,1
78650,1
78652,1
78657,1
78659,1
78662,1
78667,1
78684,1
78694,1
78701,1
78705,1
78712,1
78714,1
78716,1
78719,1
78728,1
78733,1
78735,1
78740,1
78742,1
78748,2
78767,1
78790,1
78792,1
78799,1
78805,2
78807,1
78821,1
78825,1
78832,2
78835,2
78839,1
78841,1
78853,1
78864,1
78874,2
78876,1
78882,1
78884,1
78896,1
78906,1
78908,1
78923,1
78931,1
78946,1
78951,1
78957,1
78967,1
78974,1
78993,1
78995,1
78998,1
79012,1
79014,1
79016,1
79030,1
79033,1
79035,1
79037,1
79039,1
79048,1
79052,1
79057,1
79061,2
79074,1
79077,1
79083,2
79087,1
79091,1
79102,1
79104,1
79107,2
79112,1
79114,1
79119,1
79124,1
79126,1
79133,1
79135,1
79138,2
79143,1
79146,1
79150,1
79152,1
79157,1
79167,1
79171,1
79178,1
79180,1
79183,1
79188,2
79193,1
79195,1
79198,2
79203,1
79205,1
79207,1
79219,1
79225,1
79232,1
79237,1
79239,1
79243,1
79252,2
79263,1
79275,2
79284,1
79286,1
79296,1
79301,1
79303,1
79309,1
79316,1
79318,1
79321,1
79337,1
79353,2
79357,1
79361,1
79367,1
79373,1
79377,1
79380,1
79385,2
79393,1
79397,2
79400,1
79405,1
79408,2
79411,1
79417,1
79430,1
79432,1
79439,1
79448,1
79454,1
79459,1
79465,2
79467,1
79473,1
79477,1
79479,1
79489,1
79496,1
79504,1
79510,1
79515,1
79519,1
79521,1
79527,1
79529,1
79534,2
79547,1
79551,1
79553,1
79555,1
79558,1
79567,1
79574,1
79577,1
79586,1
79590,1
79603,1
79609,1
79616,2
79618,1
79620,1
79624,1
79626,1
79631,1
79636,1
79638,1
79641,1
79660,2
79662,1
79668,1
79670,1
79682,1
79684,1
79690,1
79693,1
79696,1
79699,2
79702,1
79705,2
79707,1
79711,1
79722,1
79726,1
79735,1
79738,1
79742,2
79745,1
79749,1
79767,1
79771,3
79775,1
79778,1
79780,1
79782,1
79785,1
79796,2
79799,1
79802,2
79807,1
79810,2
79814,2
79828,1
79835,2
79837,1
79844,1
79847,1
79851,1
79860,1
79867,1
79872,2
79881,1
79888,1
79895,2
79904,1
79921,2
79926,1
79928,1
79931,1
79935,2
79937,1
79949,2
79953,1
79958,1
79960,1
79969,1
79974,1
79980,2
79985,2
79988,1
80001,1
80005,1
80010,2
80020,1
80027,1
80031,1
80045,1
80047,1
80051,1
80053,1
80058,1
80060,1
80065,1
80067,1
80070,1
80072,1
80078,1
80080,1
80087,1
80089,1
80091,1
80103,1
80106,2
80110,1
80114,1
80122,1
80125,1
80133,1
80139,1
80147,1
80154,1
80156,1
80159,1
80163,1
80170,1
80173,1
80180,2
80185,1
80189,1
80195,1
80201,1
80204,1
80213,1
80217,1
80219,1
80222,1
80227,1
80233,1
80239,1
80241,1
80250,2
80254,1
80256,1
80269,1
80280,1
80291,1
80295,1
80298,1
80310,1
80315,1
80318,1
80326,1
80335,2
80344,1
80346,1
80350,1
80352,1
80356,1
80361,1
80369,1
80372,1
80375,2
80379,2
80383,1
80386,1
80391,1
80397,1
80399,1
80412,1
80414,1
80421,1
80424,2
80429,1
80433,1
80441,1
80449,1
80452,1
80459,2
80463,1
80466,1
80474,2
80481,1
80484,2
80487,1
80490,1
80492,1
80499,1
80506,1
80519,2
80531,1
80533,1
80535,1
80544,1
80549,1
80551,1
80559,1
80561,1
80565,1
80567,1
80573,1
80576,1
80580,1
80583,1
80593,1
80596,1
80607,1
80610,1
80612,1
80621,2
80624,1
80629,1
80631,1
80636,1
80639,1
80647,1
80654,1
80662,1
80678,2
80683,1
80698,1
80700,1
80709,1
80712,1
80721,1
80747,1
80750,1
80756,1
80760,1
80763,1
80766,1
80770,1
80774,1
80776,1
80779,2
80784,1
80792,2
80808,1
80814,1
80818,1
80821,1
80826,1
80831,1
80834,1
80837,2
80843,2
80848,1
80851,1
80854,1
80856,1
80859,1
80867,1
80871,1
80878,1
80885,1
80891,1
80894,1
80898,1
80903,1
80911,1
80915,1
80937,1
80940,1
80947,1
80951,1
80954,2
80970,1
80979,1
80981,1
80983,1
80989,1
80991,1
80995,1
80997,1
81000,1
81009,1
81013,1
81017,1
81021,1
81023,1
81025,1
81034,2
81039,2
81041,1
81050,1
81054,2
81060,1
81062,1
81068,1
81070,1
81075,1
81081,2
81087,1
81092,1
81094,1
81103,1
81107,1
81112,1
81115,1
81118,1
81128,1
81131,1
81133,1
81136,1
81138,1
81141,1
81146,1
81152,1
81158,1
81161,1
81168,1
81174,1
81186,1
81191,1
81195,2
81198,1
81210,1
81213,2
81219,1
81223,1
81231,1
81236,1
81238,1
81241,1
81245,1
81250,1
81270,1
81273,1
81276,1
81280,1
81289,1
81291,1
81297,1
81299,1
81304,1
81306,1
81318,1
81322,1
81331,1
81334,1
81338,1
81340,1
81350,1
81352,1
81357,1
81367,1
81370,1
81378,2
81384,1
81389,1
81394,1
81402,1
81405,1
81410,1
81414,1
81416,1
81418,1
81420,1
81426,1
81429,1
81435,2
81439,1
81441,1
81451,1
81464,1
81468,1
81474,1
81476,1
81490,1
81492,1
81495,2
81500,1
81505,1
81520,1
81524,1
81526,1
81529,2
81532,1
81534,1
81539,1
81543,1
81549,1
81564,1
81572,1
81578,1
81589,1
81592,1
81599,1
81602,1
81609,1
81620,1
81622,1
81626,2
81636,2
81638,1
81640,1
81650,1
81658,1
81662,2
81666,1
81672,1
81682,1
81684,1
81687,1
81690,1
81698,1
81702,2
81705,1
81708,1
81712,1
81714,1
81719,1
81728,1
81734,1
81736,1
81739,1
81742,1
81745,1
81750,1
81756,1
81759,1
81768,1
81773,1
81783,1
81789,2
81793,2
81798,1
81801,1
81810,1
81815,1
81818,1
81827,1
81832,2
81835,1
81837,1
81843,2
81846,1
81865,2
81875,1
81877,1
81885,1
81890,2
81893,1
81897,1
81902,1
81905,1
81907,1
81918,1
81921,1
81927,1
81936,1
81942,1
81960,2
81968,1
81976,1
81996,1
81999,1
82003,2
82006,1
82015,1
82019,1
82024,2
82031,1
82036,1
82038,1
82041,1
82050,1
82058,1
82060,1
82069,1
82077,1
82084,2
82092,1
82094,1
82097,1
82099,1
82104,1
82109,1
82112,1
82121,1
82125,1
82130,1
82133,1
82142,1
82160,1
82163,1
82166,1
82190,2
82192,1
82194,1
82197,1
82203,1
82210,2
82217,1
82224,1
82228,1
82230,1
82239,1
82243,1
82245,1
82249,1
82251,1
82255,2
82258,1
82261,1
82265,2
82271,3
82279,1
82281,1
82289,2
82291,1
82294,1
82298,1
82307,1
82312,1
82316,2
82323,1
82326,1
82330,1
82333,1
82337,2
82345,1
82348,2
82350,1
82352,1
82356,1
82364,1
82368,1
82370,1
82374,2
82383,1
82385,1
82388,1
82393,1
82398,1
82400,1
82403,1
82410,1
82414,1
82423,2
82427,2
82437,1
82439,1
82441,1
82452,1
82456,2
82458,1
82467,1
82470,2
82474,1
82486,2
82490,1
82494,1
82497,1
82501,1
82506,1
82511,1
82516,1
82519,1
82526,1
82530,1
82532,1
82534,1
82542,1
82549,1
82554,1
82557,1
82561,1
82570,1
82574,1
82588,1
82594,1
82602,1
82606,1
82613,1
82626,2
82633,2
82638,1
82646,2
82651,1
82653,1
82657,1
82663,1
82667,1
82669,1
82671,1
82673,1
82675,1
82679,1
82686,1
82689,1
82694,1
82699,1
82702,1
82705,1
82709,1
82715,1
82719,2
82722,2
82726,1
82735,1
82737,1
82742,1
82745,1
82748,1
82764,1
82772,1
82776,2
82783,1
82787,2
82793,1
82800,1
82802,1
82804,1
82808,1
82810,1
82812,1
82818,2
82821,2
82828,3
82834,1
82845,1
82851,2
82855,2
82859,1
82863,1
82866,1
82868,1
82872,2
82874,1
82877,1
82882,1
82884,1
82887,2
82893,2
82900,1
82902,1
82905,1
82909,1
82915,2
82918,1
82924,1
82932,1
82948,2
82969,1
82976,1
82981,1
82987,2
82989,1
82991,1
82994,2
82997,1
82999,1
83004,1
83010,1
83012,1
83015,2
83019,2
83027,1
83030,1
83032,1
83037,2
83040,1
83044,2
83048,1
83051,1
83053,1
83056,1
83058,1
83060,1
83075,1
83079,2
83083,2
83095,1
83100,1
83103,1
83118,1
83121,1
83123,1
83125,1
83127,1
83132,2
83134,1
83136,1
83139,1
83145,1
83148,1
83152,1
83154,1
83156,1
83158,1
83160,1
83162,1
83168,1
83172,1
83179,2
83185,1
83193,3
83195,1
83197,1
83200,2
83203,1
83208,2
83213,1
83215,1
83218,1
83220,1
83223,2
83226,2
83232,1
83236,1
83240,1
83243,2
83254,1
83260,1
83269,1
83275,1
83307,2
83311,1
83317,1
83325,2
83328,1
83330,1
83336,1
83339,1
83341,1
83344,1
83347,1
83351,1
83356,2
83359,1
83361,1
83367,1
83372,1
83378,1
83383,1
83386,1
83393,1
83404,1
83406,1
83415,1
83417,1
83421,1
83441,1
83445,1
83449,1
83455,1
83457,1
83461,2
83466,1
83469,1
83471,1
83482,1
83493,2
83496,2
83498,1
83501,1
83504,1
83507,2
83509,1
83511,1
83514,1
83520,1
83524,2
83529,1
83531,1
83536,1
83539,2
83544,1
83547,1
83554,1
83561,2
83571,1
83573,1
83581,1
83583,1
83587,1
83595,1
83606,1
83617,1
83624,1
83631,1
83652,1
83660,1
83662,1
83665,1
83671,1
83680,1
83683,1
83688,1
83690,1
83697,1
83701,1
83706,2
83709,1
83718,1
83721,1
83731,1
83734,1
83737,2
83745,2
83748,1
83755,1
83760,1
83766,1
83774,1
83776,1
83779,1
83788,3
83791,1
83795,1
83800,2
83804,1
83810,3
83825,1
83830,1
83837,1
83840,1
83844,2
83846,1
83849,1
83855,1
83857,1
83859,1
83862,1
83870,1
83872,1
83882,1
83885,2
83890,1
83893,1
83900,1
83914,1
83917,1
83921,2
83923,1
83937,1
83950,1
83953,1
83958,3
83963,1
83968,1
83974,1
83981,1
83984,1
83987,1
83994,1
83996,1
84009,2
84015,1
84017,1
84019,1
84034,1
84036,1
84038,1
84057,1
84065,2
84067,1
84069,1
84079,1
84083,1
84088,1
84090,1
84094,2
84099,1
84105,1
84110,1
84117,1
84120,1
84127,1
84136,2
84138,1
84141,1
84149,1
84153,2
84156,1
84160,2
84168,1
84174,1
84177,1
84180,1
84186,1
84188,1
84192,1
84204,2
84210,2
84225,2
84232,2
84237,2
84241,1
84247,1
84251,1
84254,1
84260,2
84263,2
84270,1
84276,1
84279,2
84292,1
84300,1
84302,1
84307,1
84314,1
84316,1
84319,1
84321,1
84323,1
84325,1
84329,2
84346,1
84358,1
84362,1
84364,1
84367,2
84382,1
84386,1
84394,1
84397,1
84400,1
84411,2
84413,1
84419,2
84423,1
84425,1
84439,1
84443,1
84449,1
84453,1
84458,1
84463,1
84467,1
84473,1
84475,1
84485,2
84489,1
84491,1
84494,1
84499,2
84501,1
84506,1
84512,1
84518,1
84529,1
84533,1
84536,2
84542,1
84550,1
84552,1
84555,1
84561,1
84566,1
84569,1
84582,1
84586,2
84591,2
84594,1
84604,2
84606,1
84615,1
84617,1
84625,3
84628,1
84631,1
84657,1
84663,1
84665,1
84667,1
84673,1
84675,1
84679,2
84683,1
84685,1
84691,2
84701,3
84712,2
84720,1
84728,1
84736,2
84738,1
84743,1
84748,1
84750,1
84756,1
84770,1
84775,1
84781,2
84790,1
84795,2
84806,1
84816,2
84820,1
84823,1
84832,2
84839,1
84843,1
84848,1
84851,2
84856,1
84860,1
84869,1
84876,1
84879,1
84905,2
84908,1
84910,1
84913,1
84916,1
84923,1
84925,1
84933,2
84940,1
84943,1
84946,1
84948,1
84953,2
84956,1
84958,1
84966,1
84977,1
84982,1
84985,1
84988,1
84993,1
84995,1
85000,1
85003,2
85009,1
85015,1
85018,1
85021,1
85024,1
85030,1
85032,1
85037,1
85042,1
85045,1
85048,1
85052,1
85055,1
85061,1
85066,1
85071,1
85075,1
85082,1
85086,2
85088,1
85090,1
85095,1
85104,1
85107,1
85111,1
85121,1
85123,1
85127,1
85131,1
85133,1
85135,1
85137,1
85145,1
85155,1
85162,1
85172,1
85176,1
85180,1
85184,1
85189,1
85193,2
85195,1
85197,1
85201,1
85203,1
85210,1
85218,1
85224,1
85226,1
85237,1
85251,1
85253,1
85262,1
85272,1
85276,1
85286,1
85289,1
85291,1
85296,1
85299,1
85306,2
85308,1
85312,1
85314,1
85323,1
85325,1
85329,1
85334,1
85336,1
85338,1
85340,1
85343,1
85346,1
85353,1
85366,1
85370,1
85378,1
85383,1
85385,1
85390,1
85396,1
85399,1
85410,1
85413,1
85421,1
85427,2
85430,1
85435,1
85442,1
85457,1
85461,1
85464,1
85468,1
85473,1
85476,1
85487,1
85490,1
85492,1
85494,1
85497,2
85508,1
85513,1
85529,1
85531,1
85534,1
85538,1
85540,1
85544,2
85546,1
85556,2
85558,1
85560,1
85562,1
85568,1
85571,1
85574,2
85576,1
85582,1
85588,2
85595,1
85597,1
85604,1
85609,1
85614,2
85619,1
85621,1
85624,1
85627,1
85632,1
85634,1
85639,1
85653,1
85661,2
85666,1
85669,2
85674,2
85680,2
85695,1
85700,1
85707,1
85709,1
85716,1
85719,2
85722,1
85725,1
85727,1
85732,1
85734,1
85736,1
85738,1
85741,1
85746,1
85763,1
85775,1
85789,2
85797,1
85805,1
85807,1
85818,2
85824,1
85833,1
85841,1
85844,2
85856,1
85862,1
85866,1
85873,1
85875,1
85877,1
85879,1
85886,2
85888,1
85893,1
85899,2
85902,1
85906,1
85912,1
85917,1
85920,1
85922,1
85931,1
85935,1
85941,1
85943,1
85947,1
85957,1
85963,1
85966,1
85970,1
85973,1
85980,1
85984,1
86010,1
86022,1
86028,2
86030,1
86033,1
86037,1
86049,1
86054,1
86059,1
86061,1
86067,1
86071,1
86078,1
86087,2
86093,1
86099,1
86109,1
86121,1
86123,1
86127,2
86141,1
86145,1
86147,1
86149,1
86155,1
86159,1
86162,2
86172,1
86175,1
86177,1
86182,1
86187,1
86189,1
86201,2
86205,1
86209,1
86211,1
86218,1
86221,1
86225,1
86235,1
86252,2
86255,1
86261,2
86267,1
86273,1
86275,1
86280,1
86284,1
86288,2
86298,1
86305,1
86308,1
86311,1
86317,1
86322,1
86326,1
86329,1
86332,2
86335,2
86337,1
86342,1
86346,1
86359,1
86365,1
86369,1
86374,2
86376,1
86388,1
86391,1
86394,1
86398,1
86402,1
86405,1
86409,1
86411,1
86417,1
86423,1
86426,1
86441,1
86443,1
86446,2
86451,2
86460,1
86464,1
86467,1
86472,1
86474,1
86483,1
86486,1
86488,1
86505,1
86507,1
86514,1
86518,1
86527,1
86529,1
86539,1
86544,1
86546,1
86555,2
86557,1
86571,2
86576,2
86579,1
86581,1
86591,1
86594,1
86608,1
86619,1
86625,1
86628,1
86635,1
86637,1
86639,1
86650,1
86655,2
86664,1
86669,1
86672,1
86678,1
86693,1
86696,1
86701,1
86704,2
86706,1
86713,1
86718,2
86722,1
86724,1
86727,1
86729,1
86733,1
86744,2
86746,1
86748,1
86750,1
86756,1
86762,1
86771,1
86774,1
86785,1
86790,1
86796,1
86807,1
86812,1
86814,1
86817,1
86825,1
86829,1
86837,1
86841,1
86850,1
86853,1
86860,1
86863,1
86872,1
86875,1
86879,1
86887,1
86895,1
86905,1
86910,1
86915,1
86925,1
86934,1
86938,2
86942,1
86948,1
86956,1
86968,1
86970,1
86979,1
86981,1
86983,1
86989,2
86991,1
86993,1
87003,1
87007,1
87014,1
87028,1
87031,2
87034,1
87041,1
87043,1
87048,1
87053,2
87057,1
87067,2
87072,1
87074,1
87076,1
87087,1
87089,1
87092,2
87097,1
87104,1
87110,1
87119,2
87121,1
87126,2
87128,1
87131,1
87140,1
87147,1
87151,1
87154,2
87159,2
87170,1
87188,1
87192,1
87195,1
87205,1
87208,1
87211,1
87220,1
87222,1
87228,1
87230,1
87237,1
87243,2
87248,1
87258,1
87262,1
87274,1
87277,1
87283,1
87288,1
87293,1
87296,1
87300,1
87302,1
87304,1
87314,1
87317,1
87332,1
87337,1
87339,1
87350,1
87355,1
87358,1
87375,1
87380,1
87392,2
87394,1
87399,1
87403,2
87415,1
87417,1
87421,1
87425,1
87428,1
87430,1
87432,1
87439,1
87441,1
87449,1
87452,2
87458,2
87461,1
87467,1
87471,1
87476,1
87483,1
87487,1
87494,1
87501,1
87506,2
87508,1
87510,1
87521,1
87526,1
87534,1
87565,1
87570,2
87572,1
87589,1
87594,1
87601,1
87606,1
87609,1
87612,1
87614,1
87621,1
87627,1
87629,1
87633,2
87635,1
87638,1
87643,1
87646,2
87649,1
87656,1
87666,1
87673,1
87682,1
87687,1
87697,1
87699,1
87704,1
87707,1
87712,1
87715,2
87722,1
87728,1
87735,1
87739,1
87743,1
87746,1
87752,1
87765,1
87767,1
87769,1
87774,1
87776,1
87783,1
87787,1
87792,1
87794,1
87797,1
87801,1
87807,1
87810,1
87819,2
87823,1
87825,1
87829,1
87831,1
87836,1
87843,1
87849,2
87861,1
87868,1
87883,1
87885,1
87888,1
87890,1
87898,1
87903,1
87907,2
87912,1
87917,1
87919,1
87923,1
87929,1
87939,1
87941,1
87943,1
87953,1
87973,1
87985,1
87990,2
87997,1
88000,1
88004,1
88016,1
88018,1
88024,1
88027,1
88032,1
88037,1
88039,1
88050,1
88055,1
88063,1
88065,1
88077,1
88082,2
88094,1
88096,1
88101,1
88103,1
88105,1
88109,1
88127,1
88133,1
88146,1
88149,1
88155,1
88161,1
88163,1
88170,1
88173,1
88177,1
88179,1
88183,1
88187,1
88189,1
88198,1
88203,1
88206,2
88210,2
88217,1
88221,2
88223,1
88229,1
88247,1
88249,1
88261,1
88263,1
88268,1
88274,1
88281,1
88283,1
88292,1
88302,1
88306,2
88323,1
88325,1
88328,1
88334,1
88350,1
88352,1
88356,1
88360,1
88363,1
88368,1
88375,1
88381,1
88385,2
88388,1
88405,1
88412,1
88414,1
88417,1
88420,1
88423,1
88426,1
88436,1
88439,1
88449,1
88451,1
88453,1
88458,1
88465,2
88474,1
88479,1
88484,1
88496,1
88504,1
88508,1
88510,1
88519,1
88521,1
88525,1
88527,1
88533,1
88535,1
88538,1
88552,1
88561,1
88565,1
88568,1
88575,1
88578,1
88586,1
88590,2
88593,2
88595,1
88615,2
88621,1
88627,1
88631,1
88633,1
88638,1
88642,1
88645,1
88648,1
88651,1
88656,1
88658,1
88660,1
88668,3
88670,1
88680,1
88683,1
88695,1
88697,1
88700,1
88703,1
88706,2
88711,1
88743,2
88756,1
88760,1
88768,1
88776,1
88783,1
88785,1
88795,1
88802,1
88804,1
88806,1
88815,2
88817,1
88819,1
88821,1
88825,2
88827,1
88830,1
88834,2
88838,1
88840,1
88842,1
88844,1
88858,1
88871,1
88874,1
88882,1
88885,2
88887,1
88893,1
88899,1
88907,2
88914,1
88921,2
88930,1
88932,1
88934,1
88936,1
88939,1
88941,1
88953,1
88956,2
88967,1
88975,1
88980,1
88984,1
88987,1
88990,2
88993,1
88996,1
88999,1
89003,2
89006,1
89013,1
89015,1
89024,1
89026,1
89031,1
89033,1
89039,1
89041,1
89046,1
89058,1
89061,1
89066,1
89078,1
89081,1
89087,1
89090,1
89098,1
89100,1
89103,1
89109,1
89111,1
89115,1
89117,1
89121,1
89125,1
89130,2
89132,1
89138,1
89144,1
89149,1
89157,1
89173,1
89177,1
89181,1
89184,2
89188,1
89190,1
89195,1
89197,1
89199,1
89203,1
89205,1
89216,1
89223,1
89228,1
89230,1
89232,1
89236,1
89241,1
89243,1
89246,1
89248,1
89255,1
89258,2
89260,1
89267,1
89272,1
89275,1
89279,1
89286,1
89291,1
89310,1
89312,1
89316,1
89328,1
89353,1
89363,1
89367,1
89373,2
89378,1
89387,2
89389,1
89392,2
89400,1
89406,2
89413,2
89415,1
89423,1
89425,1
89430,1
89445,1
89458,1
89466,1
89470,1
89476,1
89485,2
89487,1
89495,1
89498,1
89501,1
89504,1
89506,1
89517,1
89519,1
89523,1
89551,2
89555,1
89560,1
89570,1
89572,1
89581,2
89583,1
89591,1
89596,1
89599,1
89609,1
89611,1
89614,2
89619,3
89623,1
89625,1
89627,1
89640,1
89644,1
89652,1
89656,2
89661,1
89664,1
89673,1
89678,1
89688,2
89709,1
89713,1
89720,1
89728,1
89733,1
89745,1
89751,2
89753,1
89761,1
89778,1
89786,1
89788,1
89800,1
89803,1
89807,1
89809,1
89815,1
89820,1
89825,1
89828,1
89832,1
89842,1
89844,1
89850,1
89854,1
89859,1
89863,1
89867,1
89871,2
89876,1
89879,1
89881,1
89884,2
89886,1
89892,1
89894,1
89899,1
89902,2
89905,1
89915,1
89918,1
89922,1
89925,1
89933,1
89936,1
89938,1
89940,1
89947,2
89952,1
89955,2
89959,1
89968,2
89971,1
89975,1
89977,1
89982,1
89990,1
89994,2
89997,1
89999,1
90003,1
90020,2
90026,1
90030,2
90035,3
90038,1
90043,1
90046,1
90058,2
90067,1
90072,1
90089,1
90092,1
90095,2
90100,1
90106,1
90109,1
90111,1
90114,1
90118,1
90120,1
90122,1
90125,1
90136,1
90146,1
90156,1
90159,1
90162,1
90167,1
90169,1
90174,1
90182,1
90184,1
90186,1
90188,1
90193,1
90197,1
90202,1
90205,1
90210,1
90221,2
90223,1
90226,1
90235,2
90238,1
90240,1
90242,1
90245,2
90247,1
90255,1
90260,2
90265,1
90269,1
90274,1
90277,1
90291,1
90293,1
90299,1
90303,1
90305,1
90323,2
90325,1
90334,1
90337,1
90340,1
90346,1
90348,1
90356,2
90361,3
90381,2
90383,1
90387,1
90391,1
90401,2
90416,3
90421,1
90424,1
90429,1
90432,1
90434,1
90438,1
90446,1
90449,1
90455,2
90460,1
90479,1
90482,1
90485,1
90490,1
90501,1
90503,1
90508,2
90523,1
90528,1
90532,2
90535,1
90547,1
90568,1
90574,1
90577,1
90580,1
90585,1
90593,1
90597,1
90601,1
90607,1
90612,1
90617,1
90619,1
90624,1
90632,1
90640,2
90644,1
90647,2
90651,1
90653,1
90655,1
90659,1
90662,1
90664,1
90675,1
90677,1
90680,2
90682,1
90684,1
90687,1
90695,1
90700,2
90707,1
90714,1
90724,1
90728,1
90732,1
90734,1
90737,2
90740,2
90747,1
90766,1
90768,1
90774,2
90778,1
90792,1
90794,1
90797,1
90800,1
90809,1
90812,2
90814,1
90828,2
90833,1
90836,2
90842,1
90845,2
90847,1
90850,1
90867,1
90879,2
90882,1
90884,1
90887,1
90894,1
90901,1
90906,1
90911,1
90914,1
90918,1
90925,1
90928,1
90930,1
90935,1
90937,1
90939,1
90942,1
90949,1
90951,1
90953,1
90956,1
90959,1
90963,1
90968,1
90980,1
90991,1
90996,1
90998,1
91001,1
91004,1
91012,1
91015,1
91017,1
91021,1
91024,1
91027,1
91031,1
91035,1
91038,1
91040,1
91046,2
91049,1
91051,1
91054,1
91059,1
91063,2
91069,1
91083,1
91090,1
91099,1
91102,2
91110,1
91113,1
91115,1
91117,1
91121,2
91127,1
91133,1
91135,1
91139,1
91152,1
91154,1
91157,1
91161,2
91171,3
91173,1
91186,1
91204,1
91211,1
91215,1
91226,1
91228,1
91231,1
91234,2
91239,1
91242,1
91245,2
91247,1
91249,1
91251,1
91255,1
91258,2
91266,1
91268,1
91273,1
91279,1
91290,2
91292,1
91296,1
91298,1
91308,1
91312,1
91316,1
91322,2
91324,1
91327,1
91330,1
91336,2
91339,1
91341,1
91345,1
91348,1
91354,1
91365,1
91369,1
91373,1
91381,1
91384,1
91396,1
91399,1
91407,2
91414,1
91426,2
91430,1
91437,2
91439,1
91442,1
91445,2
91447,1
91462,1
91469,1
91478,1
91487,2
91489,1
91500,1
91502,1
91506,1
91510,1
91512,1
91521,3
91526,1
91532,1
91539,1
91548,1
91550,1
91559,1
91566,1
91579,2
91584,1
91590,1
91594,1
91602,1
91605,1
91608,1
91612,1
91614,1
91618,1
91623,1
91632,1
91636,1
91638,1
91642,1
91647,1
91649,1
91660,1
91670,1
91674,1
91679,1
91682,1
91684,1
91689,1
91701,2
91717,1
91722,1
91725,1
91734,1
91737,1
91743,1
91748,1
91750,1
91760,1
91763,1
91771,1
91773,1
91779,2
91784,1
91794,1
91801,1
91803,1
91806,2
91812,1
91815,1
91819,1
91823,1
91830,1
91835,1
91842,1
91849,1
91851,1
91854,1
91857,1
91862,1
91872,1
91878,1
91893,1
91900,1
91912,1
91914,1
91921,1
91927,1
91930,1
91940,1
91951,1
91954,1
91962,1
91966,1
91969,1
91971,1
91981,2
91984,1
91988,1
91990,1
91997,1
91999,1
92008,1
92015,1
92021,1
92025,1
92041,1
92048,1
92058,1
92062,1
92073,1
92090,1
92094,1
92101,1
92108,1
92112,1
92115,1
92119,1
92146,1
92151,1
92161,1
92164,1
92167,1
92171,1
92186,1
92196,1
92198,1
92210,1
92214,1
92228,1
92231,1
92239,1
92242,2
92252,2
92254,1
92262,1
92266,1
92273,1
92276,1
92284,1
92288,1
92296,1
92305,2
92308,1
92310,1
92322,1
92327,1
92330,2
92333,1
92336,1
92338,1
92342,1
92345,1
92347,1
92349,1
92351,1
92354,1
92356,1
92358,1
92361,1
92367,3
92370,2
92372,1
92375,1
92385,1
92393,1
92396,1
92401,1
92408,1
92412,1
92418,1
92423,1
92426,1
92434,1
92442,1
92447,1
92454,1
92460,1
92463,2
92467,2
92471,1
92474,1
92484,1
92486,1
92494,1
92500,1
92505,1
92508,1
92513,1
92522,1
92535,1
92540,1
92548,1
92554,1
92557,1
92560,1
92575,1
92580,1
92583,2
92592,1
92594,1
92597,1
92606,1
92613,1
92617,1
92621,1
92624,2
92631,1
92634,1
92636,1
92639,1
92645,1
92649,1
92654,1
92657,1
92661,1
92667,1
92670,1
92680,1
92687,1
92690,1
92694,1
92703,1
92706,1
92729,1
92732,2
92742,1
92748,1
92756,1
92768,1
92775,2
92777,1
92782,1
92784,1
92786,1
92790,1
92793,2
92803,1
92807,1
92824,2
92827,2
92830,1
92832,1
92839,1
92842,1
92845,1
92849,2
92852,1
92872,1
92874,1
92878,1
92880,1
92882,1
92885,2
92889,1
92896,1
92907,1
92909,1
92912,1
92916,1
92946,1
92952,1
92955,1
92960,1
92962,1
92967,1
92974,1
92980,1
92987,1
92996,1
92999,2
93008,1
93012,1
93014,1
93027,1
93030,1
93053,1
93069,1
93072,1
93074,1
93077,2
93081,1
93085,2
93089,1
93101,2
93103,1
93106,1
93109,1
93112,1
93118,1
93123,1
93134,1
93136,1
93143,1
93150,1
93152,1
93156,1
93158,1
93162,1
93171,1
93189,1
93196,1
93200,2
93205,1
93207,1
93212,1
93219,1
93225,1
93227,1
93230,1
93236,1
93238,1
93240,1
93245,1
93250,1
93256,1
93265,2
93273,1
93282,1
93304,1
93307,1
93309,1
93311,1
93314,1
93316,1
93320,1
93323,1
93327,2
93330,1
93333,2
93337,1
93339,1
93344,1
93355,1
93359,2
93374,1
93386,1
93392,1
93395,1
93400,1
93408,1
93412,1
93414,1
93418,1
93422,1
93431,1
93443,1
93447,1
93453,1
93464,1
93470,1
93486,1
93493,2
93497,2
93507,1
93509,1
93512,1
93515,2
93519,1
93524,1
93526,1
93529,1
93537,2
93540,1
93542,1
93545,1
93548,1
93555,1
93559,2
93564,1
93566,1
93569,2
93577,1
93584,1
93599,1
93603,2
93612,1
93616,1
93619,2
93622,2
93626,1
93637,1
93640,2
93647,1
93650,1
93652,1
93659,1
93661,1
93674,2
93682,2
93684,1
93686,1
93689,1
93701,1
93704,1
93708,1
93717,1
93720,1
93723,2
93725,1
93731,1
93739,1
93743,1
93745,1
93751,1
93756,1
93758,1
93762,1
93764,1
93768,1
93772,1
93777,1
93779,1
93784,1
93789,1
93801,2
93803,1
93811,1
93813,1
93819,1
93823,1
93830,1
93833,2
93837,1
93841,1
93844,1
93847,1
93850,2
93852,1
93860,1
93862,1
93864,1
93868,1
93875,1
93884,1
93889,1
93898,1
93908,1
93915,1
93926,1
93932,1
93937,1
93941,1
93943,1
93958,1
93961,1
93964,1
93975,1
93991,1
93997,1
94002,1
94009,1
94023,2
94029,1
94037,1
94041,1
94045,1
94051,2
94054,1
94058,1
94061,1
94071,1
94077,1
94081,2
94083,1
94085,1
94095,1
94099,1
94103,2
94113,1
94117,1
94126,1
94131,1
94134,1
94136,1
94145,1
94149,1
94159,1
94165,1
94168,2
94171,2
94179,1
94183,1
94191,1
94198,1
94201,1
94221,1
94223,1
94225,1
94229,1
94235,1
94237,1
94240,1
94245,1
94249,1
94253,1
94255,1
94257,1
94262,2
94266,1
94269,2
94272,1
94276,1
94279,1
94282,1
94284,1
94287,2
94291,1
94297,1
94303,1
94307,2
94310,1
94315,2
94323,1
94327,1
94337,1
94346,1
94352,1
94354,1
94358,1
94362,1
94367,2
94371,1
94374,1
94380,1
94383,1
94391,1
94401,1
94404,1
94410,2
94418,1
94420,1
94436,1
94450,1
94455,1
94457,1
94459,1
94477,1
94485,1
94491,1
94495,2
94497,1
94499,1
94503,2
94510,1
94515,1
94518,2
94528,1
94531,2
94533,1
94535,1
94546,1
94550,2
94552,1
94573,1
94579,1
94583,1
94585,1
94587,1
94590,1
94594,1
94599,1
94613,1
94616,1
94624,1
94630,1
94641,1
94644,1
94651,1
94657,1
94663,1
94670,1
94674,1
94681,2
94683,1
94685,1
94687,1
94701,1
94707,1
94718,1
94726,1
94731,1
94738,1
94743,2
94750,1
94752,1
94760,2
94766,1
94773,1
94777,1
94780,1
94790,1
94793,1
94795,1
94798,2
94806,2
94816,1
94818,1
94823,1
94826,1
94829,2
94842,1
94851,2
94855,1
94859,1
94867,1
94870,1
94874,1
94880,1
94889,2
94892,2
94910,1
94913,1
94917,1
94922,1
94927,1
94934,2
94944,1
94947,1
94950,1
94954,2
94958,1
94965,1
94968,2
94973,1
94988,1
94998,2
95001,1
95004,1
95007,1
95015,1
95018,1
95021,1
95027,1
95029,1
95031,1
95038,2
95041,2
95044,1
95046,1
95051,2
95064,1
95067,1
95071,1
95073,1
95075,1
95077,1
95079,1
95081,1
95084,1
95087,1
95092,1
95094,1
95111,1
95116,1
95118,1
95126,1
95131,1
95142,1
95157,1
95161,2
95163,1
95174,1
95176,1
95184,1
95189,1
95191,1
95194,2
95199,2
95203,1
95209,2
95211,1
95213,1
95218,1
95224,2
95229,1
95237,1
95239,1
95248,1
95258,1
95262,1
95265,1
95267,1
95280,1
95290,1
95293,1
95299,1
95304,1
95306,1
95313,1
95315,1
95318,1
95320,1
95323,1
95326,1
95329,1
95342,2
95344,1
95351,1
95353,1
95356,2
95359,2
95370,1
95373,1
95375,1
95378,1
95380,1
95387,1
95391,1
95402,1
95405,1
95407,1
95409,1
95414,1
95422,1
95425,1
95434,1
95439,1
95441,1
95445,1
95447,1
95452,1
95455,2
95457,1
95460,1
95464,1
95466,1
95472,1
95476,1
95484,1
95486,1
95499,1
95502,1
95511,1
95514,1
95517,1
95521,1
95524,1
95527,1
95529,1
95535,1
95537,1
95540,1
95543,2
95553,1
95568,2
95576,1
95578,1
95581,1
95584,1
95588,1
95593,1
95599,2
95601,1
95604,1
95609,1
95612,1
95628,1
95638,1
95642,1
95658,1
95663,1
95668,1
95680,1
95682,1
95684,1
95686,1
95690,1
95694,2
95702,2
95704,1
95706,1
95714,1
95716,1
95722,1
95726,1
95729,1
95739,1
95748,1
95755,1
95767,1
95769,1
95780,1
95782,1
95784,1
95793,1
95796,1
95798,1
95806,2
95808,1
95811,2
95814,2
95816,1
95819,1
95822,2
95826,1
95829,1
95856,2
95863,1
95867,1
95876,1
95878,1
95883,1
95893,1
95896,1
95899,1
95901,1
95903,1
95911,1
95919,1
95933,1
95935,1
95941,1
95958,1
95968,1
95970,1
95972,1
95982,1
95986,1
95988,1
95990,1
96001,1
96007,1
96010,1
96013,1
96016,1
96044,1
96046,1
96054,1
96057,1
96060,1
96065,1
96075,1
96077,1
96093,1
96095,1
96097,1
96104,1
96112,2
96114,1
96118,1
96127,2
96130,1
96135,1
96140,1
96147,2
96150,1
96157,1
96159,1
96162,1
96172,1
96180,2
96187,2
96194,1
96197,1
96200,1
96207,2
96211,1
96215,1
96218,1
96221,1
96227,3
96231,1
96236,1
96238,1
96241,1
96244,1
96247,1
96256,1
96260,1
96264,1
96266,1
96269,1
96272,1
96279,1
96287,1
96289,1
96291,1
96301,1
96308,1
96317,1
96331,1
96340,1
96343,1
96345,1
96350,1
96361,1
96373,1
96389,2
96399,1
96408,1
96416,1
96418,1
96420,1
96423,1
96428,2
96434,2
96437,2
96441,2
96450,1
96453,1
96459,1
96462,1
96471,1
96476,1
96480,1
96489,1
96493,1
96499,1
96501,1
96505,1
96519,1
96524,1
96527,1
96535,1
96539,2
96541,1
96545,1
96563,1
96575,1
96580,1
96584,1
96594,1
96611,1
96615,1
96627,1
96632,1
96637,1
96642,1
96648,1
96650,1
96653,1
96658,1
96666,1
96680,1
96688,1
96701,1
96703,1
96717,1
96722,1
96727,1
96734,1
96736,1
96738,1
96740,1
96746,1
96748,1
96751,2
96753,1
96756,2
96759,1
96771,1
96784,1
96788,1
96792,1
96796,2
96805,1
96810,2
96812,1
96815,1
96817,1
96820,1
96824,1
96828,1
96834,1
96836,1
96838,1
96842,1
96850,1
96853,2
96857,2
96859,1
96873,2
96878,2
96885,1
96889,1
96892,1
96897,1
96900,1
96902,1
96906,1
96912,1
96914,1
96917,2
96920,1
96922,1
96925,1
96930,1
96934,1
96937,1
96942,2
96946,1
96948,1
96952,1
96957,2
96959,1
96966,2
96972,1
96977,1
96981,1
96984,1
96986,1
96995,1
97000,2
97002,1
97005,1
97011,1
97023,1
97025,1
97028,2
97031,2
97033,1
97035,1
97041,1
97050,2
97057,1
97062,2
97072,1
97078,1
97088,1
97092,1
97094,1
97098,1
97100,1
97105,1
97107,1
97109,1
97118,1
97122,1
97124,1
97127,1
97129,1
97133,1
97136,2
97138,1
97141,1
97148,1
97152,1
97171,1
97173,1
97175,1
97179,1
97181,1
97186,1
97188,1
97193,1
97197,3
97203,1
97207,1
97210,1
97212,1
97214,1
97217,1
97226,3
97228,1
97232,1
97234,1
97239,2
97246,1
97260,1
97262,1
97267,1
97269,1
97272,1
97276,2
97280,1
97287,1
97292,1
97296,1
97303,1
97305,1
97315,1
97319,1
97329,1
97337,1
97348,1
97351,1
97361,1
97369,2
97372,1
97375,1
97377,1
97384,1
97390,2
97395,2
97400,1
97403,1
97405,1
97410,1
97415,1
97418,1
97421,1
97427,1
97430,2
97433,2
97452,1
97458,2
97462,2
97465,1
97470,1
97472,1
97492,1
97496,1
97501,2
97506,1
97508,1
97510,1
97513,1
97515,1
97525,1
97527,1
97537,1
97540,1
97542,1
97549,1
97551,1
97561,1
97564,1
97568,1
97572,1
97578,1
97580,1
97583,1
97592,1
97596,1
97607,1
97614,1
97617,1
97620,1
97623,1
97626,1
97632,2
97636,1
97648,1
97657,1
97659,1
97663,1
97668,1
97676,1
97678,1
97682,2
97684,1
97686,1
97693,1
97697,1
97705,1
97710,3
97715,1
97722,1
97731,1
97734,1
97744,1
97750,1
97753,2
97755,1
97757,1
97765,2
97772,1
97779,1
97784,1
97786,1
97793,1
97796,1
97800,1
97802,1
97816,1
97819,1
97822,1
97834,1
97839,2
97855,1
97857,1
97864,1
97866,1
97872,2
97874,1
97888,1
97896,1
97900,1
97906,1
97929,2
97935,1
97954,2
97958,1
97966,2
97968,1
97972,1
97974,1
97982,1
97984,1
97989,1
97991,1
97996,1
98001,1
98004,1
98006,1
98015,1
98021,2
98034,1
98037,1
98039,1
98041,1
98046,1
98050,1
98053,1
98057,1
98061,1
98065,1
98071,1
98078,1
98086,1
98089,1
98093,2
98098,1
98100,1
98103,2
98108,1
98125,1
98143,1
98151,1
98163,1
98165,1
98179,1
98191,1
98197,1
98201,1
98203,1
98211,1
98213,1
98216,2
98223,1
98225,1
98230,1
98232,1
98239,1
98245,1
98247,1
98250,1
98253,2
98255,1
98265,1
98277,1
98281,1
98283,1
98285,1
98314,1
98324,1
98326,1
98330,1
98335,1
98339,1
98341,1
98343,1
98349,2
98351,1
98356,1
98369,1
98371,1
98377,1
98379,1
98387,1
98395,1
98404,1
98408,1
98412,1
98422,1
98425,1
98439,1
98442,1
98453,2
98455,1
98464,1
98468,1
98471,1
98485,1
98487,1
98492,1
98500,1
98504,2
98512,1
98515,1
98518,1
98532,1
98542,1
98545,2
98547,1
98550,1
98553,1
98556,1
98562,1
98566,1
98571,1
98578,1
98582,1
98585,1
98589,2
98591,1
98593,1
98605,1
98613,1
98622,1
98626,1
98633,1
98640,2
98643,1
98646,1
98649,1
98658,1
98663,1
98665,1
98669,1
98671,1
98673,1
98677,2
98683,1
98686,1
98701,2
98705,1
98714,2
98717,1
98719,1
98735,1
98737,1
98741,1
98743,1
98745,1
98750,1
98755,1
98757,1
98759,1
98767,1
98770,1
98772,1
98775,1
98778,1
98782,1
98784,1
98788,2
98795,1
98798,2
98803,1
98805,1
98812,1
98814,1
98817,1
98821,1
98823,1
98828,1
98830,1
98834,1
98837,1
98843,1
98855,1
98859,1
98862,1
98870,1
98874,1
98886,1
98889,1
98894,1
98896,1
98908,1
98921,1
98927,1
98931,3
98933,1
98940,1
98948,1
98952,1
98954,1
98960,1
98965,1
98968,1
98973,2
98985,1
98990,1
98994,1
99003,1
99015,1
99017,1
99019,1
99025,1
99027,1
99029,1
99033,3
99038,2
99042,1
99051,1
99058,1
99060,1
99062,1
99065,1
99071,1
99075,1
99078,1
99081,2
99083,1
99086,1
99094,1
99096,1
99099,1
99103,1
99105,1
99110,1
99112,1
99120,1
99123,1
99131,3
99134,2
99137,1
99140,1
99143,1
99150,1
99154,1
99159,1
99165,1
99167,1
99176,1
99185,1
99195,1
99197,1
99210,1
99214,2
99223,1
99241,1
99243,1
99247,1
99253,1
99256,1
99258,1
99272,1
99275,1
99278,1
99280,1
99282,1
99292,2
99297,2
99309,1
99316,2
99321,1
99324,1
99326,1
99340,1
99342,1
99347,2
99351,1
99356,2
99358,1
99364,1
99366,1
99370,1
99373,1
99375,1
99379,1
99385,1
99387,1
99396,1
99398,1
99401,1
99403,1
99409,1
99411,1
99414,1
99418,1
99421,1
99423,1
99425,1
99441,1
99443,1
99447,1
99453,1
99466,1
99469,1
99471,1
99476,1
99487,1
99489,1
99492,1
99496,1
99500,1
99512,2
99516,1
99518,1
99522,1
99524,1
99526,1
99529,1
99537,2
99542,1
99545,2
99555,1
99557,1
99560,1
99564,2
99571,1
99578,1
99581,1
99586,1
99589,2
99592,1
99596,1
99614,1
99616,1
99622,1
99625,1
99629,1
99631,1
99636,1
99639,1
99641,1
99649,1
99651,1
99654,1
99656,1
99658,1
99663,1
99668,1
99671,1
99677,1
99680,1
99696,1
99708,1
99713,1
99722,2
99729,1
99750,1
99752,1
99756,1
99760,1
99763,1
99769,1
99777,1
99787,1
99794,2
99801,2
99803,1
99805,1
99808,2
99812,1
99827,2
99848,1
99855,1
99857,1
99868,1
99870,1
99874,1
99877,2
99879,1
99883,1
99885,1
99889,2
99897,1
99906,1
99909,1
99915,1
99918,1
99921,1
99927,1
99930,2
99933,1
99941,1
99945,1
99953,1
99955,1
99962,2
99965,1
99968,1
99971,1
99973,1
99979,1
99982,1
99993,1
200004,1
200009,1
200011,1
200014,2
200016,1
200021,3
200025,2
200027,1
200031,1
200033,1
200038,1
200047,1
200054,1
200056,1
200060,1
200070,2
200078,1
200080,1
200086,1
200095,2
200099,1
200102,1
200107,1
200117,1
200123,1
200126,2
200133,1
200138,1
200143,1
200156,1
200168,1
200185,1
200191,1
200193,1
200199,2
200202,2
200206,1
200216,1
200221,2
200235,1
200238,1
200244,1
200247,1
200250,1
200257,1
200269,1
200275,2
200278,1
200282,1
200289,1
200291,1
200296,1
200300,1
200303,1
200307,1
200310,1
200315,2
200326,1
200330,1
200337,1
200340,2
200342,1
200347,1
200350,1
200366,1
200368,1
200371,2
200375,1
200384,1
200391,1
200396,1
200401,2
200407,1
200410,1
200413,1
200418,1
200422,1
200430,1
200434,1
200452,1
200468,1
200473,1
200475,1
200489,1
200491,1
200494,2
200499,1
200501,1
200503,1
200509,1
200520,1
200523,1
200525,1
200527,1
200540,1
200551,1
200555,1
200558,1
200560,1
200562,1
200565,2
200568,1
200570,1
200573,2
200576,1
200579,1
200583,1
200591,1
200604,2
200606,1
200609,1
200611,1
200626,1
200629,1
200633,1
200636,1
200645,2
200647,1
200649,1
200652,1
200656,1
200672,1
200674,1
200676,1
200688,1
200695,1
200699,1
200704,2
200707,1
200719,1
200722,2
200725,1
200745,2
200752,1
200757,1
200763,1
200767,1
200771,1
200778,1
200786,1
200792,1
200797,1
200804,1
200808,1
200820,1
200825,2
200828,1
200832,1
200835,1
200841,2
200845,1
200851,1
200854,1
200860,1
200863,1
200869,1
200872,1
200876,1
200878,1
200882,1
200889,1
200891,1
200899,2
200906,1
200909,1
200915,1
200919,1
200921,1
200931,2
200936,1
200938,1
200943,1
200946,1
200957,2
200970,1
200973,1
200986,1
200996,1
201008,1
201014,1
201021,1
201027,1
201031,1
201034,1
201042,1
201050,1
201055,1
201059,1
201061,1
201064,1
201071,1
201074,1
201076,1
201078,1
201086,1
201088,1
201092,1
201095,1
201100,1
201103,1
201109,1
201111,1
201114,1
201118,1
201122,1
201129,1
201137,2
201143,1
201149,1
201155,1
201158,1
201170,1
201178,1
201183,1
201185,1
201187,1
201190,1
201193,1
201195,1
201202,1
201208,2
201215,3
201217,1
201223,1
201225,1
201232,1
201244,1
201248,1
201253,2
201257,1
201265,1
201267,1
201271,1
201273,1
201277,1
201279,1
201287,1
201292,1
201295,1
201298,1
201305,1
201314,1
201321,1
201325,1
201329,1
201334,2
201339,1
201345,1
201350,1
201362,1
201368,1
201371,1
201373,1
201381,1
201383,1
201385,1
201387,1
201396,1
201401,2
201405,1
201407,1
201411,1
201419,1
201424,1
201430,2
201438,1
201449,1
201454,1
201456,1
201460,1
201467,1
201471,1
201475,1
201482,1
201484,1
201489,1
201509,1
201512,1
201520,1
201523,1
201531,1
201533,1
201535,1
201538,1
201541,1
201552,1
201557,1
201562,1
201569,1
201571,1
201575,1
201580,2
201583,1
201588,1
201590,1
201592,1
201595,2
201597,1
201604,1
201606,1
201609,1
201614,2
201618,2
201622,1
201631,1
201634,1
201637,2
201640,1
201642,1
201648,2
201655,1
201669,1
201671,1
201674,2
201679,1
201683,1
201691,1
201694,1
201697,1
201705,1
201708,2
201725,1
201731,1
201736,1
201738,1
201740,1
201753,1
201758,1
201763,1
201766,1
201775,1
201782,1
201791,1
201794,1
201799,2
201801,1
201809,1
201811,1
201820,1
201822,1
201829,2
201832,1
201834,1
201843,1
201849,2
201855,1
201860,1
201877,1
201884,3
201888,1
201894,2
201912,1
201921,2
201927,2
201930,1
201933,1
201940,1
201942,1
201945,1
201949,1
201953,1
201957,1
201962,1
201971,1
201975,1
201978,1
201981,1
201984,1
201992,1
202002,2
202007,1
202012,1
202028,1
202035,1
202039,2
202049,1
202052,1
202058,1
202063,2
202066,2
202070,1
202076,1
202091,1
202097,1
202102,2
202108,1
202120,1
202129,1
202133,2
202140,1
202145,1
202149,1
202156,1
202160,1
202165,1
202172,1
202186,1
202190,1
202194,1
202198,1
202201,1
202203,1
202205,1
202207,1
202211,2
202213,1
202218,1
202222,1
202226,2
202234,1
202237,1
202251,1
202253,1
202255,1
202262,1
202269,2
202277,1
202282,1
202293,1
202296,1
202298,1
202308,2
202319,1
202339,1
202342,1
202347,1
202349,1
202351,1
202361,1
202363,1
202365,1
202368,1
202372,1
202375,1
202378,1
202380,1
202389,1
202405,1
202411,1
202415,1
202420,1
202426,1
202429,1
202434,1
202441,1
202446,1
202449,1
202452,1
202462,1
202464,1
202466,1
202470,1
202473,2
202482,1
202484,1
202487,1
202493,1
202496,1
202504,1
202521,1
202523,1
202537,2
202542,1
202548,1
202555,1
202565,1
202571,1
202575,2
202580,1
202583,1
202588,1
202590,1
202598,1
202601,1
202605,1
202611,1
202619,3
202622,1
202626,1
202630,1
202632,1
202635,1
202640,1
202645,1
202649,1
202656,1
202662,1
202665,1
202667,1
202671,2
202675,2
202677,1
202679,1
202688,1
202692,1
202694,1
202701,2
202705,1
202711,1
202716,2
202718,1
202721,1
202726,1
202730,1
202732,1
202738,2
202740,1
202743,1
202745,1
202748,1
202751,1
202753,1
202757,1
202768,1
202770,1
202776,1
202778,1
202782,1
202786,1
202788,1
202794,1
202800,1
202803,1
202811,1
202826,1
202828,1
202845,1
202847,1
202851,1
202854,1
202856,1
202859,1
202865,1
202867,1
202870,1
202874,2
202881,1
202886,1
202890,1
202903,1
202905,1
202912,1
202916,1
202920,2
202925,1
202931,1
202939,1
202944,2
202951,1
202954,1
202956,1
202962,2
202964,1
202971,2
202977,1
202986,1
202989,1
202991,1
202998,1
203001,1
203009,1
203015,1
203017,1
203022,2
203025,1
203029,1
203032,1
203035,1
203039,1
203041,1
203050,1
203053,1
203058,1
203061,1
203066,1
203068,1
203072,1
203083,1
203091,1
203094,2
203096,1
203106,1
203108,1
203110,1
203113,1
203119,1
203125,1
203127,1
203130,1
203133,2
203136,2
203138,1
203140,1
203152,1
203157,1
203164,1
203174,1
203178,1
203181,1
203184,1
203188,2
203190,1
203193,2
203195,1
203200,1
203203,1
203206,1
203211,1
203213,1
203217,1
203224,1
203228,1
203230,1
203236,2
203239,1
203246,1
203250,1
203254,1
203257,1
203264,1
203270,1
203277,1
203312,1
203314,1
203319,1
203321,1
203325,1
203340,1
203343,1
203346,1
203356,1
203361,1
203366,1
203377,1
203381,1
203387,1
203392,1
203396,1
203398,1
203403,2
203406,1
203410,1
203414,1
203418,1
203420,1
203424,1
203430,1
203432,1
203434,1
203440,1
203442,1
203445,1
203447,1
203457,1
203459,1
203463,2
203466,1
203484,1
203486,1
203488,1
203491,2
203494,1
203497,1
203499,1
203502,1
203514,1
203519,1
203524,1
203527,1
203532,1
203536,1
203538,1
203540,1
203544,1
203546,1
203550,1
203555,1
203561,1
203563,1
203565,1
203567,1
203573,1
203578,1
203582,1
203585,1
203590,1
203598,2
203600,1
203607,2
203612,2
203619,1
203623,1
203630,1
203639,1
203647,1
203661,1
203664,1
203667,1
203673,1
203675,1
203684,2
203690,1
203698,1
203700,1
203703,1
203709,1
203717,2
203723,1
203727,1
203730,2
203733,1
203738,1
203746,1
203750,2
203761,2
203765,1
203767,1
203769,1
203779,2
203781,1
203784,1
203791,2
203794,1
203801,1
203807,1
203810,2
203815,1
203820,1
203822,1
203827,1
203829,1
203831,1
203839,1
203843,1
203847,1
203858,1
203862,1
203866,1
203868,1
203872,1
203887,2
203889,1
203891,1
203895,1
203900,1
203902,1
203907,1
203912,1
203918,1
203920,1
203922,1
203925,1
203929,2
203931,1
203936,1
203946,1
203948,1
203950,1
203954,2
203976,1
203978,1
203982,1
203988,1
203990,1
203992,1
203996,1
204004,1
204010,1
204017,2
204020,1
204023,1
204026,1
204029,2
204039,1
204046,1
204048,1
204051,1
204057,1
204060,2
204063,1
204067,2
204070,1
204073,1
204077,1
204083,1
204087,1
204097,2
204100,1
204104,1
204108,1
204111,1
204113,1
204119,1
204122,1
204124,1
204126,1
204128,1
204134,1
204137,1
204144,2
204147,1
204150,1
204156,1
204158,1
204163,1
204167,1
204175,1
204178,1
204180,1
204184,1
204198,1
204202,1
204205,1
204207,1
204214,1
204216,1
204220,1
204228,1
204233,1
204238,1
204240,1
204246,1
204250,2
204253,1
204255,1
204258,2
204260,1
204266,1
204275,1
204277,1
204280,1
204282,1
204291,1
204296,1
204301,2
204304,1
204311,1
204315,1
204317,1
204319,1
204322,1
204324,1
204332,1
204338,1
204340,1
204342,1
204345,1
204355,1
204361,1
204365,1
204369,1
204372,1
204379,2
204384,1
204393,1
204402,1
204404,1
204413,1
204416,1
204420,1
204442,1
204444,1
204448,1
204454,1
204458,1
204464,1
204469,1
204479,1
204481,1
204491,1
204495,2
204497,1
204516,1
204518,1
204520,1
204524,1
204532,1
204536,1
204538,1
204540,1
204545,2
204548,2
204562,1
204564,1
204567,1
204571,2
204573,1
204575,1
204582,1
204585,1
204587,1
204595,2
204602,1
204610,1
204616,1
204618,1
204621,1
204624,1
204632,1
204639,1
204647,1
204652,1
204656,2
204660,2
204663,1
204666,1
204668,1
204671,1
204673,1
204675,1
204682,1
204687,1
204689,1
204691,1
204694,1
204701,1
204705,2
204712,1
204717,1
204722,1
204728,1
204730,1
204735,1
204740,1
204742,1
204747,1
204758,1
204760,1
204764,1
204770,1
204774,2
204779,1
204783,2
204786,1
204789,1
204793,1
204796,1
204803,1
204805,1
204808,2
204824,1
204833,2
204836,1
204838,1
204840,1
204842,1
204858,1
204863,1
204869,2
204875,1
204884,2
204886,1
204890,1
204901,1
204904,2
204908,1
204910,1
204913,1
204923,1
204926,1
204929,2
204943,1
204955,1
204959,1
204964,1
204972,1
204974,1
204977,1
204982,1
204985,1
204993,2
204995,1
205015,1
205020,1
205028,1
205030,1
205034,1
205041,1
205043,1
205046,1
205058,1
205063,1
205067,1
205070,1
205075,1
205078,1
205083,2
205088,1
205095,1
205098,1
205100,1
205104,1
205111,1
205114,1
205124,1
205126,1
205130,2
205152,1
205155,1
205159,1
205163,1
205175,2
205181,2
205194,1
205202,1
205206,1
205211,2
205217,1
205219,1
205224,1
205226,1
205235,1
205237,1
205240,1
205252,1
205265,1
205272,1
205274,1
205277,1
205289,1
205294,1
205300,1
205302,1
205304,1
205310,1
205317,1
205319,1
205323,1
205325,1
205327,1
205331,1
205334,2
205345,1
205350,2
205360,1
205373,1
205377,2
205379,1
205387,1
205389,1
205398,1
205404,1
205413,1
205418,1
205423,1
205434,1
205437,1
205444,1
205446,1
205452,1
205454,1
205459,1
205464,1
205466,1
205469,1
205476,1
205479,1
205485,1
205489,1
205494,2
205502,1
205512,1
205514,1
205518,1
205523,1
205531,1
205535,1
205538,1
205540,1
205543,1
205546,1
205548,1
205550,1
205560,1
205566,1
205570,1
205576,1
205580,1
205584,1
205588,1
205591,2
205594,2
205596,1
205600,1
205602,1
205604,1
205616,1
205623,1
205626,2
205638,1
205640,1
205643,1
205645,1
205648,1
205653,1
205656,1
205670,1
205678,1
205680,1
205685,1
205690,1
205696,1
205702,1
205704,1
205708,1
205710,1
205718,2
205725,1
205734,1
205742,1
205746,1
205750,1
205763,1
205771,1
205786,1
205789,1
205792,1
205796,1
205798,1
205801,1
205810,1
205817,1
205820,2
205822,1
205825,1
205827,1
205833,2
205841,1
205843,1
205847,1
205849,1
205858,1
205865,1
205873,1
205884,1
205888,1
205890,1
205894,1
205897,1
205899,1
205902,1
205907,1
205924,2
205926,1
205929,1
205936,1
205943,1
205954,1
205962,1
205966,1
205970,1
205985,2
205993,1
205995,1
205999,1
206017,1
206022,1
206025,1
206030,1
206043,1
206045,1
206047,1
206051,1
206054,1
206058,1
206062,1
206066,1
206070,1
206075,1
206078,2
206083,1
206086,2
206093,1
206099,1
206102,1
206105,1
206107,1
206109,1
206113,1
206117,1
206129,1
206137,2
206141,1
206143,1
206154,1
206156,1
206160,1
206162,1
206173,1
206181,1
206191,1
206202,1
206204,1
206209,1
206220,2
206222,1
206224,1
206231,1
206233,1
206236,2
206246,1
206266,1
206274,1
206286,1
206290,1
206299,1
206312,1
206319,1
206321,1
206331,2
206334,1
206336,1
206339,1
206344,2
206349,1
206352,1
206363,1
206373,1
206378,1
206380,1
206384,1
206387,1
206389,1
206393,2
206398,1
206406,2
206408,1
206413,1
206416,1
206423,1
206425,1
206429,2
206438,1
206440,1
206443,1
206448,1
206451,1
206461,1
206464,1
206474,2
206486,1
206489,1
206498,1
206507,1
206515,1
206517,1
206523,2
206526,1
206531,1
206534,1
206543,1
206559,1
206579,2
206583,1
206590,1
206594,1
206600,1
206602,1
206606,1
206614,1
206618,1
206625,2
206627,1
206634,2
206640,2
206644,1
206648,1
206651,1
206656,1
206668,1
206671,1
206679,1
206684,1
206691,1
206699,1
206701,1
206703,1
206707,1
206715,1
206724,1
206734,1
206747,1
206754,1
206759,1
206764,1
206769,1
206774,2
206776,1
206780,1
206788,1
206792,1
206796,2
206801,1
206808,1
206818,1
206820,1
206823,2
206826,2
206829,1
206834,1
206837,1
206846,1
206852,1
206856,2
206861,1
206867,1
206871,1
206874,1
206882,1
206890,1
206895,1
206897,1
206905,1
206921,1
206925,3
206933,1
206936,1
206939,1
206942,1
206945,1
206948,1
206951,2
206953,1
206956,1
206962,1
206970,1
206978,1
206985,2
206991,1
206994,1
206996,1
207006,1
207016,1
207028,1
207031,1
207035,1
207041,1
207043,1
207054,2
207060,1
207075,1
207082,1
207091,1
207096,1
207106,1
207119,1
207126,1
207130,2
207142,1
207146,2
207150,1
207152,1
207155,1
207159,1
207161,1
207166,1
207169,1
207171,1
207176,1
207184,2
207191,1
207193,1
207199,1
207204,1
207207,1
207213,1
207217,1
207219,1
207227,1
207234,1
207246,1
207253,1
207255,1
207258,1
207262,1
207265,1
207267,1
207276,2
207278,1
207283,1
207289,1
207294,1
207299,1
207304,1
207308,1
207310,1
207314,2
207316,1
207319,1
207323,3
207333,2
207339,1
207342,1
207346,1
207353,1
207355,1
207359,1
207363,1
207368,1
207372,1
207380,1
207383,1
207397,1
207402,1
207421,1
207441,1
207446,1
207450,1
207453,1
207455,1
207457,1
207468,1
207474,2
207477,1
207482,2
207490,1
207501,2
207510,2
207513,1
207522,1
207526,1
207535,2
207538,2
207544,1
207551,1
207553,1
207557,2
207562,1
207566,1
207568,1
207571,1
207575,1
207577,1
207579,1
207581,1
207587,1
207590,2
207594,1
207596,1
207600,1
207605,2
207611,1
207614,1
207629,1
207632,1
207634,1
207637,1
207639,1
207645,1
207649,1
207651,1
207655,1
207659,1
207664,1
207670,1
207676,1
207680,1
207686,1
207693,1
207700,1
207704,2
207714,1
207718,1
207720,1
207723,1
207740,1
207746,1
207748,1
207754,1
207762,1
207765,1
207773,1
207777,1
207779,1
207791,1
207793,1
207795,1
207799,1
207806,3
207808,1
207834,1
207837,2
207841,1
207846,1
207850,1
207855,1
207858,1
207862,1
207865,2
207871,2
207882,1
207885,2
207887,1
207891,1
207893,1
207896,1
207899,2
207903,1
207909,1
207911,1
207920,1
207922,1
207924,1
207928,1
207930,1
207937,1
207941,1
207944,1
207946,1
207953,1
207956,2
207959,1
207962,1
207964,1
207969,2
207975,1
207983,1
207987,1
207993,1
207995,1
208000,1
208002,1
208012,1
208014,1
208017,1
208019,1
208022,1
208027,3
208029,1
208031,1
208035,1
208038,1
208041,1
208045,1
208051,1
208062,1
208068,1
208070,1
208073,1
208076,2
208082,1
208106,1
208121,1
208125,1
208127,1
208142,1
208144,1
208146,1
208153,1
208157,2
208163,1
208170,1
208172,1
208187,1
208192,1
208194,1
208196,1
208199,1
208208,1
208212,2
208219,2
208226,1
208230,1
208235,2
208243,1
208247,1
208249,1
208253,2
208256,1
208258,1
208263,1
208265,1
208267,1
208269,1
208275,1
208278,1
208295,1
208299,1
208312,1
208317,1
208324,1
208330,1
208333,1
208344,2
208349,1
208352,1
208357,1
208359,1
208361,1
208366,1
208371,1
208377,1
208382,1
208384,1
208387,1
208389,1
208404,1
208420,2
208422,1
208425,1
208429,1
208438,3
208457,1
208468,1
208476,1
208479,1
208481,1
208485,1
208488,1
208490,1
208495,2
208498,1
208510,1
208514,1
208519,1
208529,1
208533,1
208536,2
208539,1
208546,1
208551,1
208556,1
208558,1
208563,2
208575,1
208577,1
208580,2
208582,1
208587,1
208592,1
208595,2
208601,1
208604,1
208612,2
208615,1
208621,1
208625,1
208636,1
208644,1
208650,1
208654,2
208659,2
208670,1
208676,1
208683,1
208685,1
208693,1
208695,1
208697,1
208699,1
208702,1
208706,1
208721,1
208725,1
208727,1
208732,1
208754,1
208758,1
208761,1
208765,1
208767,1
208773,1
208776,1
208784,1
208788,1
208791,1
208796,1
208802,1
208805,1
208834,1
208845,1
208848,1
208860,1
208864,1
208866,1
208874,1
208881,1
208883,1
208885,1
208888,1
208891,1
208899,1
208906,1
208909,2
208916,1
208923,1
208926,1
208934,1
208937,2
208951,2
208954,1
208959,1
208967,1
208985,1
208989,3
209001,1
209006,1
209009,1
209013,1
209017,1
209020,1
209023,1
209025,1
209027,1
209032,1
209034,1
209040,1
209049,2
209059,1
209063,1
209066,2
209068,1
209071,1
209074,1
209077,1
209094,1
209096,1
209103,1
209110,1
209120,1
209124,1
209135,1
209145,1
209147,1
209171,1
209181,2
209188,1
209200,1
209207,1
209218,1
209223,1
209227,1
209235,1
209238,2
209243,1
209246,1
209248,1
209262,1
209271,1
209274,1
209276,1
209281,1
209291,1
209293,1
209298,1
209311,1
209314,2
209317,1
209319,1
209337,1
209343,1
209346,1
209348,1
209351,1
209361,1
209367,1
209370,1
209373,1
209375,1
209383,1
209389,1
209393,1
209396,1
209398,1
209406,1
209408,1
209411,2
209416,1
209422,1
209426,1
209429,1
209441,1
209446,1
209454,1
209460,1
209463,1
209468,1
209476,1
209484,1
209497,1
209501,1
209507,1
209523,1
209533,2
209537,1
209539,1
209546,1
209553,1
209558,1
209569,1
209574,2
209584,1
209590,1
209608,1
209616,1
209625,1
209630,2
209632,1
209635,1
209637,1
209642,1
209645,1
209647,1
209658,1
209660,1
209662,1
209664,1
209670,1
209672,1
209674,1
209691,2
209694,1
209696,1
209704,1
209706,1
209715,1
209721,1
209725,1
209734,2
209749,1
209761,1
209766,1
209770,1
209775,1
209790,1
209796,1
209800,1
209807,1
209810,1
209823,1
209830,1
209832,1
209836,1
209853,1
209857,1
209861,1
209864,1
209866,1
209875,1
209879,1
209884,1
209887,2
209891,1
209907,1
209924,1
209927,1
209933,1
209937,1
209944,2
209949,1
209951,1
209958,1
209961,1
209974,1
209977,1
209979,1
209985,1
209991,1
210001,1
210005,1
210014,1
210017,1
210019,1
210022,1
210029,1
210033,1
210040,1
210067,1
210069,1
210076,1
210079,2
210083,1
210093,1
210101,1
210114,1
210128,1
210135,1
210139,1
210154,1
210159,1
210161,1
210178,1
210186,1
210188,1
210191,1
210194,1
210201,1
210210,1
210214,2
210229,1
210231,1
210238,1
210241,1
210245,1
210253,2
210257,1
210261,1
210267,1
210272,1
210274,1
210284,1
210286,1
210295,1
210297,1
210303,1
210307,1
210314,1
210316,1
210322,2
210331,1
210333,1
210336,1
210342,2
210363,1
210365,1
210369,2
210371,1
210381,1
210390,1
210392,1
210400,1
210406,1
210408,1
210423,1
210430,1
210432,1
210441,1
210446,1
210448,1
210450,1
210459,1
210480,1
210482,1
210484,1
210493,1
210503,1
210507,1
210511,1
210513,1
210515,1
210518,2
210526,1
210528,1
210531,1
210533,1
210541,1
210557,1
210559,1
210561,1
210564,1
210566,1
210569,1
210574,1
210579,1
210585,1
210588,1
210591,1
210595,1
210606,1
210608,1
210610,1
210612,1
210614,1
210617,2
210625,2
210631,1
210635,1
210643,1
210645,1
210650,1
210652,1
210657,1
210668,1
210671,1
210674,1
210677,1
210680,1
210684,1
210690,2
210697,1
210704,1
210706,1
210708,1
210712,1
210715,1
210719,1
210726,1
210728,1
210730,1
210735,1
210738,1
210741,1
210750,1
210752,1
210756,2
210759,1
210761,1
210764,1
210768,1
210771,1
210774,2
210782,1
210791,1
210798,1
210802,1
210804,1
210808,1
210822,1
210839,1
210848,1
210850,1
210860,1
210865,2
210876,1
210883,1
210885,1
210895,1
210903,2
210907,1
210909,1
210913,1
210918,1
210920,1
210922,1
210938,1
210945,1
210947,1
210949,1
210954,1
210962,1
210973,1
210976,1
210981,1
210985,1
210987,1
210992,1
211017,1
211023,2
211027,1
211030,1
211033,1
211040,1
211045,1
211053,1
211055,1
211062,1
211066,1
211072,1
211075,1
211077,1
211080,1
211091,1
211093,1
211102,2
211105,1
211110,1
211116,1
211122,2
211125,1
211127,1
211131,1
211136,2
211138,1
211159,1
211161,1
211164,1
211168,1
211170,1
211179,3
211181,1
211185,1
211189,1
211193,2
211195,1
211205,1
211213,1
211215,1
211221,2
211225,1
211227,1
211237,1
211243,1
211250,2
211253,1
211255,1
211261,1
211277,1
211281,1
211284,1
211288,1
211290,1
211296,1
211298,1
211304,2
211307,1
211319,1
211321,1
211328,1
211331,1
211340,1
211352,1
211355,1
211358,1
211360,1
211363,1
211366,1
211379,1
211383,1
211389,1
211394,1
211400,1
211402,1
211421,1
211429,1
211431,1
211435,1
211439,1
211442,1
211446,1
211451,1
211459,1
211466,1
211471,2
211478,1
211483,1
211486,1
211491,1
211499,2
211501,1
211506,1
211509,1
211516,1
211529,1
211531,1
211539,1
211542,1
211547,1
211549,1
211555,1
211579,1
211581,1
211587,1
211589,1
211594,1
211597,1
211601,1
211618,1
211622,1
211628,1
211631,1
211635,1
211640,1
211647,2
211652,1
211661,2
211663,1
211665,1
211670,1
211673,1
211678,1
211682,1
211684,1
211691,1
211694,1
211700,1
211703,1
211710,1
211716,1
211721,1
211726,1
211728,1
211738,1
211743,1
211746,1
211750,2
211758,1
211766,1
211768,1
211774,1
211783,1
211787,1
211791,1
211798,1
211800,1
211811,1
211816,1
211821,1
211823,1
211829,2
211841,1
211844,1
211852,1
211856,1
211868,1
211873,2
211875,1
211881,1
211891,1
211896,1
211899,1
211902,1
211905,1
211911,1
211915,1
211920,1
211922,1
211929,1
211932,1
211934,1
211937,1
211943,1
211947,1
211961,3
211964,1
211976,2
211984,1
211997,1
211999,1
212005,1
212009,1
212013,1
212021,1
212024,1
212027,1
212029,1
212032,2
212035,1
212038,1
212052,1
212061,1
212065,1
212069,1
212072,1
212074,1
212077,1
212082,1
212086,1
212089,1
212091,1
212099,1
212107,1
212115,1
212119,2
212123,1
212127,1
212139,1
212143,1
212147,1
212150,1
212153,1
212155,1
212162,1
212173,1
212181,1
212183,1
212187,1
212192,1
212205,1
212208,1
212212,1
212225,1
212233,1
212249,1
212256,1
212260,2
212266,1
212271,1
212277,1
212284,1
212300,1
212308,1
212312,1
212328,1
212332,1
212336,1
212339,1
212342,1
212350,1
212353,1
212358,1
212370,1
212374,1
212379,1
212382,1
212392,1
212397,1
212416,2
212430,2
212432,1
212434,1
212437,1
212441,1
212443,1
212447,1
212452,1
212459,2
212468,1
212480,1
212483,1
212493,1
212506,1
212510,1
212516,1
212519,1
212521,1
212523,1
212527,1
212532,1
212534,1
212542,1
212549,1
212552,1
212554,1
212561,1
212567,1
212577,1
212584,1
212590,1
212600,1
212608,1
212613,2
212620,1
212625,1
212630,1
212647,1
212650,1
212660,1
212668,1
212670,1
212672,1
212678,1
212684,1
212693,1
212707,1
212713,1
212716,1
212723,1
212733,1
212735,1
212744,1
212746,1
212748,1
212750,1
212755,1
212757,1
212762,1
212785,1
212796,2
212798,1
212801,2
212803,1
212807,1
212813,2
212820,1
212822,1
212824,1
212831,1
212833,1
212836,1
212842,1
212846,2
212850,2
212852,1
212854,1
212862,1
212873,1
212890,1
212894,1
212898,1
212900,1
212903,2
212907,1
212909,1
212918,1
212921,1
212923,1
212926,1
212937,1
212942,1
212948,2
212957,1
212961,1
212968,1
212991,1
212993,1
212996,1
213001,1
213010,1
213014,1
213020,1
213028,1
213030,1
213033,1
213035,1
213039,2
213042,1
213046,1
213048,1
213056,1
213058,1
213070,2
213076,1
213078,1
213084,1
213090,2
213094,2
213099,1
213105,1
213110,1
213117,1
213121,2
213135,1
213140,1
213146,1
213148,1
213150,1
213156,1
213161,1
213165,1
213171,1
213174,1
213184,2
213190,1
213196,1
213199,1
213205,1
213209,1
213212,1
213220,1
213227,2
213240,1
213242,1
213250,1
213253,1
213260,1
213263,1
213265,1
213269,1
213272,1
213283,1
213290,1
213292,1
213296,1
213299,1
213304,1
213306,1
213309,2
213319,1
213321,1
213324,1
213326,1
213337,1
213339,1
213341,1
213349,1
213358,2
213361,1
213374,2
213380,2
213384,1
213393,1
213400,1
213404,1
213414,2
213421,1
213427,1
213435,1
213440,1
213451,1
213455,1
213465,1
213468,1
213471,1
213480,1
213488,1
213491,2
213501,1
213505,1
213508,1
213513,2
213522,1
213525,1
213528,1
213541,1
213543,1
213550,1
213552,1
213560,1
213564,1
213566,1
213569,1
213572,2
213574,1
213584,2
213589,1
213591,1
213601,2
213615,1
213618,1
213624,2
213630,1
213632,1
213651,1
213653,1
213656,1
213666,1
213676,1
213683,1
213691,1
213696,1
213700,1
213702,1
213704,1
213710,1
213714,1
213718,1
213720,1
213732,1
213743,1
213749,1
213752,1
213754,1
213759,1
213762,1
213785,1
213788,1
213810,1
213813,2
213820,1
213822,1
213828,1
213845,1
213847,1
213852,2
213856,2
213859,1
213861,1
213866,1
213870,1
213883,1
213887,1
213893,2
213897,1
213913,1
213915,1
213917,1
213924,2
213932,1
213941,1
213944,2
213946,1
213952,1
213956,1
213961,1
213963,1
213969,2
213973,1
213975,1
213977,1
213983,1
213987,1
213992,2
214002,1
214005,2
214019,1
214023,1
214027,1
214031,1
214036,1
214038,1
214040,1
214043,2
214048,1
214054,1
214057,1
214070,1
214073,1
214081,1
214083,1
214087,1
214090,2
214093,1
214098,1
214109,1
214112,1
214114,1
214119,1
214125,1
214129,1
214132,1
214135,1
214143,1
214146,1
214152,1
214157,1
214159,1
214163,1
214165,1
214169,2
214174,1
214177,1
214183,1
214185,1
214193,1
214195,1
214198,2
214205,1
214215,1
214228,1
214231,1
214234,1
214243,1
214246,1
214260,1
214262,1
214281,1
214290,1
214292,1
214298,1
214300,1
214304,2
214306,1
214309,1
214321,1
214326,2
214329,1
214336,1
214341,1
214346,1
214348,1
214356,1
214359,1
214362,1
214367,1
214369,1
214372,1
214378,2
214386,1
214389,1
214393,2
214396,1
214399,1
214402,1
214405,1
214416,1
214420,1
214422,1
214426,2
214428,1
214438,1
214446,1
214451,1
214453,1
214470,1
214473,1
214481,1
214484,1
214486,1
214491,1
214495,1
214497,1
214502,1
214504,1
214512,1
214520,1
214553,1
214555,1
214559,1
214562,2
214565,1
214568,1
214582,2
214586,1
214597,1
214601,1
214604,1
214608,1
214611,1
214613,1
214621,1
214626,1
214629,2
214631,1
214634,1
214636,1
214640,1
214645,1
214649,2
214653,1
214660,1
214663,1
214665,1
214670,1
214672,1
214677,1
214682,1
214684,1
214695,1
214716,1
214720,1
214733,1
214740,1
214748,1
214758,1
214766,2
214771,1
214774,1
214788,1
214793,2
214796,1
214799,1
214807,1
214818,1
214820,1
214822,1
214825,2
214835,2
214837,1
214843,1
214847,2
214854,1
214865,1
214869,1
214872,1
214876,1
214878,1
214881,1
214888,1
214891,1
214896,1
214906,1
214912,2
214914,1
214916,1
214932,1
214942,1
214945,1
214950,1
214953,1
214963,2
214982,1
214991,1
214997,1
215004,1
215007,1
215010,1
215018,1
215026,1
215030,1
215032,1
215054,1
215060,3
215074,1
215078,1
215084,1
215097,1
215101,1
215104,1
215106,1
215110,2
215112,1
215117,1
215120,1
215127,1
215135,1
215137,1
215142,1
215145,1
215148,1
215153,1
215156,1
215160,2
215170,1
215172,1
215175,1
215179,1
215181,1
215186,1
215192,1
215200,1
215202,1
215204,1
215211,1
215222,1
215226,1
215230,1
215236,1
215241,1
215250,1
215272,1
215274,1
215279,2
215286,1
215293,1
215299,2
215304,1
215322,1
215332,1
215334,1
215341,1
215345,1
215348,1
215350,1
215358,1
215361,1
215370,1
215387,2
215394,1
215397,1
215399,1
215408,1
215418,1
215427,2
215429,1
215442,1
215445,1
215448,2
215452,1
215454,1
215457,1
215459,1
215462,1
215478,2
215484,2
215487,1
215499,2
215501,1
215506,1
215510,1
215515,2
215530,1
215536,1
215545,1
215550,1
215552,1
215554,1
215561,1
215564,1
215566,1
215572,1
215576,1
215582,1
215587,2
215597,1
215602,1
215605,1
215607,1
215614,1
215616,1
215632,1
215639,1
215641,1
215643,1
215647,1
215652,1
215655,1
215659,1
215661,1
215670,1
215674,1
215676,1
215680,1
215691,1
215695,2
215697,1
215699,1
215701,1
215703,1
215706,1
215709,1
215712,1
215717,2
215723,1
215725,1
215729,1
215732,2
215734,1
215737,1
215743,1
215745,1
215750,2
215761,1
215765,1
215769,1
215771,1
215774,2
215778,1
215784,1
215789,1
215791,1
215793,1
215801,1
215803,1
215808,1
215817,1
215819,1
215824,1
215829,1
215833,1
215841,1
215844,1
215847,1
215851,1
215855,1
215858,1
215862,1
215883,1
215887,1
215889,1
215894,2
215898,2
215905,1
215909,1
215930,1
215941,1
215944,1
215947,2
215950,1
215959,1
215972,1
215975,1
215978,1
215981,1
215983,1
215990,1
215993,1
215998,2
216005,2
216010,1
216022,2
216031,1
216036,1
216041,1
216044,1
216046,1
216049,1
216052,1
216056,1
216069,1
216083,1
216085,1
216088,1
216091,1
216094,1
216097,1
216100,1
216105,1
216111,1
216115,1
216118,1
216120,1
216125,1
216129,1
216147,1
216152,1
216154,1
216163,1
216173,1
216182,1
216187,2
216191,1
216197,1
216200,1
216202,1
216209,1
216211,1
216215,1
216218,1
216220,1
216228,1
216230,1
216240,1
216246,2
216259,1
216262,1
216269,1
216274,1
216280,1
216282,1
216287,1
216291,3
216294,1
216302,1
216304,1
216314,2
216322,1
216325,1
216328,1
216333,1
216335,1
216339,1
216341,1
216345,1
216348,1
216350,1
216355,1
216358,1
216360,1
216362,1
216368,1
216371,1
216374,1
216386,1
216400,1
216403,1
216414,1
216419,1
216424,1
216430,2
216432,1
216436,2
216441,2
216447,1
216452,2
216458,1
216460,1
216464,1
216471,2
216476,1
216479,1
216485,1
216496,1
216500,1
216508,1
216512,1
216517,1
216530,1
216540,1
216552,1
216558,1
216567,1
216575,1
216590,1
216596,1
216614,1
216619,2
216622,1
216626,2
216630,1
216640,1
216651,1
216654,1
216661,1
216670,1
216672,1
216674,1
216678,1
216682,1
216685,1
216693,1
216710,1
216716,1
216724,1
216727,1
216730,1
216733,1
216736,1
216739,2
216742,1
216746,1
216749,1
216760,2
216765,1
216774,1
216783,1
216788,1
216795,1
216801,1
216803,1
216817,1
216821,1
216827,1
216829,1
216841,1
216849,1
216853,1
216856,1
216870,1
216876,1
216882,1
216888,1
216890,1
216897,1
216899,1
216921,1
216924,1
216926,1
216929,1
216933,1
216936,1
216938,1
216945,1
216948,2
216951,1
216954,2
216956,1
216966,2
216969,1
216971,1
216973,1
216976,1
216987,1
216995,1
217009,1
217016,1
217020,1
217025,1
217029,1
217033,1
217052,1
217055,1
217057,1
217067,2
217075,1
217077,1
217094,1
217100,1
217111,1
217125,1
217128,1
217137,1
217140,1
217143,1
217156,2
217163,1
217168,1
217175,1
217178,1
217189,1
217193,1
217196,1
217201,1
217207,1
217209,1
217215,2
217217,1
217226,1
217229,2
217232,1
217239,1
217243,1
217249,1
217254,1
217257,1
217265,2
217277,1
217279,1
217282,2
217291,1
217294,1
217299,1
217304,1
217306,1
217317,1
217327,1
217330,1
217338,1
217345,1
217347,1
217350,1
217352,1
217356,1
217358,1
217360,1
217366,2
217372,1
217375,1
217378,2
217380,1
217383,1
217391,1
217395,1
217406,2
217408,1
217410,1
217414,1
217416,1
217422,1
217434,1
217437,1
217441,3
217446,2
217448,1
217450,1
217453,2
217455,1
217465,1
217469,1
217473,1
217478,1
217482,2
217487,2
217491,1
217496,1
217500,1
217505,1
217513,1
217516,1
217521,1
217529,1
217532,1
217534,1
217539,1
217541,1
217544,1
217550,2
217552,1
217554,1
217560,1
217566,2
217568,1
217571,1
217579,1
217581,1
217586,1
217594,1
217597,1
217601,1
217604,1
217612,1
217621,1
217626,1
217631,1
217633,1
217639,1
217654,1
217665,1
217675,1
217681,1
217684,1
217689,1
217692,2
217697,1
217720,1
217722,1
217724,1
217728,1
217733,1
217743,1
217754,2
217763,1
217765,1
217769,1
217772,1
217774,1
217778,1
217780,1
217782,1
217785,1
217789,1
217793,1
217796,1
217800,1
217806,1
217809,1
217817,1
217821,1
217831,1
217834,2
217840,1
217843,1
217846,2
217850,1
217855,1
217859,2
217866,1
217868,1
217873,1
217877,1
217884,1
217894,2
217897,2
217900,1
217904,1
217907,1
217912,1
217918,2
217932,1
217934,1
217941,1
217945,1
217948,1
217954,1
217962,1
217964,1
217967,2
217970,1
217972,1
217976,1
217983,1
217989,2
217995,1
218002,1
218005,1
218010,1
218021,1
218031,1
218036,1
218040,1
218045,2
218047,1
218055,1
218066,2
218071,2
218074,1
218079,1
218083,2
218087,1
218099,1
218104,1
218115,1
218120,1
218123,1
218127,1
218131,1
218134,1
218137,1
218143,1
218146,1
218148,1
218154,1
218162,2
218173,1
218177,1
218184,1
218186,1
218192,1
218199,1
218203,1
218207,1
218209,1
218211,1
218213,1
218215,1
218219,1
218226,1
218228,1
218235,1
218242,1
218244,1
218250,1
218252,1
218254,1
218256,1
218258,1
218273,1
218276,2
218279,1
218281,1
218287,1
218289,1
218291,1
218293,1
218295,1
218298,1
218300,1
218305,1
218311,1
218314,2
218316,1
218318,1
218323,1
218328,1
218335,2
218338,1
218341,1
218346,1
218348,1
218355,1
218357,1
218359,1
218370,2
218373,1
218376,1
218379,1
218385,1
218390,1
218398,1
218400,1
218404,1
218408,2
218410,1
218413,1
218418,1
218425,1
218429,1
218432,1
218449,1
218454,1
218461,1
218469,1
218478,1
218489,1
218493,1
218496,1
218501,1
218507,1
218516,1
218528,1
218530,1
218532,1
218535,1
218537,1
218543,2
218552,1
218558,1
218571,1
218576,1
218579,1
218585,1
218589,2
218595,1
218600,2
218603,1
218609,1
218619,1
218622,1
218628,2
218630,1
218632,1
218634,1
218638,1
218641,1
218644,1
218646,1
218648,1
218650,1
218654,1
218666,2
218668,1
218670,1
218672,1
218676,1
218679,1
218681,1
218684,2
218696,1
218701,1
218708,1
218711,1
218717,1
218730,1
218735,1
218740,1
218751,1
218757,2
218766,1
218770,1
218772,1
218781,1
218784,1
218789,1
218796,1
218800,1
218806,1
218809,1
218817,1
218823,1
218831,1
218835,1
218839,1
218853,1
218859,1
218862,1
218866,1
218879,1
218881,1
218888,2
218890,1
218897,1
218901,1
218905,1
218912,1
218915,1
218918,2
218922,1
218926,1
218935,1
218948,1
218952,1
218956,1
218964,2
218968,1
218971,1
218977,2
218981,1
218986,2
218995,1
219003,1
219008,1
219011,1
219013,1
219017,1
219034,1
219044,1
219047,1
219050,1
219058,1
219066,1
219075,1
219079,1
219090,1
219097,1
219099,1
219105,1
219113,1
219115,1
219123,1
219126,1
219128,1
219139,1
219143,1
219149,1
219151,1
219161,1
219164,1
219174,1
219176,1
219183,1
219187,1
219190,1
219193,1
219197,1
219208,2
219211,1
219232,1
219234,1
219242,1
219244,1
219246,1
219251,1
219253,1
219261,1
219263,1
219267,1
219270,1
219273,1
219275,1
219277,1
219287,1
219293,1
219305,1
219309,1
219311,1
219319,1
219321,1
219343,1
219348,2
219353,1
219356,1
219378,1
219381,1
219387,1
219391,2
219395,1
219397,1
219407,1
219413,1
219424,1
219432,1
219434,1
219439,1
219447,1
219450,1
219452,1
219454,1
219456,1
219459,1
219469,1
219471,1
219474,1
219482,1
219487,1
219489,1
219492,2
219494,1
219498,1
219501,1
219503,1
219506,1
219524,1
219538,1
219541,2
219543,1
219549,1
219555,1
219570,1
219582,1
219591,1
219595,1
219599,1
219605,1
219611,1
219617,1
219620,1
219627,1
219630,1
219635,1
219637,1
219642,2
219649,2
219654,1
219658,1
219660,1
219662,1
219666,1
219680,1
219688,1
219703,1
219716,1
219719,1
219723,1
219725,1
219735,1
219741,1
219744,2
219747,1
219760,2
219765,1
219771,1
219782,1
219800,1
219806,1
219811,1
219813,1
219819,1
219829,1
219837,1
219839,1
219849,1
219852,1
219870,1
219874,1
219881,1
219887,1
219893,1
219897,1
219910,1
219918,1
219920,1
219925,1
219927,1
219932,2
219938,2
219941,1
219947,1
219952,1
219961,1
219967,1
219974,1
219976,1
219980,1
219986,1
219990,2
219992,1
219998,1
220003,1
220009,3
220012,2
220016,1
220020,1
220027,1
220036,1
220041,1
220043,1
220052,2
220054,1
220056,1
220058,1
220066,1
220070,1
220072,1
220077,1
220079,1
220095,1
220097,1
220101,1
220104,1
220107,1
220113,1
220115,1
220118,1
220128,1
220132,1
220144,1
220146,1
220150,1
220153,1
220156,1
220165,1
220168,1
220170,1
220174,1
220180,1
220187,2
220189,1
220193,1
220203,1
220211,1
220213,1
220216,1
220223,1
220229,1
220231,1
220234,1
220238,1
220255,1
220265,1
220268,1
220271,1
220279,1
220284,2
220290,2
220295,1
220299,1
220303,1
220305,1
220308,1
220312,1
220319,1
220329,1
220333,1
220350,1
220356,1
220359,1
220363,1
220371,1
220373,1
220384,2
220388,1
220398,1
220406,1
220408,1
220414,1
220416,1
220420,1
220424,1
220426,1
220433,1
220441,1
220451,1
220455,1
220457,1
220465,1
220477,1
220488,1
220490,1
220492,1
220497,1
220506,1
220509,1
220513,1
220515,1
220522,1
220529,1
220532,1
220539,1
220548,1
220551,1
220553,1
220557,1
220561,1
220565,1
220571,1
220573,1
220576,1
220578,1
220581,1
220590,1
220593,1
220599,2
220604,2
220606,1
220608,1
220614,1
220626,1
220637,1
220647,1
220654,1
220658,1
220661,1
220663,1
220676,1
220680,1
220689,2
220691,1
220693,1
220695,1
220697,1
220699,1
220703,1
220707,1
220711,1
220713,1
220725,1
220733,1
220736,1
220738,1
220749,2
220751,1
220757,1
220767,2
220769,1
220778,1
220787,1
220804,1
220806,1
220811,1
220813,1
220819,1
220821,1
220827,2
220837,1
220839,1
220841,1
220844,1
220853,1
220860,1
220862,1
220868,1
220875,1
220897,1
220900,1
220911,3
220917,1
220923,1
220930,2
220942,1
220945,1
220950,1
220952,1
220954,1
220956,1
220958,1
220966,1
220974,1
220979,1
220990,1
220994,1
220996,1
221003,1
221007,1
221009,1
221016,1
221024,1
221027,1
221031,1
221033,1
221045,1
221047,1
221059,1
221066,1
221069,2
221071,1
221074,1
221087,1
221091,2
221107,1
221124,1
221136,1
221141,1
221144,1
221148,1
221152,2
221155,1
221158,2
221160,1
221162,1
221165,1
221168,2
221181,1
221189,2
221192,1
221194,1
221198,1
221201,1
221203,1
221213,1
221223,1
221229,1
221233,1
221236,1
221244,1
221259,2
221262,1
221267,1
221269,1
221273,1
221280,1
221284,2
221295,1
221300,1
221304,1
221310,1
221317,1
221320,2
221323,1
221337,1
221341,1
221343,1
221347,1
221349,1
221364,1
221368,1
221375,1
221380,1
221383,1
221385,1
221391,1
221403,1
221409,1
221414,1
221421,1
221427,2
221432,1
221434,1
221444,2
221460,1
221463,1
221466,1
221469,1
221471,1
221483,1
221511,1
221532,3
221535,1
221538,1
221543,1
221545,1
221557,1
221561,1
221573,2
221582,1
221585,1
221589,1
221592,2
221597,1
221610,1
221612,1
221621,1
221623,1
221630,1
221633,1
221645,1
221653,1
221655,1
221660,2
221666,1
221668,1
221686,1
221694,1
221697,1
221699,1
221707,1
221709,1
221715,1
221722,1
221726,1
221745,1
221747,1
221761,1
221765,1
221768,1
221772,1
221777,1
221779,1
221784,1
221786,1
221792,1
221794,1
221796,1
221800,1
221809,1
221813,1
221816,1
221818,1
221823,2
221826,1
221829,2
221831,1
221833,1
221840,1
221842,1
221846,1
221851,1
221862,1
221864,1
221869,1
221878,1
221884,1
221894,1
221898,1
221900,1
221903,1
221907,2
221911,2
221913,1
221916,1
221919,1
221921,1
221929,2
221935,1
221937,1
221941,1
221943,1
221945,1
221948,1
221957,1
221959,1
221962,1
221964,1
221966,1
221971,1
221982,2
221986,1
221990,1
221994,2
222001,1
222004,2
222018,2
222027,1
222030,1
222033,1
222035,1
222038,1
222041,1
222045,1
222051,2
222057,1
222062,1
222071,1
222087,1
222091,1
222093,1
222096,1
222106,1
222110,1
222116,1
222119,2
222129,2
222136,1
222149,1
222168,1
222170,1
222173,1
222176,1
222178,1
222180,1
222184,1
222188,1
222197,2
222203,1
222208,1
222211,1
222217,1
222221,1
222230,2
222233,1
222239,1
222243,1
222252,1
222260,1
222263,2
222269,1
222275,1
222283,1
222285,1
222303,2
222305,1
222311,1
222331,1
222337,1
222343,2
222348,2
222354,1
222365,2
222369,1
222379,2
222382,1
222385,1
222389,1
222399,2
222402,1
222412,1
222418,1
222430,1
222432,1
222444,1
222447,1
222451,1
222462,1
222473,2
222477,1
222485,1
222491,1
222495,1
222497,1
222522,1
222524,1
222528,1
222534,2
222551,1
222555,1
222557,1
222564,1
222583,1
222589,2
222594,1
222600,1
222609,1
222611,1
222614,1
222622,1
222624,1
222628,1
222630,1
222635,1
222644,2
222647,1
222664,1
222667,2
222669,1
222676,1
222678,1
222680,1
222683,2
222687,1
222692,1
222694,1
222706,1
222709,1
222715,1
222719,1
222726,1
222729,2
222733,1
222737,1
222743,1
222747,1
222755,1
222758,1
222762,1
222767,1
222773,1
222784,2
222786,1
222800,1
222806,1
222809,1
222814,2
222820,1
222829,1
222834,1
222836,1
222840,1
222844,1
222848,1
222856,1
222863,1
222865,1
222891,1
222895,2
222897,1
222902,1
222911,1
222928,1
222936,1
222943,1
222947,1
222950,1
222954,1
222957,1
222964,1
222966,1
222969,1
222976,2
222978,1
222980,1
222983,1
222989,1
222993,1
223005,1
223007,1
223010,1
223016,1
223021,1
223030,1
223046,1
223049,1
223054,1
223061,1
223069,1
223081,1
223089,1
223093,1
223095,1
223098,1
223101,1
223105,1
223112,1
223116,1
223118,1
223121,1
223127,1
223130,1
223136,1
223141,1
223145,1
223148,1
223151,1
223157,1
223161,1
223164,1
223175,1
223177,1
223179,1
223184,1
223189,1
223191,1
223195,1
223197,1
223205,2
223212,1
223218,1
223220,1
223223,1
223238,1
223250,1
223253,1
223265,1
223267,1
223272,2
223274,1
223279,1
223283,1
223285,1
223291,1
223294,1
223296,1
223301,1
223307,1
223311,2
223317,1
223322,1
223325,1
223327,1
223332,2
223341,1
223346,2
223355,1
223367,1
223376,2
223380,1
223382,1
223384,1
223387,1
223390,1
223397,1
223399,1
223405,2
223407,1
223409,1
223421,1
223423,1
223425,1
223428,2
223431,1
223435,2
223442,1
223447,1
223450,1
223457,1
223461,1
223465,1
223471,1
223473,1
223485,1
223488,1
223490,1
223494,1
223500,1
223503,2
223507,2
223514,1
223517,1
223520,1
223525,1
223531,1
223533,1
223541,1
223543,1
223545,1
223557,1
223559,1
223561,1
223564,1
223567,1
223569,1
223571,1
223577,2
223580,2
223583,1
223590,1
223592,1
223595,1
223600,2
223602,1
223605,1
223622,1
223626,1
223634,1
223639,1
223641,1
223645,1
223649,1
223654,1
223656,1
223658,1
223664,1
223673,1
223686,1
223692,1
223697,1
223705,1
223709,1
223716,1
223719,1
223722,1
223725,1
223729,1
223734,1
223736,1
223739,1
223747,1
223749,1
223752,1
223766,1
223768,1
223778,1
223780,1
223783,1
223786,2
223795,1
223798,1
223801,2
223807,2
223809,1
223812,1
223817,1
223819,1
223821,1
223823,1
223827,2
223829,1
223832,1
223834,1
223837,1
223840,1
223844,2
223847,1
223850,1
223852,1
223857,2
223860,1
223864,1
223869,2
223871,1
223873,1
223879,1
223881,1
223885,1
223887,1
223889,1
223893,1
223896,1
223898,1
223902,1
223905,1
223924,1
223928,1
223934,1
223937,2
223943,1
223948,1
223951,1
223958,1
223961,2
223963,1
223966,1
223969,2
223972,1
223991,1
223994,1
224010,1
224020,1
224026,1
224035,1
224045,1
224058,1
224061,1
224066,1
224068,1
224072,2
224074,1
224077,1
224081,1
224085,1
224087,1
224089,1
224096,1
224099,2
224106,1
224110,1
224114,1
224118,1
224121,1
224126,1
224128,1
224134,1
224145,1
224158,1
224164,1
224167,1
224169,1
224172,1
224174,1
224177,1
224192,1
224198,1
224203,1
224211,1
224216,1
224222,1
224225,1
224231,1
224236,1
224239,1
224243,1
224260,1
224274,2
224276,1
224278,1
224283,1
224287,2
224292,1
224300,1
224302,1
224304,1
224307,1
224312,1
224323,1
224329,1
224338,1
224343,1
224349,1
224354,1
224357,1
224359,1
224366,1
224368,1
224373,1
224375,1
224379,1
224382,1
224384,1
224386,1
224390,1
224396,1
224398,1
224402,1
224404,1
224410,1
224418,1
224428,2
224432,1
224439,1
224449,2
224452,2
224459,1
224469,1
224471,1
224473,1
224485,1
224491,1
224493,1
224495,1
224504,1
224509,2
224512,1
224515,1
224521,1
224532,1
224537,1
224539,1
224543,2
224547,2
224553,1
224556,1
224562,1
224565,2
224569,1
224579,1
224586,2
224588,1
224600,1
224608,1
224612,2
224618,1
224624,1
224628,1
224630,1
224632,1
224635,1
224644,1
224652,1
224662,1
224667,1
224673,1
224675,1
224677,1
224684,1
224687,1
224695,1
224698,2
224705,1
224710,1
224713,1
224715,1
224720,1
224730,1
224733,1
224741,1
224751,1
224754,1
224760,1
224765,1
224776,1
224789,1
224797,1
224799,1
224804,1
224808,2
224811,1
224821,1
224826,1
224831,1
224837,1
224840,1
224843,1
224845,1
224848,1
224859,1
224866,1
224874,1
224877,1
224883,1
224902,2
224907,1
224915,1
224918,1
224940,1
224945,2
224948,1
224951,1
224961,1
224964,1
224974,1
224976,1
224979,2
224985,1
224989,2
224991,1
224994,1
224998,1
225006,1
225009,1
225012,2
225014,1
225017,1
225021,1
225024,1
225039,2
225043,1
225049,1
225061,1
225064,1
225080,1
225082,1
225085,1
225095,2
225098,1
225103,1
225115,2
225128,1
225132,1
225137,2
225139,1
225142,1
225147,1
225149,1
225152,2
225154,1
225157,1
225162,1
225164,1
225171,1
225174,1
225176,1
225178,1
225186,2
225188,1
225192,1
225194,1
225197,1
225199,1
225202,1
225209,2
225212,1
225216,1
225218,1
225221,1
225226,1
225237,2
225244,1
225246,1
225250,1
225252,1
225258,1
225263,1
225265,1
225274,1
225281,1
225284,2
225298,1
225313,1
225318,1
225328,1
225331,2
225334,1
225340,1
225343,1
225372,1
225377,1
225379,1
225390,1
225399,1
225403,1
225419,1
225423,1
225428,1
225438,1
225443,2
225449,1
225453,1
225465,1
225472,1
225476,2
225480,1
225484,1
225490,1
225498,1
225500,1
225505,1
225513,1
225519,1
225529,1
225534,1
225537,1
225543,1
225547,1
225555,1
225560,1
225564,1
225577,1
225585,1
225587,1
225593,1
225601,1
225615,1
225620,1
225628,1
225632,1
225637,1
225639,1
225641,1
225646,1
225648,1
225650,1
225653,2
225657,1
225659,1
225667,1
225673,1
225676,2
225682,1
225693,2
225695,1
225699,1
225702,1
225705,1
225710,2
225712,1
225715,1
225720,1
225731,1
225737,1
225743,1
225749,1
225763,1
225774,1
225776,1
225780,1
225787,1
225790,1
225792,1
225795,2
225800,2
225802,1
225809,1
225811,1
225814,1
225816,1
225819,1
225824,1
225827,1
225829,1
225835,2
225841,1
225847,1
225867,1
225872,1
225877,2
225888,1
225891,1
225908,1
225914,1
225917,1
225919,1
225923,1
225927,1
225929,1
225937,1
225939,1
225948,1
225956,1
225963,1
225968,1
225970,1
225973,1
225983,2
225985,1
225988,1
225996,2
225999,1
226002,1
226006,1
226010,1
226017,1
226019,1
226040,2
226044,2
226048,1
226051,1
226066,2
226073,1
226084,1
226089,1
226094,1
226097,1
226107,1
226110,1
226120,1
226126,2
226129,2
226131,1
226134,1
226137,2
226140,1
226143,1
226159,1
226163,1
226166,1
226169,1
226175,1
226194,1
226197,1
226202,1
226208,1
226233,2
226237,1
226241,1
226243,1
226245,1
226247,1
226254,1
226257,1
226259,1
226263,2
226268,1
226272,1
226277,1
226280,1
226285,1
226288,1
226295,2
226297,1
226299,1
226307,1
226309,1
226318,1
226323,1
226326,1
226332,1
226340,1
226354,1
226356,1
226359,1
226362,1
226374,1
226379,1
226383,1
226386,1
226388,1
226390,1
226393,1
226395,1
226402,1
226407,1
226410,1
226423,1
226426,1
226432,1
226441,1
226453,1
226456,2
226458,1
226464,2
226466,1
226471,1
226473,1
226482,1
226485,1
226488,1
226490,1
226495,1
226504,1
226506,1
226512,1
226520,2
226529,1
226532,1
226553,1
226556,1
226560,1
226562,1
226568,1
226572,1
226575,2
226577,1
226583,1
226594,1
226597,1
226604,1
226608,1
226610,1
226620,1
226623,1
226632,1
226635,1
226638,1
226641,1
226643,1
226647,2
226655,1
226660,2
226662,1
226667,1
226672,1
226681,1
226699,2
226702,1
226704,1
226722,2
226726,1
226728,1
226735,1
226737,1
226742,1
226753,1
226759,1
226764,1
226767,1
226770,1
226773,1
226779,1
226783,1
226786,1
226802,1
226804,1
226827,1
226833,1
226836,1
226839,1
226842,1
226844,1
226860,1
226862,1
226864,1
226867,1
226869,1
226871,1
226874,1
226895,1
226899,1
226910,1
226913,1
226915,1
226917,1
226921,1
226924,1
226931,1
226937,1
226939,1
226943,1
226945,1
226948,1
226953,2
226955,1
226962,1
226971,1
226979,1
226983,1
226985,1
226989,1
226993,1
226998,1
227000,1
227008,1
227011,1
227016,1
227021,1
227027,1
227039,2
227041,1
227045,1
227048,1
227057,2
227059,1
227065,1
227069,2
227078,1
227080,1
227082,1
227088,1
227091,2
227096,2
227099,1
227101,1
227106,1
227110,1
227115,1
227117,1
227120,1
227123,2
227128,1
227132,1
227136,1
227146,1
227149,1
227151,1
227153,1
227155,1
227163,1
227168,1
227172,1
227175,1
227179,1
227191,1
227193,1
227197,2
227204,1
227207,1
227211,1
227213,1
227228,2
227230,1
227237,1
227240,1
227247,1
227253,1
227262,1
227265,1
227267,1
227270,1
227276,1
227281,1
227288,1
227295,1
227303,1
227306,1
227309,1
227313,1
227321,1
227323,1
227339,1
227341,1
227345,2
227349,1
227351,1
227360,2
227366,1
227386,1
227401,2
227406,1
227408,1
227411,1
227420,1
227424,1
227429,1
227435,1
227445,1
227453,2
227469,1
227472,1
227477,1
227479,1
227482,1
227490,1
227494,1
227497,1
227501,1
227506,1
227508,1
227513,1
227516,1
227518,1
227528,1
227531,2
227533,1
227540,1
227542,1
227545,2
227551,1
227553,1
227555,1
227557,1
227561,1
227570,1
227572,1
227580,1
227582,1
227588,1
227590,1
227596,1
227600,1
227606,1
227614,1
227622,1
227624,1
227628,1
227630,1
227637,1
227640,1
227645,1
227647,1
227655,1
227676,2
227683,1
227686,1
227701,1
227704,1
227706,1
227709,2
227723,1
227727,1
227729,1
227734,1
227736,1
227740,1
227743,1
227749,2
227761,1
227764,1
227766,1
227770,1
227773,1
227778,1
227781,2
227784,2
227788,2
227790,1
227797,1
227800,2
227802,1
227812,1
227818,1
227821,1
227825,1
227827,1
227829,1
227832,1
227842,1
227844,1
227855,1
227860,2
227862,1
227866,1
227879,2
227881,1
227891,1
227901,1
227911,1
227915,1
227918,1
227927,1
227929,1
227934,2
227938,1
227940,1
227944,1
227953,2
227959,1
227971,1
227977,1
227984,1
227989,1
227991,1
227999,1
228007,2
228013,1
228023,1
228027,1
228031,1
228042,1
228047,1
228054,1
228056,1
228059,2
228061,1
228071,1
228077,1
228086,1
228091,1
228098,1
228101,2
228113,1
228118,1
228126,1
228130,1
228132,1
228137,1
228140,1
228142,1
228148,1
228159,2
228166,1
228172,1
228179,1
228181,1
228185,1
228189,1
228191,1
228194,1
228198,1
228200,1
228210,1
228216,1
228223,1
228236,1
228240,1
228247,1
228249,1
228251,1
228256,1
228264,2
228272,1
228279,1
228285,1
228290,2
228295,1
228297,1
228300,1
228304,1
228306,1
228309,1
228314,1
228319,1
228330,1
228337,1
228343,1
228354,1
228357,1
228363,1
228378,1
228382,1
228385,1
228387,1
228392,1
228395,1
228398,1
228400,1
228402,1
228413,1
228418,1
228421,1
228423,1
228427,1
228430,1
228433,1
228435,1
228439,1
228441,1
228443,1
228446,1
228450,2
228453,1
228456,1
228465,1
228469,1
228471,1
228473,1
228475,1
228477,1
228480,1
228492,1
228494,1
228499,1
228501,1
228507,2
228519,1
228526,1
228529,1
228531,1
228543,1
228548,1
228558,1
228561,1
228564,1
228566,1
228568,1
228573,1
228575,1
228584,2
228607,1
228614,2
228620,1
228633,1
228638,1
228640,1
228651,1
228660,1
228662,1
228666,2
228671,1
228673,1
228676,1
228678,1
228685,1
228687,1
228695,2
228703,1
228705,1
228708,1
228711,1
228713,1
228717,1
228721,1
228724,1
228737,1
228740,1
228742,1
228748,2
228756,2
228763,1
228769,2
228771,1
228773,1
228776,1
228781,1
228784,1
228786,1
228788,1
228793,1
228795,1
228800,1
228804,1
228807,1
228819,1
228826,1
228830,1
228832,1
228836,1
228840,1
228847,1
228850,2
228855,1
228863,1
228867,1
228872,1
228875,1
228877,1
228887,1
228892,1
228898,1
228901,2
228906,1
228911,1
228924,1
228927,1
228930,1
228948,1
228960,1
228970,2
228973,1
228979,1
228983,1
228985,1
228988,1
228990,1
228995,1
228999,2
229001,1
229007,1
229012,1
229014,1
229016,1
229020,1
229022,1
229024,1
229028,1
229036,1
229040,1
229047,1
229051,1
229053,1
229067,1
229073,1
229076,2
229079,1
229081,1
229084,1
229086,1
229088,1
229093,1
229097,1
229100,2
229102,1
229105,1
229113,1
229117,1
229126,2
229128,1
229137,1
229144,1
229146,1
229152,2
229156,1
229164,1
229166,1
229177,1
229182,1
229189,1
229193,1
229201,1
229203,1
229205,1
229210,1
229218,1
229220,1
229228,1
229234,1
229237,1
229243,1
229262,1
229267,1
229269,1
229274,1
229284,3
229287,1
229291,1
229295,1
229301,1
229305,1
229314,1
229316,1
229319,1
229327,1
229333,2
229341,1
229343,1
229346,1
229355,1
229364,1
229370,1
229377,1
229383,1
229386,1
229391,1
229394,2
229402,2
229412,1
229415,1
229419,2
229426,1
229430,2
229441,1
229446,1
229448,1
229453,1
229455,1
229468,1
229472,2
229474,1
229478,1
229483,1
229486,1
229496,1
229498,1
229503,2
229505,1
229512,1
229515,1
229517,1
229521,1
229527,1
229536,2
229539,1
229543,1
229555,1
229565,2
229568,1
229578,1
229590,1
229599,1
229602,1
229607,1
229611,1
229621,1
229623,1
229626,2
229631,1
229634,2
229643,1
229645,1
229654,1
229657,1
229662,1
229664,1
229673,1
229675,1
229680,1
229682,1
229685,1
229697,1
229701,1
229705,1
229712,2
229719,1
229729,1
229731,1
229736,1
229738,1
229741,1
229743,1
229757,1
229761,1
229763,1
229765,1
229767,1
229770,1
229786,1
229796,1
229800,1
229818,1
229829,1
229836,1
229843,1
229846,2
229856,1
229869,1
229871,1
229879,1
229892,1
229894,1
229896,1
229899,1
229901,1
229908,1
229921,1
229932,1
229934,1
229941,1
229943,1
229952,2
229955,1
229962,1
229968,1
229971,1
229979,1
229982,1
229993,1
230006,1
230011,1
230021,1
230023,1
230034,1
230046,1
230049,1
230052,1
230061,1
230064,1
230072,1
230080,1
230084,1
230093,1
230098,1
230104,2
230108,1
230122,1
230124,1
230131,1
230133,1
230136,1
230140,1
230143,1
230149,1
230154,1
230157,1
230164,2
230169,1
230174,1
230176,1
230179,2
230185,1
230188,1
230194,1
230196,1
230198,1
230204,1
230221,1
230229,2
230236,1
230239,2
230250,1
230265,1
230273,1
230276,1
230285,1
230304,1
230308,1
230311,2
230329,1
230347,1
230356,1
230360,1
230363,1
230366,2
230378,1
230380,1
230385,2
230389,1
230392,1
230394,1
230400,2
230402,1
230414,1
230418,1
230426,1
230430,1
230435,1
230443,1
230445,1
230449,1
230452,1
230460,1
230464,2
230467,1
230469,1
230477,1
230479,1
230482,1
230493,1
230499,2
230501,1
230505,1
230512,1
230519,1
230523,1
230529,1
230534,1
230546,1
230549,1
230556,1
230564,2
230571,1
230574,1
230577,1
230584,1
230593,1
230605,1
230607,1
230619,3
230626,1
230629,1
230632,1
230635,1
230658,1
230664,1
230670,1
230677,1
230689,1
230692,1
230696,1
230698,1
230707,2
230711,1
230713,1
230715,1
230726,1
230742,2
230744,1
230748,1
230750,1
230776,1
230788,1
230800,1
230804,1
230807,1
230816,1
230826,1
230829,1
230838,1
230846,1
230848,1
230850,1
230854,2
230857,1
230859,1
230861,1
230865,1
230867,1
230870,1
230872,1
230882,1
230896,2
230901,1
230904,1
230910,1
230913,2
230919,1
230937,2
230940,1
230948,1
230951,1
230957,1
230964,1
230971,1
230976,1
230982,1
230985,1
230995,2
231007,1
231016,1
231020,1
231024,1
231038,1
231052,1
231064,1
231067,2
231070,1
231076,1
231086,1
231089,1
231093,1
231102,2
231107,1
231117,1
231119,1
231121,1
231124,1
231129,1
231131,1
231141,1
231143,1
231153,1
231155,1
231159,1
231165,1
231175,1
231177,1
231184,1
231196,1
231201,1
231206,1
231208,1
231215,1
231224,1
231229,1
231243,1
231245,1
231255,1
231257,1
231263,1
231272,1
231274,1
231278,1
231297,2
231300,1
231305,2
231311,2
231313,1
231318,1
231323,1
231326,1
231338,1
231343,1
231352,1
231354,1
231362,1
231366,1
231371,1
231376,1
231381,1
231392,1
231395,1
231399,1
231408,1
231411,1
231423,1
231425,1
231436,1
231447,1
231455,1
231460,1
231463,1
231470,1
231478,1
231483,1
231487,1
231489,1
231491,1
231493,1
231498,1
231504,1
231515,1
231518,1
231527,1
231530,2
231534,1
231539,1
231543,1
231548,1
231551,2
231554,1
231561,1
231563,1
231566,1
231575,1
231583,1
231585,1
231588,1
231600,1
231602,1
231607,1
231609,1
231615,1
231618,1
231626,1
231628,1
231642,1
231649,1
231655,1
231661,1
231670,1
231673,1
231689,1
231696,1
231708,1
231712,1
231717,1
231719,1
231739,1
231748,1
231752,2
231754,1
231756,1
231765,1
231768,1
231781,1
231783,1
231785,1
231791,1
231795,1
231800,1
231807,1
231810,1
231815,1
231822,1
231825,2
231829,1
231832,1
231840,2
231853,1
231859,1
231862,1
231864,1
231867,1
231876,1
231881,1
231883,1
231892,1
231895,1
231901,1
231909,1
231911,1
231915,2
231921,1
231947,1
231949,1
231952,1
231966,1
231981,1
231983,1
231989,1
231991,1
231995,1
231997,1
232001,1
232003,1
232007,1
232011,1
232015,1
232020,2
232027,1
232031,1
232036,1
232047,1
232050,1
232054,1
232056,1
232064,1
232069,1
232074,1
232084,1
232090,1
232095,1
232097,1
232108,1
232115,1
232119,1
232124,1
232127,1
232133,1
232141,1
232143,1
232146,1
232154,1
232156,1
232158,1
232168,1
232172,1
232186,1
232191,1
232197,1
232208,1
232215,2
232218,1
232224,1
232232,1
232236,1
232243,1
232249,1
232253,1
232255,1
232263,1
232265,1
232271,1
232274,1
232277,1
232287,1
232310,1
232314,1
232318,1
232322,1
232327,1
232332,1
232336,1
232350,1
232361,1
232365,1
232369,1
232373,2
232376,1
232386,1
232389,2
232394,2
232396,1
232402,1
232408,1
232417,1
232420,1
232429,1
232450,1
232457,1
232459,1
232464,1
232466,1
232471,1
232474,1
232476,1
232484,1
232492,1
232495,1
232500,1
232505,1
232509,1
232512,1
232516,1
232519,1
232526,1
232537,1
232539,1
232545,1
232555,2
232557,1
232563,1
232569,1
232580,1
232585,1
232587,1
232593,1
232599,1
232609,1
232613,1
232622,1
232626,1
232628,1
232633,1
232636,2
232638,1
232643,1
232651,1
232656,2
232658,1
232668,1
232673,1
232677,1
232679,1
232684,1
232690,1
232692,1
232697,1
232715,1
232719,1
232721,1
232725,1
232727,1
232733,1
232736,1
232739,1
232752,1
232762,1
232764,1
232766,1
232769,1
232773,1
232779,1
232781,1
232790,1
232806,1
232815,1
232821,1
232827,1
232832,1
232835,1
232837,1
232849,1
232851,1
232862,1
232864,1
232867,1
232869,1
232875,1
232881,1
232883,1
232900,1
232905,2
232907,1
232910,1
232912,1
232916,1
232919,1
232922,1
232929,1
232933,1
232938,1
232944,1
232946,1
232953,1
232957,1
232960,1
232963,2
232967,1
232973,1
232978,1
232984,1
232988,1
232994,1
232996,1
232999,1
233007,1
233016,1
233024,1
233026,1
233033,1
233046,1
233049,1
233054,1
233059,1
233064,1
233072,1
233084,1
233090,1
233096,1
233100,1
233106,2
233109,2
233111,1
233118,1
233122,1
233137,1
233139,1
233143,2
233149,1
233152,1
233159,1
233162,1
233167,1
233172,1
233197,1
233206,1
233208,1
233216,1
233225,1
233229,2
233235,1
233237,1
233240,1
233243,1
233247,1
233254,1
233259,1
233269,1
233274,1
233277,1
233286,2
233288,1
233296,1
233298,1
233306,1
233314,1
233316,1
233318,1
233331,1
233334,1
233340,1
233353,1
233355,1
233357,1
233359,1
233366,1
233370,1
233379,1
233381,1
233383,1
233386,1
233394,1
233396,1
233400,1
233405,1
233407,1
233413,1
233415,1
233417,1
233420,1
233425,1
233428,1
233434,2
233436,1
233439,1
233446,1
233452,1
233455,1
233471,1
233476,1
233482,1
233485,1
233488,1
233492,2
233497,1
233508,2
233511,1
233517,1
233523,1
233525,1
233529,1
233531,1
233534,1
233541,1
233549,1
233554,1
233558,1
233561,1
233567,1
233570,1
233573,1
233575,1
233587,1
233598,1
233600,1
233606,1
233610,1
233621,1
233634,1
233639,1
233655,1
233676,1
233678,1
233684,1
233692,1
233698,1
233700,1
233713,2
233715,1
233721,1
233723,1
233732,1
233741,1
233743,1
233745,1
233747,1
233751,1
233753,1
233756,1
233760,1
233762,1
233764,1
233769,1
233772,1
233774,1
233783,2
233785,1
233795,1
233797,1
233799,1
233803,2
233805,1
233813,1
233818,1
233822,2
233824,1
233829,1
233832,1
233838,2
233842,1
233845,1
233847,1
233853,1
233859,1
233868,1
233871,1
233874,1
233876,1
233880,2
233883,1
233888,1
233891,1
233899,1
233903,1
233906,2
233909,2
233915,1
233918,1
233922,1
233924,1
233926,1
233945,1
233953,1
233957,1
233959,1
233969,1
233971,1
233974,1
233976,1
233978,1
233982,1
233985,1
233987,1
233993,1
233996,1
234001,1
234008,1
234028,1
234039,2
234057,1
234060,1
234066,1
234072,1
234075,1
234077,1
234079,1
234086,1
234090,2
234095,1
234102,1
234106,1
234114,1
234117,1
234133,2
234138,1
234143,2
234146,1
234149,1
234153,1
234155,1
234163,2
234171,3
234178,1
234180,1
234184,1
234195,1
234206,1
234210,1
234212,1
234216,1
234221,1
234231,2
234236,1
234240,1
234242,1
234245,2
234249,1
234251,1
234257,2
234262,1
234265,1
234273,2
234279,1
234282,1
234284,1
234288,1
234303,1
234305,1
234309,1
234312,1
234315,1
234318,1
234337,1
234340,1
234343,1
234347,1
234350,1
234356,1
234362,1
234365,1
234376,2
234383,1
234392,2
234398,1
234402,1
234404,1
234412,1
234417,1
234422,2
234425,1
234432,1
234434,1
234439,1
234441,1
234447,1
234449,1
234455,1
234457,1
234461,1
234466,1
234469,1
234473,1
234481,1
234484,2
234488,1
234494,1
234497,1
234499,1
234523,1
234526,1
234536,1
234550,1
234556,1
234560,1
234567,1
234570,1
234573,1
234576,1
234579,2
234612,1
234615,1
234617,1
234621,1
234623,1
234630,1
234634,1
234636,1
234642,1
234646,1
234662,1
234664,1
234669,1
234674,1
234685,1
234690,1
234692,1
234695,2
234699,1
234704,2
234722,1
234724,1
234728,1
234733,1
234735,1
234750,1
234753,1
234758,1
234765,1
234767,1
234776,1
234778,1
234791,2
234794,1
234797,1
234802,1
234804,1
234809,1
234812,2
234824,2
234837,1
234842,1
234846,1
234853,1
234859,1
234868,1
234872,1
234880,1
234893,1
234895,1
234898,1
234922,1
234925,2
234929,1
234935,2
234941,1
234952,1
234956,1
234961,1
234964,1
234971,1
234977,1
234979,1
234988,1
234991,1
235000,3
235003,2
235011,1
235015,2
235020,1
235024,1
235028,1
235037,1
235050,1
235053,2
235057,1
235060,1
235064,1
235066,1
235069,1
235076,1
235081,1
235087,1
235089,1
235092,1
235097,1
235099,1
235105,1
235115,1
235133,1
235136,1
235141,2
235143,1
235148,1
235161,1
235165,1
235167,1
235172,1
235176,1
235182,1
235189,1
235197,1
235199,1
235202,1
235204,1
235210,1
235213,1
235221,1
235224,1
235226,1
235231,1
235236,1
235240,1
235248,1
235256,1
235258,1
235262,1
235264,1
235277,1
235280,1
235287,1
235290,1
235318,1
235321,1
235328,1
235330,1
235333,1
235335,1
235339,1
235343,1
235350,1
235352,1
235358,2
235360,1
235362,1
235364,1
235371,1
235375,1
235383,1
235389,2
235397,1
235403,1
235407,1
235414,1
235419,1
235421,1
235424,1
235434,2
235438,1
235442,1
235445,1
235449,1
235451,1
235456,1
235459,1
235466,1
235475,1
235484,1
235498,1
235504,1
235513,1
235517,1
235519,1
235545,1
235548,1
235550,1
235557,1
235559,1
235567,1
235589,1
235598,1
235604,1
235611,1
235617,1
235621,1
235623,1
235625,1
235630,1
235632,1
235643,2
235657,1
235663,1
235669,1
235678,1
235680,1
235687,1
235691,1
235693,1
235695,1
235701,1
235703,1
235705,1
235711,1
235719,2
235722,1
235726,1
235732,1
235734,1
235738,1
235740,1
235743,1
235748,1
235751,1
235753,1
235758,2
235772,1
235777,1
235780,1
235784,1
235787,1
235790,1
235793,1
235804,1
235806,1
235809,1
235822,1
235828,1
235835,1
235837,1
235841,1
235849,1
235852,1
235858,1
235869,1
235875,1
235877,1
235885,1
235892,1
235901,1
235906,1
235909,1
235912,1
235915,1
235917,1
235920,1
235925,1
235928,1
235934,1
235938,1
235944,2
235950,1
235953,1
235957,1
235965,1
235979,1
235981,1
235991,1
236010,1
236015,1
236023,1
236038,1
236041,1
236052,1
236055,1
236058,1
236060,1
236068,1
236070,1
236076,1
236078,1
236080,1
236083,1
236085,1
236087,1
236090,1
236094,1
236099,1
236101,1
236106,1
236123,2
236125,1
236128,1
236132,1
236134,1
236142,1
236146,1
236153,1
236159,1
236162,1
236164,1
236166,1
236169,1
236171,1
236174,1
236180,2
236184,1
236187,2
236194,1
236196,1
236201,1
236205,1
236208,1
236217,1
236219,1
236222,1
236226,1
236228,1
236233,2
236236,2
236239,1
236247,1
236256,1
236264,2
236267,1
236269,1
236271,1
236275,1
236281,1
236286,1
236298,1
236310,1
236334,1
236337,1
236339,1
236347,1
236365,1
236375,1
236377,1
236379,1
236386,1
236399,1
236404,1
236410,1
236413,1
236416,1
236418,1
236422,1
236425,1
236431,1
236436,1
236439,2
236447,1
236449,1
236465,1
236469,2
236471,1
236476,1
236478,1
236487,1
236495,1
236519,1
236525,1
236536,2
236539,1
236549,1
236570,1
236572,1
236575,1
236593,1
236595,1
236600,1
236607,1
236613,1
236617,1
236622,1
236633,1
236643,1
236645,1
236647,1
236655,2
236658,1
236660,1
236665,1
236668,1
236676,1
236684,1
236687,2
236689,1
236691,1
236694,1
236696,1
236700,1
236704,1
236708,1
236711,1
236713,1
236721,1
236749,1
236751,1
236753,1
236756,1
236762,1
236767,1
236770,1
236772,1
236775,1
236779,1
236784,2
236804,1
236807,1
236811,1
236817,2
236823,1
236826,1
236835,1
236838,1
236841,2
236850,1
236856,1
236860,2
236866,1
236870,1
236874,1
236891,1
236894,1
236901,1
236916,2
236925,1
236939,1
236956,1
236958,1
236964,1
236966,1
236971,1
236974,2
236976,1
236983,1
236986,1
236988,1
236993,1
236997,1
237000,1
237007,1
237010,2
237015,1
237025,1
237029,2
237034,1
237042,1
237045,1
237051,1
237059,1
237069,2
237071,1
237073,1
237076,1
237078,1
237080,1
237082,1
237085,1
237109,1
237112,1
237140,1
237150,1
237158,1
237160,1
237164,1
237166,1
237169,1
237174,2
237179,2
237184,1
237198,1
237208,1
237212,1
237221,1
237225,1
237229,1
237231,1
237235,2
237243,1
237247,1
237251,1
237254,1
237259,1
237267,1
237269,1
237280,1
237282,1
237289,1
237291,1
237298,1
237300,1
237302,1
237310,1
237312,1
237324,1
237326,1
237333,1
237337,1
237357,1
237359,1
237367,1
237382,1
237399,2
237401,1
237404,1
237407,1
237414,1
237416,1
237419,1
237423,1
237425,1
237428,1
237433,1
237442,1
237446,1
237458,1
237462,1
237468,1
237470,1
237473,1
237483,1
237492,1
237498,1
237523,1
237526,1
237530,1
237535,1
237545,1
237548,1
237553,1
237558,1
237563,2
237565,1
237576,1
237578,1
237580,1
237582,1
237588,1
237597,1
237600,1
237602,1
237604,1
237613,1
237617,1
237619,1
237626,1
237628,1
237631,1
237635,1
237641,1
237645,1
237650,1
237656,1
237662,1
237664,1
237690,1
237694,1
237706,1
237708,1
237710,1
237713,1
237723,1
237727,2
237733,1
237737,1
237745,1
237747,1
237755,1
237759,2
237769,2
237775,1
237777,1
237781,1
237784,1
237793,1
237803,1
237809,1
237814,1
237818,1
237821,1
237830,1
237839,1
237844,1
237846,1
237860,2
237869,1
237871,1
237873,1
237875,1
237880,1
237890,1
237901,1
237904,1
237906,1
237908,1
237913,1
237915,1
237920,1
237929,1
237932,1
237935,1
237937,1
237946,1
237951,1
237955,1
237969,1
237972,1
237975,1
237977,1
237981,1
237986,1
237989,1
237993,1
237996,1
238014,1
238018,1
238020,1
238033,1
238041,1
238056,1
238058,1
238066,1
238072,1
238080,1
238083,1
238088,1
238093,1
238097,1
238099,1
238101,1
238107,1
238116,1
238122,1
238126,1
238129,1
238134,1
238145,1
238150,1
238153,1
238155,1
238157,1
238160,1
238165,1
238168,1
238174,2
238177,1
238179,1
238182,1
238185,1
238189,1
238193,1
238197,1
238202,2
238205,1
238217,1
238222,1
238226,1
238232,1
238236,1
238243,1
238246,1
238248,1
238255,1
238267,1
238269,1
238276,1
238287,1
238296,1
238298,1
238307,1
238312,1
238322,1
238325,1
238327,1
238334,1
238337,1
238345,1
238350,1
238353,1
238355,1
238357,1
238359,1
238362,1
238364,1
238371,1
238376,1
238378,1
238388,1
238392,1
238394,1
238396,1
238399,1
238405,1
238412,1
238414,1
238416,1
238422,1
238431,1
238434,1
238436,1
238438,1
238442,1
238448,1
238452,2
238454,1
238458,1
238463,1
238484,1
238488,2
238492,1
238496,1
238509,1
238518,1
238522,2
238526,1
238528,1
238538,1
238548,1
238565,1
238567,1
238577,1
238584,2
238587,1
238589,1
238593,1
238596,1
238604,1
238610,1
238622,2
238624,1
238630,1
238635,1
238637,1
238640,1
238665,1
238670,1
238676,1
238683,1
238690,1
238703,1
238709,1
238712,1
238717,1
238730,1
238732,1
238736,1
238742,1
238747,2
238749,1
238753,1
238762,2
238765,1
238771,2
238792,1
238801,1
238804,1
238806,1
238812,1
238814,1
238818,1
238823,1
238834,1
238839,1
238848,1
238863,1
238866,1
238868,1
238874,1
238893,1
238899,1
238902,1
238909,1
238912,2
238915,1
238919,1
238923,1
238927,1
238939,1
238949,1
238952,1
238959,1
238963,2
238967,1
238971,1
238975,1
238979,1
238981,1
238986,1
238999,2
239005,1
239016,1
239019,1
239027,1
239031,1
239034,1
239039,1
239045,1
239055,1
239061,1
239075,1
239078,1
239084,1
239092,1
239103,1
239106,1
239113,1
239117,1
239120,1
239130,1
239133,1
239136,1
239148,1
239152,1
239159,2
239163,2
239166,1
239168,1
239172,1
239179,1
239183,1
239185,1
239187,1
239191,1
239193,1
239202,1
239207,1
239210,1
239213,1
239216,1
239220,2
239222,1
239225,1
239229,1
239232,1
239235,1
239241,1
239248,1
239250,1
239261,1
239263,1
239268,1
239271,1
239273,1
239276,1
239278,1
239280,1
239284,1
239287,1
239294,1
239298,1
239301,1
239310,1
239313,1
239315,1
239317,1
239325,1
239333,1
239338,1
239341,1
239343,1
239345,1
239356,1
239363,1
239373,2
239379,1
239385,2
239392,1
239395,2
239404,1
239412,1
239415,1
239419,1
239423,1
239428,1
239434,1
239437,1
239439,1
239446,1
239448,1
239456,1
239464,1
239466,1
239468,1
239470,1
239472,1
239476,1
239482,1
239488,1
239491,1
239498,1
239500,1
239505,2
239507,1
239509,1
239517,1
239520,1
239523,1
239530,1
239532,1
239536,1
239538,1
239543,1
239545,1
239550,2
239561,1
239575,1
239583,1
239590,1
239593,1
239612,1
239619,1
239624,1
239627,1
239630,1
239639,1
239642,1
239648,1
239657,1
239659,1
239662,1
239665,1
239672,2
239675,2
239677,1
239685,1
239688,1
239692,1
239694,1
239700,1
239708,1
239710,1
239716,2
239718,1
239728,2
239734,2
239736,1
239739,1
239746,1
239765,2
239768,2
239771,1
239773,1
239779,1
239788,1
239790,1
239810,1
239813,1
239832,1
239836,1
239846,1
239850,1
239868,1
239877,1
239888,1
239894,1
239896,1
239898,1
239901,1
239903,1
239907,1
239916,1
239923,1
239927,1
239929,1
239936,2
239941,1
239953,1
239955,1
239957,1
239964,2
239973,1
239982,1
239990,2
239994,1
239996,1
240011,1
240014,1
240027,1
240029,1
240037,1
240046,1
240053,1
240075,1
240100,1
240103,1
240107,1
240109,1
240116,2
240122,2
240131,1
240142,1
240144,1
240158,1
240163,1
240169,1
240172,1
240178,1
240180,1
240183,1
240191,1
240193,1
240212,2
240218,3
240226,1
240228,1
240232,1
240237,1
240241,1
240251,1
240254,1
240256,1
240259,1
240262,1
240265,1
240268,2
240273,1
240276,1
240279,1
240283,1
240287,1
240289,1
240295,1
240298,1
240301,1
240307,1
240311,1
240314,1
240322,1
240324,1
240336,1
240346,1
240350,1
240359,1
240367,1
240387,1
240389,1
240397,1
240406,1
240411,1
240413,1
240422,1
240426,1
240438,1
240443,1
240452,1
240454,1
240459,1
240462,1
240464,1
240478,1
240482,1
240484,1
240488,1
240492,1
240496,1
240500,1
240503,1
240505,1
240518,1
240522,1
240524,1
240532,1
240535,1
240542,1
240550,1
240555,1
240565,1
240569,1
240576,1
240590,1
240597,1
240599,1
240603,1
240612,1
240618,1
240621,2
240630,2
240639,1
240641,1
240652,1
240655,1
240658,1
240666,1
240668,1
240672,1
240675,1
240680,1
240682,1
240685,1
240691,1
240694,1
240696,1
240698,1
240700,1
240705,1
240711,1
240716,1
240718,1
240721,1
240723,1
240725,1
240729,1
240740,1
240743,1
240750,1
240753,1
240756,1
240758,1
240762,1
240773,1
240789,1
240792,2
240796,1
240801,2
240803,1
240805,1
240809,1
240812,1
240815,1
240818,1
240823,2
240834,1
240856,1
240859,2
240862,1
240867,1
240871,1
240873,1
240884,1
240898,1
240902,1
240904,1
240910,1
240913,1
240922,1
240924,1
240926,1
240931,1
240937,1
240941,1
240948,2
240953,1
240961,1
240968,1
240973,1
240978,1
240989,1
240995,1
240997,1
241003,1
241006,1
241008,1
241015,1
241019,1
241025,1
241027,1
241032,1
241036,1
241041,1
241044,1
241047,1
241049,1
241052,1
241055,1
241057,1
241065,1
241072,2
241077,1
241084,1
241092,1
241111,1
241113,1
241117,1
241128,1
241132,1
241135,1
241139,1
241141,1
241145,2
241152,1
241160,1
241170,1
241172,1
241177,1
241179,1
241183,1
241188,1
241194,1
241196,1
241200,1
241202,1
241204,1
241207,1
241210,1
241213,1
241218,1
241223,1
241226,1
241229,1
241232,2
241234,1
241237,1
241241,1
241246,1
241262,1
241271,1
241273,1
241275,1
241281,1
241285,1
241288,1
241295,1
241297,1
241302,1
241317,1
241322,1
241329,1
241337,1
241350,1
241352,1
241354,1
241363,1
241366,1
241369,1
241380,2
241383,1
241387,1
241389,1
241394,1
241397,1
241399,1
241401,1
241403,1
241407,1
241412,2
241414,1
241418,1
241424,2
241430,1
241433,1
241453,1
241455,1
241460,1
241463,2
241465,1
241469,1
241473,2
241475,1
241483,1
241489,1
241492,1
241497,2
241504,1
241506,1
241508,1
241530,1
241532,1
241551,1
241563,1
241565,1
241576,1
241582,1
241595,1
241598,2
241601,1
241607,1
241611,1
241614,1
241616,1
241618,1
241621,1
241626,1
241629,1
241638,1
241643,1
241645,1
241647,1
241649,1
241653,1
241656,2
241666,1
241671,1
241684,1
241692,1
241708,1
241710,1
241713,1
241716,1
241723,1
241733,1
241739,1
241743,1
241750,1
241752,1
241760,1
241762,1
241769,1
241775,1
241779,1
241781,1
241791,1
241793,1
241797,1
241806,1
241825,1
241828,1
241849,1
241858,1
241866,1
241874,1
241876,1
241880,1
241883,2
241886,2
241892,1
241895,1
241900,1
241903,1
241909,1
241915,1
241917,1
241927,1
241939,1
241947,1
241949,1
241958,1
241961,1
241968,2
241970,1
241973,1
241975,1
241982,1
241989,2
241998,1
242005,1
242010,1
242042,1
242048,1
242060,1
242062,1
242072,1
242078,1
242081,1
242088,1
242091,1
242093,1
242100,1
242106,1
242113,2
242117,1
242123,1
242125,1
242131,1
242134,1
242143,1
242145,1
242149,1
242151,1
242157,1
242169,1
242172,1
242174,1
242176,1
242178,1
242183,1
242185,1
242191,1
242197,1
242200,1
242212,1
242221,1
242226,1
242239,1
242247,1
242260,1
242270,1
242274,1
242277,1
242286,1
242289,1
242293,1
242298,1
242301,2
242303,1
242311,1
242326,1
242328,1
242332,1
242339,1
242360,1
242368,1
242373,1
242376,1
242388,2
242396,1
242404,1
242406,1
242409,1
242419,1
242423,1
242443,1
242445,1
242449,1
242462,1
242465,1
242469,1
242472,1
242481,1
242490,1
242498,1
242501,1
242510,1
242512,1
242517,1
242519,1
242524,1
242526,1
242535,1
242538,1
242544,1
242546,1
242548,1
242552,1
242555,1
242559,1
242567,1
242573,1
242575,1
242577,1
242580,1
242586,2
242590,1
242593,1
242597,2
242599,1
242607,1
242614,1
242616,1
242619,1
242621,1
242623,1
242628,1
242636,1
242639,1
242651,1
242654,1
242663,1
242670,1
242675,1
242679,2
242683,1
242685,1
242688,1
242690,1
242693,1
242704,1
242713,1
242716,1
242719,1
242727,1
242730,1
242732,1
242748,1
242751,2
242753,1
242758,1
242761,2
242770,1
242773,1
242775,1
242777,1
242792,1
242794,1
242806,1
242810,1
242812,1
242823,1
242827,1
242832,1
242835,1
242845,1
242849,1
242868,1
242871,2
242880,1
242883,1
242886,1
242893,1
242896,1
242901,1
242909,2
242915,1
242925,1
242929,1
242947,1
242957,1
242959,1
242961,1
242967,2
242969,1
242975,1
242979,1
242984,1
242986,1
242988,1
242992,1
242995,1
243007,1
243011,1
243014,1
243023,2
243033,1
243035,1
243042,1
243046,2
243052,1
243063,1
243066,1
243070,1
243080,2
243085,1
243088,1
243092,1
243098,1
243105,1
243110,1
243117,1
243122,1
243135,1
243140,1
243142,1
243148,1
243150,1
243154,1
243157,1
243160,1
243163,1
243165,1
243169,1
243173,1
243175,1
243179,1
243188,1
243196,1
243201,1
243207,1
243210,1
243223,1
243231,1
243244,1
243246,1
243248,1
243250,1
243257,2
243262,1
243268,1
243270,1
243274,1
243279,1
243286,1
243289,1
243298,1
243300,1
243303,1
243307,1
243310,2
243314,1
243336,1
243341,1
243356,1
243361,1
243368,1
243371,1
243374,1
243385,1
243390,1
243393,1
243397,1
243403,1
243407,2
243413,1
243416,1
243418,1
243421,1
243431,1
243435,1
243437,1
243445,1
243452,1
243454,1
243458,1
243467,1
243475,1
243481,1
243495,1
243500,1
243503,1
243505,1
243507,1
243515,1
243520,1
243522,1
243527,1
243530,1
243533,1
243539,1
243551,1
243555,1
243557,1
243560,1
243565,1
243569,1
243578,1
243581,1
243584,1
243589,1
243594,1
243601,1
243610,1
243617,1
243621,1
243623,1
243638,1
243642,1
243646,1
243657,2
243661,1
243665,1
243672,1
243681,1
243687,1
243692,1
243699,1
243704,1
243716,1
243733,1
243741,1
243759,1
243769,1
243772,1
243777,1
243783,1
243790,1
243796,1
243802,1
243821,1
243828,2
243831,1
243834,1
243837,1
243844,1
243851,1
243860,1
243867,1
243870,1
243881,1
243887,1
243889,1
243901,1
243904,1
243909,1
243912,1
243922,1
243925,1
243929,1
243936,1
243939,1
243941,1
243943,1
243946,1
243953,1
243955,1
243957,1
243959,1
243962,1
243965,1
243970,1
243976,1
243982,1
244005,1
244011,2
244013,1
244020,1
244022,1
244036,1
244040,1
244042,1
244050,1
244058,1
244067,1
244072,1
244087,1
244094,1
244096,1
244103,1
244111,1
244123,1
244139,1
244142,2
244152,1
244154,1
244166,1
244170,1
244172,1
244183,1
244188,1
244191,1
244194,1
244196,1
244207,1
244224,1
244226,1
244230,1
244238,1
244247,1
244249,1
244254,1
244263,1
244266,1
244270,1
244275,1
244277,1
244288,1
244293,1
244295,1
244297,1
244301,1
244304,1
244309,1
244322,2
244325,1
244328,1
244346,1
244351,1
244358,1
244361,1
244363,1
244365,1
244371,1
244377,1
244380,1
244383,1
244387,1
244391,1
244395,1
244401,1
244403,1
244405,1
244408,2
244410,1
244416,1
244428,1
244431,1
244434,1
244443,1
244449,1
244462,1
244468,1
244473,1
244478,1
244481,1
244483,1
244491,1
244494,1
244496,1
244500,1
244505,1
244509,1
244523,1
244525,1
244530,1
244534,1
244552,1
244557,2
244567,1
244570,1
244579,1
244581,1
244588,2
244600,1
244603,1
244613,1
244618,1
244620,1
244625,1
244631,1
244635,1
244643,1
244655,1
244664,1
244673,1
244676,1
244685,1
244688,1
244690,1
244692,1
244698,3
244704,1
244707,1
244709,1
244716,2
244721,1
244726,1
244734,1
244736,1
244738,1
244744,1
244746,1
244758,1
244762,1
244764,1
244768,1
244771,1
244773,1
244777,1
244784,1
244786,1
244791,1
244793,1
244795,1
244797,1
244806,2
244808,1
244817,1
244819,1
244824,1
244830,1
244834,1
244839,1
244841,1
244843,1
244847,2
244857,1
244862,1
244866,1
244875,1
244882,2
244887,1
244891,1
244902,2
244904,1
244913,1
244916,1
244925,1
244931,1
244933,1
244936,1
244941,1
244957,1
244960,1
244967,1
244971,1
244973,1
244975,1
244994,1
245000,2
245002,1
245004,1
245007,1
245011,1
245015,1
245018,1
245022,1
245032,1
245034,1
245037,1
245041,1
245049,1
245052,1
245057,1
245069,1
245077,1
245081,1
245092,1
245096,1
245099,1
245103,1
245110,1
245112,1
245115,1
245133,1
245145,1
245152,1
245169,1
245179,1
245185,1
245196,1
245203,1
245205,1
245208,1
245212,1
245218,1
245222,1
245234,1
245246,1
245251,1
245256,2
245259,1
245271,2
245276,1
245281,1
245283,1
245289,1
245295,1
245301,1
245303,1
245307,1
245311,1
245316,1
245319,1
245331,1
245353,1
245355,1
245359,1
245373,1
245385,1
245395,2
245399,2
245408,1
245416,1
245423,1
245426,1
245432,1
245436,1
245439,1
245441,1
245451,1
245454,1
245462,1
245465,1
245467,1
245470,1
245478,1
245481,1
245489,1
245492,1
245496,1
245504,1
245509,1
245511,1
245525,1
245528,1
245534,1
245544,1
245546,1
245548,1
245551,1
245553,1
245562,1
245568,1
245570,1
245576,1
245580,1
245587,1
245591,1
245593,1
245595,1
245602,1
245605,1
245607,1
245613,1
245618,2
245621,1
245624,1
245631,1
245634,1
245641,1
245643,1
245648,1
245650,1
245652,1
245654,1
245658,1
245664,1
245671,1
245676,1
245684,1
245689,1
245691,1
245699,1
245705,1
245711,1
245714,1
245717,1
245723,1
245725,1
245727,1
245732,1
245735,1
245739,1
245752,1
245754,1
245769,1
245771,1
245779,2
245785,1
245795,1
245808,1
245810,1
245816,1
245818,1
245824,1
245830,1
245833,1
245843,1
245846,1
245854,1
245898,1
245902,1
245904,1
245906,1
245911,1
245920,1
245923,1
245925,1
245929,1
245934,1
245938,1
245942,1
245944,1
245948,1
245951,1
245953,1
245958,1
245962,1
245966,2
245969,1
245974,1
245996,1
245999,1
246014,1
246017,1
246023,1
246032,1
246041,1
246058,1
246060,1
246066,1
246073,1
246075,1
246079,1
246081,1
246089,1
246092,1
246095,1
246098,1
246102,1
246114,1
246117,1
246119,1
246121,1
246132,1
246134,1
246136,1
246147,1
246152,1
246159,1
246161,1
246167,1
246171,1
246176,1
246181,1
246188,1
246196,1
246206,1
246212,1
246215,1
246219,1
246221,1
246223,1
246236,1
246244,2
246250,1
246267,1
246269,1
246275,1
246280,1
246284,1
246286,1
246296,1
246301,1
246304,1
246306,1
246310,1
246321,1
246323,1
246326,1
246330,1
246332,1
246342,1
246346,1
246361,1
246363,1
246372,1
246376,1
246379,1
246383,1
246385,1
246391,1
246400,1
246402,1
246414,1
246419,1
246422,1
246425,1
246434,1
246438,1
246441,1
246443,1
246453,1
246459,1
246462,1
246464,1
246471,1
246478,2
246484,1
246496,1
246498,1
246507,1
246511,1
246513,1
246516,1
246539,1
246543,1
246546,1
246553,1
246557,2
246561,1
246564,1
246570,1
246574,2
246580,1
246587,1
246594,1
246596,1
246607,1
246613,1
246615,1
246617,1
246629,1
246636,1
246642,1
246645,1
246649,1
246651,1
246657,1
246671,2
246673,1
246677,1
246682,2
246684,1
246688,1
246690,1
246692,1
246694,1
246696,1
246704,1
246707,1
246711,1
246725,2
246745,1
246757,1
246759,1
246775,1
246786,1
246798,1
246813,1
246818,1
246829,1
246836,2
246840,1
246849,1
246852,1
246855,1
246857,1
246861,1
246864,1
246866,1
246869,1
246871,1
246875,2
246883,1
246892,1
246902,1
246908,1
246910,1
246915,1
246919,1
246927,1
246930,2
246937,1
246950,1
246961,2
246963,1
246965,1
246969,1
246973,1
246975,1
246979,2
246983,1
246987,1
246993,1
246996,1
247003,1
247005,1
247012,2
247017,1
247019,1
247023,1
247026,1
247031,2
247033,1
247043,2
247048,1
247058,1
247061,1
247065,1
247068,1
247070,1
247079,1
247087,1
247097,1
247106,1
247111,1
247113,1
247125,1
247127,1
247137,1
247141,1
247148,1
247153,1
247158,2
247161,2
247164,2
247171,1
247178,1
247180,1
247182,1
247190,1
247197,1
247199,1
247201,1
247207,1
247209,1
247219,1
247224,1
247232,1
247238,1
247243,1
247245,1
247257,1
247266,1
247268,1
247271,1
247273,1
247276,1
247278,1
247280,1
247285,1
247293,3
247301,1
247305,1
247307,1
247312,1
247314,1
247320,1
247322,1
247329,1
247332,1
247334,1
247341,1
247344,1
247360,1
247364,1
247368,1
247375,2
247377,1
247408,1
247411,1
247413,1
247421,1
247425,1
247428,1
247431,2
247436,1
247444,1
247449,1
247455,1
247472,1
247478,1
247481,1
247484,1
247486,1
247491,1
247499,1
247503,1
247506,1
247510,1
247522,1
247535,1
247540,1
247545,1
247547,1
247550,1
247562,1
247570,1
247572,1
247576,1
247580,1
247582,1
247587,1
247592,1
247602,1
247605,1
247612,1
247625,1
247634,1
247637,1
247655,1
247663,1
247670,1
247675,1
247692,1
247694,1
247697,2
247702,1
247709,1
247724,1
247732,1
247735,1
247740,1
247742,1
247744,1
247751,1
247762,1
247770,1
247776,1
247781,1
247783,1
247786,1
247788,1
247793,1
247795,1
247813,1
247816,1
247822,1
247835,1
247845,1
247847,1
247854,1
247863,2
247866,2
247875,1
247879,1
247886,1
247889,1
247891,1
247893,1
247896,2
247899,1
247906,1
247908,1
247911,2
247931,2
247934,1
247937,1
247940,2
247943,2
247949,1
247951,1
247958,1
247962,1
247983,1
247989,1
247991,1
247998,1
248000,1
248004,1
248010,1
248017,1
248019,1
248031,1
248036,1
248044,1
248049,1
248060,1
248067,1
248070,1
248072,1
248077,2
248085,1
248089,1
248095,1
248103,1
248109,1
248111,1
248118,1
248126,1
248131,1
248140,1
248148,1
248150,1
248162,1
248167,1
248173,1
248176,1
248181,1
248187,1
248192,1
248196,1
248202,1
248209,1
248211,1
248214,1
248224,1
248226,1
248236,2
248246,2
248248,1
248257,1
248262,1
248276,1
248279,1
248281,1
248283,1
248290,1
248295,1
248300,1
248309,1
248312,1
248315,1
248320,1
248322,1
248325,2
248330,1
248336,1
248338,1
248341,2
248348,1
248354,1
248361,1
248363,1
248368,1
248374,1
248376,1
248383,1
248385,1
248389,1
248397,1
248408,1
248424,1
248441,1
248445,1
248451,1
248457,1
248461,1
248466,1
248470,1
248475,1
248477,1
248481,1
248488,1
248490,1
248492,1
248495,1
248500,1
248505,1
248507,1
248513,1
248524,1
248529,1
248531,1
248538,1
248549,1
248551,1
248560,1
248562,1
248566,1
248571,1
248580,1
248584,1
248588,1
248594,1
248598,1
248602,1
248605,1
248607,1
248609,1
248618,1
248621,1
248623,1
248629,1
248634,1
248636,1
248639,1
248647,2
248650,2
248652,1
248657,1
248660,1
248663,1
248667,1
248671,1
248676,1
248681,1
248687,1
248699,1
248704,1
248709,1
248711,1
248713,1
248715,1
248720,1
248731,1
248733,1
248735,1
248748,1
248756,2
248758,1
248762,1
248765,1
248776,1
248779,1
248785,1
248797,1
248799,1
248810,1
248813,1
248816,1
248821,1
248824,1
248830,1
248833,2
248836,1
248840,1
248847,1
248850,1
248852,1
248856,1
248860,1
248863,1
248866,1
248870,2
248887,1
248889,1
248893,2
248902,1
248909,2
248911,1
248914,2
248917,1
248919,1
248926,1
248939,1
248941,1
248943,1
248946,1
248949,1
248955,1
248968,1
248974,1
248984,1
248992,1
248995,1
248997,1
249002,1
249009,1
249014,1
249017,1
249026,1
249037,1
249041,1
249043,1
249046,2
249051,1
249062,1
249067,1
249071,1
249073,1
249075,1
249077,1
249079,1
249090,1
249094,1
249096,1
249098,1
249101,1
249109,1
249115,1
249122,1
249133,1
249135,1
249137,1
249140,1
249153,1
249156,2
249159,1
249163,1
249167,1
249170,1
249178,1
249181,2
249197,1
249201,1
249206,1
249214,1
249216,1
249218,1
249222,1
249226,1
249233,1
249235,1
249237,1
249245,1
249252,1
249258,1
249261,1
249270,1
249283,1
249293,1
249298,1
249305,1
249310,1
249329,1
249332,1
249335,1
249350,1
249359,1
249363,1
249367,1
249369,1
249376,1
249379,1
249384,1
249386,1
249388,1
249391,1
249397,1
249401,2
249407,1
249410,1
249414,1
249423,1
249425,1
249428,1
249430,1
249434,1
249437,2
249444,1
249451,1
249453,1
249464,2
249466,1
249469,1
249473,1
249477,1
249481,1
249483,1
249486,1
249492,1
249500,2
249509,1
249514,2
249519,1
249524,1
249531,1
249541,1
249543,1
249545,1
249547,1
249551,1
249555,1
249558,1
249567,1
249577,1
249594,1
249596,1
249630,1
249632,1
249641,1
249644,1
249651,1
249661,1
249665,1
249667,1
249680,2
249683,1
249690,1
249696,1
249705,1
249709,1
249714,1
249717,1
249727,2
249729,1
249731,1
249735,1
249750,2
249756,1
249766,1
249768,1
249779,1
249784,1
249792,1
249797,1
249804,1
249806,1
249816,1
249823,1
249826,1
249830,1
249835,1
249838,2
249840,1
249845,1
249850,1
249861,2
249864,1
249880,1
249888,1
249894,1
249898,1
249905,1
249910,1
249925,1
249928,1
249935,1
249942,1
249944,1
249958,2
249966,1
249970,1
249978,1
249983,1
249988,1
249991,1
249995,1
249997,1
250002,1
250005,1
250007,1
250014,1
250022,1
250029,1
250031,1
250035,1
250040,1
250044,1
250046,1
250048,1
250051,1
250054,1
250064,1
250075,1
250083,1
250094,1
250096,1
250098,1
250100,1
250102,1
250106,1
250108,1
250110,1
250115,2
250128,1
250154,1
250159,1
250167,1
250172,1
250177,1
250183,1
250185,1
250198,1
250206,1
250214,1
250224,2
250229,1
250236,1
250238,1
250253,1
250259,1
250270,1
250272,1
250275,1
250280,1
250282,1
250288,1
250293,1
250308,1
250312,1
250315,1
250322,1
250324,1
250326,1
250328,1
250330,1
250340,1
250344,1
250346,1
250349,1
250354,2
250356,1
250362,1
250366,1
250368,1
250374,2
250382,1
250384,1
250388,1
250391,1
250393,1
250402,1
250412,1
250426,1
250428,1
250433,1
250439,1
250445,1
250452,1
250460,1
250463,1
250465,1
250471,1
250474,1
250477,1
250479,1
250492,1
250497,1
250511,1
250516,1
250523,1
250525,1
250529,1
250533,1
250536,1
250539,1
250562,1
250567,1
250569,1
250571,1
250576,1
250580,1
250585,1
250602,1
250608,1
250614,1
250622,1
250625,1
250627,1
250636,1
250642,1
250649,1
250651,1
250653,1
250671,1
250679,2
250681,1
250694,1
250700,1
250704,1
250706,1
250712,1
250714,1
250717,1
250720,1
250722,1
250725,1
250732,1
250735,1
250737,1
250749,1
250752,1
250755,1
250761,1
250770,1
250779,1
250781,1
250784,1
250791,1
250796,1
250800,1
250810,1
250822,1
250826,1
250829,2
250831,1
250835,1
250861,1
250871,1
250873,1
250883,1
250890,2
250892,1
250899,1
250904,1
250906,1
250910,1
250913,1
250926,1
250928,1
250938,2
250954,1
250957,1
250968,1
250977,1
250988,1
251000,1
251002,1
251019,1
251026,1
251029,1
251045,1
251056,1
251068,1
251079,1
251088,1
251100,1
251102,1
251110,1
251115,1
251121,1
251123,1
251134,1
251144,1
251149,1
251152,1
251157,1
251159,1
251166,2
251170,1
251172,1
251175,1
251178,1
251185,2
251188,1
251193,1
251200,1
251203,1
251216,1
251218,1
251220,1
251233,1
251240,1
251248,1
251259,1
251263,1
251267,1
251272,1
251277,1
251279,1
251287,1
251292,1
251294,1
251300,1
251319,1
251321,1
251323,1
251332,1
251336,1
251347,1
251349,1
251352,1
251354,1
251360,1
251362,1
251373,1
251381,1
251386,1
251389,1
251392,1
251407,1
251409,1
251416,1
251427,1
251437,1
251444,1
251464,1
251468,1
251474,1
251489,1
251493,1
251502,1
251506,1
251519,1
251526,2
251529,1
251544,1
251558,1
251561,1
251565,1
251569,1
251578,2
251584,2
251589,1
251600,1
251603,1
251609,1
251621,1
251626,1
251629,2
251633,1
251635,1
251647,1
251656,1
251662,1
251665,1
251667,1
251671,1
251674,1
251692,1
251696,1
251704,1
251708,1
251710,1
251713,1
251716,1
251718,1
251721,1
251723,1
251730,2
251732,1
251735,1
251739,1
251742,1
251746,2
251752,1
251754,1
251757,1
251766,1
251777,1
251780,1
251784,1
251805,1
251807,1
251823,1
251831,1
251836,1
251851,1
251857,1
251866,1
251875,2
251877,1
251886,1
251889,1
251903,1
251907,1
251916,1
251925,1
251941,1
251967,1
251969,1
251972,1
251974,1
251982,1
251987,1
251990,1
251995,1
251998,1
252003,1
252005,1
252009,1
252011,1
252013,1
252018,1
252027,1
252029,1
252031,1
252033,1
252035,1
252040,1
252042,1
252047,1
252060,1
252062,1
252066,1
252068,1
252087,1
252089,1
252092,1
252099,1
252103,1
252105,1
252109,1
252121,1
252124,1
252128,1
252133,1
252143,1
252152,1
252158,1
252176,1
252184,1
252186,1
252192,1
252200,1
252203,1
252205,1
252207,1
252216,1
252225,1
252227,1
252234,1
252237,1
252241,2
252243,1
252245,1
252249,1
252257,2
252261,2
252264,1
252271,1
252278,1
252282,1
252289,1
252293,1
252295,1
252297,1
252299,1
252303,1
252313,1
252316,1
252330,1
252335,1
252337,1
252341,1
252345,2
252351,1
252361,1
252365,1
252368,1
252375,1
252386,1
252389,2
252393,2
252395,1
252397,1
252399,1
252417,1
252426,1
252428,1
252430,1
252437,1
252444,1
252447,1
252450,1
252455,1
252457,1
252460,1
252465,1
252468,1
252473,1
252476,1
252482,1
252484,1
252488,2
252495,1
252498,2
252502,2
252522,1
252524,1
252527,1
252529,1
252531,1
252539,1
252542,2
252549,1
252569,1
252578,1
252593,1
252603,1
252613,1
252617,1
252631,1
252649,1
252665,1
252675,1
252678,1
252689,1
252691,1
252698,1
252702,1
252715,1
252724,1
252726,1
252728,1
252730,1
252732,1
252742,1
252744,1
252748,1
252752,1
252755,1
252766,1
252769,1
252772,1
252776,2
252778,1
252781,1
252786,1
252788,1
252800,2
252802,1
252806,1
252808,1
252811,1
252813,1
252827,1
252829,1
252832,1
252839,1
252846,1
252848,1
252855,1
252865,1
252868,2
252871,1
252873,1
252878,1
252882,2
252884,1
252891,1
252897,1
252903,1
252905,1
252910,1
252925,2
252927,1
252931,1
252938,1
252943,1
252945,1
252949,1
252951,1
252953,1
252962,1
252966,1
252971,1
252975,2
252978,1
252980,1
252985,1
252987,1
252995,2
253005,2
253012,1
253017,1
253020,1
253023,1
253025,1
253027,1
253031,1
253040,1
253042,1
253046,1
253050,1
253056,1
253067,1
253069,1
253078,1
253080,1
253082,1
253091,1
253098,2
253102,1
253105,1
253109,1
253120,1
253123,1
253137,1
253140,1
253152,1
253159,1
253162,1
253176,2
253186,1
253197,1
253200,1
253211,1
253215,1
253225,1
253230,1
253234,1
253240,1
253246,1
253248,1
253256,2
253263,2
253266,1
253275,1
253279,2
253285,1
253298,1
253303,1
253308,1
253310,1
253315,1
253329,1
253354,1
253358,1
253360,1
253376,1
253378,1
253382,1
253392,1
253394,1
253396,1
253405,1
253415,1
253428,1
253432,2
253436,1
253452,1
253455,1
253457,1
253459,1
253461,1
253469,2
253475,1
253477,1
253484,1
253488,1
253496,1
253498,1
253510,1
253517,1
253523,1
253525,1
253536,1
253538,1
253545,1
253553,1
253558,1
253563,1
253566,1
253569,1
253573,1
253575,1
253577,1
253585,1
253595,1
253601,1
253605,1
253608,1
253623,1
253641,2
253643,1
253647,1
253651,1
253662,1
253666,1
253669,1
253673,1
253676,1
253680,1
253688,1
253704,1
253706,1
253708,1
253711,1
253715,1
253723,1
253725,1
253727,1
253731,1
253737,1
253739,1
253744,1
253750,1
253754,1
253761,1
253764,1
253766,1
253773,1
253796,1
253798,1
253811,1
253818,1
253832,1
253834,1
253842,1
253845,1
253852,1
253858,1
253882,1
253884,1
253892,1
253895,2
253899,2
253906,1
253911,1
253915,1
253917,1
253922,1
253925,1
253928,1
253930,1
253934,1
253941,1
253945,1
253947,1
253957,1
253960,1
253965,1
253968,1
253970,1
253972,1
253978,1
253983,1
253985,1
253989,1
253991,1
253997,2
254019,1
254024,1
254026,1
254032,1
254036,1
254045,1
254047,1
254049,1
254053,1
254059,2
254061,1
254064,1
254067,1
254070,1
254072,1
254074,1
254077,1
254080,1
254093,1
254096,1
254104,1
254111,2
254113,1
254116,1
254131,1
254134,1
254151,1
254158,1
254161,1
254163,1
254165,1
254168,1
254180,1
254182,1
254190,1
254194,1
254206,1
254208,1
254232,1
254236,1
254240,1
254248,1
254251,1
254258,1
254273,1
254275,1
254282,1
254288,1
254290,1
254297,1
254302,1
254304,1
254307,1
254309,1
254313,1
254316,1
254325,1
254330,1
254338,1
254349,1
254351,1
254355,1
254357,1
254362,1
254364,1
254367,1
254374,1
254376,1
254387,1
254391,1
254402,1
254405,1
254408,1
254415,1
254417,1
254426,1
254429,1
254435,1
254445,1
254447,1
254463,1
254466,1
254468,1
254476,1
254479,1
254485,1
254496,1
254513,1
254527,1
254533,1
254538,1
254547,1
254552,1
254555,1
254557,1
254561,1
254565,1
254567,1
254577,1
254579,1
254582,1
254584,1
254595,1
254602,1
254608,1
254612,1
254619,2
254622,1
254631,1
254634,1
254636,1
254642,1
254645,2
254649,1
254665,1
254670,1
254673,1
254675,1
254677,1
254682,1
254688,1
254694,1
254701,1
254720,2
254723,1
254725,1
254732,1
254736,1
254739,1
254743,1
254749,1
254755,1
254761,1
254763,1
254768,1
254770,1
254773,1
254776,2
254784,1
254789,2
254791,1
254796,1
254801,1
254803,1
254807,1
254811,1
254817,1
254819,1
254824,1
254826,1
254829,1
254848,2
254856,1
254859,1
254863,1
254869,1
254877,1
254883,1
254890,1
254896,1
254899,1
254901,1
254903,1
254909,2
254916,1
254929,1
254931,1
254944,1
254951,1
254954,1
254959,1
254968,1
254970,1
254975,1
254979,1
254985,1
254992,1
254996,1
254999,1
255006,1
255015,1
255025,1
255028,1
255035,1
255038,1
255046,1
255050,1
255056,1
255059,1
255064,1
255066,1
255074,1
255076,1
255086,1
255088,1
255091,1
255097,1
255100,1
255108,1
255112,3
255117,1
255128,1
255143,1
255147,1
255161,2
255169,1
255188,1
255212,1
255216,1
255220,1
255224,1
255226,1
255232,1
255234,1
255238,1
255240,1
255244,1
255253,1
255257,1
255263,1
255271,1
255273,1
255275,1
255281,1
255285,1
255288,1
255291,1
255296,1
255301,2
255304,1
255308,1
255310,1
255314,1
255319,1
255321,1
255323,1
255326,1
255330,1
255334,1
255337,2
255342,1
255345,1
255358,1
255361,2
255363,1
255365,1
255376,1
255380,1
255391,1
255396,1
255407,1
255414,1
255417,1
255422,1
255438,1
255440,1
255448,1
255450,1
255454,1
255459,1
255469,1
255471,1
255474,1
255480,1
255486,1
255491,1
255495,1
255509,1
255512,2
255519,1
255526,1
255528,1
255549,1
255551,1
255558,1
255565,1
255568,1
255571,1
255586,1
255589,1
255596,1
255600,1
255603,1
255607,2
255613,1
255618,1
255620,1
255624,1
255633,1
255637,1
255645,1
255649,1
255659,1
255661,1
255666,1
255668,1
255671,1
255676,1
255679,1
255683,1
255689,1
255694,1
255697,2
255704,1
255709,1
255721,1
255725,1
255736,1
255742,1
255744,1
255748,1
255752,1
255756,1
255758,1
255761,1
255765,1
255771,1
255774,1
255776,1
255779,2
255784,1
255795,1
255797,1
255800,1
255816,1
255825,1
255831,1
255844,1
255847,1
255849,1
255855,1
255857,1
255866,2
255872,2
255874,1
255876,1
255880,1
255885,1
255887,1
255889,1
255896,1
255903,1
255912,1
255914,1
255919,1
255921,1
255933,2
255935,1
255937,1
255941,1
255946,1
255948,1
255955,1
255962,1
255964,1
255966,1
255971,1
255974,1
255977,1
255981,1
255983,1
255987,1
255995,1
256002,1
256008,1
256010,1
256014,1
256023,1
256034,1
256039,1
256043,2
256051,1
256056,1
256062,1
256071,1
256079,1
256089,1
256092,1
256101,1
256107,1
256112,1
256126,1
256140,1
256143,1
256153,1
256156,1
256159,1
256171,1
256176,1
256179,1
256186,1
256189,1
256199,1
256201,1
256203,1
256213,1
256220,1
256225,1
256232,1
256236,2
256245,1
256248,1
256252,1
256254,1
256259,1
256262,1
256273,1
256284,1
256287,1
256289,1
256292,1
256297,1
256300,1
256307,1
256309,1
256320,1
256331,1
256346,1
256361,2
256377,1
256379,1
256381,1
256384,1
256391,1
256404,1
256406,1
256409,1
256412,1
256417,1
256422,1
256424,1
256427,1
256432,1
256434,1
256448,1
256457,1
256459,1
256461,1
256474,2
256478,1
256482,1
256493,1
256497,1
256501,1
256523,1
256527,1
256530,1
256537,1
256540,1
256546,1
256555,1
256557,1
256559,1
256568,1
256570,1
256574,1
256580,1
256587,1
256592,1
256598,1
256600,1
256609,1
256613,1
256620,1
256623,1
256626,1
256628,1
256636,2
256644,1
256650,1
256657,1
256660,1
256665,1
256670,1
256678,1
256683,1
256688,1
256692,1
256707,1
256719,1
256729,1
256731,1
256742,1
256746,1
256749,1
256755,1
256758,1
256760,1
256784,1
256786,1
256796,1
256800,1
256808,2
256810,1
256812,1
256821,1
256823,1
256827,1
256838,1
256846,1
256849,1
256858,1
256876,1
256884,1
256886,1
256896,1
256902,1
256906,1
256911,1
256920,1
256926,1
256929,1
256932,1
256937,1
256940,1
256942,1
256946,1
256950,1
256952,1
256963,1
256965,1
256970,1
256974,1
256977,2
256981,1
256992,1
256996,1
257011,1
257019,1
257032,1
257044,1
257046,1
257055,1
257062,1
257073,1
257078,1
257084,1
257087,1
257095,1
257102,1
257107,1
257109,1
257124,1
257133,1
257136,1
257140,1
257146,1
257154,1
257168,1
257170,1
257174,1
257176,1
257179,1
257181,1
257198,1
257204,1
257208,1
257211,1
257215,1
257220,1
257222,1
257224,1
257234,2
257238,1
257240,1
257259,1
257264,1
257272,1
257277,1
257282,1
257286,1
257294,1
257298,1
257310,1
257317,1
257319,1
257322,1
257333,1
257345,1
257348,1
257350,1
257358,1
257361,1
257363,1
257371,1
257374,1
257381,1
257383,1
257391,1
257398,1
257400,1
257412,1
257417,1
257423,1
257430,1
257440,1
257443,1
257447,1
257461,1
257471,2
257474,1
257476,1
257478,1
257480,1
257489,1
257492,1
257507,1
257509,1
257518,1
257521,1
257529,1
257532,1
257538,1
257543,1
257545,1
257547,1
257553,1
257559,1
257567,1
257579,1
257589,1
257593,1
257605,1
257616,1
257620,1
257622,1
257625,1
257628,1
257631,1
257633,1
257635,1
257645,1
257647,1
257661,1
257674,1
257677,1
257679,1
257682,1
257685,1
257688,1
257690,1
257698,1
257703,1
257709,1
257712,1
257715,1
257719,1
257721,1
257723,1
257735,1
257740,1
257748,1
257751,1
257755,1
257766,1
257768,1
257770,1
257772,1
257774,1
257776,1
257785,1
257799,1
257801,1
257806,1
257810,1
257815,1
257817,1
257823,1
257825,1
257827,1
257829,1
257831,1
257833,1
257835,1
257840,1
257847,1
257852,2
257854,1
257858,1
257860,1
257872,1
257874,1
257881,1
257883,1
257888,1
257893,1
257897,1
257899,1
257901,1
257907,1
257914,1
257924,1
257944,1
257962,1
257966,1
257970,2
257975,1
257978,1
257991,1
257998,1
258000,1
258005,1
258009,1
258011,1
258023,1
258025,1
258028,1
258033,1
258040,1
258042,1
258046,1
258048,1
258050,1
258054,1
258063,1
258066,1
258072,1
258084,1
258091,1
258094,1
258098,1
258101,1
258109,1
258117,1
258119,1
258121,1
258123,1
258131,1
258136,1
258143,2
258151,1
258153,1
258155,1
258167,1
258173,1
258176,1
258178,1
258186,1
258190,1
258200,1
258203,1
258205,1
258207,1
258215,1
258218,1
258222,1
258225,1
258227,1
258230,1
258235,1
258237,1
258241,1
258262,1
258264,1
258270,1
258276,1
258281,1
258288,1
258290,1
258298,1
258303,1
258306,1
258315,1
258320,1
258324,1
258333,1
258338,1
258341,1
258343,1
258345,1
258356,1
258367,1
258371,1
258377,1
258382,1
258384,1
258389,1
258392,1
258397,1
258399,1
258403,1
258412,2
258424,1
258428,1
258430,1
258433,1
258438,1
258442,1
258444,1
258447,1
258460,1
258464,1
258466,1
258480,1
258482,1
258484,1
258511,1
258518,1
258524,2
258530,1
258534,1
258537,1
258543,1
258546,1
258548,1
258552,1
258555,1
258558,1
258569,1
258571,1
258579,1
258581,1
258587,1
258594,1
258603,1
258610,1
258612,1
258617,1
258624,1
258640,1
258648,2
258650,1
258659,1
258661,1
258667,1
258671,1
258674,1
258685,1
258687,1
258689,1
258705,1
258710,1
258713,1
258715,1
258719,1
258726,1
258728,1
258730,1
258734,1
258742,1
258745,1
258748,1
258754,1
258756,1
258758,1
258771,1
258773,1
258778,1
258783,1
258798,1
258805,1
258812,1
258815,1
258820,1
258825,1
258827,1
258829,1
258850,1
258854,1
258857,1
258859,1
258863,1
258875,1
258887,1
258892,1
258910,1
258914,1
258925,1
258930,1
258934,1
258936,1
258940,1
258942,1
258948,1
258952,1
258962,1
258971,1
258973,1
258978,1
258981,1
258983,1
258988,1
258990,1
259001,1
259013,1
259022,1
259035,1
259037,1
259039,1
259043,1
259047,1
259050,1
259054,1
259062,1
259066,1
259073,1
259080,1
259083,1
259085,1
259090,1
259093,1
259101,1
259103,1
259107,1
259115,1
259130,1
259140,1
259146,1
259153,1
259160,1
259165,2
259168,2
259177,1
259181,1
259183,1
259189,1
259202,2
259205,1
259211,1
259219,2
259221,1
259225,1
259234,1
259236,1
259242,1
259248,1
259250,1
259254,1
259256,1
259259,1
259264,1
259283,2
259287,1
259289,1
259300,1
259317,1
259321,1
259324,1
259329,1
259332,1
259336,1
259343,1
259346,1
259357,1
259359,1
259369,1
259371,1
259376,1
259379,1
259387,1
259394,1
259397,1
259399,1
259406,1
259408,1
259415,1
259418,1
259421,1
259435,1
259443,1
259450,1
259460,1
259467,2
259480,1
259482,1
259493,1
259495,1
259497,1
259501,1
259504,1
259508,1
259510,1
259513,1
259522,1
259527,1
259541,1
259548,2
259556,1
259562,1
259566,1
259569,1
259571,1
259574,1
259586,2
259589,1
259591,1
259596,1
259602,2
259610,1
259613,1
259618,1
259620,1
259622,1
259625,1
259630,1
259636,1
259643,1
259645,1
259652,1
259654,1
259656,1
259662,1
259666,1
259674,1
259676,1
259686,1
259691,1
259697,1
259700,2
259712,1
259717,1
259720,1
259723,1
259726,1
259737,1
259752,1
259792,1
259797,1
259799,1
259801,1
259804,1
259809,1
259812,1
259814,1
259817,1
259819,1
259823,1
259830,1
259834,1
259840,1
259843,1
259845,1
259850,1
259857,1
259861,1
259865,1
259870,2
259872,1
259881,1
259883,1
259888,1
259898,1
259900,1
259904,1
259906,1
259908,1
259912,1
259914,1
259916,1
259921,1
259925,1
259929,1
259934,1
259936,1
259940,1
259945,1
259948,1
259950,1
259956,1
259960,1
259963,1
259967,1
259969,1
259979,1
259987,1
259994,1
259996,1
260006,2
260015,1
260022,1
260024,1
260027,1
260029,1
260034,1
260051,1
260056,1
260089,1
260098,1
260102,1
260115,1
260119,2
260130,1
260133,1
260136,1
260151,1
260164,1
260167,1
260170,1
260173,1
260177,1
260179,1
260184,1
260193,1
260195,1
260201,1
260209,1
260214,1
260222,1
260229,1
260239,1
260242,1
260246,1
260248,1
260251,1
260262,1
260267,2
260270,1
260272,1
260280,1
260283,1
260288,1
260291,1
260295,1
260298,1
260300,1
260303,2
260308,1
260315,1
260318,1
260320,1
260326,1
260328,1
260333,1
260340,1
260344,1
260351,2
260361,1
260363,1
260365,1
260382,1
260390,1
260392,1
260396,1
260399,2
260402,1
260405,1
260407,1
260409,1
260421,1
260429,1
260437,1
260439,1
260444,1
260448,1
260454,1
260457,1
260462,1
260470,1
260484,1
260496,1
260511,2
260517,1
260523,1
260528,1
260532,1
260536,1
260540,1
260542,1
260548,1
260557,1
260560,1
260562,1
260568,1
260571,1
260574,1
260577,1
260582,1
260585,1
260592,1
260595,1
260601,1
260611,1
260614,1
260625,1
260640,1
260649,1
260653,1
260655,1
260659,1
260661,1
260663,1
260666,1
260674,1
260682,1
260686,1
260693,1
260695,1
260699,1
260702,1
260706,1
260709,1
260718,1
260720,1
260725,1
260729,1
260732,1
260738,1
260745,1
260747,1
260752,1
260756,1
260765,1
260784,1
260787,1
260796,1
260801,1
260803,1
260806,1
260817,1
260825,1
260827,1
260833,1
260836,1
260839,1
260845,1
260852,1
260855,1
260858,1
260864,1
260877,1
260896,1
260901,1
260909,1
260915,1
260919,1
260921,1
260925,1
260935,2
260937,1
260941,1
260948,2
260951,1
260961,1
260979,1
260981,1
260983,1
260986,1
260992,1
260998,1
261000,1
261006,2
261008,1
261011,1
261015,1
261024,1
261039,1
261044,1
261046,1
261055,1
261057,1
261064,1
261067,1
261070,1
261074,1
261086,1
261089,1
261091,1
261096,1
261099,1
261103,1
261105,1
261107,1
261110,1
261113,1
261116,1
261127,1
261137,1
261145,1
261150,1
261154,1
261158,1
261163,1
261170,1
261174,1
261176,1
261188,1
261199,1
261202,1
261204,1
261213,1
261220,1
261226,1
261228,1
261236,1
261239,1
261246,1
261252,1
261255,1
261260,1
261263,1
261268,1
261272,1
261274,1
261292,2
261295,1
261298,1
261306,1
261308,1
261312,1
261314,1
261317,1
261319,1
261328,2
261334,1
261338,1
261346,1
261355,1
261361,1
261363,1
261375,1
261386,1
261388,1
261390,1
261393,1
261399,1
261405,1
261418,1
261426,1
261443,1
261445,1
261458,1
261460,1
261462,1
261464,1
261466,1
261468,1
261470,1
261476,1
261485,2
261493,1
261495,1
261501,1
261507,1
261512,2
261516,1
261526,1
261528,1
261530,1
261539,1
261542,1
261544,1
261549,2
261556,1
261560,1
261562,1
261564,1
261586,1
261593,1
261596,1
261598,1
261601,1
261604,1
261616,1
261619,1
261622,1
261635,1
261640,1
261646,1
261653,1
261655,1
261658,1
261662,1
261669,1
261675,1
261681,1
261686,1
261698,1
261708,1
261711,1
261721,1
261723,1
261728,1
261739,1
261746,1
261748,1
261751,1
261754,1
261758,1
261762,1
261766,1
261788,1
261794,1
261801,1
261804,1
261806,1
261808,1
261813,1
261820,1
261822,1
261827,2
261829,1
261838,1
261844,1
261846,1
261856,1
261869,1
261874,1
261876,1
261884,1
261892,1
261900,1
261902,1
261909,1
261922,1
261929,1
261931,1
261938,1
261940,1
261949,1
261951,1
261960,1
261962,1
261968,1
261972,1
261980,1
261983,1
261986,1
261990,2
261997,1
262000,1
262004,1
262010,1
262022,1
262027,1
262035,1
262040,2
262044,1
262057,1
262060,1
262067,1
262077,1
262085,1
262090,2
262092,1
262105,1
262107,1
262113,2
262117,1
262120,1
262123,1
262128,1
262131,1
262133,1
262135,1
262137,1
262140,1
262142,1
262155,1
262160,1
262163,1
262168,1
262172,1
262174,1
262184,1
262187,1
262193,1
262200,1
262206,1
262215,1
262218,1
262225,1
262241,1
262243,1
262245,1
262252,1
262264,1
262269,1
262272,1
262274,1
262277,1
262287,1
262290,1
262298,1
262300,1
262302,1
262305,1
262307,1
262309,1
262324,1
262329,1
262335,1
262337,1
262341,1
262352,1
262354,1
262357,1
262363,1
262380,1
262382,1
262394,1
262398,1
262404,1
262408,1
262413,1
262415,1
262417,1
262419,1
262424,1
262434,1
262440,1
262448,1
262450,1
262453,1
262465,1
262475,1
262489,1
262493,1
262498,1
262507,1
262512,1
262516,1
262532,1
262535,1
262543,1
262547,1
262550,1
262552,1
262554,1
262559,1
262567,2
262569,1
262571,1
262576,1
262600,1
262606,1
262611,1
262621,1
262625,2
262628,2
262631,1
262633,1
262637,1
262649,1
262654,1
262656,1
262658,1
262663,1
262674,2
262678,1
262682,1
262696,1
262704,1
262713,1
262715,1
262729,1
262737,1
262747,1
262753,1
262758,1
262760,1
262762,1
262764,1
262776,1
262779,1
262795,1
262797,1
262799,1
262808,2
262811,1
262819,1
262827,1
262829,1
262832,1
262835,1
262841,1
262845,1
262850,2
262852,1
262855,2
262869,1
262871,1
262877,1
262881,1
262892,1
262901,1
262908,1
262910,1
262912,1
262916,2
262925,1
262928,1
262931,2
262936,1
262943,1
262947,1
262950,2
262952,1
262956,1
262965,1
262968,1
262973,1
262982,1
262985,1
262999,1
263001,1
263003,1
263009,1
263020,1
263025,1
263029,1
263034,1
263038,1
263049,1
263062,1
263069,1
263080,1
263090,1
263092,1
263096,1
263098,1
263102,1
263111,1
263117,1
263122,2
263126,1
263136,1
263138,1
263140,1
263151,1
263157,1
263165,1
263172,1
263174,1
263176,1
263179,1
263184,1
263191,1
263201,1
263203,1
263205,1
263212,1
263215,1
263218,1
263231,1
263246,1
263248,1
263250,1
263256,1
263258,1
263266,1
263274,1
263281,1
263287,1
263290,1
263292,1
263295,2
263297,1
263313,1
263325,1
263327,1
263329,1
263332,1
263337,1
263345,1
263350,1
263357,1
263362,1
263364,1
263366,1
263376,2
263379,1
263384,1
263397,1
263402,1
263406,1
263408,1
263411,1
263419,1
263423,1
263425,1
263427,1
263429,1
263443,1
263445,1
263462,1
263464,1
263467,1
263483,2
263503,1
263509,1
263512,1
263516,1
263521,1
263523,1
263537,1
263545,1
263556,2
263563,1
263572,1
263586,1
263589,1
263592,1
263595,1
263612,1
263617,1
263627,1
263629,1
263632,1
263634,1
263638,1
263648,1
263651,1
263655,1
263659,1
263670,2
263674,1
263686,1
263689,1
263700,1
263703,1
263711,1
263720,1
263724,1
263727,1
263737,1
263741,1
263753,1
263761,1
263763,1
263767,1
263775,1
263780,1
263786,2
263788,1
263791,2
263793,1
263801,1
263806,2
263818,1
263821,1
263823,1
263826,1
263832,1
263841,1
263851,1
263859,1
263889,1
263891,1
263896,1
263901,1
263923,1
263925,1
263935,1
263937,1
263948,1
263952,1
263954,1
263972,1
263984,1
263994,2
263996,1
263998,1
264000,1
264006,1
264015,1
264024,1
264029,2
264032,1
264038,1
264048,1
264053,2
264064,1
264066,1
264083,1
264085,1
264087,1
264092,1
264099,1
264105,1
264107,1
264117,1
264124,1
264130,1
264132,1
264138,1
264142,1
264145,2
264159,1
264161,1
264163,1
264167,1
264171,1
264178,1
264182,1
264188,1
264192,1
264198,1
264201,2
264203,1
264215,1
264219,1
264232,1
264236,1
264238,1
264242,2
264247,1
264255,1
264257,1
264260,1
264266,1
264276,2
264281,1
264285,1
264292,1
264298,1
264302,1
264309,1
264320,1
264327,1
264332,1
264337,1
264342,1
264349,1
264352,1
264360,1
264368,1
264370,1
264375,1
264377,1
264379,1
264386,1
264389,1
264391,1
264394,1
264397,1
264404,1
264406,1
264409,1
264412,2
264414,1
264417,1
264438,1
264443,1
264447,1
264454,1
264463,2
264480,1
264482,1
264486,1
264493,1
264497,1
264503,1
264505,1
264507,1
264519,1
264533,1
264535,1
264538,1
264543,1
264545,1
264551,1
264561,2
264564,1
264571,1
264573,1
264578,1
264583,1
264585,1
264587,1
264592,1
264594,1
264596,1
264606,1
264613,1
264615,1
264618,1
264621,1
264623,1
264639,1
264642,1
264644,1
264649,1
264653,1
264655,1
264659,1
264663,1
264667,2
264669,1
264677,1
264687,1
264700,1
264703,1
264706,1
264715,1
264717,1
264721,1
264737,1
264741,1
264751,1
264753,1
264758,2
264766,1
264769,1
264774,1
264779,2
264794,1
264802,1
264806,1
264810,1
264815,1
264818,1
264825,1
264828,1
264836,1
264841,1
264843,1
264846,1
264863,1
264868,1
264870,1
264875,1
264881,1
264883,1
264885,1
264887,1
264892,1
264902,2
264904,1
264908,2
264911,2
264917,1
264923,1
264931,1
264945,1
264947,1
264950,1
264953,1
264962,1
264964,1
264967,1
264973,1
264979,2
264982,1
264989,1
264994,1
265009,1
265011,1
265015,1
265019,1
265022,1
265024,1
265033,1
265037,1
265046,1
265048,1
265053,1
265055,1
265061,1
265063,1
265065,1
265070,1
265074,1
265078,1
265081,1
265087,1
265095,1
265098,2
265101,1
265104,1
265110,1
265112,1
265114,1
265117,1
265126,1
265128,1
265130,1
265132,1
265141,1
265150,1
265153,1
265162,1
265168,1
265175,1
265181,1
265185,1
265187,1
265190,1
265195,1
265204,1
265206,1
265218,1
265220,1
265226,1
265231,1
265245,1
265262,1
265267,1
265272,1
265282,1
265284,1
265288,1
265291,1
265301,1
265308,1
265315,1
265320,1
265322,1
265325,1
265337,1
265341,2
265347,1
265351,1
265358,1
265361,1
265367,1
265370,1
265394,1
265400,1
265406,1
265409,1
265411,1
265418,1
265421,1
265427,1
265432,1
265436,2
265444,1
265452,1
265464,1
265478,1
265484,1
265486,1
265491,1
265495,1
265504,1
265510,1
265512,1
265515,1
265518,1
265523,1
265531,2
265539,1
265541,1
265545,1
265551,1
265554,1
265558,1
265560,1
265563,1
265571,1
265577,1
265579,1
265587,1
265591,1
265593,1
265597,1
265600,1
265608,2
265641,1
265645,1
265647,1
265650,1
265661,1
265667,1
265679,1
265684,2
265696,1
265699,1
265706,1
265708,1
265720,1
265725,1
265734,1
265742,2
265753,1
265758,2
265763,1
265772,1
265775,1
265779,1
265792,1
265797,1
265802,1
265806,1
265835,1
265840,1
265848,1
265851,2
265854,1
265856,1
265867,1
265876,1
265880,1
265882,1
265893,1
265899,1
265903,1
265910,2
265915,1
265920,1
265926,1
265930,1
265935,2
265937,1
265944,1
265946,1
265962,1
265965,2
265969,1
265971,1
265978,1
265983,1
265988,2
265990,1
265997,1
266003,1
266009,1
266011,1
266016,1
266023,1
266025,1
266029,1
266033,1
266042,1
266052,1
266059,1
266062,1
266069,1
266072,1
266075,1
266085,1
266087,1
266089,1
266106,1
266113,1
266115,1
266119,1
266123,2
266132,1
266136,1
266140,1
266145,1
266147,1
266150,1
266155,1
266163,1
266166,1
266178,1
266188,1
266191,1
266196,1
266200,1
266206,1
266209,1
266213,1
266216,1
266228,1
266241,1
266243,1
266245,1
266253,1
266255,1
266257,1
266264,1
266269,1
266284,1
266287,1
266289,1
266292,1
266294,1
266296,1
266301,1
266305,1
266309,1
266326,1
266328,1
266330,1
266333,1
266348,1
266361,1
266363,1
266365,1
266374,1
266384,1
266388,1
266400,1
266404,2
266411,1
266414,1
266417,1
266422,1
266427,2
266430,1
266435,1
266439,1
266443,1
266445,1
266447,1
266450,1
266461,1
266465,1
266473,1
266475,1
266485,1
266489,1
266494,1
266505,1
266508,2
266516,1
266520,1
266523,1
266525,1
266529,2
266537,1
266539,1
266542,1
266544,1
266546,1
266552,1
266554,1
266557,1
266559,1
266562,1
266567,2
266577,1
266584,1
266599,1
266601,1
266604,1
266606,1
266616,1
266629,1
266631,1
266638,1
266640,1
266642,1
266651,1
266654,2
266656,1
266664,1
266666,1
266669,1
266678,1
266681,1
266689,2
266692,1
266699,1
266702,1
266706,1
266718,1
266721,2
266728,2
266734,1
266753,1
266755,1
266762,1
266767,2
266770,1
266774,1
266776,1
266780,1
266784,1
266793,1
266798,1
266810,1
266815,1
266820,1
266825,1
266827,1
266837,1
266840,1
266851,1
266856,1
266860,2
266866,1
266868,1
266878,1
266893,1
266895,1
266904,1
266906,1
266912,1
266919,1
266921,1
266927,1
266932,1
266935,1
266952,1
266957,1
266969,1
266972,1
266980,1
266982,1
267003,1
267006,1
267012,1
267019,1
267029,1
267031,1
267035,1
267038,1
267042,1
267044,1
267052,1
267061,1
267066,1
267070,1
267076,1
267080,1
267086,1
267088,1
267093,2
267098,1
267103,1
267105,1
267107,1
267119,1
267126,1
267128,1
267133,1
267136,1
267141,1
267147,2
267158,1
267160,1
267162,1
267166,2
267173,1
267180,1
267189,1
267191,1
267195,1
267209,1
267218,1
267222,1
267224,1
267229,1
267236,1
267243,1
267260,1
267262,1
267269,1
267277,1
267279,1
267289,1
267296,1
267304,1
267309,1
267313,1
267316,1
267320,1
267325,1
267327,1
267332,1
267337,1
267347,1
267350,1
267352,1
267355,2
267366,1
267375,2
267383,1
267399,1
267405,1
267407,1
267416,1
267418,1
267420,1
267428,1
267442,1
267445,1
267450,1
267465,1
267473,2
267475,1
267478,1
267485,1
267487,1
267504,1
267506,1
267509,1
267512,1
267517,1
267524,1
267529,1
267533,1
267538,1
267540,1
267546,2
267551,2
267554,1
267563,2
267566,2
267572,1
267574,1
267582,1
267588,1
267591,1
267597,1
267600,1
267604,1
267612,1
267614,1
267616,1
267620,1
267623,1
267627,1
267638,1
267647,1
267662,1
267665,1
267672,1
267677,1
267686,1
267689,1
267694,1
267697,2
267700,1
267707,1
267722,1
267726,1
267743,1
267751,1
267754,1
267762,1
267765,1
267772,1
267779,1
267786,1
267788,1
267795,1
267803,1
267806,1
267812,1
267814,1
267820,1
267822,1
267830,1
267840,1
267847,1
267849,1
267864,1
267866,1
267868,1
267871,1
267880,1
267888,1
267897,1
267900,1
267904,1
267907,1
267917,1
267924,1
267930,1
267937,1
267940,1
267944,1
267951,1
267953,1
267960,1
267970,1
267972,1
267976,1
267982,2
267987,1
267992,1
267994,1
268004,1
268006,1
268017,1
268020,2
268023,2
268028,1
268033,1
268041,1
268049,1
268057,2
268067,1
268071,1
268078,1
268080,1
268085,1
268096,2
268098,1
268116,1
268123,1
268128,1
268130,1
268133,1
268136,1
268141,1
268143,1
268145,1
268153,2
268157,1
268161,1
268171,1
268173,1
268177,1
268179,1
268183,1
268190,1
268192,1
268199,1
268208,1
268211,1
268213,1
268223,1
268233,1
268238,1
268242,1
268254,1
268259,2
268264,1
268267,1
268275,1
268281,1
268286,1
268293,1
268295,1
268301,1
268304,1
268308,1
268326,1
268328,1
268332,1
268335,1
268338,1
268347,1
268352,1
268362,2
268364,1
268367,1
268372,2
268376,1
268381,1
268384,1
268387,1
268394,1
268397,1
268400,2
268403,1
268411,1
268417,1
268433,1
268435,1
268448,1
268452,1
268454,1
268456,1
268462,1
268468,1
268471,1
268481,1
268485,1
268487,1
268505,1
268507,1
268521,1
268523,1
268529,1
268538,1
268541,1
268545,1
268564,2
268567,1
268575,1
268577,1
268579,1
268582,1
268586,1
268590,1
268593,1
268597,1
268606,1
268625,1
268641,1
268649,1
268655,1
268662,1
268664,1
268668,1
268671,1
268674,1
268685,1
268689,1
268701,1
268705,1
268718,1
268721,1
268731,1
268734,1
268737,1
268753,1
268762,1
268767,1
268776,1
268779,1
268782,2
268797,1
268799,1
268804,1
268813,1
268832,1
268836,2
268842,1
268847,2
268849,1
268856,1
268858,1
268866,1
268868,1
268885,1
268888,1
268895,1
268900,1
268902,1
268905,1
268909,1
268912,1
268918,1
268921,1
268923,1
268926,1
268928,1
268930,1
268943,1
268948,1
268950,1
268953,1
268957,1
268961,1
268964,1
268973,1
268979,2
268986,1
268996,1
268998,1
269008,1
269010,1
269016,1
269021,1
269025,1
269027,1
269030,2
269039,1
269041,1
269063,1
269068,1
269070,1
269072,1
269074,1
269080,1
269082,1
269092,1
269095,1
269097,1
269104,2
269106,1
269109,1
269135,1
269150,1
269158,2
269160,1
269166,1
269181,1
269192,1
269195,1
269201,1
269207,1
269215,1
269222,1
269228,1
269231,1
269234,1
269238,1
269240,1
269252,2
269266,1
269274,2
269281,2
269283,1
269288,1
269292,2
269303,1
269311,1
269314,1
269316,1
269319,1
269321,1
269328,1
269340,1
269344,2
269346,1
269352,1
269356,1
269359,1
269363,1
269367,1
269373,1
269376,1
269378,1
269385,1
269387,1
269393,1
269399,1
269401,1
269404,1
269409,1
269414,1
269416,1
269421,1
269423,1
269427,2
269430,1
269432,1
269436,1
269438,1
269441,1
269445,1
269454,1
269456,1
269462,1
269465,2
269468,1
269470,1
269472,1
269481,1
269487,1
269498,1
269513,2
269515,1
269522,1
269527,1
269534,1
269540,1
269542,1
269546,1
269549,2
269555,1
269557,1
269563,1
269568,1
269574,1
269576,1
269578,1
269586,1
269599,1
269602,1
269611,1
269613,1
269616,1
269620,1
269625,1
269632,1
269637,1
269645,2
269647,1
269652,1
269656,2
269663,1
269666,1
269673,1
269683,1
269687,1
269690,1
269696,1
269705,1
269709,1
269715,1
269717,1
269719,1
269721,1
269726,2
269728,1
269730,1
269734,1
269741,2
269748,2
269757,1
269760,1
269766,1
269769,1
269774,1
269778,1
269784,1
269788,1
269790,1
269792,1
269797,1
269803,1
269806,2
269808,1
269811,1
269820,1
269824,1
269832,1
269835,1
269840,1
269848,2
269850,1
269854,1
269864,2
269872,1
269875,1
269891,1
269899,1
269912,1
269915,1
269922,1
269932,1
269935,1
269940,2
269945,1
269950,1
269953,1
269956,1
269958,1
269965,1
269969,1
269971,1
269978,1
269982,1
269984,1
269990,1
269996,1
269999,1
270002,1
270010,1
270012,1
270014,1
270017,2
270023,1
270026,1
270034,1
270036,1
270039,1
270043,1
270046,1
270050,1
270058,1
270063,1
270066,1
270073,1
270077,1
270081,1
270104,1
270116,1
270126,1
270128,1
270136,1
270144,1
270148,1
270150,1
270158,1
270166,1
270190,1
270192,1
270196,1
270203,1
270205,1
270218,1
270222,1
270224,1
270232,1
270235,1
270238,1
270241,1
270249,1
270258,1
270262,1
270269,1
270272,1
270275,1
270278,1
270281,1
270284,2
270296,1
270299,1
270302,2
270319,1
270325,1
270328,1
270334,1
270336,1
270341,1
270344,1
270349,1
270353,1
270355,1
270366,1
270371,1
270384,2
270387,1
270392,1
270397,1
270399,1
270401,1
270403,1
270416,2
270419,1
270432,2
270442,1
270448,1
270464,1
270466,1
270468,1
270470,1
270472,1
270479,1
270485,2
270488,1
270490,1
270495,1
270497,1
270499,1
270506,1
270513,2
270528,1
270531,1
270545,1
270550,1
270559,1
270565,1
270578,1
270581,1
270583,1
270595,1
270606,1
270612,1
270614,1
270623,1
270639,1
270651,1
270654,1
270660,2
270666,1
270673,1
270685,1
270689,1
270692,1
270696,1
270701,1
270705,1
270708,1
270726,1
270739,1
270741,1
270749,1
270752,1
270764,1
270769,1
270772,1
270783,1
270788,1
270790,1
270792,1
270803,2
270807,1
270810,1
270812,1
270816,1
270822,1
270827,1
270830,1
270832,1
270834,1
270845,1
270847,1
270851,1
270860,1
270866,1
270869,1
270871,1
270882,1
270891,1
270905,1
270914,1
270923,1
270933,1
270971,1
270974,1
270978,1
270986,1
270988,1
270990,1
270997,1
271001,1
271008,1
271012,1
271016,1
271021,1
271025,2
271039,1
271051,1
271056,1
271061,1
271065,1
271071,1
271082,2
271084,1
271087,1
271090,1
271095,1
271099,2
271108,1
271115,1
271128,1
271138,2
271142,1
271145,2
271150,1
271152,1
271156,1
271165,1
271167,1
271170,1
271173,1
271178,1
271180,1
271183,1
271191,1
271200,1
271208,1
271226,1
271228,1
271234,1
271236,1
271241,1
271245,1
271247,1
271260,1
271263,1
271274,1
271277,1
271280,1
271283,1
271289,1
271293,1
271297,1
271304,1
271323,1
271327,1
271334,1
271347,1
271360,1
271363,2
271373,1
271375,1
271377,1
271380,1
271383,1
271390,1
271395,2
271397,1
271407,1
271425,1
271432,1
271434,1
271437,1
271451,1
271466,1
271471,1
271474,1
271477,1
271479,1
271481,1
271495,3
271501,1
271507,1
271514,1
271516,1
271523,1
271525,1
271535,1
271546,1
271564,1
271569,1
271573,1
271576,1
271580,1
271585,1
271590,1
271596,1
271599,1
271603,1
271605,1
271611,1
271616,1
271618,1
271624,1
271628,1
271631,2
271635,1
271640,1
271646,1
271648,1
271655,1
271658,1
271664,2
271666,1
271672,1
271682,1
271688,1
271708,1
271710,1
271722,1
271731,1
271734,1
271755,1
271763,1
271775,1
271777,1
271782,2
271798,1
271804,1
271806,1
271813,1
271818,1
271827,1
271832,1
271836,1
271838,1
271843,1
271845,1
271848,1
271850,1
271853,1
271857,1
271859,1
271871,1
271875,1
271884,1
271887,1
271892,1
271899,1
271905,1
271909,1
271913,1
271917,1
271923,1
271926,1
271935,2
271952,1
271965,2
271969,1
271973,1
271984,1
271986,1
271990,1
271994,2
272006,1
272009,2
272017,1
272019,1
272021,1
272029,1
272032,1
272043,1
272048,1
272052,1
272055,1
272061,1
272068,1
272070,1
272073,1
272079,1
272081,1
272085,1
272092,1
272095,1
272106,1
272113,1
272116,1
272141,1
272146,1
272150,1
272161,1
272176,1
272179,1
272190,1
272192,1
272194,1
272197,1
272204,1
272210,1
272216,1
272229,2
272239,1
272242,1
272252,1
272257,1
272273,1
272281,1
272302,1
272309,1
272311,1
272316,1
272320,1
272323,1
272337,1
272339,1
272341,1
272345,1
272347,1
272356,1
272367,1
272377,1
272382,1
272387,1
272392,1
272395,1
272397,1
272414,1
272418,1
272421,1
272426,1
272432,1
272450,1
272459,1
272465,1
272470,1
272474,1
272492,1
272495,1
272501,1
272510,1
272516,1
272520,1
272527,1
272542,1
272547,1
272552,1
272554,1
272563,1
272566,1
272569,1
272571,1
272574,1
272578,1
272580,1
272587,1
272591,1
272595,1
272608,1
272611,1
272618,1
272629,1
272636,1
272640,1
272647,1
272649,1
272655,1
272674,2
272678,1
272682,1
272685,1
272687,1
272698,2
272701,1
272705,1
272707,1
272711,1
272715,1
272725,2
272727,1
272729,1
272733,1
272740,1
272742,1
272749,1
272751,1
272757,1
272759,1
272763,1
272766,1
272768,1
272773,1
272779,1
272783,1
272788,1
272796,1
272798,1
272802,1
272806,1
272810,1
272814,1
272822,1
272830,1
272835,1
272837,1
272857,2
272863,1
272868,1
272870,1
272872,1
272879,1
272883,1
272886,1
272888,1
272894,1
272899,1
272901,1
272905,1
272908,1
272912,1
272919,1
272922,1
272927,1
272932,1
272942,1
272945,1
272952,1
272956,1
272958,1
272964,1
272966,1
272971,1
272978,1
272984,1
272988,1
272991,1
272998,2
273003,1
273008,1
273020,1
273024,1
273026,1
273035,1
273037,1
273041,1
273043,1
273047,1
273053,1
273059,1
273061,1
273075,2
273088,1
273096,1
273101,1
273103,1
273105,1
273108,1
273114,1
273120,1
273122,1
273125,1
273130,1
273138,2
273143,1
273145,1
273148,1
273152,1
273157,1
273160,1
273173,2
273178,2
273184,1
273193,1
273198,1
273203,1
273206,1
273208,1
273210,1
273216,1
273221,2
273233,1
273242,1
273250,1
273260,1
273265,1
273269,1
273273,1
273282,1
273288,1
273295,1
273297,1
273303,1
273309,1
273314,1
273324,1
273328,1
273331,1
273333,1
273345,1
273349,2
273352,1
273361,1
273364,1
273367,1
273377,1
273384,1
273386,1
273408,1
273410,1
273418,1
273423,1
273445,1
273449,1
273451,1
273454,1
273456,1
273458,1
273466,1
273470,1
273473,1
273481,1
273483,1
273490,2
273500,2
273503,1
273505,1
273517,1
273521,1
273531,2
273538,1
273543,1
273545,1
273548,1
273551,1
273555,1
273557,1
273559,1
273563,1
273577,1
273582,1
273585,1
273588,1
273590,1
273594,1
273615,1
273621,1
273624,1
273633,1
273635,1
273637,1
273639,1
273650,1
273654,1
273660,1
273666,1
273668,1
273670,1
273686,1
273690,1
273695,1
273714,1
273716,1
273718,1
273736,1
273738,1
273747,1
273753,1
273757,1
273770,1
273772,1
273774,1
273776,1
273783,1
273786,1
273792,1
273797,1
273802,1
273804,1
273810,1
273833,1
273840,1
273843,1
273847,1
273854,1
273857,1
273865,1
273869,1
273872,1
273877,1
273891,2
273898,1
273900,1
273912,1
273921,1
273925,2
273927,1
273930,1
273935,1
273938,2
273941,1
273946,1
273954,1
273956,1
273964,1
273977,1
273981,1
273985,1
273993,1
274005,1
274007,1
274011,1
274014,1
274017,1
274027,2
274046,1
274051,1
274054,1
274059,1
274064,1
274072,2
274083,1
274085,1
274089,1
274091,1
274096,1
274104,1
274114,1
274118,2
274123,1
274128,1
274131,1
274135,1
274140,1
274143,1
274146,1
274149,1
274159,1
274166,1
274168,1
274171,1
274177,1
274179,1
274184,1
274200,1
274203,1
274217,1
274220,1
274229,1
274243,1
274250,1
274259,1
274265,1
274268,1
274272,1
274280,1
274283,1
274285,1
274288,1
274290,1
274299,1
274304,1
274310,1
274313,1
274321,2
274323,1
274330,2
274335,1
274339,1
274341,1
274346,1
274357,1
274359,1
274362,1
274367,1
274374,1
274376,1
274395,1
274398,1
274401,1
274413,1
274425,1
274432,1
274434,1
274442,1
274453,1
274455,1
274461,1
274466,1
274478,2
274483,1
274494,1
274500,1
274502,1
274508,1
274510,1
274514,2
274520,1
274527,1
274535,1
274546,1
274550,1
274558,1
274560,1
274563,1
274565,1
274567,1
274570,1
274586,1
274588,1
274597,2
274600,1
274602,1
274608,1
274610,1
274614,1
274617,1
274625,1
274628,1
274630,1
274632,1
274634,1
274644,2
274650,2
274652,1
274658,1
274661,1
274664,1
274668,2
274677,1
274685,1
274691,1
274707,1
274716,1
274720,2
274722,1
274730,1
274733,1
274735,1
274737,1
274741,1
274748,1
274750,1
274752,1
274755,2
274761,1
274777,1
274788,1
274790,1
274798,2
274801,1
274803,1
274807,1
274812,1
274821,1
274824,1
274832,1
274834,1
274840,1
274843,1
274848,1
274850,1
274867,1
274870,1
274873,1
274884,1
274887,2
274891,1
274894,1
274897,1
274901,1
274906,1
274909,1
274912,1
274928,1
274937,1
274943,1
274946,1
274950,1
274954,1
274957,1
274967,1
274969,1
274971,1
274978,1
274980,1
274982,1
274984,1
274992,1
274995,1
275006,1
275016,1
275019,2
275023,2
275026,1
275028,1
275030,1
275035,1
275047,1
275053,1
275069,1
275072,1
275080,1
275086,1
275099,1
275107,1
275116,1
275120,1
275127,1
275136,1
275143,1
275151,1
275163,1
275171,1
275174,1
275176,1
275188,1
275198,1
275201,1
275215,1
275221,1
275227,1
275236,1
275239,1
275241,1
275243,1
275248,1
275251,1
275254,1
275258,1
275270,1
275281,1
275285,1
275291,1
275300,1
275303,1
275307,1
275313,1
275315,1
275318,1
275324,1
275326,1
275329,1
275336,1
275340,1
275343,1
275347,1
275349,1
275357,1
275359,1
275365,1
275367,1
275372,1
275377,1
275381,1
275385,1
275397,1
275403,1
275405,1
275410,1
275412,1
275414,1
275418,1
275421,1
275423,1
275427,1
275433,2
275443,1
275448,1
275450,1
275452,1
275456,1
275459,1
275462,1
275476,1
275481,1
275484,1
275487,1
275489,1
275497,1
275510,1
275526,1
275530,1
275534,1
275542,1
275553,1
275558,1
275560,1
275563,1
275587,1
275589,1
275597,1
275615,1
275624,1
275632,2
275644,1
275647,1
275651,1
275664,2
275672,1
275679,1
275683,1
275691,1
275694,1
275698,1
275701,1
275707,1
275719,1
275724,1
275727,1
275730,2
275732,1
275734,1
275737,1
275745,1
275748,1
275753,1
275760,1
275764,1
275772,1
275775,1
275780,1
275782,1
275792,1
275794,1
275796,1
275798,1
275801,1
275804,1
275807,1
275811,1
275821,2
275823,1
275826,1
275830,1
275835,2
275837,1
275841,1
275844,1
275846,1
275852,1
275861,1
275866,1
275871,1
275876,1
275880,1
275883,2
275887,1
275893,1
275895,1
275906,1
275908,1
275914,1
275920,1
275923,1
275925,1
275927,1
275932,1
275937,1
275946,1
275955,1
275961,1
275964,1
275968,1
275970,1
275979,1
275982,1
275985,2
275989,1
275993,1
275995,1
275998,1
276008,1
276015,1
276019,1
276032,1
276043,1
276048,1
276050,1
276055,1
276059,1
276065,1
276069,1
276076,1
276081,1
276090,1
276094,1
276102,1
276107,1
276125,1
276127,1
276137,1
276140,1
276144,1
276154,1
276157,1
276164,1
276168,1
276171,1
276183,1
276188,1
276195,1
276197,1
276199,1
276203,1
276206,1
276213,1
276217,1
276219,1
276221,1
276225,1
276231,2
276233,1
276241,1
276247,1
276249,1
276252,1
276260,1
276263,1
276265,1
276271,1
276273,1
276281,1
276283,1
276285,1
276287,1
276291,1
276296,1
276299,1
276309,1
276311,1
276314,1
276322,1
276325,1
276336,1
276347,1
276350,1
276352,1
276358,1
276362,1
276365,1
276370,1
276372,1
276378,1
276386,1
276392,1
276394,1
276398,1
276401,1
276410,1
276416,1
276419,1
276423,1
276429,1
276432,1
276436,1
276466,1
276485,1
276490,1
276496,1
276498,1
276500,1
276508,1
276512,1
276514,1
276521,1
276529,1
276532,1
276534,1
276540,1
276543,1
276547,1
276550,1
276552,1
276554,1
276559,1
276563,2
276565,1
276568,1
276570,1
276572,1
276576,1
276580,1
276584,1
276586,1
276601,1
276609,1
276614,1
276617,1
276624,2
276632,1
276638,1
276643,1
276648,1
276654,1
276662,1
276668,1
276672,1
276675,1
276677,1
276686,1
276689,1
276697,1
276701,1
276715,2
276730,1
276739,1
276741,1
276745,1
276754,1
276760,1
276768,2
276772,1
276780,1
276788,1
276791,1
276795,1
276800,1
276803,1
276823,1
276830,1
276837,1
276841,1
276843,1
276847,1
276851,1
276869,2
276876,1
276879,2
276887,1
276894,1
276901,1
276905,1
276908,1
276917,1
276935,1
276942,1
276944,1
276946,1
276957,1
276965,2
276970,1
276985,1
276992,1
276994,1
276999,2
277001,1
277004,1
277015,1
277021,1
277030,1
277033,1
277039,2
277046,1
277058,1
277093,1
277114,1
277118,1
277123,1
277128,1
277142,1
277147,1
277153,1
277158,1
277166,1
277170,1
277173,1
277202,1
277214,1
277220,1
277222,1
277226,1
277229,1
277231,1
277233,1
277235,1
277241,1
277246,1
277256,1
277258,1
277266,1
277270,1
277276,1
277279,1
277283,1
277286,1
277310,1
277313,1
277316,1
277341,1
277347,1
277354,1
277361,1
277363,1
277366,1
277373,1
277375,1
277378,1
277380,1
277388,1
277400,1
277407,1
277413,1
277424,1
277428,1
277431,1
277433,1
277446,1
277454,1
277463,1
277468,1
277473,1
277476,1
277478,1
277481,1
277484,1
277486,1
277489,1
277491,1
277495,1
277498,1
277515,1
277517,1
277520,1
277527,1
277532,1
277540,1
277547,1
277551,1
277553,1
277555,1
277560,1
277578,1
277584,1
277587,1
277589,1
277593,1
277598,1
277608,1
277615,2
277619,1
277622,1
277624,1
277635,2
277639,1
277644,1
277648,1
277655,1
277657,1
277670,1
277676,1
277681,1
277689,1
277698,1
277703,2
277709,1
277720,2
277730,1
277734,1
277736,1
277739,1
277745,2
277747,1
277752,1
277762,1
277771,1
277780,1
277782,1
277788,1
277791,1
277798,1
277807,1
277813,1
277815,1
277819,1
277821,1
277827,1
277841,2
277846,1
277848,1
277859,1
277861,1
277863,1
277867,1
277871,1
277878,1
277880,1
277882,1
277888,1
277898,1
277905,1
277910,1
277912,1
277922,1
277933,1
277944,2
277947,1
277950,1
277955,1
277961,1
277968,1
277971,1
277973,1
277976,1
277980,1
277995,2
277997,1
277999,1
278002,2
278004,1
278008,1
278011,1
278014,1
278027,1
278038,1
278042,1
278047,2
278049,1
278052,1
278062,1
278071,1
278074,1
278077,1
278087,1
278093,1
278097,1
278109,1
278111,1
278126,1
278140,1
278142,1
278145,1
278154,1
278160,1
278174,1
278181,1
278193,1
278206,1
278213,1
278216,1
278219,1
278224,1
278228,1
278237,1
278242,1
278247,1
278251,1
278256,1
278262,1
278267,1
278274,1
278284,1
278289,1
278297,1
278311,1
278315,1
278317,1
278319,1
278322,1
278327,1
278338,1
278340,1
278350,1
278359,1
278368,1
278371,1
278375,1
278377,1
278391,1
278394,1
278404,1
278408,1
278411,1
278417,1
278419,1
278421,1
278430,1
278443,1
278448,1
278456,1
278460,1
278465,1
278475,1
278481,1
278484,1
278491,1
278497,1
278499,1
278503,1
278507,1
278513,1
278519,1
278523,1
278527,1
278530,1
278537,1
278541,1
278549,1
278552,1
278566,1
278570,1
278576,1
278582,1
278589,1
278592,1
278611,2
278614,1
278619,1
278633,1
278657,1
278666,1
278672,1
278679,1
278686,1
278692,1
278698,1
278700,1
278710,1
278725,1
278731,1
278736,1
278742,1
278744,1
278749,1
278751,1
278753,1
278761,1
278763,1
278770,1
278775,1
278777,1
278787,1
278791,1
278798,1
278808,1
278819,1
278825,1
278827,1
278833,1
278838,1
278842,1
278851,1
278856,1
278864,1
278867,1
278874,1
278885,2
278888,1
278891,1
278894,1
278896,1
278907,1
278909,1
278921,1
278924,1
278929,1
278934,1
278937,1
278943,1
278946,1
278954,1
278959,1
278971,1
278976,1
278981,1
278983,1
278999,1
279006,1
279008,1
279014,1
279018,1
279034,1
279059,1
279065,1
279077,1
279079,1
279083,1
279086,1
279095,1
279104,1
279106,1
279129,1
279133,1
279135,1
279137,1
279140,1
279143,1
279146,1
279148,1
279151,1
279155,1
279161,1
279169,1
279174,1
279181,1
279183,1
279186,1
279191,2
279195,1
279199,1
279205,1
279218,1
279227,1
279231,1
279239,1
279248,1
279251,1
279255,1
279261,1
279265,1
279267,1
279276,1
279280,1
279285,1
279289,1
279295,1
279298,1
279303,1
279305,1
279308,1
279318,1
279320,1
279330,1
279332,1
279335,1
279338,1
279340,1
279343,1
279352,1
279354,1
279358,1
279361,1
279367,1
279370,1
279377,1
279380,1
279384,1
279392,1
279394,1
279398,1
279407,1
279431,1
279434,1
279439,1
279447,1
279449,1
279451,1
279459,1
279469,1
279472,1
279475,1
279479,1
279483,1
279486,1
279493,1
279495,1
279499,1
279503,1
279507,1
279509,1
279512,1
279516,1
279520,1
279524,1
279529,1
279537,1
279546,1
279552,1
279554,1
279560,1
279566,1
279572,1
279586,1
279590,1
279595,1
279599,1
279614,1
279617,1
279621,1
279623,1
279633,1
279637,1
279641,1
279649,1
279664,1
279667,1
279678,1
279685,1
279703,1
279714,1
279716,1
279719,1
279728,1
279732,1
279736,1
279746,1
279748,1
279750,1
279753,1
279757,1
279761,1
279764,2
279772,1
279777,1
279780,1
279782,1
279788,1
279798,1
279806,1
279809,1
279811,1
279813,1
279818,1
279825,1
279828,1
279832,1
279836,1
279847,1
279850,1
279854,1
279859,1
279861,1
279867,1
279875,1
279877,1
279897,1
279904,1
279912,1
279915,1
279925,1
279930,1
279932,1
279937,1
279940,1
279947,1
279952,1
279961,1
279973,1
279982,1
279991,1
279993,1
279995,1
280000,1
280003,1
280006,1
280022,1
280028,1
280040,1
280043,1
280053,1
280064,1
280069,1
280083,1
280097,1
280102,1
280107,1
280109,1
280111,1
280115,2
280132,1
280135,1
280137,1
280142,1
280154,1
280158,1
280166,1
280175,1
280178,1
280180,1
280193,1
280197,1
280200,1
280205,1
280209,1
280211,1
280213,1
280220,1
280224,1
280226,1
280228,1
280238,1
280241,1
280246,1
280252,1
280256,1
280261,1
280264,1
280274,1
280279,1
280284,1
280289,1
280292,1
280295,1
280300,1
280302,1
280306,1
280308,1
280313,1
280318,1
280325,1
280331,1
280340,1
280343,1
280348,1
280351,1
280364,1
280367,1
280381,1
280384,1
280387,1
280397,1
280412,1
280422,1
280430,1
280441,1
280445,1
280455,1
280457,1
280470,1
280480,1
280490,1
280498,1
280501,1
280503,1
280512,1
280531,1
280536,1
280538,1
280546,1
280554,1
280557,2
280560,1
280566,1
280569,2
280571,1
280574,1
280576,1
280578,1
280581,1
280584,1
280590,1
280608,2
280612,1
280614,1
280617,1
280621,1
280626,1
280632,1
280636,1
280641,1
280647,1
280649,1
280651,1
280655,1
280657,1
280664,1
280667,1
280672,1
280679,1
280682,1
280704,1
280708,1
280714,1
280716,1
280719,1
280726,1
280730,1
280741,1
280748,1
280761,1
280763,1
280768,1
280775,1
280777,1
280782,1
280786,1
280792,1
280801,1
280804,1
280810,2
280814,1
280816,1
280824,1
280828,1
280848,1
280861,1
280867,1
280869,1
280874,1
280892,2
280896,1
280902,1
280906,1
280916,1
280919,1
280924,1
280928,2
280938,1
280941,1
280948,1
280950,1
280957,1
280964,1
280968,1
280971,1
280973,1
280977,1
280983,1
280990,1
280996,1
281000,1
281016,1
281021,1
281028,1
281032,1
281037,1
281041,1
281047,1
281053,1
281072,1
281081,1
281083,1
281089,1
281097,1
281100,1
281108,1
281110,1
281116,1
281120,1
281130,1
281133,1
281135,1
281138,1
281141,1
281147,1
281150,1
281154,1
281159,1
281164,1
281171,1
281174,1
281182,1
281190,1
281193,1
281196,2
281202,1
281207,1
281217,1
281221,1
281230,1
281232,1
281235,1
281242,1
281244,1
281253,1
281259,1
281261,1
281263,1
281267,1
281271,1
281277,1
281279,1
281284,1
281286,1
281294,1
281297,1
281299,1
281302,1
281306,1
281309,1
281314,1
281325,1
281331,1
281334,1
281343,1
281347,1
281357,1
281365,1
281367,1
281373,1
281375,1
281389,1
281392,1
281398,1
281400,1
281406,1
281414,1
281421,2
281425,1
281431,1
281438,2
281443,2
281448,1
281451,1
281453,1
281456,1
281461,1
281478,1
281487,1
281494,1
281501,2
281520,1
281525,1
281534,1
281538,1
281543,1
281546,1
281554,1
281560,1
281564,1
281574,1
281576,1
281580,1
281583,1
281588,1
281590,1
281595,1
281617,1
281624,1
281626,1
281629,1
281637,1
281642,1
281654,1
281669,1
281678,1
281680,1
281682,1
281692,1
281694,1
281696,1
281718,1
281721,2
281727,1
281734,1
281738,1
281743,1
281754,1
281767,1
281774,1
281784,1
281792,1
281796,1
281800,1
281806,1
281808,1
281810,1
281816,1
281822,1
281827,1
281832,1
281834,1
281848,1
281850,1
281852,1
281861,1
281863,1
281865,1
281870,1
281878,1
281884,1
281886,1
281888,1
281896,1
281899,1
281914,1
281916,1
281921,1
281926,1
281930,1
281934,1
281936,1
281957,1
281965,1
281969,1
281978,1
281982,1
281985,1
281989,1
281992,1
281998,1
282001,1
282005,1
282009,1
282027,1
282036,1
282040,1
282048,1
282055,1
282058,1
282060,1
282064,1
282076,2
282083,1
282085,1
282087,1
282090,1
282102,1
282117,1
282127,1
282134,1
282137,1
282143,1
282156,1
282164,1
282167,1
282171,1
282174,1
282179,1
282184,1
282188,1
282194,1
282199,1
282204,1
282206,1
282210,1
282223,1
282228,1
282230,1
282242,1
282249,1
282260,1
282266,1
282271,1
282273,1
282278,1
282282,1
282285,1
282287,1
282289,1
282291,1
282308,1
282314,1
282322,1
282327,1
282332,1
282336,1
282343,1
282350,1
282353,1
282362,1
282371,1
282374,1
282391,1
282399,1
282401,1
282405,1
282407,1
282409,1
282411,1
282413,1
282416,1
282422,2
282425,1
282427,1
282431,1
282437,1
282441,1
282462,1
282469,1
282473,1
282475,1
282477,1
282489,1
282492,1
282502,1
282504,1
282506,1
282513,1
282515,1
282531,1
282534,1
282540,1
282543,1
282547,1
282549,1
282551,1
282553,1
282555,1
282563,1
282569,1
282573,1
282578,2
282580,1
282588,1
282590,1
282595,1
282598,1
282606,1
282610,1
282612,1
282617,1
282624,1
282629,1
282631,1
282633,1
282636,1
282645,1
282647,1
282650,1
282664,1
282666,1
282669,1
282675,1
282678,1
282681,1
282683,1
282689,1
282691,1
282695,1
282700,1
282709,1
282712,1
282714,1
282717,1
282725,1
282731,1
282739,1
282743,1
282745,1
282747,1
282749,1
282752,1
282756,1
282761,1
282765,1
282774,1
282781,1
282784,1
282788,1
282792,1
282795,2
282797,1
282800,1
282802,1
282807,2
282814,1
282820,1
282828,1
282830,1
282835,1
282850,1
282854,1
282863,1
282874,1
282891,1
282896,1
282898,1
282908,1
282911,1
282914,1
282920,1
282924,1
282929,1
282936,1
282941,1
282955,1
282960,1
282963,1
282979,1
282986,1
282989,1
282997,1
283005,1
283008,1
283010,1
283026,1
283028,1
283033,1
283038,1
283054,1
283056,1
283059,1
283062,1
283068,1
283076,1
283079,1
283083,1
283086,2
283088,1
283092,1
283098,1
283100,1
283102,1
283106,1
283108,1
283113,1
283116,1
283122,1
283124,1
283128,1
283132,1
283137,1
283143,1
283158,1
283164,1
283171,1
283178,1
283191,1
283196,1
283199,1
283208,1
283218,1
283222,1
283234,1
283244,1
283249,1
283255,1
283257,1
283269,1
283272,1
283277,1
283280,2
283282,1
283288,1
283290,1
283295,1
283297,1
283303,1
283308,1
283315,1
283323,1
283326,1
283341,1
283343,1
283356,1
283361,1
283367,1
283369,1
283375,1
283387,1
283390,1
283396,2
283401,1
283404,1
283408,1
283412,1
283414,1
283419,1
283426,1
283429,1
283434,1
283438,1
283443,1
283452,1
283461,1
283465,1
283476,1
283483,1
283491,1
283495,1
283497,1
283499,1
283508,1
283516,1
283518,1
283539,1
283543,1
283554,1
283567,1
283571,1
283588,1
283591,1
283593,1
283595,1
283609,1
283611,1
283617,1
283620,1
283630,1
283637,1
283639,1
283643,1
283646,1
283662,1
283669,1
283671,1
283678,1
283683,1
283700,2
283710,1
283712,1
283716,1
283724,1
283729,1
283731,1
283739,1
283743,1
283752,1
283754,1
283756,1
283759,1
283761,1
283763,1
283767,1
283776,1
283778,1
283780,1
283787,1
283789,1
283791,1
283795,1
283799,1
283802,1
283805,1
283808,1
283830,1
283836,1
283840,1
283843,1
283851,1
283864,1
283866,1
283868,1
283870,1
283875,1
283878,1
283880,1
283883,1
283893,1
283896,1
283900,1
283908,1
283926,1
283929,1
283934,1
283937,1
283939,1
283943,1
283952,1
283981,2
283995,1
284004,1
284008,1
284017,1
284022,1
284030,1
284034,2
284038,1
284046,1
284055,1
284057,1
284064,1
284071,1
284074,1
284077,1
284086,1
284090,1
284094,1
284104,1
284109,1
284112,1
284117,1
284127,2
284130,1
284135,1
284139,1
284141,1
284144,1
284151,1
284153,1
284161,1
284164,1
284175,2
284177,1
284182,1
284185,1
284192,1
284201,2
284206,1
284215,1
284226,1
284231,1
284240,1
284248,1
284258,1
284264,1
284268,1
284272,1
284276,1
284285,1
284287,1
284292,1
284298,1
284302,1
284304,1
284322,2
284339,1
284343,1
284346,1
284350,1
284355,1
284357,1
284362,1
284371,1
284375,1
284381,1
284383,1
284389,1
284394,1
284404,1
284407,1
284415,1
284431,1
284437,1
284450,1
284452,1
284462,1
284464,1
284472,1
284478,1
284481,1
284491,1
284503,1
284507,1
284510,1
284513,1
284518,1
284520,1
284522,1
284538,1
284544,1
284551,1
284555,1
284564,1
284578,1
284590,1
284598,2
284603,1
284611,1
284614,1
284619,1
284621,1
284624,1
284627,1
284633,1
284636,1
284638,1
284642,2
284644,1
284648,1
284654,1
284667,1
284672,1
284675,1
284684,1
284688,1
284693,1
284699,1
284702,1
284711,2
284716,1
284726,1
284746,1
284756,1
284758,1
284762,1
284764,1
284773,1
284776,1
284790,1
284792,1
284795,1
284802,1
284808,1
284812,1
284826,1
284829,1
284831,1
284835,1
284840,1
284844,1
284847,1
284861,1
284865,1
284868,1
284871,2
284876,1
284884,1
284887,1
284889,1
284897,1
284903,1
284905,1
284908,1
284917,1
284919,1
284921,1
284925,1
284930,1
284933,1
284937,1
284943,1
284947,1
284954,1
284958,1
284960,1
284967,1
284971,1
284975,1
284982,1
284987,1
284991,1
285000,1
285006,1
285020,1
285025,2
285031,1
285034,1
285038,1
285050,1
285055,1
285060,1
285070,1
285072,1
285074,1
285083,1
285086,1
285088,1
285095,1
285098,1
285101,1
285106,1
285112,1
285114,1
285116,1
285119,1
285138,1
285144,1
285154,1
285156,1
285158,1
285162,1
285174,1
285184,1
285186,1
285196,1
285198,1
285202,1
285213,1
285218,1
285226,1
285243,1
285250,2
285256,1
285258,1
285265,1
285267,1
285270,1
285272,1
285274,1
285276,1
285278,1
285280,1
285283,1
285289,1
285296,1
285306,1
285309,1
285311,1
285315,1
285321,1
285327,1
285330,1
285335,2
285342,1
285346,1
285352,1
285358,2
285360,1
285370,1
285373,1
285375,1
285379,1
285381,1
285386,1
285392,1
285394,1
285400,1
285410,1
285413,1
285420,1
285425,1
285427,1
285431,1
285440,1
285446,1
285449,1
285461,1
285474,1
285478,1
285496,1
285499,1
285506,1
285513,1
285530,1
285534,2
285537,1
285550,1
285553,1
285559,1
285566,1
285571,1
285576,1
285581,1
285589,1
285591,1
285599,1
285604,1
285609,1
285612,1
285616,2
285630,1
285632,1
285635,1
285645,1
285650,1
285654,1
285659,1
285663,1
285671,1
285675,1
285679,1
285681,1
285686,1
285688,1
285690,1
285697,1
285705,1
285714,1
285718,1
285729,1
285734,1
285738,1
285742,1
285750,1
285756,1
285761,1
285774,1
285776,1
285780,1
285783,1
285785,1
285790,1
285792,1
285796,1
285812,1
285816,1
285820,1
285823,1
285828,1
285830,1
285833,1
285839,1
285843,2
285845,1
285852,2
285854,1
285856,1
285859,1
285880,1
285886,1
285893,1
285897,1
285899,1
285901,1
285904,1
285911,1
285916,1
285928,1
285930,1
285934,1
285946,2
285952,1
285959,1
285965,1
285967,1
285972,1
285975,1
285986,1
285990,1
286001,1
286008,1
286012,1
286016,1
286019,1
286028,1
286031,1
286038,1
286046,1
286054,1
286062,1
286071,1
286081,1
286084,1
286088,1
286094,1
286100,1
286106,1
286109,1
286120,1
286125,1
286130,1
286132,1
286140,1
286144,1
286158,1
286160,1
286163,1
286166,1
286170,1
286176,1
286180,1
286183,2
286195,1
286198,1
286201,1
286203,1
286205,1
286210,1
286214,1
286216,1
286218,1
286231,1
286233,1
286239,1
286241,1
286245,1
286249,1
286265,1
286271,1
286273,1
286283,2
286287,1
286296,1
286299,1
286312,1
286325,1
286327,1
286346,1
286349,1
286358,1
286360,1
286364,2
286372,1
286383,1
286389,2
286391,1
286394,1
286401,1
286410,1
286418,1
286424,1
286426,1
286428,1
286430,1
286438,2
286445,1
286452,1
286457,1
286459,1
286467,1
286471,1
286482,1
286486,1
286490,1
286504,1
286506,1
286513,1
286523,1
286555,1
286565,1
286569,1
286582,1
286596,1
286604,1
286606,1
286608,1
286610,1
286612,1
286620,1
286622,1
286625,2
286633,1
286637,1
286641,1
286643,1
286646,1
286655,1
286659,1
286661,1
286663,1
286667,1
286669,1
286672,1
286679,1
286683,1
286687,1
286691,1
286697,1
286703,1
286717,1
286720,1
286724,1
286726,1
286740,1
286743,2
286745,1
286753,1
286760,1
286765,3
286774,1
286779,1
286790,1
286794,1
286800,1
286805,1
286811,1
286814,2
286819,1
286822,1
286828,1
286834,1
286838,1
286846,1
286848,1
286852,2
286854,1
286859,1
286863,1
286866,1
286868,1
286886,2
286899,1
286901,1
286908,1
286911,1
286916,2
286924,1
286939,1
286943,1
286946,1
286948,1
286952,1
286959,1
286963,1
286969,1
286974,1
286980,1
286994,1
286999,1
287001,1
287009,1
287017,1
287021,1
287026,1
287028,1
287030,1
287032,1
287037,1
287040,1
287047,1
287053,1
287060,1
287063,1
287074,1
287079,1
287082,1
287088,1
287093,1
287096,1
287101,1
287106,1
287114,1
287118,1
287125,1
287128,1
287140,1
287145,2
287150,1
287154,1
287157,2
287161,1
287165,1
287170,1
287176,1
287179,1
287190,1
287195,1
287197,1
287202,1
287207,2
287214,1
287217,1
287222,1
287230,1
287236,1
287245,1
287249,1
287254,1
287262,1
287264,1
287266,1
287277,1
287281,1
287284,2
287286,1
287291,1
287297,2
287300,1
287305,2
287307,1
287316,2
287319,1
287325,1
287328,1
287331,1
287341,1
287356,1
287359,1
287361,1
287365,1
287372,1
287375,1
287379,1
287405,1
287408,1
287413,1
287419,1
287424,2
287432,1
287434,1
287442,1
287446,1
287451,1
287462,1
287465,1
287470,1
287476,1
287481,1
287496,2
287503,1
287506,1
287509,1
287519,1
287524,1
287529,1
287543,1
287545,1
287547,1
287550,1
287557,2
287580,1
287587,1
287599,1
287604,1
287615,1
287618,1
287621,1
287623,1
287633,1
287643,1
287651,1
287655,1
287657,1
287667,1
287669,1
287674,1
287683,1
287691,1
287698,1
287703,1
287707,1
287719,1
287722,1
287725,1
287729,1
287733,1
287739,1
287744,1
287747,1
287759,1
287761,1
287769,1
287771,1
287773,1
287777,1
287780,1
287782,1
287784,1
287789,1
287791,1
287794,1
287798,1
287806,1
287812,1
287824,1
287830,1
287838,1
287843,1
287846,1
287850,1
287855,1
287866,1
287870,1
287876,1
287881,1
287888,1
287891,1
287901,1
287904,1
287906,1
287909,1
287915,1
287925,1
287930,1
287942,1
287948,1
287952,1
287965,1
287969,1
287971,1
287978,1
287982,1
287984,1
287986,1
287992,1
287996,1
287999,2
288004,2
288006,1
288012,1
288014,1
288019,1
288024,1
288028,1
288039,1
288043,1
288045,1
288047,1
288056,1
288058,1
288069,1
288072,1
288077,1
288084,1
288088,1
288091,1
288098,1
288103,1
288105,1
288109,1
288113,1
288121,1
288128,1
288132,1
288137,1
288141,2
288147,1
288185,1
288193,1
288197,1
288200,1
288210,1
288215,1
288218,1
288221,2
288224,1
288228,1
288234,1
288236,1
288243,1
288246,1
288249,1
288254,1
288260,1
288262,1
288267,1
288274,1
288278,1
288281,1
288293,1
288295,1
288300,1
288308,1
288315,1
288318,1
288321,1
288325,1
288331,1
288333,1
288338,1
288340,1
288348,2
288350,1
288354,1
288356,1
288358,1
288362,1
288368,1
288376,1
288384,1
288390,1
288395,1
288409,1
288415,1
288418,1
288420,1
288423,1
288427,1
288429,1
288438,1
288444,1
288447,1
288451,1
288455,1
288458,1
288467,1
288497,1
288505,1
288512,1
288520,1
288529,1
288534,1
288540,1
288547,1
288550,1
288555,1
288561,1
288568,1
288573,1
288577,1
288585,1
288589,1
288593,1
288599,1
288607,1
288609,1
288614,1
288616,1
288623,1
288625,1
288627,1
288632,1
288635,1
288647,1
288649,1
288651,1
288663,1
288665,1
288670,1
288676,1
288678,1
288680,1
288682,1
288686,1
288694,1
288707,1
288709,1
288716,1
288721,1
288723,1
288725,1
288738,1
288745,1
288753,1
288756,1
288758,1
288761,1
288763,1
288767,1
288770,1
288775,1
288777,1
288791,1
288803,1
288821,1
288831,1
288834,1
288836,1
288843,1
288845,1
288852,1
288854,1
288859,1
288862,1
288865,1
288867,1
288873,1
288877,1
288892,1
288894,1
288899,1
288902,1
288904,1
288908,1
288912,1
288921,1
288923,1
288925,1
288931,1
288933,1
288948,1
288952,1
288955,1
288957,1
288960,1
288971,1
288978,1
288982,1
288988,1
289000,1
289005,1
289009,1
289013,1
289016,1
289026,1
289030,2
289035,1
289038,1
289043,1
289045,1
289052,1
289054,1
289060,1
289064,1
289067,1
289069,1
289073,1
289077,1
289082,2
289085,1
289090,1
289097,1
289101,1
289111,1
289114,1
289121,1
289123,1
289129,1
289137,1
289141,1
289145,1
289154,1
289169,1
289183,1
289188,1
289193,1
289198,1
289200,1
289207,1
289211,1
289218,1
289220,1
289224,1
289228,1
289235,1
289242,1
289247,1
289254,1
289261,1
289271,1
289276,1
289288,1
289290,1
289294,1
289302,2
289311,1
289321,1
289336,1
289346,1
289356,1
289365,1
289370,1
289374,1
289382,2
289388,1
289393,1
289407,1
289411,1
289431,1
289433,1
289440,1
289442,1
289462,1
289480,1
289482,1
289484,1
289488,1
289492,1
289506,1
289509,1
289515,2
289519,1
289527,1
289529,1
289534,1
289537,1
289543,1
289549,1
289551,1
289556,1
289562,2
289565,2
289567,1
289571,1
289573,1
289580,2
289582,1
289590,2
289595,1
289601,1
289606,1
289610,1
289613,1
289616,1
289620,1
289623,1
289627,1
289630,1
289640,1
289643,1
289648,1
289669,1
289678,1
289683,1
289685,1
289692,1
289699,1
289704,1
289733,1
289738,1
289748,2
289750,1
289755,1
289757,1
289761,1
289764,1
289772,2
289774,1
289776,1
289778,1
289784,1
289789,1
289793,1
289801,1
289805,1
289809,1
289814,1
289817,1
289821,1
289824,1
289829,1
289837,1
289844,1
289851,1
289853,1
289864,1
289872,1
289878,1
289880,1
289890,1
289896,1
289909,1
289913,1
289923,1
289926,1
289928,1
289935,1
289939,1
289941,1
289958,1
289961,1
289967,1
289974,1
289976,1
289992,1
289994,1
289998,1
290005,1
290007,1
290011,1
290013,1
290018,1
290029,1
290032,1
290034,1
290036,1
290053,1
290056,1
290058,1
290063,1
290069,1
290072,1
290080,1
290089,2
290093,1
290095,1
290103,1
290116,1
290119,2
290121,1
290126,1
290131,1
290135,1
290141,1
290153,1
290155,1
290168,1
290173,1
290178,1
290181,1
290185,1
290188,1
290194,1
290198,1
290201,2
290203,1
290219,1
290222,1
290228,1
290231,1
290241,1
290247,1
290259,1
290261,1
290276,1
290279,1
290293,1
290298,1
290303,1
290307,1
290314,1
290319,1
290336,1
290338,1
290340,1
290348,1
290350,1
290354,1
290357,1
290362,1
290366,1
290368,1
290372,1
290375,1
290382,1
290387,2
290391,1
290393,1
290396,1
290400,1
290402,1
290408,1
290419,1
290424,2
290428,1
290431,1
290434,2
290438,1
290442,1
290447,1
290452,1
290456,1
290461,1
290464,1
290466,1
290469,1
290472,1
290475,1
290477,1
290490,2
290493,1
290498,1
290500,1
290503,1
290505,1
290509,1
290511,1
290517,1
290528,1
290530,1
290532,1
290543,1
290547,1
290549,1
290552,1
290560,1
290566,1
290572,1
290578,1
290580,1
290582,1
290589,1
290598,2
290600,1
290603,1
290607,1
290620,1
290625,1
290630,2
290639,1
290643,1
290647,1
290650,1
290653,1
290656,1
290658,1
290660,1
290669,1
290672,1
290676,1
290680,1
290685,1
290690,1
290693,1
290707,1
290713,1
290719,1
290723,1
290737,1
290749,1
290753,1
290760,1
290773,1
290775,1
290777,1
290789,2
290791,1
290797,1
290801,1
290805,1
290815,1
290824,1
290836,1
290839,1
290848,1
290852,1
290856,1
290861,2
290875,1
290883,1
290885,1
290888,1
290891,1
290896,1
290901,1
290908,1
290910,1
290921,1
290926,1
290929,1
290943,1
290947,1
290950,1
290953,1
290958,1
290964,1
290966,1
290977,2
290980,1
290982,1
290984,1
290990,1
290999,1
291010,1
291014,1
291018,1
291020,1
291032,2
291037,1
291045,1
291054,2
291056,1
291061,1
291065,1
291077,1
291080,1
291095,1
291097,1
291104,1
291108,1
291111,1
291117,1
291128,1
291130,1
291132,1
291135,1
291144,1
291159,1
291163,1
291170,1
291173,1
291175,1
291189,1
291194,1
291199,1
291203,1
291207,1
291209,1
291212,1
291215,1
291238,1
291241,1
291244,1
291248,1
291250,1
291256,1
291260,1
291265,1
291272,1
291275,1
291277,1
291282,1
291285,1
291291,1
291293,1
291296,1
291302,2
291304,1
291310,2
291328,1
291339,1
291342,1
291348,1
291375,1
291382,1
291393,1
291395,1
291397,1
291399,1
291401,1
291407,1
291412,1
291422,1
291429,1
291435,1
291440,1
291442,1
291450,1
291453,1
291462,1
291466,1
291468,1
291470,1
291473,2
291475,1
291486,1
291494,1
291496,1
291500,1
291505,1
291513,1
291521,1
291528,1
291530,1
291536,1
291541,1
291544,1
291548,1
291551,1
291558,1
291561,1
291563,1
291565,1
291570,1
291574,1
291586,1
291590,1
291592,1
291595,1
291597,1
291602,1
291606,1
291610,2
291613,1
291617,1
291621,1
291623,1
291628,1
291637,1
291640,1
291648,1
291653,1
291655,1
291658,1
291661,1
291665,2
291667,1
291671,1
291674,1
291678,1
291686,1
291689,1
291691,1
291693,1
291700,1
291715,1
291719,1
291721,1
291723,1
291735,1
291741,1
291745,1
291756,1
291761,1
291774,1
291778,1
291790,2
291793,1
291799,1
291804,1
291819,1
291824,1
291832,1
291836,1
291838,1
291843,1
291854,1
291857,1
291861,1
291867,1
291870,1
291880,1
291882,1
291885,1
291894,1
291903,1
291907,1
291911,1
291913,1
291915,1
291921,1
291928,1
291934,2
291936,1
291940,1
291948,1
291951,1
291953,1
291955,1
291959,1
291962,1
291969,1
291972,1
291974,1
291979,1
291993,1
292004,1
292009,1
292012,1
292016,1
292019,1
292023,1
292027,1
292032,1
292039,1
292045,1
292048,1
292055,1
292064,1
292077,1
292079,1
292081,1
292084,1
292095,1
292098,1
292102,1
292108,1
292111,1
292113,1
292115,1
292119,1
292122,1
292129,1
292132,1
292143,1
292154,1
292156,1
292159,1
292166,1
292170,1
292174,1
292184,1
292187,1
292200,1
292204,1
292209,1
292211,1
292213,1
292216,2
292218,1
292229,1
292239,1
292244,1
292249,1
292255,1
292261,1
292267,2
292269,1
292271,1
292273,1
292285,1
292296,1
292298,1
292302,1
292306,1
292308,1
292314,1
292321,1
292334,1
292337,1
292345,1
292367,1
292377,1
292379,1
292386,1
292394,1
292397,1
292406,1
292408,1
292411,1
292414,1
292416,1
292419,1
292425,1
292431,1
292434,1
292436,1
292442,1
292444,1
292446,1
292455,1
292460,1
292468,1
292470,1
292473,1
292483,1
292487,1
292489,1
292492,1
292495,1
292505,1
292508,1
292514,1
292517,1
292519,1
292531,1
292535,1
292541,1
292546,1
292555,1
292562,1
292564,1
292566,1
292568,1
292576,1
292581,2
292584,1
292586,1
292590,1
292595,1
292599,1
292606,1
292608,1
292620,1
292625,1
292632,1
292636,1
292638,1
292641,1
292644,1
292650,1
292652,1
292658,1
292665,1
292670,1
292673,1
292690,1
292696,1
292702,1
292704,1
292708,1
292719,1
292725,1
292728,1
292730,1
292741,1
292743,1
292760,1
292762,1
292766,1
292771,1
292786,1
292794,1
292799,1
292806,1
292810,1
292826,1
292832,1
292834,1
292839,2
292841,1
292843,1
292845,1
292850,1
292856,1
292870,1
292874,1
292881,1
292889,1
292899,1
292907,1
292909,1
292912,1
292928,1
292930,1
292942,1
292944,1
292947,1
292949,1
292951,1
292964,1
292972,2
292978,1
292988,1
292997,1
293000,1
293012,1
293025,1
293033,1
293043,1
293047,1
293056,1
293060,1
293065,1
293067,1
293069,1
293073,1
293076,1
293081,1
293084,1
293091,1
293097,1
293103,1
293122,1
293125,1
293127,1
293131,1
293145,1
293147,1
293150,1
293162,1
293164,1
293168,1
293170,1
293174,1
293182,1
293190,1
293193,1
293198,1
293203,1
293205,1
293209,1
293211,1
293219,1
293224,1
293229,1
293237,1
293239,1
293246,1
293250,1
293252,1
293255,1
293260,1
293264,1
293269,1
293273,1
293278,1
293281,1
293285,1
293292,1
293297,1
293301,1
293313,1
293316,1
293324,1
293326,1
293333,2
293336,1
293338,1
293370,1
293374,1
293378,1
293385,1
293389,1
293391,1
293394,1
293396,1
293405,1
293408,1
293413,1
293417,1
293420,1
293422,1
293433,1
293440,1
293454,1
293458,1
293465,1
293473,1
293484,1
293487,1
293507,1
293520,2
293530,1
293534,1
293538,1
293542,1
293554,1
293556,1
293561,1
293570,1
293573,1
293575,1
293582,1
293586,1
293592,1
293597,1
293606,1
293613,1
293630,1
293633,1
293650,1
293655,1
293658,1
293661,1
293664,1
293667,1
293671,1
293673,1
293675,1
293677,1
293685,1
293690,1
293693,1
293707,1
293715,1
293724,1
293726,1
293731,2
293739,1
293741,1
293744,1
293748,1
293750,1
293759,1
293785,1
293790,1
293803,1
293820,1
293833,1
293844,1
293849,1
293857,1
293868,1
293875,1
293879,1
293889,1
293893,1
293901,1
293905,1
293908,1
293916,1
293919,1
293922,1
293933,1
293938,1
293946,1
293961,1
293971,1
293973,1
293975,1
293981,1
293991,1
293997,1
294001,1
294007,1
294010,1
294012,1
294016,1
294024,1
294026,1
294038,1
294044,1
294046,1
294058,1
294060,1
294063,1
294072,2
294076,1
294084,1
294088,1
294096,1
294098,1
294105,1
294107,1
294111,1
294117,1
294130,1
294136,1
294143,1
294146,1
294150,1
294157,1
294164,1
294173,1
294185,1
294189,1
294205,1
294209,1
294211,1
294220,1
294222,1
294230,1
294233,1
294239,1
294242,1
294248,1
294254,1
294261,1
294264,1
294266,1
294268,1
294272,1
294274,1
294278,1
294284,1
294291,1
294296,1
294302,1
294309,1
294315,1
294318,1
294327,1
294333,1
294337,1
294340,1
294342,1
294348,1
294351,1
294354,2
294356,1
294358,1
294360,1
294362,1
294367,1
294369,1
294374,1
294384,1
294394,2
294397,1
294429,1
294433,1
294444,1
294451,1
294454,1
294471,1
294489,1
294492,1
294496,1
294498,1
294505,1
294516,1
294518,1
294525,1
294538,1
294544,1
294549,1
294555,1
294558,1
294560,1
294568,1
294572,1
294575,1
294577,1
294584,1
294591,1
294594,1
294599,1
294601,1
294603,1
294609,2
294613,1
294616,1
294623,1
294629,1
294638,1
294642,1
294645,1
294647,1
294655,1
294658,1
294661,1
294663,1
294671,1
294676,1
294679,2
294690,1
294694,1
294696,1
294703,1
294706,1
294711,1
294718,1
294720,1
294728,1
294730,1
294736,1
294738,1
294740,1
294755,1
294763,1
294767,1
294770,1
294777,1
294784,1
294789,1
294791,1
294795,1
294799,2
294805,1
294810,1
294812,1
294815,1
294820,1
294822,1
294824,1
294832,1
294847,1
294851,1
294854,1
294858,1
294866,1
294872,1
294879,1
294881,1
294884,1
294891,1
294894,1
294905,1
294910,1
294913,1
294920,1
294922,1
294924,1
294926,1
294929,1
294931,1
294934,1
294943,1
294946,1
294951,2
294953,1
294955,1
294960,1
294963,1
294968,1
294974,1
294981,1
294983,1
294986,1
295017,1
295021,1
295035,1
295042,1
295052,2
295054,1
295056,1
295061,1
295063,1
295072,1
295082,1
295084,1
295088,1
295095,1
295097,1
295104,2
295109,1
295112,1
295115,1
295120,1
295127,1
295136,1
295149,2
295151,1
295155,1
295157,1
295161,1
295176,1
295180,1
295184,1
295187,1
295205,2
295224,1
295227,1
295234,1
295237,1
295240,1
295243,1
295246,1
295250,1
295252,1
295257,2
295267,1
295269,1
295276,1
295280,1
295298,1
295304,1
295306,1
295311,1
295317,1
295321,1
295325,1
295333,1
295342,1
295349,1
295351,1
295357,1
295364,1
295368,1
295370,1
295373,1
295375,1
295381,1
295385,1
295389,1
295391,1
295394,1
295401,1
295405,1
295421,1
295438,1
295441,1
295445,1
295450,1
295452,1
295457,1
295461,1
295463,1
295470,1
295476,1
295479,1
295485,1
295490,1
295500,1
295513,1
295517,1
295521,1
295531,1
295543,1
295560,1
295562,1
295570,1
295574,1
295586,1
295589,1
295591,1
295593,1
295609,1
295612,1
295617,1
295624,1
295629,1
295637,1
295639,1
295645,1
295648,1
295650,1
295652,1
295654,1
295657,1
295660,1
295669,1
295671,1
295679,1
295681,1
295690,2
295700,1
295711,1
295719,1
295728,1
295745,1
295775,1
295777,1
295781,1
295791,1
295795,1
295799,1
295801,1
295804,1
295810,1
295814,1
295818,1
295823,1
295828,1
295836,1
295850,1
295854,1
295862,1
295870,1
295872,1
295878,1
295880,1
295883,1
295891,1
295899,1
295901,1
295903,1
295910,1
295914,1
295919,1
295930,1
295933,1
295944,1
295947,1
295950,1
295954,1
295960,1
295962,1
295974,1
295980,1
295982,1
295986,1
295988,1
295992,1
295994,1
296001,2
296006,1
296008,1
296011,1
296014,1
296019,1
296025,1
296030,1
296033,1
296039,1
296041,1
296043,1
296048,1
296053,1
296057,1
296064,1
296066,1
296069,1
296071,1
296078,1
296081,1
296085,1
296087,1
296091,1
296094,1
296096,1
296100,1
296103,1
296106,1
296111,1
296114,1
296116,1
296120,1
296125,1
296127,1
296132,1
296134,1
296139,1
296145,1
296152,2
296154,1
296161,1
296163,1
296165,1
296177,1
296184,1
296187,1
296198,1
296202,1
296208,1
296222,1
296236,1
296242,1
296244,1
296252,1
296254,1
296257,1
296262,2
296264,1
296267,1
296273,1
296277,2
296281,1
296302,1
296306,1
296318,1
296320,1
296327,1
296336,1
296343,1
296345,1
296348,1
296354,1
296359,1
296370,1
296373,1
296376,1
296386,1
296392,1
296401,1
296409,1
296411,1
296413,1
296429,1
296439,1
296443,1
296446,1
296448,1
296455,1
296459,1
296463,1
296466,1
296469,1
296471,1
296475,1
296479,1
296488,1
296492,1
296499,1
296507,1
296509,1
296518,1
296523,1
296525,1
296535,1
296541,1
296545,1
296550,1
296556,1
296562,1
296573,1
296577,1
296581,1
296584,1
296594,1
296600,1
296612,1
296616,1
296619,1
296625,1
296637,1
296640,1
296650,1
296655,1
296657,1
296659,1
296663,1
296669,1
296674,1
296677,1
296679,1
296683,1
296688,1
296690,1
296696,1
296699,1
296701,1
296712,1
296715,2
296717,1
296719,1
296726,1
296728,1
296734,1
296751,1
296769,1
296775,1
296782,1
296784,1
296791,1
296793,1
296795,1
296805,2
296811,1
296824,1
296826,1
296829,1
296833,1
296835,1
296837,1
296841,1
296843,1
296852,2
296855,1
296860,1
296863,1
296865,1
296868,2
296871,1
296879,1
296881,1
296885,1
296889,1
296898,1
296901,1
296905,2
296909,1
296913,1
296921,1
296929,1
296933,1
296935,1
296939,2
296942,1
296945,1
296951,2
296953,1
296966,1
296968,1
296976,2
296992,1
296997,1
297000,1
297002,1
297017,1
297019,1
297029,1
297035,1
297044,1
297053,1
297066,1
297072,1
297076,1
297078,1
297082,1
297092,2
297106,1
297111,1
297121,1
297123,1
297126,1
297131,1
297136,2
297141,1
297146,1
297152,1
297154,1
297164,1
297170,1
297176,1
297182,1
297185,1
297187,1
297193,1
297198,1
297203,1
297207,1
297214,1
297220,1
297227,1
297233,1
297239,1
297261,1
297268,1
297275,1
297278,1
297283,1
297286,1
297295,1
297298,1
297302,1
297320,1
297329,2
297333,1
297335,1
297337,1
297344,2
297351,2
297360,1
297362,1
297367,1
297370,1
297375,1
297382,1
297388,1
297396,1
297406,1
297411,1
297414,1
297418,1
297422,1
297424,1
297431,1
297434,1
297436,1
297438,1
297442,1
297447,1
297452,1
297454,1
297460,2
297468,1
297471,2
297477,1
297479,1
297485,1
297495,1
297501,1
297507,1
297512,1
297514,1
297526,1
297528,1
297535,1
297538,1
297542,1
297544,1
297548,1
297553,1
297559,1
297564,1
297572,1
297578,1
297581,1
297585,1
297592,1
297599,1
297605,1
297611,2
297616,1
297620,1
297622,1
297628,1
297632,1
297640,1
297644,1
297648,1
297654,1
297659,1
297661,1
297681,1
297683,1
297694,1
297699,1
297703,1
297706,1
297715,1
297720,1
297722,1
297737,1
297744,1
297747,1
297749,1
297756,1
297768,1
297775,1
297778,1
297784,1
297794,1
297797,1
297801,1
297807,1
297815,1
297820,1
297825,1
297828,1
297830,1
297834,1
297836,1
297847,1
297849,1
297854,1
297862,1
297865,1
297867,1
297871,1
297877,2
297879,1
297883,1
297892,1
297898,1
297909,1
297911,1
297923,1
297926,1
297929,1
297937,1
297941,1
297946,1
297949,1
297965,1
297967,1
297969,1
297980,1
297985,1
297992,1
297994,1
297996,1
298003,1
298016,1
298019,1
298024,1
298029,1
298033,1
298037,1
298046,2
298048,1
298057,1
298061,1
298063,1
298066,1
298074,1
298078,1
298083,1
298089,1
298092,1
298099,1
298104,1
298107,1
298119,1
298122,1
298133,1
298139,1
298149,1
298159,1
298161,1
298167,1
298174,1
298178,1
298184,1
298195,1
298197,1
298199,1
298204,1
298218,1
298223,1
298227,1
298229,1
298231,1
298240,1
298246,1
298248,1
298251,1
298254,1
298261,1
298263,1
298279,1
298287,1
298289,1
298292,1
298301,1
298303,1
298308,1
298310,1
298313,1
298320,1
298324,1
298331,2
298337,1
298340,1
298347,1
298349,1
298351,1
298354,1
298356,1
298365,1
298367,1
298372,1
298384,1
298386,1
298388,1
298392,1
298403,1
298406,1
298411,1
298427,1
298434,1
298459,1
298463,1
298465,1
298467,1
298470,1
298475,1
298480,1
298483,1
298488,1
298490,1
298494,1
298499,1
298506,1
298511,1
298517,1
298520,1
298522,1
298532,1
298535,1
298539,1
298546,1
298551,1
298557,1
298568,1
298573,1
298578,1
298582,2
298585,1
298592,1
298596,1
298599,1
298606,1
298609,1
298619,1
298624,1
298630,1
298634,1
298639,1
298645,1
298652,1
298657,1
298660,1
298664,1
298671,1
298673,1
298692,1
298702,1
298706,1
298720,1
298722,1
298726,1
298739,1
298742,2
298744,1
298748,1
298755,1
298763,1
298767,1
298769,1
298791,1
298796,1
298800,1
298820,1
298824,2
298832,1
298839,1
298842,1
298855,1
298859,1
298868,1
298871,1
298874,1
298880,1
298886,1
298898,1
298902,1
298919,1
298926,1
298929,1
298933,1
298937,1
298940,1
298950,1
298962,1
298972,1
298974,1
298976,1
298985,1
298993,1
299005,1
299007,1
299012,1
299014,1
299019,1
299025,1
299027,1
299036,1
299038,1
299047,1
299052,2
299054,1
299063,1
299073,1
299082,1
299086,1
299094,1
299099,1
299106,1
299108,1
299115,1
299121,2
299140,1
299145,1
299156,1
299161,1
299168,1
299173,1
299182,1
299186,1
299200,2
299202,1
299204,1
299221,1
299226,1
299239,1
299251,1
299254,1
299258,2
299261,1
299265,1
299276,1
299281,2
299286,1
299291,1
299296,1
299298,1
299301,1
299303,1
299312,1
299316,1
299323,1
299325,1
299330,1
299334,2
299339,1
299347,1
299352,1
299362,1
299369,1
299377,1
299380,1
299388,1
299390,1
299403,1
299411,1
299421,1
299426,1
299438,1
299440,1
299444,1
299453,2
299457,1
299466,1
299472,1
299482,2
299491,1
299496,1
299504,1
299508,1
299510,1
299523,2
299527,1
299533,1
299543,1
299547,1
299558,1
299560,1
299576,1
299579,1
299582,1
299588,1
299595,1
299600,1
299618,2
299621,2
299626,1
299631,1
299637,1
299639,1
299651,1
299653,1
299656,1
299661,1
299666,2
299671,1
299674,1
299676,1
299679,1
299690,1
299693,1
299698,1
299713,2
299722,1
299734,1
299743,1
299752,1
299754,1
299756,1
299758,1
299770,1
299775,1
299783,1
299787,1
299790,1
299803,1
299805,1
299815,1
299822,1
299829,1
299832,1
299836,1
299843,1
299846,1
299850,1
299859,1
299861,1
299864,1
299870,1
299898,1
299902,1
299904,1
299910,1
299913,1
299915,1
299928,1
299934,1
299936,1
299943,1
299947,1
299950,1
299957,1
299962,1
299969,1
299989,1
299997,1
400017,1
400025,1
400029,1
400036,1
400038,1
400048,1
400056,1
400059,1
400069,1
400075,1
400077,1
400079,1
400088,1
400092,1
400099,1
400103,1
400105,1
400107,1
400114,1
400117,1
400120,1
400123,1
400135,1
400146,1
400149,2
400152,1
400159,2
400161,1
400167,1
400174,1
400189,1
400191,1
400198,1
400200,1
400202,1
400208,1
400210,1
400217,1
400232,1
400242,1
400244,1
400257,1
400262,1
400265,1
400267,1
400272,1
400275,1
400280,1
400285,1
400289,1
400294,1
400297,1
400299,1
400306,1
400308,1
400313,1
400318,1
400323,1
400328,1
400334,1
400350,1
400354,1
400359,1
400364,1
400367,1
400377,1
400380,1
400387,1
400393,1
400402,1
400404,1
400412,1
400415,1
400420,1
400425,1
400428,1
400436,1
400438,1
400440,1
400442,1
400446,1
400454,1
400462,1
400472,1
400474,1
400493,2
400504,1
400509,1
400514,1
400520,1
400522,1
400530,1
400536,1
400543,1
400557,1
400562,1
400568,1
400571,1
400579,1
400581,1
400606,1
400620,1
400623,2
400626,1
400646,1
400650,1
400654,1
400658,1
400665,2
400671,1
400677,1
400683,1
400685,1
400691,1
400696,1
400702,1
400713,1
400717,1
400719,1
400723,1
400744,1
400748,1
400755,1
400762,1
400783,1
400797,1
400800,1
400802,1
400804,1
400818,1
400820,1
400827,1
400830,1
400833,1
400839,1
400842,1
400844,1
400851,1
400853,1
400865,1
400867,1
400872,1
400881,1
400889,2
400891,1
400899,1
400905,1
400918,1
400927,1
400944,1
400947,1
400961,1
400969,1
400978,1
400985,1
400993,1
401000,1
401004,1
401012,1
401015,1
401023,1
401029,1
401033,1
401039,1
401041,1
401055,1
401062,1
401077,1
401084,1
401086,1
401090,1
401097,1
401101,1
401104,2
401108,1
401111,2
401113,1
401119,1
401129,1
401136,1
401155,1
401159,1
401162,1
401164,1
401166,1
401173,1
401175,1
401178,1
401181,1
401185,1
401193,1
401197,1
401199,1
401204,1
401206,1
401208,1
401211,1
401214,1
401221,1
401225,1
401239,1
401247,1
401250,1
401257,1
401264,1
401271,1
401285,1
401288,1
401292,1
401294,1
401296,1
401304,1
401308,2
401310,1
401314,1
401320,1
401324,1
401326,1
401343,1
401353,1
401358,1
401361,1
401368,1
401387,1
401390,1
401394,1
401401,1
401403,1
401413,1
401415,1
401424,1
401432,1
401441,1
401448,1
401458,1
401464,1
401467,1
401470,1
401477,1
401483,1
401495,1
401497,1
401499,1
401503,1
401506,1
401511,1
401515,1
401519,1
401524,1
401527,1
401534,1
401539,1
401548,1
401554,1
401559,1
401561,1
401567,1
401574,1
401582,1
401592,1
401602,1
401605,2
401614,1
401627,1
401629,1
401634,1
401636,1
401639,1
401642,1
401649,1
401652,1
401657,1
401659,1
401662,1
401664,1
401679,1
401681,1
401689,1
401691,1
401696,1
401704,1
401706,1
401708,1
401718,1
401720,1
401723,1
401728,1
401730,1
401732,1
401736,1
401741,1
401747,1
401749,1
401759,2
401767,2
401771,1
401783,1
401791,1
401795,1
401801,1
401808,1
401811,1
401816,1
401822,1
401848,1
401861,1
401868,1
401875,1
401878,1
401881,1
401892,1
401895,1
401901,1
401905,1
401920,1
401924,1
401926,1
401938,1
401946,1
401953,1
401968,1
401971,1
401979,1
401981,1
401983,1
401987,1
401992,1
401995,2
401999,1
402010,1
402018,1
402028,1
402030,1
402038,1
402042,1
402051,1
402053,1
402056,2
402063,1
402070,1
402089,1
402093,1
402107,1
402111,1
402113,1
402122,1
402124,1
402141,1
402145,1
402160,1
402162,1
402166,1
402172,1
402177,1
402182,1
402194,1
402200,1
402202,1
402204,1
402217,1
402221,1
402233,1
402235,1
402241,1
402246,1
402250,1
402258,1
402260,1
402263,1
402265,1
402267,1
402287,2
402289,1
402298,1
402308,1
402310,1
402314,1
402319,1
402330,1
402344,2
402352,1
402359,1
402364,1
402372,1
402375,1
402381,1
402383,1
402392,1
402400,1
402406,1
402408,1
402415,1
402425,1
402430,1
402432,1
402441,1
402447,1
402450,1
402456,1
402468,1
402471,1
402473,1
402485,1
402489,1
402491,1
402498,1
402505,1
402527,1
402541,1
402543,1
402551,1
402553,1
402561,1
402563,1
402573,1
402587,2
402605,1
402614,1
402624,1
402628,1
402630,1
402638,1
402643,2
402645,1
402653,1
402657,1
402663,1
402665,1
402667,1
402676,1
402688,1
402715,1
402722,1
402726,1
402733,1
402737,1
402739,1
402745,1
402750,1
402754,1
402757,1
402763,2
402773,1
402778,1
402787,2
402789,1
402793,1
402813,1
402817,2
402820,1
402825,1
402831,1
402841,1
402849,1
402860,1
402862,1
402876,1
402881,1
402912,1
402921,1
402926,1
402931,1
402938,1
402942,1
402948,1
402951,1
402953,1
402963,1
402971,1
402973,1
402977,1
402979,1
402986,1
402990,1
402999,2
403003,1
403017,1
403019,1
403023,1
403030,1
403036,1
403041,1
403044,1
403046,1
403056,1
403062,1
403066,1
403068,1
403073,1
403088,1
403105,1
403112,1
403116,1
403121,1
403123,1
403130,1
403136,1
403141,1
403144,1
403149,1
403158,1
403162,1
403167,1
403171,1
403174,1
403182,1
403189,1
403202,3
403212,1
403225,1
403231,1
403234,2
403240,1
403244,1
403247,1
403251,1
403254,1
403265,1
403269,1
403292,1
403301,1
403306,1
403310,1
403312,1
403314,1
403320,1
403322,1
403325,1
403327,1
403331,1
403334,1
403341,1
403349,1
403351,1
403356,1
403360,1
403366,1
403388,1
403405,1
403407,1
403409,1
403419,1
403423,1
403433,1
403437,1
403441,2
403446,1
403450,1
403458,2
403460,1
403468,1
403470,1
403472,1
403485,1
403490,1
403502,1
403509,1
403512,1
403524,1
403533,1
403538,1
403545,1
403547,1
403557,1
403577,1
403592,1
403596,1
403604,1
403609,1
403616,1
403625,1
403630,1
403633,1
403636,1
403655,1
403657,1
403664,1
403682,1
403687,1
403691,1
403703,1
403710,1
403719,1
403728,1
403731,1
403743,1
403751,1
403759,1
403768,1
403771,1
403777,1
403786,1
403795,1
403797,1
403805,1
403808,1
403810,1
403817,1
403820,1
403831,1
403833,1
403837,1
403840,1
403842,1
403847,1
403850,1
403853,1
403857,1
403860,1
403863,1
403865,1
403869,1
403873,1
403878,1
403885,1
403893,1
403896,1
403912,1
403930,1
403932,1
403940,1
403945,1
403952,1
403955,1
403957,1
403967,1
403982,1
403984,1
403986,1
403988,1
403993,2
403997,1
403999,1
404002,1
404005,1
404008,1
404016,1
404030,1
404037,1
404040,1
404042,1
404046,1
404056,1
404072,1
404079,1
404085,1
404095,1
404099,1
404109,1
404113,1
404115,1
404139,1
404146,1
404149,1
404153,2
404160,1
404165,1
404175,1
404177,1
404180,1
404191,1
404202,1
404213,1
404217,1
404222,1
404229,1
404234,1
404243,1
404251,1
404257,1
404263,2
404269,1
404277,1
404295,1
404298,1
404302,1
404304,1
404306,1
404313,1
404315,1
404317,1
404319,1
404322,1
404326,2
404331,1
404334,1
404341,1
404344,1
404347,1
404350,1
404355,1
404357,1
404359,1
404361,1
404367,1
404371,2
404376,1
404399,1
404401,1
404415,1
404421,1
404423,1
404425,1
404427,1
404439,1
404450,1
404456,1
404462,1
404487,1
404497,1
404500,1
404524,1
404536,1
404539,1
404550,2
404552,1
404556,1
404568,1
404572,1
404581,1
404585,1
404588,1
404595,1
404597,1
404603,1
404609,1
404617,1
404619,1
404621,1
404623,1
404629,1
404631,1
404638,1
404642,1
404645,1
404652,1
404655,1
404657,1
404661,1
404671,1
404680,1
404688,1
404694,1
404697,1
404713,1
404734,1
404743,1
404745,1
404750,1
404761,1
404764,1
404773,1
404776,1
404787,1
404790,1
404796,1
404802,1
404807,1
404812,1
404814,1
404820,1
404822,1
404825,1
404829,1
404834,1
404842,2
404858,1
404862,2
404874,1
404887,1
404889,1
404892,2
404896,1
404898,1
404902,1
404904,1
404909,1
404924,1
404928,1
404930,1
404944,1
404956,1
404958,1
404960,1
404970,1
404974,1
404980,1
405009,1
405015,2
405017,1
405029,1
405031,1
405034,1
405042,1
405045,1
405052,1
405060,1
405062,1
405065,1
405069,1
405076,1
405088,1
405096,1
405098,1
405106,1
405113,1
405124,1
405130,1
405135,1
405138,1
405146,1
405148,1
405157,1
405162,1
405166,1
405172,2
405175,1
405179,1
405182,1
405186,1
405192,1
405197,1
405200,1
405219,1
405221,1
405223,1
405229,1
405238,1
405243,1
405245,1
405259,1
405261,1
405277,1
405292,1
405295,1
405300,1
405308,1
405310,1
405315,1
405321,1
405325,1
405327,1
405331,2
405336,1
405339,1
405344,1
405349,1
405353,1
405355,1
405359,1
405362,1
405364,1
405367,1
405375,1
405385,1
405387,1
405391,1
405401,1
405403,1
405408,1
405410,1
405415,1
405419,1
405423,1
405428,1
405430,1
405432,1
405436,1
405438,1
405441,1
405443,1
405468,1
405471,1
405488,1
405496,1
405499,1
405505,1
405510,1
405514,1
405523,1
405525,1
405529,1
405531,1
405533,1
405535,1
405545,1
405550,1
405554,1
405566,1
405576,1
405581,1
405584,1
405595,1
405604,1
405611,2
405614,1
405622,1
405628,1
405630,1
405634,1
405640,1
405644,1
405649,1
405658,1
405671,3
405674,1
405677,1
405684,1
405687,1
405697,1
405710,1
405715,1
405717,1
405723,1
405727,2
405735,1
405750,1
405755,1
405762,1
405764,1
405776,1
405779,1
405790,1
405796,1
405799,1
405808,1
405811,1
405813,1
405815,1
405818,1
405823,1
405837,1
405839,1
405843,1
405847,1
405853,1
405856,1
405864,1
405872,1
405875,1
405878,1
405886,1
405888,1
405894,1
405897,1
405905,1
405914,1
405922,1
405928,1
405931,1
405933,1
405936,1
405948,1
405950,1
405952,1
405960,1
405965,1
405968,1
405972,1
405979,1
405987,1
405991,1
405993,1
405996,1
406001,1
406009,1
406016,1
406020,1
406024,1
406026,1
406032,1
406036,1
406041,1
406051,1
406072,1
406080,1
406095,1
406102,1
406117,1
406120,2
406124,1
406136,2
406138,1
406143,1
406147,1
406151,1
406153,1
406162,1
406168,1
406171,1
406176,2
406178,1
406181,1
406192,1
406198,1
406209,1
406215,1
406217,1
406220,1
406223,1
406230,1
406234,1
406242,1
406253,1
406257,1
406262,1
406264,1
406266,1
406270,1
406275,1
406277,1
406285,1
406289,1
406295,1
406301,1
406311,1
406322,1
406327,1
406331,1
406334,1
406337,1
406340,1
406347,1
406351,1
406354,1
406356,1
406360,1
406366,1
406368,1
406379,1
406382,1
406387,1
406399,2
406406,1
406408,1
406423,1
406425,1
406435,1
406446,1
406457,1
406461,1
406465,1
406470,1
406474,1
406486,1
406491,1
406496,1
406498,1
406503,2
406505,1
406508,2
406511,1
406519,1
406523,1
406528,1
406531,1
406543,1
406546,1
406558,1
406569,1
406584,1
406593,1
406596,1
406599,1
406613,1
406620,1
406628,1
406633,1
406637,1
406644,1
406647,1
406663,2
406665,1
406668,1
406672,1
406686,1
406693,1
406695,1
406717,1
406726,1
406737,1
406742,1
406747,1
406750,1
406763,1
406768,1
406770,1
406783,1
406793,1
406803,1
406805,1
406815,1
406818,1
406833,1
406845,1
406849,1
406853,1
406861,1
406863,1
406870,1
406873,1
406876,2
406883,1
406887,1
406889,1
406893,1
406899,1
406902,1
406917,1
406925,1
406927,1
406930,1
406935,1
406944,1
406947,1
406952,1
406954,1
406957,1
406964,1
406968,1
406974,1
406976,1
406993,1
406995,1
407000,1
407003,1
407006,1
407010,1
407014,1
407016,1
407026,1
407029,1
407034,1
407037,1
407042,1
407052,1
407065,1
407078,1
407085,2
407087,1
407091,1
407094,1
407097,1
407104,1
407117,1
407127,1
407129,1
407131,1
407135,1
407137,1
407155,1
407158,1
407163,1
407165,1
407169,1
407171,1
407178,1
407183,1
407185,1
407196,1
407203,1
407207,1
407221,1
407230,1
407238,1
407243,1
407247,1
407252,1
407258,1
407260,1
407266,1
407277,1
407283,1
407288,1
407291,1
407296,1
407302,1
407308,1
407312,2
407318,1
407328,1
407333,1
407336,1
407342,1
407346,1
407356,1
407361,1
407363,1
407372,1
407374,1
407376,1
407381,1
407384,1
407387,1
407389,1
407397,1
407404,1
407411,1
407414,1
407418,1
407424,1
407430,1
407432,1
407442,1
407454,1
407468,1
407486,1
407490,1
407493,1
407495,1
407499,1
407501,1
407505,1
407512,1
407514,1
407519,1
407523,1
407526,2
407540,1
407542,1
407545,1
407554,1
407557,1
407559,1
407565,1
407569,1
407571,1
407577,1
407580,1
407590,1
407593,1
407598,1
407604,2
407607,1
407612,1
407615,1
407617,1
407621,1
407631,1
407643,1
407649,1
407652,1
407665,1
407677,1
407686,1
407694,1
407701,1
407715,1
407722,1
407724,1
407728,1
407735,1
407737,1
407742,1
407747,1
407749,1
407753,1
407756,1
407766,1
407768,1
407772,1
407775,1
407792,1
407805,1
407812,1
407816,1
407818,1
407848,1
407858,1
407863,1
407867,1
407876,1
407878,1
407882,1
407886,1
407889,1
407891,1
407899,1
407902,2
407911,1
407919,1
407922,1
407926,1
407931,1
407939,1
407949,1
407955,2
407969,1
407972,1
407974,1
407976,1
407984,1
407988,1
407990,1
407993,1
408002,1
408008,1
408019,1
408021,1
408026,1
408031,1
408040,1
408049,1
408056,1
408060,1
408062,1
408070,1
408086,1
408114,1
408118,1
408125,1
408134,1
408137,1
408146,1
408152,1
408155,1
408177,1
408181,1
408189,1
408193,1
408197,1
408203,1
408209,2
408214,1
408220,1
408224,1
408234,1
408236,1
408240,1
408243,1
408247,1
408249,1
408257,1
408259,1
408261,1
408265,1
408268,1
408270,1
408291,1
408298,1
408305,1
408310,2
408315,1
408317,1
408326,1
408333,1
408335,1
408337,1
408344,1
408353,1
408362,1
408365,2
408369,1
408375,1
408383,1
408386,1
408390,1
408393,1
408395,1
408401,1
408408,1
408427,1
408431,2
408433,1
408439,1
408446,1
408450,1
408456,1
408461,1
408464,1
408468,1
408470,1
408480,1
408482,1
408488,1
408490,1
408497,1
408499,1
408511,1
408534,1
408538,1
408541,1
408544,1
408547,1
408556,1
408559,1
408564,1
408579,1
408582,1
408591,1
408600,1
408607,1
408609,1
408611,1
408618,1
408623,1
408629,1
408641,1
408648,1
408650,1
408654,1
408659,1
408662,1
408689,1
408691,1
408693,1
408703,1
408715,1
408717,1
408721,1
408723,1
408727,1
408733,1
408735,1
408738,1
408744,1
408746,1
408755,1
408762,1
408769,1
408771,1
408787,1
408803,2
408805,1
408807,1
408817,1
408821,1
408826,1
408842,1
408846,1
408850,1
408855,1
408857,1
408860,1
408864,1
408867,1
408873,1
408875,1
408883,1
408886,1
408895,1
408900,1
408902,1
408906,2
408914,1
408917,1
408931,1
408935,1
408938,1
408943,1
408949,1
408957,1
408961,1
408971,1
408974,1
408983,1
408989,1
408995,1
408998,1
409000,1
409013,1
409015,1
409027,1
409034,1
409036,1
409045,1
409049,1
409054,1
409058,1
409072,1
409074,1
409076,1
409080,1
409083,1
409086,1
409093,1
409105,1
409107,1
409122,1
409139,1
409143,1
409153,1
409160,1
409165,1
409168,1
409171,1
409178,1
409181,2
409190,1
409196,1
409201,1
409206,1
409210,1
409216,1
409225,1
409227,1
409240,1
409246,1
409249,1
409252,1
409257,1
409261,1
409265,2
409276,1
409278,1
409281,1
409286,1
409291,1
409295,1
409302,1
409310,1
409316,1
409323,1
409326,1
409331,1
409336,1
409343,2
409350,1
409359,1
409361,1
409367,1
409374,1
409380,1
409382,1
409393,1
409400,1
409406,1
409415,1
409419,1
409427,1
409432,1
409434,1
409441,1
409446,1
409461,1
409463,1
409472,1
409474,1
409486,1
409489,1
409491,1
409498,1
409501,1
409503,1
409508,1
409511,1
409514,1
409516,1
409521,1
409525,1
409527,1
409532,1
409541,1
409543,1
409545,1
409548,1
409557,1
409559,1
409570,1
409574,1
409582,1
409598,1
409601,1
409604,1
409608,1
409632,1
409642,1
409646,1
409660,1
409664,1
409673,2
409677,1
409681,1
409684,1
409686,1
409688,1
409695,1
409702,1
409705,1
409715,1
409717,1
409720,1
409722,1
409724,1
409731,1
409733,1
409737,1
409739,1
409742,1
409750,1
409768,1
409772,1
409776,1
409781,1
409786,1
409795,1
409797,1
409803,1
409808,1
409813,1
409818,1
409821,1
409833,1
409837,1
409839,1
409841,1
409850,1
409854,1
409857,1
409867,1
409872,1
409875,2
409878,1
409884,1
409890,1
409900,1
409911,1
409922,2
409925,1
409927,1
409930,1
409951,1
409955,1
409958,1
409960,1
409968,1
409971,1
409973,1
409976,1
409980,1
409984,1
409988,1
409997,1
410003,1
410005,1
410010,1
410014,1
410026,1
410032,1
410041,1
410044,1
410046,1
410051,1
410062,1
410065,1
410071,1
410079,1
410081,1
410083,1
410085,1
410091,1
410097,1
410108,1
410115,2
410123,1
410136,1
410138,1
410142,1
410149,1
410152,1
410154,1
410157,1
410162,1
410164,1
410167,1
410175,1
410186,1
410188,1
410193,1
410195,1
410201,1
410203,1
410206,1
410214,1
410216,1
410218,1
410225,1
410228,2
410233,1
410235,1
410243,1
410251,1
410254,1
410260,1
410266,1
410268,1
410273,1
410279,1
410281,1
410285,1
410292,1
410295,1
410298,1
410304,1
410311,2
410316,1
410325,1
410327,1
410331,1
410334,1
410336,1
410344,1
410346,1
410348,1
410351,1
410355,1
410367,1
410370,1
410372,1
410380,1
410388,2
410394,1
410397,2
410399,1
410402,1
410411,1
410414,1
410450,1
410453,1
410461,1
410463,1
410478,1
410480,1
410483,1
410489,1
410502,1
410506,1
410509,1
410518,1
410526,1
410545,1
410553,1
410556,1
410558,1
410565,1
410574,1
410576,1
410583,1
410608,1
410619,1
410621,1
410628,1
410635,1
410654,1
410661,1
410667,1
410671,1
410682,1
410684,1
410686,1
410691,1
410693,1
410695,1
410700,1
410702,1
410704,1
410708,1
410711,1
410715,1
410719,1
410723,1
410726,1
410730,1
410736,1
410739,1
410748,1
410774,1
410784,1
410794,1
410799,1
410802,1
410804,1
410809,1
410817,1
410821,1
410824,1
410827,2
410833,1
410840,1
410844,1
410850,1
410870,1
410874,1
410877,1
410885,1
410887,1
410903,1
410905,1
410919,1
410921,1
410943,1
410956,1
410958,1
410973,1
410976,1
410981,1
410988,1
410991,1
410993,1
410999,1
411002,1
411009,1
411012,1
411014,1
411028,1
411034,1
411037,2
411043,2
411047,1
411051,1
411053,1
411066,1
411073,2
411075,1
411080,1
411088,1
411093,1
411096,1
411100,1
411102,1
411109,2
411112,1
411114,1
411119,1
411129,1
411132,1
411134,1
411145,1
411147,1
411156,1
411159,1
411163,1
411166,1
411173,2
411181,1
411188,1
411194,1
411197,1
411203,1
411209,1
411212,1
411215,1
411221,1
411226,1
411232,1
411234,1
411240,1
411242,1
411244,1
411258,1
411263,1
411269,1
411271,1
411274,1
411279,1
411283,1
411287,1
411290,1
411308,1
411315,2
411322,1
411328,2
411333,1
411337,1
411340,1
411344,1
411348,1
411355,1
411358,1
411361,1
411366,1
411369,1
411372,1
411375,1
411377,1
411379,1
411386,1
411388,1
411391,1
411394,1
411399,1
411405,1
411408,1
411411,1
411420,1
411422,1
411431,1
411439,1
411449,1
411455,1
411457,1
411459,1
411462,1
411479,1
411484,1
411486,1
411488,1
411496,1
411503,1
411506,1
411514,1
411516,1
411519,1
411524,1
411527,2
411546,1
411552,1
411564,1
411570,1
411576,1
411578,1
411583,1
411587,1
411589,1
411595,1
411599,1
411601,1
411605,1
411612,1
411615,1
411623,1
411626,1
411631,1
411634,1
411636,1
411646,2
411658,1
411660,1
411665,1
411671,1
411675,1
411678,1
411682,1
411695,1
411697,1
411700,1
411713,1
411722,1
411730,1
411734,1
411738,1
411750,1
411754,1
411762,1
411767,1
411776,1
411785,1
411787,1
411792,1
411795,1
411797,1
411802,1
411806,1
411809,1
411812,1
411816,1
411820,1
411822,1
411825,1
411833,1
411842,1
411845,1
411860,1
411863,1
411868,1
411871,1
411874,1
411881,1
411890,1
411896,1
411900,1
411909,1
411918,1
411929,1
411939,1
411943,1
411946,1
411952,1
411962,1
411970,1
411972,1
411981,1
411987,1
411997,1
412004,1
412007,1
412011,1
412016,1
412019,1
412021,1
412024,1
412030,1
412046,1
412055,1
412057,1
412059,1
412079,1
412083,1
412088,1
412090,1
412094,1
412097,1
412099,1
412101,1
412103,1
412108,1
412110,1
412113,1
412117,1
412124,1
412129,1
412131,1
412134,1
412139,1
412141,1
412150,1
412162,1
412166,1
412172,1
412175,1
412198,1
412201,1
412209,1
412212,1
412215,1
412221,2
412224,1
412231,1
412236,1
412240,1
412244,1
412251,1
412254,1
412263,1
412268,1
412273,1
412286,1
412292,1
412295,1
412297,1
412310,1
412315,1
412321,1
412324,1
412331,1
412340,1
412351,1
412354,1
412357,1
412359,1
412367,1
412372,1
412378,1
412381,1
412386,1
412392,1
412396,1
412401,1
412403,1
412406,1
412410,1
412413,1
412415,1
412418,2
412421,1
412432,1
412441,1
412447,1
412449,1
412455,2
412462,1
412475,1
412479,1
412482,1
412493,1
412498,1
412504,1
412507,1
412516,1
412520,1
412528,1
412532,1
412539,1
412545,1
412551,1
412558,1
412566,1
412586,1
412590,1
412592,1
412599,1
412602,1
412606,1
412608,1
412626,1
412632,1
412634,1
412639,1
412644,1
412656,1
412659,1
412661,1
412669,1
412672,1
412675,2
412686,1
412690,1
412707,1
412711,1
412718,2
412723,1
412731,1
412733,1
412737,1
412742,1
412744,1
412748,1
412756,1
412758,1
412779,1
412781,1
412790,2
412798,1
412805,1
412809,1
412815,1
412819,1
412828,1
412830,1
412835,1
412842,1
412846,1
412848,1
412852,1
412869,1
412877,1
412882,1
412890,1
412894,1
412899,1
412904,1
412917,1
412921,1
412933,1
412949,1
412955,1
412957,1
412961,1
412967,1
412974,1
412976,1
412978,1
412990,1
413000,1
413003,1
413005,1
413008,1
413012,1
413016,2
413020,1
413026,1
413037,1
413045,2
413047,1
413057,1
413061,1
413067,1
413071,2
413077,1
413086,1
413095,1
413102,1
413112,1
413126,1
413132,1
413136,1
413141,1
413146,1
413150,1
413170,1
413174,1
413185,1
413187,1
413191,1
413196,1
413201,1
413204,1
413206,1
413212,1
413215,1
413218,1
413230,1
413233,1
413236,1
413239,1
413247,1
413251,1
413257,1
413259,1
413281,1
413284,1
413286,1
413290,1
413294,1
413303,1
413307,1
413309,1
413316,1
413337,1
413343,1
413348,1
413350,1
413357,1
413359,1
413365,1
413368,1
413376,1
413381,1
413385,1
413389,1
413391,1
413393,1
413398,2
413406,1
413409,1
413412,1
413424,1
413444,1
413446,1
413451,1
413456,1
413461,1
413463,1
413474,1
413478,1
413481,1
413483,1
413485,1
413493,1
413499,1
413504,2
413506,1
413508,1
413517,1
413522,1
413525,1
413531,1
413535,1
413539,1
413547,2
413551,1
413556,1
413559,1
413561,1
413563,1
413565,1
413567,1
413572,1
413574,1
413576,1
413583,2
413604,1
413615,1
413618,1
413625,1
413631,1
413636,1
413640,1
413643,1
413646,1
413652,1
413656,1
413661,1
413671,1
413673,1
413676,1
413678,1
413683,1
413690,1
413694,1
413698,1
413707,1
413710,1
413713,1
413716,1
413719,1
413727,1
413730,1
413736,1
413740,1
413748,1
413750,1
413752,1
413764,1
413778,1
413781,2
413785,1
413788,2
413794,1
413799,2
413803,1
413831,1
413834,1
413839,1
413841,1
413845,1
413852,1
413864,1
413869,1
413875,1
413885,1
413902,1
413907,1
413916,1
413922,1
413933,1
413936,1
413950,1
413952,1
413959,2
413968,1
413972,1
413976,1
413995,1
414002,1
414004,1
414013,1
414019,1
414026,1
414028,1
414033,1
414035,1
414037,1
414041,1
414045,1
414050,1
414060,1
414064,1
414072,1
414083,1
414090,2
414100,1
414108,1
414124,1
414129,1
414136,1
414145,1
414150,1
414155,1
414171,1
414173,1
414180,1
414188,1
414191,1
414195,1
414200,1
414203,1
414210,1
414214,1
414218,1
414220,1
414224,1
414229,1
414238,1
414244,1
414252,1
414254,1
414272,1
414278,1
414283,1
414286,1
414295,1
414297,1
414304,1
414319,1
414322,1
414326,1
414333,1
414341,1
414343,1
414346,1
414353,1
414355,1
414363,1
414368,1
414374,1
414376,1
414378,1
414384,1
414393,1
414395,1
414405,1
414413,1
414415,1
414431,1
414433,1
414438,1
414451,2
414459,1
414466,1
414473,1
414480,1
414491,1
414494,1
414509,1
414512,1
414515,1
414520,1
414523,1
414531,1
414533,1
414536,1
414539,1
414547,1
414558,1
414568,1
414572,1
414574,1
414578,1
414582,1
414591,1
414600,1
414603,2
414610,1
414624,1
414627,1
414653,1
414661,1
414664,1
414672,1
414685,1
414691,1
414702,1
414704,1
414706,1
414720,1
414725,2
414727,1
414735,1
414740,1
414742,1
414744,1
414756,1
414760,1
414764,1
414766,1
414769,1
414773,1
414777,1
414779,1
414784,2
414790,1
414792,1
414798,1
414806,1
414808,1
414812,1
414814,1
414819,1
414827,1
414852,1
414854,1
414859,1
414861,1
414873,1
414875,1
414884,1
414890,1
414894,1
414901,1
414903,1
414909,1
414914,1
414928,1
414933,1
414937,1
414958,1
414961,1
414964,1
414967,1
414970,1
414998,1
415001,1
415005,2
415007,1
415010,1
415017,1
415019,1
415025,1
415027,1
415029,1
415037,1
415039,1
415043,1
415049,1
415051,1
415054,1
415063,1
415065,1
415069,1
415075,1
415083,1
415093,1
415095,1
415106,1
415111,2
415114,1
415119,1
415122,1
415125,1
415130,1
415140,1
415147,1
415155,1
415163,1
415169,1
415171,1
415181,1
415186,1
415195,1
415197,1
415199,1
415210,1
415212,1
415216,1
415218,1
415224,1
415226,1
415232,1
415237,1
415247,1
415255,1
415264,1
415269,1
415282,1
415285,1
415288,1
415290,1
415293,1
415300,1
415311,1
415316,1
415318,1
415320,1
415325,1
415331,1
415335,1
415338,1
415348,1
415354,1
415366,1
415368,1
415373,1
415381,1
415384,1
415386,1
415395,1
415397,1
415399,1
415411,1
415414,1
415419,1
415422,1
415425,1
415429,1
415434,1
415442,1
415445,1
415447,1
415449,1
415454,1
415456,1
415464,1
415466,1
415475,1
415483,2
415487,1
415491,1
415493,1
415495,1
415502,1
415508,1
415529,1
415534,1
415540,1
415545,1
415547,1
415550,1
415560,1
415567,1
415572,1
415578,1
415580,1
415585,1
415593,1
415595,1
415601,1
415614,1
415618,1
415623,1
415625,1
415632,1
415636,1
415642,1
415660,1
415662,1
415666,1
415674,1
415678,1
415686,1
415694,1
415701,1
415710,1
415713,2
415722,1
415726,1
415731,1
415738,1
415743,1
415747,1
415755,1
415759,1
415763,1
415775,1
415781,1
415783,1
415787,1
415791,1
415795,1
415802,1
415806,1
415824,1
415829,1
415833,1
415837,1
415840,1
415842,1
415849,1
415852,1
415855,1
415861,1
415863,1
415867,1
415869,1
415871,1
415873,1
415878,1
415885,1
415890,1
415897,1
415909,1
415915,1
415932,1
415934,1
415937,1
415946,1
415977,1
415983,1
415986,1
415995,1
416002,1
416012,1
416022,1
416031,1
416039,1
416042,1
416051,1
416055,1
416074,1
416078,1
416083,1
416098,1
416109,1
416111,1
416114,1
416121,1
416128,1
416132,2
416141,2
416149,1
416155,1
416168,1
416170,1
416177,1
416190,1
416198,1
416200,1
416204,1
416212,1
416216,1
416223,1
416226,1
416240,1
416257,1
416261,1
416268,1
416271,1
416289,1
416291,1
416295,1
416299,1
416305,1
416307,1
416320,1
416323,1
416325,1
416327,1
416333,1
416340,1
416355,1
416358,1
416364,1
416367,1
416372,1
416378,1
416404,1
416412,1
416419,1
416426,1
416435,1
416440,1
416442,1
416446,1
416459,1
416462,1
416464,1
416466,1
416478,1
416484,1
416494,1
416497,1
416499,1
416505,1
416512,1
416517,1
416519,1
416526,1
416531,1
416535,1
416538,1
416542,1
416545,1
416550,1
416552,1
416557,1
416560,1
416562,1
416565,1
416568,1
416586,1
416597,1
416612,1
416640,1
416648,1
416651,1
416654,1
416666,1
416671,1
416678,1
416684,1
416687,1
416698,1
416703,1
416711,1
416717,1
416723,1
416725,1
416727,1
416730,1
416733,1
416738,1
416740,1
416744,1
416755,1
416764,1
416775,2
416782,1
416792,1
416802,1
416804,1
416810,1
416814,1
416821,1
416826,1
416829,1
416833,1
416845,1
416851,1
416859,1
416872,1
416877,1
416885,1
416888,1
416890,1
416896,1
416902,1
416906,1
416910,1
416914,1
416917,1
416925,1
416927,1
416935,1
416938,1
416946,1
416950,1
416959,1
416961,1
416964,1
416966,1
416970,1
416978,2
416986,1
416992,1
416995,2
417003,1
417005,1
417008,1
417010,1
417016,1
417022,1
417024,1
417029,2
417033,1
417038,1
417043,1
417049,1
417053,1
417058,1
417069,1
417074,1
417077,1
417079,1
417087,2
417106,1
417113,1
417116,1
417120,1
417122,1
417128,2
417134,1
417136,1
417139,1
417142,1
417145,1
417148,2
417150,1
417154,1
417156,1
417161,2
417165,2
417167,1
417172,1
417177,1
417184,1
417186,1
417191,1
417208,1
417217,1
417220,1
417231,1
417247,1
417254,1
417267,1
417274,1
417276,1
417280,1
417283,1
417288,1
417294,1
417311,1
417313,1
417315,1
417318,1
417329,1
417339,1
417356,1
417358,1
417364,1
417369,1
417373,1
417385,2
417391,1
417393,1
417401,1
417403,1
417405,1
417415,2
417418,1
417422,1
417425,2
417432,1
417449,1
417457,1
417460,1
417464,1
417473,1
417479,1
417484,1
417489,1
417493,1
417496,1
417513,1
417519,1
417522,1
417524,1
417534,1
417536,1
417539,2
417548,1
417551,1
417556,1
417558,1
417563,1
417569,2
417573,1
417576,1
417582,1
417584,1
417591,1
417601,1
417607,1
417612,1
417616,1
417621,1
417624,1
417629,1
417641,1
417644,1
417647,1
417651,1
417656,1
417660,1
417664,1
417666,1
417669,1
417673,1
417676,1
417680,1
417691,1
417693,1
417698,1
417705,1
417714,1
417716,1
417721,1
417724,1
417729,1
417752,1
417757,2
417760,1
417764,1
417774,1
417780,1
417786,1
417807,1
417811,1
417813,1
417816,1
417820,1
417824,1
417828,1
417831,1
417833,1
417842,2
417849,1
417857,1
417859,1
417865,1
417873,1
417879,1
417891,1
417893,1
417899,2
417904,1
417906,1
417909,1
417915,1
417917,1
417927,1
417930,1
417934,2
417943,1
417955,1
417965,1
417969,1
417980,2
417983,1
417987,2
417992,1
417994,1
418003,1
418010,1
418012,1
418027,1
418029,1
418037,1
418045,1
418048,1
418051,1
418057,1
418059,1
418061,1
418066,1
418068,1
418075,1
418078,1
418081,1
418086,1
418094,1
418096,1
418098,1
418101,1
418107,1
418109,1
418114,1
418116,1
418134,2
418141,1
418143,1
418148,1
418154,1
418159,1
418162,1
418164,1
418190,1
418196,1
418198,1
418201,1
418203,1
418208,1
418212,1
418222,1
418228,1
418233,1
418235,1
418237,1
418242,1
418254,1
418259,1
418266,1
418275,1
418283,1
418286,1
418289,1
418299,1
418312,1
418315,1
418317,1
418324,1
418332,1
418335,1
418343,1
418351,1
418359,1
418370,1
418382,1
418388,1
418399,1
418402,1
418413,1
418415,1
418420,1
418426,1
418431,1
418443,1
418446,1
418450,1
418457,1
418464,1
418466,1
418474,1
418476,1
418478,1
418483,1
418485,1
418490,1
418495,1
418500,1
418510,1
418515,1
418517,1
418532,1
418534,1
418541,1
418557,1
418570,1
418581,1
418585,1
418587,1
418596,1
418600,1
418615,1
418619,1
418622,1
418627,1
418629,1
418639,1
418653,1
418656,1
418659,2
418664,1
418667,1
418669,1
418679,1
418691,1
418705,1
418709,1
418713,1
418719,1
418733,1
418743,1
418754,1
418758,1
418762,1
418769,1
418805,1
418817,1
418824,1
418834,2
418836,1
418839,1
418844,1
418850,1
418857,1
418863,1
418866,1
418868,1
418872,1
418882,1
418892,1
418898,1
418921,1
418923,1
418930,1
418938,1
418940,1
418942,1
418944,1
418948,1
418952,1
418961,1
418966,1
418973,1
418975,1
418977,1
418979,1
418982,1
418991,1
418994,1
419001,1
419006,1
419018,1
419027,1
419030,1
419032,1
419038,2
419049,1
419053,1
419058,1
419060,1
419064,1
419067,1
419075,1
419083,1
419087,2
419089,1
419095,1
419104,1
419112,1
419115,1
419118,1
419120,1
419129,1
419133,1
419136,1
419142,1
419146,1
419149,1
419151,1
419155,1
419162,1
419164,1
419168,1
419174,2
419178,1
419181,1
419183,1
419194,2
419204,1
419207,1
419212,1
419217,1
419220,1
419223,1
419229,2
419233,1
419237,1
419239,1
419255,1
419264,1
419269,1
419273,1
419283,1
419285,1
419300,1
419313,1
419315,1
419323,1
419331,1
419337,1
419339,1
419346,1
419358,1
419373,1
419375,1
419379,1
419382,1
419386,1
419388,1
419390,1
419392,1
419400,1
419402,1
419406,1
419410,1
419413,1
419418,1
419424,1
419433,1
419435,1
419441,1
419444,1
419446,1
419455,1
419457,1
419465,1
419485,1
419492,1
419495,1
419499,1
419512,2
419515,1
419521,1
419545,1
419547,1
419549,1
419551,1
419560,1
419566,1
419570,2
419579,1
419584,1
419594,1
419600,1
419604,2
419613,1
419619,1
419621,1
419625,1
419629,1
419635,1
419644,1
419647,1
419649,1
419654,1
419662,1
419665,1
419677,1
419681,1
419684,1
419688,2
419691,1
419693,1
419696,1
419703,1
419706,1
419712,1
419716,1
419722,1
419725,1
419728,1
419730,1
419733,1
419738,2
419741,1
419744,1
419747,1
419751,1
419754,1
419760,1
419767,1
419771,1
419773,1
419786,1
419788,1
419795,1
419797,1
419800,1
419804,1
419820,1
419834,1
419838,1
419845,1
419848,1
419850,1
419852,1
419854,1
419857,1
419860,1
419867,1
419873,1
419884,1
419893,1
419897,1
419910,1
419912,1
419918,1
419925,1
419929,1
419932,1
419945,1
419947,1
419951,1
419953,1
419964,1
419967,1
419984,1
419987,1
419992,1
419995,1
419997,1
420001,1
420004,1
420009,1
420011,1
420014,1
420018,1
420028,1
420032,1
420040,1
420044,1
420048,2
420051,1
420054,1
420059,1
420063,1
420065,1
420069,1
420078,2
420081,1
420084,1
420089,1
420093,1
420095,1
420110,1
420123,1
420127,1
420141,1
420145,1
420160,1
420162,1
420191,1
420200,1
420204,1
420209,1
420214,1
420220,1
420224,1
420227,1
420232,1
420234,1
420237,1
420242,1
420251,1
420259,1
420262,1
420268,1
420273,1
420275,1
420279,1
420285,1
420292,1
420297,1
420307,2
420310,1
420314,1
420323,1
420325,1
420329,1
420331,1
420335,1
420342,1
420346,1
420351,1
420361,1
420365,1
420368,1
420374,1
420377,1
420396,1
420401,1
420403,1
420405,1
420415,1
420417,1
420423,1
420431,1
420434,1
420436,1
420447,1
420456,1
420462,1
420468,1
420470,1
420478,1
420481,1
420484,1
420489,1
420496,1
420498,1
420501,1
420505,1
420510,1
420521,1
420530,1
420534,1
420537,1
420540,1
420542,1
420546,1
420554,1
420558,1
420561,1
420565,1
420570,1
420573,1
420576,1
420581,1
420583,1
420585,1
420588,1
420595,1
420598,1
420601,1
420603,1
420609,1
420612,1
420614,1
420617,1
420619,1
420621,1
420623,1
420635,1
420651,1
420669,1
420674,1
420679,1
420686,1
420697,1
420730,1
420733,1
420737,1
420739,1
420746,1
420749,1
420754,1
420756,1
420765,1
420773,1
420781,1
420783,1
420786,1
420792,1
420796,1
420814,1
420819,1
420824,1
420828,1
420831,1
420835,2
420842,1
420844,1
420846,1
420848,1
420852,1
420861,1
420868,1
420872,1
420874,1
420877,1
420884,1
420889,1
420902,1
420905,1
420907,1
420917,1
420922,1
420925,1
420934,1
420936,1
420945,1
420972,1
420982,1
420987,1
420994,1
420996,1
421002,1
421005,1
421009,1
421022,2
421028,1
421033,1
421038,1
421048,1
421051,1
421055,1
421061,1
421070,1
421093,1
421102,1
421110,1
421113,1
421121,1
421131,1
421134,1
421148,1
421151,1
421165,1
421167,1
421170,1
421180,1
421183,1
421186,1
421190,1
421197,1
421201,1
421205,1
421212,1
421214,1
421218,1
421221,1
421223,1
421225,1
421230,1
421242,2
421247,1
421249,1
421258,1
421279,1
421283,1
421291,1
421299,1
421304,1
421312,1
421316,1
421327,2
421334,1
421338,1
421341,1
421343,1
421346,1
421355,1
421361,1
421366,1
421368,1
421371,1
421374,1
421379,1
421383,1
421387,1
421392,1
421399,2
421406,1
421408,1
421414,1
421420,1
421433,1
421442,1
421450,1
421461,1
421467,1
421488,1
421491,1
421494,1
421501,1
421505,1
421508,2
421513,1
421515,1
421524,1
421535,1
421537,1
421545,1
421549,1
421559,1
421563,1
421566,1
421569,1
421578,1
421580,1
421583,1
421599,1
421609,1
421628,1
421636,1
421644,1
421654,1
421660,1
421665,1
421690,1
421694,1
421698,1
421709,1
421719,1
421732,1
421734,1
421740,1
421747,1
421756,1
421758,1
421768,1
421773,1
421789,1
421796,1
421800,1
421808,1
421812,1
421816,1
421820,1
421823,1
421826,1
421846,1
421865,1
421871,1
421877,1
421881,1
421884,1
421888,1
421890,1
421907,1
421909,1
421912,1
421922,2
421926,1
421936,1
421963,1
421969,1
421984,1
421986,1
421993,1
422011,1
422020,1
422027,1
422041,2
422044,1
422046,1
422048,1
422058,1
422064,1
422095,1
422099,1
422101,1
422103,1
422110,1
422116,1
422118,1
422120,1
422124,1
422134,1
422139,1
422142,2
422155,1
422166,2
422169,1
422182,1
422191,1
422196,1
422202,1
422205,1
422215,1
422220,1
422226,1
422230,1
422236,1
422242,1
422244,1
422248,1
422263,1
422265,1
422267,1
422270,1
422275,1
422278,1
422288,1
422296,1
422300,1
422306,1
422311,1
422314,1
422325,1
422329,1
422335,1
422343,1
422345,1
422348,1
422351,1
422356,1
422359,1
422365,1
422368,1
422379,1
422403,1
422406,1
422411,1
422427,1
422431,1
422435,1
422443,1
422451,1
422459,1
422461,1
422468,1
422479,1
422481,1
422489,1
422500,1
422504,1
422514,1
422516,1
422518,1
422520,1
422529,1
422531,1
422534,1
422536,1
422550,1
422556,1
422562,1
422569,1
422573,1
422576,1
422579,1
422581,1
422587,1
422596,1
422600,2
422604,1
422606,1
422611,1
422613,1
422615,1
422622,1
422628,1
422635,2
422639,1
422641,1
422643,1
422651,1
422653,1
422656,1
422679,1
422681,1
422683,1
422685,1
422691,1
422699,1
422704,1
422712,2
422735,1
422739,1
422743,1
422745,1
422747,1
422750,2
422759,1
422761,1
422764,1
422769,1
422781,1
422783,1
422798,1
422801,1
422804,1
422810,1
422817,1
422819,1
422823,1
422828,1
422835,1
422839,1
422841,1
422846,1
422849,1
422857,1
422872,1
422876,1
422880,1
422889,1
422896,1
422899,1
422910,1
422914,1
422932,1
422935,1
422941,1
422947,1
422967,1
422970,1
422979,1
422986,1
422992,1
422994,1
423001,1
423019,1
423023,1
423025,1
423028,1
423036,2
423043,1
423049,1
423051,1
423054,1
423056,1
423060,1
423066,1
423078,1
423089,1
423098,1
423103,2
423111,1
423118,1
423132,1
423145,1
423157,1
423165,2
423174,1
423180,1
423191,1
423197,1
423200,1
423204,1
423210,1
423217,1
423219,1
423237,1
423239,1
423241,1
423243,1
423252,1
423257,1
423263,1
423272,1
423279,1
423285,1
423296,1
423299,1
423310,1
423315,1
423317,1
423327,1
423332,1
423334,1
423337,1
423343,1
423350,1
423353,1
423357,1
423361,1
423365,1
423374,1
423377,1
423390,1
423392,1
423394,1
423396,1
423399,1
423407,1
423411,1
423415,1
423422,1
423424,1
423431,1
423433,1
423442,1
423447,1
423449,1
423451,1
423457,1
423460,1
423462,1
423465,1
423468,1
423471,1
423479,1
423484,1
423488,1
423495,1
423498,1
423519,1
423537,1
423540,1
423561,1
423564,1
423572,1
423576,1
423583,1
423590,1
423596,1
423599,1
423601,1
423603,1
423606,2
423608,1
423616,1
423636,1
423658,1
423661,1
423665,1
423668,1
423678,1
423687,1
423689,1
423692,1
423695,1
423698,1
423700,1
423709,1
423713,2
423716,1
423719,2
423725,1
423728,1
423745,2
423748,1
423751,1
423753,1
423756,1
423761,1
423764,1
423766,1
423772,1
423776,1
423778,1
423780,1
423783,1
423792,1
423804,1
423806,1
423808,1
423811,1
423814,1
423826,1
423831,1
423848,1
423864,2
423866,1
423881,1
423892,1
423897,1
423899,1
423901,1
423906,1
423924,1
423932,1
423937,1
423945,1
423947,1
423949,1
423956,1
423983,1
423999,1
424008,1
424014,2
424026,1
424031,1
424036,1
424039,1
424042,1
424048,1
424052,1
424057,1
424064,1
424069,1
424079,1
424098,1
424111,1
424115,1
424123,1
424125,1
424128,1
424135,1
424141,1
424149,2
424153,1
424159,1
424161,1
424173,1
424179,1
424187,2
424191,1
424198,1
424208,1
424211,1
424239,2
424272,1
424278,1
424282,1
424287,1
424304,1
424313,1
424321,1
424332,1
424337,1
424339,1
424344,2
424364,1
424374,1
424379,1
424390,1
424394,1
424400,1
424402,1
424413,1
424418,1
424433,1
424455,1
424458,1
424465,1
424468,1
424472,1
424474,1
424478,1
424489,1
424492,1
424494,1
424496,1
424504,1
424512,1
424520,1
424522,1
424525,1
424531,1
424550,1
424560,1
424567,1
424571,1
424603,1
424605,1
424628,1
424634,1
424638,1
424641,1
424646,1
424649,1
424652,1
424654,1
424659,1
424667,1
424669,1
424671,1
424688,1
424700,1
424707,1
424715,1
424719,1
424725,2
424730,1
424737,1
424743,1
424753,1
424761,1
424771,1
424776,1
424780,1
424794,1
424801,1
424815,1
424825,1
424827,1
424831,1
424836,1
424849,1
424863,1
424875,1
424879,1
424886,1
424891,1
424894,1
424909,1
424912,1
424928,1
424936,1
424945,1
424949,1
424952,1
424955,2
424961,1
424963,1
424969,1
424971,1
424986,1
424989,1
424992,1
425008,1
425010,1
425016,1
425052,1
425060,1
425063,1
425065,1
425067,1
425074,1
425077,1
425084,1
425095,1
425097,1
425100,1
425110,1
425112,1
425120,1
425123,1
425127,1
425140,1
425163,1
425166,1
425171,1
425174,1
425180,1
425189,1
425194,1
425197,1
425201,1
425212,1
425221,2
425223,1
425228,1
425230,1
425234,1
425238,1
425245,1
425251,1
425262,1
425274,2
425287,1
425291,1
425295,1
425303,1
425312,2
425319,1
425329,1
425331,1
425333,1
425335,1
425347,1
425350,1
425355,1
425358,1
425364,1
425368,1
425370,1
425377,1
425381,1
425386,1
425389,2
425396,1
425411,1
425418,1
425421,1
425426,1
425433,1
425441,1
425443,1
425446,2
425464,1
425469,1
425472,1
425474,1
425479,1
425482,1
425485,1
425488,2
425492,1
425494,1
425500,1
425503,1
425515,1
425520,1
425529,1
425533,1
425535,1
425544,1
425557,1
425561,2
425563,1
425579,2
425587,1
425591,1
425597,1
425602,1
425606,1
425608,1
425615,1
425620,2
425624,1
425630,1
425633,2
425641,1
425643,1
425647,1
425651,1
425655,1
425661,1
425665,1
425670,1
425672,1
425674,1
425681,1
425701,1
425703,1
425708,1
425710,1
425713,1
425717,1
425725,1
425733,1
425736,1
425739,1
425744,1
425758,1
425767,1
425779,1
425788,1
425791,1
425797,1
425802,1
425807,1
425818,1
425825,1
425834,1
425836,1
425839,1
425842,1
425857,1
425861,1
425863,1
425871,1
425889,1
425894,1
425898,2
425905,1
425908,1
425920,1
425924,1
425934,1
425937,1
425939,1
425941,1
425948,1
425958,2
425962,1
425967,1
425971,1
425974,1
425979,1
426004,1
426006,1
426015,1
426017,1
426023,1
426025,1
426034,1
426037,2
426039,1
426044,1
426050,1
426055,1
426058,1
426069,1
426072,1
426078,1
426083,1
426092,1
426099,1
426112,1
426126,1
426138,1
426142,1
426152,2
426181,1
426183,1
426185,1
426187,1
426194,1
426200,1
426206,1
426221,1
426223,1
426233,1
426237,1
426243,1
426257,1
426266,1
426275,1
426279,1
426285,1
426296,1
426310,1
426341,1
426347,1
426357,1
426367,1
426374,1
426376,1
426378,1
426391,1
426394,1
426402,1
426410,1
426415,1
426429,1
426431,1
426440,1
426443,2
426453,1
426455,1
426465,1
426469,1
426472,1
426479,1
426481,1
426488,1
426490,1
426507,1
426509,1
426515,1
426521,1
426527,1
426531,1
426533,1
426543,1
426545,1
426547,1
426563,1
426571,1
426575,1
426581,1
426586,1
426595,1
426601,1
426603,1
426605,1
426612,1
426614,1
426620,1
426622,1
426639,1
426656,1
426660,1
426664,1
426673,2
426676,2
426682,1
426689,1
426699,1
426710,1
426715,1
426731,1
426739,1
426746,1
426756,1
426767,1
426773,1
426776,1
426784,1
426791,1
426809,1
426817,2
426819,1
426828,1
426831,1
426833,1
426847,1
426849,1
426852,1
426859,1
426861,1
426865,1
426868,1
426871,1
426919,1
426923,1
426929,1
426946,1
426952,1
426974,1
426983,1
427012,2
427016,1
427020,1
427022,1
427024,1
427026,1
427036,1
427039,1
427052,2
427056,1
427059,1
427062,1
427068,1
427088,1
427094,1
427096,1
427098,1
427100,1
427108,1
427110,1
427115,1
427120,2
427137,1
427152,1
427154,1
427156,1
427165,1
427173,1
427176,1
427184,1
427188,1
427191,1
427193,1
427195,1
427197,1
427206,1
427211,1
427218,1
427224,1
427230,2
427234,1
427236,1
427247,1
427249,1
427251,1
427253,1
427260,1
427269,1
427271,1
427273,1
427275,1
427280,1
427288,1
427300,1
427305,1
427310,1
427325,1
427328,1
427334,1
427345,1
427357,1
427361,1
427364,2
427370,1
427375,1
427383,1
427386,1
427389,1
427399,1
427401,1
427417,1
427420,1
427422,1
427437,1
427440,1
427443,1
427450,1
427475,1
427487,1
427494,1
427496,1
427503,1
427514,1
427517,2
427521,1
427523,1
427537,1
427539,1
427553,2
427572,1
427582,1
427589,1
427591,1
427593,1
427598,1
427609,1
427612,1
427618,1
427626,1
427628,1
427630,1
427633,1
427649,1
427660,2
427664,1
427668,1
427689,1
427696,1
427704,1
427706,1
427716,1
427722,1
427724,1
427736,1
427742,1
427744,1
427751,1
427757,1
427765,1
427767,1
427781,2
427836,1
427838,1
427849,1
427855,1
427859,2
427862,1
427868,1
427874,1
427883,1
427886,1
427888,1
427895,1
427897,1
427901,1
427911,1
427914,1
427920,1
427930,1
427935,1
427949,1
427958,1
427964,1
427966,1
427971,1
427973,1
427988,1
427992,1
427994,1
428000,1
428002,1
428010,1
428013,2
428017,1
428019,1
428025,1
428031,1
428034,1
428039,1
428045,1
428047,1
428049,1
428055,1
428058,2
428071,2
428073,1
428080,1
428082,1
428085,1
428087,1
428090,1
428093,1
428101,1
428103,1
428116,1
428118,1
428121,1
428125,1
428133,1
428142,2
428152,1
428158,1
428161,1
428163,1
428165,1
428167,1
428192,1
428194,1
428204,1
428210,1
428219,1
428228,1
428230,1
428236,1
428238,1
428241,2
428243,1
428256,1
428270,1
428273,1
428275,1
428282,1
428288,1
428309,1
428331,1
428333,1
428341,1
428348,1
428355,1
428378,1
428381,1
428395,1
428401,1
428405,1
428410,1
428414,1
428420,2
428425,1
428428,2
428431,1
428437,1
428443,1
428451,2
428460,1
428463,1
428465,1
428467,1
428472,1
428480,1
428485,1
428490,1
428492,1
428497,1
428504,1
428515,1
428519,2
428522,1
428524,1
428541,1
428557,1
428560,1
428564,1
428567,1
428578,1
428580,1
428594,1
428600,2
428610,1
428612,1
428617,1
428619,1
428636,1
428641,1
428654,1
428657,1
428661,1
428669,1
428674,1
428676,1
428683,1
428696,1
428700,1
428704,1
428711,1
428714,1
428727,1
428731,1
428735,1
428742,1
428744,1
428747,1
428753,1
428755,1
428762,1
428771,1
428785,1
428815,1
428819,1
428821,1
428827,1
428829,1
428831,1
428834,1
428840,1
428844,1
428847,1
428850,1
428852,1
428856,1
428865,1
428867,1
428869,1
428872,1
428885,1
428887,1
428889,1
428901,1
428904,1
428921,2
428924,1
428927,1
428939,1
428942,1
428944,1
428957,1
428964,1
428977,1
428979,1
428993,1
428998,2
429001,1
429009,1
429018,2
429020,1
429037,2
429050,1
429063,1
429072,1
429074,1
429092,1
429094,1
429096,1
429099,1
429101,1
429112,1
429116,1
429125,1
429127,1
429130,1
429135,2
429142,1
429151,1
429159,1
429167,1
429173,1
429185,1
429187,1
429189,1
429193,1
429206,1
429208,1
429223,1
429225,1
429227,1
429229,1
429242,1
429254,1
429266,2
429280,1
429287,1
429289,1
429298,1
429318,1
429320,1
429329,1
429338,1
429342,1
429353,1
429357,1
429376,1
429385,1
429394,1
429397,1
429401,1
429405,1
429411,1
429413,1
429417,1
429420,2
429425,1
429430,1
429434,1
429436,1
429453,1
429465,1
429468,1
429474,1
429476,1
429504,1
429510,1
429516,1
429519,1
429523,1
429526,1
429531,1
429533,1
429539,1
429545,1
429549,1
429553,1
429569,1
429576,1
429585,1
429587,1
429589,1
429594,1
429601,1
429604,1
429610,2
429622,1
429624,1
429626,1
429639,1
429655,1
429661,1
429664,1
429674,1
429677,1
429682,1
429698,1
429702,1
429713,1
429718,1
429720,1
429722,1
429738,2
429740,1
429745,1
429761,1
429768,1
429774,1
429776,1
429778,1
429794,1
429815,1
429818,1
429823,1
429825,1
429827,1
429833,1
429836,1
429838,1
429849,1
429851,1
429853,1
429856,1
429861,1
429871,1
429873,1
429876,1
429884,1
429893,1
429896,1
429907,1
429910,1
429913,1
429915,1
429930,1
429933,1
429948,1
429951,1
429956,1
429964,1
429968,1
429970,1
429972,1
429983,2
429988,1
429990,1
429993,2
429999,1
430004,1
430019,1
430023,1
430026,1
430033,1
430036,1
430039,1
430041,1
430045,1
430053,1
430056,1
430062,1
430064,1
430073,1
430077,1
430079,1
430089,1
430094,1
430100,1
430102,1
430105,1
430107,1
430116,1
430118,1
430124,1
430133,1
430136,1
430140,1
430154,1
430160,1
430165,1
430170,1
430176,1
430178,1
430185,1
430197,1
430202,1
430204,1
430208,1
430218,1
430221,1
430232,1
430234,1
430239,1
430247,1
430253,1
430266,1
430270,2
430272,1
430289,1
430298,1
430310,1
430321,1
430325,1
430335,1
430337,1
430342,1
430347,1
430349,1
430351,1
430365,1
430383,1
430386,1
430400,1
430402,1
430404,1
430407,2
430410,1
430412,1
430422,1
430441,1
430444,1
430449,1
430453,1
430460,1
430463,1
430465,1
430472,1
430474,1
430479,1
430481,1
430484,1
430490,1
430499,1
430503,1
430505,1
430508,1
430510,1
430520,1
430527,1
430534,1
430538,1
430541,1
430554,1
430570,1
430577,1
430582,1
430596,1
430599,1
430603,1
430609,1
430613,1
430630,1
430641,1
430643,1
430654,2
430659,1
430661,1
430666,1
430671,1
430674,1
430688,1
430693,3
430699,1
430708,1
430710,1
430712,1
430728,1
430731,1
430742,1
430750,1
430761,1
430764,1
430769,1
430776,1
430784,1
430787,1
430802,1
430806,1
430813,1
430818,1
430822,1
430832,1
430841,1
430847,1
430856,1
430862,1
430864,1
430866,1
430876,1
430883,1
430886,1
430889,1
430896,1
430899,1
430901,1
430904,2
430910,1
430914,1
430917,1
430921,1
430924,1
430927,1
430934,1
430938,1
430942,1
430951,1
430970,1
430972,1
430975,1
430991,1
430993,1
431012,1
431020,1
431024,1
431034,1
431040,1
431048,1
431051,1
431058,1
431067,1
431070,1
431073,2
431086,1
431088,1
431105,1
431107,1
431117,1
431121,1
431125,1
431128,1
431138,1
431144,1
431146,1
431149,1
431151,1
431168,2
431173,1
431182,1
431187,1
431193,1
431195,1
431198,1
431201,1
431203,1
431206,1
431208,1
431211,1
431218,1
431222,1
431224,1
431230,1
431239,1
431246,1
431248,1
431256,1
431260,1
431262,1
431264,1
431273,1
431279,1
431281,1
431283,1
431292,1
431296,1
431299,1
431301,1
431312,1
431314,1
431316,1
431321,1
431323,1
431335,1
431346,1
431370,1
431383,1
431392,1
431394,1
431397,1
431406,1
431410,1
431413,1
431422,1
431426,1
431441,1
431445,1
431450,1
431452,1
431462,1
431469,1
431485,1
431487,1
431493,1
431501,1
431507,1
431513,1
431521,1
431526,1
431532,1
431536,1
431547,1
431549,1
431559,1
431565,2
431570,1
431582,1
431589,1
431600,1
431602,1
431620,1
431622,1
431625,1
431632,1
431634,1
431640,1
431651,1
431653,1
431659,1
431663,1
431669,1
431675,1
431678,1
431680,1
431682,1
431685,2
431691,1
431694,1
431699,1
431713,1
431716,1
431719,1
431722,1
431730,1
431736,1
431739,1
431745,1
431747,1
431751,1
431753,1
431756,1
431758,1
431776,1
431784,1
431794,1
431797,1
431802,1
431805,1
431811,1
431829,1
431842,1
431845,1
431848,1
431857,1
431888,1
431890,1
431898,1
431926,1
431933,1
431935,1
431941,1
431950,1
431960,1
431962,1
431964,1
431966,1
431970,1
431976,1
431982,1
431985,1
431987,1
431998,1
432001,1
432004,1
432007,1
432012,1
432016,1
432036,1
432038,1
432041,2
432049,1
432055,1
432065,1
432078,1
432091,1
432099,1
432109,1
432116,1
432121,1
432151,1
432156,1
432168,1
432190,1
432192,1
432207,1
432209,1
432212,1
432225,1
432230,1
432232,1
432241,1
432244,1
432269,1
432273,1
432285,1
432296,1
432304,1
432307,1
432315,1
432325,1
432328,1
432334,1
432337,1
432341,1
432346,2
432351,2
432353,1
432360,1
432365,1
432367,1
432371,1
432399,1
432421,1
432437,1
432449,1
432454,1
432457,1
432460,1
432462,1
432472,1
432474,1
432476,1
432493,1
432495,1
432500,1
432503,1
432511,1
432515,1
432519,2
432536,1
432539,1
432543,1
432551,1
432554,1
432566,1
432569,1
432571,1
432575,1
432584,1
432590,1
432592,1
432595,1
432604,1
432610,2
432612,1
432626,1
432629,1
432639,1
432644,1
432649,2
432651,1
432653,1
432655,1
432660,1
432665,1
432670,2
432673,2
432690,1
432702,2
432707,2
432713,2
432734,1
432743,1
432745,1
432756,1
432761,1
432763,1
432776,1
432778,1
432781,1
432783,1
432786,1
432798,1
432812,1
432817,1
432820,1
432823,1
432828,1
432837,1
432848,1
432861,1
432876,2
432878,1
432880,1
432896,1
432904,1
432906,1
432910,1
432914,1
432919,1
432931,1
432934,1
432936,1
432942,1
432944,1
432952,1
432954,1
432961,1
432970,1
432975,1
432998,1
433004,1
433008,1
433010,1
433013,1
433025,1
433027,1
433030,1
433039,1
433045,1
433047,1
433049,1
433051,1
433058,1
433061,1
433066,1
433068,1
433070,1
433072,1
433077,1
433086,2
433090,1
433100,1
433105,1
433113,1
433120,1
433122,1
433130,1
433135,1
433140,1
433143,1
433146,1
433159,2
433161,1
433166,1
433175,1
433177,1
433180,1
433182,1
433185,1
433191,1
433201,1
433212,1
433234,1
433238,1
433254,1
433258,1
433271,1
433275,2
433292,1
433295,1
433306,1
433312,1
433314,1
433317,1
433330,1
433347,1
433349,1
433356,1
433367,1
433373,1
433375,1
433384,1
433387,1
433390,1
433393,1
433397,1
433406,1
433408,1
433423,1
433426,1
433443,2
433447,1
433459,1
433464,1
433470,1
433473,1
433485,2
433489,1
433503,1
433505,1
433507,1
433512,1
433516,1
433519,1
433521,1
433524,1
433526,1
433530,1
433533,1
433541,1
433557,1
433560,1
433570,1
433574,1
433577,1
433580,1
433595,1
433597,1
433600,1
433603,1
433612,1
433618,1
433625,1
433636,1
433640,1
433644,1
433647,1
433649,1
433652,1
433654,1
433658,1
433669,1
433672,1
433678,1
433683,1
433695,1
433699,1
433706,1
433712,1
433718,1
433729,1
433736,2
433747,1
433751,1
433760,1
433769,2
433773,1
433786,1
433789,1
433795,1
433802,1
433807,1
433812,1
433816,1
433820,1
433823,1
433825,1
433827,1
433831,2
433839,1
433845,2
433858,1
433863,1
433869,1
433879,1
433882,1
433884,1
433888,1
433901,1
433915,2
433920,1
433925,1
433937,1
433941,1
433952,1
433957,1
433959,1
433964,1
433971,1
433975,1
433980,2
433991,1
433993,1
433997,1
433999,1
434007,1
434017,1
434021,1
434028,1
434036,1
434052,1
434064,1
434071,1
434109,1
434113,1
434127,1
434129,1
434132,1
434135,1
434146,1
434148,1
434158,1
434163,1
434170,2
434172,1
434179,1
434185,1
434187,1
434189,1
434202,1
434206,1
434210,1
434214,1
434226,1
434240,1
434242,1
434246,1
434261,1
434264,1
434277,1
434281,1
434283,1
434288,1
434298,1
434302,2
434311,1
434314,1
434316,1
434321,1
434323,1
434326,1
434328,1
434332,1
434338,1
434341,1
434351,1
434358,2
434361,1
434376,1
434379,1
434395,1
434412,1
434415,1
434417,1
434426,1
434432,1
434437,1
434440,1
434442,1
434447,1
434454,1
434456,1
434459,1
434464,1
434473,1
434475,1
434477,1
434480,1
434483,2
434492,1
434510,1
434512,1
434517,1
434520,1
434529,1
434547,1
434551,1
434566,1
434569,1
434579,1
434587,1
434595,1
434597,1
434609,1
434619,1
434622,1
434625,1
434627,1
434630,1
434643,1
434647,1
434659,1
434661,1
434664,2
434708,1
434711,1
434724,1
434733,1
434738,1
434740,1
434746,1
434748,1
434762,1
434770,1
434784,1
434786,1
434812,1
434834,1
434837,1
434850,1
434854,1
434862,1
434864,1
434871,1
434874,1
434880,1
434890,1
434908,1
434911,2
434919,1
434925,1
434928,1
434930,1
434932,1
434935,1
434940,1
434942,1
434944,1
434950,1
434954,1
434958,1
434961,2
434963,1
434967,1
434970,1
434982,1
434986,1
435000,1
435002,1
435027,1
435035,1
435040,1
435046,1
435054,1
435059,1
435063,1
435065,1
435067,1
435069,1
435075,1
435084,1
435088,1
435095,1
435099,1
435103,1
435106,2
435109,1
435111,1
435116,1
435119,1
435126,2
435135,1
435138,1
435150,1
435152,1
435159,1
435174,1
435192,1
435202,1
435207,1
435210,1
435223,1
435227,1
435233,1
435240,1
435244,1
435246,1
435251,1
435253,1
435256,2
435258,1
435264,1
435270,1
435273,2
435282,1
435285,1
435293,1
435302,1
435308,1
435315,1
435327,1
435342,1
435345,1
435348,2
435360,1
435364,1
435371,1
435377,1
435395,1
435402,1
435405,1
435425,1
435430,1
435442,1
435458,1
435462,1
435470,1
435477,1
435479,1
435482,1
435484,1
435497,1
435500,2
435510,1
435512,1
435517,1
435523,1
435525,1
435533,1
435538,1
435541,1
435548,1
435555,1
435558,1
435561,2
435563,1
435572,1
435574,1
435576,1
435582,1
435587,1
435591,1
435594,1
435604,1
435609,1
435611,1
435619,1
435621,1
435626,1
435628,1
435634,2
435636,1
435650,1
435653,2
435659,1
435663,1
435665,1
435668,2
435670,1
435680,1
435687,1
435698,1
435700,1
435703,1
435708,1
435710,1
435715,1
435718,1
435720,1
435725,1
435728,1
435730,1
435733,1
435736,1
435738,1
435757,1
435762,1
435765,1
435767,1
435769,1
435774,1
435785,1
435789,2
435800,1
435816,1
435820,1
435823,1
435832,1
435841,2
435852,1
435859,1
435861,1
435875,1
435877,1
435880,2
435884,1
435896,1
435899,1
435909,1
435913,1
435916,1
435918,1
435923,1
435930,1
435937,2
435941,1
435951,1
435953,1
435955,1
435960,1
435971,1
435975,1
435986,1
435989,1
435992,1
435998,1
436000,1
436012,1
436028,1
436034,2
436041,1
436047,1
436049,1
436051,1
436062,1
436068,1
436070,1
436082,1
436085,1
436088,1
436095,1
436099,1
436106,1
436109,1
436115,1
436118,1
436121,1
436127,1
436131,1
436143,1
436146,1
436155,1
436161,1
436163,1
436174,1
436182,1
436184,1
436186,1
436195,1
436197,1
436201,1
436205,1
436208,1
436211,1
436213,1
436217,1
436220,1
436225,1
436230,1
436232,1
436238,1
436242,2
436253,1
436265,1
436269,1
436275,1
436277,1
436292,1
436295,1
436297,1
436303,1
436309,1
436313,1
436317,1
436322,1
436336,1
436341,1
436343,1
436348,1
436352,1
436354,1
436357,1
436365,1
436374,2
436386,1
436403,1
436410,1
436417,1
436420,1
436430,1
436436,1
436447,1
436462,1
436469,1
436475,1
436479,1
436482,1
436490,1
436494,1
436504,1
436506,1
436511,1
436515,1
436524,1
436528,2
436535,1
436539,1
436541,1
436544,1
436548,1
436556,1
436559,1
436575,1
436578,1
436580,1
436582,1
436585,1
436594,1
436596,1
436599,1
436608,1
436614,1
436619,1
436623,1
436629,1
436632,1
436649,1
436653,1
436656,1
436659,1
436673,1
436675,1
436684,1
436689,1
436694,1
436697,1
436701,1
436710,1
436715,1
436725,1
436727,1
436735,1
436741,1
436744,1
436751,1
436755,1
436768,1
436770,1
436783,1
436809,1
436852,1
436861,1
436863,1
436871,1
436884,1
436887,2
436893,1
436897,1
436899,1
436906,1
436910,1
436915,1
436939,1
436951,1
436957,1
436960,1
436963,2
436965,1
436973,1
436979,1
436981,1
436994,1
437000,1
437013,1
437019,1
437029,1
437031,1
437038,1
437040,1
437046,1
437056,2
437072,1
437074,1
437082,1
437091,1
437099,1
437112,1
437132,1
437136,1
437139,1
437151,1
437153,1
437167,1
437170,1
437185,1
437208,1
437217,1
437223,1
437226,1
437233,1
437238,1
437241,1
437248,1
437256,1
437261,1
437267,1
437276,1
437278,1
437281,1
437297,1
437307,1
437316,1
437320,1
437322,1
437325,1
437328,1
437339,1
437349,1
437359,1
437373,1
437379,1
437394,1
437396,1
437409,1
437418,1
437420,1
437432,1
437441,1
437445,1
437448,1
437457,2
437459,1
437465,1
437468,1
437470,1
437474,1
437482,1
437488,1
437491,1
437511,1
437515,1
437521,1
437524,1
437533,1
437555,2
437560,1
437575,1
437579,1
437590,1
437595,1
437601,1
437603,1
437607,1
437611,1
437617,1
437636,1
437644,1
437647,1
437649,1
437653,1
437661,1
437666,1
437670,1
437674,1
437676,1
437680,1
437686,1
437688,1
437694,1
437696,1
437699,1
437703,1
437705,1
437708,2
437713,1
437718,1
437734,1
437755,1
437762,1
437772,1
437793,1
437802,1
437828,1
437833,1
437837,1
437850,1
437852,1
437879,1
437889,1
437892,1
437903,1
437934,1
437942,1
437952,1
437969,2
437977,1
437983,1
437994,1
438003,1
438015,1
438026,1
438031,2
438034,1
438037,1
438042,1
438046,1
438048,1
438060,1
438064,1
438071,1
438077,2
438080,1
438089,1
438091,1
438103,1
438110,1
438114,1
438117,1
438122,1
438126,1
438136,1
438140,1
438149,1
438151,1
438156,1
438159,1
438163,1
438168,1
438173,1
438175,1
438180,1
438190,1
438194,1
438201,1
438214,1
438220,1
438223,1
438228,1
438232,1
438237,1
438246,1
438250,1
438255,1
438268,1
438273,1
438277,1
438284,1
438297,1
438302,1
438307,1
438310,1
438313,1
438321,1
438325,1
438327,1
438331,1
438337,1
438340,1
438346,1
438353,2
438365,1
438370,1
438372,1
438386,1
438395,1
438405,1
438412,1
438418,1
438420,1
438431,1
438444,1
438449,1
438455,1
438463,1
438484,2
438486,1
438498,1
438502,1
438507,1
438511,1
438515,1
438517,1
438522,1
438524,1
438527,1
438536,1
438547,1
438550,1
438560,1
438562,1
438566,1
438574,1
438577,1
438586,1
438590,1
438593,1
438612,1
438616,1
438619,1
438623,1
438626,1
438630,1
438636,1
438649,1
438654,2
438665,1
438668,1
438671,1
438677,1
438681,1
438698,1
438710,1
438714,1
438721,1
438727,1
438729,1
438731,1
438744,1
438746,1
438750,1
438759,1
438765,1
438767,1
438779,1
438794,1
438803,1
438805,1
438807,1
438827,1
438830,1
438836,1
438839,1
438843,1
438845,1
438847,1
438851,1
438856,1
438861,1
438863,1
438868,1
438870,1
438876,1
438878,1
438883,1
438890,1
438898,1
438900,1
438904,1
438911,1
438916,1
438920,1
438930,1
438933,1
438936,1
438938,1
438943,1
438948,1
438960,1
438962,1
438972,1
438974,1
438983,1
438985,1
438991,1
438994,1
439012,1
439016,1
439025,1
439030,1
439041,1
439046,1
439052,1
439054,1
439060,1
439075,1
439077,1
439093,1
439105,1
439113,1
439125,1
439128,1
439134,1
439137,1
439142,1
439148,1
439154,1
439157,1
439163,1
439165,1
439171,2
439180,1
439183,1
439186,1
439193,1
439200,1
439212,1
439223,1
439230,1
439232,1
439239,1
439244,1
439246,1
439248,1
439260,1
439263,1
439269,1
439279,1
439285,1
439287,1
439289,1
439296,1
439301,1
439304,1
439324,1
439336,1
439338,1
439343,2
439350,1
439354,1
439367,1
439379,1
439384,1
439393,1
439402,1
439410,1
439423,1
439426,1
439430,1
439434,1
439436,1
439442,1
439448,1
439452,1
439456,1
439460,1
439465,1
439468,1
439473,1
439480,1
439486,1
439497,1
439504,1
439507,1
439510,1
439514,1
439527,1
439531,1
439546,1
439550,1
439553,1
439555,1
439590,1
439595,1
439602,1
439606,1
439612,1
439624,1
439626,1
439628,1
439634,1
439637,1
439640,2
439643,1
439645,1
439669,1
439679,1
439693,1
439698,1
439701,1
439710,1
439717,1
439726,1
439728,1
439733,1
439742,1
439745,1
439748,1
439752,1
439760,1
439771,1
439773,1
439778,2
439782,1
439787,1
439789,1
439791,1
439797,1
439804,1
439809,1
439815,2
439818,1
439827,1
439837,1
439839,1
439845,1
439851,1
439857,1
439862,1
439866,1
439869,1
439872,1
439878,1
439886,1
439888,1
439890,1
439894,1
439898,2
439901,1
439905,1
439916,1
439920,1
439923,1
439927,1
439933,1
439935,1
439944,1
439950,1
439963,1
439975,1
439981,1
439983,1
439987,1
440005,1
440009,1
440020,1
440022,1
440025,1
440029,1
440033,1
440049,1
440057,1
440059,1
440066,1
440095,1
440097,1
440100,1
440105,1
440108,1
440110,1
440113,1
440118,1
440120,1
440124,1
440131,1
440135,1
440137,1
440146,1
440153,1
440158,1
440169,1
440172,1
440176,1
440178,1
440181,1
440183,1
440187,1
440189,1
440192,1
440195,1
440197,1
440202,1
440209,1
440213,1
440219,1
440224,1
440245,1
440250,1
440254,1
440257,1
440264,1
440269,1
440276,1
440279,1
440281,1
440284,1
440286,1
440288,1
440292,1
440294,1
440297,1
440299,1
440305,1
440324,1
440332,1
440340,1
440349,2
440351,1
440364,1
440369,1
440372,1
440380,1
440383,1
440388,1
440390,1
440392,1
440396,1
440401,1
440403,1
440405,1
440408,1
440415,1
440422,1
440438,1
440445,1
440447,1
440457,1
440461,1
440463,1
440473,1
440475,1
440485,1
440502,1
440510,1
440515,1
440518,1
440524,1
440528,1
440530,1
440540,1
440549,1
440567,1
440577,1
440587,1
440599,1
440608,1
440616,1
440625,1
440628,1
440634,1
440639,1
440642,1
440644,1
440656,1
440661,1
440664,1
440671,1
440678,1
440699,1
440701,1
440705,1
440707,1
440713,1
440718,1
440725,1
440727,1
440763,1
440776,1
440780,1
440801,1
440810,1
440817,1
440825,1
440832,1
440835,1
440842,1
440844,1
440858,1
440862,1
440864,1
440876,1
440893,1
440896,1
440898,1
440900,1
440903,1
440905,1
440913,1
440918,1
440927,1
440937,1
440939,1
440948,1
440951,1
440953,1
440963,1
440965,1
440970,1
440973,1
440980,1
440985,1
440990,1
440997,1
441002,1
441011,1
441021,1
441032,1
441036,1
441049,1
441057,2
441068,1
441070,1
441072,1
441075,1
441087,1
441089,1
441103,1
441107,1
441109,1
441112,1
441115,1
441119,1
441131,1
441161,1
441166,1
441183,1
441185,1
441187,1
441201,1
441205,1
441207,1
441222,1
441225,1
441229,1
441236,1
441246,1
441254,1
441258,1
441263,1
441267,1
441273,1
441290,1
441299,1
441305,1
441311,1
441313,1
441318,1
441322,1
441326,1
441332,1
441343,1
441351,1
441360,1
441371,1
441374,1
441381,1
441388,1
441394,1
441426,1
441428,1
441433,1
441448,1
441452,1
441473,1
441499,1
441501,1
441503,1
441508,1
441511,1
441514,1
441521,1
441524,1
441529,1
441535,1
441544,1
441556,1
441560,1
441562,1
441565,1
441567,1
441576,1
441587,1
441594,1
441602,1
441611,1
441615,1
441620,1
441625,1
441629,1
441631,1
441637,1
441640,1
441645,1
441649,1
441659,1
441664,1
441670,1
441680,2
441683,1
441692,1
441725,1
441727,1
441733,1
441738,1
441751,1
441754,1
441759,1
441761,1
441765,1
441768,1
441773,1
441779,1
441789,1
441791,1
441793,1
441795,1
441797,1
441808,1
441818,1
441833,1
441853,2
441860,1
441870,1
441885,1
441889,1
441906,1
441926,1
441931,1
441943,1
441947,1
441956,1
441961,1
441965,1
441981,1
441991,1
441995,1
441999,1
442004,1
442006,1
442010,1
442017,1
442019,1
442028,1
442034,1
442037,1
442039,1
442042,1
442044,1
442059,1
442071,1
442093,1
442098,1
442104,1
442106,1
442110,1
442114,1
442116,1
442120,1
442136,1
442139,1
442144,1
442146,1
442154,1
442157,1
442160,1
442167,1
442174,1
442183,1
442191,1
442195,2
442202,1
442207,1
442214,1
442223,1
442225,1
442235,1
442247,1
442249,1
442258,1
442271,1
442281,1
442285,1
442288,1
442300,1
442313,2
442318,1
442321,1
442332,2
442335,1
442339,1
442343,1
442345,1
442347,1
442349,1
442354,1
442361,2
442365,1
442373,1
442376,1
442381,1
442383,1
442392,1
442398,1
442401,1
442410,1
442412,1
442434,1
442437,1
442440,1
442455,1
442458,1
442465,1
442472,1
442475,1
442478,1
442484,1
442495,2
442500,1
442505,1
442507,1
442514,1
442519,1
442531,1
442533,1
442535,1
442538,1
442545,1
442547,1
442557,1
442566,1
442573,1
442589,1
442598,1
442606,1
442609,1
442616,1
442629,1
442643,1
442655,1
442665,1
442668,1
442670,1
442684,1
442698,1
442702,1
442706,1
442717,1
442725,1
442741,1
442745,1
442751,1
442759,1
442761,1
442764,1
442779,1
442784,1
442794,1
442797,1
442809,1
442816,1
442819,1
442821,1
442830,1
442832,1
442838,1
442840,1
442842,1
442848,1
442854,1
442857,1
442860,1
442863,1
442872,1
442874,1
442876,1
442895,1
442900,1
442907,1
442909,1
442913,1
442918,1
442927,1
442929,1
442933,1
442935,1
442945,1
442953,2
442959,1
442964,1
442972,1
442982,1
442989,1
443002,1
443004,1
443011,1
443014,2
443034,1
443043,1
443059,1
443061,1
443065,1
443068,1
443084,1
443086,1
443096,1
443102,1
443105,1
443117,1
443120,1
443123,1
443128,1
443130,1
443136,1
443142,1
443145,1
443153,1
443155,1
443163,1
443170,1
443177,1
443179,1
443185,1
443200,1
443213,1
443217,1
443219,1
443232,1
443234,1
443237,1
443239,1
443256,2
443259,1
443271,1
443277,1
443292,1
443294,1
443296,1
443306,1
443312,1
443324,1
443328,1
443334,2
443337,1
443343,1
443347,1
443350,1
443354,1
443366,1
443369,1
443375,1
443383,1
443387,1
443389,1
443391,1
443399,1
443402,1
443413,2
443417,1
443425,1
443431,2
443436,1
443445,1
443448,1
443455,1
443461,1
443465,1
443469,1
443507,1
443517,1
443519,1
443523,1
443527,1
443534,1
443542,1
443545,1
443550,1
443558,1
443563,1
443565,1
443576,1
443581,1
443592,1
443595,1
443598,1
443618,1
443625,1
443637,1
443652,1
443656,1
443659,2
443665,1
443670,1
443679,1
443683,1
443686,1
443695,2
443698,2
443707,1
443716,1
443730,1
443732,1
443743,1
443749,2
443754,1
443774,1
443776,1
443790,1
443804,1
443809,1
443811,1
443820,1
443824,1
443828,2
443831,1
443847,1
443858,1
443871,1
443875,1
443878,1
443884,1
443887,1
443892,1
443897,1
443902,1
443905,2
443908,1
443910,1
443916,1
443920,2
443930,1
443940,1
443944,1
443955,1
443957,1
443963,1
443974,1
443978,1
443987,1
444004,1
444016,1
444020,1
444028,1
444030,1
444036,1
444039,1
444043,1
444050,1
444053,1
444055,1
444057,1
444060,1
444064,1
444075,1
444080,1
444084,1
444086,1
444088,1
444094,2
444097,1
444100,1
444102,1
444128,1
444136,1
444141,1
444153,1
444157,1
444167,1
444171,1
444186,1
444194,1
444200,1
444203,1
444210,1
444212,1
444222,1
444226,2
444228,1
444236,1
444250,1
444252,1
444263,1
444275,1
444279,1
444284,1
444288,1
444296,1
444302,1
444305,2
444319,1
444330,1
444339,1
444342,1
444348,1
444352,1
444360,1
444369,1
444378,1
444380,1
444383,1
444388,1
444396,1
444414,1
444416,1
444418,1
444435,1
444444,1
444447,1
444451,1
444456,1
444464,1
444466,1
444473,1
444484,1
444486,1
444488,1
444498,1
444513,1
444515,1
444517,1
444524,1
444531,1
444533,1
444539,1
444544,1
444547,1
444559,1
444573,1
444580,1
444583,1
444590,2
444605,1
444607,1
444620,1
444623,1
444627,2
444633,1
444643,1
444645,1
444661,1
444675,1
444680,1
444684,1
444689,1
444692,1
444695,1
444710,1
444714,1
444716,1
444723,1
444729,1
444735,1
444739,2
444742,1
444756,1
444760,1
444774,1
444778,1
444783,1
444789,1
444795,1
444798,1
444807,1
444813,1
444815,1
444818,1
444827,1
444829,1
444832,1
444835,1
444837,1
444846,1
444849,1
444852,1
444854,1
444857,1
444861,1
444865,1
444874,1
444879,1
444887,1
444893,1
444899,1
444909,1
444911,1
444921,1
444924,1
444930,2
444933,2
444948,1
444950,1
444955,1
444962,1
444970,1
444977,1
444983,1
444986,1
444994,1
444997,1
445001,1
445005,1
445008,2
445016,1
445022,1
445025,1
445029,1
445033,1
445039,1
445045,2
445049,1
445057,1
445065,1
445068,1
445080,1
445082,1
445090,2
445093,1
445101,1
445104,1
445107,1
445114,1
445119,1
445130,1
445134,1
445140,2
445151,1
445157,2
445159,1
445173,1
445175,1
445177,1
445184,1
445190,1
445206,1
445213,1
445230,1
445232,1
445237,1
445251,1
445263,1
445272,1
445278,1
445283,1
445288,1
445290,1
445293,1
445295,1
445323,1
445327,1
445331,1
445339,1
445348,2
445354,1
445361,1
445364,1
445366,1
445368,1
445371,1
445379,1
445383,1
445386,2
445393,1
445403,1
445405,1
445418,1
445422,1
445444,1
445459,1
445468,1
445474,1
445477,1
445481,1
445485,1
445489,1
445494,1
445500,2
445514,1
445520,1
445523,1
445533,1
445538,2
445542,1
445552,1
445554,1
445560,1
445567,1
445569,1
445586,1
445593,1
445597,2
445600,1
445602,1
445613,1
445627,1
445631,2
445636,2
445647,1
445651,1
445656,2
445659,1
445666,1
445673,1
445678,1
445689,1
445691,1
445698,1
445702,1
445710,1
445714,1
445727,1
445732,1
445740,1
445743,1
445746,1
445749,1
445753,1
445766,2
445769,1
445779,1
445784,1
445786,1
445788,1
445796,1
445803,1
445806,1
445814,1
445818,1
445821,1
445827,1
445829,1
445840,1
445842,1
445850,1
445852,1
445865,1
445878,1
445896,1
445917,1
445923,1
445930,1
445937,1
445942,1
445945,1
445948,1
445958,1
445963,1
445967,1
445974,1
445992,1
446005,1
446013,1
446034,1
446055,1
446062,1
446071,1
446075,1
446083,1
446089,1
446107,1
446113,1
446117,1
446121,1
446133,2
446137,1
446139,1
446147,2
446157,1
446160,1
446163,1
446166,1
446169,1
446179,1
446189,1
446195,1
446200,1
446202,1
446205,1
446212,1
446221,1
446235,1
446238,1
446241,1
446249,1
446258,1
446266,1
446273,1
446277,1
446280,1
446289,1
446292,1
446298,1
446308,1
446313,1
446319,2
446321,1
446326,1
446329,1
446333,1
446341,1
446347,1
446351,1
446364,1
446366,1
446376,1
446378,1
446388,1
446390,1
446410,1
446412,1
446414,1
446418,1
446430,1
446438,1
446446,1
446449,1
446459,1
446470,2
446479,1
446486,1
446489,1
446499,1
446507,2
446528,1
446536,1
446538,1
446541,1
446545,1
446560,1
446563,1
446576,1
446582,1
446591,1
446597,1
446600,1
446603,1
446622,1
446624,1
446626,1
446628,1
446640,1
446642,1
446652,1
446662,1
446669,1
446676,1
446678,1
446694,1
446712,1
446715,1
446717,1
446733,1
446749,1
446760,1
446765,1
446767,1
446773,1
446776,1
446789,1
446795,1
446806,1
446850,1
446860,1
446865,1
446873,2
446886,1
446889,1
446897,1
446904,1
446906,1
446908,1
446922,1
446925,1
446927,1
446938,1
446940,1
446944,1
446952,1
446954,1
446960,1
446963,2
446966,1
446975,1
446981,1
446996,1
446998,1
447000,1
447012,1
447015,1
447030,1
447036,1
447039,1
447072,1
447074,1
447088,1
447091,1
447093,1
447109,1
447112,1
447116,1
447133,1
447143,1
447146,1
447155,1
447165,1
447172,1
447182,1
447188,1
447190,1
447203,1
447226,1
447246,1
447257,1
447265,1
447267,1
447283,1
447293,1
447297,1
447301,1
447305,1
447307,1
447323,1
447326,1
447332,1
447337,1
447341,1
447343,1
447347,1
447361,2
447366,2
447380,1
447384,1
447386,1
447395,1
447401,1
447409,1
447412,1
447420,1
447422,1
447438,1
447445,1
447454,1
447457,1
447459,1
447466,1
447475,1
447477,1
447492,1
447503,1
447506,1
447510,1
447512,1
447516,1
447531,1
447535,1
447546,1
447550,1
447552,1
447566,1
447568,1
447570,1
447573,1
447581,1
447586,1
447597,1
447601,1
447604,1
447609,1
447623,1
447635,1
447641,1
447643,1
447660,1
447663,1
447674,1
447679,1
447682,1
447685,1
447711,1
447716,1
447718,1
447725,1
447733,1
447741,1
447753,1
447760,1
447763,1
447766,1
447771,1
447777,1
447780,1
447783,2
447793,1
447798,1
447809,1
447812,1
447818,1
447828,1
447831,1
447833,1
447836,1
447839,1
447852,1
447862,1
447864,1
447873,1
447877,1
447882,1
447891,1
447893,1
447911,2
447914,1
447916,1
447929,1
447949,1
447951,1
447961,1
447968,1
447970,1
447972,1
447978,1
447982,1
447987,1
447990,1
447999,1
448001,1
448005,1
448008,1
448014,1
448018,1
448026,2
448029,1
448040,1
448044,1
448047,1
448053,1
448057,1
448059,1
448062,1
448067,2
448076,1
448078,1
448083,1
448088,1
448100,1
448102,1
448112,1
448115,1
448118,1
448124,1
448126,1
448133,1
448140,2
448142,1
448159,1
448181,1
448189,1
448191,1
448198,1
448200,1
448207,1
448210,1
448216,1
448218,1
448226,1
448229,1
448235,1
448250,1
448255,1
448259,1
448269,1
448273,1
448281,1
448294,1
448299,1
448310,1
448312,1
448319,1
448323,1
448328,1
448330,1
448334,1
448336,1
448344,1
448349,1
448351,1
448354,1
448360,1
448366,1
448374,1
448379,1
448382,1
448386,1
448396,1
448404,1
448407,1
448409,1
448418,1
448427,1
448443,2
448446,1
448448,1
448456,1
448465,1
448473,1
448477,1
448479,1
448482,1
448496,1
448499,1
448513,1
448519,1
448521,1
448526,1
448533,1
448536,1
448541,1
448543,1
448548,1
448571,1
448576,1
448578,1
448588,1
448597,1
448602,1
448621,1
448630,1
448635,1
448646,1
448651,1
448654,2
448656,1
448663,1
448667,1
448672,1
448674,1
448676,1
448702,1
448704,1
448713,1
448720,1
448724,1
448730,1
448742,1
448745,1
448749,1
448751,1
448758,1
448765,1
448769,1
448773,1
448788,1
448807,1
448826,1
448834,1
448836,1
448844,1
448857,1
448866,1
448869,1
448873,1
448876,1
448879,1
448884,1
448887,1
448889,1
448893,1
448910,1
448915,1
448929,1
448932,1
448941,1
448943,1
448959,1
448970,1
448973,1
448975,1
448979,2
448989,1
448994,1
448997,1
449007,1
449010,1
449015,2
449036,1
449044,1
449056,1
449071,1
449082,1
449090,1
449119,1
449122,1
449126,1
449128,1
449131,1
449142,1
449145,1
449149,1
449161,1
449165,1
449168,1
449176,1
449187,1
449202,1
449221,1
449225,1
449229,1
449245,1
449255,1
449258,1
449261,2
449264,2
449277,1
449291,1
449297,1
449310,1
449315,1
449318,1
449329,1
449338,1
449344,1
449350,1
449364,1
449378,1
449390,1
449396,1
449401,1
449410,1
449413,1
449420,1
449424,1
449433,1
449435,1
449451,1
449457,1
449460,1
449470,1
449473,1
449487,1
449489,1
449493,2
449507,1
449523,1
449528,1
449531,1
449546,1
449556,1
449566,1
449578,1
449581,1
449584,1
449595,1
449604,1
449616,1
449619,1
449623,1
449625,1
449635,1
449637,1
449641,1
449643,1
449657,1
449663,1
449671,1
449677,1
449680,1
449712,1
449716,1
449720,1
449728,1
449731,1
449738,1
449740,1
449748,1
449750,1
449755,1
449758,1
449767,1
449776,1
449784,1
449786,1
449790,1
449795,1
449797,1
449811,1
449825,1
449831,1
449834,1
449843,1
449852,2
449861,1
449869,1
449872,1
449879,1
449886,1
449891,1
449897,1
449900,1
449917,1
449922,1
449928,1
449931,1
449946,1
449948,1
449962,1
449979,1
449981,1
449985,1
449989,1
449993,1
449995,1
449999,1
450005,1
450012,1
450039,1
450046,1
450049,1
450061,1
450067,1
450072,1
450081,1
450090,1
450098,1
450106,1
450115,1
450125,1
450133,1
450136,1
450150,2
450152,1
450155,1
450157,1
450166,1
450173,1
450175,1
450187,1
450195,1
450197,1
450201,1
450204,1
450211,1
450214,1
450222,1
450226,1
450229,1
450231,1
450237,1
450244,1
450249,1
450252,1
450267,1
450269,1
450281,1
450287,2
450309,1
450316,1
450319,1
450325,1
450329,1
450337,1
450344,2
450382,1
450391,1
450399,1
450401,1
450404,1
450418,1
450424,1
450432,1
450440,2
450444,1
450446,1
450448,1
450454,1
450458,2
450476,1
450478,1
450490,1
450494,1
450500,1
450508,1
450527,1
450529,1
450536,1
450570,1
450572,1
450574,1
450588,1
450592,1
450594,1
450605,1
450611,1
450613,1
450621,1
450623,1
450625,1
450636,1
450640,1
450642,1
450651,1
450654,1
450660,1
450668,1
450671,1
450699,1
450703,1
450708,1
450716,1
450725,1
450737,1
450757,1
450760,1
450765,1
450773,1
450778,1
450780,1
450792,1
450795,1
450799,1
450801,1
450820,1
450833,1
450836,1
450839,1
450859,1
450871,2
450893,1
450896,1
450914,1
450916,1
450920,1
450927,1
450932,1
450944,1
450950,1
450967,1
450969,1
450973,1
450985,1
450996,1
451006,1
451009,1
451015,1
451020,1
451022,1
451025,1
451029,1
451032,1
451043,1
451045,1
451048,1
451054,1
451063,1
451065,1
451068,1
451071,1
451078,1
451082,1
451085,1
451088,1
451123,1
451135,1
451143,1
451151,1
451161,1
451166,1
451179,1
451181,1
451199,1
451201,1
451206,1
451214,1
451218,1
451223,1
451232,1
451238,1
451247,1
451250,1
451254,1
451256,1
451261,1
451272,1
451274,1
451284,1
451291,1
451294,1
451298,1
451304,1
451306,1
451310,1
451314,1
451328,2
451330,1
451340,1
451362,1
451380,1
451386,1
451388,1
451392,1
451419,1
451426,1
451442,1
451457,1
451461,1
451465,1
451468,1
451477,1
451479,1
451487,1
451498,1
451516,1
451518,1
451524,1
451534,1
451537,1
451541,1
451543,1
451549,1
451552,1
451567,1
451575,1
451585,1
451598,1
451608,1
451613,1
451632,1
451635,1
451645,1
451648,1
451668,1
451674,1
451694,1
451704,1
451708,1
451710,1
451716,1
451719,2
451729,1
451748,1
451751,1
451758,1
451761,1
451764,1
451778,1
451785,1
451787,1
451806,1
451812,1
451816,1
451820,1
451824,1
451828,1
451842,1
451848,1
451857,1
451860,1
451864,1
451866,1
451873,1
451880,1
451883,1
451888,1
451901,1
451920,1
451938,1
451941,1
451950,1
451955,1
451959,1
451967,1
451974,1
451977,1
451979,1
451985,1
451991,1
451995,1
452000,1
452007,1
452009,1
452011,1
452013,1
452017,1
452021,1
452023,1
452029,1
452032,1
452036,1
452054,1
452057,1
452063,1
452068,1
452084,1
452088,1
452093,1
452095,1
452107,1
452117,1
452124,1
452130,2
452134,1
452142,1
452144,1
452146,1
452152,1
452154,1
452159,1
452164,1
452168,1
452170,1
452173,1
452175,1
452179,1
452181,1
452184,1
452187,1
452189,1
452194,1
452200,1
452207,1
452209,1
452218,1
452220,1
452224,1
452228,1
452237,1
452243,2
452248,1
452254,1
452261,1
452264,1
452276,1
452280,1
452283,1
452286,1
452296,1
452300,1
452306,1
452313,1
452317,1
452319,1
452321,1
452324,1
452336,1
452342,1
452349,1
452351,1
452356,1
452359,1
452366,1
452368,1
452370,1
452374,1
452382,1
452390,1
452398,1
452400,1
452409,1
452416,1
452420,1
452426,2
452442,1
452445,1
452451,1
452454,1
452456,1
452459,1
452464,1
452468,1
452473,1
452475,1
452485,1
452488,1
452490,1
452501,1
452504,1
452523,1
452530,1
452534,1
452536,1
452546,1
452555,1
452558,1
452562,1
452565,1
452580,1
452599,1
452601,1
452608,1
452615,1
452621,2
452624,1
452627,1
452629,1
452631,1
452636,1
452638,1
452643,1
452662,1
452671,1
452673,1
452683,1
452695,1
452706,1
452712,2
452714,1
452726,1
452729,1
452738,1
452742,1
452749,1
452768,1
452773,1
452775,1
452787,1
452790,1
452792,1
452806,1
452816,1
452821,1
452826,1
452833,1
452843,1
452847,1
452865,1
452868,1
452872,1
452883,1
452901,1
452934,1
452941,1
452948,1
452966,1
452973,1
452980,1
452982,1
452996,1
452999,1
453004,1
453006,1
453017,1
453019,1
453023,1
453051,1
453053,1
453058,1
453074,1
453081,1
453090,1
453092,1
453100,1
453102,1
453115,1
453117,1
453121,1
453132,1
453136,1
453165,1
453167,1
453184,1
453195,1
453211,1
453215,1
453222,1
453236,1
453240,1
453244,1
453248,1
453252,2
453256,1
453264,1
453268,1
453273,1
453275,1
453280,1
453283,1
453289,2
453295,1
453297,1
453302,1
453314,1
453325,1
453330,1
453332,1
453334,1
453339,1
453348,1
453352,1
453359,1
453362,1
453365,1
453378,1
453398,1
453401,1
453405,1
453419,1
453423,1
453432,1
453434,1
453449,1
453454,1
453471,1
453479,1
453490,1
453492,1
453501,1
453510,1
453516,1
453538,1
453545,1
453550,1
453555,1
453566,1
453569,1
453587,1
453591,1
453593,1
453606,1
453608,1
453616,1
453622,1
453626,1
453632,1
453644,1
453647,1
453649,1
453659,1
453670,1
453680,1
453682,1
453686,1
453688,1
453698,1
453704,1
453714,1
453716,1
453720,1
453723,1
453736,1
453738,1
453757,1
453762,1
453779,1
453786,1
453794,1
453797,1
453804,1
453810,1
453814,1
453825,1
453843,1
453849,1
453855,1
453861,1
453874,1
453896,1
453899,1
453907,1
453913,1
453916,1
453928,1
453931,1
453933,1
453942,1
453952,2
453962,1
453964,1
453967,1
453969,1
453972,1
453976,1
453980,1
453982,1
454012,1
454043,1
454048,1
454053,1
454061,1
454063,1
454069,1
454079,1
454081,1
454086,1
454088,1
454098,1
454101,1
454107,1
454109,1
454119,1
454121,1
454132,1
454135,1
454144,1
454152,1
454158,1
454162,1
454166,1
454170,1
454175,1
454181,1
454184,1
454195,1
454197,1
454199,1
454204,1
454211,1
454217,1
454223,1
454234,1
454245,1
454250,1
454253,1
454257,1
454261,1
454267,1
454275,1
454278,2
454283,1
454288,1
454297,1
454309,1
454312,1
454315,1
454322,1
454328,1
454335,1
454339,1
454352,2
454358,1
454362,1
454367,1
454373,1
454377,1
454384,1
454409,1
454413,1
454417,1
454424,1
454429,1
454431,1
454433,1
454442,1
454445,1
454455,1
454462,1
454464,1
454473,1
454479,1
454481,1
454488,1
454490,1
454494,1
454499,1
454508,1
454510,1
454513,1
454519,1
454523,1
454526,1
454533,1
454540,1
454542,1
454547,1
454564,1
454571,1
454574,1
454583,1
454595,1
454597,1
454601,1
454606,1
454611,1
454614,1
454620,1
454627,1
454633,1
454645,1
454648,1
454651,1
454654,1
454666,1
454669,1
454675,1
454680,1
454695,1
454702,1
454704,1
454712,1
454715,1
454721,1
454730,1
454736,1
454742,1
454745,1
454753,1
454755,1
454769,1
454771,1
454776,1
454784,1
454802,1
454804,1
454814,1
454833,1
454842,1
454844,1
454846,1
454859,1
454889,1
454895,1
454901,1
454904,1
454907,1
454917,1
454922,1
454936,1
454941,1
454950,1
454952,1
454955,1
454970,1
454972,1
454975,1
454989,1
455004,1
455012,1
455016,1
455026,1
455032,1
455035,1
455061,1
455071,1
455075,1
455086,1
455088,1
455092,1
455096,1
455104,1
455110,1
455123,1
455137,1
455139,1
455146,1
455148,1
455160,1
455169,1
455177,1
455181,1
455184,2
455186,1
455189,1
455196,1
455201,1
455205,1
455212,1
455219,1
455222,1
455232,1
455235,1
455237,1
455243,1
455264,1
455272,1
455283,1
455288,1
455296,1
455310,1
455315,1
455317,1
455325,1
455341,1
455348,1
455352,1
455355,1
455357,1
455363,1
455371,1
455377,1
455380,1
455385,2
455388,1
455392,1
455394,1
455397,1
455408,1
455414,1
455426,1
455431,1
455445,1
455451,1
455464,1
455483,1
455485,1
455496,1
455506,1
455513,1
455528,1
455549,1
455555,1
455557,1
455565,1
455578,1
455586,1
455589,1
455591,1
455594,1
455598,1
455602,1
455608,1
455616,1
455621,1
455624,1
455628,1
455630,1
455633,1
455641,1
455654,1
455656,1
455659,1
455661,1
455667,1
455669,1
455675,1
455683,1
455688,1
455695,1
455697,1
455703,2
455712,1
455724,1
455730,1
455733,1
455740,1
455749,1
455762,1
455766,1
455772,1
455776,1
455780,1
455790,1
455792,1
455809,1
455811,1
455814,1
455818,1
455822,1
455844,1
455846,1
455848,1
455851,1
455855,1
455863,1
455869,1
455872,1
455877,1
455883,1
455888,1
455893,1
455902,1
455904,1
455907,1
455914,1
455922,1
455926,1
455939,1
455944,1
455953,1
455956,1
455959,1
455963,1
455967,1
455969,1
455973,1
455985,1
455991,1
455997,1
456000,1
456011,1
456016,1
456018,1
456022,1
456027,1
456032,1
456042,1
456054,1
456058,1
456077,1
456100,1
456131,1
456133,1
456148,1
456153,1
456163,1
456166,1
456169,1
456174,1
456177,1
456179,1
456181,1
456188,1
456201,1
456204,1
456206,1
456214,1
456219,1
456231,1
456239,1
456244,1
456246,1
456249,1
456261,1
456269,1
456284,1
456299,1
456301,1
456303,1
456305,1
456317,1
456323,1
456328,1
456338,1
456348,2
456353,1
456361,1
456369,1
456372,1
456374,1
456377,1
456379,1
456383,1
456389,1
456397,1
456399,1
456412,1
456415,1
456419,1
456426,1
456429,1
456434,1
456437,1
456445,2
456449,1
456455,1
456470,1
456472,1
456481,1
456490,1
456500,1
456505,1
456509,1
456515,2
456518,1
456525,1
456530,1
456536,1
456542,1
456548,1
456550,1
456556,1
456570,1
456577,1
456580,1
456585,1
456592,1
456598,1
456602,1
456606,1
456612,1
456623,1
456632,1
456636,1
456645,1
456649,1
456655,1
456662,1
456668,1
456671,1
456675,1
456687,1
456697,1
456699,1
456707,1
456709,1
456712,1
456726,1
456741,1
456749,1
456755,1
456761,1
456770,1
456774,1
456781,1
456785,1
456789,1
456802,1
456812,1
456818,1
456820,1
456829,1
456837,1
456857,1
456866,1
456872,1
456874,1
456880,1
456888,1
456895,1
456897,1
456902,1
456904,1
456913,1
456916,1
456925,1
456935,1
456953,1
456959,1
456971,1
456976,1
456980,1
456984,1
456987,1
456993,1
457002,1
457013,1
457017,1
457026,1
457033,1
457036,1
457041,1
457045,1
457049,1
457051,1
457054,1
457067,1
457080,1
457095,1
457104,1
457110,1
457121,1
457145,1
457154,1
457158,1
457165,1
457172,1
457179,1
457189,1
457200,1
457203,1
457223,1
457232,1
457235,1
457248,1
457254,1
457257,1
457261,1
457265,1
457281,1
457287,1
457291,1
457295,1
457301,1
457305,1
457308,1
457320,1
457323,2
457337,1
457339,1
457341,1
457352,1
457358,1
457360,1
457368,1
457373,1
457376,1
457381,1
457389,1
457392,2
457404,1
457409,1
457448,1
457455,1
457471,1
457482,1
457485,1
457497,1
457509,1
457515,1
457524,1
457529,1
457531,1
457535,1
457539,1
457544,1
457550,1
457555,1
457559,1
457563,1
457572,1
457606,1
457624,1
457630,1
457634,1
457659,1
457662,1
457669,1
457689,1
457694,1
457701,1
457707,1
457711,1
457715,1
457717,1
457727,1
457747,1
457750,1
457757,1
457759,1
457766,1
457777,2
457784,1
457787,1
457798,1
457800,1
457813,1
457817,1
457831,1
457838,1
457842,1
457856,1
457858,1
457866,1
457868,1
457879,1
457882,1
457894,1
457903,1
457908,1
457916,1
457919,1
457922,1
457932,1
457934,1
457957,1
457966,1
457972,1
457977,1
457979,1
457981,1
457988,1
457993,1
457996,1
458006,1
458008,1
458012,1
458014,1
458016,1
458022,1
458029,1
458031,1
458052,1
458067,1
458078,1
458088,1
458108,1
458115,1
458119,1
458131,1
458133,1
458137,1
458139,1
458148,1
458162,1
458166,1
458169,1
458175,1
458179,1
458184,2
458191,1
458195,1
458203,1
458210,1
458215,1
458222,1
458239,1
458242,1
458245,1
458257,1
458261,1
458263,1
458265,1
458269,2
458271,1
458273,1
458280,1
458289,1
458296,1
458299,1
458303,1
458310,1
458315,1
458318,1
458339,1
458376,1
458382,1
458396,1
458412,1
458420,1
458428,1
458431,1
458434,1
458455,1
458461,1
458465,1
458469,1
458487,1
458489,1
458504,1
458507,1
458511,1
458539,1
458542,1
458554,1
458557,1
458566,1
458580,1
458583,1
458598,1
458602,1
458622,1
458627,1
458630,1
458635,1
458641,1
458647,1
458649,1
458651,1
458655,1
458660,1
458663,1
458665,1
458682,1
458685,1
458687,1
458693,1
458699,1
458701,1
458703,1
458705,1
458708,1
458710,1
458714,1
458717,1
458726,1
458729,1
458737,1
458739,1
458756,1
458759,1
458763,1
458790,1
458807,1
458809,1
458811,1
458813,1
458817,1
458825,1
458829,1
458838,1
458847,1
458850,1
458852,1
458864,1
458868,1
458887,1
458890,1
458904,2
458927,2
458935,1
458941,1
458943,1
458949,1
458952,1
458957,1
458959,1
458977,1
458979,1
458981,1
458989,1
458992,1
458997,1
459001,1
459003,1
459007,1
459015,1
459019,1
459026,1
459036,1
459039,1
459041,1
459056,1
459061,1
459078,1
459082,1
459089,1
459095,1
459102,2
459110,1
459134,1
459137,1
459142,1
459149,1
459154,1
459169,1
459186,1
459188,1
459192,1
459196,1
459199,1
459202,1
459204,1
459216,1
459219,1
459225,1
459228,1
459233,1
459236,1
459239,1
459243,1
459249,1
459252,1
459257,1
459262,1
459265,1
459269,1
459272,1
459281,1
459308,1
459313,1
459322,1
459328,1
459332,1
459341,1
459344,1
459346,1
459353,1
459357,1
459359,1
459363,1
459366,1
459368,1
459374,1
459391,1
459398,2
459401,1
459403,1
459405,1
459422,1
459424,1
459437,1
459441,1
459448,1
459457,1
459460,1
459463,1
459475,1
459486,1
459489,1
459491,1
459497,1
459503,1
459506,1
459518,1
459521,1
459533,1
459551,1
459561,1
459585,1
459593,2
459600,1
459604,1
459609,1
459613,1
459620,1
459622,1
459625,1
459629,1
459648,1
459661,1
459667,1
459683,1
459686,1
459690,1
459702,1
459708,1
459719,1
459721,1
459726,1
459728,1
459731,1
459742,1
459749,1
459760,1
459764,1
459780,1
459788,1
459791,1
459802,1
459811,1
459816,1
459821,1
459832,1
459858,1
459863,1
459873,1
459881,2
459890,1
459894,2
459912,1
459929,2
459939,1
459942,1
459946,1
459949,1
459977,1
459980,1
459990,1
459992,1
460005,1
460011,1
460014,1
460022,1
460026,1
460028,1
460032,1
460037,1
460045,2
460051,1
460062,1
460065,1
460067,1
460083,1
460091,1
460093,1
460100,1
460102,1
460105,1
460108,1
460111,1
460137,1
460140,2
460147,1
460156,1
460160,1
460164,1
460170,1
460177,1
460180,1
460182,1
460186,1
460204,1
460211,1
460213,1
460217,2
460238,1
460241,1
460248,1
460250,1
460253,1
460256,1
460260,1
460271,1
460277,2
460280,1
460288,1
460294,1
460296,1
460306,1
460309,1
460318,1
460325,1
460330,1
460332,1
460335,1
460349,2
460351,1
460355,1
460358,1
460363,1
460369,1
460371,1
460389,1
460409,1
460412,1
460420,1
460432,1
460439,1
460458,1
460465,2
460472,1
460474,1
460482,1
460488,1
460493,1
460500,1
460514,1
460519,1
460522,2
460525,1
460529,1
460534,1
460536,1
460544,1
460546,1
460558,1
460561,1
460579,2
460594,2
460602,1
460607,1
460609,1
460615,1
460628,1
460630,1
460640,1
460654,1
460656,1
460659,1
460670,1
460681,1
460688,1
460690,1
460692,1
460694,1
460696,1
460699,1
460710,1
460713,1
460721,1
460739,1
460744,1
460755,1
460763,1
460768,1
460771,1
460773,1
460775,1
460784,1
460789,1
460797,1
460805,1
460809,1
460812,1
460819,1
460824,1
460826,1
460830,1
460832,1
460837,1
460849,1
460852,1
460860,1
460862,1
460864,1
460867,1
460878,1
460881,2
460884,1
460897,1
460907,1
460918,1
460939,2
460941,1
460944,1
460959,1
460974,1
460981,1
460989,1
460996,1
460998,1
461001,1
461016,1
461019,1
461032,1
461034,1
461042,1
461054,1
461056,1
461070,1
461073,1
461099,1
461106,1
461109,1
461113,1
461115,1
461120,1
461145,1
461149,1
461157,1
461162,1
461167,1
461178,1
461182,1
461185,1
461188,1
461193,1
461195,1
461202,1
461205,1
461207,1
461219,1
461223,1
461226,1
461237,1
461243,1
461245,1
461248,1
461254,1
461270,1
461275,1
461280,1
461282,1
461286,1
461289,1
461299,1
461302,1
461336,1
461340,1
461352,1
461357,2
461359,1
461380,1
461388,1
461393,1
461398,1
461402,1
461409,1
461412,1
461414,1
461416,1
461418,1
461428,1
461432,1
461443,1
461449,1
461451,1
461459,1
461468,1
461472,1
461476,1
461488,1
461490,1
461513,1
461516,1
461524,1
461527,1
461530,1
461533,1
461541,1
461552,1
461561,1
461563,1
461577,1
461582,1
461584,1
461586,1
461600,1
461608,1
461618,1
461624,1
461636,1
461640,1
461644,1
461647,1
461670,1
461672,1
461679,1
461689,1
461697,1
461701,1
461727,1
461731,1
461737,1
461740,1
461746,1
461756,1
461765,1
461767,1
461774,1
461778,1
461781,1
461792,1
461796,2
461800,1
461819,1
461832,2
461834,1
461847,1
461853,1
461857,1
461860,1
461881,1
461886,1
461907,1
461909,1
461939,1
461947,1
461959,1
461962,1
461969,1
461979,1
461985,1
461997,1
462001,1
462003,1
462010,1
462018,1
462021,1
462023,1
462035,1
462040,1
462063,1
462075,1
462078,1
462081,1
462084,1
462096,1
462101,1
462114,1
462117,1
462123,1
462154,1
462168,1
462178,1
462191,1
462193,1
462206,1
462214,1
462226,1
462231,2
462236,1
462239,1
462252,1
462256,1
462260,1
462268,1
462283,1
462287,1
462291,1
462305,2
462321,1
462325,1
462330,1
462339,1
462344,1
462347,1
462362,1
462371,1
462378,1
462382,1
462384,1
462392,1
462395,1
462402,1
462404,1
462410,1
462416,1
462422,1
462424,1
462427,1
462431,1
462439,1
462441,1
462443,1
462445,1
462453,1
462461,1
462476,1
462480,1
462488,1
462491,1
462497,1
462502,1
462533,1
462535,1
462562,1
462564,1
462567,1
462573,1
462575,1
462590,1
462592,1
462608,1
462625,1
462630,1
462632,1
462660,1
462675,1
462679,1
462694,1
462703,1
462706,1
462708,1
462720,1
462722,1
462726,1
462730,1
462732,1
462737,1
462744,1
462746,1
462748,1
462750,1
462760,1
462766,1
462778,1
462782,1
462787,1
462790,1
462818,1
462820,1
462822,1
462827,1
462829,1
462833,1
462839,1
462849,1
462857,1
462859,1
462872,1
462881,1
462905,1
462909,1
462911,1
462915,1
462919,1
462932,1
462934,1
462937,1
462950,1
462955,1
462964,1
462973,2
462976,1
462980,1
462982,1
462997,1
463009,1
463014,1
463025,1
463030,1
463033,1
463064,1
463083,1
463090,1
463114,1
463118,1
463131,1
463142,1
463148,1
463153,1
463157,1
463160,1
463165,1
463174,1
463183,1
463198,1
463200,1
463210,1
463217,1
463221,1
463232,1
463239,1
463253,1
463258,1
463263,1
463268,1
463280,1
463296,2
463301,1
463315,2
463333,1
463338,1
463360,1
463377,1
463381,1
463383,1
463397,1
463399,1
463407,1
463413,1
463415,1
463417,1
463423,1
463441,1
463443,1
463453,1
463477,1
463486,1
463489,1
463496,1
463510,1
463521,1
463523,1
463541,1
463556,1
463559,1
463562,1
463566,1
463574,1
463584,1
463600,2
463606,1
463608,1
463615,1
463620,1
463625,1
463634,1
463649,1
463655,1
463662,1
463667,1
463670,1
463676,2
463679,1
463683,1
463695,1
463703,1
463719,1
463721,1
463733,1
463747,1
463756,1
463769,1
463777,1
463783,1
463807,1
463809,1
463811,1
463816,1
463823,1
463832,1
463842,1
463868,1
463870,1
463883,1
463885,1
463887,1
463902,1
463904,1
463906,1
463914,1
463923,1
463926,1
463937,1
463941,1
463975,1
463981,1
463984,1
463994,1
464000,1
464003,1
464005,1
464012,1
464017,1
464022,1
464033,1
464038,1
464059,1
464069,1
464099,1
464113,1
464125,1
464131,1
464142,1
464144,1
464151,1
464153,1
464167,1
464172,1
464174,1
464185,1
464191,1
464194,1
464207,1
464223,1
464226,1
464228,1
464231,1
464234,1
464252,1
464259,1
464263,1
464266,1
464271,1
464277,1
464282,1
464284,1
464293,1
464300,1
464307,1
464309,1
464321,1
464324,1
464327,1
464334,1
464337,1
464339,1
464344,1
464347,1
464350,1
464358,2
464362,1
464369,1
464372,1
464384,1
464388,1
464398,1
464400,1
464403,1
464417,1
464421,1
464424,1
464426,1
464438,1
464444,1
464453,1
464455,1
464457,1
464460,1
464489,1
464497,1
464504,1
464511,1
464514,1
464516,1
464519,1
464529,1
464531,1
464538,1
464546,1
464548,1
464552,1
464559,1
464562,1
464568,1
464577,1
464582,1
464586,1
464597,1
464608,1
464622,1
464625,1
464627,1
464631,1
464642,1
464645,1
464660,1
464665,1
464678,1
464696,1
464707,1
464720,1
464732,1
464737,1
464741,1
464745,1
464763,1
464768,1
464775,1
464782,1
464785,1
464795,1
464816,1
464818,1
464823,1
464837,2
464839,1
464854,1
464856,1
464858,1
464862,1
464873,1
464875,1
464890,1
464894,1
464896,1
464900,1
464906,1
464911,1
464915,1
464928,1
464932,1
464947,1
464970,1
464972,1
464985,1
464989,1
465003,1
465015,1
465023,1
465027,1
465042,1
465045,1
465047,1
465059,1
465065,1
465077,1
465092,1
465100,1
465105,1
465115,1
465120,1
465126,1
465138,1
465141,1
465146,1
465150,1
465157,1
465160,1
465163,1
465167,1
465176,1
465208,1
465214,1
465217,1
465220,1
465232,1
465239,1
465250,1
465252,1
465256,1
465258,1
465269,1
465276,1
465281,1
465289,1
465292,1
465309,1
465312,1
465317,1
465330,1
465335,1
465348,1
465352,1
465354,1
465365,1
465369,1
465386,1
465395,1
465402,1
465408,1
465410,1
465412,1
465418,1
465420,1
465427,1
465445,1
465447,1
465463,1
465477,1
465480,1
465483,1
465486,1
465488,1
465499,1
465502,1
465514,1
465516,1
465518,1
465556,1
465573,1
465590,1
465593,1
465595,1
465599,1
465611,1
465614,1
465619,1
465631,1
465633,1
465635,1
465648,1
465652,1
465662,1
465672,1
465675,1
465688,1
465691,1
465699,1
465706,1
465710,1
465715,1
465719,1
465728,1
465732,1
465737,1
465742,1
465744,1
465747,1
465749,1
465755,2
465759,1
465768,1
465777,1
465787,1
465789,1
465802,1
465804,1
465808,1
465818,1
465823,2
465825,1
465835,1
465840,1
465842,1
465847,1
465849,1
465859,1
465863,1
465877,1
465881,1
465883,1
465885,1
465888,1
465891,1
465894,1
465897,1
465904,1
465916,1
465927,1
465934,1
465937,1
465941,1
465948,1
465955,1
465958,1
465973,1
465980,1
465990,1
465993,1
465995,1
466015,1
466024,1
466029,1
466032,1
466037,1
466049,1
466056,1
466070,1
466081,1
466087,1
466100,1
466102,1
466107,1
466110,1
466114,1
466122,1
466125,1
466129,1
466134,1
466143,1
466152,1
466158,1
466164,1
466167,1
466180,1
466182,1
466184,1
466187,1
466189,1
466201,1
466206,1
466221,1
466243,1
466268,1
466276,1
466286,1
466290,1
466293,1
466299,1
466301,1
466307,1
466310,1
466318,1
466322,1
466325,1
466339,1
466341,1
466343,1
466346,1
466349,1
466354,1
466357,1
466359,1
466365,1
466371,1
466382,1
466392,2
466401,1
466410,1
466416,1
466420,1
466430,1
466432,1
466443,1
466449,1
466455,1
466467,1
466476,1
466486,1
466505,1
466507,1
466509,1
466524,1
466526,1
466533,1
466538,1
466549,1
466559,1
466561,1
466564,1
466567,1
466594,1
466601,1
466603,1
466607,1
466619,1
466621,1
466625,1
466635,1
466639,1
466642,1
466645,1
466652,1
466663,1
466669,1
466677,1
466683,1
466689,1
466696,1
466701,1
466703,1
466707,1
466712,1
466715,1
466717,1
466720,1
466733,1
466738,1
466740,1
466744,1
466753,1
466758,2
466771,1
466773,1
466775,1
466778,1
466792,1
466795,1
466797,1
466809,1
466812,1
466815,1
466819,1
466830,1
466845,1
466852,1
466866,1
466869,1
466872,1
466887,1
466889,1
466892,1
466895,1
466897,1
466906,1
466928,1
466936,1
466942,1
466944,1
466946,1
466949,1
466959,1
466965,1
466968,1
466970,1
466985,1
466996,1
467000,1
467002,1
467012,1
467014,1
467020,1
467022,1
467024,1
467035,1
467040,2
467044,1
467052,1
467056,1
467058,1
467060,1
467063,1
467067,1
467076,1
467080,1
467085,1
467087,1
467092,1
467094,1
467096,1
467098,1
467100,1
467107,1
467110,1
467127,1
467132,1
467134,1
467140,1
467142,1
467166,1
467169,1
467171,1
467173,1
467181,1
467195,1
467197,1
467208,1
467212,1
467222,1
467227,1
467236,1
467238,1
467259,1
467265,1
467271,1
467286,1
467291,1
467297,1
467304,1
467308,2
467325,1
467327,1
467342,1
467345,2
467359,1
467363,2
467379,1
467393,1
467400,1
467402,1
467419,2
467421,1
467423,1
467440,1
467444,2
467446,1
467453,1
467457,1
467459,1
467464,1
467484,1
467487,1
467494,1
467498,1
467502,1
467504,1
467512,1
467516,1
467522,1
467531,1
467533,1
467546,1
467558,1
467568,1
467571,1
467573,1
467576,1
467588,1
467607,1
467611,1
467613,1
467648,1
467663,1
467669,1
467674,1
467685,1
467687,1
467693,1
467699,1
467704,1
467715,1
467732,1
467745,1
467760,1
467778,1
467784,1
467806,1
467808,1
467818,1
467820,1
467824,1
467827,1
467836,1
467839,1
467847,1
467853,1
467865,1
467880,1
467886,1
467905,1
467907,1
467910,1
467913,1
467916,1
467935,1
467947,1
467950,1
467952,1
467957,1
467961,1
467967,1
467969,1
467971,1
467990,1
468007,1
468011,1
468013,1
468026,1
468031,1
468050,1
468066,1
468068,1
468071,1
468077,1
468079,1
468086,1
468089,1
468095,1
468097,1
468102,1
468110,1
468112,1
468114,1
468117,1
468121,1
468127,1
468131,1
468137,1
468139,1
468144,1
468147,1
468151,1
468157,1
468160,1
468163,1
468165,1
468169,1
468178,1
468182,1
468193,1
468196,1
468199,1
468202,1
468216,1
468227,1
468230,1
468234,1
468236,1
468238,1
468242,1
468245,1
468255,1
468261,1
468264,1
468272,1
468274,1
468276,1
468291,1
468294,1
468298,1
468312,1
468314,1
468316,1
468328,1
468341,1
468343,1
468349,1
468351,1
468358,1
468361,1
468369,1
468375,1
468382,1
468385,1
468388,1
468391,1
468393,1
468398,1
468417,1
468425,1
468428,1
468430,1
468434,1
468444,1
468448,1
468452,1
468461,1
468463,1
468466,1
468490,1
468499,1
468501,1
468506,1
468509,1
468531,1
468537,1
468539,1
468541,1
468553,1
468556,1
468560,1
468562,1
468566,2
468569,1
468580,1
468583,2
468585,1
468594,1
468598,1
468600,1
468604,1
468615,1
468617,1
468631,1
468638,1
468666,1
468669,1
468671,1
468678,1
468690,1
468692,1
468707,1
468710,1
468713,1
468716,1
468720,1
468729,1
468738,1
468745,1
468747,1
468749,1
468755,1
468768,1
468787,1
468793,1
468802,1
468804,1
468811,1
468813,1
468823,2
468825,1
468827,1
468829,1
468860,1
468864,1
468878,1
468881,1
468900,1
468906,1
468914,1
468925,1
468934,1
468938,1
468951,1
468956,1
468958,1
468988,1
469001,1
469009,1
469013,1
469016,1
469027,1
469033,1
469040,1
469042,1
469051,1
469054,1
469057,1
469067,1
469069,1
469072,1
469082,1
469087,1
469090,1
469093,2
469097,1
469103,1
469110,1
469114,1
469137,1
469147,1
469160,1
469164,1
469168,1
469174,1
469183,1
469186,1
469196,1
469200,1
469205,2
469208,1
469223,1
469225,1
469231,1
469242,1
469247,2
469260,1
469265,1
469274,1
469294,1
469298,1
469305,1
469317,1
469319,1
469331,1
469345,1
469354,1
469367,1
469378,1
469383,1
469392,1
469404,1
469419,1
469427,1
469430,1
469434,1
469436,1
469439,1
469461,1
469470,1
469488,1
469490,1
469496,1
469512,1
469524,1
469527,1
469533,1
469549,1
469563,1
469565,1
469575,1
469581,1
469584,1
469597,1
469619,1
469621,1
469627,1
469633,1
469641,1
469647,1
469656,1
469658,1
469662,1
469671,1
469687,1
469697,1
469708,1
469714,1
469717,1
469720,1
469722,1
469726,1
469735,1
469740,2
469751,1
469757,1
469760,1
469766,1
469773,1
469783,1
469788,1
469793,1
469795,1
469798,1
469802,1
469809,1
469812,1
469821,1
469825,1
469829,1
469838,1
469840,1
469846,1
469853,1
469862,1
469866,1
469870,1
469873,1
469875,1
469884,1
469886,1
469888,1
469890,1
469892,1
469897,1
469899,1
469908,1
469912,1
469916,1
469927,1
469929,1
469935,1
469937,1
469944,1
469947,1
469949,1
469958,1
469972,1
469974,1
469980,1
469983,1
469986,1
470002,1
470012,1
470019,1
470049,1
470061,1
470073,1
470077,1
470082,1
470098,1
470117,1
470134,2
470136,1
470147,1
470151,1
470156,1
470159,1
470161,1
470165,1
470167,1
470175,1
470178,1
470185,1
470188,1
470191,1
470194,1
470196,1
470202,1
470206,1
470213,2
470232,1
470241,2
470252,1
470262,1
470266,1
470276,1
470286,1
470291,1
470304,1
470308,1
470311,1
470320,1
470329,1
470336,1
470344,1
470346,1
470349,1
470354,1
470356,1
470360,1
470371,1
470380,1
470383,1
470389,1
470394,1
470400,1
470417,1
470419,1
470427,1
470449,1
470462,1
470469,1
470476,1
470485,1
470489,1
470493,1
470496,1
470498,1
470500,1
470502,1
470507,1
470512,1
470517,1
470519,1
470529,1
470532,1
470534,1
470543,1
470551,1
470558,1
470564,1
470580,1
470591,1
470600,1
470605,1
470609,1
470618,1
470620,1
470639,1
470641,1
470648,1
470654,1
470668,1
470673,1
470675,1
470680,1
470682,1
470689,1
470699,1
470702,1
470712,1
470720,1
470724,1
470731,1
470741,1
470744,1
470755,1
470760,1
470766,1
470773,1
470775,1
470780,1
470798,1
470802,1
470809,1
470824,1
470832,1
470837,1
470851,1
470854,1
470858,1
470875,1
470885,1
470895,1
470912,1
470919,1
470924,1
470930,1
470934,1
470937,1
470950,1
470952,1
470959,2
470967,1
470973,1
470978,1
470989,1
470991,1
470993,1
470996,1
471024,1
471045,1
471056,1
471067,1
471082,1
471091,1
471099,1
471103,1
471107,1
471111,1
471129,1
471137,1
471140,1
471161,1
471164,1
471169,1
471178,1
471192,1
471195,1
471200,1
471224,1
471228,1
471252,1
471255,1
471259,1
471261,1
471276,1
471278,1
471287,1
471292,1
471294,1
471298,1
471312,1
471319,1
471322,1
471332,1
471343,1
471348,1
471350,1
471356,1
471360,1
471363,1
471368,1
471373,1
471375,1
471383,1
471389,1
471404,1
471408,1
471411,1
471416,1
471422,1
471429,1
471438,1
471441,1
471445,1
471448,1
471456,1
471461,1
471466,1
471477,1
471483,1
471490,1
471494,1
471506,1
471511,1
471518,1
471522,1
471534,1
471540,1
471545,1
471550,1
471572,1
471578,1
471582,1
471587,1
471589,1
471595,1
471598,1
471606,1
471610,1
471615,1
471626,1
471639,2
471641,1
471644,1
471647,1
471649,1
471673,1
471687,1
471693,1
471695,1
471700,1
471704,1
471715,1
471720,1
471729,1
471736,2
471746,1
471750,1
471752,1
471754,1
471760,1
471768,1
471779,1
471787,1
471796,1
471800,1
471803,1
471806,1
471811,1
471813,1
471819,1
471826,1
471832,1
471836,1
471847,1
471849,1
471856,1
471862,1
471878,1
471884,1
471899,1
471902,1
471905,1
471909,1
471911,1
471921,1
471936,1
471938,1
471943,1
471949,1
471959,1
471975,1
471978,1
471980,1
471985,1
471993,2
471996,1
472011,1
472013,1
472015,1
472024,1
472028,1
472031,1
472039,1
472044,1
472052,1
472057,2
472078,1
472088,1
472092,1
472095,1
472100,1
472104,1
472106,1
472109,1
472111,1
472114,1
472122,1
472127,1
472129,1
472145,1
472156,1
472158,1
472166,1
472174,1
472182,1
472185,1
472191,2
472207,1
472209,1
472219,1
472224,1
472239,1
472241,1
472247,1
472256,1
472259,1
472264,1
472268,1
472271,1
472279,1
472281,1
472287,2
472289,1
472294,1
472310,1
472317,1
472320,1
472327,1
472337,1
472343,1
472350,1
472352,1
472355,1
472358,1
472370,1
472372,1
472375,1
472379,1
472385,1
472392,1
472395,1
472397,1
472405,1
472409,1
472422,1
472424,1
472430,1
472439,1
472452,1
472466,1
472481,1
472488,1
472491,1
472504,1
472514,1
472530,1
472543,1
472545,1
472551,1
472553,1
472555,1
472564,1
472566,1
472568,1
472572,1
472577,1
472582,1
472588,2
472601,1
472604,1
472609,1
472622,1
472627,1
472656,1
472658,1
472662,1
472672,1
472677,1
472679,1
472683,1
472686,1
472689,1
472697,1
472706,1
472713,1
472716,1
472722,1
472732,1
472739,1
472747,1
472751,1
472754,1
472756,1
472765,1
472770,1
472774,1
472781,1
472787,1
472793,1
472803,1
472807,1
472809,1
472814,1
472817,1
472824,1
472826,1
472831,1
472833,1
472839,1
472841,1
472851,1
472863,1
472865,1
472869,1
472884,1
472894,1
472898,1
472903,1
472908,1
472918,1
472920,1
472926,1
472930,1
472937,1
472939,1
472942,1
472944,1
472947,1
472955,1
472960,1
472964,1
472975,1
472980,1
472986,1
472988,1
472993,1
472999,1
473006,1
473015,1
473019,1
473030,1
473032,1
473037,1
473042,1
473057,1
473061,1
473063,1
473069,1
473075,1
473077,1
473079,1
473083,1
473085,1
473087,1
473092,1
473097,1
473102,1
473105,1
473107,1
473109,1
473117,1
473124,2
473127,1
473135,1
473151,1
473155,1
473157,1
473160,1
473163,1
473166,1
473172,1
473175,1
473178,1
473195,1
473208,1
473223,1
473227,2
473230,1
473234,1
473246,1
473249,1
473251,1
473262,1
473270,1
473274,1
473282,1
473300,1
473306,1
473308,1
473311,1
473314,1
473322,1
473327,1
473338,1
473342,1
473348,1
473355,1
473359,1
473365,1
473376,1
473380,1
473385,1
473396,1
473399,1
473402,1
473409,1
473419,1
473425,1
473431,1
473433,1
473445,1
473448,1
473455,1
473459,1
473473,1
473481,1
473489,1
473509,1
473519,1
473529,1
473531,1
473537,1
473550,1
473552,1
473554,1
473556,1
473560,1
473565,1
473573,1
473588,1
473590,1
473595,1
473597,1
473604,1
473609,1
473613,1
473622,1
473624,1
473643,1
473645,1
473647,1
473653,1
473660,1
473666,1
473671,1
473675,1
473677,1
473680,1
473684,1
473686,1
473689,1
473693,1
473699,1
473704,1
473706,1
473722,1
473724,1
473738,1
473740,1
473742,1
473753,1
473758,1
473760,1
473764,1
473767,1
473778,1
473782,1
473786,1
473795,1
473797,1
473799,1
473802,1
473807,1
473815,1
473819,1
473833,1
473836,1
473843,1
473846,1
473849,1
473855,1
473858,1
473861,1
473876,1
473883,1
473889,1
473893,1
473905,1
473918,1
473929,1
473948,2
473951,1
473959,1
473963,1
473971,1
473982,1
473986,1
473988,1
473994,1
474006,1
474017,1
474024,1
474033,1
474037,1
474047,1
474078,1
474082,1
474100,1
474117,1
474119,1
474121,1
474134,1
474140,1
474142,1
474148,1
474151,1
474160,1
474166,1
474181,1
474186,1
474191,1
474236,1
474250,1
474256,1
474260,1
474264,1
474271,1
474278,1
474289,1
474292,1
474300,1
474302,1
474308,1
474310,1
474314,1
474317,1
474321,1
474330,1
474353,1
474355,1
474365,1
474369,1
474373,1
474394,1
474397,1
474402,1
474405,1
474409,1
474415,2
474424,1
474426,1
474435,1
474440,1
474444,1
474447,1
474462,2
474479,1
474484,1
474492,1
474494,1
474501,1
474504,1
474506,1
474510,1
474513,1
474518,1
474523,1
474535,1
474537,1
474539,1
474541,1
474544,1
474550,1
474555,1
474559,1
474568,1
474576,1
474579,1
474592,1
474594,1
474598,1
474600,1
474607,1
474612,1
474614,1
474617,1
474619,1
474626,1
474628,1
474650,1
474659,1
474663,1
474666,1
474672,1
474675,1
474680,1
474688,1
474692,2
474698,1
474708,1
474712,1
474716,1
474723,1
474740,1
474754,1
474763,1
474765,1
474768,1
474772,1
474784,1
474787,1
474802,1
474807,1
474810,1
474816,1
474821,1
474824,1
474826,1
474839,1
474841,1
474844,1
474856,1
474859,1
474861,1
474869,1
474879,1
474900,1
474916,1
474918,1
474931,1
474936,1
474957,1
474969,1
474975,1
474977,1
474982,1
474990,1
474993,1
475005,1
475040,1
475049,1
475053,1
475058,1
475067,1
475085,1
475096,1
475107,1
475109,1
475116,1
475126,1
475135,1
475148,1
475160,1
475163,1
475174,1
475177,1
475192,1
475203,1
475206,2
475212,1
475220,1
475224,1
475240,2
475242,1
475252,1
475257,1
475262,1
475264,1
475269,1
475279,1
475282,1
475296,1
475299,1
475305,1
475308,1
475310,1
475318,1
475335,1
475346,1
475348,1
475351,1
475354,1
475356,1
475359,2
475361,1
475367,1
475371,1
475375,1
475394,1
475397,2
475406,1
475426,1
475429,1
475433,1
475448,1
475454,1
475456,1
475477,1
475479,1
475484,1
475491,1
475493,1
475520,1
475527,1
475529,1
475543,1
475545,1
475549,1
475557,1
475562,1
475568,1
475570,1
475573,1
475578,1
475583,1
475590,1
475600,1
475620,1
475625,1
475629,1
475632,1
475642,1
475657,1
475664,1
475666,1
475675,1
475679,1
475681,1
475695,1
475697,1
475700,2
475714,1
475723,1
475725,1
475729,1
475739,1
475741,1
475745,1
475757,1
475771,1
475781,1
475794,1
475808,1
475810,1
475813,1
475815,1
475820,1
475832,1
475848,1
475855,1
475864,1
475875,1
475877,1
475880,1
475886,1
475889,1
475893,2
475906,1
475915,1
475919,1
475923,1
475925,1
475929,1
475939,1
475943,1
475945,1
475959,1
475962,1
475965,1
475969,1
475972,1
475981,1
475984,1
475987,1
475990,1
476001,1
476017,1
476024,1
476032,1
476046,1
476056,1
476058,1
476065,1
476076,1
476082,1
476093,1
476098,2
476107,1
476114,1
476117,1
476125,1
476133,1
476147,1
476151,1
476155,1
476158,1
476166,1
476173,1
476185,1
476188,1
476190,1
476193,1
476199,1
476207,1
476209,1
476212,1
476226,1
476230,1
476232,1
476246,1
476248,1
476250,1
476252,1
476260,1
476262,1
476272,1
476287,1
476289,1
476303,1
476319,1
476323,1
476330,1
476342,1
476377,1
476386,1
476392,1
476401,1
476416,1
476419,1
476421,1
476423,1
476426,1
476436,1
476438,1
476443,1
476453,1
476455,1
476458,1
476460,1
476466,1
476474,1
476478,1
476492,1
476496,2
476498,1
476509,1
476516,1
476521,1
476532,1
476547,1
476550,1
476553,1
476555,1
476570,1
476576,1
476579,1
476587,1
476617,1
476619,1
476629,1
476633,1
476645,1
476648,2
476650,1
476655,1
476658,1
476665,1
476668,1
476673,1
476677,1
476681,1
476686,1
476696,1
476701,1
476705,1
476710,1
476721,1
476724,1
476734,1
476739,1
476741,1
476744,1
476757,1
476775,1
476777,1
476779,1
476787,1
476789,1
476793,1
476798,1
476802,1
476809,1
476813,1
476818,1
476822,1
476830,1
476834,1
476855,1
476872,1
476874,1
476884,1
476887,1
476892,1
476911,1
476919,1
476926,1
476931,1
476935,1
476940,2
476944,1
476946,1
476948,1
476961,1
476976,1
476979,1
476984,1
476987,1
476989,1
476991,1
476994,1
476999,1
477024,1
477026,1
477029,1
477036,1
477045,1
477047,1
477062,1
477064,1
477068,1
477070,1
477080,1
477098,1
477103,1
477111,1
477119,1
477121,1
477124,1
477138,1
477147,1
477154,1
477161,1
477164,1
477172,1
477181,1
477189,1
477196,1
477201,1
477217,1
477233,2
477235,1
477238,1
477255,1
477259,1
477272,1
477289,1
477294,1
477297,1
477301,1
477306,1
477316,1
477318,1
477325,1
477329,1
477334,1
477337,1
477339,1
477349,1
477357,1
477368,1
477383,1
477385,1
477395,1
477407,1
477410,1
477426,1
477428,1
477445,2
477449,1
477461,1
477466,1
477468,1
477472,1
477478,1
477483,1
477495,1
477497,1
477500,1
477502,1
477505,1
477514,1
477518,1
477520,1
477522,1
477524,1
477526,1
477528,1
477533,1
477541,1
477548,1
477556,1
477558,1
477576,1
477579,1
477595,1
477597,1
477606,1
477614,1
477629,1
477631,1
477636,1
477638,1
477642,1
477651,1
477655,1
477666,1
477671,1
477673,1
477675,1
477677,1
477683,1
477690,1
477693,2
477696,1
477701,1
477708,1
477711,1
477713,1
477715,1
477725,1
477729,1
477736,1
477744,1
477747,1
477749,1
477752,1
477755,1
477763,1
477768,1
477779,1
477784,1
477788,1
477790,1
477793,1
477801,1
477806,1
477809,1
477812,1
477822,1
477824,1
477826,1
477830,1
477832,1
477837,1
477847,1
477852,1
477862,1
477864,1
477868,1
477879,1
477884,1
477886,1
477889,1
477892,1
477899,1
477901,1
477905,1
477907,1
477909,1
477917,1
477929,1
477932,1
477937,1
477957,1
477967,1
477974,1
477976,1
477988,1
477993,1
477995,1
478012,1
478015,1
478020,1
478024,1
478031,1
478035,1
478051,1
478053,1
478062,1
478065,1
478071,1
478086,1
478092,1
478096,1
478106,1
478109,1
478113,1
478125,1
478130,1
478132,1
478141,1
478148,1
478181,1
478185,1
478188,1
478203,1
478211,1
478216,1
478221,1
478223,1
478227,1
478234,1
478238,1
478242,1
478245,1
478247,1
478249,1
478259,1
478262,1
478280,1
478285,1
478289,1
478294,1
478297,1
478302,1
478307,1
478312,1
478321,1
478323,1
478334,1
478370,1
478372,1
478376,1
478394,1
478399,1
478408,1
478412,1
478417,1
478423,1
478435,1
478437,1
478445,1
478451,1
478455,1
478468,1
478471,1
478476,1
478479,1
478492,1
478518,1
478529,1
478544,1
478547,1
478549,1
478563,1
478565,1
478569,1
478578,1
478589,1
478591,1
478598,1
478604,1
478614,1
478620,2
478622,1
478624,1
478633,1
478637,1
478648,1
478653,1
478660,1
478663,1
478667,1
478680,1
478683,1
478697,1
478699,1
478717,1
478719,1
478726,1
478732,1
478734,1
478737,1
478740,1
478742,1
478746,1
478748,1
478753,1
478761,1
478773,2
478776,1
478778,1
478780,1
478793,1
478796,2
478810,1
478812,1
478814,1
478831,1
478838,1
478845,1
478849,1
478860,1
478868,1
478882,1
478887,1
478889,1
478908,1
478917,1
478923,1
478925,1
478928,1
478930,1
478935,1
478938,1
478946,1
478951,1
478955,1
478957,1
478960,1
478962,1
478966,1
478969,1
478971,1
478980,1
478993,1
478996,1
478999,1
479002,1
479010,1
479018,1
479031,1
479034,1
479041,1
479058,1
479060,1
479064,1
479076,1
479086,1
479094,1
479100,1
479121,1
479124,1
479132,1
479135,1
479137,1
479140,1
479153,1
479164,1
479170,1
479192,1
479204,1
479210,1
479228,1
479230,1
479233,1
479239,1
479244,1
479250,1
479258,1
479266,1
479269,2
479273,1
479289,1
479298,1
479303,1
479305,1
479309,1
479312,1
479315,1
479317,1
479323,1
479326,1
479329,1
479342,1
479345,1
479349,2
479355,1
479363,1
479367,2
479380,1
479384,1
479388,1
479390,1
479398,1
479400,1
479412,1
479415,1
479421,1
479424,1
479429,1
479438,1
479441,1
479444,2
479452,1
479458,1
479460,1
479470,1
479474,1
479477,1
479480,1
479490,1
479493,1
479498,1
479510,1
479515,1
479522,1
479529,1
479532,1
479536,1
479538,1
479540,1
479545,1
479555,1
479566,1
479570,1
479574,1
479582,2
479585,1
479589,1
479595,1
479608,1
479615,1
479617,1
479628,1
479636,1
479660,1
479663,1
479667,1
479682,1
479689,1
479697,1
479704,1
479707,1
479727,1
479731,1
479740,1
479742,1
479745,1
479748,1
479761,1
479772,1
479776,1
479778,1
479786,1
479792,1
479796,1
479800,1
479829,1
479837,1
479853,1
479855,1
479859,1
479868,1
479874,1
479879,1
479889,1
479892,1
479896,1
479900,1
479905,1
479913,1
479915,1
479919,1
479924,1
479934,2
479938,1
479950,1
479954,1
479956,1
479962,1
479964,1
479966,1
479973,2
479985,1
479987,1
479989,1
480005,1
480007,1
480011,1
480024,1
480026,1
480030,1
480043,1
480047,1
480061,1
480065,1
480067,1
480075,1
480084,1
480087,2
480089,1
480099,1
480104,1
480106,1
480110,1
480115,1
480123,2
480132,1
480143,1
480146,1
480154,1
480159,1
480174,1
480177,1
480180,1
480184,1
480186,1
480192,1
480203,1
480214,1
480231,1
480239,1
480252,1
480257,1
480274,1
480277,1
480279,1
480284,1
480291,1
480294,1
480296,1
480301,1
480304,1
480307,1
480312,1
480316,1
480318,1
480327,1
480332,1
480337,1
480348,1
480350,1
480364,1
480368,1
480371,1
480374,1
480381,1
480387,1
480392,2
480402,2
480404,1
480409,1
480424,1
480427,1
480437,1
480448,1
480452,1
480457,1
480462,2
480469,1
480482,1
480484,1
480486,1
480488,1
480496,1
480506,1
480513,1
480521,1
480523,1
480526,1
480533,1
480538,2
480541,1
480551,1
480556,1
480562,1
480570,1
480573,1
480578,1
480582,1
480585,1
480596,1
480600,1
480610,1
480615,1
480618,1
480632,1
480634,1
480649,1
480651,1
480655,1
480658,1
480668,1
480672,1
480674,1
480677,1
480679,1
480686,1
480688,1
480693,1
480711,1
480714,1
480724,1
480730,1
480733,1
480741,1
480744,1
480762,1
480767,1
480788,1
480790,1
480804,1
480806,1
480817,1
480825,1
480828,1
480839,1
480842,1
480844,1
480846,1
480849,1
480860,1
480873,1
480882,1
480887,1
480900,1
480902,1
480911,1
480913,1
480920,1
480924,1
480952,1
480957,1
480962,1
480969,1
480973,1
480985,1
480993,1
481000,1
481005,1
481015,1
481017,1
481025,1
481033,1
481035,1
481049,1
481083,1
481085,1
481089,1
481091,1
481093,1
481097,1
481109,1
481112,1
481122,1
481125,1
481142,1
481146,1
481159,1
481165,1
481171,1
481190,1
481206,2
481226,1
481232,1
481238,1
481244,1
481246,1
481248,1
481260,1
481265,2
481269,1
481280,1
481283,1
481290,1
481293,1
481301,1
481311,1
481313,1
481318,1
481322,1
481327,1
481336,1
481339,1
481341,1
481344,1
481349,1
481359,1
481362,1
481371,1
481376,1
481378,1
481386,1
481390,1
481398,1
481412,1
481418,1
481423,1
481427,1
481434,1
481438,1
481448,1
481452,1
481457,1
481464,1
481475,1
481481,1
481483,1
481488,1
481491,1
481494,1
481496,1
481503,1
481509,1
481517,1
481533,1
481546,1
481551,1
481562,1
481565,1
481570,1
481584,1
481587,1
481590,1
481600,1
481603,1
481607,1
481616,1
481623,1
481626,1
481636,1
481638,1
481643,1
481647,1
481659,1
481662,1
481668,1
481674,1
481678,1
481681,1
481685,1
481687,1
481689,1
481695,1
481700,1
481702,1
481705,1
481713,1
481717,1
481719,1
481723,1
481725,1
481746,1
481749,1
481754,1
481761,1
481765,1
481776,1
481798,1
481801,1
481812,1
481823,1
481827,1
481844,1
481847,1
481851,1
481869,1
481872,1
481875,1
481889,1
481891,1
481894,1
481907,1
481922,1
481924,1
481944,1
481947,1
481960,1
481965,1
481968,1
481981,1
481984,1
481998,1
482001,1
482005,2
482018,1
482021,1
482023,1
482028,1
482042,1
482047,1
482059,1
482067,1
482076,1
482090,1
482096,1
482101,1
482117,1
482137,2
482152,1
482170,1
482174,1
482176,1
482178,1
482193,1
482198,1
482201,1
482207,1
482212,1
482214,1
482230,1
482234,1
482241,1
482244,1
482249,1
482267,1
482281,1
482286,1
482292,1
482298,1
482302,1
482307,1
482309,1
482313,1
482319,1
482326,1
482330,1
482335,1
482343,1
482381,1
482389,1
482399,1
482401,1
482403,1
482409,1
482417,1
482450,1
482456,1
482458,1
482461,1
482464,1
482475,1
482479,1
482488,1
482490,1
482495,1
482510,1
482517,1
482523,1
482529,1
482534,1
482551,1
482556,1
482567,1
482574,1
482579,1
482590,1
482592,1
482594,1
482607,1
482619,1
482628,1
482630,1
482655,1
482665,1
482670,1
482677,1
482692,1
482701,1
482705,1
482708,1
482710,1
482716,1
482732,1
482742,1
482744,1
482748,1
482753,1
482756,1
482761,1
482764,1
482766,1
482768,1
482770,1
482781,1
482783,1
482791,1
482799,1
482802,1
482806,1
482813,1
482822,1
482825,1
482833,1
482839,1
482847,1
482855,1
482857,1
482861,1
482871,1
482874,1
482879,1
482882,1
482884,1
482891,1
482894,1
482899,2
482901,1
482910,1
482912,1
482916,1
482918,1
482926,1
482930,1
482932,1
482935,1
482940,1
482947,1
482949,1
482954,1
482963,1
482965,1
482968,1
482970,1
482974,1
482976,1
482979,1
482981,1
482985,1
482993,1
482995,1
483000,1
483004,1
483007,1
483010,1
483013,1
483015,1
483017,1
483019,1
483028,1
483030,1
483040,1
483044,1
483048,1
483050,1
483060,1
483066,1
483083,1
483099,1
483101,1
483105,1
483121,1
483137,1
483150,1
483153,1
483165,1
483172,1
483180,1
483192,1
483199,1
483208,1
483213,1
483216,1
483218,1
483222,1
483225,1
483231,1
483236,1
483239,1
483262,1
483267,1
483279,1
483281,1
483284,1
483291,1
483296,1
483298,1
483301,1
483303,1
483309,1
483315,1
483321,1
483335,1
483345,1
483350,1
483359,1
483367,1
483370,1
483375,1
483382,1
483387,1
483400,1
483404,1
483408,1
483412,2
483417,1
483428,1
483431,1
483435,1
483444,1
483446,1
483448,1
483451,1
483454,1
483461,1
483468,1
483477,1
483480,1
483499,1
483521,1
483527,1
483530,1
483537,1
483539,1
483543,1
483545,1
483550,1
483557,1
483560,1
483565,1
483571,1
483578,1
483582,1
483596,1
483598,1
483604,1
483609,1
483611,1
483613,1
483616,1
483622,1
483624,1
483627,2
483634,1
483639,1
483645,1
483647,1
483658,1
483661,1
483663,1
483666,1
483675,1
483693,2
483695,1
483697,1
483711,1
483713,1
483720,1
483730,1
483732,1
483748,1
483752,2
483754,1
483768,1
483772,1
483777,1
483783,1
483794,1
483798,1
483807,1
483809,1
483824,1
483828,1
483842,1
483848,1
483859,1
483864,1
483873,1
483882,1
483894,1
483902,1
483906,1
483919,1
483921,1
483923,1
483928,1
483935,1
483940,1
483944,1
483953,1
483959,1
483962,1
483966,1
483969,1
483981,1
483993,1
483996,1
484009,1
484011,1
484013,1
484015,1
484018,1
484020,1
484032,1
484042,1
484044,1
484055,1
484065,1
484070,1
484073,1
484076,1
484082,1
484092,1
484094,1
484096,1
484104,1
484111,1
484117,1
484125,1
484128,1
484130,1
484134,1
484139,1
484144,1
484166,1
484181,1
484184,1
484186,1
484190,1
484193,1
484196,1
484198,1
484207,1
484209,1
484215,1
484220,1
484227,1
484229,1
484231,1
484234,1
484244,1
484251,1
484257,1
484262,1
484275,1
484283,1
484289,1
484299,1
484306,1
484314,1
484316,1
484319,1
484321,1
484326,1
484341,1
484345,1
484349,1
484355,1
484376,1
484383,1
484385,1
484387,1
484389,1
484398,1
484400,1
484402,1
484409,1
484416,1
484422,1
484427,1
484431,1
484435,1
484439,1
484445,1
484456,1
484459,1
484465,1
484471,1
484476,1
484486,1
484493,1
484505,1
484507,1
484509,1
484511,1
484514,1
484516,1
484522,1
484529,1
484534,2
484536,1
484538,1
484550,1
484563,1
484567,1
484572,1
484576,1
484587,1
484595,2
484599,1
484605,1
484611,1
484616,1
484624,1
484628,2
484640,1
484643,1
484646,1
484661,1
484663,1
484669,1
484673,1
484679,1
484682,1
484700,1
484706,1
484709,1
484714,1
484717,1
484721,1
484727,2
484731,1
484734,1
484740,1
484743,1
484748,1
484753,1
484766,1
484772,1
484777,1
484779,1
484798,1
484800,1
484802,1
484808,1
484815,1
484817,1
484819,1
484821,1
484823,1
484829,1
484835,1
484840,1
484851,1
484876,1
484885,1
484891,1
484898,1
484912,1
484914,1
484923,1
484929,1
484939,1
484943,1
484947,2
484949,1
484955,1
484958,1
484960,1
484985,1
484988,1
484994,1
485005,1
485010,1
485021,1
485027,1
485030,1
485042,1
485044,1
485057,1
485059,1
485061,1
485063,1
485073,1
485079,2
485082,1
485096,1
485102,2
485109,1
485120,1
485123,1
485132,1
485136,1
485139,1
485152,1
485160,1
485165,1
485168,1
485171,1
485174,1
485178,1
485181,2
485185,1
485188,1
485194,1
485198,2
485212,2
485215,1
485218,1
485221,1
485234,1
485236,1
485241,1
485248,1
485251,1
485254,1
485259,1
485265,1
485275,1
485278,1
485287,1
485291,1
485293,1
485298,1
485305,1
485315,1
485318,1
485323,1
485326,1
485329,1
485332,1
485336,1
485346,1
485365,1
485372,1
485378,1
485383,1
485386,1
485389,1
485395,1
485405,1
485407,1
485413,1
485418,1
485423,1
485426,1
485430,1
485441,1
485444,1
485460,1
485467,1
485477,1
485479,1
485487,1
485499,1
485504,1
485514,1
485519,1
485531,1
485533,1
485535,1
485539,1
485544,1
485547,1
485551,1
485557,1
485561,1
485565,1
485567,1
485574,1
485589,1
485595,1
485616,1
485630,1
485632,1
485648,1
485658,1
485665,1
485667,1
485671,1
485674,1
485685,2
485687,1
485691,1
485693,1
485699,1
485705,1
485708,1
485719,1
485735,1
485742,1
485744,1
485746,1
485752,1
485755,1
485761,1
485770,2
485776,1
485783,1
485789,1
485795,1
485799,1
485801,1
485803,1
485805,1
485812,1
485823,1
485827,1
485829,1
485836,1
485839,1
485841,1
485843,1
485849,1
485873,1
485879,1
485881,1
485883,1
485896,1
485899,1
485910,1
485915,1
485923,1
485932,1
485936,2
485939,1
485946,1
485960,1
485970,1
485973,1
485980,1
485982,1
485988,1
485992,1
485994,1
485999,1
486003,1
486012,1
486015,1
486019,1
486021,1
486026,1
486033,2
486045,1
486047,1
486054,1
486060,1
486068,1
486080,1
486083,1
486087,1
486092,1
486100,1
486107,1
486120,1
486124,1
486132,1
486145,1
486152,1
486159,1
486164,1
486169,1
486171,1
486174,1
486180,1
486184,1
486186,1
486189,1
486192,1
486195,1
486197,1
486205,1
486218,1
486220,1
486225,1
486227,1
486235,1
486242,1
486245,1
486248,1
486251,1
486260,1
486268,1
486276,1
486278,1
486283,1
486285,1
486289,1
486296,1
486298,1
486304,1
486307,1
486310,1
486314,1
486318,1
486324,1
486327,1
486330,1
486335,1
486338,1
486342,1
486349,1
486388,1
486391,1
486404,1
486408,1
486410,1
486412,1
486419,1
486426,1
486448,1
486455,1
486468,1
486484,1
486486,1
486491,1
486505,1
486510,1
486518,1
486521,1
486523,1
486526,1
486536,1
486543,1
486545,1
486550,1
486552,1
486573,1
486578,2
486582,1
486589,1
486592,1
486600,1
486602,1
486604,1
486608,1
486620,1
486633,1
486636,1
486640,1
486647,1
486663,1
486673,1
486679,1
486681,1
486689,1
486696,1
486704,2
486709,1
486712,1
486733,1
486752,1
486755,1
486760,1
486762,1
486766,1
486772,1
486774,1
486783,1
486789,1
486791,1
486799,1
486807,1
486810,1
486826,1
486828,1
486840,1
486842,1
486846,1
486853,1
486863,1
486867,1
486872,1
486883,1
486885,1
486893,1
486905,1
486915,1
486919,1
486923,1
486925,1
486932,1
486938,1
486944,1
486949,1
486959,1
486965,1
486975,1
486981,1
486986,1
486990,1
487005,1
487018,1
487028,1
487036,1
487038,1
487054,1
487058,1
487064,1
487078,1
487080,1
487084,1
487090,1
487096,1
487106,1
487109,1
487113,1
487125,1
487127,1
487131,1
487137,1
487140,1
487145,1
487148,1
487153,1
487158,1
487166,1
487168,1
487171,1
487173,1
487183,1
487186,1
487189,1
487192,1
487198,1
487201,1
487207,1
487213,1
487216,1
487219,1
487235,1
487241,1
487244,1
487249,1
487255,1
487260,1
487266,1
487273,1
487276,1
487281,1
487284,1
487287,1
487292,1
487294,1
487298,1
487305,1
487320,1
487322,1
487326,1
487329,1
487331,1
487336,1
487339,1
487343,1
487345,1
487350,1
487360,2
487364,1
487374,1
487376,1
487383,1
487388,1
487392,1
487398,1
487405,1
487414,1
487417,1
487423,1
487427,1
487436,1
487440,1
487443,1
487449,1
487456,1
487460,1
487462,1
487473,1
487475,1
487483,1
487491,1
487493,1
487495,1
487503,1
487510,1
487512,1
487528,1
487531,1
487540,1
487544,1
487547,1
487552,1
487559,1
487568,1
487574,1
487576,1
487580,1
487586,1
487589,1
487592,1
487596,1
487601,1
487606,1
487608,1
487612,1
487615,1
487619,1
487625,1
487628,1
487633,1
487635,1
487640,1
487647,1
487653,1
487657,1
487675,1
487681,1
487685,1
487687,1
487689,1
487704,1
487712,1
487717,1
487723,1
487744,1
487752,1
487759,1
487777,1
487782,1
487785,1
487789,1
487793,1
487796,1
487801,2
487806,1
487815,1
487825,1
487829,1
487834,1
487844,1
487857,1
487861,1
487871,1
487874,1
487887,1
487890,1
487892,1
487897,1
487899,1
487911,1
487913,1
487917,1
487926,1
487928,1
487947,1
487951,1
487955,1
487957,1
487962,1
487966,1
487968,1
487971,1
487978,1
487981,1
487986,1
487994,1
488001,1
488008,1
488014,1
488016,1
488024,1
488029,1
488035,1
488044,1
488049,1
488051,1
488062,1
488064,1
488066,1
488081,1
488084,1
488086,1
488091,1
488098,1
488103,1
488105,1
488113,1
488119,1
488122,1
488133,1
488139,1
488141,1
488147,1
488158,1
488166,2
488170,1
488175,1
488179,1
488184,1
488188,1
488190,1
488195,1
488199,1
488207,1
488209,1
488234,1
488243,1
488283,1
488288,1
488290,1
488299,1
488302,1
488307,1
488311,1
488318,1
488323,1
488325,1
488330,1
488336,1
488339,1
488344,1
488348,1
488350,1
488353,1
488357,1
488366,1
488371,1
488376,1
488381,2
488387,1
488389,1
488393,1
488397,1
488406,1
488410,1
488427,1
488434,1
488443,1
488462,1
488465,1
488473,1
488480,1
488482,1
488490,1
488497,1
488499,1
488501,1
488503,1
488519,1
488528,1
488533,1
488535,1
488538,1
488541,1
488548,1
488551,1
488553,1
488558,1
488576,1
488579,1
488584,1
488594,1
488596,1
488610,1
488613,1
488634,1
488637,1
488640,1
488643,1
488647,1
488654,1
488656,1
488658,1
488669,1
488672,1
488676,1
488681,1
488684,1
488690,1
488693,1
488695,1
488704,1
488710,1
488712,1
488719,1
488721,1
488729,1
488735,1
488747,2
488749,1
488759,1
488761,1
488767,1
488778,1
488780,1
488783,1
488787,1
488794,1
488797,1
488803,1
488811,1
488826,1
488831,1
488833,1
488840,1
488843,1
488848,1
488855,1
488861,1
488869,1
488873,1
488879,1
488881,1
488883,1
488889,1
488891,1
488905,1
488913,1
488918,1
488923,1
488946,1
488962,1
488968,1
488970,1
488972,1
488975,1
488980,2
488987,1
488997,1
489002,1
489016,1
489021,1
489026,1
489032,1
489036,1
489038,1
489048,1
489058,1
489068,1
489071,1
489079,1
489085,1
489090,1
489097,1
489110,1
489119,1
489127,1
489133,1
489135,1
489145,1
489148,1
489150,1
489166,2
489181,1
489183,1
489188,1
489193,1
489202,1
489207,1
489216,1
489221,1
489223,1
489232,1
489235,1
489240,1
489242,1
489246,1
489250,1
489261,1
489267,1
489272,1
489275,1
489280,1
489283,2
489285,1
489288,1
489300,1
489308,1
489315,1
489322,1
489325,1
489328,1
489340,1
489346,1
489352,1
489355,1
489373,1
489375,1
489382,1
489393,1
489395,1
489397,1
489400,1
489402,1
489407,1
489412,1
489415,1
489417,1
489421,1
489430,1
489433,1
489436,2
489441,1
489446,1
489450,1
489452,1
489454,1
489456,1
489465,1
489481,1
489486,1
489489,1
489495,1
489501,1
489512,1
489514,1
489520,1
489527,1
489530,1
489533,1
489541,1
489545,1
489547,1
489553,1
489559,1
489563,1
489566,1
489568,1
489590,1
489600,1
489602,1
489604,1
489607,1
489619,1
489625,1
489627,1
489633,1
489640,1
489643,1
489649,1
489661,1
489664,1
489667,1
489685,1
489697,1
489700,1
489702,1
489704,1
489711,1
489714,1
489718,1
489720,1
489725,1
489737,1
489754,1
489756,1
489763,1
489773,1
489782,1
489794,1
489797,1
489799,1
489816,1
489821,1
489830,1
489832,1
489836,1
489846,1
489849,1
489855,1
489859,1
489867,1
489869,1
489871,1
489873,1
489877,1
489884,1
489901,1
489908,1
489913,1
489921,1
489931,1
489937,1
489943,1
489950,1
489955,1
489966,2
489985,1
489999,1
490002,1
490008,1
490010,1
490014,1
490017,1
490021,1
490033,1
490037,1
490059,1
490061,1
490065,1
490067,1
490070,1
490077,1
490080,1
490083,1
490088,1
490100,1
490104,1
490108,1
490114,1
490125,1
490141,1
490149,1
490155,1
490157,1
490163,1
490166,1
490173,1
490188,1
490191,1
490194,1
490209,1
490211,1
490216,1
490225,1
490227,1
490230,1
490245,1
490248,1
490251,1
490253,1
490255,1
490261,1
490273,1
490281,1
490283,1
490288,1
490293,1
490295,1
490323,1
490328,1
490333,1
490344,1
490353,1
490360,1
490396,1
490399,1
490422,1
490426,1
490430,1
490438,1
490444,1
490450,1
490455,1
490457,1
490459,1
490461,1
490463,1
490466,1
490470,1
490472,1
490481,1
490484,1
490493,1
490496,1
490499,1
490504,1
490509,1
490516,2
490518,1
490523,1
490529,1
490534,1
490538,1
490552,1
490555,1
490564,1
490580,1
490583,1
490590,1
490597,1
490613,1
490618,1
490630,1
490634,1
490640,1
490644,1
490663,1
490667,1
490675,1
490683,1
490686,1
490704,1
490710,1
490714,1
490718,1
490728,1
490770,1
490779,1
490788,1
490791,1
490800,1
490803,1
490808,1
490816,1
490822,1
490825,1
490839,1
490848,1
490856,1
490860,1
490862,1
490878,1
490885,1
490887,1
490891,1
490893,1
490895,1
490899,1
490911,1
490914,1
490925,1
490929,1
490932,1
490934,1
490944,1
490948,1
490955,1
490957,1
490968,1
490978,1
490987,1
490990,1
490992,1
491013,1
491029,1
491033,1
491036,1
491047,1
491052,1
491064,1
491070,1
491075,1
491078,1
491086,1
491090,1
491099,1
491102,1
491105,1
491107,1
491113,1
491121,1
491126,1
491128,1
491143,1
491157,1
491176,1
491178,1
491181,1
491183,1
491189,1
491192,1
491197,1
491201,1
491216,1
491218,1
491225,1
491232,1
491252,1
491258,1
491263,1
491268,1
491274,1
491278,1
491282,1
491284,1
491291,1
491294,1
491297,1
491299,1
491309,1
491313,1
491316,1
491318,1
491323,1
491327,1
491338,1
491347,2
491357,1
491363,1
491368,1
491373,1
491385,1
491390,1
491393,1
491410,1
491413,1
491421,1
491425,1
491428,1
491430,1
491432,1
491438,1
491441,1
491445,1
491448,1
491450,1
491454,1
491458,1
491465,1
491468,1
491477,1
491493,1
491504,1
491506,1
491512,1
491520,1
491525,1
491531,1
491538,1
491540,1
491545,1
491549,1
491553,1
491562,1
491564,1
491570,1
491576,1
491581,1
491585,1
491596,1
491598,1
491602,1
491612,1
491616,1
491620,2
491625,1
491629,1
491636,1
491639,1
491641,1
491643,1
491651,1
491657,1
491665,1
491667,1
491671,1
491674,1
491679,1
491685,1
491692,1
491695,1
491701,1
491706,1
491710,1
491721,1
491731,1
491735,1
491751,1
491757,1
491772,1
491781,1
491791,1
491801,1
491807,1
491813,1
491817,1
491821,1
491826,1
491842,1
491845,1
491856,1
491865,1
491879,1
491891,1
491895,1
491900,1
491907,1
491911,1
491921,1
491931,1
491943,1
491968,1
491976,1
491980,2
491985,1
491987,1
491998,1
492001,1
492003,1
492005,1
492008,1
492019,1
492022,1
492027,1
492029,1
492033,1
492038,1
492041,1
492044,1
492058,1
492062,1
492074,1
492076,1
492078,1
492091,1
492097,1
492104,1
492109,1
492111,1
492113,1
492121,1
492123,1
492127,1
492130,1
492133,1
492136,1
492142,1
492151,1
492161,1
492163,1
492169,1
492171,1
492177,1
492180,1
492196,1
492198,1
492203,1
492206,1
492212,1
492222,1
492231,1
492240,1
492242,1
492245,1
492254,1
492260,1
492268,1
492272,1
492283,1
492285,1
492299,1
492301,1
492311,1
492313,1
492323,1
492336,1
492341,1
492352,1
492368,1
492386,1
492393,1
492407,1
492439,1
492457,1
492461,1
492469,1
492472,1
492477,1
492493,1
492506,1
492509,1
492513,1
492520,1
492526,1
492540,1
492559,1
492568,1
492570,1
492577,1
492585,1
492591,1
492593,1
492603,1
492608,2
492610,1
492616,1
492624,1
492627,1
492629,1
492633,1
492637,1
492644,1
492652,1
492655,1
492661,1
492663,1
492669,1
492683,1
492695,1
492699,1
492703,1
492705,1
492711,1
492715,1
492720,1
492726,1
492729,1
492734,1
492736,1
492741,1
492755,1
492758,1
492776,1
492790,1
492795,1
492799,2
492805,1
492809,1
492813,1
492816,1
492828,1
492850,1
492853,1
492867,1
492870,1
492873,1
492887,1
492894,1
492907,1
492910,1
492916,1
492919,1
492921,1
492924,1
492933,1
492939,1
492946,1
492952,1
492958,1
492961,1
492966,1
492969,1
492973,2
492977,1
492981,1
492987,1
492990,1
492995,1
492999,1
493005,1
493009,1
493022,1
493024,1
493028,1
493032,1
493040,1
493047,1
493049,1
493052,1
493055,1
493058,1
493060,1
493064,1
493067,1
493070,1
493076,1
493081,1
493083,1
493091,1
493093,1
493098,1
493102,1
493109,1
493118,1
493120,1
493122,1
493128,1
493132,1
493138,1
493140,1
493142,1
493147,1
493155,1
493158,1
493163,1
493165,1
493185,1
493198,1
493203,1
493227,1
493232,1
493235,1
493241,1
493243,1
493251,1
493255,1
493262,1
493267,1
493269,1
493274,1
493279,1
493292,1
493308,1
493318,1
493330,1
493343,1
493347,1
493349,1
493354,1
493357,1
493368,1
493379,1
493383,1
493385,1
493387,1
493396,1
493403,1
493420,1
493424,1
493454,1
493456,1
493459,1
493466,1
493468,1
493472,1
493479,1
493483,1
493485,1
493492,2
493496,2
493506,1
493522,1
493553,1
493555,1
493557,1
493570,1
493573,1
493584,1
493586,1
493591,1
493596,1
493601,1
493611,1
493613,1
493616,1
493632,1
493644,1
493648,1
493667,1
493678,1
493685,1
493689,1
493692,1
493695,1
493700,1
493708,1
493710,1
493716,1
493726,2
493728,1
493732,1
493746,2
493749,1
493762,1
493765,1
493770,1
493777,1
493791,1
493800,1
493803,1
493806,1
493823,1
493836,1
493839,2
493842,1
493846,1
493856,1
493864,1
493879,1
493882,1
493889,1
493893,1
493900,1
493913,1
493925,1
493933,1
493938,1
493941,1
493946,1
493953,1
493963,1
493976,1
493980,1
493992,1
494009,1
494027,1
494029,1
494032,1
494042,1
494054,1
494059,1
494064,1
494068,1
494070,1
494087,2
494090,1
494094,1
494103,1
494109,1
494111,1
494113,1
494130,1
494147,1
494160,1
494164,1
494173,1
494184,1
494193,1
494214,1
494221,1
494226,1
494239,1
494242,1
494258,1
494260,1
494263,1
494279,1
494293,1
494299,1
494306,1
494312,1
494318,1
494326,1
494333,1
494335,1
494339,1
494352,1
494355,1
494357,1
494369,2
494372,1
494387,1
494389,1
494394,1
494408,1
494410,1
494416,1
494419,1
494421,1
494423,1
494433,1
494440,1
494454,1
494469,1
494472,1
494478,1
494485,1
494489,2
494494,1
494499,2
494504,1
494509,1
494511,1
494513,1
494516,1
494520,1
494523,1
494550,2
494555,1
494565,1
494574,1
494582,1
494588,1
494596,1
494611,1
494619,1
494621,1
494632,1
494640,1
494648,1
494650,1
494656,1
494658,1
494663,1
494674,1
494677,2
494679,1
494684,1
494688,1
494693,1
494702,1
494705,1
494710,1
494713,1
494723,1
494730,1
494732,1
494736,1
494744,1
494753,1
494761,1
494775,1
494779,1
494800,1
494808,1
494811,1
494830,1
494838,1
494844,1
494847,1
494849,1
494853,1
494859,1
494868,1
494887,1
494893,1
494896,1
494907,1
494923,1
494925,1
494934,1
494944,1
494952,1
494960,1
494962,1
494965,1
494973,1
494976,1
494982,1
494985,1
494993,1
495004,2
495006,1
495010,1
495021,1
495024,1
495032,1
495038,1
495040,1
495052,1
495057,1
495059,1
495076,1
495078,1
495086,1
495090,1
495093,1
495105,1
495107,1
495110,1
495117,1
495123,1
495126,1
495133,1
495135,1
495145,1
495150,1
495152,1
495158,1
495162,1
495164,1
495168,1
495171,1
495177,1
495181,1
495198,1
495202,1
495209,1
495216,1
495219,1
495226,1
495229,1
495231,1
495241,1
495245,1
495248,1
495257,1
495261,1
495268,1
495270,1
495277,1
495280,1
495286,1
495291,1
495298,1
495303,1
495308,1
495311,1
495323,1
495325,1
495331,1
495340,1
495342,1
495345,1
495353,1
495357,1
495360,1
495376,1
495389,1
495400,1
495418,1
495426,1
495435,1
495438,1
495444,1
495453,1
495455,1
495457,1
495465,1
495471,1
495476,1
495490,1
495493,1
495497,1
495503,1
495512,1
495516,1
495523,1
495531,1
495554,1
495573,1
495580,1
495582,1
495588,1
495597,1
495608,1
495610,1
495615,1
495620,1
495624,1
495627,1
495636,1
495638,1
495647,1
495649,1
495655,1
495657,1
495665,1
495670,1
495691,1
495706,1
495710,1
495712,1
495733,1
495741,1
495744,1
495751,1
495759,1
495765,1
495771,1
495774,1
495779,1
495782,1
495789,1
495796,1
495804,1
495809,1
495817,1
495819,1
495826,1
495830,1
495861,1
495874,1
495876,1
495882,1
495894,1
495911,1
495916,1
495921,1
495935,1
495949,1
495982,1
495998,1
496012,1
496036,1
496038,1
496041,1
496044,1
496047,1
496056,1
496058,1
496063,1
496067,1
496073,1
496098,1
496102,1
496109,1
496126,1
496130,1
496138,1
496141,1
496149,1
496153,1
496157,1
496159,1
496179,1
496184,1
496192,1
496196,1
496198,1
496200,1
496206,1
496208,1
496210,1
496217,1
496220,1
496231,1
496234,1
496242,1
496252,1
496258,1
496265,2
496272,1
496274,1
496278,1
496283,1
496291,1
496293,1
496301,1
496305,1
496309,1
496314,1
496317,1
496325,1
496327,1
496340,1
496349,1
496353,1
496356,1
496358,1
496361,1
496367,1
496369,1
496379,1
496382,1
496393,1
496395,1
496400,1
496404,1
496408,1
496410,1
496416,1
496431,1
496437,1
496439,1
496441,1
496447,1
496455,1
496474,1
496486,1
496504,1
496508,1
496519,1
496522,1
496542,1
496547,1
496557,1
496566,1
496582,1
496611,1
496617,1
496639,1
496641,1
496647,1
496653,1
496656,1
496663,1
496689,1
496692,1
496701,1
496710,1
496712,1
496720,1
496726,1
496732,1
496735,1
496737,1
496740,1
496748,1
496751,1
496757,1
496760,1
496771,1
496773,1
496779,1
496784,1
496797,1
496800,1
496802,1
496805,1
496808,1
496811,1
496817,1
496825,1
496836,1
496840,1
496843,1
496847,1
496853,1
496861,1
496867,1
496875,1
496877,1
496880,1
496887,1
496892,1
496898,1
496901,1
496915,1
496919,1
496928,1
496937,1
496940,1
496946,1
496953,1
496967,1
496975,1
496989,1
497002,1
497035,1
497040,1
497055,1
497069,1
497079,1
497088,1
497109,1
497115,1
497118,1
497120,1
497127,1
497130,1
497134,1
497151,1
497162,1
497168,1
497170,1
497184,1
497186,1
497196,1
497203,1
497206,1
497230,1
497233,1
497240,1
497242,1
497244,1
497247,1
497254,1
497261,1
497277,1
497293,1
497328,1
497336,1
497338,1
497341,1
497346,1
497354,1
497360,1
497365,1
497368,1
497370,1
497372,1
497386,1
497395,1
497400,1
497403,1
497421,1
497440,1
497455,1
497462,1
497468,1
497472,1
497478,1
497489,1
497493,1
497496,1
497500,1
497506,1
497510,1
497516,1
497522,1
497528,1
497531,1
497536,1
497545,1
497553,1
497559,1
497565,1
497575,1
497580,1
497583,1
497592,1
497601,1
497607,1
497624,1
497630,1
497639,1
497641,1
497669,1
497675,1
497681,1
497691,1
497708,1
497725,1
497747,1
497753,1
497757,1
497762,1
497779,1
497783,1
497786,1
497796,1
497810,1
497815,1
497822,1
497824,1
497830,1
497832,1
497836,1
497842,1
497844,1
497850,1
497854,1
497862,1
497864,1
497866,1
497875,1
497887,1
497904,1
497906,1
497921,1
497924,1
497930,1
497942,1
497945,1
497948,1
497952,1
497955,1
497961,1
497971,1
497974,1
497979,1
497993,1
497995,1
498004,1
498018,1
498020,1
498029,1
498034,1
498037,1
498041,1
498046,1
498057,1
498067,1
498083,1
498089,1
498092,1
498097,1
498100,1
498102,1
498105,1
498108,1
498112,1
498123,1
498125,1
498130,1
498153,1
498156,1
498159,1
498170,1
498173,1
498177,1
498183,1
498189,1
498198,1
498203,1
498211,1
498217,1
498219,1
498224,1
498226,1
498230,1
498233,1
498239,1
498248,1
498251,1
498256,1
498276,1
498283,1
498289,1
498297,1
498302,1
498306,1
498309,1
498323,1
498325,1
498336,1
498343,1
498351,1
498355,1
498359,1
498367,1
498376,1
498381,1
498387,1
498390,1
498392,1
498402,1
498407,1
498409,1
498417,1
498420,1
498422,1
498427,1
498433,1
498436,1
498438,1
498442,1
498444,1
498451,1
498461,1
498472,1
498479,2
498482,1
498488,1
498492,1
498494,1
498503,1
498506,1
498509,1
498520,1
498524,1
498529,1
498533,1
498539,1
498543,1
498547,1
498550,1
498557,1
498567,1
498574,1
498580,1
498584,1
498590,1
498595,1
498616,1
498623,1
498628,1
498635,1
498638,1
498641,1
498651,1
498667,1
498675,1
498680,1
498684,1
498686,1
498688,1
498698,1
498704,1
498714,1
498720,1
498722,1
498729,1
498737,1
498739,1
498746,1
498749,1
498763,1
498779,1
498791,1
498794,1
498796,1
498807,1
498810,1
498812,1
498824,1
498834,1
498840,1
498842,1
498846,1
498849,1
498851,1
498855,1
498860,1
498862,1
498867,1
498871,1
498873,1
498882,1
498893,1
498895,1
498904,1
498910,1
498919,1
498924,1
498928,1
498931,1
498934,1
498936,1
498940,1
498942,1
498953,1
498965,1
498968,1
498973,1
498976,1
498981,1
498984,1
498987,1
499001,1
499007,1
499015,1
499018,1
499027,1
499039,1
499053,1
499073,1
499079,1
499085,2
499092,1
499097,1
499099,1
499101,1
499106,1
499109,1
499113,1
499116,1
499122,1
499128,1
499148,1
499150,1
499152,1
499161,1
499191,1
499194,1
499198,1
499212,1
499232,1
499235,1
499239,1
499243,1
499248,1
499255,1
499260,1
499263,1
499266,1
499271,1
499274,1
499281,1
499292,1
499296,1
499304,1
499311,1
499313,1
499316,1
499325,1
499328,1
499335,1
499338,1
499346,1
499356,1
499365,1
499381,1
499386,1
499396,1
499400,1
499402,1
499405,1
499417,1
499419,1
499426,1
499435,1
499441,1
499452,1
499468,1
499473,1
499481,1
499491,1
499496,1
499498,1
499506,1
499512,1
499515,1
499520,1
499535,1
499550,1
499568,1
499576,1
499580,1
499585,1
499591,1
499595,1
499598,1
499603,1
499607,1
499611,1
499614,1
499623,1
499634,1
499638,1
499641,1
499645,1
499647,1
499652,1
499655,1
499661,1
499676,1
499678,1
499680,1
499692,1
499701,1
499707,1
499713,1
499717,1
499726,1
499732,1
499735,1
499744,1
499747,1
499760,1
499763,1
499769,1
499776,1
499779,1
499785,1
499795,1
499802,1
499819,1
499821,1
499825,1
499830,1
499832,1
499855,1
499873,1
499875,1
499891,1
499893,1
499898,1
499902,1
499908,1
499929,1
499931,1
499942,1
499948,1
499953,1
499965,1
499968,1
499985,2
499991,1
499994,1
600003,1
600007,1
600012,1
600019,1
600024,1
600032,1
600036,1
600045,1
600059,1
600062,1
600065,1
600071,1
600076,1
600080,1
600104,1
600144,1
600150,1
600158,1
600160,1
600176,1
600178,1
600182,1
600188,1
600194,1
600201,1
600206,1
600209,1
600211,1
600215,1
600219,1
600224,1
600237,1
600248,1
600255,1
600273,1
600283,1
600288,1
600298,1
600300,1
600305,1
600307,1
600315,1
600318,1
600327,1
600331,1
600335,1
600343,1
600345,1
600347,1
600350,1
600357,1
600365,1
600381,1
600384,1
600401,1
600411,1
600414,1
600423,1
600425,1
600435,1
600439,1
600441,1
600451,1
600465,1
600473,1
600496,1
600498,1
600510,1
600514,1
600516,1
600523,1
600528,1
600530,1
600535,1
600541,1
600544,1
600580,1
600599,1
600610,1
600614,1
600619,1
600622,1
600632,3
600641,1
600645,1
600650,1
600654,1
600659,1
600670,1
600672,1
600681,1
600683,1
600693,1
600701,1
600708,1
600714,1
600717,1
600721,1
600726,1
600728,1
600731,1
600736,1
600738,1
600741,1
600743,1
600753,2
600756,1
600786,1
600789,1
600792,1
600800,1
600803,1
600811,1
600820,1
600824,1
600828,1
600838,1
600840,1
600842,1
600845,1
600847,1
600852,1
600857,1
600866,1
600875,1
600877,1
600881,1
600883,1
600885,1
600887,1
600891,1
600896,1
600898,1
600902,2
600908,1
600915,1
600918,1
600920,1
600931,1
600939,1
600951,1
600954,1
600962,1
600969,2
600972,1
600990,1
601003,1
601006,1
601009,1
601011,1
601019,1
601022,1
601035,1
601047,1
601050,1
601054,1
601064,1
601074,1
601083,1
601086,1
601093,1
601123,1
601127,1
601129,1
601133,1
601135,1
601143,1
601146,1
601161,1
601168,1
601179,1
601188,1
601198,1
601201,1
601203,1
601207,1
601209,1
601226,1
601235,1
601237,1
601245,1
601247,1
601250,1
601255,1
601260,1
601279,1
601281,1
601283,1
601295,1
601301,1
601312,1
601319,1
601337,1
601349,1
601363,1
601368,1
601374,1
601378,1
601382,2
601385,1
601394,1
601410,1
601419,1
601426,1
601430,1
601442,1
601453,2
601456,1
601464,1
601467,1
601480,1
601485,1
601495,1
601504,1
601508,1
601511,1
601514,1
601528,1
601531,1
601534,1
601537,1
601551,1
601553,1
601563,1
601567,1
601569,1
601571,1
601579,1
601584,1
601587,1
601592,1
601604,1
601606,1
601614,1
601617,1
601622,1
601627,1
601638,1
601648,1
601650,1
601653,1
601657,1
601661,1
601668,1
601681,1
601683,1
601688,1
601697,1
601715,1
601718,1
601722,1
601731,1
601733,1
601736,1
601740,1
601743,1
601746,1
601753,1
601759,1
601764,1
601790,1
601798,1
601810,1
601826,1
601831,1
601842,1
601845,1
601853,1
601855,1
601865,1
601867,1
601873,1
601882,1
601887,1
601900,1
601907,1
601914,1
601920,1
601923,1
601928,1
601932,1
601938,1
601946,1
601957,1
601959,1
601966,1
601971,1
601997,1
602004,1
602008,2
602010,1
602018,1
602022,1
602029,1
602038,1
602058,1
602060,1
602064,1
602066,1
602073,1
602079,1
602082,1
602084,1
602093,1
602097,2
602100,1
602102,1
602118,1
602124,1
602128,1
602136,1
602138,1
602140,1
602154,1
602173,1
602180,2
602188,1
602194,1
602206,1
602210,1
602219,1
602222,1
602227,1
602230,1
602235,1
602259,1
602264,1
602269,1
602298,1
602300,1
602305,1
602309,1
602314,1
602321,1
602323,1
602326,1
602338,1
602340,1
602344,1
602348,1
602352,1
602355,1
602364,1
602368,1
602372,1
602378,1
602380,1
602385,1
602390,1
602399,1
602404,1
602406,1
602408,1
602415,1
602422,2
602435,1
602439,1
602441,1
602444,1
602446,1
602452,1
602454,1
602457,1
602460,1
602464,1
602470,1
602474,1
602478,1
602481,1
602484,1
602494,1
602496,1
602498,1
602504,1
602513,1
602520,1
602526,1
602539,1
602548,1
602555,1
602557,1
602559,1
602565,1
602578,1
602580,1
602586,1
602590,1
602592,1
602594,1
602602,1
602604,1
602606,1
602613,1
602616,1
602618,1
602631,1
602644,1
602646,1
602668,1
602672,1
602680,1
602683,1
602687,1
602690,1
602693,1
602700,1
602705,1
602708,1
602711,1
602715,1
602725,1
602734,1
602758,1
602766,1
602778,1
602795,1
602802,1
602807,1
602817,1
602819,1
602824,1
602837,1
602840,1
602844,1
602846,1
602863,1
602874,1
602876,1
602887,1
602893,1
602902,1
602913,1
602918,1
602920,1
602928,1
602934,1
602945,1
602949,1
602960,1
602962,1
602967,1
602971,1
602986,1
602988,1
602991,1
603009,1
603011,1
603013,1
603031,1
603035,1
603044,1
603056,1
603058,1
603065,1
603067,1
603071,1
603080,1
603102,1
603106,1
603108,1
603119,1
603123,1
603125,1
603128,1
603137,1
603140,1
603144,1
603149,1
603161,1
603173,1
603180,1
603185,1
603198,1
603200,1
603214,1
603218,1
603223,1
603234,1
603236,1
603248,1
603254,1
603259,1
603261,1
603276,1
603280,1
603293,1
603303,1
603319,1
603329,1
603336,1
603349,1
603354,1
603358,1
603362,1
603368,1
603373,1
603375,1
603382,1
603393,1
603395,1
603403,1
603407,1
603411,1
603414,1
603419,1
603421,1
603426,1
603429,1
603431,1
603433,1
603435,1
603443,1
603446,1
603449,1
603451,1
603463,1
603465,1
603468,1
603470,1
603490,1
603502,1
603504,1
603507,1
603522,1
603527,1
603537,1
603539,1
603547,1
603552,1
603555,1
603563,1
603565,1
603568,1
603575,1
603580,1
603582,1
603589,1
603598,1
603600,1
603609,1
603619,1
603622,1
603629,1
603634,1
603636,1
603638,1
603642,1
603650,1
603658,2
603661,1
603672,1
603692,2
603694,1
603697,1
603710,1
603713,1
603728,1
603740,1
603751,1
603761,1
603768,1
603773,1
603783,1
603788,1
603792,1
603795,1
603813,1
603819,1
603830,1
603838,1
603845,1
603849,1
603862,1
603864,1
603867,1
603877,1
603891,1
603902,1
603916,1
603922,1
603927,1
603938,1
603941,1
603957,1
603962,1
603964,1
603970,1
603978,1
603999,1
604020,1
604035,1
604039,1
604060,1
604073,1
604087,1
604093,1
604099,1
604109,1
604111,1
604128,1
604139,1
604149,1
604155,1
604170,1
604177,1
604186,1
604190,1
604193,1
604199,1
604206,1
604230,1
604233,1
604235,1
604245,1
604247,1
604251,1
604255,1
604261,1
604274,1
604277,1
604282,1
604289,1
604293,1
604300,1
604337,1
604344,1
604352,1
604358,1
604360,1
604374,1
604377,1
604381,1
604383,1
604396,1
604406,1
604412,1
604418,1
604422,1
604429,1
604434,1
604436,1
604439,1
604446,1
604454,1
604460,1
604469,1
604471,1
604481,1
604483,1
604488,1
604494,1
604501,1
604506,1
604510,1
604516,1
604528,1
604537,1
604539,1
604547,1
604551,1
604555,1
604562,1
604568,1
604585,1
604588,1
604601,1
604604,1
604612,1
604620,1
604622,1
604624,1
604629,1
604643,1
604657,1
604660,1
604675,1
604682,1
604686,1
604701,2
604704,1
604719,1
604722,1
604724,1
604726,1
604738,1
604742,1
604752,1
604774,1
604776,1
604789,1
604794,1
604799,1
604813,1
604818,1
604828,1
604832,1
604834,1
604861,1
604874,1
604876,1
604890,1
604893,1
604896,1
604901,1
604908,2
604922,1
604926,1
604929,1
604939,1
604946,1
604948,1
604952,1
604964,1
604966,1
604971,1
604981,2
604983,1
604986,1
604992,1
605002,1
605006,2
605009,1
605013,1
605022,1
605025,1
605028,2
605031,1
605042,1
605047,1
605053,1
605063,1
605069,1
605081,1
605083,1
605091,1
605093,1
605100,2
605102,1
605104,1
605114,1
605119,1
605125,1
605134,1
605137,1
605155,1
605178,1
605185,1
605192,2
605196,1
605200,1
605211,1
605213,1
605215,1
605219,1
605222,1
605228,1
605232,1
605235,1
605250,2
605253,1
605257,1
605259,1
605271,2
605289,1
605297,1
605301,1
605315,1
605319,1
605328,1
605337,1
605344,1
605350,1
605352,1
605359,1
605365,1
605370,1
605375,1
605384,1
605389,1
605401,1
605417,1
605426,1
605444,1
605446,1
605457,1
605477,1
605483,1
605488,1
605490,1
605497,1
605499,1
605501,1
605505,1
605509,1
605515,1
605520,1
605523,1
605525,1
605534,1
605537,1
605540,1
605554,1
605557,1
605559,1
605570,1
605579,1
605590,1
605592,1
605596,1
605612,2
605617,1
605628,1
605631,1
605634,1
605637,1
605650,1
605655,1
605665,1
605674,1
605687,1
605689,1
605694,1
605696,1
605701,1
605708,1
605711,1
605714,1
605729,1
605742,1
605749,1
605755,1
605766,1
605769,1
605781,1
605784,1
605787,1
605804,1
605821,1
605827,1
605838,1
605841,1
605845,1
605848,1
605859,1
605865,1
605871,1
605878,1
605894,1
605902,1
605914,1
605919,1
605931,1
605933,1
605935,1
605938,1
605959,1
605964,1
606000,1
606009,1
606023,1
606026,1
606029,1
606032,1
606036,1
606042,1
606045,1
606050,1
606052,1
606056,1
606062,1
606091,1
606098,1
606103,1
606108,1
606111,1
606119,1
606126,1
606131,1
606139,1
606146,1
606161,1
606167,1
606185,1
606194,1
606204,1
606219,1
606223,1
606232,1
606242,1
606245,1
606250,1
606258,1
606283,1
606294,1
606301,1
606308,1
606316,1
606319,1
606321,1
606331,1
606336,2
606341,1
606346,1
606352,1
606361,1
606371,1
606373,1
606375,1
606389,1
606391,1
606407,1
606412,1
606426,1
606429,1
606433,1
606452,1
606460,1
606466,1
606470,2
606473,1
606475,1
606490,1
606501,1
606508,1
606511,1
606523,1
606528,1
606541,1
606558,1
606560,1
606562,1
606566,1
606568,1
606577,1
606581,1
606583,1
606587,1
606597,1
606600,1
606619,1
606634,1
606636,1
606643,1
606652,1
606654,1
606658,1
606674,1
606678,1
606688,1
606694,1
606696,1
606698,1
606702,1
606711,1
606715,1
606719,1
606721,1
606730,1
606733,1
606735,1
606739,1
606748,1
606752,1
606755,1
606758,1
606768,1
606772,1
606774,1
606777,1
606779,1
606788,1
606805,1
606808,2
606812,1
606824,1
606829,1
606831,1
606840,1
606844,1
606849,1
606851,1
606854,1
606864,1
606870,1
606882,1
606884,1
606887,1
606889,1
606902,1
606906,2
606920,1
606924,1
606927,2
606935,1
606941,1
606943,1
606947,1
606954,1
606968,1
606977,1
606982,1
606984,1
606999,1
607015,1
607017,1
607019,1
607030,1
607034,1
607037,1
607042,1
607044,1
607056,1
607068,1
607070,1
607083,1
607085,1
607099,1
607113,1
607119,1
607135,1
607137,1
607152,1
607154,1
607162,1
607170,1
607172,1
607187,1
607192,1
607201,1
607207,1
607210,2
607213,1
607216,1
607228,1
607243,1
607251,1
607259,1
607265,1
607267,1
607272,1
607298,1
607303,1
607305,1
607315,1
607338,1
607340,1
607344,1
607352,1
607359,1
607361,1
607366,1
607377,1
607380,2
607391,1
607401,1
607404,1
607415,1
607418,1
607433,1
607435,1
607440,1
607453,1
607455,1
607459,1
607476,1
607484,2
607490,1
607493,1
607497,1
607501,1
607511,1
607517,1
607535,1
607548,1
607554,1
607566,1
607570,1
607575,1
607585,1
607589,1
607591,1
607601,1
607606,1
607608,1
607613,1
607622,1
607632,1
607645,1
607654,1
607668,1
607675,1
607686,1
607700,1
607720,1
607736,1
607744,1
607746,1
607759,1
607786,1
607798,1
607800,1
607816,1
607830,1
607834,1
607841,1
607846,1
607858,1
607860,1
607868,1
607875,1
607880,1
607890,1
607892,1
607894,1
607898,1
607906,1
607912,2
607916,1
607920,1
607930,1
607932,1
607939,1
607946,1
607948,1
607957,1
607973,1
607984,1
607988,1
608005,1
608007,1
608028,1
608031,1
608039,1
608043,1
608048,1
608058,1
608061,1
608063,1
608065,1
608070,1
608086,1
608097,1
608102,1
608120,2
608126,1
608130,1
608135,1
608141,1
608150,1
608157,1
608159,1
608165,1
608167,1
608180,1
608186,1
608198,1
608201,1
608210,1
608212,1
608223,1
608232,1
608240,1
608251,1
608254,1
608258,2
608260,1
608272,1
608276,1
608280,1
608287,1
608290,1
608297,1
608301,1
608319,1
608321,1
608329,1
608331,1
608335,1
608345,1
608358,1
608383,1
608387,1
608391,1
608395,1
608403,1
608406,1
608408,1
608412,1
608422,1
608424,1
608429,1
608440,1
608442,1
608445,1
608455,1
608460,1
608462,1
608468,1
608477,1
608484,1
608493,1
608495,1
608498,1
608504,1
608511,1
608513,1
608518,1
608523,1
608525,1
608537,1
608540,2
608542,1
608563,1
608566,1
608574,1
608576,1
608578,1
608581,1
608589,1
608610,1
608612,1
608614,1
608621,1
608636,1
608638,1
608650,1
608652,1
608657,1
608666,1
608668,1
608670,1
608674,1
608689,1
608700,1
608704,1
608707,1
608712,1
608725,1
608728,1
608732,1
608744,1
608747,1
608762,1
608779,1
608797,1
608804,2
608810,1
608814,1
608831,1
608836,1
608842,1
608849,1
608852,1
608854,1
608861,1
608863,1
608865,1
608867,1
608873,1
608879,1
608881,1
608895,1
608899,1
608903,1
608905,1
608922,1
608934,1
608941,1
608951,1
608957,1
608962,1
608973,1
608994,1
608998,1
609010,1
609029,1
609034,1
609065,1
609070,1
609072,1
609086,1
609106,1
609111,1
609114,1
609144,1
609146,1
609159,1
609161,1
609170,1
609172,1
609174,1
609184,1
609187,1
609195,1
609198,1
609204,1
609207,1
609212,1
609216,1
609221,1
609225,1
609233,1
609239,1
609242,1
609247,1
609258,1
609261,1
609263,1
609267,1
609276,1
609279,1
609281,1
609293,1
609296,1
609299,1
609303,1
609305,1
609309,1
609315,1
609320,1
609322,1
609337,1
609353,1
609370,1
609374,1
609379,1
609392,1
609396,1
609408,1
609412,2
609420,1
609430,1
609432,1
609434,1
609437,1
609450,2
609457,1
609465,1
609467,1
609472,1
609477,1
609484,1
609492,1
609504,1
609509,1
609524,1
609527,1
609539,1
609542,1
609550,1
609555,1
609568,1
609571,1
609582,1
609590,1
609594,1
609604,1
609614,1
609620,1
609624,1
609629,1
609637,1
609645,1
609656,1
609658,1
609665,1
609672,1
609676,1
609681,1
609697,2
609699,1
609710,1
609719,1
609723,1
609726,1
609734,1
609740,1
609751,1
609755,1
609770,1
609777,1
609789,1
609791,1
609804,1
609806,1
609811,1
609816,1
609829,1
609832,1
609837,1
609848,1
609851,2
609863,1
609873,1
609876,1
609879,1
609887,1
609894,1
609907,1
609911,1
609920,1
609923,1
609927,1
609941,1
609948,1
609960,1
609962,1
609967,1
609974,1
609981,1
609983,1
609985,1
609990,1
610005,1
610008,1
610014,1
610016,1
610023,1
610035,1
610038,1
610041,1
610055,1
610070,1
610079,2
610081,1
610083,1
610087,1
610101,2
610106,1
610114,1
610116,1
610141,2
610145,1
610151,1
610160,1
610172,1
610174,1
610177,1
610186,1
610193,1
610207,1
610213,1
610216,1
610227,1
610232,1
610234,1
610245,1
610253,1
610257,1
610265,1
610276,1
610285,1
610287,1
610306,1
610309,1
610321,1
610348,1
610362,1
610376,1
610386,1
610391,1
610397,1
610400,2
610405,1
610418,1
610439,1
610459,1
610474,1
610479,1
610500,1
610513,1
610516,1
610520,1
610531,1
610546,1
610550,1
610555,1
610558,1
610565,1
610574,1
610587,1
610595,1
610599,1
610602,1
610606,1
610614,1
610619,1
610628,1
610630,1
610650,1
610654,1
610656,1
610658,1
610668,1
610671,1
610681,1
610700,1
610703,1
610713,1
610721,1
610724,1
610726,1
610742,1
610746,1
610758,1
610761,1
610777,1
610795,1
610805,1
610807,1
610816,1
610818,1
610829,1
610832,1
610835,1
610837,1
610839,1
610841,1
610843,1
610850,1
610852,1
610863,1
610873,1
610877,1
610896,2
610910,1
610918,1
610929,1
610935,1
610946,1
610954,1
610973,1
610988,2
610991,1
611009,1
611011,1
611013,1
611022,1
611025,2
611027,1
611033,1
611044,1
611048,1
611057,1
611065,1
611067,1
611072,1
611077,1
611081,1
611095,1
611097,1
611102,1
611105,1
611109,1
611120,1
611123,1
611130,1
611135,1
611141,1
611155,1
611158,1
611163,1
611171,1
611176,1
611182,1
611195,1
611198,1
611203,1
611232,1
611234,1
611238,1
611251,1
611255,1
611271,1
611275,1
611277,1
611286,1
611291,1
611300,1
611312,1
611314,1
611316,1
611328,1
611332,1
611337,1
611339,1
611362,1
611365,1
611384,1
611388,1
611393,1
611405,1
611409,1
611411,1
611413,1
611426,1
611438,1
611443,1
611448,1
611460,1
611462,1
611466,1
611478,1
611480,1
611489,1
611497,1
611501,1
611504,1
611510,1
611517,1
611520,1
611523,1
611528,1
611530,1
611537,1
611546,1
611548,1
611556,1
611574,1
611576,1
611596,2
611599,1
611601,1
611609,1
611620,1
611624,1
611633,1
611636,1
611638,1
611650,1
611655,1
611658,1
611669,1
611674,1
611681,1
611686,1
611690,1
611696,1
611701,1
611706,1
611718,1
611724,1
611734,2
611743,1
611748,1
611752,1
611758,2
611763,1
611777,1
611785,1
611792,1
611797,1
611804,1
611809,1
611812,1
611819,1
611824,1
611830,2
611837,1
611840,1
611847,1
611851,1
611855,1
611868,1
611884,1
611887,1
611893,1
611901,1
611903,1
611918,2
611922,1
611928,1
611937,1
611939,1
611946,1
611949,1
611952,1
611955,1
611958,1
611967,1
611970,1
611981,1
611992,1
611995,1
612001,1
612008,1
612010,1
612016,1
612018,1
612029,1
612049,1
612051,1
612053,1
612058,1
612064,1
612070,1
612076,1
612107,1
612110,1
612120,1
612132,1
612144,1
612147,1
612149,1
612152,1
612154,1
612167,1
612170,1
612172,1
612180,1
612183,2
612190,1
612195,1
612203,1
612213,3
612226,1
612235,1
612255,1
612261,1
612265,2
612268,1
612282,1
612285,1
612287,1
612289,1
612298,1
612301,1
612304,1
612320,1
612322,1
612333,1
612338,1
612340,1
612342,1
612355,1
612360,1
612370,1
612373,1
612377,1
612393,1
612396,1
612398,1
612409,1
612421,1
612423,1
612435,1
612445,1
612448,1
612452,1
612458,1
612465,1
612472,1
612477,1
612480,1
612486,1
612488,1
612490,1
612499,1
612502,1
612507,1
612516,1
612524,1
612536,1
612543,1
612548,1
612555,1
612558,1
612566,1
612569,1
612587,2
612596,1
612598,1
612608,1
612611,1
612620,1
612639,1
612641,1
612672,1
612679,2
612685,1
612693,1
612698,1
612702,1
612708,1
612710,1
612712,1
612719,1
612721,1
612731,1
612739,1
612753,1
612757,1
612762,1
612766,1
612772,1
612776,1
612786,1
612789,1
612794,2
612809,1
612814,1
612816,1
612818,1
612831,1
612849,1
612857,1
612867,1
612871,1
612873,1
612883,1
612887,1
612890,1
612896,1
612905,1
612920,1
612929,1
612937,1
612940,1
612946,1
612949,1
612951,1
612953,1
612955,1
612959,1
612967,1
612971,1
612974,1
612983,1
612990,1
612994,1
613020,2
613024,1
613028,1
613036,1
613041,1
613057,1
613060,1
613063,1
613071,1
613073,1
613084,1
613095,1
613102,1
613113,1
613118,1
613122,1
613124,1
613128,1
613136,1
613139,1
613152,1
613156,1
613163,1
613171,1
613177,1
613191,2
613193,1
613195,1
613206,1
613212,1
613218,1
613228,1
613231,1
613246,1
613252,1
613257,1
613267,1
613279,1
613287,1
613289,1
613301,1
613304,1
613308,1
613311,1
613322,1
613325,1
613329,1
613346,1
613356,1
613365,1
613374,1
613376,1
613381,1
613385,1
613387,1
613390,1
613395,1
613403,1
613405,1
613407,1
613419,1
613423,1
613436,1
613443,1
613456,1
613461,1
613472,1
613485,1
613492,1
613496,1
613503,1
613514,1
613526,1
613537,1
613552,1
613556,1
613559,1
613567,1
613570,1
613573,1
613576,1
613580,1
613592,1
613594,1
613608,1
613612,1
613615,1
613629,1
613633,1
613641,1
613650,1
613653,1
613657,1
613660,1
613664,1
613667,1
613669,1
613671,1
613673,1
613686,1
613695,1
613700,1
613705,1
613707,1
613723,1
613726,1
613738,1
613745,1
613753,1
613760,1
613779,1
613782,1
613790,1
613792,1
613796,1
613800,1
613806,1
613811,1
613816,1
613820,1
613838,1
613840,1
613847,1
613849,1
613860,1
613868,1
613871,1
613875,1
613878,1
613888,1
613890,1
613896,1
613899,1
613902,1
613910,1
613912,1
613915,1
613920,1
613932,1
613937,1
613939,1
613948,1
613951,1
613969,1
613980,1
613984,1
613987,1
613990,1
613992,1
613994,1
613998,1
614004,1
614009,1
614011,1
614013,1
614021,1
614024,1
614027,1
614030,1
614045,1
614057,1
614068,1
614087,1
614091,1
614097,1
614104,1
614109,1
614119,2
614121,1
614144,1
614147,1
614158,1
614166,1
614168,1
614177,1
614180,1
614202,1
614206,1
614216,1
614221,1
614227,1
614229,1
614233,1
614236,1
614239,1
614245,1
614248,1
614256,1
614258,1
614265,1
614271,1
614274,1
614276,1
614293,1
614295,1
614297,1
614299,1
614302,1
614306,1
614310,1
614314,1
614320,1
614330,1
614344,1
614347,1
614368,1
614372,1
614384,1
614390,1
614392,1
614395,1
614408,1
614412,1
614415,1
614421,1
614424,1
614427,1
614430,2
614434,1
614446,1
614448,1
614462,1
614464,1
614470,1
614481,1
614483,1
614485,1
614494,1
614498,1
614501,1
614516,1
614521,1
614523,1
614525,1
614540,1
614544,1
614555,1
614558,1
614560,1
614576,1
614579,1
614582,1
614592,1
614602,1
614610,1
614614,1
614617,1
614620,1
614629,1
614631,1
614634,1
614637,1
614639,1
614642,1
614649,1
614654,1
614656,1
614659,2
614662,1
614670,1
614672,1
614679,1
614684,1
614690,1
614692,1
614694,1
614710,1
614726,1
614728,1
614734,1
614747,1
614752,1
614765,1
614768,1
614774,1
614792,1
614795,1
614806,1
614832,1
614839,1
614849,1
614855,1
614859,1
614868,1
614879,1
614881,1
614884,1
614887,1
614897,1
614905,1
614909,1
614918,1
614945,1
614953,1
614962,1
614964,1
614977,1
614980,1
614994,1
614996,1
614998,1
615014,1
615030,1
615033,1
615036,1
615052,1
615060,1
615063,1
615068,1
615080,1
615084,1
615086,1
615093,1
615097,1
615112,1
615114,1
615122,1
615127,1
615129,1
615131,1
615139,1
615144,1
615153,1
615163,1
615184,1
615189,1
615221,1
615241,1
615243,1
615246,1
615261,2
615264,1
615273,1
615280,1
615283,1
615288,1
615291,1
615297,1
615300,1
615305,1
615307,1
615314,1
615319,1
615321,1
615324,2
615329,1
615332,1
615335,1
615337,1
615339,1
615341,1
615343,1
615345,1
615358,1
615364,1
615372,1
615376,1
615392,1
615425,1
615431,1
615434,1
615439,1
615445,1
615450,1
615456,1
615466,1
615469,1
615473,1
615493,1
615496,1
615506,1
615508,1
615524,1
615528,1
615534,1
615539,1
615543,1
615545,1
615547,1
615561,1
615571,1
615576,1
615579,1
615586,1
615590,1
615599,1
615604,1
615608,2
615611,1
615619,1
615627,1
615636,1
615643,1
615646,2
615659,1
615661,1
615677,1
615687,1
615695,1
615700,1
615715,1
615717,1
615720,1
615734,1
615744,1
615756,1
615775,1
615791,1
615794,1
615800,1
615804,1
615808,1
615817,1
615832,1
615835,1
615840,1
615850,1
615861,1
615864,1
615870,1
615872,1
615875,1
615877,1
615879,1
615884,1
615905,1
615908,1
615911,1
615919,1
615923,1
615929,1
615938,1
615945,1
615953,1
615963,1
615967,1
615969,1
615972,1
615987,2
616001,1
616005,2
616008,1
616023,1
616037,1
616039,1
616045,1
616053,1
616060,1
616084,1
616088,1
616101,1
616107,1
616134,1
616137,1
616148,1
616171,1
616173,1
616175,1
616181,2
616192,1
616195,1
616197,1
616199,1
616201,1
616212,1
616214,1
616217,2
616224,1
616235,1
616247,1
616250,1
616255,1
616263,1
616269,1
616273,1
616288,1
616320,1
616326,2
616344,1
616349,1
616364,1
616379,1
616383,1
616391,1
616400,1
616402,1
616408,1
616414,1
616420,1
616422,1
616435,2
616442,1
616449,1
616458,1
616469,1
616476,1
616478,1
616483,1
616485,1
616496,1
616504,1
616514,1
616516,1
616530,1
616533,1
616538,1
616547,1
616554,1
616558,1
616571,1
616575,1
616581,1
616583,1
616587,1
616592,1
616594,1
616603,1
616609,1
616628,1
616630,1
616635,1
616642,1
616664,1
616668,1
616675,1
616680,1
616688,1
616698,1
616713,1
616719,1
616729,1
616733,1
616737,1
616744,1
616753,1
616758,1
616760,1
616763,1
616765,1
616769,1
616771,1
616774,1
616780,1
616783,1
616797,1
616801,1
616803,1
616818,1
616823,1
616830,1
616870,1
616873,1
616875,1
616878,1
616883,1
616890,1
616892,1
616895,1
616898,1
616902,1
616904,1
616908,1
616916,2
616918,1
616921,1
616934,1
616948,1
616951,1
616953,1
616956,1
616960,1
616966,1
616968,1
616973,1
616985,1
616989,1
616994,1
617007,1
617010,1
617014,1
617027,1
617029,1
617038,1
617046,1
617048,1
617055,1
617057,1
617066,1
617069,1
617082,1
617085,1
617087,1
617089,1
617093,1
617096,1
617104,1
617108,1
617116,1
617128,1
617141,1
617143,1
617146,1
617159,1
617161,1
617163,1
617167,1
617178,1
617188,1
617191,1
617201,1
617218,1
617237,1
617240,1
617267,1
617272,1
617275,1
617279,1
617293,1
617298,1
617311,1
617330,1
617332,1
617337,1
617345,1
617357,1
617369,1
617373,1
617387,1
617395,1
617399,1
617408,1
617418,1
617421,1
617428,1
617440,1
617443,1
617445,1
617452,1
617455,1
617464,1
617467,1
617471,1
617473,1
617477,1
617485,1
617488,1
617500,1
617505,1
617520,1
617526,1
617539,1
617544,1
617549,1
617553,1
617562,1
617573,1
617582,1
617586,1
617588,1
617602,1
617619,1
617639,1
617671,1
617674,1
617679,1
617688,1
617690,1
617699,1
617704,1
617723,1
617730,1
617751,1
617756,1
617768,1
617775,1
617787,1
617792,1
617803,1
617807,1
617810,1
617816,1
617826,1
617828,1
617838,1
617840,1
617845,1
617847,1
617854,1
617863,1
617880,1
617888,1
617890,1
617893,1
617898,1
617913,1
617916,1
617923,1
617938,1
617946,1
617956,1
617959,1
617977,1
617983,1
617986,1
617996,1
617999,1
618001,1
618004,1
618019,1
618032,1
618035,1
618041,1
618048,1
618057,1
618061,1
618067,1
618072,1
618075,1
618081,1
618090,1
618094,1
618099,1
618105,1
618153,1
618180,1
618190,1
618194,1
618207,1
618220,1
618226,1
618229,1
618231,1
618233,1
618245,1
618248,1
618251,1
618262,1
618265,1
618269,1
618279,1
618282,1
618290,1
618301,1
618306,1
618320,1
618326,1
618328,1
618334,1
618349,1
618355,1
618361,1
618364,1
618380,1
618383,1
618397,1
618401,2
618403,1
618407,1
618409,1
618413,1
618433,1
618437,1
618447,1
618458,1
618465,1
618472,1
618475,1
618509,1
618513,1
618523,1
618527,1
618530,1
618532,1
618535,1
618549,1
618558,1
618585,1
618588,1
618600,1
618609,1
618620,1
618627,1
618636,1
618638,1
618642,1
618644,1
618648,1
618657,1
618660,1
618662,1
618666,1
618672,1
618674,1
618676,1
618683,2
618685,1
618687,1
618691,1
618693,1
618699,1
618702,1
618705,2
618716,1
618728,1
618738,1
618749,1
618755,1
618762,1
618775,1
618780,1
618787,1
618793,1
618796,1
618798,1
618805,1
618815,1
618817,1
618823,1
618829,1
618835,1
618837,1
618843,1
618845,1
618854,1
618864,1
618872,1
618875,1
618881,1
618891,1
618893,1
618897,1
618908,1
618918,1
618928,1
618932,1
618936,1
618951,1
618958,1
618967,1
618975,1
618983,1
619019,1
619022,1
619028,1
619030,1
619035,1
619043,1
619045,1
619050,1
619060,1
619064,1
619070,1
619080,1
619086,1
619096,1
619102,1
619104,1
619111,1
619114,1
619127,1
619130,1
619141,1
619148,1
619151,1
619155,1
619160,1
619168,1
619173,1
619179,1
619190,1
619200,1
619202,1
619205,1
619211,1
619213,1
619217,1
619219,1
619224,1
619226,1
619246,1
619249,1
619253,1
619256,1
619259,1
619266,1
619270,1
619290,1
619293,1
619306,1
619308,1
619312,1
619315,1
619327,1
619329,1
619344,1
619350,1
619360,1
619363,1
619366,1
619369,1
619374,1
619377,1
619384,1
619389,1
619401,1
619404,1
619407,1
619426,1
619431,1
619437,1
619442,1
619463,1
619466,1
619487,1
619496,1
619501,1
619504,1
619506,1
619511,1
619517,1
619524,1
619530,1
619539,1
619541,1
619548,1
619573,1
619586,1
619588,1
619592,1
619595,1
619600,1
619610,1
619636,1
619651,1
619667,1
619671,1
619677,1
619694,1
619715,1
619719,1
619724,1
619728,1
619741,1
619750,1
619756,1
619758,1
619762,1
619764,1
619770,1
619773,1
619778,1
619789,1
619804,1
619810,1
619813,1
619822,1
619827,1
619838,1
619841,1
619847,1
619851,1
619863,1
619867,1
619876,1
619883,1
619889,1
619895,1
619900,1
619902,1
619904,1
619926,1
619934,1
619936,1
619938,1
619942,1
619973,1
619977,1
620032,1
620036,1
620038,1
620043,1
620046,1
620058,1
620064,1
620069,1
620075,1
620082,1
620087,1
620096,1
620102,1
620104,1
620111,1
620130,1
620134,1
620136,1
620143,1
620145,1
620148,1
620153,1
620161,1
620164,1
620172,1
620175,1
620177,1
620186,1
620230,1
620236,1
620249,1
620252,1
620263,1
620265,1
620268,1
620274,1
620276,1
620296,1
620310,1
620315,1
620317,1
620325,1
620340,1
620343,1
620347,1
620353,1
620365,1
620367,1
620371,1
620388,1
620391,1
620397,1
620405,1
620411,1
620417,1
620424,1
620449,1
620455,1
620460,1
620470,1
620485,1
620492,1
620508,1
620510,1
620512,1
620517,1
620524,1
620526,1
620533,1
620548,1
620552,1
620554,1
620556,1
620558,1
620564,1
620575,1
620587,1
620602,1
620611,1
620616,1
620627,1
620639,1
620645,1
620647,1
620651,1
620653,1
620659,1
620667,1
620680,1
620687,1
620696,1
620713,1
620715,1
620726,1
620731,1
620739,1
620745,1
620747,1
620758,1
620766,1
620775,1
620780,1
620787,1
620797,1
620811,1
620815,1
620826,1
620835,1
620839,1
620846,1
620855,1
620870,1
620873,1
620882,1
620888,1
620901,1
620925,1
620927,1
620934,1
620941,1
620943,1
620950,1
620959,1
620969,1
620973,1
620978,1
620980,1
620989,1
621000,2
621021,1
621033,1
621043,1
621048,1
621054,1
621063,1
621065,1
621072,1
621096,1
621101,1
621111,1
621116,1
621124,1
621127,1
621129,1
621138,1
621144,2
621157,1
621160,1
621173,1
621176,1
621179,1
621190,1
621194,1
621197,1
621200,1
621210,1
621213,1
621221,1
621223,1
621230,1
621236,1
621247,1
621268,1
621285,1
621290,1
621303,1
621311,1
621321,1
621323,1
621327,1
621335,1
621344,1
621347,2
621360,1
621367,1
621375,1
621378,1
621380,1
621388,1
621390,1
621395,1
621402,1
621409,1
621411,1
621417,1
621419,1
621422,1
621440,1
621442,1
621453,1
621461,1
621470,1
621472,1
621476,1
621486,1
621493,1
621505,1
621508,1
621518,1
621525,1
621531,1
621542,1
621547,1
621552,1
621555,1
621561,1
621573,1
621593,1
621597,1
621607,1
621613,1
621618,1
621624,1
621627,1
621637,1
621650,1
621652,1
621655,1
621671,1
621682,1
621687,1
621691,1
621695,1
621704,1
621706,1
621712,1
621714,1
621721,1
621724,1
621727,1
621729,1
621736,1
621738,1
621742,1
621755,1
621760,1
621762,1
621769,1
621775,1
621777,1
621785,1
621793,1
621801,1
621804,1
621809,1
621811,1
621819,1
621824,1
621836,1
621838,1
621844,1
621855,1
621863,1
621870,1
621879,1
621881,1
621885,1
621891,1
621897,1
621914,1
621923,1
621928,1
621931,1
621933,1
621941,1
621953,1
621965,1
621972,1
621987,1
621991,1
622001,1
622003,1
622005,1
622008,1
622018,1
622020,1
622024,1
622030,1
622033,1
622040,1
622044,1
622048,1
622053,1
622059,1
622070,1
622077,1
622083,1
622086,1
622104,1
622111,1
622120,1
622122,1
622150,1
622153,1
622160,1
622165,1
622167,1
622212,2
622215,1
622233,1
622263,1
622271,1
622278,1
622281,1
622285,1
622287,1
622292,1
622300,1
622304,1
622307,1
622312,1
622316,1
622318,1
622321,1
622324,1
622331,1
622335,1
622342,1
622354,1
622356,1
622371,1
622373,1
622376,1
622378,1
622390,1
622398,1
622407,1
622410,1
622413,1
622417,1
622427,1
622429,1
622436,1
622443,1
622446,2
622450,1
622456,1
622463,1
622470,1
622480,1
622484,1
622499,1
622504,1
622525,1
622529,1
622537,1
622540,1
622549,1
622556,1
622562,1
622564,1
622569,1
622573,1
622577,1
622588,1
622591,1
622599,1
622604,1
622614,1
622623,1
622639,1
622648,1
622650,1
622656,1
622660,1
622662,1
622667,1
622672,1
622675,1
622679,1
622695,1
622706,1
622720,1
622730,1
622736,1
622741,1
622745,1
622756,1
622763,1
622766,1
622784,1
622793,1
622797,1
622801,1
622803,1
622815,1
622817,1
622830,1
622833,1
622835,1
622841,1
622850,1
622853,1
622859,1
622861,1
622869,1
622874,1
622885,1
622892,1
622908,1
622910,1
622917,1
622922,1
622924,1
622936,1
622943,1
622958,1
622961,1
622972,1
622975,1
622986,1
622992,1
623000,1
623003,1
623006,1
623017,1
623026,1
623033,1
623035,1
623046,1
623050,1
623052,1
623057,1
623064,1
623069,1
623075,1
623084,1
623091,1
623093,1
623095,1
623099,1
623106,1
623108,1
623110,1
623113,1
623116,1
623118,1
623121,1
623124,1
623129,1
623137,1
623148,1
623150,1
623153,1
623163,1
623165,1
623176,1
623192,1
623196,1
623205,1
623212,1
623219,1
623221,1
623224,1
623226,1
623231,1
623234,1
623240,1
623242,1
623259,1
623262,1
623267,1
623269,1
623276,1
623280,1
623283,1
623292,1
623303,1
623309,1
623317,1
623323,1
623329,1
623332,1
623342,1
623344,1
623348,1
623358,1
623373,1
623377,1
623379,1
623387,1
623400,1
623404,1
623413,1
623422,1
623439,1
623443,1
623447,1
623453,1
623457,1
623459,1
623463,1
623466,1
623472,1
623477,1
623481,1
623483,1
623490,2
623494,1
623509,1
623522,1
623528,1
623537,1
623545,1
623559,1
623577,1
623579,1
623585,1
623595,1
623605,1
623619,1
623623,1
623631,1
623662,1
623694,1
623708,1
623715,1
623732,1
623746,1
623756,1
623759,1
623765,1
623802,1
623817,1
623833,1
623843,1
623863,1
623867,1
623880,1
623916,1
623920,1
623925,1
623928,1
623937,1
623946,1
623962,1
623964,1
623970,1
623975,1
623980,1
623986,1
623988,1
624001,1
624003,1
624019,1
624025,1
624043,1
624046,2
624048,1
624051,1
624053,1
624063,1
624067,1
624079,1
624084,1
624087,1
624091,1
624095,1
624101,1
624106,1
624108,1
624110,1
624116,1
624118,1
624129,1
624137,1
624141,1
624144,1
624150,1
624169,1
624171,1
624176,1
624193,1
624206,1
624212,1
624222,1
624235,1
624240,1
624245,1
624258,1
624274,1
624285,1
624287,1
624307,1
624309,1
624314,1
624321,1
624329,1
624340,1
624343,1
624345,1
624371,1
624381,1
624385,1
624394,1
624403,1
624405,1
624428,1
624433,1
624475,1
624486,1
624490,1
624497,1
624499,1
624501,1
624504,1
624517,1
624520,1
624523,1
624527,1
624529,1
624532,1
624534,1
624538,1
624542,1
624548,1
624573,1
624582,1
624591,1
624596,1
624603,1
624615,1
624618,1
624632,1
624643,1
624645,1
624649,1
624660,1
624665,1
624667,1
624680,1
624689,1
624696,1
624706,1
624714,1
624722,1
624741,2
624743,1
624751,1
624753,1
624766,2
624769,1
624772,1
624774,1
624780,1
624782,1
624788,1
624792,1
624798,1
624815,1
624830,1
624834,1
624839,1
624850,1
624857,1
624866,1
624871,1
624878,1
624885,1
624903,1
624906,1
624916,1
624918,1
624928,1
624940,1
624947,1
624950,1
624952,1
624966,1
624978,1
624983,1
624993,1
624996,1
625000,1
625036,1
625041,1
625047,1
625062,1
625068,1
625078,1
625084,1
625091,1
625097,1
625107,1
625115,1
625120,1
625122,1
625127,1
625135,1
625142,1
625145,1
625147,1
625151,1
625158,1
625161,1
625172,1
625182,1
625188,1
625190,1
625196,1
625202,1
625204,1
625210,1
625215,1
625218,1
625220,1
625230,1
625233,1
625236,1
625239,1
625247,1
625255,1
625258,1
625288,1
625310,1
625315,1
625317,1
625325,1
625327,1
625331,1
625333,1
625337,1
625346,1
625352,1
625368,1
625385,1
625392,1
625405,1
625408,1
625422,1
625425,1
625435,1
625439,1
625455,1
625459,1
625481,1
625486,1
625503,1
625514,1
625523,1
625529,1
625532,1
625537,1
625541,1
625549,1
625561,1
625574,1
625579,1
625597,1
625599,1
625608,1
625614,1
625634,1
625637,1
625653,1
625663,1
625680,1
625687,1
625696,1
625728,1
625734,1
625744,1
625750,1
625761,1
625769,1
625783,1
625786,1
625789,1
625799,1
625807,1
625809,1
625811,1
625813,1
625845,1
625847,1
625857,1
625876,1
625892,1
625901,1
625903,1
625906,1
625916,1
625922,1
625933,1
625938,1
625954,1
625960,1
625963,1
625970,1
625981,1
625989,1
625992,1
625995,1
625999,1
626002,1
626034,1
626036,1
626048,1
626052,1
626073,1
626080,1
626091,1
626093,1
626102,1
626122,1
626128,1
626132,1
626140,1
626142,1
626146,1
626151,1
626166,1
626180,1
626186,1
626189,1
626191,1
626206,1
626214,1
626216,1
626220,1
626226,1
626228,1
626241,1
626276,1
626283,1
626287,1
626295,1
626303,1
626319,1
626341,1
626346,1
626355,1
626360,1
626363,1
626377,1
626382,1
626389,1
626391,1
626394,1
626398,1
626410,1
626420,1
626428,1
626433,1
626435,1
626457,1
626463,1
626466,1
626472,1
626488,1
626502,1
626507,2
626510,1
626531,1
626533,1
626547,1
626565,1
626568,1
626574,1
626579,1
626583,1
626585,1
626591,1
626593,1
626599,1
626605,2
626611,1
626618,1
626635,1
626637,1
626643,1
626645,1
626657,1
626662,1
626670,1
626680,1
626682,1
626684,1
626686,1
626695,1
626701,1
626703,1
626718,1
626720,1
626728,1
626731,1
626733,1
626742,1
626748,1
626753,1
626758,1
626760,1
626766,1
626786,1
626798,1
626800,1
626805,1
626828,1
626834,1
626864,1
626874,1
626877,1
626880,1
626885,1
626889,1
626893,1
626898,1
626901,1
626923,1
626927,1
626930,2
626932,1
626935,1
626944,1
626957,1
626959,1
626968,1
626971,1
626980,1
627004,1
627015,1
627029,1
627032,1
627036,1
627045,1
627055,1
627061,1
627064,1
627077,1
627081,1
627084,1
627093,1
627100,1
627112,1
627115,1
627154,1
627159,1
627162,1
627166,1
627171,1
627174,1
627187,1
627189,1
627193,1
627196,1
627206,1
627208,1
627210,1
627215,1
627217,1
627226,1
627228,1
627232,1
627240,1
627251,1
627272,1
627301,1
627310,1
627327,1
627330,1
627338,1
627344,1
627346,1
627349,1
627351,1
627353,1
627362,1
627367,1
627369,1
627379,1
627381,1
627390,1
627397,1
627403,1
627422,1
627425,2
627427,1
627430,1
627443,1
627448,1
627462,1
627469,1
627473,1
627481,1
627495,1
627497,1
627500,1
627511,1
627525,1
627530,1
627533,1
627539,1
627541,1
627552,1
627554,1
627563,1
627569,1
627571,1
627577,1
627594,1
627609,1
627614,1
627621,1
627627,1
627630,1
627632,1
627634,1
627639,1
627646,1
627651,1
627654,1
627663,1
627668,1
627674,1
627685,1
627690,1
627703,1
627723,1
627728,1
627739,1
627757,1
627765,1
627767,1
627777,1
627785,1
627801,1
627803,1
627817,1
627832,1
627837,1
627840,1
627843,1
627851,1
627859,1
627861,1
627863,1
627879,1
627892,1
627918,1
627927,1
627929,1
627931,1
627933,1
627936,1
627939,1
627941,1
627948,1
627952,1
627955,1
627966,1
627968,1
627979,1
627984,1
627988,1
627995,1
628005,1
628022,1
628030,1
628032,1
628036,1
628039,1
628045,1
628051,1
628056,1
628062,1
628065,1
628069,1
628073,1
628075,1
628086,1
628092,1
628098,1
628101,1
628105,1
628107,1
628126,1
628128,1
628131,1
628140,1
628148,1
628155,1
628157,1
628160,1
628162,1
628170,1
628176,1
628178,1
628185,1
628192,1
628196,1
628199,1
628212,1
628218,1
628232,1
628238,1
628241,1
628256,1
628263,1
628270,1
628273,1
628276,1
628282,1
628284,1
628286,1
628292,1
628299,1
628308,1
628316,1
628319,1
628322,1
628330,1
628337,1
628339,1
628345,1
628348,1
628350,1
628357,1
628371,1
628381,1
628385,1
628389,1
628394,1
628398,1
628405,1
628410,1
628413,1
628421,1
628424,1
628426,1
628430,1
628434,1
628445,2
628462,1
628464,1
628470,1
628496,1
628501,1
628503,1
628505,1
628510,1
628516,1
628520,1
628525,1
628528,1
628538,1
628543,1
628546,1
628556,1
628576,1
628578,1
628583,1
628587,1
628606,1
628620,1
628631,1
628635,1
628641,1
628655,1
628659,1
628668,1
628671,1
628685,1
628690,1
628697,1
628699,1
628710,1
628712,1
628720,1
628727,1
628733,1
628747,1
628768,1
628770,1
628783,1
628787,1
628792,1
628795,1
628797,1
628799,1
628807,1
628822,2
628824,1
628831,1
628841,1
628844,1
628849,1
628861,1
628865,1
628867,1
628879,1
628888,1
628902,1
628907,1
628912,1
628920,1
628925,1
628940,1
628953,1
628959,1
628964,1
628980,1
628982,1
628988,1
628994,1
628996,1
628998,1
629004,1
629018,1
629030,1
629032,1
629036,1
629039,1
629052,1
629056,1
629067,1
629069,1
629072,1
629078,1
629082,1
629089,1
629092,1
629095,1
629097,1
629107,1
629110,1
629113,1
629131,1
629144,1
629151,1
629161,1
629167,1
629169,1
629182,1
629184,1
629186,1
629190,1
629193,1
629195,1
629197,1
629202,1
629205,1
629207,1
629222,1
629224,1
629229,1
629241,1
629254,1
629258,1
629263,1
629268,1
629270,1
629277,1
629283,1
629300,1
629332,1
629334,1
629338,1
629341,1
629361,1
629372,1
629379,1
629400,1
629402,1
629412,1
629438,1
629441,1
629450,1
629454,1
629468,1
629472,1
629474,1
629478,1
629487,1
629489,1
629493,1
629498,1
629511,2
629518,1
629521,1
629532,2
629545,1
629552,1
629568,1
629570,1
629572,1
629584,1
629586,1
629591,1
629603,2
629608,1
629611,1
629613,1
629615,1
629623,1
629628,1
629630,1
629638,1
629641,2
629647,1
629650,1
629654,1
629661,1
629663,1
629665,1
629677,1
629685,1
629718,1
629721,1
629724,1
629741,1
629743,1
629755,1
629761,1
629765,1
629770,1
629773,1
629778,1
629781,1
629792,1
629799,1
629802,1
629829,1
629835,1
629840,1
629846,1
629849,1
629856,1
629858,1
629867,1
629874,1
629876,1
629878,1
629886,1
629888,1
629901,1
629918,1
629923,1
629930,1
629944,1
629949,1
629961,1
629967,1
629979,1
629992,1
630000,1
630003,1
630007,1
630009,1
630021,1
630023,1
630025,1
630027,1
630029,1
630041,1
630044,1
630055,1
630058,1
630073,1
630076,1
630083,1
630086,1
630096,1
630109,1
630114,2
630120,1
630124,1
630134,1
630138,1
630142,1
630152,1
630158,1
630168,1
630173,1
630176,1
630187,1
630228,1
630246,1
630264,1
630266,1
630274,1
630276,1
630288,1
630291,1
630294,1
630304,1
630306,1
630310,1
630313,1
630316,1
630329,1
630331,1
630341,1
630344,1
630353,1
630362,1
630364,1
630369,1
630380,1
630386,1
630400,1
630405,1
630407,1
630420,2
630426,1
630436,1
630447,1
630456,1
630462,1
630464,1
630483,1
630485,1
630491,1
630493,1
630501,1
630508,1
630513,1
630517,1
630524,2
630541,1
630556,1
630566,1
630571,1
630577,1
630580,1
630588,1
630590,1
630596,1
630598,1
630608,1
630610,1
630613,1
630618,1
630625,1
630629,1
630633,1
630636,1
630638,1
630645,1
630648,1
630653,1
630666,1
630668,1
630689,2
630693,1
630695,1
630698,1
630703,1
630707,1
630716,1
630720,1
630724,1
630730,1
630742,1
630744,1
630749,1
630760,1
630762,1
630767,1
630769,1
630779,1
630782,1
630785,1
630799,1
630801,1
630804,1
630806,1
630816,1
630827,1
630835,1
630837,1
630839,1
630851,1
630853,1
630856,1
630863,1
630867,1
630874,1
630879,1
630881,1
630887,1
630893,1
630897,1
630900,1
630910,1
630912,1
630948,1
630954,1
630958,1
630970,1
630973,1
630977,1
630980,1
630995,1
631007,1
631009,1
631013,1
631015,1
631026,1
631034,1
631048,1
631054,1
631056,1
631058,1
631064,1
631067,1
631071,1
631074,1
631076,1
631086,1
631089,1
631091,1
631093,1
631104,1
631115,1
631122,1
631130,1
631132,1
631141,1
631148,1
631158,1
631161,1
631166,1
631169,1
631173,1
631182,1
631197,1
631204,1
631206,1
631221,1
631228,1
631238,2
631241,1
631244,1
631256,1
631265,1
631271,1
631273,1
631279,1
631281,1
631283,1
631289,1
631309,1
631311,1
631319,1
631323,1
631329,1
631332,1
631339,1
631350,1
631354,1
631358,1
631367,1
631369,1
631371,1
631376,1
631378,1
631380,1
631389,1
631395,2
631400,1
631406,1
631413,1
631416,2
631429,1
631437,1
631439,1
631450,1
631453,1
631455,1
631464,1
631473,2
631487,1
631491,1
631494,1
631498,1
631515,1
631518,1
631529,1
631532,1
631558,1
631565,1
631567,1
631584,1
631596,1
631600,1
631607,1
631622,1
631631,1
631637,1
631639,1
631643,1
631654,1
631671,1
631673,1
631683,1
631691,1
631695,1
631699,1
631709,1
631713,1
631727,1
631735,1
631738,1
631741,2
631747,1
631757,1
631765,1
631769,1
631771,1
631794,1
631797,1
631809,1
631812,1
631821,1
631834,1
631840,1
631842,1
631851,1
631860,1
631865,1
631868,1
631872,1
631877,1
631882,1
631888,1
631896,1
631906,1
631910,1
631921,1
631924,1
631926,1
631928,1
631940,1
631955,1
631964,1
631966,1
631968,1
631977,1
631979,1
631981,1
631985,1
631995,1
632001,2
632004,1
632006,1
632013,1
632022,1
632034,1
632049,1
632057,1
632060,1
632070,1
632080,1
632096,1
632098,1
632100,1
632109,1
632123,1
632135,1
632137,1
632141,1
632152,1
632155,1
632166,1
632168,1
632170,1
632174,1
632187,1
632203,1
632224,1
632229,1
632233,1
632242,1
632249,1
632252,1
632263,1
632268,1
632279,1
632295,1
632303,1
632308,1
632312,1
632322,1
632343,1
632354,1
632356,1
632369,1
632371,1
632375,1
632377,1
632381,1
632385,1
632399,1
632402,1
632411,1
632424,1
632430,1
632433,1
632438,1
632441,1
632452,1
632461,1
632468,1
632471,1
632475,1
632477,1
632488,1
632496,1
632501,1
632530,1
632533,1
632545,1
632547,1
632549,1
632552,1
632556,1
632564,1
632570,1
632574,1
632582,1
632585,1
632589,1
632593,1
632602,1
632606,1
632608,1
632611,1
632616,1
632622,1
632626,1
632642,1
632655,1
632658,1
632663,1
632665,1
632669,1
632678,1
632683,1
632690,1
632698,1
632700,1
632706,1
632708,1
632715,1
632734,1
632741,1
632743,1
632751,1
632754,1
632762,2
632765,1
632773,1
632776,1
632778,1
632787,1
632797,1
632812,1
632816,1
632820,1
632825,1
632831,1
632841,1
632848,1
632853,1
632864,1
632867,1
632877,1
632880,1
632889,1
632894,1
632903,1
632913,1
632917,1
632927,1
632929,1
632931,1
632935,1
632943,1
632947,1
632963,1
632968,1
632975,2
632983,1
632988,1
633001,1
633005,1
633012,1
633026,1
633040,1
633047,1
633058,1
633087,1
633094,1
633102,1
633124,1
633126,1
633137,1
633153,1
633158,1
633160,1
633162,1
633164,1
633167,1
633173,1
633179,1
633183,1
633187,1
633191,1
633197,2
633214,1
633220,1
633233,1
633235,1
633246,1
633249,1
633252,1
633263,1
633277,1
633281,1
633293,1
633301,1
633308,1
633315,1
633324,1
633329,1
633346,1
633351,1
633363,1
633366,1
633369,1
633372,1
633380,1
633385,1
633392,1
633397,1
633409,1
633415,1
633436,1
633449,1
633457,1
633462,1
633471,1
633476,1
633481,1
633486,1
633489,1
633500,1
633515,1
633517,1
633522,1
633524,1
633528,1
633537,1
633555,1
633568,1
633578,1
633580,1
633591,1
633596,1
633601,1
633603,1
633608,1
633613,1
633615,1
633617,1
633622,1
633631,1
633643,1
633651,1
633653,1
633659,1
633668,2
633671,1
633677,1
633679,1
633692,1
633699,1
633704,1
633709,1
633711,1
633717,1
633719,1
633728,1
633746,1
633759,1
633763,1
633767,1
633770,1
633773,1
633839,1
633844,1
633859,1
633861,1
633882,1
633886,1
633893,1
633897,1
633914,1
633932,1
633936,1
633939,1
633941,1
633952,1
633956,1
633958,1
633960,1
633970,1
633974,1
633976,1
633988,1
633992,1
634015,1
634021,1
634027,1
634044,1
634048,1
634050,1
634067,1
634076,1
634078,1
634085,1
634090,1
634125,1
634129,1
634148,1
634152,1
634158,1
634164,1
634171,1
634173,1
634186,1
634195,1
634198,1
634203,1
634215,1
634217,1
634222,1
634227,1
634240,1
634246,1
634258,1
634261,1
634264,1
634266,1
634274,1
634278,1
634296,1
634303,1
634310,1
634316,1
634320,1
634324,1
634331,1
634338,1
634344,1
634348,1
634364,1
634367,1
634372,1
634400,1
634404,1
634407,1
634412,1
634416,2
634433,1
634457,1
634462,1
634469,1
634480,1
634487,1
634491,1
634498,1
634515,1
634526,1
634535,1
634538,1
634542,1
634550,1
634556,1
634561,1
634571,1
634577,1
634584,1
634607,1
634618,1
634620,1
634624,1
634627,1
634629,1
634650,1
634652,1
634661,1
634664,1
634666,1
634668,1
634673,1
634680,1
634682,1
634684,1
634688,1
634696,1
634698,1
634711,1
634716,1
634722,1
634734,1
634751,1
634769,1
634775,1
634783,1
634791,1
634794,1
634797,1
634805,1
634811,1
634830,1
634838,1
634840,1
634848,1
634851,1
634863,1
634867,1
634870,1
634872,1
634878,1
634883,1
634887,1
634903,1
634907,1
634909,1
634923,1
634937,1
634946,1
634950,1
634958,1
634962,1
634964,1
634966,1
634968,1
634970,1
634972,1
634978,1
634984,1
634986,1
634996,1
635000,1
635002,1
635009,1
635019,1
635021,1
635025,1
635038,1
635042,1
635054,1
635057,1
635065,1
635070,1
635076,1
635079,1
635092,1
635098,1
635117,1
635121,2
635134,1
635152,2
635163,1
635169,1
635172,1
635174,1
635176,1
635179,1
635181,1
635191,1
635193,1
635195,1
635202,1
635207,1
635213,1
635216,1
635236,1
635240,1
635245,1
635248,1
635253,1
635256,1
635263,1
635277,1
635285,1
635288,1
635291,1
635294,1
635305,1
635309,1
635315,1
635319,1
635340,1
635342,1
635348,1
635356,1
635370,1
635379,1
635387,1
635389,1
635395,1
635400,1
635414,1
635423,1
635425,1
635432,1
635440,1
635466,1
635469,1
635475,1
635482,1
635490,1
635496,1
635503,1
635512,1
635514,1
635517,1
635519,1
635532,1
635534,1
635549,1
635558,1
635567,1
635570,1
635572,1
635575,1
635585,1
635598,1
635625,1
635639,1
635648,1
635651,1
635656,1
635666,1
635682,1
635684,1
635716,1
635721,1
635723,1
635739,1
635741,1
635752,1
635761,1
635773,1
635781,1
635786,1
635791,1
635807,1
635812,1
635830,1
635838,1
635840,1
635842,1
635849,1
635851,1
635858,1
635873,1
635881,1
635896,1
635911,1
635919,1
635930,1
635947,1
635950,1
635953,1
635962,1
635965,1
635967,1
635972,1
635982,1
635984,1
635989,1
635994,1
635998,1
636007,1
636018,1
636028,1
636032,1
636043,1
636054,1
636065,1
636070,1
636076,1
636083,1
636085,1
636100,1
636112,1
636122,2
636131,1
636140,1
636153,1
636173,1
636179,1
636186,1
636193,1
636199,1
636215,1
636227,1
636240,1
636242,1
636249,1
636254,2
636257,1
636263,1
636268,1
636272,1
636277,1
636290,1
636302,1
636306,1
636318,1
636326,1
636331,1
636337,1
636343,1
636345,1
636350,1
636364,1
636370,1
636384,1
636388,1
636397,1
636399,1
636402,1
636407,1
636420,1
636426,1
636428,1
636439,1
636445,1
636447,1
636458,1
636463,1
636466,1
636475,1
636500,1
636506,1
636520,1
636532,1
636538,1
636541,1
636544,1
636550,1
636555,1
636579,1
636584,1
636586,1
636588,1
636597,1
636599,1
636607,1
636625,1
636653,1
636659,1
636663,1
636673,1
636687,1
636690,1
636701,1
636703,1
636706,1
636709,1
636712,1
636719,1
636724,1
636726,1
636737,1
636740,1
636747,1
636757,1
636768,1
636771,1
636776,1
636779,1
636782,1
636798,1
636801,1
636806,1
636815,1
636824,1
636833,1
636839,1
636851,1
636862,1
636864,1
636867,1
636870,1
636878,1
636887,1
636897,1
636907,1
636919,1
636921,1
636935,1
636952,1
636957,1
636969,1
636972,1
636977,1
636995,1
636997,1
637023,1
637031,1
637063,1
637071,1
637075,1
637088,1
637091,2
637105,1
637109,1
637122,1
637140,1
637143,1
637154,1
637158,1
637160,1
637169,1
637186,1
637191,1
637194,1
637196,1
637199,1
637201,1
637207,1
637209,1
637213,1
637217,1
637222,2
637228,1
637232,1
637235,1
637244,1
637260,1
637266,1
637274,1
637282,1
637285,1
637309,1
637318,1
637320,1
637324,1
637327,1
637333,1
637347,1
637355,1
637369,1
637373,1
637377,1
637390,1
637419,1
637447,1
637452,1
637455,1
637470,1
637482,1
637495,1
637499,1
637508,1
637514,1
637523,1
637527,1
637531,1
637543,1
637547,1
637586,1
637592,1
637601,1
637604,1
637618,1
637624,1
637633,1
637637,1
637640,1
637642,1
637644,1
637646,1
637652,1
637654,1
637665,1
637674,1
637697,1
637714,1
637729,1
637737,1
637739,1
637741,1
637765,1
637772,1
637775,1
637778,1
637780,1
637784,1
637792,1
637798,1
637810,1
637813,2
637828,1
637834,1
637848,1
637861,1
637866,1
637872,1
637881,1
637887,1
637889,1
637891,1
637902,1
637905,1
637924,1
637927,2
637931,1
637958,1
637962,1
637984,1
637993,1
638000,1
638003,1
638014,1
638021,1
638029,1
638034,1
638036,1
638053,1
638061,1
638064,1
638071,1
638075,1
638079,1
638082,1
638090,1
638096,1
638104,1
638106,1
638110,1
638123,1
638135,1
638142,1
638148,1
638154,1
638157,1
638168,1
638172,1
638178,1
638192,1
638202,1
638206,1
638211,1
638214,1
638227,1
638242,1
638244,1
638247,1
638259,1
638269,1
638276,1
638279,1
638282,1
638285,1
638290,1
638293,1
638304,1
638318,1
638324,1
638326,1
638334,1
638347,1
638358,1
638362,1
638364,1
638373,1
638381,1
638383,1
638386,1
638392,1
638398,1
638401,1
638403,1
638410,1
638438,1
638440,1
638442,1
638462,1
638473,1
638479,1
638484,1
638486,1
638496,1
638499,1
638513,1
638516,1
638522,1
638527,1
638529,1
638535,1
638539,1
638556,1
638559,1
638565,1
638573,1
638582,1
638589,1
638593,1
638597,1
638603,1
638609,1
638616,1
638628,1
638633,1
638635,1
638640,1
638650,1
638655,1
638658,1
638665,1
638671,1
638674,1
638683,1
638690,1
638704,1
638707,1
638714,1
638716,1
638722,1
638724,1
638730,1
638734,1
638736,1
638740,1
638743,1
638748,1
638752,1
638756,1
638762,1
638767,1
638770,1
638774,1
638777,1
638780,1
638783,1
638799,1
638803,1
638812,1
638818,1
638820,1
638827,1
638831,1
638838,1
638843,1
638850,1
638852,1
638856,1
638860,1
638862,1
638866,1
638868,1
638876,1
638878,1
638880,1
638883,1
638886,1
638894,1
638897,2
638901,1
638903,1
638914,1
638931,1
638933,1
638936,1
638962,1
638969,1
638971,1
638992,1
639006,1
639010,1
639012,1
639026,1
639029,1
639031,1
639046,1
639057,1
639063,1
639082,1
639087,1
639095,1
639100,1
639109,1
639111,1
639115,1
639117,1
639121,1
639131,1
639133,1
639138,1
639146,1
639151,1
639160,1
639162,1
639175,1
639188,1
639190,1
639196,1
639202,1
639205,1
639220,1
639226,2
639232,1
639236,1
639245,1
639254,1
639269,1
639279,1
639283,1
639287,1
639293,1
639301,1
639303,1
639312,1
639317,1
639329,1
639335,1
639338,1
639349,1
639363,1
639369,1
639372,1
639377,1
639379,1
639394,1
639399,1
639409,1
639422,1
639424,1
639426,1
639428,1
639438,1
639444,1
639454,1
639460,1
639468,1
639470,1
639473,1
639477,1
639484,1
639487,1
639502,1
639514,1
639516,1
639520,1
639522,1
639525,1
639530,1
639533,1
639543,1
639551,1
639555,1
639560,2
639564,1
639570,1
639572,1
639576,1
639588,1
639595,1
639606,1
639610,1
639618,1
639636,1
639640,1
639643,1
639650,1
639654,1
639657,1
639661,1
639672,1
639681,1
639686,1
639695,1
639706,1
639708,1
639711,1
639715,2
639744,1
639749,1
639753,1
639755,1
639758,1
639761,1
639768,1
639790,1
639805,1
639812,1
639819,1
639825,1
639841,1
639873,1
639882,1
639889,1
639893,1
639903,1
639906,1
639919,1
639927,1
639930,1
639936,1
639939,1
639944,1
639956,1
639963,1
639978,1
639981,1
639998,1
640007,1
640014,1
640016,1
640023,1
640033,1
640040,1
640052,1
640055,1
640070,1
640087,1
640092,1
640101,1
640103,1
640121,1
640128,1
640131,1
640141,1
640153,1
640161,1
640163,1
640165,1
640168,1
640171,1
640177,1
640184,1
640201,1
640204,1
640244,1
640278,1
640282,1
640293,1
640300,1
640304,1
640329,1
640331,1
640336,1
640346,1
640350,1
640353,1
640360,1
640362,1
640373,1
640379,1
640393,1
640398,1
640406,1
640412,1
640418,1
640427,1
640432,1
640437,1
640480,1
640482,1
640489,1
640492,1
640528,1
640544,1
640550,1
640554,1
640561,1
640572,1
640583,1
640591,1
640598,1
640601,1
640605,1
640609,1
640613,1
640619,1
640623,1
640627,1
640652,1
640659,1
640667,1
640682,1
640684,1
640709,1
640725,1
640756,1
640765,1
640768,1
640776,1
640779,1
640793,1
640797,1
640804,1
640811,1
640820,1
640826,1
640837,1
640840,1
640847,1
640851,1
640854,1
640856,1
640869,1
640886,1
640890,1
640894,1
640901,1
640911,1
640923,1
640927,1
640931,1
640936,1
640945,1
640952,1
640957,1
640960,1
640962,1
640972,1
640974,1
640982,1
640985,1
641002,1
641005,1
641011,1
641013,1
641016,1
641023,1
641039,1
641043,1
641048,1
641058,1
641063,1
641067,1
641078,1
641085,1
641096,1
641101,1
641103,1
641106,1
641115,1
641118,1
641122,1
641126,1
641129,1
641136,1
641138,1
641148,1
641158,1
641160,1
641175,1
641191,1
641200,1
641209,1
641211,1
641216,1
641220,1
641222,1
641231,1
641234,1
641243,1
641248,1
641250,1
641252,1
641256,1
641258,1
641264,1
641269,1
641272,1
641277,1
641281,1
641287,1
641289,1
641306,1
641308,1
641327,1
641342,1
641345,1
641353,1
641356,1
641378,1
641380,1
641383,1
641387,1
641389,1
641399,1
641401,1
641403,1
641407,1
641416,1
641423,1
641430,1
641442,1
641456,1
641469,1
641476,1
641505,1
641507,1
641513,1
641518,1
641524,1
641530,1
641546,1
641551,1
641554,1
641563,1
641594,1
641613,1
641621,1
641623,1
641631,1
641655,1
641664,1
641666,1
641676,1
641679,1
641690,1
641704,1
641716,1
641722,1
641726,1
641731,1
641736,1
641746,1
641760,1
641763,1
641771,1
641780,1
641788,2
641791,1
641793,1
641795,1
641798,1
641803,1
641806,1
641815,1
641818,1
641836,1
641838,1
641843,1
641851,1
641858,1
641870,1
641880,1
641882,1
641893,1
641896,1
641900,1
641903,1
641926,1
641952,1
641956,1
641959,1
641973,1
641975,1
641985,1
641991,1
641999,1
642001,1
642005,1
642017,1
642019,1
642027,1
642034,1
642048,1
642051,1
642053,1
642056,1
642073,1
642092,1
642104,1
642110,1
642113,1
642128,1
642141,1
642146,1
642158,1
642161,1
642168,1
642182,1
642184,1
642187,1
642199,1
642203,1
642208,1
642212,1
642234,1
642262,2
642275,1
642279,1
642294,1
642325,1
642329,1
642332,1
642336,1
642341,1
642345,1
642352,1
642367,1
642376,1
642395,1
642407,1
642414,1
642416,1
642426,1
642447,1
642459,1
642464,1
642466,1
642472,1
642478,1
642485,1
642487,1
642501,1
642510,1
642513,1
642520,1
642524,2
642532,1
642535,1
642542,1
642557,1
642572,1
642576,1
642589,1
642596,1
642616,1
642619,1
642642,1
642644,1
642663,1
642665,1
642686,1
642692,1
642696,1
642699,1
642712,1
642724,1
642729,1
642747,1
642749,1
642753,1
642755,1
642761,1
642780,1
642784,1
642788,1
642796,1
642798,1
642802,1
642810,1
642820,1
642824,1
642826,1
642834,1
642840,1
642843,1
642852,1
642855,1
642866,1
642870,1
642874,1
642894,1
642908,1
642916,1
642926,1
642932,1
642941,1
642943,1
642950,1
642955,1
642961,1
642977,1
642994,1
642998,1
643000,1
643005,1
643007,1
643014,1
643017,1
643021,1
643023,1
643025,1
643028,1
643031,1
643042,1
643061,1
643071,1
643079,1
643120,1
643125,1
643130,1
643146,1
643148,1
643154,2
643159,1
643162,1
643174,1
643185,1
643187,1
643198,1
643203,1
643205,1
643208,1
643211,1
643215,1
643218,1
643223,1
643226,1
643228,1
643236,1
643239,1
643266,1
643268,1
643284,1
643292,1
643318,1
643336,1
643338,1
643344,1
643350,1
643353,1
643360,1
643373,1
643377,1
643385,1
643392,1
643396,1
643399,1
643403,1
643407,1
643428,1
643431,1
643435,1
643442,1
643452,1
643459,1
643462,1
643469,1
643478,1
643489,1
643495,2
643499,1
643501,1
643509,1
643512,1
643514,1
643519,1
643521,1
643530,1
643533,1
643546,1
643558,1
643562,1
643564,1
643592,1
643602,1
643608,1
643641,1
643646,1
643661,1
643668,1
643673,1
643686,1
643692,1
643716,1
643719,1
643727,1
643729,1
643735,1
643738,1
643744,1
643748,1
643753,1
643760,1
643763,1
643765,1
643767,1
643775,1
643779,1
643795,2
643818,1
643839,1
643842,1
643844,1
643858,1
643866,1
643877,1
643880,1
643886,1
643888,1
643891,1
643901,2
643904,2
643911,1
643920,1
643928,1
643944,1
643946,1
643951,1
643960,1
643963,1
643966,1
643968,1
643975,1
643978,1
643981,1
643984,1
643988,1
643996,2
644006,1
644022,1
644033,1
644038,1
644047,1
644049,1
644066,1
644079,1
644081,1
644087,1
644096,1
644098,1
644103,1
644108,1
644113,1
644125,1
644130,1
644133,1
644137,1
644145,1
644147,1
644154,1
644156,1
644158,1
644168,1
644174,1
644176,1
644180,1
644187,1
644192,1
644215,1
644222,1
644232,1
644249,1
644257,1
644264,1
644271,1
644277,1
644280,1
644307,1
644315,2
644328,1
644346,1
644354,1
644357,1
644364,1
644366,1
644369,1
644371,1
644373,1
644376,1
644378,1
644380,1
644385,1
644388,1
644390,1
644401,1
644414,1
644420,1
644424,1
644456,1
644460,1
644489,1
644495,1
644497,1
644500,1
644513,1
644515,1
644522,1
644526,1
644529,1
644537,1
644541,1
644543,1
644547,1
644549,1
644556,1
644562,1
644569,1
644574,1
644581,1
644584,1
644589,1
644593,1
644598,1
644600,1
644612,1
644622,1
644631,1
644644,1
644656,1
644668,1
644675,1
644681,1
644688,1
644692,1
644695,1
644699,1
644708,1
644720,1
644723,1
644725,1
644728,1
644730,1
644735,1
644739,1
644764,1
644773,1
644782,1
644789,1
644792,1
644798,1
644800,1
644808,1
644823,1
644827,1
644833,1
644839,1
644842,1
644851,1
644854,1
644856,1
644859,1
644865,1
644897,1
644900,1
644905,1
644907,1
644910,1
644913,1
644915,1
644917,1
644923,1
644930,1
644932,1
644950,1
644955,1
644960,1
644964,1
644967,1
644973,1
644979,1
644988,1
644995,1
644997,1
645002,1
645014,1
645026,1
645031,2
645037,1
645041,1
645047,1
645049,1
645063,1
645068,2
645072,2
645077,1
645079,1
645081,1
645083,1
645085,1
645109,1
645112,1
645116,1
645127,1
645134,1
645136,1
645163,1
645167,1
645181,1
645198,1
645200,1
645206,1
645211,1
645219,1
645227,1
645229,1
645243,1
645248,1
645252,1
645256,1
645261,1
645263,1
645277,1
645286,1
645290,1
645298,1
645309,1
645312,1
645327,1
645332,1
645336,1
645342,1
645344,1
645349,1
645354,1
645358,1
645367,1
645372,1
645378,1
645380,1
645396,1
645431,1
645436,1
645443,1
645445,1
645455,1
645458,1
645469,1
645473,2
645482,1
645486,1
645491,2
645505,1
645511,1
645513,1
645516,1
645525,1
645530,1
645537,1
645539,1
645551,1
645557,1
645559,1
645565,1
645580,1
645589,1
645608,1
645613,1
645618,1
645621,1
645626,1
645637,1
645647,1
645653,1
645658,1
645677,1
645693,1
645711,1
645713,1
645722,1
645732,1
645737,1
645754,1
645770,1
645777,1
645786,1
645788,1
645791,1
645796,1
645798,1
645802,1
645835,1
645845,1
645850,1
645857,1
645867,1
645871,1
645880,1
645885,1
645887,1
645897,1
645899,1
645902,1
645905,1
645909,1
645917,2
645935,1
645938,1
645940,1
645944,1
645948,1
645953,1
645956,1
645962,1
645971,1
645973,1
645979,1
645986,1
645991,1
645999,1
646003,1
646025,1
646042,1
646050,1
646060,1
646074,1
646082,1
646084,1
646086,1
646088,1
646100,1
646103,1
646117,1
646119,1
646130,1
646142,1
646148,1
646151,1
646157,1
646170,1
646173,1
646176,1
646179,1
646190,1
646192,1
646197,1
646200,1
646207,1
646211,1
646214,1
646222,1
646228,1
646233,1
646237,1
646245,1
646267,1
646276,1
646314,1
646321,1
646329,1
646338,1
646340,1
646345,1
646357,1
646360,1
646369,1
646372,1
646387,1
646394,1
646396,1
646401,1
646405,1
646407,1
646411,1
646418,1
646423,1
646438,1
646443,1
646455,1
646460,1
646466,1
646473,1
646478,1
646490,1
646492,1
646495,1
646502,1
646504,1
646512,1
646514,1
646530,1
646535,1
646547,1
646550,1
646561,1
646568,1
646577,1
646590,1
646605,1
646615,1
646619,1
646624,1
646627,1
646645,1
646647,1
646654,1
646662,1
646666,1
646669,1
646679,1
646697,1
646699,1
646701,1
646708,2
646712,1
646715,1
646717,1
646720,1
646728,1
646732,1
646742,1
646744,1
646775,1
646781,1
646810,1
646815,1
646839,1
646841,1
646846,1
646852,1
646860,1
646871,1
646875,1
646883,1
646892,1
646894,1
646896,1
646899,1
646912,1
646923,1
646925,1
646944,1
646948,1
646956,1
646973,1
646985,1
646991,1
646994,1
647003,1
647011,1
647023,1
647025,1
647029,1
647031,1
647033,1
647038,1
647044,1
647046,1
647049,1
647051,1
647055,1
647058,1
647064,1
647066,1
647068,1
647071,1
647080,1
647084,1
647087,1
647089,1
647093,1
647097,1
647114,1
647118,1
647123,1
647127,1
647130,1
647157,1
647163,2
647166,1
647170,1
647176,1
647190,1
647196,1
647204,1
647210,1
647223,1
647229,1
647239,1
647247,1
647254,1
647260,1
647262,1
647271,1
647277,1
647308,1
647312,1
647314,1
647317,1
647319,1
647324,1
647329,1
647334,1
647347,1
647354,1
647363,1
647372,1
647383,1
647386,1
647395,1
647402,1
647411,1
647416,1
647419,1
647429,1
647431,1
647439,1
647444,1
647447,1
647460,1
647462,1
647466,1
647469,1
647483,1
647486,1
647489,1
647493,1
647499,1
647503,1
647505,1
647507,1
647516,1
647521,1
647529,1
647537,1
647541,1
647544,1
647556,1
647570,1
647585,1
647590,1
647603,1
647626,1
647628,1
647654,1
647668,1
647671,1
647675,1
647677,1
647693,1
647706,1
647711,1
647715,1
647734,2
647753,1
647764,1
647766,1
647778,1
647783,1
647786,1
647790,1
647799,1
647802,1
647807,1
647812,1
647822,1
647826,1
647845,1
647855,1
647859,1
647869,1
647878,1
647889,1
647904,1
647906,1
647917,1
647933,1
647941,1
647949,1
647957,1
647960,1
647973,1
648008,1
648011,1
648019,1
648022,1
648037,1
648044,1
648069,2
648074,1
648080,1
648083,1
648087,1
648093,1
648105,1
648116,1
648129,1
648132,1
648136,1
648144,1
648146,1
648148,1
648163,1
648165,1
648180,1
648189,1
648203,2
648218,1
648224,1
648231,1
648237,1
648254,1
648263,1
648265,1
648274,1
648278,1
648283,1
648289,1
648297,1
648304,1
648306,1
648310,1
648315,1
648327,1
648335,1
648337,1
648342,1
648347,1
648354,1
648356,1
648362,1
648364,1
648369,1
648372,1
648378,1
648380,1
648383,1
648404,1
648409,1
648429,1
648443,1
648447,1
648453,1
648457,1
648464,1
648469,1
648474,1
648481,1
648488,1
648490,1
648496,1
648506,1
648522,1
648525,1
648531,1
648543,1
648547,1
648558,1
648562,1
648566,1
648571,1
648581,1
648587,1
648600,1
648605,1
648619,1
648626,1
648633,1
648635,1
648641,1
648647,1
648655,1
648664,2
648671,1
648674,1
648680,1
648684,1
648686,1
648689,1
648701,1
648705,1
648714,1
648718,1
648725,1
648739,1
648741,1
648757,1
648771,1
648773,1
648779,1
648788,1
648806,1
648810,1
648815,1
648819,1
648835,1
648838,1
648842,1
648845,1
648865,1
648867,1
648883,1
648885,1
648892,1
648902,1
648909,1
648914,1
648922,1
648924,1
648934,1
648946,1
648956,1
648963,1
648972,1
648987,1
648990,1
648998,1
649007,1
649041,1
649062,1
649074,1
649081,1
649098,1
649103,1
649117,1
649119,1
649123,1
649134,1
649136,1
649142,1
649157,1
649161,1
649187,1
649196,1
649224,1
649227,1
649235,2
649243,1
649263,1
649279,1
649286,1
649304,1
649307,1
649316,1
649328,1
649364,1
649372,1
649384,1
649395,1
649397,1
649405,1
649433,1
649441,1
649469,1
649474,1
649479,1
649485,1
649495,1
649538,1
649542,1
649558,1
649568,1
649576,1
649578,1
649592,1
649603,1
649607,1
649648,1
649658,1
649664,1
649667,1
649670,1
649681,1
649685,1
649694,1
649696,1
649704,1
649709,1
649715,1
649721,1
649743,1
649745,1
649747,1
649753,1
649773,1
649778,1
649785,1
649792,1
649798,1
649804,1
649808,1
649817,1
649823,1
649825,1
649834,1
649840,1
649844,1
649855,1
649860,1
649863,1
649870,1
649876,1
649893,1
649895,1
649900,1
649907,1
649913,1
649926,1
649942,1
649953,1
649961,1
649968,1
649970,1
649981,1
650005,1
650007,1
650011,1
650014,1
650017,1
650027,1
650029,1
650033,1
650035,1
650044,1
650055,1
650058,1
650068,1
650082,1
650090,1
650109,1
650130,1
650139,1
650145,1
650154,1
650158,1
650162,1
650170,1
650181,1
650183,1
650202,1
650211,1
650215,1
650220,1
650230,1
650235,1
650241,1
650254,1
650260,1
650264,1
650271,1
650277,1
650279,1
650285,1
650293,1
650312,1
650315,1
650332,1
650336,1
650347,1
650351,1
650353,1
650363,1
650367,1
650369,1
650374,1
650376,1
650386,1
650398,1
650402,1
650406,1
650418,1
650439,1
650442,1
650444,1
650450,1
650456,1
650458,1
650467,1
650471,2
650498,1
650502,1
650524,1
650531,1
650556,1
650563,1
650568,1
650572,1
650574,1
650579,1
650583,1
650586,1
650595,1
650603,1
650614,1
650623,1
650633,1
650637,1
650655,1
650657,1
650659,1
650666,1
650669,1
650672,1
650678,1
650680,1
650689,1
650696,1
650702,1
650716,1
650719,1
650722,1
650730,1
650736,1
650745,1
650753,1
650766,1
650777,1
650789,1
650804,1
650807,1
650811,1
650823,1
650825,1
650830,1
650835,1
650842,1
650844,1
650859,1
650861,1
650867,1
650869,1
650871,1
650878,1
650890,1
650896,1
650907,1
650909,1
650921,1
650924,1
650946,1
650951,1
650955,1
650958,1
650965,1
650975,1
650979,1
650981,1
651006,1
651013,1
651019,1
651028,1
651038,1
651056,1
651073,1
651077,1
651122,1
651134,1
651139,1
651147,1
651160,1
651165,1
651169,1
651188,1
651194,1
651207,1
651228,1
651241,1
651243,1
651247,1
651250,1
651261,1
651277,1
651299,1
651306,1
651311,1
651319,1
651330,1
651333,1
651335,1
651340,1
651345,1
651349,1
651357,1
651362,1
651366,1
651379,1
651381,1
651393,1
651395,1
651400,1
651418,1
651431,1
651449,1
651456,1
651484,1
651487,1
651502,1
651506,1
651515,1
651521,1
651525,1
651527,1
651546,1
651548,1
651562,1
651565,1
651582,1
651592,1
651596,1
651603,1
651608,1
651620,1
651625,1
651633,1
651638,1
651641,1
651644,1
651652,1
651654,1
651657,1
651671,1
651680,1
651684,1
651688,1
651697,1
651705,1
651715,1
651730,1
651734,1
651740,1
651744,1
651754,1
651758,1
651767,1
651771,1
651804,1
651816,1
651819,1
651823,1
651832,1
651848,1
651855,1
651867,1
651870,1
651876,1
651886,1
651892,1
651902,1
651925,1
651935,1
651942,1
651946,1
651957,1
651963,1
651970,1
651978,1
651981,1
651989,1
652015,1
652017,1
652021,1
652028,1
652038,1
652041,1
652044,2
652047,1
652058,1
652062,1
652079,1
652083,1
652092,1
652096,1
652101,1
652105,1
652112,1
652124,1
652133,1
652141,1
652152,1
652159,1
652171,1
652174,1
652180,1
652183,1
652192,1
652195,1
652198,1
652200,1
652202,1
652208,1
652211,1
652213,1
652215,1
652218,1
652220,1
652230,1
652249,1
652253,1
652274,1
652286,1
652292,1
652298,1
652306,1
652329,1
652353,1
652358,1
652363,1
652374,1
652384,2
652396,1
652401,1
652407,1
652409,1
652414,1
652421,1
652427,1
652429,1
652435,1
652440,1
652446,1
652462,1
652465,1
652477,1
652494,1
652532,1
652537,1
652549,1
652551,1
652554,1
652568,1
652573,1
652581,1
652588,1
652592,1
652599,1
652609,1
652623,1
652641,1
652648,1
652652,1
652672,1
652685,1
652699,1
652704,1
652710,1
652719,1
652722,1
652726,1
652739,1
652741,1
652748,1
652758,1
652762,1
652764,1
652775,1
652777,1
652786,1
652799,1
652805,1
652810,1
652815,1
652834,1
652845,1
652860,1
652863,1
652875,1
652878,1
652890,1
652894,1
652908,1
652911,1
652920,1
652932,1
652937,1
652949,1
652952,1
652974,1
652978,1
652985,1
652990,1
652992,1
653008,1
653026,1
653033,1
653039,1
653047,1
653051,1
653057,1
653060,1
653067,1
653072,1
653086,2
653101,1
653105,1
653109,1
653120,1
653123,1
653127,1
653137,1
653142,1
653158,1
653161,1
653168,1
653177,1
653182,1
653192,1
653195,1
653197,1
653202,1
653211,1
653214,1
653217,1
653219,1
653225,1
653234,1
653236,1
653239,1
653241,1
653254,1
653260,1
653274,1
653278,1
653282,1
653285,1
653295,1
653309,1
653311,1
653313,1
653318,1
653320,1
653330,1
653332,1
653334,1
653351,1
653360,1
653367,1
653377,1
653388,1
653390,1
653396,1
653404,1
653408,1
653424,1
653427,1
653441,1
653443,1
653446,1
653462,1
653472,1
653478,1
653482,1
653484,1
653487,1
653489,1
653498,1
653505,1
653508,1
653521,1
653536,1
653543,1
653546,1
653559,1
653561,1
653566,1
653576,1
653579,1
653593,1
653596,1
653608,1
653630,1
653634,1
653642,1
653651,1
653655,1
653666,1
653669,1
653674,1
653688,1
653704,1
653711,1
653713,1
653726,1
653729,2
653732,1
653734,1
653751,1
653753,1
653766,1
653768,1
653777,1
653785,1
653789,1
653793,1
653801,1
653803,1
653805,1
653811,1
653816,1
653842,1
653844,1
653846,1
653851,1
653863,1
653898,1
653901,1
653915,1
653917,1
653950,1
653958,1
653971,1
653974,1
653978,1
653995,1
654009,1
654046,1
654050,1
654054,1
654062,1
654064,1
654070,1
654072,1
654076,2
654078,1
654085,1
654088,1
654091,1
654095,1
654100,1
654106,1
654111,1
654126,1
654141,1
654148,1
654154,1
654164,1
654170,1
654179,1
654184,1
654187,1
654190,1
654203,1
654206,1
654220,1
654225,1
654238,1
654243,1
654250,1
654261,1
654263,1
654273,1
654276,1
654281,1
654289,1
654297,1
654302,1
654317,1
654321,1
654330,1
654334,1
654344,1
654356,1
654371,1
654373,1
654377,1
654379,1
654385,1
654388,1
654397,1
654400,1
654410,1
654415,1
654420,1
654430,1
654438,1
654447,1
654453,1
654467,1
654471,1
654477,1
654480,1
654482,1
654489,1
654493,1
654497,1
654510,1
654513,1
654527,1
654543,1
654545,1
654548,1
654559,1
654581,1
654587,1
654597,1
654601,1
654606,1
654612,1
654618,1
654620,1
654625,1
654637,1
654642,1
654645,1
654658,1
654661,1
654663,1
654674,1
654690,1
654697,1
654700,1
654702,1
654718,1
654732,1
654740,1
654743,1
654747,1
654755,1
654758,1
654764,1
654768,1
654770,1
654773,1
654776,1
654779,1
654784,1
654796,1
654798,1
654802,1
654813,1
654816,1
654828,1
654831,1
654850,1
654866,1
654869,1
654872,1
654876,1
654887,1
654892,1
654900,1
654904,1
654907,1
654910,1
654912,1
654923,1
654933,1
654949,1
654954,1
654965,1
654978,1
654983,1
654987,1
655000,1
655002,1
655004,1
655010,1
655020,1
655036,1
655043,1
655059,1
655065,1
655078,1
655095,1
655097,1
655119,1
655124,1
655132,1
655134,1
655139,1
655155,1
655159,1
655168,1
655171,1
655176,1
655178,1
655188,1
655192,1
655195,1
655202,1
655209,1
655215,1
655232,1
655246,1
655250,1
655267,1
655271,1
655285,1
655287,1
655290,1
655308,1
655314,1
655326,1
655331,1
655334,1
655343,1
655347,1
655351,1
655361,1
655366,1
655370,1
655380,1
655382,1
655385,1
655391,1
655405,1
655416,1
655419,1
655423,1
655425,1
655428,1
655440,1
655442,1
655446,1
655451,1
655459,1
655462,1
655466,1
655473,1
655477,1
655480,1
655483,1
655490,1
655494,1
655496,1
655499,1
655501,1
655508,1
655514,1
655517,1
655519,1
655529,1
655532,1
655539,1
655546,1
655555,1
655567,1
655571,1
655573,1
655575,1
655578,1
655589,1
655591,1
655595,1
655606,1
655649,1
655662,1
655668,1
655672,1
655680,1
655685,1
655688,1
655690,1
655693,1
655701,1
655705,1
655708,1
655717,1
655723,1
655758,1
655764,1
655776,1
655778,1
655783,1
655785,1
655800,1
655841,1
655845,1
655857,1
655859,1
655861,1
655877,1
655892,1
655897,1
655911,1
655917,1
655929,1
655932,1
655938,1
655948,1
655952,1
655956,1
655966,1
655969,1
655973,1
655976,1
655985,1
655990,1
656013,1
656017,1
656025,1
656031,1
656047,1
656065,1
656069,1
656084,1
656089,1
656102,1
656107,1
656119,1
656121,1
656126,1
656136,1
656143,1
656147,1
656161,1
656164,1
656178,1
656180,1
656184,1
656202,1
656209,1
656212,1
656215,1
656232,1
656236,1
656239,1
656242,1
656275,1
656277,1
656293,1
656305,1
656308,1
656316,1
656331,1
656334,1
656344,1
656352,1
656358,1
656369,1
656376,1
656387,1
656391,1
656406,1
656431,1
656445,1
656447,1
656449,1
656453,1
656456,1
656465,1
656467,1
656470,1
656473,1
656477,1
656482,1
656485,1
656489,1
656491,1
656493,1
656520,1
656524,1
656539,1
656552,1
656559,1
656561,1
656564,1
656569,1
656577,1
656579,1
656583,1
656617,1
656619,1
656623,1
656634,1
656639,1
656641,1
656667,1
656679,1
656686,1
656690,1
656696,1
656711,1
656713,1
656715,1
656727,1
656731,1
656734,1
656745,1
656748,1
656759,1
656769,1
656786,1
656791,1
656805,1
656809,1
656811,1
656824,1
656828,1
656844,1
656847,1
656863,1
656886,1
656898,1
656900,1
656905,1
656917,1
656922,1
656924,1
656936,1
656940,1
656943,1
656945,1
656958,1
656962,1
656972,1
656975,1
656977,1
656983,1
656989,1
656999,1
657013,1
657017,1
657019,1
657026,1
657032,1
657036,1
657041,1
657050,1
657053,1
657057,1
657061,1
657066,1
657071,1
657074,1
657092,1
657107,1
657112,1
657147,1
657151,1
657153,1
657164,1
657170,1
657183,1
657188,1
657193,1
657205,1
657207,1
657209,1
657224,2
657228,2
657230,1
657233,1
657241,1
657246,1
657256,1
657259,1
657262,1
657269,1
657271,1
657280,1
657284,1
657303,1
657306,1
657312,1
657322,1
657337,1
657339,1
657342,1
657346,1
657357,1
657367,1
657379,1
657383,1
657391,1
657397,1
657412,1
657414,1
657418,1
657433,1
657436,1
657438,1
657442,1
657452,1
657455,1
657457,1
657470,1
657485,1
657494,1
657508,1
657513,1
657522,1
657528,1
657541,1
657545,1
657567,1
657570,1
657583,1
657587,1
657602,1
657604,1
657609,1
657627,1
657640,1
657662,1
657677,1
657683,1
657686,1
657693,1
657700,1
657722,1
657740,1
657749,1
657757,1
657761,1
657772,1
657776,1
657781,1
657783,1
657793,1
657797,1
657799,1
657809,1
657814,1
657817,1
657827,1
657850,1
657854,1
657856,1
657870,1
657893,1
657906,1
657910,1
657913,1
657931,1
657953,1
657959,1
657964,1
657966,1
657970,1
657983,1
657987,1
657989,1
657992,1
658000,1
658006,1
658008,1
658010,1
658039,1
658045,1
658054,1
658061,1
658063,1
658066,1
658079,1
658083,1
658093,1
658096,1
658098,1
658103,1
658118,1
658120,1
658126,1
658128,1
658136,1
658141,1
658163,1
658172,1
658174,1
658179,1
658190,1
658194,1
658197,1
658202,1
658207,1
658211,1
658217,1
658220,1
658232,1
658234,1
658251,1
658257,1
658273,1
658290,1
658299,1
658309,1
658311,1
658327,1
658329,1
658333,1
658344,1
658346,1
658350,2
658352,1
658366,1
658373,1
658382,1
658400,1
658406,1
658409,1
658416,1
658424,1
658435,1
658441,1
658453,1
658458,1
658464,1
658480,1
658495,1
658499,1
658501,1
658516,1
658521,1
658532,1
658537,1
658552,2
658558,1
658577,1
658594,1
658614,1
658617,1
658619,1
658628,1
658632,1
658640,2
658644,1
658650,1
658656,1
658669,1
658673,1
658689,1
658707,1
658729,1
658744,1
658746,1
658748,1
658754,1
658763,1
658767,1
658769,1
658780,1
658784,1
658788,1
658797,1
658806,1
658809,1
658815,1
658820,1
658826,1
658828,1
658837,1
658841,1
658852,1
658856,1
658859,1
658871,1
658875,1
658880,1
658883,1
658892,1
658899,1
658901,1
658903,1
658907,1
658918,2
658921,1
658930,1
658938,1
658941,1
658951,1
658954,1
658967,1
658972,1
658976,1
658989,1
658993,1
658995,1
659007,1
659010,1
659014,1
659028,1
659032,1
659036,1
659048,1
659052,1
659057,1
659069,1
659071,1
659074,1
659087,1
659094,1
659101,1
659111,1
659126,1
659137,1
659142,1
659146,1
659149,1
659151,1
659163,1
659167,1
659172,1
659182,1
659184,1
659200,1
659207,1
659220,1
659222,1
659238,1
659250,1
659256,1
659274,1
659279,1
659300,1
659310,1
659326,1
659332,1
659336,1
659340,1
659353,1
659371,1
659373,1
659389,1
659395,1
659406,1
659410,1
659413,1
659434,1
659444,1
659451,1
659453,1
659462,1
659466,1
659469,1
659480,1
659482,1
659491,1
659494,1
659507,1
659521,1
659526,1
659528,1
659539,1
659543,1
659546,1
659560,1
659564,1
659566,1
659576,1
659584,1
659598,1
659600,1
659605,1
659613,1
659619,1
659623,1
659633,1
659639,1
659641,1
659649,1
659652,1
659654,1
659662,1
659664,1
659676,2
659680,1
659686,1
659690,1
659694,1
659698,1
659701,1
659705,1
659711,1
659714,1
659726,1
659731,1
659734,1
659736,1
659738,1
659762,1
659771,1
659776,1
659789,1
659795,1
659807,1
659812,1
659814,1
659830,1
659847,1
659856,1
659865,1
659883,1
659888,1
659906,1
659908,1
659921,1
659923,1
659928,1
659942,1
659956,1
659962,1
659964,1
659979,1
659997,1
660016,1
660020,1
660022,1
660037,1
660039,1
660041,1
660050,1
660056,1
660061,1
660071,1
660077,1
660090,1
660097,1
660112,1
660123,1
660128,1
660132,1
660134,1
660137,1
660152,1
660156,1
660170,1
660172,1
660183,1
660186,1
660190,1
660196,1
660212,1
660222,1
660228,1
660233,1
660237,1
660247,1
660251,1
660253,1
660281,1
660283,1
660285,1
660287,1
660298,1
660302,1
660304,1
660307,1
660311,1
660313,1
660323,1
660327,1
660337,1
660341,1
660343,1
660358,1
660362,1
660365,1
660375,1
660381,1
660383,1
660396,1
660399,1
660416,1
660419,1
660422,1
660436,1
660447,1
660451,1
660457,1
660460,1
660475,1
660488,1
660498,1
660501,1
660517,1
660532,1
660536,1
660549,1
660551,1
660567,1
660570,1
660584,1
660592,1
660617,1
660620,1
660646,1
660648,1
660666,1
660668,1
660672,1
660676,1
660685,1
660687,1
660703,1
660709,1
660721,1
660724,1
660727,1
660756,1
660758,1
660761,1
660777,1
660782,1
660794,1
660796,1
660801,1
660811,1
660816,1
660818,1
660820,1
660823,1
660837,1
660853,1
660863,1
660867,1
660872,1
660878,1
660880,1
660893,1
660896,1
660910,1
660929,1
660936,1
660943,1
660951,1
660953,1
660961,1
660968,1
660975,1
660986,1
660993,1
661005,1
661007,1
661009,1
661012,1
661015,1
661025,1
661027,1
661031,1
661040,1
661042,1
661047,1
661064,1
661070,1
661081,1
661085,1
661094,1
661100,1
661109,1
661118,1
661125,1
661138,1
661143,1
661155,1
661162,1
661174,1
661179,1
661192,1
661199,1
661215,1
661230,1
661233,1
661236,1
661238,1
661253,1
661255,1
661266,1
661270,1
661272,1
661275,1
661288,1
661293,1
661295,1
661310,1
661329,1
661331,1
661363,1
661365,1
661404,1
661406,1
661408,1
661424,1
661427,1
661441,1
661447,1
661458,1
661464,1
661479,1
661484,1
661486,1
661496,1
661504,1
661516,1
661519,1
661521,1
661534,1
661536,1
661538,1
661541,1
661544,1
661547,1
661553,1
661559,1
661561,1
661563,1
661574,1
661576,1
661588,1
661605,1
661614,1
661637,1
661650,1
661655,1
661672,1
661685,1
661687,1
661693,1
661696,1
661702,1
661709,1
661726,1
661733,1
661735,1
661745,1
661748,1
661762,1
661765,1
661771,1
661781,1
661786,1
661788,1
661840,1
661845,1
661861,1
661884,1
661896,1
661899,1
661901,1
661913,1
661916,1
661918,1
661921,1
661924,1
661932,1
661934,1
661937,1
661953,1
661956,1
661958,1
661977,1
661983,1
661987,1
661993,1
662006,1
662012,1
662015,1
662017,1
662020,1
662026,1
662034,1
662036,1
662050,1
662053,1
662074,1
662089,1
662091,1
662105,1
662108,1
662112,1
662123,1
662125,1
662127,1
662130,1
662139,1
662145,1
662150,1
662152,1
662157,1
662163,1
662165,1
662167,1
662169,1
662172,1
662184,1
662188,1
662192,1
662196,1
662203,1
662206,1
662222,1
662225,1
662231,1
662239,1
662243,1
662246,1
662259,1
662265,2
662287,1
662298,1
662307,1
662309,1
662317,1
662321,1
662325,1
662348,1
662351,1
662358,1
662361,1
662363,1
662374,1
662377,1
662379,1
662392,1
662394,1
662396,1
662405,1
662412,1
662417,1
662427,1
662430,1
662435,1
662452,1
662468,1
662472,1
662485,1
662491,1
662502,1
662508,1
662512,1
662524,1
662541,1
662545,1
662563,1
662565,1
662568,1
662584,2
662586,1
662588,1
662601,1
662604,2
662607,1
662637,1
662640,1
662643,1
662646,1
662658,1
662662,1
662677,1
662680,1
662682,1
662699,1
662711,1
662715,1
662717,1
662733,1
662738,1
662745,1
662752,1
662756,1
662759,1
662764,1
662777,2
662791,1
662796,1
662811,1
662815,1
662828,1
662831,2
662834,1
662836,1
662845,1
662850,1
662853,1
662861,1
662864,1
662868,1
662870,1
662873,1
662876,1
662882,1
662888,1
662903,1
662908,1
662921,1
662923,1
662927,1
662930,1
662949,1
662985,1
663000,1
663003,1
663005,1
663020,1
663038,1
663041,1
663043,1
663057,1
663060,1
663067,1
663076,1
663080,1
663083,1
663096,1
663100,1
663113,1
663118,1
663127,1
663137,2
663147,1
663151,1
663153,1
663159,1
663191,1
663195,1
663201,1
663214,1
663217,1
663226,1
663230,1
663264,1
663269,1
663271,1
663286,1
663289,1
663303,1
663306,1
663321,1
663328,1
663337,1
663343,1
663347,1
663355,1
663364,1
663378,1
663383,1
663385,1
663395,1
663418,1
663424,1
663429,1
663436,1
663442,1
663457,2
663459,1
663471,1
663478,1
663481,1
663486,1
663495,1
663500,1
663514,1
663516,1
663533,1
663538,1
663553,2
663556,1
663573,1
663578,1
663588,1
663592,1
663594,1
663611,1
663626,1
663628,1
663632,1
663647,1
663663,1
663666,1
663682,1
663684,1
663701,1
663704,1
663706,1
663708,1
663722,1
663727,1
663736,1
663742,1
663747,1
663751,1
663760,1
663765,1
663778,1
663781,1
663783,1
663796,1
663801,1
663804,1
663819,1
663835,1
663838,1
663840,1
663848,1
663857,1
663859,1
663872,1
663875,1
663885,1
663890,1
663895,1
663898,1
663900,1
663929,1
663934,1
663949,1
663953,1
663956,1
663962,1
663970,1
663973,1
663975,1
663989,1
663993,1
663999,1
664005,1
664011,1
664026,1
664030,1
664048,1
664064,1
664066,1
664069,1
664082,1
664085,1
664088,1
664104,1
664107,1
664118,1
664126,1
664140,1
664143,1
664145,1
664160,1
664162,1
664166,1
664175,1
664180,1
664182,1
664191,1
664197,1
664202,1
664205,1
664219,1
664234,1
664237,1
664240,1
664256,1
664259,1
664272,1
664275,1
664277,1
664279,1
664292,1
664294,1
664296,1
664310,1
664314,1
664330,1
664333,1
664369,1
664373,1
664386,1
664393,2
664404,1
664420,1
664426,1
664428,1
664431,1
664435,1
664440,1
664447,1
664449,1
664462,1
664464,1
664466,1
664482,1
664498,1
664502,1
664506,1
664519,1
664523,1
664538,1
664541,1
664546,1
664562,1
664569,1
664578,1
664581,1
664584,1
664596,1
664599,1
664607,1
664613,1
664619,1
664637,1
664640,1
664657,1
664674,1
664676,1
664689,1
664694,1
664707,1
664711,1
664713,1
664715,1
664717,1
664723,2
664731,1
664734,1
664736,1
664766,1
664771,1
664787,1
664789,1
664806,1
664808,1
664820,1
664825,1
664828,1
664842,1
664854,1
664866,1
664878,1
664899,1
664902,1
664904,1
664917,1
664919,1
664923,1
664925,1
664937,1
664941,1
664948,1
664956,1
664960,1
664969,1
664976,1
664978,1
664982,1
664996,1
665010,1
665017,1
665019,1
665031,1
665037,1
665049,1
665055,1
665071,1
665089,1
665093,1
665108,1
665112,1
665115,1
665117,1
665125,1
665129,1
665131,1
665135,1
665141,1
665149,1
665161,1
665164,1
665172,1
665201,1
665206,1
665209,1
665211,1
665219,1
665226,1
665228,1
665230,1
665236,1
665240,1
665251,1
665259,1
665294,1
665297,1
665300,1
665304,1
665307,1
665321,1
665323,1
665336,1
665339,1
665347,1
665353,1
665361,1
665373,1
665388,1
665398,2
665400,1
665452,1
665456,1
665473,1
665488,1
665491,1
665493,1
665495,1
665497,1
665507,1
665512,1
665514,1
665528,1
665530,1
665532,1
665542,1
665549,1
665551,1
665570,1
665591,1
665606,1
665620,1
665622,1
665624,1
665627,1
665629,1
665637,1
665644,1
665654,1
665659,1
665661,1
665667,1
665678,1
665682,1
665687,2
665697,1
665699,1
665703,1
665716,1
665720,1
665724,1
665736,1
665740,1
665742,1
665744,1
665755,1
665758,1
665760,1
665773,1
665776,1
665780,1
665797,1
665810,1
665814,1
665816,1
665818,1
665837,1
665846,1
665853,1
665856,1
665870,1
665873,1
665883,1
665893,2
665910,1
665927,1
665944,1
665965,1
665967,1
665969,1
665982,1
665988,2
666003,1
666005,1
666008,1
666021,1
666025,1
666038,1
666045,1
666056,1
666061,1
666081,1
666085,1
666095,1
666099,1
666101,1
666104,1
666116,1
666120,1
666122,1
666130,1
666135,1
666139,1
666143,1
666157,1
666173,1
666180,1
666210,1
666213,1
666215,1
666235,2
666237,1
666248,1
666252,1
666265,1
666270,1
666284,1
666294,1
666296,1
666309,1
666311,1
666327,1
666336,1
666342,1
666347,1
666362,1
666367,1
666370,1
666385,1
666387,1
666394,1
666404,1
666412,1
666421,1
666426,2
666442,1
666444,1
666461,1
666472,1
666484,1
666494,1
666500,1
666515,1
666518,1
666522,1
666532,1
666537,1
666540,1
666568,1
666584,1
666590,1
666594,1
666605,1
666614,1
666617,2
666619,1
666627,1
666634,1
666638,1
666652,1
666654,1
666666,1
666670,1
666687,1
666691,2
666706,1
666711,1
666726,1
666728,1
666737,1
666744,1
666761,1
666765,1
666767,1
666774,1
666781,1
666783,1
666786,1
666802,1
666804,1
666807,1
666816,1
666819,1
666824,1
666836,1
666842,2
666846,1
666853,1
666861,1
666863,1
666877,1
666879,1
666883,1
666895,1
666901,2
666903,1
666916,1
666920,2
666934,1
666936,1
666939,2
666943,1
666953,1
666955,1
666967,1
666970,1
666974,1
666977,1
666993,1
667007,1
667016,1
667022,1
667030,1
667035,1
667045,1
667050,1
667052,1
667054,1
667068,1
667070,1
667087,1
667096,1
667106,1
667113,1
667122,1
667128,1
667144,1
667154,1
667161,1
667166,1
667169,1
667185,1
667201,1
667203,1
667205,1
667208,1
667217,1
667222,1
667234,1
667238,1
667252,1
667262,1
667278,1
667281,2
667284,1
667293,1
667296,1
667299,1
667301,1
667303,1
667314,1
667318,2
667329,1
667336,1
667340,1
667353,1
667355,1
667366,1
667375,2
667378,1
667381,1
667394,1
667397,1
667426,1
667429,1
667433,1
667436,1
667459,1
667467,1
667482,1
667486,1
667498,1
667500,1
667506,1
667509,2
667511,1
667524,1
667526,1
667530,1
667545,1
667548,1
667559,1
667561,1
667570,1
667574,1
667582,1
667587,1
667593,1
667598,1
667604,1
667606,1
667616,1
667619,1
667621,1
667623,1
667625,1
667633,1
667641,2
667646,1
667663,1
667665,1
667676,1
667680,1
667683,1
667692,1
667698,1
667710,1
667712,1
667720,1
667729,1
667734,1
667738,1
667748,1
667753,1
667757,1
667773,1
667776,1
667790,1
667804,1
667811,1
667814,1
667818,1
667829,1
667833,1
667843,1
667845,1
667849,1
667866,1
667885,1
667915,1
667924,1
667929,1
667932,1
667944,1
667951,1
667961,1
667964,2
667966,1
667975,1
667977,1
667979,1
667985,2
667988,1
667998,1
668001,1
668007,1
668017,1
668021,1
668034,1
668042,1
668046,1
668056,1
668059,2
668078,1
668080,1
668097,1
668104,1
668111,1
668114,1
668117,2
668127,1
668131,1
668148,1
668156,1
668166,1
668170,1
668173,2
668190,1
668195,1
668208,1
668213,1
668223,1
668228,1
668231,1
668259,1
668266,1
668272,1
668278,1
668285,1
668288,1
668299,1
668333,1
668339,1
668345,1
668354,1
668362,1
668364,1
668380,1
668384,1
668397,1
668403,1
668407,1
668418,1
668422,1
668438,1
668451,1
668455,1
668458,2
668460,1
668462,1
668480,1
668493,1
668495,1
668500,1
668506,1
668514,1
668517,1
668520,1
668550,1
668553,1
668566,1
668575,2
668589,1
668593,1
668605,1
668608,1
668614,1
668623,1
668627,1
668632,1
668639,1
668646,1
668648,1
668655,1
668659,1
668665,1
668667,1
668670,1
668679,1
668684,1
668696,1
668698,1
668717,1
668725,1
668736,1
668740,1
668743,2
668756,1
668760,1
668764,1
668778,1
668781,1
668791,1
668797,1
668816,1
668820,1
668836,1
668853,1
668857,1
668875,2
668892,1
668896,1
668910,1
668923,1
668931,1
668935,1
668945,1
668954,1
668964,1
668969,1
668974,2
669023,1
669026,2
669030,1
669045,1
669062,1
669067,1
669077,1
669084,1
669103,2
669115,1
669118,1
669121,1
669123,1
669127,1
669139,1
669158,1
669161,1
669193,1
669200,1
669211,1
669219,1
669234,1
669238,1
669240,1
669247,1
669259,1
669272,2
669275,1
669288,1
669295,1
669306,1
669312,1
669329,2
669331,1
669333,1
669335,1
669366,1
669386,1
669418,1
669426,1
669443,1
669455,1
669457,1
669468,1
669482,1
669486,1
669488,1
669496,1
669506,1
669516,1
669520,1
669522,1
669524,1
669527,1
669535,1
669556,1
669560,1
669562,1
669573,1
669575,1
669578,1
669581,1
669591,1
669601,1
669609,1
669612,2
669618,1
669639,1
669670,1
669674,1
669691,1
669702,1
669706,1
669709,1
669711,1
669714,1
669716,1
669733,2
669742,1
669748,2
669762,1
669767,1
669779,1
669789,1
669792,1
669805,1
669807,1
669823,1
669826,1
669837,1
669843,1
669845,1
669847,1
669849,1
669862,1
669864,1
669874,1
669878,1
669882,1
669897,1
669901,1
669907,1
669913,1
669916,1
669919,1
669921,1
669925,1
669933,1
669935,1
669939,1
669951,1
669956,1
669958,1
669962,1
669973,1
669975,1
669977,1
669981,1
669992,1
669998,1
670009,1
670012,1
670018,1
670026,1
670033,1
670036,1
670049,1
670054,2
670057,1
670077,1
670089,1
670091,1
670103,1
670107,1
670110,1
670113,2
670126,1
670130,1
670133,1
670137,1
670141,1
670148,1
670166,1
670179,1
670185,1
670188,1
670198,1
670203,1
670205,1
670219,1
670224,1
670228,1
670238,1
670254,1
670261,1
670265,1
670273,1
670281,1
670303,1
670312,1
670317,1
670320,1
670333,1
670335,1
670349,1
670354,1
670356,1
670367,1
670373,1
670380,1
670391,1
670408,1
670411,1
670415,1
670417,1
670420,1
670432,1
670434,1
670436,1
670445,1
670455,1
670457,1
670470,1
670474,1
670491,1
670502,1
670506,1
670509,1
670513,1
670526,1
670540,1
670543,1
670547,1
670550,1
670564,1
670567,1
670586,1
670589,1
670617,1
670628,1
670636,1
670640,1
670656,1
670671,1
670679,1
670682,1
670694,1
670698,1
670701,1
670715,1
670718,1
670735,1
670737,1
670741,1
670750,1
670757,1
670760,1
670770,1
670775,1
670789,1
670795,1
670798,1
670805,1
670815,1
670828,1
670832,1
670848,1
670870,1
670886,1
670907,1
670909,1
670925,1
670927,1
670929,1
670941,1
670952,1
670964,1
670966,1
670968,1
670986,2
670997,1
671009,1
671014,1
671025,1
671040,1
671042,1
671053,1
671061,2
671063,1
671078,1
671087,1
671095,1
671097,1
671099,1
671105,1
671112,1
671116,1
671130,1
671138,1
671153,1
671155,1
671168,1
671171,1
671174,1
671178,1
671204,1
671212,1
671230,1
671233,1
671250,1
671265,1
671268,1
671287,1
671289,1
671306,1
671308,1
671319,1
671322,1
671326,1
671329,1
671336,1
671340,1
671345,1
671347,1
671349,1
671351,1
671363,1
671365,1
671370,1
671378,1
671382,1
671385,1
671395,1
671400,1
671402,1
671406,1
671414,1
671416,1
671421,1
671423,1
671425,1
671429,1
671442,1
671444,1
671455,1
671458,1
671460,1
671466,1
671475,1
671485,1
671488,1
671497,1
671510,1
671524,1
671529,1
671532,1
671534,1
671549,1
671556,1
671568,1
671571,1
671577,1
671588,1
671591,1
671601,1
671604,1
671606,1
671609,2
671614,1
671618,1
671621,1
671631,1
671633,1
671644,1
671648,1
671652,1
671660,1
671667,1
671677,1
671680,1
671682,1
671689,1
671691,1
671695,1
671707,1
671710,1
671724,1
671726,1
671735,1
671740,1
671762,1
671764,1
671777,1
671779,1
671787,1
671796,1
671800,1
671803,2
671819,1
671822,1
671824,1
671839,1
671850,1
671856,1
671858,1
671874,1
671878,1
671880,1
671883,1
671897,2
671900,1
671915,1
671920,1
671933,1
671936,1
671938,1
671955,1
671966,1
671968,1
671973,1
671984,1
671989,1
672005,1
672008,1
672029,1
672034,1
672043,1
672050,1
672062,1
672068,1
672071,1
672073,1
672083,1
672086,1
672088,1
672101,1
672107,1
672123,1
672139,1
672142,2
672144,1
672147,1
672149,1
672153,1
672162,1
672165,1
672167,1
672181,1
672184,1
672194,1
672200,1
672220,1
672231,1
672233,1
672239,1
672242,1
672274,1
672304,1
672312,1
672316,1
672328,1
672332,1
672334,1
672336,1
672341,1
672347,1
672353,2
672358,1
672362,1
672365,1
672367,1
672373,2
672376,1
672378,1
672381,1
672391,1
672396,1
672410,1
672413,1
672421,1
672423,1
672445,1
672460,1
672493,1
672523,1
672549,1
672554,1
672558,1
672562,1
672564,1
672566,1
672576,1
672580,1
672582,1
672591,1
672595,1
672600,2
672603,1
672613,1
672631,1
672634,1
672637,1
672640,1
672647,1
672658,2
672660,1
672669,1
672675,1
672677,1
672679,1
672681,1
672708,1
672712,1
672724,1
672730,1
672732,1
672735,1
672746,1
672752,1
672771,1
672773,1
672777,1
672781,1
672784,1
672795,1
672801,1
672809,1
672820,1
672826,1
672843,1
672848,1
672857,1
672862,1
672867,1
672882,1
672884,1
672887,1
672896,1
672900,1
672904,1
672906,1
672922,1
672928,1
672935,1
672943,2
672945,1
672953,1
672961,1
672981,1
672991,1
672999,1
673010,1
673017,1
673021,1
673036,2
673052,1
673055,1
673057,1
673060,1
673073,1
673075,1
673094,1
673106,1
673110,1
673112,1
673132,1
673143,1
673148,1
673152,1
673165,1
673169,1
673171,1
673188,1
673191,1
673201,1
673206,1
673219,1
673224,1
673226,1
673242,1
673246,1
673250,1
673254,1
673262,1
673266,1
673268,1
673278,1
673281,1
673284,1
673297,1
673300,1
673303,1
673313,1
673315,1
673319,2
673323,1
673326,1
673335,1
673338,1
673347,1
673352,1
673354,1
673359,1
673361,1
673363,1
673365,1
673391,1
673408,1
673414,1
673436,1
673439,1
673442,1
673450,1
673455,1
673464,1
673467,1
673469,1
673476,1
673478,1
673497,2
673499,1
673503,1
673513,1
673516,1
673523,1
673526,1
673541,1
673547,1
673550,1
673557,1
673560,1
673563,1
673569,1
673573,1
673584,1
673589,1
673599,1
673604,1
673621,1
673629,1
673635,1
673639,1
673646,2
673657,1
673663,1
673666,1
673682,1
673684,1
673692,1
673695,1
673699,1
673701,1
673706,1
673718,1
673721,1
673725,1
673728,1
673736,1
673753,1
673762,1
673768,1
673779,1
673793,1
673799,1
673816,1
673828,1
673833,1
673839,1
673892,1
673895,1
673898,1
673904,1
673906,1
673913,1
673917,1
673935,1
673938,1
673948,1
673950,1
673955,1
673963,1
673982,1
673987,1
674005,2
674008,1
674010,1
674019,1
674026,1
674040,1
674049,1
674052,1
674056,1
674058,1
674065,1
674067,1
674077,1
674079,1
674082,2
674085,1
674104,1
674119,1
674121,1
674140,1
674157,1
674166,1
674171,1
674176,1
674178,1
674180,1
674187,1
674194,1
674196,1
674207,1
674209,1
674212,1
674230,1
674234,1
674246,1
674251,1
674253,1
674255,1
674259,1
674262,1
674267,1
674269,1
674272,1
674277,1
674286,1
674289,1
674291,1
674303,2
674309,1
674314,1
674327,1
674329,1
674341,1
674352,1
674361,1
674364,1
674366,1
674368,1
674382,1
674385,1
674402,1
674405,1
674408,1
674425,1
674439,1
674443,1
674449,1
674452,1
674455,1
674461,1
674463,1
674466,1
674497,1
674499,1
674503,1
674515,1
674524,1
674531,1
674537,1
674542,1
674551,1
674559,1
674575,1
674593,1
674595,1
674619,1
674625,1
674633,1
674650,1
674653,1
674671,1
674681,1
674697,1
674702,1
674727,2
674738,1
674746,1
674757,1
674764,1
674767,1
674783,1
674789,1
674793,1
674803,1
674818,1
674823,1
674827,1
674842,1
674858,1
674868,1
674889,1
674895,1
674901,1
674903,1
674905,1
674918,1
674920,1
674934,1
674937,1
674940,1
674954,1
674958,1
674970,1
674974,1
674982,1
674991,1
674993,1
675004,1
675022,1
675030,1
675033,1
675055,1
675067,1
675072,1
675092,1
675101,1
675109,1
675115,1
675120,1
675127,1
675130,1
675140,1
675144,1
675150,1
675153,1
675165,2
675168,1
675176,1
675183,1
675187,1
675203,1
675206,1
675216,1
675221,1
675224,1
675226,1
675234,1
675241,1
675245,1
675258,2
675263,1
675278,1
675283,1
675290,1
675302,1
675318,1
675320,1
675335,1
675337,1
675349,1
675352,1
675354,1
675361,1
675375,1
675391,1
675393,1
675396,1
675399,1
675405,1
675411,1
675419,1
675425,1
675429,1
675431,1
675459,1
675468,1
675483,1
675485,1
675490,1
675506,1
675530,1
675536,1
675543,1
675545,1
675557,1
675562,1
675567,1
675570,1
675580,1
675586,1
675588,1
675594,1
675600,1
675603,1
675609,1
675615,1
675624,1
675648,1
675658,1
675661,1
675664,1
675670,1
675674,1
675677,1
675680,1
675682,1
675695,1
675699,1
675714,1
675716,1
675720,1
675731,1
675733,1
675735,1
675743,1
675750,1
675754,1
675757,1
675759,1
675769,1
675777,1
675785,1
675790,1
675794,1
675801,1
675804,1
675811,1
675815,1
675829,1
675840,1
675846,1
675866,1
675869,1
675872,1
675878,1
675882,1
675886,1
675889,1
675891,1
675895,1
675903,1
675905,1
675914,1
675917,1
675921,1
675923,1
675941,1
675943,1
675945,1
675959,1
675962,1
675966,1
675980,1
675986,1
675997,1
676015,1
676019,1
676024,1
676038,1
676041,1
676052,1
676057,1
676061,1
676074,1
676076,1
676080,1
676082,1
676095,1
676099,1
676107,1
676111,1
676115,1
676120,1
676132,1
676136,1
676142,1
676153,2
676168,1
676177,1
676180,1
676190,1
676192,1
676194,1
676197,1
676203,1
676209,1
676247,1
676252,1
676255,1
676259,1
676268,1
676270,1
676282,1
676284,1
676287,1
676289,1
676293,1
676299,1
676317,1
676328,1
676331,1
676340,1
676344,1
676347,1
676361,2
676379,1
676395,1
676400,1
676402,1
676415,1
676418,1
676437,1
676454,1
676467,1
676474,2
676477,1
676483,1
676488,1
676505,1
676514,1
676523,1
676532,1
676549,1
676551,1
676554,1
676570,2
676586,1
676591,1
676594,1
676607,1
676610,1
676614,1
676621,1
676627,1
676632,1
676648,1
676659,1
676662,1
676664,1
676666,1
676672,1
676679,1
676681,1
676686,1
676710,1
676715,1
676719,1
676722,1
676737,1
676748,1
676755,1
676758,1
676760,1
676779,1
676781,1
676789,1
676796,1
676801,1
676809,1
676814,1
676822,1
676835,1
676837,1
676851,1
676862,1
676870,1
676881,1
676886,1
676891,1
676930,1
676933,1
676937,1
676950,1
676952,1
676956,1
676969,1
676978,1
676985,1
676987,1
676995,1
677005,1
677007,1
677020,1
677025,1
677027,1
677031,1
677044,1
677047,1
677062,1
677075,1
677085,1
677103,1
677131,1
677139,1
677149,1
677157,1
677178,1
677186,1
677193,1
677197,1
677201,1
677205,1
677211,1
677213,1
677231,1
677233,1
677240,1
677248,1
677250,1
677291,1
677314,1
677316,1
677324,1
677330,1
677333,1
677336,1
677338,1
677343,1
677348,1
677356,1
677358,1
677368,1
677373,1
677379,1
677388,1
677394,1
677408,1
677419,2
677425,1
677428,2
677431,1
677434,1
677450,1
677453,1
677460,1
677463,1
677466,1
677469,1
677471,1
677478,1
677481,1
677500,1
677505,1
677516,1
677526,1
677535,1
677545,1
677550,1
677553,1
677557,1
677563,1
677573,1
677596,1
677600,1
677615,1
677626,1
677632,1
677634,1
677636,1
677643,1
677655,1
677669,1
677673,1
677677,1
677679,1
677684,1
677688,1
677694,1
677696,1
677698,1
677706,1
677713,1
677727,1
677735,1
677741,1
677752,1
677762,1
677767,1
677773,1
677776,1
677808,1
677818,1
677843,1
677845,1
677860,1
677863,2
677867,1
677870,1
677881,1
677890,1
677899,1
677901,1
677904,1
677920,1
677922,1
677925,1
677935,1
677954,1
677969,1
677977,1
677995,1
678004,1
678014,1
678017,1
678048,1
678072,1
678089,1
678095,1
678108,1
678110,1
678116,1
678123,1
678126,1
678129,1
678132,1
678145,1
678169,1
678172,1
678175,1
678182,1
678191,1
678193,1
678195,1
678200,1
678206,1
678210,1
678213,1
678226,1
678236,1
678241,1
678251,1
678258,1
678270,1
678274,1
678280,1
678283,1
678287,1
678300,1
678316,1
678320,1
678327,1
678330,1
678333,1
678336,1
678339,1
678341,1
678345,1
678348,1
678354,1
678361,1
678364,1
678372,1
678374,1
678376,1
678379,1
678381,1
678392,1
678396,1
678420,1
678425,1
678437,1
678448,1
678468,1
678476,1
678489,1
678497,1
678500,1
678503,1
678507,1
678511,1
678515,1
678523,1
678526,1
678529,1
678534,1
678541,1
678547,1
678554,1
678563,1
678567,1
678582,1
678586,1
678589,1
678609,1
678615,1
678617,1
678637,1
678641,1
678653,1
678656,1
678660,1
678665,1
678668,1
678673,1
678687,1
678692,1
678703,1
678717,1
678722,1
678738,1
678746,1
678751,1
678757,1
678763,1
678771,1
678779,1
678781,1
678786,1
678788,1
678792,1
678797,1
678800,1
678805,1
678811,1
678817,1
678823,1
678825,1
678830,1
678833,1
678835,1
678837,1
678847,1
678849,1
678852,1
678864,1
678866,1
678870,1
678877,1
678887,1
678890,1
678897,1
678904,1
678907,1
678910,1
678914,1
678924,1
678927,1
678935,1
678940,1
678953,1
678962,1
678977,1
678982,1
678985,1
678991,1
679007,1
679025,1
679034,1
679042,2
679044,1
679049,1
679060,1
679065,1
679077,1
679083,1
679087,1
679102,1
679108,1
679110,1
679112,1
679137,1
679139,1
679143,1
679149,1
679156,1
679161,1
679164,1
679168,1
679170,1
679177,1
679192,1
679209,1
679211,1
679223,1
679229,1
679248,1
679255,1
679260,1
679264,1
679269,1
679276,1
679285,1
679295,1
679297,1
679302,1
679304,1
679310,1
679315,1
679323,1
679325,1
679327,1
679329,1
679331,1
679335,1
679344,1
679346,1
679352,1
679366,1
679375,1
679381,1
679389,1
679396,1
679401,1
679409,2
679413,1
679428,1
679433,1
679438,1
679450,1
679453,1
679456,1
679459,1
679470,1
679485,1
679490,1
679497,1
679499,1
679507,1
679509,1
679518,1
679524,1
679541,1
679545,1
679553,1
679555,1
679569,1
679573,1
679576,1
679580,1
679588,1
679592,1
679606,1
679616,1
679621,1
679629,1
679634,1
679648,1
679667,1
679679,1
679686,1
679693,1
679701,1
679712,1
679722,1
679729,1
679741,1
679743,1
679751,1
679753,1
679758,1
679760,1
679767,1
679774,1
679776,1
679785,1
679787,1
679794,1
679799,1
679801,1
679803,1
679805,1
679810,1
679815,1
679819,1
679821,1
679833,1
679840,1
679844,1
679852,1
679854,1
679859,1
679877,1
679880,1
679885,1
679888,1
679891,1
679893,1
679895,1
679898,1
679904,1
679906,1
679908,1
679913,1
679917,1
679921,1
679933,1
679940,1
679944,1
679952,1
679954,1
679961,1
679968,1
679972,1
679974,1
679982,1
679986,1
679989,1
679991,1
679994,1
680000,1
680005,1
680009,1
680033,1
680040,1
680050,2
680054,1
680059,1
680066,1
680068,1
680074,1
680077,1
680102,1
680111,1
680119,1
680121,1
680124,1
680129,1
680132,1
680140,1
680143,1
680149,1
680152,1
680160,1
680168,1
680170,1
680178,1
680180,1
680182,1
680187,1
680189,1
680199,1
680201,1
680212,1
680214,1
680225,1
680230,1
680254,1
680259,1
680263,1
680275,1
680312,1
680320,1
680325,1
680327,1
680331,1
680334,1
680346,1
680348,1
680356,1
680362,1
680380,1
680384,1
680387,1
680390,1
680396,1
680401,1
680407,1
680411,1
680416,1
680422,1
680426,1
680436,1
680441,1
680444,1
680457,1
680466,1
680473,1
680477,1
680486,1
680492,1
680496,1
680501,1
680503,1
680507,1
680509,1
680512,1
680514,1
680516,1
680522,1
680524,1
680526,1
680539,1
680545,1
680548,1
680556,1
680559,1
680563,1
680568,1
680575,1
680582,1
680590,1
680596,1
680599,1
680605,1
680607,1
680619,1
680633,1
680639,1
680643,1
680649,1
680657,1
680674,1
680676,1
680679,1
680691,1
680694,1
680699,1
680704,1
680721,1
680729,1
680732,1
680739,1
680745,1
680747,1
680752,2
680759,1
680763,1
680765,1
680768,1
680770,1
680778,1
680780,1
680784,1
680789,1
680796,1
680801,1
680803,1
680805,1
680830,1
680852,1
680855,1
680859,1
680862,1
680870,1
680874,1
680877,1
680884,1
680895,1
680898,1
680903,1
680911,1
680920,1
680923,1
680928,1
680935,1
680951,1
680958,1
680965,1
680979,1
680981,1
681005,1
681016,1
681022,1
681024,1
681030,1
681036,1
681042,1
681050,1
681054,1
681065,1
681067,1
681080,1
681082,1
681111,1
681117,1
681122,1
681124,1
681128,1
681132,1
681140,1
681146,1
681163,1
681166,1
681175,1
681177,1
681180,1
681182,1
681189,1
681195,1
681198,1
681203,1
681213,1
681219,1
681223,1
681232,1
681239,1
681244,1
681253,1
681261,1
681263,1
681269,1
681272,1
681276,1
681278,1
681283,1
681285,1
681296,1
681298,1
681309,1
681313,1
681319,1
681328,1
681330,1
681335,1
681341,1
681348,1
681355,1
681358,1
681364,1
681377,1
681385,1
681395,1
681410,1
681412,1
681423,1
681428,1
681437,1
681441,1
681444,1
681458,1
681462,1
681468,1
681475,1
681480,1
681490,1
681492,1
681497,1
681500,1
681506,1
681510,1
681525,1
681564,1
681573,1
681579,1
681583,1
681587,1
681594,1
681599,2
681602,1
681613,1
681615,1
681625,1
681630,1
681632,1
681668,1
681680,1
681695,1
681699,1
681706,1
681710,1
681725,1
681736,1
681744,1
681746,1
681749,1
681755,1
681759,1
681765,1
681772,1
681775,1
681795,1
681801,1
681803,1
681805,1
681812,1
681815,1
681833,1
681837,1
681850,1
681852,1
681859,1
681877,1
681887,1
681896,1
681898,1
681903,1
681920,1
681929,1
681939,1
681954,2
681966,1
681975,1
681985,1
681988,1
682001,1
682004,2
682007,1
682017,1
682032,1
682040,1
682042,1
682047,1
682050,1
682062,1
682068,1
682079,1
682086,1
682088,1
682096,1
682100,1
682111,1
682117,1
682125,1
682134,1
682137,1
682144,1
682147,1
682154,1
682156,1
682163,1
682166,1
682171,1
682173,1
682175,1
682183,1
682187,1
682189,1
682202,1
682205,1
682210,1
682215,1
682218,1
682223,1
682232,1
682234,1
682239,1
682241,1
682250,1
682253,1
682277,1
682295,1
682307,1
682314,1
682319,1
682323,1
682327,1
682336,1
682343,1
682345,1
682351,1
682355,1
682358,1
682362,1
682365,1
682368,1
682374,1
682397,1
682409,1
682423,1
682429,1
682435,1
682441,1
682451,1
682458,1
682474,1
682482,1
682486,1
682502,1
682505,1
682510,1
682515,1
682525,1
682528,1
682545,1
682561,1
682569,1
682574,1
682580,1
682583,1
682587,1
682592,1
682610,1
682615,1
682620,1
682631,1
682647,1
682655,1
682660,1
682672,1
682684,1
682686,1
682689,1
682699,1
682702,1
682713,1
682717,1
682719,1
682721,1
682723,1
682749,1
682751,1
682770,1
682782,1
682798,1
682801,1
682814,1
682819,1
682829,1
682834,1
682836,1
682848,1
682853,1
682863,1
682866,1
682868,1
682872,1
682876,1
682881,1
682900,1
682903,1
682905,1
682933,1
682942,1
682947,1
682952,1
682955,1
682961,1
682964,1
682969,1
682972,1
682974,1
682976,1
682980,1
682983,1
682985,1
682988,1
682990,1
683000,1
683004,1
683006,1
683008,1
683012,1
683018,1
683029,1
683042,1
683044,1
683050,1
683055,1
683060,1
683064,1
683066,1
683076,1
683080,1
683082,1
683088,1
683090,1
683101,1
683104,1
683106,1
683108,1
683116,1
683118,1
683123,1
683133,1
683140,1
683147,1
683151,1
683154,1
683157,1
683159,1
683162,1
683165,1
683168,1
683175,1
683177,1
683180,1
683185,1
683189,1
683192,1
683194,1
683199,1
683202,1
683208,1
683212,1
683221,1
683229,1
683232,1
683245,1
683248,1
683255,1
683258,1
683263,1
683267,1
683276,1
683286,1
683289,1
683295,1
683298,1
683302,1
683306,1
683313,1
683315,1
683320,1
683326,1
683342,1
683345,1
683359,1
683363,1
683373,1
683382,1
683390,1
683392,1
683404,1
683424,1
683437,1
683439,1
683445,1
683448,1
683452,1
683473,1
683481,1
683486,1
683497,1
683501,1
683518,1
683531,1
683552,1
683558,1
683570,1
683576,1
683579,1
683590,1
683592,1
683599,1
683609,1
683612,1
683615,1
683617,1
683621,1
683642,1
683649,1
683653,1
683666,1
683669,1
683675,1
683683,1
683685,1
683692,1
683694,1
683699,1
683704,1
683708,1
683723,1
683725,1
683732,1
683742,1
683750,1
683760,1
683772,1
683780,1
683786,1
683814,1
683817,1
683821,1
683831,1
683833,1
683837,1
683839,1
683842,2
683845,1
683851,1
683856,1
683861,1
683864,1
683866,1
683868,1
683876,1
683883,1
683889,1
683894,1
683911,2
683920,1
683924,1
683927,1
683933,1
683935,1
683943,1
683947,1
683952,1
683954,1
683957,1
683970,1
683991,1
684006,1
684009,1
684016,1
684019,1
684030,1
684032,1
684036,1
684045,1
684047,1
684061,1
684065,1
684085,1
684101,1
684103,1
684119,1
684121,1
684138,1
684142,1
684147,1
684149,1
684155,1
684160,1
684168,1
684177,1
684182,1
684184,1
684186,1
684195,1
684201,1
684203,1
684215,1
684218,1
684221,1
684237,1
684246,2
684252,1
684257,1
684273,2
684277,1
684281,1
684283,1
684289,1
684299,1
684301,1
684312,1
684314,1
684321,1
684331,1
684345,1
684349,1
684354,1
684363,1
684369,1
684374,1
684387,1
684395,1
684404,1
684410,1
684414,1
684416,1
684425,1
684430,1
684433,1
684444,1
684458,1
684489,1
684507,1
684509,1
684519,1
684536,1
684544,1
684547,1
684560,1
684563,1
684568,1
684580,1
684583,1
684585,1
684587,1
684589,1
684599,1
684602,1
684616,1
684629,1
684632,1
684641,1
684653,1
684656,1
684666,1
684673,1
684676,1
684681,1
684694,1
684696,1
684703,1
684711,1
684721,1
684726,1
684736,1
684738,1
684742,1
684749,1
684767,1
684771,1
684774,1
684784,1
684787,1
684791,1
684796,1
684804,1
684814,1
684827,1
684832,1
684836,1
684858,1
684861,1
684867,1
684869,1
684879,1
684885,1
684887,1
684898,1
684914,1
684916,1
684927,1
684929,1
684933,1
684937,1
684941,1
684948,1
684955,1
684972,1
684982,1
685012,1
685017,1
685026,1
685030,1
685033,1
685036,1
685041,2
685053,1
685058,1
685089,1
685093,1
685099,1
685102,1
685110,1
685118,1
685124,1
685126,1
685135,1
685137,1
685139,1
685141,1
685143,1
685157,1
685167,1
685170,1
685176,1
685185,1
685195,1
685211,1
685238,1
685250,1
685255,1
685262,1
685271,1
685278,1
685288,1
685300,1
685302,1
685306,1
685309,1
685319,1
685326,1
685353,1
685357,1
685361,1
685373,1
685375,1
685389,1
685393,1
685446,1
685451,1
685455,1
685469,1
685486,1
685489,1
685494,1
685498,2
685500,1
685503,1
685507,1
685512,1
685523,1
685528,1
685535,1
685537,1
685544,1
685554,1
685556,1
685569,1
685585,1
685591,1
685601,1
685604,1
685608,1
685612,1
685621,1
685626,1
685628,1
685642,1
685655,1
685662,1
685678,1
685697,1
685705,1
685714,1
685721,1
685726,1
685735,1
685741,1
685743,1
685747,1
685751,1
685759,1
685767,1
685773,1
685779,1
685784,1
685790,1
685796,1
685801,1
685812,1
685815,1
685825,1
685829,1
685831,1
685835,1
685837,1
685839,1
685843,1
685849,1
685867,1
685871,1
685874,1
685878,1
685892,1
685895,1
685909,1
685914,1
685917,1
685929,1
685932,1
685944,1
685950,1
685954,1
685961,1
685968,1
685977,1
685985,1
685987,1
685989,1
685992,1
685997,1
686004,1
686013,1
686022,1
686024,1
686029,1
686031,1
686041,1
686044,1
686053,1
686055,1
686058,1
686061,1
686073,1
686081,1
686091,1
686099,2
686118,1
686121,1
686123,1
686125,1
686138,1
686146,1
686155,1
686158,1
686170,1
686172,1
686176,1
686180,1
686183,1
686200,1
686210,1
686216,1
686219,1
686224,1
686231,1
686239,2
686251,1
686255,1
686258,1
686268,1
686270,1
686272,1
686277,1
686279,1
686291,1
686297,1
686311,1
686328,1
686331,1
686336,1
686343,1
686346,1
686349,1
686353,1
686363,1
686368,1
686370,1
686379,1
686383,2
686386,1
686394,1
686401,1
686409,1
686412,1
686432,1
686440,1
686458,1
686465,1
686468,1
686480,1
686482,1
686494,1
686498,1
686503,1
686516,1
686525,1
686538,1
686540,1
686549,1
686551,1
686555,1
686559,1
686575,1
686583,1
686586,1
686589,1
686594,1
686596,1
686603,1
686608,1
686615,1
686627,1
686645,1
686665,1
686671,1
686680,1
686686,1
686702,1
686723,1
686726,1
686732,1
686741,1
686746,1
686751,1
686760,1
686767,1
686771,1
686778,1
686781,1
686783,1
686785,1
686787,1
686792,1
686794,1
686799,1
686801,1
686804,1
686815,1
686820,1
686843,1
686855,1
686861,1
686863,1
686869,1
686874,1
686877,1
686880,1
686883,1
686885,1
686895,1
686897,1
686912,1
686915,1
686918,1
686920,1
686929,1
686944,1
686949,1
686951,1
686962,1
686969,1
686979,1
686987,1
686994,1
686998,1
687009,1
687013,1
687017,1
687019,1
687022,1
687029,1
687033,1
687035,1
687048,1
687051,1
687074,1
687081,1
687085,1
687089,1
687096,1
687104,1
687113,1
687131,1
687133,1
687142,1
687146,1
687150,1
687153,1
687158,1
687169,1
687177,1
687180,1
687186,1
687189,1
687197,1
687202,1
687212,1
687215,1
687219,1
687224,1
687236,1
687243,1
687247,1
687256,1
687260,1
687263,1
687266,1
687272,1
687275,1
687281,1
687293,1
687299,1
687304,1
687308,1
687314,1
687316,1
687332,1
687348,1
687350,1
687355,1
687360,1
687363,1
687366,1
687370,1
687376,1
687382,1
687389,1
687396,1
687399,1
687409,1
687417,1
687431,1
687436,1
687445,1
687451,1
687453,1
687455,1
687458,1
687466,1
687468,1
687471,1
687475,1
687478,1
687482,1
687486,1
687490,1
687492,1
687495,1
687501,1
687505,2
687511,1
687516,1
687520,1
687525,1
687532,1
687534,1
687537,1
687541,1
687554,1
687557,1
687560,1
687565,1
687567,1
687577,1
687580,1
687585,1
687588,1
687598,1
687603,1
687620,1
687625,1
687635,1
687637,1
687654,1
687660,1
687664,1
687672,1
687676,1
687681,1
687683,1
687696,1
687698,1
687707,1
687717,1
687721,1
687733,1
687748,1
687767,1
687784,1
687793,1
687800,1
687815,1
687822,1
687825,1
687830,1
687836,1
687843,1
687847,1
687850,1
687852,1
687857,1
687864,1
687866,1
687870,1
687876,1
687881,1
687885,1
687889,1
687892,1
687907,1
687913,1
687917,1
687920,1
687923,1
687925,1
687928,1
687932,1
687934,1
687941,1
687948,1
687953,1
687957,1
687960,1
687962,1
687966,1
687969,1
687971,1
687980,1
687983,1
687985,1
687994,1
688006,1
688012,1
688014,1
688016,1
688020,1
688027,1
688035,1
688049,1
688051,1
688057,1
688063,1
688069,1
688071,1
688076,1
688099,1
688112,1
688116,1
688120,2
688124,1
688130,1
688137,1
688148,1
688165,1
688167,1
688169,1
688175,1
688179,1
688202,1
688205,1
688213,1
688226,1
688234,1
688237,1
688246,1
688251,1
688258,1
688262,1
688269,1
688273,1
688282,1
688292,1
688300,1
688308,1
688319,1
688321,1
688326,1
688331,2
688337,1
688345,1
688348,1
688360,1
688364,1
688366,1
688375,1
688416,1
688422,1
688433,1
688439,1
688449,1
688452,1
688463,1
688470,1
688475,1
688477,1
688480,1
688482,1
688486,2
688506,1
688509,1
688511,1
688515,1
688522,1
688531,1
688541,1
688546,1
688554,1
688556,1
688562,1
688565,1
688568,1
688572,1
688586,1
688595,1
688616,1
688622,1
688629,1
688632,1
688643,1
688649,1
688652,1
688663,1
688669,1
688679,1
688683,1
688698,1
688700,1
688704,1
688707,1
688734,1
688739,1
688744,1
688755,1
688761,1
688766,1
688771,1
688777,2
688784,1
688800,1
688804,1
688813,1
688820,1
688824,1
688831,1
688834,1
688836,1
688843,1
688852,1
688860,1
688866,1
688870,1
688875,1
688879,1
688889,1
688891,1
688897,1
688914,1
688925,1
688932,1
688934,1
688938,1
688951,1
688955,1
688965,1
688970,1
688972,1
688976,1
688983,1
688986,1
688989,1
688997,1
689003,1
689008,1
689011,1
689016,1
689022,1
689024,1
689028,1
689030,1
689041,1
689057,1
689062,1
689069,1
689079,1
689084,1
689087,1
689120,1
689127,1
689136,1
689158,1
689163,1
689173,1
689193,1
689198,1
689213,1
689218,1
689222,1
689232,1
689242,1
689244,1
689249,1
689252,1
689259,1
689270,1
689273,1
689276,1
689281,1
689291,1
689295,1
689310,1
689318,1
689326,1
689328,1
689341,1
689344,1
689347,1
689357,1
689375,1
689382,1
689385,1
689394,1
689402,1
689406,1
689410,1
689422,1
689429,1
689441,1
689443,1
689451,1
689480,1
689485,1
689490,1
689502,1
689504,1
689507,2
689519,1
689522,1
689524,1
689533,1
689535,1
689537,1
689539,1
689544,1
689547,1
689554,1
689556,1
689560,1
689564,1
689566,1
689573,1
689575,1
689581,1
689592,1
689598,1
689602,1
689610,1
689612,1
689618,1
689620,1
689624,1
689631,1
689633,1
689645,1
689658,1
689665,1
689685,1
689692,1
689697,1
689706,1
689711,1
689723,1
689726,1
689734,1
689737,1
689741,1
689746,1
689755,1
689762,1
689772,1
689782,1
689792,1
689801,1
689819,2
689822,1
689824,1
689828,1
689834,1
689842,1
689848,1
689851,1
689858,1
689865,1
689877,1
689879,1
689889,1
689903,1
689907,1
689909,1
689918,1
689920,1
689923,1
689929,1
689942,1
689952,1
689958,1
689961,1
690010,1
690012,1
690015,1
690021,1
690028,1
690030,1
690032,1
690035,1
690040,1
690047,1
690054,1
690082,1
690085,1
690103,1
690105,1
690114,1
690117,1
690124,1
690130,1
690132,1
690134,1
690139,1
690146,1
690170,1
690173,1
690175,1
690183,1
690187,1
690200,1
690208,1
690218,1
690223,1
690228,1
690239,1
690242,1
690252,1
690257,1
690261,1
690268,1
690280,1
690282,1
690295,1
690303,2
690316,1
690326,1
690334,1
690340,1
690345,1
690352,1
690357,1
690360,1
690363,1
690372,1
690376,1
690380,1
690383,1
690387,1
690397,1
690416,1
690418,1
690428,1
690445,1
690453,1
690455,1
690465,1
690490,1
690494,1
690497,1
690505,1
690507,1
690513,1
690515,1
690524,1
690529,1
690542,1
690546,1
690554,1
690562,1
690566,1
690578,1
690594,1
690599,1
690602,1
690606,1
690611,1
690613,1
690619,1
690621,1
690625,1
690627,1
690631,1
690638,1
690645,1
690654,1
690656,1
690662,1
690665,1
690675,1
690677,1
690682,1
690694,1
690697,1
690702,1
690704,1
690707,1
690713,1
690715,1
690720,1
690722,1
690731,1
690738,1
690740,1
690750,1
690752,1
690757,1
690760,1
690763,1
690769,1
690771,1
690773,1
690779,1
690791,1
690804,1
690811,1
690820,1
690827,1
690829,1
690835,1
690843,1
690863,1
690870,1
690875,1
690888,1
690890,1
690894,1
690902,1
690911,1
690916,1
690926,1
690941,1
690947,1
690952,1
690983,1
690997,1
691003,1
691008,1
691023,1
691027,1
691040,1
691045,1
691055,1
691057,1
691061,1
691064,1
691068,1
691093,1
691100,1
691105,1
691111,1
691115,1
691117,1
691119,1
691124,1
691143,1
691147,1
691167,1
691169,1
691175,1
691179,1
691201,1
691208,1
691212,1
691214,1
691226,1
691230,1
691237,1
691243,1
691247,1
691251,1
691256,1
691272,1
691290,1
691293,1
691302,1
691308,1
691312,1
691316,1
691319,1
691322,1
691328,1
691331,1
691339,1
691342,1
691347,1
691356,1
691361,1
691364,1
691366,1
691368,1
691379,1
691384,1
691395,1
691398,1
691401,1
691416,1
691421,1
691423,1
691428,1
691435,1
691437,1
691445,1
691452,1
691458,1
691463,1
691471,1
691478,1
691480,1
691493,1
691498,1
691507,1
691509,1
691513,1
691515,1
691522,2
691524,1
691533,1
691549,1
691554,1
691559,1
691567,1
691574,1
691584,1
691589,1
691606,1
691610,1
691624,1
691642,1
691650,1
691660,1
691662,1
691664,1
691667,1
691669,1
691673,1
691684,1
691694,1
691701,1
691704,1
691728,1
691731,1
691739,1
691741,1
691747,1
691756,1
691763,1
691778,1
691781,1
691796,1
691805,1
691809,1
691820,1
691822,1
691831,1
691834,1
691836,1
691852,1
691858,1
691862,1
691865,1
691869,1
691874,1
691880,1
691887,1
691891,1
691895,1
691910,1
691916,1
691921,1
691930,1
691932,1
691937,1
691947,1
691949,1
691958,1
691962,1
691965,1
691969,1
691973,1
691975,1
691980,1
691988,1
692017,1
692024,2
692050,1
692055,1
692062,1
692065,1
692067,1
692069,1
692071,1
692076,1
692083,1
692088,1
692090,1
692093,1
692095,1
692102,1
692110,1
692126,1
692128,1
692131,1
692139,1
692152,1
692156,1
692166,1
692179,1
692183,1
692187,1
692196,1
692200,1
692205,2
692208,1
692212,1
692217,1
692250,1
692252,1
692257,1
692263,1
692271,1
692279,1
692291,1
692293,1
692296,1
692309,1
692333,1
692347,2
692356,1
692366,1
692373,1
692377,1
692385,1
692421,1
692440,1
692445,1
692449,1
692454,1
692462,1
692479,1
692487,1
692496,1
692499,1
692504,1
692506,1
692511,1
692520,1
692534,1
692541,1
692546,1
692555,1
692563,1
692573,1
692576,1
692593,1
692596,1
692598,1
692600,1
692603,1
692607,1
692616,1
692635,1
692651,1
692656,1
692661,1
692670,1
692674,1
692685,1
692690,1
692698,1
692705,1
692713,1
692715,1
692719,1
692726,1
692732,1
692739,1
692743,1
692748,1
692758,1
692764,1
692770,1
692784,1
692786,1
692790,1
692798,1
692805,1
692809,1
692811,1
692814,1
692820,1
692828,1
692833,1
692843,1
692846,1
692852,1
692858,1
692861,1
692884,1
692888,1
692898,1
692900,1
692905,1
692911,1
692916,1
692921,1
692923,1
692926,1
692931,1
692945,1
692947,1
692950,1
692957,1
692963,1
692968,1
692975,1
692984,1
692989,1
692993,1
693003,1
693016,1
693019,1
693025,1
693028,1
693035,1
693037,1
693039,1
693041,1
693058,1
693062,1
693065,1
693080,2
693088,1
693091,1
693095,1
693097,1
693099,1
693104,1
693111,1
693116,1
693125,1
693149,1
693154,1
693168,1
693171,1
693174,1
693178,1
693185,1
693187,1
693190,1
693196,1
693205,1
693207,1
693222,1
693224,1
693240,1
693247,1
693258,1
693263,1
693270,1
693276,1
693278,1
693281,1
693283,1
693305,1
693311,1
693316,1
693321,1
693334,1
693342,1
693349,1
693351,1
693362,1
693366,1
693373,1
693376,1
693382,2
693387,1
693394,1
693412,1
693417,1
693425,1
693427,1
693433,1
693436,1
693438,1
693443,1
693451,1
693459,1
693463,1
693470,1
693472,1
693479,1
693483,1
693501,1
693506,1
693529,1
693539,1
693544,1
693546,1
693555,1
693564,1
693571,2
693573,1
693576,1
693586,1
693588,1
693596,1
693601,1
693604,1
693606,1
693638,1
693645,1
693650,1
693658,1
693662,1
693665,1
693677,1
693679,1
693681,1
693683,1
693690,1
693695,1
693699,1
693707,1
693716,1
693731,1
693734,1
693740,1
693746,1
693758,1
693788,1
693792,1
693798,1
693803,1
693810,1
693813,1
693824,1
693832,1
693834,1
693842,1
693847,1
693850,1
693859,1
693869,2
693874,1
693888,1
693893,1
693906,1
693908,1
693923,1
693931,1
693940,1
693942,1
693944,1
693946,1
693949,1
693953,1
693957,1
693960,1
693964,1
693971,1
693973,1
693979,1
693981,1
693990,1
694003,1
694010,1
694016,1
694018,1
694025,1
694028,1
694039,1
694044,1
694056,1
694058,1
694065,1
694069,1
694079,1
694094,1
694102,1
694130,1
694150,1
694152,1
694157,1
694159,1
694164,1
694185,1
694193,1
694204,1
694210,1
694212,1
694214,1
694216,1
694222,1
694230,1
694263,1
694271,1
694285,1
694288,1
694290,1
694295,1
694305,1
694307,1
694324,1
694328,1
694333,1
694343,1
694345,1
694350,1
694357,1
694362,1
694368,1
694376,1
694383,1
694387,1
694394,1
694399,1
694407,1
694416,1
694430,1
694434,1
694436,1
694438,1
694448,1
694463,1
694467,1
694476,1
694484,1
694511,1
694521,1
694531,1
694538,1
694542,1
694551,1
694557,1
694561,1
694568,1
694571,1
694589,1
694594,1
694612,1
694629,1
694634,1
694638,1
694646,1
694651,1
694664,1
694667,1
694670,1
694676,1
694685,1
694688,1
694690,1
694695,1
694701,1
694705,1
694709,1
694722,1
694724,1
694727,1
694731,1
694738,1
694741,1
694745,1
694750,1
694754,1
694761,1
694765,1
694774,1
694781,1
694783,1
694791,1
694797,1
694802,1
694812,1
694815,1
694824,1
694827,1
694830,1
694836,1
694843,1
694853,2
694857,1
694860,1
694882,1
694894,1
694908,1
694928,1
694931,1
694949,1
694968,1
694975,1
694980,1
694982,1
694989,1
694999,1
695006,1
695008,1
695013,1
695025,1
695030,1
695035,1
695046,1
695048,1
695056,1
695062,1
695073,1
695076,1
695091,1
695093,1
695101,1
695105,1
695108,1
695114,1
695122,1
695128,1
695133,1
695140,1
695149,1
695156,1
695159,1
695161,1
695169,1
695179,1
695181,1
695186,1
695194,1
695197,1
695217,1
695220,1
695226,1
695235,1
695245,1
695252,1
695254,1
695264,1
695273,1
695277,1
695281,1
695293,1
695301,1
695319,1
695329,1
695334,1
695338,1
695349,1
695355,1
695369,1
695377,1
695394,1
695404,1
695416,1
695422,1
695436,1
695445,1
695464,1
695467,1
695476,1
695480,1
695483,1
695519,1
695531,1
695535,1
695541,1
695546,1
695552,1
695563,1
695566,1
695576,1
695579,1
695583,1
695587,1
695591,1
695606,1
695614,1
695623,1
695637,1
695640,1
695652,1
695654,1
695659,1
695671,1
695677,1
695687,1
695689,1
695702,1
695711,1
695727,1
695733,1
695747,1
695751,1
695785,1
695800,1
695807,1
695823,1
695828,1
695842,1
695846,1
695850,1
695861,1
695878,1
695887,1
695890,1
695893,1
695909,1
695919,1
695925,1
695934,1
695947,1
695949,1
695960,1
695981,1
695996,1
696005,1
696014,1
696016,1
696033,1
696050,1
696063,1
696068,1
696093,1
696107,1
696110,1
696114,1
696120,1
696122,1
696124,1
696127,1
696131,1
696133,1
696135,1
696140,1
696142,1
696151,1
696164,1
696172,1
696178,1
696194,1
696211,1
696224,1
696233,1
696235,1
696242,1
696247,1
696253,1
696258,1
696267,1
696270,1
696272,1
696276,1
696280,1
696284,1
696308,1
696313,1
696317,1
696333,1
696354,1
696362,1
696365,1
696384,1
696413,1
696415,1
696429,1
696435,1
696449,1
696452,1
696464,1
696467,1
696470,1
696480,1
696483,1
696489,1
696493,1
696506,1
696523,1
696532,1
696537,1
696543,1
696547,1
696575,1
696585,1
696602,1
696605,1
696611,1
696622,1
696632,1
696638,1
696640,1
696643,1
696650,1
696659,1
696665,1
696671,1
696677,1
696682,1
696695,1
696700,1
696709,1
696713,1
696720,1
696735,1
696737,1
696751,1
696756,1
696758,1
696769,1
696771,1
696776,1
696788,1
696792,1
696794,1
696796,1
696800,1
696808,1
696827,1
696832,1
696843,1
696851,1
696868,1
696876,1
696881,1
696886,1
696890,1
696902,1
696907,1
696941,1
696947,1
696956,1
696960,1
696963,1
696965,1
696975,1
696980,1
696983,1
696986,1
696991,1
696996,1
697000,1
697002,1
697007,1
697013,1
697020,1
697030,1
697033,1
697041,1
697074,1
697076,1
697086,1
697094,1
697102,1
697106,1
697111,1
697115,1
697118,1
697130,1
697132,1
697135,1
697151,1
697164,1
697171,1
697173,1
697186,1
697195,1
697201,1
697205,1
697207,1
697214,1
697216,1
697223,1
697226,1
697231,1
697234,1
697247,1
697249,1
697259,1
697268,2
697270,1
697298,1
697300,1
697303,1
697319,1
697328,1
697334,1
697338,1
697344,1
697358,1
697360,1
697373,1
697378,1
697387,1
697394,1
697396,1
697400,1
697404,1
697406,1
697414,1
697434,1
697437,1
697440,1
697443,1
697472,1
697474,1
697477,2
697490,1
697511,1
697514,1
697525,1
697531,1
697533,1
697543,1
697550,1
697553,1
697558,1
697566,1
697570,1
697572,1
697576,1
697581,1
697588,1
697590,1
697595,1
697601,1
697607,1
697609,1
697621,1
697625,1
697642,1
697645,1
697657,1
697662,1
697664,1
697666,1
697670,1
697695,1
697708,1
697711,1
697721,1
697724,1
697726,1
697731,1
697733,1
697741,1
697745,1
697752,1
697756,1
697767,1
697771,1
697775,1
697781,2
697784,1
697786,1
697788,1
697792,1
697799,1
697815,1
697819,1
697828,1
697833,1
697846,1
697869,1
697871,1
697873,1
697875,1
697878,1
697889,1
697893,1
697896,1
697900,1
697924,1
697931,1
697934,1
697936,1
697949,1
697961,1
697975,1
697980,1
697984,1
697990,1
697993,1
698023,1
698026,1
698028,1
698042,1
698049,1
698060,1
698063,1
698065,1
698073,1
698075,1
698078,1
698082,1
698086,1
698088,1
698098,1
698107,1
698116,1
698118,1
698120,1
698123,1
698126,1
698136,1
698141,1
698143,1
698148,1
698153,1
698157,1
698161,2
698165,1
698168,1
698177,1
698180,1
698194,1
698196,1
698217,1
698232,1
698248,1
698252,1
698257,1
698285,1
698289,1
698311,1
698328,1
698330,1
698333,1
698337,1
698340,1
698350,1
698353,1
698357,1
698365,1
698370,1
698379,1
698382,1
698387,1
698395,1
698397,1
698405,1
698409,1
698423,1
698428,1
698442,1
698445,1
698461,1
698465,1
698471,1
698476,1
698479,1
698483,1
698486,1
698495,1
698501,2
698503,1
698505,1
698515,1
698519,1
698524,1
698538,1
698541,1
698555,1
698558,1
698564,1
698573,1
698576,1
698579,1
698596,1
698600,1
698606,1
698608,1
698612,1
698616,1
698618,1
698620,1
698622,1
698627,1
698636,1
698643,1
698650,1
698659,1
698669,1
698679,1
698686,1
698689,1
698695,1
698706,1
698708,1
698725,1
698728,1
698732,1
698744,1
698752,1
698756,1
698762,1
698764,1
698767,1
698769,1
698773,1
698783,1
698786,1
698794,1
698810,1
698816,1
698821,1
698824,1
698827,1
698840,1
698843,1
698857,1
698859,1
698861,1
698877,1
698880,1
698882,1
698884,1
698896,1
698898,1
698900,1
698907,1
698914,1
698922,1
698935,1
698955,1
698960,1
698971,1
698976,1
698980,1
698996,1
699006,1
699008,1
699012,1
699015,1
699017,1
699019,1
699033,1
699048,1
699055,1
699066,1
699069,1
699071,1
699073,1
699075,1
699080,1
699088,1
699095,1
699102,1
699106,1
699109,1
699111,1
699127,1
699131,1
699145,1
699148,1
699162,1
699165,1
699170,1
699174,1
699183,1
699185,1
699187,1
699192,1
699197,1
699202,1
699206,1
699215,1
699220,1
699225,1
699228,1
699240,1
699255,1
699257,1
699263,1
699265,1
699276,1
699280,1
699298,1
699315,1
699318,1
699321,1
699334,1
699337,1
699350,1
699356,1
699392,1
699395,1
699404,1
699412,1
699415,1
699431,1
699435,1
699448,1
699450,1
699452,1
699460,1
699468,1
699472,1
699475,1
699479,1
699486,1
699495,1
699506,1
699509,1
699511,1
699523,1
699526,1
699528,1
699530,1
699544,1
699559,1
699567,1
699569,1
699582,1
699584,1
699599,1
699609,1
699621,1
699623,1
699627,1
699629,1
699639,1
699642,1
699645,1
699659,1
699661,1
699663,1
699675,1
699677,1
699679,1
699681,1
699697,1
699722,1
699734,1
699739,1
699741,1
699759,1
699762,1
699772,1
699774,1
699787,1
699805,2
699811,1
699813,1
699815,1
699830,1
699847,1
699851,1
699867,1
699872,1
699884,1
699886,1
699888,1
699899,1
699903,1
699917,1
699922,1
699928,1
699930,1
699934,1
699942,1
699946,1
699950,1
699962,1
699970,1
699979,1
699981,1
699984,1
699991,1
699999,1
800001,1
800005,1
800007,1
800020,1
800037,1
800040,1
800046,1
800056,1
800061,1
800075,1
800077,1
800087,1
800090,1
800092,1
800097,1
800100,1
800103,1
800112,1
800114,1
800117,1
800121,1
800133,1
800135,1
800137,1
800145,1
800153,1
800163,1
800167,1
800170,1
800173,1
800176,1
800179,1
800185,1
800187,1
800195,1
800213,1
800227,1
800234,1
800241,1
800244,1
800249,1
800253,1
800268,1
800275,1
800293,1
800298,1
800305,1
800310,1
800320,1
800327,1
800331,1
800340,1
800344,1
800348,1
800365,1
800373,1
800380,1
800382,1
800388,1
800405,1
800416,1
800419,1
800422,1
800435,1
800438,1
800454,1
800457,1
800460,1
800497,1
800512,1
800514,1
800518,1
800522,1
800526,1
800528,1
800533,1
800536,1
800542,1
800551,1
800554,1
800567,1
800582,1
800603,1
800606,1
800610,1
800614,1
800616,1
800622,1
800629,1
800634,1
800636,1
800643,1
800646,1
800649,1
800652,1
800668,1
800682,1
800686,1
800690,1
800699,1
800703,1
800706,1
800710,1
800720,1
800723,1
800726,1
800728,1
800737,1
800743,1
800745,1
800760,1
800762,1
800765,1
800767,1
800796,1
800798,1
800801,1
800804,1
800820,1
800822,1
800834,1
800842,1
800850,1
800856,2
800870,1
800875,1
800877,1
800879,1
800882,1
800886,1
800893,1
800895,1
800897,1
800899,1
800901,1
800906,1
800911,1
800915,2
800920,1
800930,1
800951,2
800958,1
800962,1
800971,1
800987,1
800991,1
800993,1
800998,1
801028,1
801058,1
801061,1
801063,1
801066,1
801070,1
801072,1
801086,1
801088,1
801101,1
801105,1
801112,1
801119,1
801127,1
801136,1
801140,1
801142,1
801146,1
801155,1
801162,1
801165,1
801174,1
801176,1
801178,1
801181,1
801184,1
801198,1
801207,1
801216,1
801222,1
801234,1
801240,1
801247,1
801259,1
801265,1
801275,1
801278,1
801283,1
801292,1
801294,1
801298,1
801310,1
801313,1
801316,1
801330,1
801333,1
801337,1
801346,1
801352,1
801365,1
801368,1
801370,1
801374,1
801378,1
801392,1
801403,1
801406,1
801408,1
801411,1
801414,1
801426,1
801442,1
801445,1
801463,1
801465,1
801468,1
801485,1
801499,1
801503,2
801520,1
801534,1
801538,1
801541,1
801545,1
801558,1
801568,1
801577,1
801589,1
801591,1
801597,1
801601,1
801615,1
801618,1
801631,1
801636,1
801641,1
801652,1
801654,1
801666,1
801668,1
801675,1
801678,1
801689,1
801691,1
801697,1
801710,1
801713,1
801728,1
801730,1
801732,1
801735,1
801766,1
801784,1
801786,1
801795,1
801799,1
801806,1
801809,1
801812,1
801821,1
801825,1
801830,1
801841,1
801843,1
801845,1
801847,1
801855,1
801859,1
801868,1
801872,1
801880,1
801883,1
801889,1
801891,1
801901,1
801903,1
801907,1
801912,1
801920,1
801922,1
801924,1
801928,1
801937,1
801940,1
801942,1
801946,1
801957,1
801959,1
801962,1
801970,1
801975,1
801979,1
801983,1
802001,1
802015,1
802031,1
802034,1
802036,1
802038,1
802051,1
802053,1
802056,1
802060,1
802071,1
802074,1
802079,1
802085,1
802088,1
802094,1
802099,1
802128,1
802148,1
802154,1
802169,1
802172,1
802191,1
802216,1
802241,1
802243,1
802245,1
802249,1
802255,1
802258,1
802264,1
802267,1
802279,1
802281,1
802285,1
802297,1
802304,1
802318,1
802320,1
802324,1
802344,1
802350,1
802358,1
802361,1
802368,1
802375,1
802382,2
802387,1
802393,1
802396,1
802398,1
802402,1
802409,1
802422,1
802433,1
802437,1
802439,1
802456,1
802469,1
802472,1
802483,1
802489,1
802495,1
802507,1
802514,1
802522,1
802529,1
802531,1
802544,1
802547,1
802551,1
802564,1
802569,1
802572,1
802579,1
802583,1
802585,1
802588,1
802590,1
802600,1
802606,1
802621,1
802625,1
802642,2
802648,1
802651,1
802665,1
802674,1
802679,1
802692,1
802703,1
802708,1
802719,1
802721,1
802725,1
802736,1
802740,1
802744,1
802752,1
802756,1
802765,1
802795,1
802807,1
802813,1
802819,1
802831,1
802836,1
802847,1
802852,1
802854,1
802866,1
802869,1
802874,2
802881,1
802888,1
802893,1
802896,1
802922,1
802927,1
802943,1
802945,1
802948,1
802950,1
802970,1
802983,1
802985,1
802998,1
803001,1
803006,1
803019,1
803022,1
803028,1
803052,1
803062,1
803072,1
803080,1
803096,1
803098,1
803103,1
803114,1
803120,1
803126,1
803129,1
803133,1
803136,1
803148,1
803159,1
803166,1
803176,1
803178,1
803180,1
803187,1
803189,1
803195,1
803197,1
803207,1
803213,1
803227,1
803230,1
803233,1
803235,1
803244,1
803251,1
803253,1
803256,1
803268,1
803271,1
803273,1
803279,1
803288,1
803297,1
803307,1
803309,1
803326,1
803332,1
803343,1
803347,1
803357,1
803362,1
803379,1
803381,1
803391,1
803400,1
803404,1
803415,1
803420,1
803427,1
803441,1
803443,1
803459,1
803470,1
803473,1
803477,1
803479,1
803491,1
803498,1
803502,1
803505,1
803513,1
803519,1
803523,1
803533,1
803535,1
803537,1
803541,1
803543,1
803556,2
803563,1
803570,1
803577,1
803587,1
803607,1
803610,1
803613,1
803625,1
803628,1
803631,1
803643,1
803646,1
803656,1
803662,1
803674,1
803684,1
803687,1
803700,1
803704,1
803708,1
803715,1
803723,1
803726,1
803738,1
803743,1
803749,1
803755,1
803761,1
803784,2
803786,1
803795,1
803799,1
803804,1
803816,1
803821,1
803832,1
803837,1
803840,1
803843,1
803848,1
803857,1
803859,1
803863,1
803869,1
803873,1
803877,1
803880,1
803894,1
803897,1
803901,1
803907,1
803917,1
803927,1
803930,1
803939,1
803951,1
803954,1
803956,1
803964,1
803968,1
803972,1
803975,1
803989,1
803996,1
803999,1
804009,1
804012,1
804017,1
804022,1
804029,1
804042,1
804047,1
804049,1
804051,1
804055,1
804061,1
804065,1
804067,1
804071,1
804074,1
804085,1
804087,1
804090,2
804096,1
804101,1
804116,1
804119,1
804147,1
804151,1
804163,1
804181,1
804194,1
804199,1
804210,1
804212,1
804219,1
804221,1
804225,1
804227,1
804234,1
804236,1
804238,1
804243,2
804247,1
804253,1
804255,1
804259,1
804269,1
804277,1
804280,1
804283,1
804292,1
804296,1
804298,1
804310,1
804316,2
804332,1
804339,1
804344,1
804351,1
804353,1
804358,1
804362,1
804369,1
804382,1
804389,1
804404,1
804409,1
804422,1
804426,1
804428,1
804430,1
804435,1
804438,1
804442,1
804447,1
804451,1
804455,1
804462,1
804465,1
804467,1
804476,1
804482,1
804484,1
804487,1
804493,1
804498,1
804505,1
804507,1
804511,1
804514,1
804516,1
804523,1
804527,1
804530,1
804540,1
804543,1
804551,1
804559,1
804561,1
804568,1
804573,1
804577,1
804584,1
804586,1
804590,1
804600,1
804609,1
804613,1
804615,1
804617,1
804636,1
804657,1
804667,1
804674,1
804684,1
804687,1
804692,1
804714,1
804720,1
804728,1
804733,1
804740,1
804746,1
804753,2
804760,1
804770,1
804790,1
804803,1
804821,1
804828,1
804832,1
804840,1
804844,1
804869,1
804889,1
804911,1
804915,1
804919,1
804928,1
804936,1
804944,1
804950,1
804954,1
804958,1
804963,1
804978,1
804994,1
805016,1
805028,1
805033,1
805038,1
805041,1
805047,1
805049,1
805059,1
805063,1
805075,1
805090,1
805092,1
805097,1
805101,1
805111,1
805114,1
805125,1
805127,1
805134,2
805142,1
805156,1
805164,1
805170,1
805175,1
805182,1
805188,1
805190,1
805193,1
805200,1
805206,1
805211,1
805239,1
805243,1
805246,1
805251,1
805255,1
805259,1
805261,1
805263,1
805272,1
805283,1
805297,1
805303,1
805308,1
805321,1
805326,1
805331,1
805334,1
805338,1
805342,1
805345,1
805350,1
805360,1
805363,1
805366,1
805371,1
805374,1
805381,1
805385,1
805387,1
805399,1
805408,1
805411,1
805422,1
805428,1
805436,1
805438,1
805441,1
805445,1
805467,1
805471,1
805473,1
805479,1
805486,1
805489,1
805493,1
805497,1
805509,1
805523,1
805527,1
805536,1
805543,1
805546,1
805549,1
805551,1
805557,1
805561,1
805568,1
805570,1
805575,1
805581,1
805583,1
805586,1
805596,1
805603,1
805606,1
805608,1
805614,1
805622,1
805627,1
805629,1
805644,1
805646,1
805651,1
805656,1
805661,1
805664,1
805675,1
805678,1
805681,1
805687,1
805701,1
805706,1
805716,1
805720,1
805726,1
805731,1
805734,1
805738,1
805741,1
805745,1
805759,1
805771,1
805778,1
805780,1
805788,1
805792,1
805801,1
805815,2
805827,1
805834,1
805839,1
805842,1
805853,1
805868,1
805875,1
805886,1
805889,1
805892,1
805897,1
805907,1
805914,1
805921,1
805927,1
805930,1
805942,1
805945,1
805953,1
805955,1
805957,1
805959,1
805968,1
805970,1
805976,1
805982,1
805989,2
806005,1
806010,1
806028,1
806035,1
806037,1
806046,1
806049,1
806062,1
806064,1
806074,1
806079,1
806087,1
806115,1
806117,1
806126,1
806138,1
806143,1
806145,1
806152,1
806156,1
806158,1
806162,1
806169,1
806175,1
806177,1
806179,1
806187,1
806196,1
806201,1
806219,1
806233,1
806241,1
806252,1
806258,1
806264,1
806272,1
806280,1
806283,1
806290,1
806310,1
806318,1
806322,1
806325,1
806328,1
806333,1
806340,1
806343,1
806349,1
806352,1
806363,1
806368,1
806375,1
806382,1
806388,1
806396,1
806408,2
806418,1
806426,1
806430,1
806439,1
806461,1
806463,1
806475,1
806486,1
806498,1
806515,1
806527,1
806536,1
806538,1
806548,1
806552,1
806554,1
806557,1
806560,1
806564,1
806570,1
806574,1
806576,1
806582,1
806585,1
806594,1
806603,1
806607,1
806609,1
806617,1
806621,1
806626,1
806635,1
806637,1
806651,1
806655,1
806666,1
806670,1
806676,1
806690,1
806694,1
806703,1
806721,1
806728,1
806735,1
806739,1
806743,1
806751,1
806757,1
806782,1
806785,1
806789,1
806791,1
806797,1
806799,1
806804,1
806807,1
806813,1
806817,1
806823,1
806830,1
806851,1
806859,1
806861,1
806872,1
806875,1
806882,1
806885,1
806889,1
806893,1
806896,1
806902,1
806905,1
806919,2
806925,1
806932,1
806939,1
806942,1
806945,1
806957,1
806966,1
806970,1
806972,1
806976,1
806978,1
806993,1
807001,1
807014,1
807023,1
807026,1
807030,1
807034,2
807037,1
807040,1
807050,1
807060,1
807062,1
807078,1
807084,1
807086,1
807094,1
807098,1
807101,1
807105,1
807109,1
807113,1
807119,1
807124,1
807127,1
807129,1
807146,1
807152,1
807157,1
807163,1
807165,1
807176,1
807179,1
807181,1
807188,1
807196,1
807203,1
807205,1
807208,1
807212,1
807220,1
807222,1
807225,1
807227,1
807231,1
807233,1
807237,1
807240,1
807251,1
807255,1
807260,1
807268,1
807274,1
807287,1
807293,1
807297,1
807299,1
807301,1
807303,1
807325,1
807329,1
807331,1
807335,1
807353,1
807372,1
807378,1
807386,1
807388,1
807391,1
807394,1
807408,1
807411,1
807421,1
807424,1
807429,1
807431,1
807436,1
807459,1
807464,1
807469,1
807489,1
807493,1
807500,1
807508,1
807514,1
807516,1
807525,1
807528,1
807535,1
807538,1
807540,1
807549,1
807559,1
807561,1
807565,1
807567,1
807577,2
807579,1
807592,1
807596,1
807598,1
807616,1
807618,1
807635,1
807639,1
807642,2
807646,1
807651,1
807669,1
807677,1
807680,1
807687,1
807693,1
807714,1
807721,1
807727,1
807732,1
807735,1
807738,1
807742,1
807747,1
807754,1
807756,1
807762,1
807780,1
807785,1
807791,1
807793,1
807798,1
807808,1
807813,1
807823,1
807826,1
807830,1
807838,1
807843,1
807846,1
807855,1
807861,1
807863,1
807869,1
807871,1
807876,1
807878,1
807885,1
807896,1
807924,1
807927,1
807943,1
807946,1
807950,1
807953,1
807974,1
807979,1
807982,1
807997,1
808001,1
808012,1
808017,1
808052,1
808063,1
808074,1
808076,1
808079,1
808090,1
808115,1
808120,1
808132,1
808136,1
808145,1
808148,1
808150,1
808160,1
808165,1
808171,1
808173,1
808184,1
808190,1
808193,1
808202,1
808205,1
808211,1
808220,1
808223,1
808228,1
808240,1
808242,1
808260,1
808272,1
808278,1
808281,1
808285,1
808296,1
808299,1
808305,1
808315,1
808326,1
808332,1
808338,1
808341,1
808352,1
808358,1
808371,1
808380,1
808391,1
808400,1
808408,1
808410,1
808416,1
808429,1
808431,1
808438,1
808456,1
808459,1
808474,1
808476,1
808478,1
808480,1
808491,1
808493,1
808495,1
808499,1
808508,1
808510,1
808514,1
808525,1
808543,1
808545,1
808562,1
808571,1
808582,1
808589,1
808600,1
808606,1
808611,1
808614,1
808619,1
808623,1
808629,2
808645,1
808657,1
808663,1
808665,1
808667,1
808679,1
808681,1
808685,1
808704,1
808713,1
808733,1
808751,1
808758,1
808763,2
808771,1
808775,1
808780,1
808786,1
808795,1
808799,1
808809,1
808811,1
808815,1
808820,1
808822,1
808826,1
808829,1
808836,1
808851,1
808855,1
808857,1
808864,1
808871,1
808873,1
808875,1
808877,1
808879,1
808888,1
808892,1
808894,1
808908,1
808921,1
808924,1
808929,1
808932,1
808934,1
808938,1
808942,1
808945,1
808949,1
808951,1
808954,1
808960,1
808964,1
808970,1
808978,1
808983,1
808991,1
808999,1
809020,1
809025,1
809036,1
809038,1
809041,1
809044,1
809047,1
809050,2
809057,1
809066,1
809072,1
809078,1
809085,1
809097,1
809103,1
809108,1
809118,1
809121,1
809124,1
809135,1
809138,1
809141,1
809147,1
809153,1
809189,1
809192,1
809194,1
809205,1
809212,1
809216,1
809227,1
809233,1
809235,1
809256,1
809265,1
809267,1
809274,1
809281,1
809290,1
809294,1
809303,1
809308,1
809312,1
809322,1
809324,1
809329,1
809348,1
809352,1
809359,1
809401,1
809406,1
809416,1
809425,1
809446,2
809453,1
809460,1
809465,1
809476,1
809481,1
809484,1
809495,1
809497,1
809499,1
809514,1
809516,1
809521,1
809531,1
809534,1
809537,1
809540,1
809542,1
809545,1
809554,1
809558,1
809561,1
809569,1
809572,1
809576,1
809580,1
809591,1
809596,1
809604,1
809608,1
809614,1
809616,1
809620,2
809623,1
809634,1
809645,1
809647,1
809655,1
809663,1
809667,1
809680,1
809687,1
809691,1
809693,1
809696,1
809700,1
809710,1
809713,1
809733,1
809746,1
809749,1
809754,1
809756,1
809764,1
809770,1
809780,1
809783,1
809787,1
809804,1
809806,1
809821,1
809824,1
809836,1
809841,1
809847,1
809862,1
809869,1
809871,1
809876,1
809882,1
809884,1
809915,1
809919,1
809927,1
809938,1
809950,1
809952,1
809956,1
809958,1
809960,1
809972,1
809976,1
809979,1
809988,1
809990,1
809995,1
809998,1
810005,1
810011,1
810016,1
810026,1
810043,1
810048,1
810051,1
810054,1
810066,1
810070,1
810084,1
810086,1
810093,1
810106,1
810108,1
810110,1
810117,1
810121,1
810123,1
810127,1
810129,1
810132,1
810148,1
810158,1
810162,1
810165,1
810168,1
810183,1
810191,1
810198,1
810200,1
810206,1
810218,1
810234,1
810241,1
810245,1
810254,1
810261,1
810265,2
810276,1
810281,1
810290,1
810313,1
810318,1
810335,1
810344,1
810353,1
810356,1
810358,1
810372,2
810405,1
810409,1
810414,1
810418,1
810431,1
810445,1
810448,1
810450,1
810454,1
810465,1
810467,1
810471,1
810480,1
810483,1
810485,1
810490,1
810499,1
810503,1
810507,1
810510,1
810525,1
810527,1
810530,1
810532,1
810542,1
810544,1
810546,1
810549,1
810561,1
810566,1
810584,1
810603,1
810613,1
810618,1
810620,1
810625,1
810633,1
810636,1
810641,1
810649,1
810658,1
810663,1
810666,1
810677,1
810683,2
810690,1
810695,1
810712,1
810717,1
810733,1
810737,1
810753,1
810761,1
810766,1
810776,1
810787,1
810803,1
810812,1
810825,1
810863,1
810867,1
810869,1
810872,1
810882,1
810886,1
810889,1
810901,1
810905,1
810909,1
810922,1
810924,1
810929,1
810934,1
810939,1
810941,1
810943,1
810949,1
810954,1
810958,1
810964,1
810966,1
810973,1
810979,1
810984,1
811000,1
811020,1
811036,1
811040,1
811055,1
811057,1
811059,1
811070,1
811092,1
811096,1
811098,1
811100,1
811112,1
811115,1
811118,1
811130,1
811144,1
811148,1
811156,2
811186,1
811192,1
811210,1
811213,1
811215,1
811227,1
811231,1
811261,1
811264,1
811268,1
811287,1
811296,1
811300,1
811315,1
811319,1
811329,2
811337,1
811361,1
811365,1
811380,1
811382,1
811391,1
811400,1
811414,1
811420,1
811423,1
811438,1
811452,1
811467,1
811470,1
811478,1
811480,1
811492,1
811496,1
811506,1
811509,1
811517,1
811520,1
811523,1
811527,1
811532,1
811544,1
811551,1
811553,1
811564,1
811572,1
811583,1
811586,1
811597,1
811604,1
811610,1
811622,2
811630,1
811636,1
811644,1
811647,1
811651,1
811659,1
811662,1
811664,1
811670,1
811684,1
811688,1
811700,1
811707,1
811711,2
811716,1
811722,1
811749,1
811754,1
811760,1
811765,1
811776,1
811780,1
811782,1
811790,1
811793,1
811796,1
811798,1
811802,1
811805,1
811807,1
811810,1
811819,1
811821,1
811832,1
811837,2
811841,1
811854,1
811857,1
811889,1
811896,1
811903,1
811908,1
811910,1
811920,1
811926,1
811929,1
811937,1
811942,1
811944,1
811949,1
811951,1
811955,1
811957,1
811959,1
811981,1
811986,1
811989,1
811992,1
811995,1
811998,1
812005,1
812011,1
812023,1
812027,1
812037,1
812043,1
812047,1
812050,1
812055,1
812060,1
812067,1
812072,1
812081,1
812099,1
812117,1
812125,1
812129,1
812135,1
812143,1
812148,1
812152,1
812154,1
812158,1
812163,1
812179,1
812181,1
812184,1
812198,1
812216,1
812228,1
812232,1
812241,1
812245,1
812255,1
812257,1
812259,1
812262,1
812271,1
812274,1
812277,1
812289,1
812291,1
812293,1
812306,1
812314,1
812316,1
812326,1
812328,1
812337,1
812340,1
812351,1
812361,1
812371,1
812386,1
812392,1
812399,1
812424,1
812447,1
812463,1
812465,1
812496,1
812510,1
812520,1
812542,1
812559,1
812561,1
812563,1
812565,1
812574,1
812579,1
812582,2
812595,1
812597,1
812599,1
812601,1
812606,1
812617,1
812637,1
812641,1
812648,1
812655,1
812658,1
812668,1
812673,1
812675,1
812691,1
812693,1
812699,1
812709,1
812711,1
812715,1
812726,1
812731,1
812748,1
812756,1
812760,1
812770,1
812775,1
812787,1
812791,1
812802,1
812807,1
812813,1
812819,1
812826,1
812828,1
812830,1
812833,1
812841,1
812846,1
812849,2
812855,1
812862,1
812864,1
812868,1
812872,1
812880,1
812882,1
812887,1
812900,1
812908,1
812916,1
812932,1
812936,1
812943,1
812959,1
812976,1
812980,1
812992,1
812996,1
813013,1
813021,1
813026,1
813030,1
813034,1
813056,1
813076,1
813079,1
813081,1
813093,1
813107,1
813110,1
813117,1
813128,1
813131,1
813144,1
813163,1
813181,1
813186,1
813190,1
813192,1
813200,1
813205,1
813208,1
813220,1
813222,1
813224,1
813227,1
813238,1
813254,1
813256,1
813260,1
813265,1
813271,2
813273,1
813280,1
813284,1
813291,1
813296,1
813302,1
813304,1
813306,1
813310,1
813314,1
813322,2
813328,1
813337,1
813357,1
813367,1
813376,1
813381,1
813383,1
813393,1
813397,1
813399,1
813411,1
813414,1
813416,1
813420,1
813433,1
813447,1
813450,1
813452,1
813458,1
813461,1
813468,1
813473,1
813480,1
813488,1
813496,1
813506,1
813512,1
813517,1
813521,1
813523,1
813529,1
813562,1
813566,1
813569,1
813584,1
813594,1
813601,1
813606,1
813608,1
813621,1
813645,1
813647,1
813650,1
813661,1
813664,1
813680,1
813689,1
813692,2
813719,1
813722,1
813725,1
813731,1
813733,1
813738,1
813749,1
813753,1
813760,2
813762,1
813775,1
813778,1
813792,1
813794,1
813796,1
813798,1
813810,1
813815,1
813817,1
813820,1
813823,1
813828,1
813833,1
813835,1
813837,1
813871,1
813875,1
813888,1
813891,1
813894,1
813897,1
813906,1
813910,1
813924,1
813927,1
813953,1
813964,1
813970,1
813986,1
813990,1
814004,1
814015,1
814020,1
814026,1
814028,1
814031,1
814039,1
814051,1
814054,1
814059,1
814064,1
814073,1
814078,1
814082,1
814114,1
814124,1
814138,1
814141,1
814152,1
814157,1
814159,1
814165,1
814171,1
814176,1
814178,1
814184,1
814194,1
814199,1
814212,1
814223,1
814229,1
814234,1
814236,1
814240,1
814251,1
814253,1
814267,1
814269,1
814272,1
814274,1
814289,1
814304,1
814313,1
814347,1
814383,1
814400,1
814410,1
814426,1
814451,1
814455,1
814459,1
814461,1
814463,1
814467,1
814469,1
814479,1
814495,1
814497,1
814501,1
814507,1
814514,1
814516,1
814531,1
814550,1
814564,1
814575,1
814591,1
814609,1
814633,1
814644,1
814650,1
814667,1
814673,1
814681,1
814685,1
814689,1
814692,1
814696,1
814706,1
814710,1
814712,1
814727,2
814731,1
814733,1
814738,1
814744,1
814746,1
814752,1
814754,1
814764,1
814772,1
814778,1
814786,1
814799,1
814804,1
814820,1
814822,1
814839,1
814844,1
814861,1
814877,1
814879,1
814882,1
814892,1
814897,1
814900,1
814903,1
814911,1
814915,1
814918,1
814933,1
814935,1
814937,1
814939,1
814954,1
814956,1
814968,1
814971,1
814975,1
814997,1
815005,1
815010,1
815014,1
815018,1
815034,1
815047,1
815049,1
815062,1
815068,1
815072,1
815106,1
815115,1
815131,1
815140,1
815142,1
815147,1
815164,1
815167,1
815169,1
815178,1
815184,1
815189,1
815196,1
815201,1
815216,1
815220,1
815233,1
815238,1
815242,1
815265,1
815268,1
815279,1
815292,1
815295,1
815310,1
815320,1
815330,1
815334,1
815338,1
815340,1
815343,1
815348,1
815356,1
815371,1
815374,1
815393,1
815414,1
815427,1
815433,1
815466,1
815481,1
815488,1
815491,1
815493,1
815508,1
815517,1
815524,1
815538,1
815543,1
815548,1
815550,1
815560,1
815564,2
815567,1
815584,1
815593,1
815600,1
815612,1
815626,1
815637,1
815641,1
815643,1
815651,1
815660,1
815676,1
815683,1
815690,1
815698,1
815703,1
815714,1
815719,1
815732,1
815744,1
815754,1
815773,1
815786,1
815788,1
815790,1
815793,1
815795,1
815798,1
815810,1
815812,1
815820,1
815823,1
815825,1
815836,1
815840,1
815845,1
815851,2
815863,1
815866,1
815874,1
815886,1
815899,1
815901,1
815905,1
815911,1
815916,1
815922,1
815924,1
815948,1
815959,1
815966,1
815981,1
815999,1
816008,1
816017,1
816037,1
816040,1
816061,1
816064,1
816075,1
816084,1
816091,1
816097,2
816100,1
816110,1
816121,1
816124,1
816134,1
816136,1
816138,1
816148,1
816165,1
816170,1
816176,1
816178,1
816186,1
816195,1
816198,1
816206,1
816210,1
816223,1
816229,1
816246,1
816250,1
816264,1
816266,1
816269,1
816285,1
816291,1
816298,1
816303,1
816309,1
816313,1
816321,1
816323,1
816325,1
816339,1
816346,1
816348,1
816354,1
816360,1
816364,1
816366,1
816368,1
816376,1
816381,1
816383,1
816404,1
816416,1
816421,1
816423,1
816429,1
816438,1
816442,1
816453,1
816457,1
816461,1
816472,1
816475,1
816481,1
816492,1
816494,1
816496,1
816500,1
816503,1
816511,1
816514,1
816516,1
816531,1
816544,1
816551,1
816594,1
816607,1
816611,1
816614,1
816616,1
816631,1
816634,1
816645,1
816651,1
816671,1
816684,1
816687,1
816690,1
816704,1
816717,1
816720,1
816730,1
816740,1
816743,1
816745,1
816747,1
816752,1
816759,1
816761,1
816777,1
816784,1
816812,1
816816,1
816819,1
816823,1
816832,1
816836,1
816838,1
816854,1
816856,1
816859,1
816861,1
816864,1
816866,1
816871,1
816874,1
816882,1
816890,1
816892,1
816905,1
816915,1
816930,1
816932,1
816954,1
816967,1
816970,1
816974,1
816988,1
816990,1
816994,1
817007,1
817028,1
817031,1
817043,1
817060,1
817065,1
817070,1
817078,1
817084,1
817088,1
817097,1
817102,1
817108,1
817118,1
817120,1
817126,1
817139,1
817141,1
817144,1
817155,1
817159,1
817164,1
817193,1
817196,1
817198,1
817200,1
817202,1
817204,1
817212,1
817230,1
817235,1
817240,1
817253,1
817256,2
817261,1
817271,1
817280,1
817286,1
817299,1
817318,1
817328,1
817334,1
817339,1
817348,1
817350,1
817355,1
817366,1
817370,1
817380,1
817384,1
817387,1
817394,1
817405,1
817408,2
817418,1
817421,1
817426,1
817428,1
817432,1
817440,1
817457,1
817461,1
817466,1
817468,1
817478,1
817489,1
817505,1
817520,1
817523,1
817539,1
817543,1
817556,1
817558,1
817560,1
817573,1
817580,1
817582,1
817584,1
817586,1
817598,1
817609,1
817620,2
817623,1
817635,1
817651,1
817653,1
817675,1
817691,1
817702,1
817708,1
817710,1
817712,1
817716,1
817729,1
817744,1
817755,1
817758,1
817760,1
817762,1
817788,1
817792,1
817806,1
817808,1
817821,1
817825,1
817833,1
817838,1
817846,1
817848,1
817850,1
817854,1
817859,1
817862,1
817866,1
817870,1
817878,1
817880,1
817882,1
817888,1
817895,1
817899,1
817914,1
817923,1
817937,1
817941,1
817945,1
817957,1
817961,1
817970,1
817972,1
817977,1
817982,1
817992,1
817995,1
818001,1
818004,1
818007,1
818012,1
818016,1
818020,1
818030,1
818038,1
818044,1
818046,1
818051,1
818056,1
818069,1
818071,1
818084,1
818089,1
818091,1
818093,1
818096,1
818107,1
818111,1
818122,1
818127,1
818129,1
818131,1
818134,1
818146,1
818148,1
818162,1
818165,1
818167,1
818170,1
818172,1
818182,1
818185,1
818198,1
818204,1
818214,1
818220,1
818224,1
818228,1
818260,1
818265,1
818279,1
818281,1
818284,1
818298,1
818303,1
818305,1
818315,1
818318,1
818320,1
818331,1
818336,1
818339,1
818342,1
818350,1
818356,1
818359,1
818374,1
818387,1
818394,1
818399,1
818403,1
818408,1
818415,1
818430,1
818433,2
818436,1
818440,1
818447,1
818452,1
818456,1
818468,1
818470,1
818473,1
818475,1
818489,1
818493,1
818507,1
818511,1
818513,1
818528,1
818531,1
818538,1
818551,1
818563,1
818568,1
818589,1
818592,1
818595,1
818607,2
818618,1
818626,1
818630,1
818656,1
818660,1
818663,1
818670,1
818674,1
818681,1
818684,1
818694,1
818697,1
818703,1
818714,1
818718,1
818727,1
818735,1
818755,1
818759,1
818791,1
818796,1
818807,1
818810,1
818814,1
818817,1
818821,1
818828,1
818831,1
818835,1
818837,1
818844,1
818851,1
818853,1
818855,1
818867,1
818889,1
818902,1
818907,1
818924,1
818926,1
818930,1
818942,1
818944,1
818949,1
818960,1
818968,1
819000,1
819003,1
819006,1
819012,1
819015,1
819023,1
819037,1
819039,1
819042,1
819045,1
819057,1
819060,1
819072,1
819075,1
819078,1
819083,1
819097,1
819117,1
819135,1
819138,1
819150,1
819154,1
819157,1
819159,1
819173,1
819176,1
819178,1
819185,1
819210,1
819214,1
819224,1
819234,1
819247,1
819252,1
819268,1
819271,1
819280,1
819287,1
819305,1
819309,1
819327,1
819330,2
819347,1
819349,1
819362,1
819364,1
819367,1
819379,1
819387,1
819389,1
819404,1
819429,1
819436,1
819438,1
819444,1
819463,1
819472,1
819479,1
819499,1
819509,1
819516,1
819533,1
819536,1
819551,1
819558,1
819563,1
819570,1
819576,1
819584,1
819590,1
819594,1
819601,1
819612,1
819615,1
819628,1
819631,1
819647,1
819652,1
819662,1
819666,1
819671,1
819675,1
819688,1
819691,1
819708,1
819722,1
819724,1
819727,1
819730,1
819760,1
819765,1
819778,1
819781,1
819785,1
819797,1
819801,1
819809,1
819812,1
819820,1
819824,1
819840,1
819860,1
819878,1
819899,1
819903,1
819911,1
819914,1
819916,1
819920,1
819933,1
819937,1
819944,1
819946,1
819949,1
819955,1
819958,1
819961,1
819965,1
819971,1
819988,1
820013,1
820027,1
820039,1
820045,1
820047,1
820051,1
820056,1
820060,1
820067,1
820073,1
820083,1
820089,1
820106,1
820132,1
820140,1
820146,1
820179,1
820197,1
820202,1
820210,1
820215,1
820222,1
820236,1
820248,1
820259,1
820274,1
820279,1
820294,1
820296,1
820299,1
820302,1
820313,1
820318,1
820327,1
820330,1
820337,1
820349,1
820352,1
820355,1
820360,1
820363,1
820371,1
820374,1
820376,1
820381,1
820390,1
820395,2
820407,1
820412,1
820425,1
820430,1
820435,1
820456,1
820479,1
820486,1
820507,1
820518,1
820522,1
820529,1
820541,1
820543,1
820546,1
820549,1
820554,1
820561,1
820563,1
820570,1
820576,1
820584,1
820598,1
820604,1
820608,1
820619,1
820633,1
820637,1
820639,1
820647,1
820655,1
820659,1
820671,1
820673,1
820675,1
820678,1
820681,1
820696,1
820698,1
820702,1
820718,1
820721,1
820730,1
820733,1
820735,1
820749,1
820752,1
820754,1
820756,1
820769,1
820773,1
820775,1
820792,1
820794,1
820809,1
820817,1
820834,1
820836,1
820840,1
820849,1
820856,1
820858,1
820867,1
820869,1
820878,1
820886,1
820889,1
820894,1
820900,1
820903,1
820909,1
820924,1
820931,1
820954,1
820958,1
820962,1
820964,1
820978,1
820983,1
820996,1
820998,1
821006,1
821016,1
821020,1
821022,1
821026,1
821035,1
821039,1
821048,1
821053,1
821058,1
821074,1
821080,1
821091,1
821094,1
821098,2
821112,1
821128,1
821131,1
821133,1
821139,1
821142,1
821146,1
821148,1
821153,1
821156,1
821165,1
821170,1
821185,2
821187,1
821191,1
821196,2
821210,1
821214,1
821219,1
821226,1
821229,1
821242,1
821250,1
821253,1
821266,1
821268,1
821283,1
821299,1
821303,1
821323,1
821330,1
821341,1
821356,1
821361,1
821368,1
821380,1
821384,1
821387,1
821398,1
821409,1
821426,1
821429,1
821442,1
821455,1
821457,1
821460,1
821474,1
821493,1
821507,1
821509,1
821521,1
821538,1
821567,1
821573,1
821576,1
821589,1
821591,1
821605,1
821607,1
821621,1
821627,1
821639,1
821653,1
821656,1
821660,1
821666,1
821674,1
821679,1
821684,1
821688,1
821690,1
821701,1
821706,1
821720,1
821723,1
821738,2
821741,1
821756,1
821759,1
821763,1
821776,1
821778,1
821795,1
821803,1
821818,1
821823,1
821834,1
821837,1
821840,1
821871,1
821881,1
821884,1
821892,1
821895,1
821901,1
821910,1
821912,1
821917,1
821928,1
821931,1
821938,1
821949,1
821951,1
821955,1
821965,1
821969,1
821972,1
821985,1
821988,1
821990,1
821996,1
822010,1
822027,1
822035,1
822048,1
822051,1
822065,1
822081,1
822090,1
822098,1
822102,1
822106,1
822109,1
822117,1
822121,1
822129,1
822136,1
822138,1
822142,1
822144,1
822147,1
822150,1
822157,1
822160,1
822164,1
822168,1
822170,1
822177,1
822180,1
822182,1
822186,1
822195,1
822197,1
822205,1
822213,1
822216,1
822226,1
822231,1
822235,1
822238,1
822240,1
822252,1
822255,1
822259,1
822291,1
822323,1
822330,2
822332,1
822334,1
822348,1
822353,1
822364,1
822368,1
822371,1
822387,1
822404,1
822406,1
822408,1
822411,1
822424,1
822426,1
822440,1
822446,1
822449,1
822456,1
822468,1
822477,1
822481,1
822502,1
822507,1
822517,1
822526,1
822538,1
822540,1
822552,1
822555,1
822560,1
822565,1
822572,1
822577,1
822579,1
822583,1
822614,1
822618,1
822633,1
822653,1
822655,1
822670,1
822672,1
822674,1
822681,1
822689,1
822728,1
822731,1
822735,1
822748,1
822764,1
822768,1
822770,1
822786,2
822801,1
822803,1
822806,1
822808,1
822815,1
822819,1
822824,1
822831,1
822846,1
822860,1
822862,1
822869,1
822879,1
822881,1
822884,1
822890,1
822900,2
822902,1
822904,1
822907,1
822919,1
822927,1
822936,1
822938,1
822942,1
822947,1
822954,1
822960,1
822974,1
822976,1
822980,1
822986,1
823010,1
823014,1
823017,1
823032,1
823040,1
823051,1
823053,1
823058,1
823067,1
823072,1
823079,1
823087,1
823092,1
823096,1
823099,1
823117,1
823127,1
823131,1
823134,1
823142,1
823164,1
823173,1
823184,1
823186,1
823193,1
823201,1
823209,1
823214,1
823223,1
823229,1
823237,1
823241,1
823243,1
823245,1
823248,1
823255,1
823261,1
823265,1
823275,1
823278,1
823280,1
823283,1
823287,1
823294,1
823313,1
823325,1
823335,1
823340,1
823342,1
823344,1
823354,1
823358,1
823361,1
823364,1
823371,1
823382,1
823385,1
823397,1
823410,1
823414,1
823416,1
823433,1
823449,1
823451,1
823460,1
823473,1
823487,1
823493,1
823496,1
823522,1
823528,1
823534,1
823537,1
823544,1
823547,1
823550,1
823562,1
823564,1
823569,1
823582,1
823586,1
823590,1
823603,1
823619,1
823622,1
823624,1
823630,1
823644,1
823663,1
823666,1
823683,1
823686,1
823698,2
823700,1
823706,1
823717,1
823719,1
823722,1
823728,1
823732,1
823737,2
823741,1
823744,1
823752,1
823758,1
823760,1
823770,1
823773,1
823778,2
823794,1
823797,1
823812,1
823816,1
823829,1
823832,1
823842,2
823850,1
823858,1
823863,1
823869,1
823872,1
823875,1
823877,1
823896,1
823902,1
823906,1
823924,1
823930,1
823944,1
823950,1
823963,1
823965,1
823980,1
824005,1
824007,1
824024,1
824028,1
824039,1
824044,1
824046,1
824059,1
824062,1
824072,1
824091,1
824093,1
824099,2
824105,1
824118,1
824134,1
824150,1
824153,1
824170,1
824173,1
824175,1
824189,1
824192,1
824205,1
824207,1
824210,1
824213,1
824216,1
824221,1
824230,1
824247,1
824250,1
824254,1
824266,1
824270,1
824274,1
824284,1
824286,1
824288,1
824290,1
824292,1
824305,1
824311,1
824318,1
824321,2
824323,1
824327,1
824332,1
824335,1
824351,1
824355,1
824362,1
824367,1
824369,1
824384,1
824386,1
824391,1
824400,1
824403,1
824419,1
824422,1
824424,1
824430,1
824437,1
824439,1
824441,1
824447,1
824462,1
824468,1
824481,1
824492,1
824494,1
824513,1
824516,1
824522,1
824531,1
824534,1
824536,1
824548,1
824552,1
824570,1
824572,1
824574,1
824584,1
824590,1
824593,1
824606,1
824609,1
824613,1
824616,1
824626,1
824630,1
824634,1
824645,1
824649,1
824651,1
824653,1
824662,1
824666,1
824668,1
824670,1
824674,1
824684,1
824687,1
824692,1
824703,1
824706,1
824709,1
824711,1
824722,1
824728,1
824738,1
824753,1
824760,1
824762,1
824764,1
824777,1
824779,1
824781,1
824787,1
824790,1
824796,1
824800,1
824802,1
824818,1
824822,1
824829,1
824834,1
824839,1
824841,1
824844,1
824855,1
824857,1
824862,1
824867,1
824877,2
824893,1
824897,1
824904,1
824907,1
824916,1
824918,1
824922,1
824931,1
824941,1
824944,1
824946,1
824953,1
824958,1
824970,2
824977,1
824991,1
824993,1
825016,1
825024,1
825026,1
825029,1
825042,1
825049,1
825053,1
825065,1
825067,1
825083,1
825118,1
825123,1
825160,1
825162,1
825164,1
825179,1
825192,1
825198,1
825215,1
825219,1
825235,1
825242,1
825254,1
825256,1
825262,1
825264,1
825275,1
825290,1
825298,1
825301,1
825310,1
825313,1
825318,1
825336,1
825338,1
825351,1
825353,1
825360,1
825369,1
825374,2
825384,1
825390,1
825394,1
825407,1
825413,1
825423,1
825425,1
825432,1
825445,1
825450,1
825454,1
825461,1
825466,1
825482,1
825504,1
825506,1
825521,1
825541,1
825558,1
825560,1
825565,1
825579,1
825585,1
825591,1
825598,1
825601,1
825618,1
825620,1
825635,1
825637,1
825639,1
825641,1
825654,1
825656,1
825663,1
825668,1
825670,1
825672,1
825676,1
825683,1
825691,1
825694,1
825699,1
825709,1
825712,1
825717,1
825730,1
825734,1
825737,1
825748,1
825758,1
825766,1
825773,1
825776,1
825784,1
825788,1
825802,1
825804,1
825807,1
825825,1
825827,1
825830,1
825839,1
825842,1
825845,1
825862,1
825868,1
825904,1
825927,1
825930,1
825940,1
825943,1
825949,1
825963,1
825975,1
825978,1
825981,1
825983,1
825993,1
826000,1
826003,1
826015,1
826018,1
826021,1
826034,1
826040,1
826048,1
826057,1
826070,1
826074,1
826089,1
826091,1
826094,1
826107,1
826127,1
826135,1
826137,1
826146,1
826153,1
826155,1
826171,1
826181,1
826186,1
826189,1
826193,1
826203,1
826208,1
826241,1
826253,1
826262,1
826265,1
826267,1
826269,1
826281,1
826284,1
826317,1
826321,1
826336,1
826340,1
826356,1
826362,1
826366,1
826376,1
826384,1
826391,1
826393,1
826397,1
826414,1
826416,1
826430,1
826433,1
826438,1
826452,1
826466,1
826472,2
826475,1
826477,1
826483,1
826492,1
826494,1
826496,1
826498,1
826511,2
826515,1
826517,1
826523,1
826530,1
826545,1
826547,1
826557,1
826565,1
826570,1
826582,1
826591,1
826603,1
826608,1
826625,1
826628,1
826631,1
826651,1
826659,1
826671,1
826679,1
826683,1
826686,1
826701,1
826703,1
826713,1
826719,1
826734,1
826737,1
826747,1
826767,1
826773,1
826776,1
826785,1
826791,1
826794,1
826812,1
826816,1
826836,1
826838,1
826847,1
826855,1
826865,1
826870,1
826872,1
826885,1
826890,1
826893,1
826895,1
826907,1
826910,1
826915,1
826917,1
826927,1
826935,1
826938,1
826945,1
826949,1
826954,1
826963,1
826967,1
826972,1
826977,1
826982,1
826987,1
826990,1
827004,1
827008,1
827017,1
827023,1
827027,1
827029,1
827040,1
827043,1
827055,1
827061,1
827064,1
827067,1
827078,1
827092,1
827098,1
827105,1
827116,1
827121,1
827130,1
827134,1
827138,1
827145,1
827148,1
827150,1
827156,1
827161,1
827171,1
827174,1
827177,1
827193,1
827198,1
827200,1
827210,1
827213,1
827215,1
827217,1
827219,1
827226,1
827230,1
827234,1
827249,1
827256,1
827258,1
827264,1
827268,1
827285,1
827288,1
827290,1
827294,1
827304,1
827308,1
827321,1
827337,1
827341,1
827345,1
827349,1
827351,1
827367,1
827369,1
827372,2
827377,1
827386,1
827402,1
827404,1
827407,1
827409,1
827420,1
827423,1
827438,1
827441,1
827460,1
827462,1
827464,1
827474,1
827481,2
827484,1
827498,1
827513,1
827515,1
827521,1
827535,1
827538,1
827552,1
827557,1
827563,1
827571,1
827574,1
827578,1
827581,1
827592,1
827602,1
827611,1
827616,1
827628,1
827634,1
827636,1
827649,1
827652,1
827666,1
827686,1
827704,1
827760,1
827762,1
827769,1
827780,1
827806,1
827815,1
827819,1
827822,1
827824,1
827827,1
827829,1
827837,1
827840,1
827842,1
827847,1
827853,1
827856,1
827860,1
827864,1
827875,1
827877,1
827887,1
827895,1
827897,1
827902,1
827914,1
827925,1
827932,1
827936,1
827948,1
827954,1
827963,1
827971,1
827980,1
828009,1
828015,1
828048,1
828054,1
828064,1
828068,1
828087,1
828108,1
828113,1
828121,1
828130,1
828143,1
828146,1
828159,1
828166,1
828169,1
828182,1
828199,1
828201,1
828205,1
828207,1
828219,1
828221,1
828223,1
828225,1
828235,1
828238,1
828240,1
828242,1
828244,1
828246,1
828257,1
828273,1
828278,1
828282,1
828294,1
828298,1
828320,1
828332,1
828345,1
828351,1
828355,1
828377,1
828383,1
828391,1
828396,1
828408,1
828424,1
828427,1
828432,1
828451,1
828454,1
828464,1
828468,1
828481,1
828486,1
828498,1
828500,1
828504,1
828510,1
828516,1
828527,1
828538,1
828541,1
828547,1
828561,1
828564,1
828566,1
828582,1
828584,1
828587,1
828590,1
828600,1
828603,1
828618,1
828630,1
828643,1
828660,1
828662,1
828675,1
828678,1
828690,1
828692,1
828694,1
828697,1
828702,1
828713,1
828728,1
828731,1
828734,1
828739,1
828746,1
828751,1
828753,1
828756,1
828758,1
828783,1
828788,1
828793,1
828806,1
828822,1
828826,1
828832,1
828845,1
828849,1
828851,1
828871,1
828883,1
828889,1
828892,1
828897,1
828905,1
828911,1
828921,1
828933,1
828941,1
828944,1
828947,1
828962,1
828965,1
828976,1
828984,1
828986,1
828994,1
829000,1
829002,1
829005,2
829007,1
829018,1
829025,1
829032,1
829035,1
829037,1
829051,1
829062,1
829068,1
829073,1
829106,1
829112,1
829116,1
829118,1
829120,1
829148,1
829151,1
829156,1
829183,1
829188,1
829195,1
829201,1
829207,1
829211,1
829213,1
829223,1
829228,1
829230,1
829238,1
829244,1
829246,1
829250,1
829253,1
829268,1
829281,2
829288,1
829298,1
829308,1
829310,1
829319,1
829350,1
829359,1
829365,1
829370,1
829378,1
829394,1
829397,1
829402,1
829404,1
829433,1
829436,1
829439,1
829442,1
829460,1
829470,1
829473,1
829482,1
829487,1
829490,1
829499,1
829513,1
829515,1
829517,1
829526,1
829529,1
829535,1
829545,1
829554,1
829566,1
829569,1
829584,1
829589,1
829597,1
829601,1
829613,1
829628,1
829632,1
829644,1
829676,1
829685,1
829694,1
829698,1
829709,1
829713,1
829723,1
829764,1
829775,1
829777,1
829780,1
829794,1
829804,1
829817,1
829835,1
829838,1
829840,1
829853,1
829860,1
829866,1
829874,1
829879,1
829887,1
829896,1
829899,1
829911,1
829928,1
829933,1
829947,1
829952,1
829967,2
829973,1
829982,1
829991,1
830004,1
830006,1
830028,1
830030,1
830038,1
830044,1
830057,1
830084,1
830100,1
830104,1
830117,1
830119,1
830121,1
830123,1
830125,1
830127,1
830138,1
830140,1
830143,1
830157,1
830159,1
830175,1
830178,1
830188,1
830195,1
830200,1
830202,1
830207,1
830215,1
830223,1
830241,1
830247,1
830253,1
830256,1
830259,1
830271,1
830291,1
830294,1
830296,1
830310,1
830323,1
830326,1
830329,1
830333,1
830335,1
830367,1
830369,1
830372,1
830387,1
830392,1
830401,1
830408,1
830411,1
830418,1
830425,1
830431,1
830438,1
830443,1
830450,1
830461,1
830479,1
830483,1
830487,1
830490,1
830493,1
830505,1
830513,1
830517,1
830520,1
830523,1
830526,1
830539,1
830552,1
830554,1
830556,1
830558,1
830562,1
830564,1
830571,1
830576,1
830579,1
830581,1
830596,1
830605,1
830608,1
830610,1
830612,1
830616,1
830619,1
830623,1
830640,1
830642,1
830644,1
830650,1
830659,1
830664,1
830669,1
830676,1
830689,1
830691,1
830694,1
830701,1
830707,1
830710,1
830715,1
830722,1
830724,1
830728,1
830732,1
830737,1
830745,1
830747,1
830752,1
830768,1
830782,1
830785,1
830795,1
830801,1
830803,1
830812,1
830819,1
830828,1
830836,1
830840,1
830844,1
830846,1
830848,1
830850,1
830856,1
830863,1
830870,1
830873,1
830877,1
830880,1
830882,1
830887,1
830902,1
830915,1
830918,1
830921,1
830935,1
830937,1
830942,1
830951,1
830953,1
830956,1
830967,1
830973,1
830976,1
830980,1
831010,1
831033,1
831036,1
831038,1
831054,1
831056,1
831076,1
831088,1
831092,1
831094,1
831102,1
831113,1
831125,1
831129,1
831132,1
831142,1
831146,1
831150,1
831163,1
831167,1
831183,1
831201,1
831203,1
831212,1
831222,1
831226,1
831235,1
831239,1
831242,1
831246,1
831254,1
831256,1
831263,1
831270,1
831275,1
831287,1
831297,1
831299,1
831305,1
831314,1
831337,1
831349,1
831353,1
831355,1
831360,1
831377,1
831384,1
831391,1
831396,1
831407,1
831410,1
831414,1
831416,1
831419,1
831435,1
831449,1
831451,1
831453,1
831456,1
831469,1
831473,1
831477,1
831481,1
831485,1
831488,1
831490,1
831500,1
831505,1
831512,2
831522,1
831526,1
831541,1
831549,1
831564,1
831568,1
831577,1
831584,1
831587,1
831592,1
831601,1
831621,1
831626,1
831628,1
831637,1
831640,1
831642,1
831645,1
831653,1
831657,1
831659,1
831662,1
831670,1
831678,1
831694,1
831697,1
831701,1
831714,1
831718,1
831721,1
831731,1
831735,1
831748,1
831750,1
831754,1
831757,1
831762,1
831765,1
831767,1
831775,1
831780,1
831784,1
831789,1
831792,1
831798,1
831811,1
831828,1
831866,1
831869,1
831872,1
831878,1
831886,1
831902,1
831909,1
831911,1
831923,1
831925,1
831939,1
831943,1
831947,1
831949,1
831966,1
831979,1
831981,1
831983,1
831986,1
831988,1
832003,1
832014,1
832016,1
832019,1
832027,1
832032,1
832034,1
832041,1
832047,1
832049,1
832053,1
832058,1
832064,1
832071,1
832074,1
832080,1
832084,1
832092,1
832096,1
832101,1
832104,1
832114,1
832116,1
832122,1
832132,1
832138,1
832151,1
832154,1
832168,1
832172,1
832178,1
832183,1
832187,1
832195,1
832200,1
832207,1
832210,1
832212,1
832214,1
832216,1
832221,1
832224,1
832230,1
832235,1
832247,1
832264,1
832271,1
832284,1
832289,1
832291,1
832301,1
832323,1
832328,1
832338,1
832343,1
832347,1
832359,1
832362,1
832364,1
832376,1
832383,1
832385,1
832390,1
832399,1
832416,1
832419,1
832425,1
832436,1
832439,1
832442,1
832456,1
832472,1
832478,1
832486,1
832492,1
832495,1
832502,1
832512,1
832514,1
832519,1
832526,1
832530,1
832534,1
832536,1
832548,1
832557,1
832563,1
832570,1
832572,1
832574,1
832588,1
832591,1
832595,1
832601,1
832606,1
832609,1
832613,1
832616,1
832628,1
832632,1
832642,1
832646,1
832652,1
832654,1
832663,1
832665,1
832669,1
832685,1
832694,1
832709,1
832714,1
832729,1
832740,1
832751,1
832756,1
832763,1
832765,1
832768,1
832773,1
832779,1
832786,1
832796,1
832800,2
832802,1
832806,1
832817,1
832820,1
832824,1
832835,1
832842,1
832860,1
832874,1
832878,1
832893,1
832895,1
832897,1
832901,1
832913,1
832916,1
832927,1
832929,1
832932,1
832934,1
832944,1
832968,1
832993,1
833009,1
833024,1
833028,1
833030,1
833044,1
833046,1
833061,1
833064,1
833066,1
833081,1
833083,1
833085,1
833100,1
833107,1
833110,1
833115,1
833122,1
833130,1
833138,1
833141,1
833143,1
833147,1
833152,1
833158,1
833160,1
833172,1
833175,1
833180,1
833182,1
833187,1
833196,1
833200,1
833215,1
833232,1
833235,1
833240,1
833251,1
833254,1
833258,1
833261,1
833273,1
833287,1
833291,1
833294,1
833326,1
833330,1
833335,1
833337,1
833366,1
833368,1
833381,1
833386,1
833394,1
833402,1
833407,1
833411,1
833432,1
833442,1
833444,1
833453,1
833455,1
833461,1
833469,1
833473,1
833479,1
833483,1
833485,1
833487,1
833496,1
833502,1
833507,1
833518,1
833521,1
833536,1
833540,1
833552,1
833557,1
833569,1
833579,1
833601,1
833611,1
833616,1
833620,1
833630,1
833633,1
833636,1
833639,1
833652,1
833654,1
833660,1
833669,1
833673,1
833688,1
833691,1
833694,1
833698,1
833704,1
833711,1
833713,1
833718,1
833728,1
833746,1
833752,1
833766,1
833771,1
833773,1
833786,1
833789,1
833791,1
833802,1
833805,1
833807,1
833822,1
833825,1
833829,1
833835,1
833838,1
833844,1
833846,1
833851,1
833861,1
833867,1
833870,1
833876,1
833881,1
833891,1
833900,1
833908,1
833913,1
833922,1
833926,1
833945,1
833952,1
833963,1
833975,1
833977,1
833982,1
833994,1
834001,1
834011,1
834015,1
834017,1
834023,1
834031,1
834033,1
834035,1
834039,1
834048,1
834052,1
834056,1
834067,1
834073,1
834077,1
834095,1
834109,1
834116,1
834129,1
834134,1
834141,1
834146,1
834164,1
834170,1
834172,1
834174,1
834187,1
834209,1
834211,1
834213,1
834222,1
834226,1
834236,1
834245,1
834264,1
834267,1
834279,1
834282,1
834298,1
834314,1
834316,1
834323,1
834342,1
834358,1
834369,1
834374,1
834379,1
834382,1
834391,1
834414,1
834429,1
834433,1
834443,1
834449,1
834452,1
834458,1
834460,1
834463,1
834473,1
834479,1
834487,1
834491,2
834494,1
834508,1
834512,1
834533,1
834539,1
834547,1
834571,1
834581,1
834585,1
834588,1
834590,1
834604,1
834607,1
834619,1
834622,1
834624,1
834627,1
834634,1
834649,1
834658,1
834660,1
834667,1
834677,1
834679,1
834685,1
834698,1
834715,1
834722,1
834734,1
834737,1
834772,1
834775,1
834808,1
834814,1
834818,1
834824,1
834833,1
834837,1
834847,1
834851,1
834854,1
834868,1
834871,2
834887,1
834892,1
834896,1
834904,1
834920,1
834925,1
834943,1
834951,1
834961,1
834965,1
834969,1
834983,1
834992,1
834999,1
835013,1
835027,1
835036,1
835040,1
835042,1
835046,1
835060,1
835076,1
835078,1
835082,2
835113,1
835116,1
835127,1
835135,1
835137,1
835142,1
835146,1
835162,1
835171,1
835179,1
835191,1
835199,1
835212,1
835226,2
835230,1
835232,1
835237,1
835263,1
835269,1
835280,1
835286,1
835288,1
835312,1
835324,1
835340,1
835344,1
835360,1
835362,1
835368,1
835381,1
835402,1
835414,1
835431,1
835435,1
835437,1
835439,1
835442,1
835454,1
835458,1
835463,1
835476,1
835480,1
835484,1
835490,1
835498,1
835502,1
835505,1
835515,1
835517,1
835519,1
835522,1
835534,1
835544,1
835552,1
835557,1
835560,1
835569,1
835574,1
835576,1
835579,1
835584,1
835593,1
835609,1
835626,1
835628,1
835637,1
835648,1
835650,1
835666,1
835668,1
835675,1
835683,1
835685,1
835703,1
835706,1
835723,1
835759,1
835763,1
835769,1
835779,1
835784,1
835794,1
835796,1
835801,1
835817,1
835819,1
835835,1
835840,1
835851,1
835857,1
835873,1
835891,1
835895,1
835917,1
835921,1
835923,1
835950,1
835965,1
835970,1
835972,1
835984,1
835989,1
835991,1
836016,1
836021,1
836043,1
836045,1
836047,1
836049,1
836056,1
836065,1
836072,1
836082,1
836094,1
836101,1
836104,1
836107,1
836116,1
836120,1
836123,1
836137,1
836146,1
836152,1
836158,1
836160,1
836165,1
836213,1
836219,1
836223,1
836229,1
836238,1
836247,1
836249,1
836252,1
836256,1
836273,1
836284,1
836293,1
836307,1
836313,1
836330,1
836341,1
836351,1
836355,2
836357,1
836359,1
836375,1
836385,1
836387,1
836390,1
836406,1
836412,1
836420,1
836425,1
836430,1
836437,1
836444,1
836446,1
836450,1
836457,1
836461,1
836466,1
836475,1
836477,1
836486,1
836490,1
836492,1
836517,1
836522,1
836545,1
836557,1
836561,1
836577,1
836596,1
836604,1
836633,1
836636,1
836640,1
836677,1
836692,1
836700,1
836709,1
836711,1
836714,1
836728,1
836732,1
836742,1
836757,1
836769,1
836785,1
836787,1
836806,1
836814,1
836824,1
836826,1
836830,1
836833,1
836842,1
836845,1
836848,1
836861,1
836863,1
836865,1
836881,1
836899,1
836928,1
836938,1
836957,1
836965,1
836971,1
836980,1
836985,1
836996,1
836998,1
837010,1
837013,1
837016,1
837033,1
837078,1
837081,1
837088,1
837091,1
837095,1
837106,1
837111,1
837128,1
837136,1
837139,1
837149,1
837160,1
837164,1
837170,1
837174,1
837176,1
837192,1
837199,1
837205,1
837208,1
837222,1
837230,1
837233,1
837243,1
837247,1
837250,1
837261,1
837279,1
837281,1
837284,1
837297,1
837301,1
837318,1
837324,1
837337,1
837339,1
837342,1
837351,1
837355,1
837359,1
837363,1
837375,1
837378,1
837382,1
837384,1
837394,1
837409,1
837415,1
837425,1
837429,1
837433,1
837436,1
837445,1
837449,1
837451,1
837455,1
837462,1
837465,1
837471,1
837481,1
837484,1
837489,1
837493,1
837499,1
837501,1
837509,1
837524,1
837529,1
837534,1
837539,1
837547,1
837550,1
837560,1
837564,1
837566,1
837569,1
837583,1
837585,1
837603,1
837613,1
837617,1
837624,1
837626,1
837638,1
837643,1
837665,1
837672,1
837680,1
837683,2
837689,1
837698,1
837700,1
837703,1
837713,1
837717,2
837734,1
837740,1
837758,1
837769,1
837772,1
837777,1
837793,1
837801,1
837804,1
837811,1
837815,1
837817,1
837833,1
837843,1
837851,1
837861,1
837869,1
837877,1
837882,1
837887,1
837889,1
837892,1
837894,1
837900,1
837909,1
837911,1
837915,1
837922,1
837924,1
837926,1
837946,1
837953,1
837960,1
837967,1
837982,2
837986,1
837998,1
838001,1
838006,1
838020,1
838030,1
838041,1
838044,1
838050,1
838064,1
838077,1
838085,1
838093,1
838112,1
838117,1
838119,1
838135,1
838145,1
838158,1
838172,1
838178,1
838189,1
838195,1
838199,1
838212,1
838214,1
838221,1
838230,1
838232,1
838241,1
838248,1
838255,1
838266,1
838272,1
838278,1
838280,1
838292,1
838296,1
838307,1
838309,1
838324,1
838328,1
838341,1
838347,1
838356,1
838363,1
838376,1
838384,1
838397,1
838404,1
838408,1
838415,1
838418,1
838423,1
838425,1
838430,1
838440,1
838445,1
838452,1
838457,1
838460,1
838462,1
838475,1
838485,1
838490,1
838499,1
838508,1
838516,1
838518,1
838532,1
838553,1
838555,1
838578,1
838582,1
838593,1
838599,1
838626,1
838628,1
838645,1
838647,1
838651,1
838658,1
838668,1
838680,1
838682,1
838687,1
838690,1
838702,1
838706,1
838716,1
838721,1
838725,1
838728,1
838742,1
838744,1
838750,1
838756,1
838766,1
838773,1
838783,1
838800,1
838813,1
838819,1
838822,1
838835,1
838846,1
838849,1
838852,1
838858,1
838863,1
838871,1
838874,1
838876,1
838878,1
838886,1
838896,1
838898,1
838906,1
838910,1
838914,1
838934,1
838942,1
838956,1
838970,1
838973,1
838977,1
838988,1
838990,1
839003,1
839007,1
839011,1
839013,1
839020,1
839027,1
839029,1
839041,1
839044,1
839047,1
839050,1
839056,1
839064,1
839066,1
839070,1
839082,1
839086,1
839088,1
839097,1
839126,1
839133,1
839139,1
839143,1
839159,1
839164,1
839176,1
839198,1
839201,1
839217,1
839220,1
839229,1
839234,1
839249,1
839251,1
839257,1
839260,1
839274,1
839293,1
839299,1
839305,1
839311,1
839340,1
839342,1
839345,1
839367,1
839370,1
839381,1
839399,1
839410,1
839412,1
839425,1
839429,1
839441,1
839445,1
839467,1
839469,1
839474,1
839487,1
839492,1
839498,1
839502,1
839506,1
839508,1
839514,1
839522,2
839524,1
839536,1
839541,1
839547,1
839555,1
839558,1
839560,1
839564,1
839578,1
839582,1
839610,1
839616,1
839620,1
839630,1
839635,1
839637,1
839652,1
839657,1
839666,1
839678,1
839683,1
839691,1
839693,1
839699,1
839705,1
839709,1
839712,1
839715,1
839717,1
839728,1
839733,1
839741,1
839743,1
839745,1
839748,1
839750,1
839752,1
839754,1
839758,1
839765,1
839774,1
839779,1
839784,1
839790,1
839793,1
839805,1
839808,1
839811,1
839826,1
839836,1
839843,1
839850,1
839852,1
839862,1
839865,1
839869,1
839878,1
839881,1
839883,1
839897,1
839900,1
839917,1
839936,1
839939,1
839943,1
839971,1
839977,1
839980,1
839997,1
840011,1
840014,1
840016,1
840020,1
840025,1
840032,1
840034,1
840037,1
840040,1
840049,1
840053,2
840056,1
840059,1
840073,1
840077,1
840084,1
840089,1
840091,1
840093,1
840107,1
840109,1
840111,1
840115,1
840130,1
840132,1
840135,1
840139,1
840153,1
840160,1
840167,1
840170,1
840192,1
840202,1
840204,1
840231,1
840237,1
840247,1
840252,1
840262,1
840267,1
840279,1
840281,1
840290,1
840301,1
840304,1
840311,1
840318,1
840323,1
840325,1
840333,1
840338,1
840354,1
840356,1
840361,1
840371,1
840374,1
840379,1
840393,1
840411,1
840417,1
840428,1
840432,1
840448,1
840451,1
840469,1
840472,1
840489,1
840493,1
840508,1
840512,1
840531,1
840538,1
840552,1
840565,1
840569,1
840585,1
840598,1
840608,1
840614,1
840621,1
840623,1
840625,1
840629,1
840634,1
840643,1
840645,1
840658,1
840661,1
840666,1
840681,2
840691,1
840697,1
840699,1
840705,1
840717,1
840736,1
840738,1
840741,1
840756,1
840771,1
840773,1
840777,1
840780,1
840793,1
840795,1
840806,1
840813,1
840817,1
840833,1
840840,1
840848,1
840855,1
840868,1
840870,1
840874,1
840886,1
840896,1
840898,1
840923,1
840925,1
840931,1
840940,1
840946,1
840956,1
840966,1
840971,1
840979,1
840984,1
840988,1
841000,1
841002,1
841005,1
841007,1
841014,1
841017,1
841024,1
841027,1
841036,1
841040,1
841042,1
841046,1
841054,1
841059,1
841066,1
841077,1
841080,1
841094,1
841109,1
841117,1
841131,1
841141,1
841157,1
841160,1
841171,1
841173,1
841175,1
841190,1
841192,1
841194,1
841198,1
841206,1
841209,1
841212,1
841214,1
841219,1
841228,1
841230,1
841232,1
841236,1
841246,1
841251,1
841261,1
841273,1
841292,1
841302,1
841305,1
841308,1
841312,1
841325,1
841327,1
841348,1
841355,1
841363,1
841383,1
841387,1
841397,1
841399,1
841402,1
841404,1
841421,1
841439,1
841444,1
841455,1
841483,1
841492,1
841496,1
841498,1
841503,1
841505,1
841519,2
841541,1
841551,1
841574,1
841577,1
841592,1
841606,1
841612,1
841616,1
841628,1
841630,1
841634,1
841644,1
841650,1
841661,1
841666,1
841685,1
841701,1
841710,1
841729,1
841739,1
841744,1
841760,1
841767,1
841780,2
841783,1
841788,1
841801,1
841806,1
841814,1
841825,2
841839,1
841844,1
841856,1
841858,1
841887,1
841895,1
841900,1
841914,1
841918,1
841920,1
841930,1
841935,1
841939,1
841961,1
841964,1
841969,1
841972,1
841974,1
841979,1
841981,1
841987,1
841992,1
842010,1
842030,1
842033,1
842048,1
842065,1
842068,1
842072,1
842084,1
842087,1
842091,1
842103,1
842107,1
842119,1
842121,1
842124,1
842126,1
842128,1
842131,1
842142,1
842145,1
842149,1
842155,1
842161,1
842164,1
842176,1
842179,1
842181,1
842184,1
842188,1
842197,1
842201,1
842206,1
842215,1
842218,1
842220,1
842236,1
842242,1
842254,1
842256,1
842291,1
842293,1
842300,1
842311,1
842315,1
842323,1
842338,1
842345,1
842355,1
842371,1
842374,1
842376,1
842389,1
842395,1
842415,1
842424,1
842427,1
842429,1
842440,1
842448,1
842460,1
842465,1
842467,1
842472,1
842474,1
842484,1
842486,1
842501,1
842503,1
842505,1
842510,1
842520,1
842522,1
842524,1
842540,1
842548,1
842558,1
842561,1
842575,1
842584,2
842587,1
842598,1
842600,1
842612,1
842618,2
842621,1
842624,1
842632,1
842639,1
842641,1
842654,1
842656,1
842672,1
842677,1
842697,2
842730,1
842732,1
842767,1
842769,1
842774,1
842805,1
842809,1
842815,1
842820,1
842826,1
842828,1
842830,1
842832,1
842839,1
842846,1
842848,1
842854,1
842858,1
842861,1
842866,1
842868,1
842883,1
842886,1
842891,1
842901,1
842903,1
842905,1
842907,1
842912,1
842920,1
842924,1
842940,1
842947,1
842949,1
842959,1
842961,1
842964,1
842975,1
842978,1
842980,1
842984,1
842995,1
843016,1
843021,1
843034,1
843037,1
843040,1
843042,1
843054,1
843056,1
843064,1
843073,1
843075,1
843077,1
843097,1
843110,1
843113,1
843116,1
843118,1
843127,1
843132,1
843148,1
843152,1
843169,1
843173,1
843186,1
843193,1
843205,1
843207,1
843217,1
843222,1
843227,1
843232,1
843240,1
843244,1
843250,1
843266,1
843269,1
843283,1
843300,1
843308,1
843318,1
843321,1
843340,2
843345,1
843360,1
843379,1
843385,1
843394,1
843397,1
843400,2
843420,1
843432,1
843435,1
843455,1
843460,1
843470,1
843472,1
843474,1
843477,1
843487,1
843491,1
843493,1
843507,1
843519,1
843530,1
843549,1
843564,1
843566,1
843568,1
843601,1
843607,1
843610,1
843627,2
843648,1
843659,1
843661,1
843663,1
843665,1
843670,1
843677,1
843681,1
843688,1
843711,1
843717,1
843720,1
843735,1
843738,1
843753,1
843757,1
843759,1
843765,1
843776,1
843782,1
843789,1
843794,1
843796,1
843806,2
843810,1
843815,1
843817,1
843839,1
843851,1
843853,1
843858,1
843861,1
843871,1
843878,1
843886,1
843889,1
843893,1
843910,1
843925,1
843929,1
843933,1
843941,1
843948,1
843965,1
843967,1
843981,1
843983,1
843991,1
844002,1
844006,1
844013,1
844017,1
844020,1
844023,1
844025,1
844027,1
844031,1
844042,1
844045,1
844047,1
844052,1
844054,1
844062,1
844065,1
844069,1
844085,1
844091,1
844100,1
844103,1
844106,1
844118,1
844129,1
844135,1
844138,1
844155,1
844161,1
844171,1
844173,1
844176,1
844191,1
844195,1
844198,1
844200,1
844212,1
844218,2
844232,1
844246,1
844256,1
844272,1
844276,1
844278,1
844281,1
844291,1
844293,1
844298,1
844306,1
844310,2
844313,2
844315,1
844328,1
844331,1
844338,1
844345,1
844348,1
844352,1
844355,1
844368,1
844373,1
844401,1
844405,1
844421,1
844423,1
844427,1
844441,1
844448,1
844457,1
844460,1
844463,1
844466,1
844474,1
844478,1
844480,1
844489,1
844492,1
844496,1
844505,1
844516,1
844518,1
844538,2
844543,1
844557,1
844566,1
844570,1
844576,1
844584,1
844592,1
844594,1
844604,1
844615,1
844618,1
844633,1
844636,1
844650,1
844655,1
844667,1
844670,1
844686,1
844688,1
844690,1
844706,1
844709,1
844722,1
844726,1
844732,1
844744,1
844746,1
844757,1
844761,1
844780,1
844782,1
844785,1
844791,1
844793,1
844795,1
844804,1
844820,1
844823,1
844830,1
844837,1
844840,1
844842,1
844858,1
844873,1
844893,1
844896,1
844902,1
844915,1
844918,2
844944,1
844953,1
844960,1
844970,1
844972,1
844974,1
844992,1
844994,1
845003,1
845010,1
845020,1
845044,1
845049,1
845052,1
845068,2
845071,1
845073,1
845083,1
845105,1
845111,1
845131,1
845145,1
845149,1
845155,1
845160,1
845162,1
845164,1
845167,1
845170,2
845183,1
845188,1
845202,1
845210,1
845217,1
845219,1
845222,1
845226,1
845240,1
845243,1
845245,1
845259,1
845261,1
845274,1
845280,1
845293,1
845296,1
845298,1
845311,1
845314,1
845319,1
845334,1
845336,1
845340,1
845359,1
845363,1
845366,1
845376,1
845389,1
845391,1
845393,1
845397,1
845401,1
845410,1
845417,2
845431,1
845434,1
845437,1
845439,1
845449,1
845452,2
845468,1
845473,1
845484,1
845487,1
845489,1
845491,1
845506,1
845510,1
845517,1
845526,1
845534,1
845541,1
845558,1
845576,1
845583,2
845589,1
845601,1
845607,2
845612,1
845642,1
845655,1
845657,1
845662,1
845669,1
845675,1
845679,1
845684,1
845693,1
845701,1
845709,1
845714,1
845725,1
845732,1
845736,1
845738,1
845754,1
845768,1
845773,1
845776,1
845781,1
845791,1
845796,1
845798,1
845803,1
845813,1
845816,1
845827,1
845837,1
845842,1
845846,1
845849,1
845854,1
845863,1
845868,1
845870,1
845872,1
845881,1
845888,2
845890,1
845901,1
845904,1
845906,1
845910,1
845912,1
845924,1
845929,1
845942,1
845945,1
845949,1
845960,1
845964,1
845974,1
845989,1
845999,1
846001,1
846015,1
846019,1
846026,1
846033,1
846039,1
846047,1
846055,1
846058,1
846060,1
846064,1
846075,1
846078,1
846091,1
846094,1
846104,1
846107,1
846113,1
846118,1
846127,1
846131,1
846134,1
846149,1
846152,1
846164,1
846167,1
846187,1
846195,1
846208,1
846227,2
846230,1
846239,1
846248,1
846256,1
846266,1
846270,1
846272,1
846283,1
846302,1
846304,1
846306,1
846309,1
846317,1
846323,1
846354,1
846356,1
846362,1
846365,1
846376,1
846380,1
846389,1
846396,1
846403,1
846406,1
846413,1
846419,1
846429,1
846436,1
846443,1
846448,1
846457,1
846470,1
846472,1
846474,1
846476,1
846481,1
846486,1
846490,1
846495,1
846507,1
846513,1
846522,1
846528,1
846539,1
846550,1
846552,1
846554,1
846557,1
846568,1
846583,1
846587,1
846591,1
846605,1
846609,2
846611,1
846622,1
846627,1
846631,1
846643,1
846646,1
846652,1
846662,1
846674,1
846682,1
846686,1
846698,1
846714,1
846720,1
846722,1
846736,1
846742,1
846744,1
846762,1
846766,1
846778,2
846784,1
846786,1
846801,1
846807,1
846810,1
846815,1
846818,1
846821,1
846833,1
846835,1
846837,1
846841,1
846850,1
846858,1
846872,1
846875,1
846885,1
846887,1
846892,1
846913,1
846922,1
846926,1
846946,1
846950,2
846954,1
846964,1
846969,1
846971,1
846986,1
846988,1
846991,1
847000,1
847005,1
847008,1
847011,1
847025,1
847039,1
847041,1
847043,1
847046,1
847055,1
847061,1
847064,1
847068,1
847080,1
847083,1
847087,1
847101,1
847103,1
847106,1
847116,1
847119,1
847121,1
847123,1
847125,1
847141,1
847156,1
847180,1
847233,1
847238,1
847253,1
847270,2
847272,1
847288,1
847295,1
847308,1
847311,1
847322,1
847325,1
847336,1
847340,1
847364,1
847368,1
847373,1
847384,1
847388,1
847400,1
847422,1
847433,1
847444,1
847460,1
847475,1
847477,1
847479,1
847481,1
847484,1
847497,1
847512,1
847536,1
847540,1
847549,1
847552,1
847554,1
847559,1
847562,2
847564,1
847575,1
847594,1
847597,1
847611,1
847615,1
847628,1
847631,1
847638,1
847647,1
847651,1
847674,1
847677,1
847686,1
847690,1
847692,1
847694,1
847703,1
847724,1
847731,1
847734,1
847749,1
847754,1
847765,1
847767,1
847778,1
847784,1
847797,1
847804,1
847811,1
847821,1
847823,1
847826,1
847836,1
847841,1
847860,1
847874,1
847882,1
847892,1
847896,1
847900,1
847903,1
847916,1
847919,1
847925,1
847934,1
847942,1
847957,1
847969,1
847991,1
847995,1
847999,1
848010,1
848015,1
848027,1
848031,1
848033,1
848048,1
848052,2
848062,1
848069,1
848071,1
848074,1
848085,1
848095,1
848098,1
848102,1
848108,1
848115,1
848122,1
848128,1
848141,1
848144,1
848149,1
848153,1
848158,1
848169,2
848183,1
848203,1
848205,1
848225,1
848227,1
848244,1
848253,1
848258,1
848262,1
848267,1
848278,1
848280,1
848282,1
848317,1
848319,1
848331,1
848333,1
848341,1
848356,1
848360,1
848373,1
848375,1
848380,1
848392,1
848395,1
848409,1
848432,1
848455,1
848463,1
848468,1
848491,1
848502,1
848507,1
848523,1
848527,1
848532,1
848541,1
848544,1
848552,1
848560,1
848582,1
848585,1
848587,1
848599,1
848605,1
848619,1
848624,1
848636,1
848642,1
848649,1
848658,1
848663,1
848672,1
848675,1
848677,1
848694,1
848713,1
848728,1
848734,1
848755,1
848761,1
848778,1
848790,1
848807,1
848812,1
848819,1
848826,1
848830,1
848842,1
848866,1
848869,1
848884,1
848889,1
848902,1
848904,1
848909,1
848922,1
848928,1
848937,1
848941,1
848944,1
848964,1
848973,1
848977,1
848980,1
849008,1
849011,1
849021,1
849035,1
849037,1
849041,1
849046,1
849058,1
849061,1
849065,1
849067,1
849077,1
849082,1
849094,2
849097,1
849108,1
849114,1
849120,1
849129,1
849132,1
849137,1
849151,1
849156,1
849167,1
849169,1
849171,1
849188,1
849191,1
849193,1
849196,1
849203,1
849208,1
849210,1
849225,1
849229,1
849248,1
849265,1
849267,1
849271,1
849276,2
849283,1
849286,1
849290,1
849303,1
849306,1
849322,1
849338,1
849341,1
849346,1
849348,1
849358,1
849362,1
849366,1
849377,1
849379,1
849388,1
849398,1
849411,1
849416,1
849422,1
849432,1
849434,1
849439,1
849442,1
849450,1
849455,1
849477,1
849491,1
849493,1
849510,1
849515,1
849518,1
849529,1
849531,1
849547,1
849552,1
849567,1
849569,1
849578,1
849583,1
849586,1
849590,1
849593,1
849602,1
849609,1
849612,1
849616,1
849633,1
849647,1
849650,1
849665,1
849682,1
849700,1
849708,1
849710,1
849722,1
849726,1
849736,1
849746,1
849754,1
849759,1
849762,2
849764,1
849768,1
849775,1
849784,1
849786,1
849791,1
849795,1
849798,1
849801,1
849804,1
849806,1
849817,1
849819,1
849831,1
849833,1
849835,1
849867,1
849872,1
849875,1
849878,1
849893,2
849909,1
849930,1
849948,1
849952,2
849955,1
849961,1
849969,1
849971,1
849983,1
849987,1
849993,2
850004,1
850007,1
850012,1
850023,1
850039,1
850041,1
850061,1
850081,1
850083,1
850086,1
850088,1
850100,1
850105,1
850118,1
850129,1
850138,1
850146,1
850153,1
850156,1
850191,1
850195,1
850198,1
850201,1
850209,1
850229,1
850231,1
850236,2
850241,2
850258,1
850272,1
850274,1
850278,1
850289,1
850292,1
850306,1
850323,1
850348,2
850357,1
850375,2
850377,1
850387,1
850393,1
850404,1
850407,1
850409,1
850424,1
850429,1
850442,1
850444,1
850458,1
850462,1
850481,1
850485,1
850501,1
850504,1
850517,1
850519,1
850521,1
850525,1
850535,1
850538,1
850541,1
850554,1
850556,1
850558,1
850560,1
850568,1
850582,1
850607,1
850612,1
850618,1
850627,1
850631,1
850646,1
850652,2
850670,1
850672,1
850676,1
850687,1
850690,1
850694,1
850697,1
850707,1
850711,1
850713,1
850743,1
850749,1
850751,1
850754,1
850766,1
850768,1
850785,1
850790,1
850797,1
850804,1
850806,1
850826,1
850842,1
850845,1
850876,1
850900,1
850902,1
850905,1
850907,1
850918,1
850920,1
850925,1
850940,1
850943,1
850956,1
850969,1
850990,1
850996,1
850999,1
851007,1
851029,1
851041,1
851051,1
851056,1
851067,1
851076,1
851079,1
851084,1
851091,1
851109,1
851114,1
851126,1
851130,1
851137,1
851145,1
851148,1
851151,1
851159,1
851164,1
851166,1
851200,1
851211,1
851215,1
851219,1
851222,1
851226,2
851230,1
851245,1
851259,1
851263,2
851265,1
851280,2
851284,1
851302,1
851318,1
851336,1
851352,1
851354,1
851360,1
851365,1
851375,1
851378,1
851391,2
851393,1
851396,1
851407,1
851413,1
851416,1
851419,1
851430,1
851436,1
851447,1
851451,1
851453,1
851456,1
851466,1
851476,1
851485,1
851491,1
851502,1
851504,1
851509,1
851513,1
851529,1
851548,1
851552,1
851564,1
851566,1
851599,1
851603,2
851618,1
851623,1
851630,1
851639,1
851651,1
851662,1
851666,1
851668,1
851670,1
851674,1
851686,2
851688,1
851691,1
851699,1
851704,1
851710,1
851718,2
851721,1
851734,1
851740,1
851751,1
851757,1
851772,1
851788,1
851791,1
851795,1
851810,1
851815,1
851828,1
851834,1
851836,1
851850,1
851867,1
851877,1
851889,1
851899,1
851925,2
851929,1
851932,1
851962,1
851970,1
851982,1
851987,1
852002,2
852005,1
852011,1
852020,1
852022,1
852025,1
852040,1
852046,1
852053,1
852056,1
852065,1
852075,1
852096,1
852105,1
852115,1
852129,1
852131,1
852141,1
852156,1
852173,1
852177,1
852208,1
852214,1
852229,1
852234,1
852237,1
852249,2
852252,1
852254,1
852260,1
852266,1
852271,1
852273,1
852286,1
852307,1
852312,1
852324,1
852329,1
852340,1
852348,1
852362,1
852381,1
852386,1
852420,1
852424,1
852431,1
852439,1
852443,1
852445,1
852453,1
852456,1
852461,2
852463,1
852477,1
852487,1
852495,1
852507,1
852512,1
852515,1
852517,1
852520,1
852542,1
852552,2
852555,2
852557,1
852560,1
852574,1
852579,1
852591,2
852596,1
852608,1
852612,1
852617,1
852629,1
852634,1
852636,1
852638,1
852647,1
852653,1
852665,1
852667,1
852687,1
852703,1
852705,1
852707,1
852720,1
852727,1
852742,1
852748,1
852759,1
852780,1
852782,1
852787,1
852792,1
852818,2
852824,1
852838,2
852841,1
852853,1
852857,1
852859,1
852864,1
852877,1
852891,1
852894,1
852915,1
852917,1
852920,1
852949,1
852952,1
852955,1
852975,1
852987,1
852989,1
852992,1
853008,1
853011,1
853025,1
853027,1
853029,1
853046,1
853052,1
853054,1
853061,1
853064,1
853067,1
853074,1
853120,1
853129,1
853145,2
853160,1
853162,1
853168,1
853180,1
853200,1
853204,1
853218,1
853229,1
853235,1
853237,1
853239,1
853272,1
853275,2
853293,1
853296,1
853300,1
853309,1
853314,1
853319,1
853321,1
853326,1
853330,1
853349,1
853354,1
853372,2
853387,1
853389,1
853408,1
853410,1
853428,2
853442,1
853444,1
853447,1
853464,1
853483,2
853487,1
853490,1
853492,1
853499,1
853506,1
853512,1
853520,1
853522,1
853531,1
853541,1
853544,1
853558,1
853560,1
853580,2
853587,1
853595,1
853599,1
853625,1
853632,1
853636,1
853639,1
853656,2
853672,1
853676,1
853703,1
853711,1
853730,2
853750,1
853768,2
853772,1
853782,1
853786,1
853790,1
853821,1
853829,1
853832,1
853846,1
853850,1
853861,1
853865,1
853882,1
853901,1
853918,1
853922,1
853939,1
853956,1
853958,1
853963,1
853977,1
853979,1
853995,1
853999,1
854015,1
854021,1
854040,1
854058,1
854073,1
854078,1
854081,1
854092,1
854105,1
854111,1
854117,1
854128,1
854131,2
854144,1
854171,1
854173,1
854184,1
854187,1
854189,1
854192,1
854201,1
854208,2
854225,1
854233,1
854236,1
854243,1
854281,1
854285,1
854300,1
854327,1
854335,1
854356,1
854359,1
854377,2
854381,1
854398,2
854406,1
854415,1
854431,1
854433,1
854436,1
854451,1
854455,1
854457,1
854461,1
854473,1
854489,1
854507,1
854510,1
854514,1
854546,1
854548,1
854554,1
854568,2
854571,1
854582,1
854586,1
854588,1
854590,1
854613,1
854618,1
854624,1
854627,1
854629,1
854643,1
854649,1
854661,1
854666,1
854674,1
854681,1
854687,1
854699,1
854709,1
854718,1
854721,1
854727,1
854729,1
854735,1
854756,1
854778,1
854785,1
854794,1
854796,1
854813,1
854817,1
854820,1
854831,1
854833,1
854835,1
854850,1
854854,1
854868,1
854888,1
854903,1
854907,1
854915,1
854927,1
854945,1
854953,1
854964,1
854966,1
854968,1
854978,1
854984,1
854986,1
854995,1
855003,1
855020,1
855022,1
855025,1
855038,1
855041,1
855058,1
855075,1
855078,1
855081,2
855096,1
855098,1
855118,1
855121,1
855132,1
855134,1
855136,1
855139,1
855162,1
855171,1
855173,1
855191,1
855194,2
855209,1
855229,1
855231,1
855235,1
855238,1
855251,1
855266,1
855281,1
855290,2
855306,1
855325,1
855342,1
855353,1
855356,1
855369,1
855374,1
855383,1
855385,1
855399,1
855401,1
855403,1
855406,1
855411,1
855421,1
855423,1
855427,1
855430,1
855439,1
855441,1
855443,1
855457,1
855459,1
855462,1
855473,1
855485,1
855496,1
855498,1
855505,1
855515,1
855517,1
855533,1
855537,1
855553,1
855555,1
855558,1
855561,1
855572,1
855574,1
855576,1
855590,1
855599,1
855621,1
855638,1
855642,1
855649,1
855651,1
855660,1
855663,1
855668,1
855674,1
855685,1
855687,1
855689,1
855692,1
855723,1
855727,1
855729,1
855744,1
855762,1
855782,1
855796,1
855800,1
855802,1
855804,1
855806,1
855809,1
855856,1
855858,1
855874,1
855876,1
855894,1
855896,1
855913,1
855920,1
855923,1
855934,1
855936,1
855938,1
855952,1
855955,1
855957,1
855984,1
855991,1
856008,1
856010,1
856023,1
856028,1
856030,1
856032,1
856037,1
856048,1
856050,1
856058,1
856066,1
856068,1
856074,1
856078,1
856086,1
856088,1
856104,1
856106,1
856121,1
856126,1
856129,1
856140,1
856143,1
856150,1
856170,1
856179,1
856181,1
856183,1
856186,1
856212,1
856217,1
856219,1
856221,1
856229,1
856238,1
856247,1
856250,1
856258,1
856273,1
856275,1
856294,1
856305,1
856311,1
856332,1
856350,1
856369,1
856371,1
856392,1
856395,1
856408,1
856410,1
856413,1
856424,1
856426,1
856429,1
856436,1
856445,1
856447,1
856449,1
856457,1
856469,1
856481,1
856484,1
856494,1
856503,1
856505,1
856522,1
856534,1
856540,1
856542,1
856545,1
856560,1
856565,1
856578,1
856581,1
856597,1
856608,1
856618,1
856622,1
856624,1
856627,1
856637,1
856639,1
856645,1
856672,1
856686,1
856695,2
856710,1
856740,1
856748,1
856751,1
856755,1
856758,1
856774,1
856786,1
856788,1
856791,1
856793,1
856805,1
856824,1
856826,1
856828,1
856845,1
856853,1
856864,1
856871,1
856878,1
856883,1
856886,1
856889,1
856903,1
856918,1
856923,1
856940,1
856954,1
856973,1
856977,1
856979,1
856982,1
856996,1
856998,1
857024,1
857036,1
857051,1
857054,1
857057,1
857072,1
857091,1
857100,1
857114,1
857119,1
857128,1
857132,1
857139,1
857152,1
857167,1
857175,1
857181,1
857189,1
857205,1
857207,1
857210,1
857213,1
857226,1
857229,1
857237,1
857244,1
857254,1
857259,1
857264,1
857267,1
857281,1
857285,1
857297,1
857302,1
857304,1
857320,1
857350,1
857374,1
857395,1
857397,1
857401,1
857414,1
857416,1
857418,1
857422,1
857426,1
857435,1
857451,1
857453,1
857455,1
857458,1
857469,1
857473,1
857481,1
857490,1
857492,1
857495,2
857508,1
857510,1
857512,1
857536,1
857544,1
857548,1
857552,1
857554,1
857557,1
857580,1
857590,1
857605,1
857614,1
857624,1
857639,1
857644,2
857650,1
857669,1
857674,1
857678,1
857683,1
857694,1
857699,1
857701,1
857704,1
857712,1
857715,1
857718,1
857721,1
857725,2
857741,1
857758,1
857774,1
857776,1
857779,1
857793,1
857796,1
857804,1
857813,1
857815,1
857831,1
857834,2
857850,1
857852,1
857881,1
857890,1
857895,1
857900,1
857909,1
857911,1
857913,1
857926,1
857928,1
857949,1
857955,1
857964,1
857967,1
857972,1
857980,1
857986,1
857989,1
858003,1
858025,1
858032,1
858040,1
858044,2
858061,1
858064,1
858080,1
858095,1
858099,1
858116,1
858118,1
858122,2
858125,1
858137,1
858144,1
858172,1
858176,1
858192,1
858194,1
858197,1
858212,1
858216,1
858232,1
858234,1
858240,1
858252,1
858261,1
858268,1
858271,1
858287,1
858290,1
858305,1
858314,1
858326,1
858344,1
858346,1
858352,1
858355,1
858365,1
858370,1
858384,1
858387,1
858401,1
858404,1
858408,1
858420,1
858424,1
858439,1
858458,1
858460,1
858474,1
858481,1
858492,1
858502,1
858527,1
858537,1
858540,1
858543,1
858559,1
858562,1
858575,1
858580,1
858592,1
858603,1
858613,1
858615,1
858631,1
858633,1
858646,1
858666,1
858668,1
858673,1
858692,1
858707,1
858709,1
858716,1
858724,1
858727,1
858730,1
858733,1
858744,1
858746,1
858751,1
858758,1
858762,1
858766,1
858770,1
858773,1
858791,1
858798,1
858805,1
858819,1
858824,1
858840,1
858861,1
858877,1
858894,1
858896,1
858899,1
858901,1
858909,1
858915,1
858919,1
858921,1
858928,1
858934,1
858937,1
858940,1
858946,1
858955,1
858970,1
858972,1
858989,1
858991,1
859024,1
859029,1
859046,1
859048,1
859051,1
859053,1
859069,1
859086,1
859089,1
859101,1
859103,1
859107,1
859109,1
859113,1
859116,1
859126,1
859137,1
859141,1
859145,1
859147,1
859164,2
859178,1
859193,1
859201,1
859203,1
859215,1
859222,1
859225,1
859238,1
859241,1
859254,1
859258,1
859262,1
859272,1
859277,1
859292,1
859302,1
859307,1
859320,1
859334,1
859336,1
859352,1
859354,1
859370,1
859372,1
859376,1
859386,1
859390,1
859394,1
859410,1
859425,1
859442,1
859450,1
859466,1
859485,1
859503,1
859507,1
859521,1
859525,1
859541,1
859543,1
859554,1
859560,1
859563,1
859577,1
859581,1
859599,1
859617,1
859636,1
859638,1
859640,1
859643,1
859658,1
859660,1
859674,1
859676,1
859693,1
859712,1
859714,1
859730,1
859732,1
859734,1
859736,1
859750,1
859752,1
859764,1
859768,1
859784,1
859788,1
859801,1
859810,1
859820,1
859828,1
859836,1
859845,1
859848,1
859850,1
859856,1
859865,1
859867,1
859883,1
859886,1
859890,1
859900,1
859903,1
859913,1
859922,1
859924,1
859926,1
859942,1
859957,1
859962,1
859977,1
859982,1
859994,1
860000,1
860002,1
860017,1
860030,1
860037,1
860041,1
860055,1
860071,1
860073,1
860076,1
860093,1
860095,1
860097,1
860100,1
860110,1
860112,1
860115,1
860117,1
860129,1
860131,1
860133,1
860146,1
860149,1
860154,1
860168,1
860170,1
860172,1
860176,1
860189,1
860203,1
860211,1
860226,1
860232,1
860235,1
860264,1
860266,1
860279,1
860285,1
860297,1
860303,1
860336,1
860341,1
860347,1
860361,1
860364,1
860378,1
860401,1
860418,2
860435,1
860441,1
860454,1
860456,1
860470,1
860474,1
860489,1
860492,1
860508,1
860511,1
860513,1
860530,1
860544,1
860548,1
860566,1
860570,1
860572,1
860584,1
860606,1
860608,1
860610,1
860612,1
860625,1
860627,1
860642,1
860645,1
860661,1
860672,1
860678,1
860685,1
860690,1
860702,1
860723,1
860735,1
860740,1
860743,1
860758,1
860782,1
860811,1
860817,1
860819,1
860833,1
860836,1
860839,1
860850,1
860852,1
860859,1
860870,1
860874,1
860879,1
860892,1
860895,1
860917,1
860927,1
860931,1
860946,1
860952,1
860968,1
860985,1
860991,1
861006,1
861023,1
861030,1
861033,1
861044,1
861047,2
861058,1
861063,1
861081,1
861097,1
861099,1
861106,1
861117,1
861120,1
861122,1
861125,1
861134,1
861138,1
861142,1
861155,1
861158,1
861168,1
861177,1
861182,1
861185,1
861197,1
861207,1
861222,1
861234,1
861254,2
861270,1
861272,1
861274,1
861277,1
861290,1
861294,2
861324,1
861330,1
861338,1
861350,1
861356,1
861364,1
861370,1
861373,1
861385,1
861387,1
861406,1
861413,1
861419,1
861430,1
861439,1
861443,1
861451,1
861458,1
861461,1
861466,1
861470,1
861479,1
861488,1
861495,1
861498,1
861516,1
861535,1
861538,1
861552,1
861565,1
861572,1
861576,1
861578,1
861581,1
861597,2
861611,1
861613,1
861616,1
861620,2
861632,1
861635,1
861640,1
861646,1
861649,1
861655,1
861657,1
861659,1
861669,1
861671,1
861673,1
861686,1
861705,1
861722,1
861727,1
861729,1
861744,1
861748,1
861750,1
861783,1
861801,1
861807,1
861822,1
861824,1
861858,1
861861,1
861869,1
861880,1
861893,1
861897,1
861903,1
861918,1
861936,1
861939,1
861953,1
861956,1
861959,1
861973,1
861975,1
861983,1
861990,1
861992,1
861995,1
861998,1
862001,1
862013,1
862027,1
862029,1
862032,1
862034,1
862046,1
862050,1
862055,1
862072,1
862075,1
862088,1
862091,1
862107,1
862124,1
862127,1
862131,1
862145,1
862147,1
862163,1
862167,2
862183,1
862185,1
862202,1
862204,1
862220,1
862239,1
862241,1
862259,1
862277,1
862292,1
862296,1
862298,1
862308,1
862315,1
862317,1
862334,1
862336,1
862352,1
862355,1
862357,1
862371,1
862373,1
862375,1
862377,1
862393,1
862399,1
862413,1
862429,1
862433,1
862437,1
862450,1
862460,1
862468,1
862480,1
862488,1
862502,1
862506,1
862514,1
862520,1
862525,1
862544,1
862560,1
862564,1
862576,1
862584,2
862597,1
862599,1
862604,1
862606,1
862614,1
862620,1
862623,2
862636,1
862639,1
862641,1
862659,2
862663,1
862679,1
862685,1
862696,1
862698,1
862714,1
862717,2
862727,1
862735,1
862751,1
862753,1
862755,1
862759,1
862770,1
862790,1
862795,1
862800,1
862808,1
862845,1
862852,1
862855,1
862868,1
862870,1
862877,1
862888,1
862904,1
862911,1
862920,1
862943,1
862969,1
862983,1
863001,1
863017,1
863033,1
863051,1
863057,1
863060,1
863071,1
863094,1
863106,1
863113,1
863132,1
863155,1
863171,1
863191,1
863207,1
863226,1
863228,1
863230,1
863246,1
863264,1
863283,1
863301,1
863303,1
863310,1
863321,1
863325,1
863339,1
863359,1
863361,1
863369,1
863383,1
863397,1
863405,1
863422,1
863443,1
863446,1
863455,1
863459,1
863474,1
863480,1
863484,1
863493,1
863512,1
863515,2
863534,1
863537,1
863551,1
863569,1
863572,1
863591,1
863599,1
863610,1
863615,1
863628,2
863647,1
863662,1
863666,2
863685,1
863691,1
863704,2
863708,1
863711,1
863717,1
863727,2
863742,1
863757,1
863760,1
863763,1
863780,1
863785,1
863800,1
863802,1
863816,1
863818,1
863822,1
863836,1
863841,1
863856,1
863873,1
863875,1
863883,1
863892,1
863895,1
863910,1
863912,1
863914,1
863931,1
863944,1
863950,1
863953,1
863955,1
863960,1
863970,1
863987,1
863989,1
863994,1
863997,1
864007,1
864009,1
864013,1
864026,1
864028,1
864030,1
864038,1
864045,1
864047,1
864052,1
864063,1
864066,1
864084,2
864091,1
864102,1
864104,1
864106,1
864121,1
864136,1
864139,1
864179,1
864196,1
864198,1
864208,1
864214,1
864216,1
864218,1
864235,1
864243,1
864291,1
864310,1
864329,1
864347,1
864349,1
864356,2
864386,1
864388,1
864442,1
864445,1
864450,1
864458,1
864463,1
864466,1
864470,1
864482,1
864485,2
864500,1
864525,1
864538,1
864545,1
864557,1
864559,1
864576,1
864582,1
864595,1
864598,1
864602,1
864604,1
864615,1
864617,1
864619,1
864633,1
864638,1
864640,1
864645,1
864655,1
864670,1
864673,1
864705,1
864709,1
864713,1
864746,1
864749,1
864763,1
864771,1
864787,2
864799,1
864803,1
864823,1
864838,1
864843,1
864872,1
864880,1
864883,1
864886,2
864888,1
864904,2
864918,1
864922,2
864939,1
864956,1
864970,1
864977,1
865012,1
865033,1
865042,1
865051,1
865059,1
865070,1
865074,1
865092,1
865109,1
865113,1
865128,1
865131,1
865143,1
865146,1
865153,1
865160,1
865167,1
865170,1
865197,1
865199,1
865205,1
865222,1
865239,1
865242,1
865278,1
865280,1
865282,1
865284,1
865296,1
865299,1
865313,1
865317,1
865319,1
865327,1
865336,1
865339,1
865341,1
865354,1
865356,1
865359,1
865362,1
865374,1
865377,1
865393,1
865395,1
865404,1
865409,1
865414,2
865417,1
865420,1
865437,2
865445,1
865449,1
865452,1
865455,1
865463,1
865471,1
865480,1
865489,1
865493,1
865525,1
865530,1
865538,1
865550,1
865565,1
865567,1
865583,1
865585,1
865602,1
865605,1
865609,1
865638,1
865658,1
865664,1
865667,1
865680,1
865683,1
865715,1
865751,1
865754,1
865760,1
865772,1
865776,1
865793,1
865803,1
865811,1
865815,1
865817,1
865832,1
865850,1
865854,1
865869,1
865889,1
865905,1
865924,1
865967,1
865984,1
866001,1
866018,1
866022,1
866024,1
866041,1
866046,1
866056,1
866061,1
866077,1
866079,1
866083,1
866091,1
866097,1
866100,1
866116,1
866131,1
866134,1
866137,1
866141,1
866143,1
866155,1
866157,1
866159,1
866164,1
866173,1
866176,1
866187,1
866192,1
866195,1
866206,1
866211,1
866214,1
866218,1
866220,1
866231,1
866233,1
866235,1
866248,1
866251,1
866267,1
866276,1
866290,1
866303,1
866308,1
866324,1
866330,1
866340,1
866346,1
866351,1
866363,1
866365,1
866378,1
866381,1
866384,1
866400,1
866418,1
866431,2
866440,1
866457,1
866460,1
866462,1
866467,1
866476,1
866479,1
866494,1
866496,1
866499,2
866506,1
866512,1
866516,1
866520,1
866545,1
866552,1
866570,1
866574,1
866588,1
866593,1
866598,1
866644,1
866648,1
866650,1
866654,1
866664,1
866667,1
866671,1
866682,1
866686,1
866706,1
866723,1
866725,1
866727,1
866740,1
866742,1
866745,1
866779,1
866782,1
866799,1
866803,1
866812,1
866818,1
866823,1
866825,1
866827,1
866841,1
866844,2
866858,1
866875,2
866895,1
866897,1
866902,1
866914,1
866918,1
866929,1
866948,1
866954,1
866968,1
866978,1
866986,1
866992,1
867004,1
867009,1
867012,1
867015,1
867026,1
867030,1
867032,1
867045,1
867049,1
867055,1
867066,1
867069,1
867083,1
867095,1
867101,1
867104,1
867107,1
867111,1
867113,1
867118,1
867124,1
867127,1
867141,1
867150,1
867155,1
867180,1
867182,1
867195,1
867199,1
867205,1
867218,1
867221,1
867234,1
867236,1
867238,1
867244,1
867257,1
867259,1
867262,1
867274,1
867277,1
867279,1
867296,1
867310,1
867312,1
867317,1
867320,1
867333,1
867350,1
867352,1
867368,1
867388,1
867390,1
867404,1
867428,1
867430,1
867433,1
867442,1
867447,1
867450,1
867461,1
867467,1
867482,1
867485,1
867500,1
867519,1
867521,1
867523,1
867535,1
867543,1
867560,1
867577,1
867580,1
867582,1
867593,1
867601,1
867604,1
867635,1
867653,1
867662,1
867675,1
867678,1
867684,1
867691,1
867694,1
867696,1
867718,1
867764,1
867769,1
867788,1
867791,1
867805,1
867823,1
867826,1
867828,1
867830,1
867844,1
867852,1
867863,1
867866,1
867878,1
867880,1
867883,1
867889,1
867893,1
867899,1
867906,1
867919,1
867924,1
867955,1
867959,1
867961,1
867964,1
867970,1
867978,1
867994,1
867996,1
867998,1
868001,1
868013,1
868015,1
868021,1
868053,1
868057,1
868076,1
868078,1
868087,1
868092,1
868094,1
868096,1
868101,1
868110,1
868129,1
868131,1
868135,2
868146,1
868153,1
868156,1
868168,1
868170,1
868181,1
868185,1
868187,1
868189,1
868193,1
868195,1
868207,1
868210,2
868212,1
868225,1
868237,1
868247,1
868265,1
868275,1
868279,1
868283,1
868287,1
868298,1
868300,1
868302,1
868305,1
868307,1
868320,1
868322,1
868333,1
868335,1
868338,1
868340,1
868342,1
868349,1
868356,1
868359,1
868362,1
868364,1
868377,1
868381,1
868392,1
868410,1
868414,1
868418,1
868451,1
868460,1
868464,1
868472,1
868476,1
868478,1
868491,1
868493,1
868495,1
868500,1
868505,1
868512,1
868526,1
868528,1
868534,1
868548,1
868552,2
868566,1
868581,1
868589,1
868592,1
868603,1
868618,1
868644,1
868646,1
868648,1
868662,1
868672,1
868680,1
868691,1
868694,1
868698,1
868701,1
868707,1
868721,1
868738,1
868757,1
868776,1
868785,1
868794,1
868798,1
868813,1
868816,1
868832,1
868834,1
868849,1
868870,1
868872,1
868890,1
868892,1
868894,1
868908,1
868911,1
868917,1
868920,1
868924,1
868929,1
868932,1
868943,1
868978,1
868985,1
868998,1
869009,1
869016,1
869022,1
869025,1
869040,1
869054,1
869060,1
869062,1
869067,2
869069,1
869082,1
869097,1
869102,1
869104,1
869115,1
869134,1
869136,1
869141,1
869154,1
869157,1
869161,1
869170,1
869172,1
869176,1
869189,1
869193,1
869198,1
869201,1
869212,1
869216,1
869228,1
869234,1
869240,1
869246,1
869251,1
869270,1
869285,1
869289,1
869307,1
869313,1
869325,1
869327,1
869330,1
869338,1
869345,1
869358,1
869363,1
869365,1
869371,1
869383,1
869403,1
869419,1
869435,1
869438,1
869440,1
869447,1
869455,1
869458,1
869463,1
869466,1
869476,1
869487,1
869496,1
869500,2
869503,1
869517,1
869535,1
869543,1
869551,1
869556,1
869578,1
869585,1
869591,1
869593,1
869597,1
869606,1
869610,1
869617,1
869628,1
869634,1
869649,1
869668,1
869691,1
869693,1
869711,1
869721,1
869726,1
869728,1
869730,1
869740,1
869747,2
869749,1
869760,1
869767,1
869771,1
869782,1
869784,1
869796,1
869801,1
869807,1
869819,1
869822,1
869833,1
869855,1
869878,1
869889,1
869896,1
869899,1
869904,1
869914,1
869917,1
869919,1
869930,1
869934,1
869936,1
869961,1
869968,1
869973,1
869975,1
869982,1
869990,1
869992,1
869994,1
869998,1
870004,1
870006,1
870011,1
870019,1
870024,1
870029,1
870033,1
870049,1
870064,1
870089,1
870103,1
870124,1
870127,1
870129,1
870132,1
870144,1
870148,1
870159,1
870161,1
870164,1
870185,1
870187,1
870195,1
870204,1
870218,1
870224,1
870235,1
870237,1
870240,1
870245,1
870258,2
870260,1
870262,1
870264,1
870275,1
870277,1
870279,1
870282,1
870295,1
870310,1
870317,1
870348,1
870350,1
870355,1
870387,1
870391,1
870408,1
870421,1
870429,2
870449,1
870452,1
870454,1
870468,1
870471,1
870473,1
870486,1
870495,1
870509,1
870512,1
870542,1
870547,1
870560,1
870565,1
870568,1
870581,1
870587,1
870599,1
870613,1
870617,1
870619,1
870623,1
870652,1
870656,1
870667,1
870675,1
870679,1
870682,1
870684,1
870700,1
870709,1
870714,1
870718,1
870731,1
870733,1
870740,1
870750,1
870753,1
870766,1
870769,1
870786,1
870808,1
870828,1
870846,1
870875,1
870881,1
870885,1
870889,1
870904,1
870927,1
870936,1
870938,1
870941,1
870948,1
870960,1
870962,1
870964,1
870973,1
870980,1
870996,1
870999,1
871001,1
871008,1
871032,1
871038,1
871043,1
871055,1
871062,1
871071,1
871076,1
871078,1
871097,1
871106,1
871126,1
871132,2
871145,1
871150,1
871152,1
871157,1
871173,1
871184,1
871196,1
871208,1
871219,1
871222,1
871250,1
871262,1
871269,1
871285,1
871293,1
871319,1
871322,1
871333,1
871341,1
871346,1
871353,1
871359,1
871365,1
871368,1
871375,1
871379,1
871381,1
871384,1
871397,1
871400,1
871413,1
871415,1
871421,1
871428,1
871433,1
871440,1
871460,1
871469,1
871474,1
871480,1
871483,1
871491,1
871507,1
871511,1
871527,1
871535,1
871549,1
871570,1
871595,1
871626,1
871628,1
871642,1
871645,1
871647,1
871649,1
871651,1
871653,1
871663,1
871699,1
871705,1
871707,1
871729,1
871738,1
871740,1
871745,1
871753,1
871756,1
871765,1
871784,1
871794,1
871832,1
871838,1
871852,1
871854,1
871857,1
871860,1
871871,1
871874,1
871877,1
871889,1
871893,1
871926,1
871928,1
871933,1
871935,1
871943,1
871950,1
871954,1
871960,1
871970,1
871986,1
872002,1
872023,2
872029,1
872060,1
872066,1
872079,1
872083,1
872094,1
872103,1
872108,1
872120,1
872135,1
872144,1
872158,1
872172,1
872181,1
872199,1
872205,1
872211,1
872228,1
872231,1
872267,1
872271,1
872282,1
872293,1
872295,1
872297,1
872299,1
872309,1
872312,1
872325,1
872331,1
872334,1
872347,1
872350,1
872354,1
872371,1
872383,1
872386,1
872392,1
872402,1
872423,2
872427,1
872435,1
872440,1
872445,1
872456,1
872461,1
872463,1
872466,1
872483,1
872486,1
872492,1
872500,1
872506,2
872511,1
872517,1
872520,1
872523,1
872526,1
872542,1
872554,1
872556,1
872575,1
872590,1
872597,1
872600,1
872603,1
872608,1
872612,1
872617,1
872634,1
872637,1
872649,1
872652,1
872668,1
872684,1
872687,1
872692,1
872701,1
872709,1
872715,1
872723,1
872727,1
872732,1
872734,1
872744,1
872763,1
872780,1
872788,1
872796,1
872802,1
872809,1
872811,1
872821,1
872824,1
872827,1
872829,1
872837,1
872843,1
872846,1
872857,1
872860,1
872871,1
872876,1
872879,1
872885,1
872890,1
872919,1
872947,1
872957,1
872963,1
872978,1
872997,1
873007,1
873019,1
873025,1
873028,1
873030,1
873043,1
873050,2
873052,1
873054,1
873068,1
873071,1
873075,1
873077,1
873086,1
873090,1
873094,1
873102,1
873113,1
873119,1
873124,1
873127,1
873129,1
873135,1
873152,1
873157,1
873175,1
873179,1
873183,1
873185,1
873199,1
873203,1
873208,1
873218,1
873224,1
873236,1
873246,1
873259,1
873264,1
873276,1
873279,1
873293,1
873315,1
873338,1
873353,1
873358,1
873372,1
873389,1
873392,1
873394,1
873405,1
873418,1
873426,1
873428,1
873438,1
873443,1
873456,1
873461,1
873467,1
873473,1
873478,1
873482,1
873489,1
873496,1
873518,1
873523,1
873528,1
873532,1
873547,1
873550,1
873559,1
873564,1
873567,1
873569,1
873588,1
873596,1
873622,1
873624,1
873634,1
873640,1
873645,1
873661,1
873693,1
873696,1
873701,1
873704,1
873716,1
873720,1
873732,1
873737,1
873745,1
873749,1
873754,1
873760,1
873764,1
873771,1
873773,1
873790,1
873792,1
873808,1
873832,1
873834,1
873849,1
873854,1
873867,1
873871,1
873885,1
873890,1
873902,1
873905,1
873912,1
873917,1
873922,1
873925,1
873930,1
873937,1
873945,1
873948,1
873950,1
873958,1
873964,1
873967,1
873997,1
874015,1
874024,1
874027,1
874036,1
874043,1
874052,1
874074,1
874092,1
874094,1
874113,1
874118,1
874121,1
874135,1
874138,1
874150,1
874152,1
874155,1
874175,1
874178,1
874184,1
874192,1
874202,1
874208,1
874210,1
874212,1
874216,1
874219,1
874223,1
874230,1
874236,1
874240,1
874244,1
874246,1
874252,1
874263,1
874273,1
874283,1
874288,1
874304,1
874309,1
874321,1
874323,1
874327,1
874336,1
874342,1
874349,1
874352,1
874357,1
874361,1
874367,1
874372,1
874379,1
874383,1
874397,1
874399,1
874412,1
874417,1
874421,1
874424,1
874447,1
874453,1
874455,1
874459,1
874471,1
874480,1
874483,1
874491,1
874495,1
874497,1
874529,1
874538,1
874548,1
874552,1
874557,1
874575,1
874588,1
874592,1
874605,1
874608,1
874611,1
874623,1
874636,1
874639,1
874654,1
874661,1
874663,1
874669,1
874677,1
874684,1
874686,1
874698,1
874709,1
874724,1
874738,1
874747,1
874757,1
874773,1
874784,1
874786,1
874796,1
874799,1
874804,1
874806,1
874811,1
874816,1
874819,1
874821,1
874825,1
874828,1
874839,1
874850,1
874855,1
874859,1
874865,1
874872,1
874876,2
874881,1
874890,1
874893,1
874896,1
874916,1
874920,1
874926,1
874936,1
874948,1
874952,1
874956,1
874965,1
874968,1
874971,1
874985,1
874987,1
874993,1
874996,1
875005,1
875009,1
875015,1
875027,1
875050,1
875056,1
875065,1
875074,1
875084,1
875087,1
875101,1
875106,1
875112,1
875118,1
875123,2
875125,1
875129,1
875141,1
875156,1
875160,1
875166,1
875175,1
875177,1
875180,1
875184,1
875187,1
875199,1
875211,1
875215,1
875218,1
875222,1
875230,1
875234,1
875240,1
875242,1
875254,1
875256,1
875258,1
875261,1
875274,2
875278,1
875292,1
875295,1
875297,1
875310,1
875316,1
875328,1
875348,1
875350,1
875356,1
875382,1
875384,1
875394,1
875404,1
875406,1
875411,1
875422,1
875425,1
875437,1
875439,1
875441,1
875445,1
875447,1
875451,1
875457,1
875466,1
875480,1
875482,1
875489,1
875491,1
875498,1
875500,1
875505,1
875511,1
875515,1
875519,1
875522,1
875526,1
875533,1
875539,1
875543,1
875554,1
875556,1
875566,1
875576,1
875590,1
875593,1
875595,1
875599,1
875611,1
875620,1
875624,1
875635,1
875649,1
875668,1
875671,1
875674,1
875680,1
875691,1
875703,1
875707,1
875720,1
875727,1
875731,1
875738,1
875745,1
875748,1
875750,1
875752,1
875764,1
875766,1
875768,1
875777,1
875783,1
875791,1
875807,1
875823,1
875840,1
875857,1
875881,1
875897,1
875900,1
875902,1
875924,1
875943,1
875951,1
875957,1
875960,1
875964,1
875974,1
875976,1
875978,1
875992,1
875995,1
875997,1
876001,1
876010,1
876013,1
876018,1
876028,1
876033,1
876049,1
876059,1
876061,1
876069,1
876074,1
876078,1
876089,1
876092,1
876099,1
876104,1
876109,1
876111,1
876114,1
876136,1
876152,1
876163,1
876168,1
876183,1
876186,1
876188,1
876204,2
876220,1
876224,1
876230,1
876241,1
876256,1
876259,1
876261,1
876263,1
876288,1
876299,1
876307,1
876315,1
876318,1
876322,1
876343,1
876350,1
876358,1
876362,1
876374,1
876377,1
876379,1
876386,1
876392,1
876398,1
876413,1
876425,1
876433,2
876436,1
876448,1
876451,1
876455,1
876461,1
876468,1
876471,1
876473,1
876487,1
876497,1
876506,1
876509,1
876517,1
876524,1
876543,1
876559,1
876575,1
876582,1
876586,1
876597,1
876600,1
876602,1
876621,1
876637,1
876643,1
876651,1
876660,1
876676,1
876678,1
876680,1
876695,1
876697,1
876700,1
876716,1
876724,1
876732,1
876739,1
876748,1
876753,1
876756,1
876764,1
876768,1
876771,1
876774,1
876776,1
876778,1
876780,1
876795,1
876809,1
876831,1
876834,1
876846,1
876851,1
876853,1
876865,1
876868,1
876871,2
876887,1
876902,1
876921,1
876926,1
876934,1
876942,1
876959,1
876961,1
876965,1
876967,1
876973,1
876981,1
876984,1
876994,1
876999,1
877004,1
877012,1
877018,1
877022,1
877038,1
877059,1
877066,1
877079,1
877082,1
877085,1
877099,1
877119,1
877133,1
877147,1
877150,1
877153,1
877157,1
877171,1
877175,1
877189,1
877205,1
877207,1
877209,1
877211,1
877215,1
877221,1
877226,1
877229,1
877233,1
877238,1
877248,1
877251,1
877258,1
877267,1
877277,1
877284,1
877302,1
877306,1
877308,1
877315,1
877323,1
877340,1
877342,1
877345,1
877348,1
877354,1
877362,1
877365,2
877377,1
877384,1
877402,1
877417,1
877425,1
877429,1
877439,1
877442,2
877458,1
877465,1
877471,1
877482,1
877494,1
877511,1
877514,1
877535,1
877548,1
877550,1
877560,1
877568,1
877571,1
877575,1
877586,1
877589,1
877592,1
877594,1
877609,1
877618,1
877627,1
877637,1
877644,1
877649,1
877651,1
877675,1
877686,1
877693,1
877695,1
877701,1
877708,1
877720,1
877726,1
877734,1
877741,1
877745,1
877750,1
877772,1
877778,1
877780,1
877784,1
877791,1
877816,1
877818,1
877820,1
877827,1
877831,1
877833,1
877848,1
877852,1
877856,1
877859,1
877875,2
877885,1
877894,1
877897,1
877916,1
877924,1
877934,1
877936,1
877949,1
877952,1
877957,1
877964,1
877966,1
877991,1
877995,1
878000,1
878007,1
878012,1
878019,1
878031,1
878034,1
878043,1
878065,1
878069,1
878075,1
878084,1
878088,1
878094,1
878103,1
878107,2
878119,1
878122,1
878127,1
878137,1
878139,1
878152,1
878159,1
878162,1
878168,1
878191,1
878195,1
878200,1
878213,1
878216,1
878223,1
878227,1
878237,1
878247,1
878252,1
878254,1
878257,1
878259,1
878270,1
878273,1
878275,1
878279,1
878309,1
878311,1
878316,1
878331,1
878334,2
878337,1
878343,1
878348,1
878354,1
878368,1
878379,1
878386,1
878392,1
878405,1
878416,1
878424,1
878440,1
878445,1
878447,1
878456,1
878464,2
878466,1
878471,1
878476,1
878480,1
878483,1
878489,1
878502,1
878504,1
878524,1
878526,1
878539,1
878556,1
878558,1
878568,1
878576,1
878580,1
878596,1
878600,1
878602,1
878609,1
878614,1
878616,1
878620,1
878635,1
878639,1
878652,1
878669,1
878672,1
878689,1
878693,1
878708,1
878721,1
878729,1
878745,1
878750,1
878768,2
878787,1
878792,1
878799,1
878806,1
878812,1
878823,1
878827,1
878840,1
878843,1
878859,1
878867,1
878880,1
878899,1
878918,1
878939,1
878948,1
878959,1
878974,1
878992,1
878997,2
879011,1
879017,1
879030,1
879034,1
879036,1
879044,1
879052,1
879055,2
879058,1
879060,1
879071,1
879074,1
879076,1
879089,1
879094,1
879096,1
879103,1
879107,1
879123,1
879129,1
879140,1
879143,1
879151,1
879153,1
879161,1
879185,1
879200,1
879205,1
879215,1
879223,1
879227,1
879230,1
879236,1
879245,1
879260,1
879263,2
879265,1
879267,1
879274,1
879283,1
879291,1
879298,1
879304,1
879312,1
879314,1
879323,1
879336,1
879339,1
879356,1
879371,1
879395,1
879398,1
879409,1
879411,1
879414,1
879416,1
879418,1
879421,1
879449,1
879453,1
879456,1
879458,1
879470,1
879472,1
879475,1
879489,1
879505,1
879507,1
879526,1
879533,1
879545,1
879549,1
879552,1
879563,1
879567,1
879571,1
879583,1
879585,1
879587,1
879589,1
879598,1
879602,1
879604,1
879620,1
879634,1
879643,1
879645,1
879647,1
879652,1
879661,1
879663,1
879681,1
879687,1
879697,1
879701,1
879711,1
879716,1
879720,1
879739,1
879753,1
879773,1
879777,1
879779,1
879789,1
879791,1
879795,1
879812,1
879818,1
879826,1
879832,1
879848,1
879855,1
879857,1
879867,1
879871,1
879874,1
879883,1
879888,1
879905,1
879907,1
879925,1
879944,1
879949,1
879962,1
879964,1
879981,1
879986,1
880016,1
880020,1
880023,1
880039,1
880058,1
880061,1
880072,1
880077,1
880080,1
880083,1
880092,1
880097,1
880100,2
880134,1
880137,1
880140,1
880148,1
880154,1
880172,1
880186,1
880204,1
880207,1
880212,1
880219,1
880229,1
880248,1
880251,1
880265,1
880269,1
880272,1
880274,1
880282,1
880290,2
880292,1
880294,1
880296,1
880308,1
880311,1
880343,1
880347,1
880349,1
880357,1
880368,1
880373,1
880384,1
880392,1
880396,1
880401,1
880405,1
880418,1
880420,1
880437,1
880439,1
880443,1
880463,1
880474,1
880480,1
880482,1
880494,1
880498,1
880500,1
880514,1
880516,1
880518,1
880529,1
880532,1
880535,1
880539,1
880542,1
880544,1
880548,1
880551,1
880559,1
880581,1
880591,1
880593,1
880596,1
880598,1
880609,1
880614,1
880626,1
880637,1
880643,1
880647,1
880652,1
880658,1
880663,1
880665,1
880671,1
880686,1
880699,1
880703,1
880710,1
880724,2
880728,1
880731,1
880745,1
880749,1
880753,1
880762,1
880764,1
880774,1
880779,1
880781,1
880783,1
880785,1
880790,1
880800,1
880818,1
880822,1
880837,1
880854,1
880857,1
880875,1
880891,1
880897,1
880901,1
880906,1
880913,1
880915,1
880919,1
880936,1
880949,1
880955,1
880964,1
880974,2
880988,1
880991,1
881009,1
881011,1
881027,1
881030,1
881033,1
881043,1
881047,1
881049,1
881055,1
881061,1
881065,1
881067,1
881070,1
881085,1
881100,1
881104,1
881121,1
881127,1
881143,1
881164,1
881166,1
881199,1
881202,1
881215,1
881220,1
881222,1
881225,1
881237,1
881241,1
881244,1
881255,1
881259,1
881263,1
881272,1
881276,1
881292,1
881296,1
881305,1
881317,1
881333,1
881338,1
881347,1
881349,1
881353,1
881368,1
881373,1
881383,1
881385,1
881390,1
881398,1
881409,1
881413,1
881425,1
881428,1
881431,1
881434,1
881445,1
881448,1
881463,1
881466,1
881473,1
881487,1
881489,1
881501,1
881504,1
881514,1
881517,1
881523,1
881536,1
881538,1
881540,1
881545,1
881556,1
881563,1
881574,1
881576,1
881581,1
881584,1
881598,1
881612,1
881614,1
881621,1
881623,1
881630,1
881634,1
881640,1
881645,2
881650,1
881656,1
881671,1
881675,1
881677,1
881689,1
881699,1
881712,1
881727,1
881730,1
881738,1
881746,1
881751,1
881766,1
881769,1
881773,1
881783,1
881791,1
881800,1
881803,1
881807,1
881811,1
881844,1
881850,1
881866,1
881870,1
881882,1
881898,1
881900,1
881905,1
881915,1
881918,1
881920,1
881924,1
881926,1
881928,1
881931,1
881936,1
881942,1
881945,1
881952,1
881959,1
881961,1
881967,1
881978,1
881986,1
881996,1
882001,1
882011,1
882015,1
882019,1
882021,1
882023,1
882027,1
882037,1
882039,1
882068,1
882087,1
882089,1
882094,1
882098,1
882108,1
882124,1
882129,1
882141,1
882149,1
882151,1
882154,1
882167,1
882169,1
882172,1
882186,1
882196,1
882209,1
882215,1
882222,1
882229,1
882240,1
882247,1
882249,1
882262,1
882264,1
882268,1
882271,1
882276,1
882283,1
882286,1
882298,1
882306,1
882310,1
882314,1
882322,1
882325,1
882337,1
882352,1
882355,1
882370,1
882379,1
882397,1
882399,1
882415,1
882423,1
882434,1
882439,1
882448,1
882451,1
882456,1
882467,1
882486,1
882490,1
882493,1
882507,2
882509,1
882512,1
882515,1
882518,1
882529,1
882532,1
882543,1
882545,1
882547,1
882549,1
882551,1
882555,1
882567,1
882582,1
882588,1
882600,1
882603,1
882608,1
882621,1
882623,1
882629,1
882639,1
882646,1
882665,1
882674,1
882682,1
882685,1
882693,1
882715,1
882717,1
882734,2
882741,1
882758,1
882771,1
882777,1
882779,1
882795,1
882798,1
882801,1
882812,1
882814,1
882817,1
882829,1
882834,1
882842,1
882849,1
882851,1
882871,1
882873,1
882888,1
882903,1
882910,1
882913,1
882932,1
882946,1
882959,1
882962,1
882965,1
882969,1
882982,1
882987,1
883004,1
883020,1
883022,1
883025,1
883038,1
883040,1
883042,1
883046,1
883058,1
883060,1
883062,1
883066,1
883085,1
883097,1
883102,1
883111,1
883133,1
883138,1
883148,1
883154,1
883156,1
883159,1
883162,1
883174,1
883189,1
883196,1
883207,1
883222,1
883230,1
883234,1
883244,1
883254,1
883268,1
883274,1
883286,1
883288,1
883305,1
883308,1
883310,1
883321,1
883324,1
883328,1
883344,1
883347,1
883358,1
883361,1
883380,1
883388,1
883404,1
883432,1
883438,1
883442,1
883446,1
883451,1
883458,1
883461,1
883464,1
883477,2
883479,1
883492,1
883500,1
883504,1
883512,1
883534,1
883540,2
883559,1
883575,1
883590,1
883607,1
883613,1
883630,1
883633,1
883647,1
883651,1
883666,1
883669,1
883672,1
883685,1
883706,1
883709,1
883722,1
883727,1
883746,1
883750,1
883752,1
883760,1
883763,1
883765,1
883769,1
883771,1
883780,1
883782,1
883785,1
883788,1
883794,1
883800,1
883803,1
883805,1
883807,1
883825,2
883838,1
883840,1
883842,1
883844,1
883857,1
883872,1
883874,1
883876,1
883878,1
883894,1
883899,1
883909,1
883916,1
883919,1
883935,1
883938,2
883955,1
883967,1
883971,1
883976,1
883978,1
883981,1
883990,1
883996,1
884000,1
884005,1
884012,1
884034,1
884045,1
884050,1
884066,1
884069,1
884086,1
884088,1
884103,1
884108,2
884122,1
884126,1
884128,1
884139,1
884143,1
884147,1
884160,1
884163,1
884179,1
884184,1
884191,1
884198,1
884200,1
884203,1
884206,1
884208,1
884217,1
884223,1
884225,1
884238,1
884240,1
884244,1
884255,1
884265,1
884273,1
884280,1
884295,1
884299,1
884311,1
884313,1
884319,1
884331,1
884350,1
884356,1
884367,1
884370,1
884373,1
884375,1
884387,1
884392,1
884395,1
884405,1
884410,1
884422,1
884425,1
884427,1
884432,1
884448,1
884466,1
884468,1
884482,1
884486,1
884488,1
884490,1
884506,1
884514,1
884520,1
884522,1
884524,1
884527,1
884540,1
884543,1
884545,1
884556,1
884558,1
884561,1
884575,1
884580,1
884596,1
884602,1
884614,1
884619,1
884622,1
884636,1
884678,2
884680,1
884695,1
884697,1
884699,1
884713,1
884721,1
884729,1
884735,1
884751,1
884754,1
884766,1
884769,1
884771,1
884773,1
884787,1
884790,1
884794,1
884805,1
884807,1
884815,1
884823,1
884828,1
884832,1
884839,1
884847,1
884861,1
884865,1
884881,1
884884,1
884901,1
884916,1
884927,1
884941,1
884944,1
884958,1
884960,1
884962,1
884976,1
884979,1
884982,1
884993,1
884996,1
884998,1
885014,1
885019,1
885035,1
885050,1
885058,1
885071,1
885094,1
885099,1
885101,1
885110,1
885118,1
885125,1
885129,1
885131,1
885133,1
885136,2
885138,1
885152,1
885162,1
885169,1
885172,1
885175,1
885191,2
885193,1
885205,1
885209,1
885217,1
885228,1
885243,1
885245,1
885265,1
885268,1
885281,1
885285,1
885295,1
885300,1
885303,1
885310,1
885319,1
885322,1
885326,1
885338,1
885343,1
885355,1
885358,1
885374,1
885379,1
885392,1
885395,1
885398,1
885400,1
885416,1
885419,1
885421,1
885433,1
885439,1
885451,1
885455,1
885457,1
885490,1
885492,1
885498,1
885508,1
885513,1
885519,1
885529,1
885531,1
885534,1
885547,1
885549,1
885551,1
885565,1
885567,1
885583,1
885588,1
885594,1
885603,1
885607,1
885610,1
885624,1
885626,1
885644,1
885653,1
885660,1
885664,1
885666,1
885669,1
885676,1
885680,1
885683,1
885685,1
885687,1
885696,1
885700,1
885714,1
885716,1
885720,1
885722,1
885737,1
885740,1
885754,1
885757,1
885760,1
885762,1
885774,1
885780,1
885784,1
885806,1
885815,1
885823,1
885834,1
885836,1
885839,1
885851,1
885854,1
885857,2
885863,1
885870,1
885873,1
885875,1
885878,1
885886,1
885901,1
885906,1
885908,1
885910,1
885913,1
885917,1
885922,1
885926,1
885930,1
885932,1
885946,1
885965,1
885968,1
885970,1
885985,1
885987,1
885996,1
886017,1
886021,1
886023,1
886027,1
886041,1
886043,1
886059,1
886063,1
886076,1
886078,1
886083,1
886094,1
886097,1
886102,1
886106,1
886118,1
886120,1
886134,1
886137,1
886140,2
886144,1
886158,1
886174,1
886185,1
886194,1
886200,1
886214,1
886217,1
886228,1
886246,1
886254,1
886269,1
886287,1
886290,1
886292,1
886308,1
886310,1
886325,1
886330,1
886333,1
886338,1
886349,2
886351,1
886366,1
886368,1
886384,1
886400,1
886406,1
886409,1
886423,1
886425,1
886440,1
886442,1
886444,1
886457,1
886460,1
886471,1
886496,1
886518,1
886522,1
886536,1
886538,1
886540,1
886554,1
886577,1
886610,1
886614,1
886618,1
886629,1
886631,1
886635,1
886648,1
886651,1
886654,1
886656,1
886668,1
886670,1
886672,1
886675,1
886678,1
886688,1
886692,1
886702,1
886707,1
886712,1
886722,1
886729,1
886741,1
886747,1
886754,1
886762,1
886767,1
886783,1
886797,1
886799,1
886801,1
886819,1
886822,1
886840,1
886842,1
886848,1
886858,1
886860,1
886862,1
886865,1
886876,1
886878,1
886892,1
886900,1
886917,1
886925,1
886935,1
886940,1
886954,1
886956,1
886973,1
887008,1
887016,1
887028,1
887032,1
887046,1
887051,1
887053,1
887064,1
887068,1
887081,1
887084,1
887090,1
887097,1
887122,1
887125,1
887128,1
887138,1
887144,1
887147,1
887161,1
887177,1
887180,1
887183,1
887186,1
887199,1
887213,1
887217,1
887224,1
887240,1
887255,1
887258,1
887261,2
887263,1
887290,1
887294,1
887298,1
887313,1
887332,1
887342,1
887354,1
887357,1
887371,1
887373,1
887376,2
887382,1
887390,1
887394,1
887402,1
887409,1
887412,1
887414,1
887425,1
887429,1
887432,1
887445,1
887451,1
887454,1
887465,1
887468,1
887471,2
887486,1
887498,1
887503,1
887509,2
887515,1
887526,1
887529,1
887533,1
887543,1
887547,2
887554,1
887560,1
887580,1
887582,1
887591,1
887598,1
887618,1
887634,1
887636,1
887642,1
887650,1
887653,1
887665,1
887676,1
887678,1
887680,1
887693,1
887696,1
887699,2
887711,1
887719,1
887730,1
887733,1
887735,1
887737,1
887746,1
887750,1
887755,1
887772,1
887775,1
887779,1
887793,1
887822,1
887827,1
887831,1
887846,1
887848,1
887863,1
887865,1
887869,1
887885,1
887904,1
887923,1
887926,1
887938,1
887940,1
887948,1
887954,1
887957,1
887977,1
887981,1
887985,1
887993,1
887998,1
888002,1
888018,1
888038,1
888052,1
888059,1
888074,1
888076,1
888089,1
888091,1
888097,1
888111,1
888115,1
888125,1
888132,1
888135,1
888150,1
888153,1
888164,1
888168,1
888171,1
888173,1
888175,1
888188,1
888190,1
888192,1
888199,1
888206,1
888208,1
888211,1
888213,1
888227,1
888229,1
888235,1
888244,1
888246,1
888249,1
888251,1
888265,1
888267,1
888281,1
888283,1
888285,1
888287,1
888289,1
888302,1
888304,1
888306,1
888318,1
888321,1
888323,1
888325,1
888335,1
888342,1
888344,1
888346,1
888357,1
888362,1
888374,1
888378,1
888381,1
888397,1
888399,1
888407,1
888429,1
888434,1
888436,1
888439,1
888453,1
888467,1
888472,1
888474,1
888476,1
888479,1
888492,1
888505,1
888510,1
888512,1
888514,1
888516,1
888531,1
888548,1
888552,1
888568,1
888573,1
888586,1
888588,1
888591,1
888604,1
888612,1
888625,1
888628,1
888643,1
888646,1
888649,1
888662,1
888664,1
888666,1
888668,1
888682,1
888684,1
888700,1
888704,1
888717,2
888722,1
888724,1
888726,1
888741,2
888745,2
888756,1
888762,1
888774,1
888782,1
888796,1
888799,1
888818,1
888837,1
888848,1
888850,1
888852,1
888857,1
888860,1
888876,1
888885,1
888894,1
888909,1
888913,1
888927,2
888946,1
888954,1
888964,1
888967,1
888980,1
888982,1
888987,1
888989,1
888992,2
888994,1
889006,1
889010,1
889013,1
889024,1
889027,1
889029,1
889044,2
889047,1
889079,1
889082,1
889085,1
889100,1
889103,1
889118,1
889121,1
889123,1
889138,1
889157,1
889159,1
889174,1
889183,1
889186,1
889197,1
889199,1
889210,1
889213,1
889216,1
889219,1
889228,1
889233,1
889235,1
889238,1
889252,1
889266,1
889272,1
889275,1
889277,1
889290,1
889296,1
889305,1
889310,1
889314,1
889330,1
889343,1
889349,1
889368,1
889374,1
889386,1
889390,1
889395,1
889405,1
889408,1
889422,1
889427,1
889429,1
889441,1
889445,1
889448,2
889461,1
889464,1
889466,1
889478,1
889484,2
889495,1
889500,1
889502,1
889504,1
889506,1
889518,1
889520,1
889522,1
889532,1
889537,1
889539,1
889542,1
889559,1
889580,1
889593,1
889598,1
889608,1
889614,1
889616,1
889628,1
889632,1
889636,1
889645,1
889650,1
889653,1
889655,1
889657,1
889669,1
889672,1
889674,1
889707,1
889709,1
889712,1
889729,1
889746,1
889750,1
889758,1
889767,1
889769,1
889779,1
889785,1
889787,1
889802,1
889814,1
889818,1
889821,1
889823,1
889828,1
889842,1
889845,2
889855,1
889864,1
889896,1
889899,1
889901,1
889903,1
889916,1
889920,1
889935,1
889937,1
889940,1
889954,1
889962,2
889976,2
889978,1
889980,1
889995,1
889997,1
890011,1
890013,1
890016,1
890047,1
890052,1
890065,1
890067,1
890071,1
890075,2
890092,1
890125,1
890127,1
890129,1
890166,1
890181,1
890184,1
890186,1
890188,1
890203,1
890224,1
890226,1
890234,1
890241,2
890250,1
890258,1
890261,1
890264,1
890266,1
890277,1
890280,1
890293,1
890298,1
890300,1
890302,1
890317,1
890330,1
890333,1
890337,1
890339,1
890341,1
890354,1
890357,1
890375,1
890377,1
890391,1
890394,1
890400,1
890412,1
890416,1
890427,1
890432,1
890434,1
890437,1
890450,1
890452,1
890454,1
890468,1
890487,1
890490,1
890523,1
890525,1
890529,1
890540,1
890545,1
890549,2
890561,1
890568,1
890583,1
890599,1
890602,1
890606,1
890617,1
890623,1
890640,1
890643,1
890654,1
890659,1
890674,1
890679,1
890682,1
890693,1
890697,1
890700,1
890709,1
890713,1
890715,1
890717,1
890719,1
890721,1
890723,1
890733,1
890735,1
890747,1
890749,1
890754,1
890758,1
890791,1
890794,1
890812,1
890827,1
890829,1
890833,1
890850,1
890856,1
890860,1
890862,1
890869,1
890871,1
890873,1
890875,1
890890,1
890906,1
890915,1
890927,2
890929,1
890944,1
890947,1
890958,1
890963,1
890966,1
890981,1
890984,1
891001,1
891004,1
891013,1
891023,1
891038,1
891040,1
891058,1
891062,1
891072,1
891076,1
891078,1
891081,1
891083,1
891094,1
891099,1
891112,1
891115,1
891130,1
891137,1
891156,1
891171,1
891174,1
891177,1
891191,1
891206,1
891212,1
891215,2
891218,1
891229,1
891231,1
891233,1
891235,1
891238,1
891245,1
891249,1
891265,1
891287,1
891301,1
891309,1
891311,1
891326,1
891338,1
891343,1
891345,1
891347,1
891363,1
891365,1
891383,1
891399,1
891402,1
891419,1
891422,1
891436,1
891438,1
891440,1
891442,1
891445,1
891454,1
891458,1
891460,1
891462,1
891472,1
891495,1
891497,1
891515,2
891517,1
891526,1
891537,1
891551,1
891557,2
891559,1
891568,1
891572,1
891586,1
891591,1
891604,1
891607,1
891612,1
891622,1
891630,1
891645,1
891648,1
891650,1
891666,1
891668,1
891683,1
891687,1
891699,1
891701,1
891723,1
891726,1
891741,1
891743,1
891745,1
891761,1
891763,1
891779,1
891782,1
891797,1
891801,1
891817,1
891820,1
891836,1
891838,1
891840,1
891855,1
891858,1
891872,1
891876,1
891879,2
891881,1
891897,1
891912,1
891924,1
891931,1
891935,1
891938,2
891940,1
891950,1
891952,1
891955,1
891958,2
891971,1
891974,1
891988,1
891991,1
891993,1
892007,1
892011,1
892044,1
892064,1
892066,1
892068,1
892104,1
892107,1
892120,1
892123,1
892125,1
892140,1
892143,1
892157,1
892163,1
892168,1
892183,1
892192,1
892199,1
892202,1
892214,1
892220,1
892231,1
892235,1
892239,1
892249,1
892251,1
892266,1
892271,1
892275,1
892279,1
892281,1
892294,1
892297,2
892309,1
892317,1
892327,1
892331,1
892333,1
892336,2
892338,1
892347,1
892354,1
892368,1
892371,1
892387,1
892390,1
892406,1
892409,1
892423,1
892425,1
892427,1
892430,1
892435,1
892445,1
892450,2
892461,1
892468,1
892472,1
892482,1
892487,1
892499,1
892504,1
892517,1
892526,2
892540,1
892543,1
892558,1
892561,1
892574,1
892578,1
892582,1
892599,1
892608,1
892611,1
892616,1
892619,1
892623,2
892633,1
892635,1
892644,1
892652,1
892656,1
892658,1
892674,1
892678,2
892698,1
892709,1
892712,1
892725,1
892731,1
892735,1
892737,1
892751,1
892782,1
892788,1
892790,1
892794,2
892806,1
892821,1
892825,1
892829,1
892842,1
892845,1
892847,1
892860,1
892864,1
892866,1
892877,1
892880,1
892882,1
892885,1
892887,1
892898,1
892901,1
892903,1
892905,1
892909,1
892916,1
892919,1
892923,1
892926,2
892935,1
892942,1
892957,1
892960,1
892964,1
892975,1
892978,1
892980,1
892982,1
892984,1
893014,1
893017,1
893033,1
893036,1
893055,1
893074,2
893095,1
893107,1
893112,1
893125,1
893127,1
893133,1
893147,1
893151,1
893169,1
893204,1
893220,1
893237,1
893244,1
893246,1
893252,2
893254,1
893262,1
893267,2
893279,1
893282,1
893286,2
893304,1
893315,1
893318,1
893322,1
893332,1
893337,1
893346,1
893355,1
893357,1
893362,2
893374,1
893398,1
893411,1
893416,1
893432,1
893435,1
893452,1
893454,1
893457,1
893470,1
893507,1
893509,1
893512,1
893529,1
893549,1
893567,1
893571,1
893586,1
893590,1
893593,1
893602,1
893622,1
893629,1
893639,1
893660,1
893663,1
893678,1
893681,1
893684,2
893701,1
893714,1
893718,1
893721,1
893735,1
893738,1
893740,1
893750,1
893755,1
893758,1
893764,1
893780,2
893795,1
893797,1
893814,1
893830,1
893833,1
893836,2
893838,1
893856,1
893866,1
893869,1
893874,1
893909,1
893931,2
893944,1
893949,1
893953,1
893967,1
893985,1
893988,2
894005,1
894021,1
894024,1
894039,1
894043,1
894059,1
894062,1
894065,1
894082,1
894097,1
894100,1
894114,1
894122,2
894138,1
894156,1
894168,1
894175,1
894177,1
894194,1
894207,1
894209,1
894222,1
894230,1
894233,1
894235,1
894250,1
894255,1
894257,1
894269,1
894286,1
894290,1
894306,1
894309,1
894328,1
894330,1
894346,1
894365,1
894369,1
894384,1
894386,1
894401,1
894403,1
894406,2
894424,1
894427,1
894437,1
894443,1
894458,1
894461,1
894463,1
894476,1
894480,1
894497,1
894499,1
894534,1
894538,1
894573,1
894575,1
894578,1
894580,1
894596,1
894614,1
894617,2
894630,1
894633,1
894647,1
894652,1
894654,1
894666,1
894670,1
894672,1
894674,1
894686,1
894690,1
894704,1
894711,1
894713,1
894724,1
894726,1
894729,1
894765,1
894782,1
894784,1
894790,1
894801,1
894824,2
894839,1
894846,1
894859,1
894862,2
894877,1
894879,1
894889,1
894896,1
894899,1
894914,1
894916,1
894918,1
894931,1
894936,1
894947,1
894952,1
894955,1
894957,1
894974,1
894987,1
894992,1
894996,2
895006,1
895013,1
895032,1
895041,1
895047,1
895052,1
895054,1
895063,1
895068,1
895071,1
895086,1
895103,1
895105,1
895109,1
895112,1
895118,1
895125,1
895139,1
895146,1
895163,1
895179,1
895185,1
895203,1
895205,1
895217,1
895221,1
895223,1
895226,2
895240,1
895268,1
895313,1
895315,1
895318,1
895323,1
895335,1
895356,1
895371,1
895374,2
895391,1
895397,2
895411,1
895415,1
895429,1
895432,1
895443,1
895464,1
895467,1
895470,1
895473,1
895486,1
895489,1
895503,1
895507,2
895524,1
895526,1
895542,1
895545,2
895548,1
895562,1
895580,1
895582,1
895596,1
895601,1
895618,1
895621,1
895641,1
895659,1
895686,1
895693,1
895696,1
895698,1
895721,1
895731,1
895734,1
895736,1
895748,1
895754,1
895772,1
895786,1
895809,2
895819,1
895824,1
895832,1
895843,1
895847,1
895849,1
895859,1
895867,1
895870,2
895885,1
895887,1
895890,1
895896,1
895905,1
895907,1
895912,1
895920,1
895924,1
895926,1
895946,1
895960,1
895963,1
895981,1
895992,1
895998,1
896005,2
896018,1
896021,2
896036,1
896038,1
896042,2
896050,1
896056,1
896058,1
896084,1
896089,1
896093,1
896099,1
896103,1
896107,1
896131,1
896138,1
896150,1
896152,1
896155,2
896170,1
896172,1
896186,1
896189,1
896191,1
896193,1
896208,1
896219,1
896225,1
896230,1
896244,1
896248,2
896250,1
896265,1
896270,2
896285,1
896287,1
896303,1
896323,1
896325,1
896339,1
896344,1
896360,1
896362,1
896377,1
896381,1
896385,1
896397,1
896417,1
896435,1
896438,1
896442,1
896452,1
896457,1
896467,1
896473,1
896475,1
896478,2
896480,1
896512,1
896520,1
896523,1
896532,1
896534,1
896552,1
896555,1
896558,1
896603,1
896605,1
896608,1
896612,1
896626,1
896632,2
896645,1
896648,1
896664,1
896684,1
896686,1
896710,1
896722,1
896725,2
896733,1
896738,1
896741,1
896743,1
896745,1
896758,1
896781,2
896795,1
896803,1
896816,1
896818,1
896853,1
896855,1
896874,1
896877,1
896891,1
896911,1
896923,1
896926,1
896934,1
896962,1
896965,1
896968,1
896971,1
896980,1
896987,1
896989,1
896992,1
896994,1
897005,1
897011,1
897024,1
897027,2
897041,1
897044,1
897050,1
897077,1
897094,1
897100,1
897103,1
897121,1
897136,1
897138,1
897141,1
897144,1
897147,1
897158,1
897160,1
897162,1
897177,1
897193,1
897198,1
897200,1
897213,1
897215,1
897219,2
897234,1
897236,1
897241,1
897254,1
897257,1
897270,1
897274,1
897277,1
897292,1
897298,1
897316,1
897323,1
897332,1
897349,1
897364,1
897370,1
897405,1
897408,1
897426,1
897431,1
897444,2
897446,1
897454,1
897471,1
897474,1
897481,1
897483,1
897485,1
897489,1
897500,1
897516,1
897535,1
897539,1
897541,1
897556,1
897559,1
897574,1
897576,1
897578,1
897595,1
897613,1
897615,1
897620,1
897633,1
897635,1
897646,1
897652,2
897654,1
897669,1
897671,1
897674,1
897688,1
897690,1
897693,2
897695,1
897705,1
897727,1
897730,2
897744,1
897747,1
897749,1
897751,1
897753,1
897755,1
897759,1
897768,1
897770,1
897780,1
897782,1
897794,1
897806,1
897842,1
897881,1
897889,1
897896,1
897898,1
897901,1
897906,1
897919,1
897934,1
897938,1
897941,1
897952,1
897957,1
897959,1
897974,1
897978,1
897989,1
897994,1
897998,1
898011,1
898032,1
898036,1
898050,1
898053,1
898056,1
898071,1
898086,1
898089,1
898091,1
898102,1
898105,1
898110,1
898113,1
898129,1
898131,1
898138,1
898148,1
898163,1
898169,1
898180,1
898182,1
898188,1
898204,1
898206,1
898216,1
898240,1
898257,1
898259,1
898261,1
898264,2
898266,1
898278,1
898281,1
898283,1
898297,1
898316,1
898318,1
898320,1
898351,1
898354,1
898356,1
898358,1
898370,1
898372,1
898376,1
898378,1
898386,1
898394,1
898407,1
898409,1
898414,1
898443,1
898447,1
898452,1
898455,1
898467,1
898473,1
898491,1
898494,1
898508,1
898512,1
898525,1
898529,1
898543,1
898545,1
898548,2
898552,1
898564,1
898569,1
898599,1
898604,1
898609,1
898611,1
898624,1
898627,1
898636,1
898659,1
898683,1
898738,2
898754,1
898773,1
898793,1
898809,1
898813,1
898821,1
898831,1
898844,1
898848,1
898868,1
898880,1
898888,1
898904,1
898923,1
898948,1
898962,1
898982,1
898999,1
899003,1
899021,1
899039,1
899055,1
899059,1
899062,1
899070,1
899081,1
899096,1
899113,1
899118,1
899136,1
899139,1
899156,1
899171,1
899173,1
899177,1
899187,1
899193,1
899195,1
899209,1
899212,1
899222,1
899228,1
899238,1
899250,1
899253,1
899262,1
899265,1
899267,1
899269,1
899271,1
899273,1
899275,1
899290,1
899299,1
899304,1
899307,1
899321,1
899323,1
899326,1
899344,1
899346,1
899348,1
899365,1
899367,1
899383,1
899385,1
899400,1
899414,1
899431,1
899440,1
899460,1
899467,1
899478,1
899480,1
899490,1
899495,2
899503,1
899507,1
899512,1
899528,1
899534,1
899553,1
899562,1
899566,1
899573,1
899576,1
899579,1
899590,1
899594,2
899604,1
899611,1
899627,1
899630,1
899633,1
899648,1
899651,2
899679,1
899686,1
899707,2
899720,1
899725,1
899729,1
899732,1
899734,1
899746,2
899761,1
899764,2
899766,1
899780,1
899783,1
899786,1
899798,1
899801,1
899819,1
899837,1
899843,1
899856,1
899858,1
899860,1
899874,1
899889,1
899899,1
899909,1
899913,1
899917,2
899930,1
899933,1
899935,1
899938,1
899947,1
899951,1
899954,1
899967,1
899969,1
899974,1
899989,1
899991,1
899993,1
1000003,1
1000010,1
1000021,1
1000023,1
1000026,1
1000033,1
1000062,1
1000065,1
1000086,1
1000100,1
1000102,1
1000106,1
1000123,1
1000136,1
1000144,2
1000146,1
1000153,1
1000178,1
1000184,1
1000197,1
1000199,1
1000201,1
1000203,1
1000215,1
1000218,1
1000235,1
1000243,1
1000254,1
1000269,1
1000291,1
1000305,1
1000307,1
1000310,1
1000315,1
1000325,1
1000328,1
1000332,1
1000334,1
1000336,1
1000342,1
1000351,1
1000354,2
1000363,1
1000371,1
1000375,1
1000389,1
1000409,1
1000420,1
1000427,1
1000430,1
1000444,1
1000447,1
1000461,1
1000465,1
1000474,1
1000488,1
1000521,1
1000535,1
1000543,2
1000559,1
1000562,2
1000585,1
1000589,1
1000596,1
1000599,1
1000636,1
1000638,1
1000655,1
1000674,1
1000707,1
1000711,1
1000714,2
1000716,1
1000732,1
1000753,1
1000767,1
1000771,1
1000802,1
1000806,1
1000808,1
1000810,1
1000825,1
1000842,1
1000862,1
1000864,1
1000866,1
1000892,1
1000900,1
1000903,1
1000906,1
1000913,1
1000943,1
1000951,1
1000956,1
1000960,1
1000962,1
1000971,1
1000978,1
1000984,1
1001000,2
1001013,1
1001016,1
1001018,1
1001020,1
1001035,1
1001048,1
1001054,1
1001057,1
1001065,1
1001073,1
1001076,2
1001085,1
1001092,1
1001094,1
1001111,2
1001133,2
1001146,1
1001168,2
1001170,1
1001178,1
1001194,1
1001205,1
1001208,2
1001210,1
1001220,1
1001226,1
1001228,1
1001256,1
1001260,1
1001265,1
1001275,1
1001277,1
1001283,1
1001295,1
1001300,1
1001304,1
1001318,1
1001331,1
1001339,1
1001342,1
1001347,1
1001357,1
1001377,1
1001382,1
1001388,1
1001394,1
1001399,2
1001414,1
1001416,1
1001418,1
1001423,1
1001426,1
1001450,1
1001454,1
1001457,1
1001470,1
1001475,1
1001478,1
1001509,1
1001513,2
1001515,1
1001526,1
1001531,1
1001538,1
1001544,1
1001546,1
1001550,1
1001552,1
1001561,1
1001567,1
1001583,1
1001587,1
1001604,1
1001608,1
1001620,1
1001625,1
1001641,1
1001663,2
1001673,1
1001694,1
1001714,1
1001717,1
1001720,1
1001734,2
1001736,1
1001741,1
1001753,1
1001756,1
1001760,1
1001773,1
1001793,1
1001795,1
1001797,1
1001812,1
1001814,1
1001817,2
1001831,1
1001836,1
1001850,1
1001874,2
1001907,1
1001910,1
1001926,1
1001928,1
1001930,1
1001945,1
1001962,1
1001965,1
1001967,1
1001969,1
1001997,1
1002002,1
1002011,1
1002017,1
1002023,1
1002025,1
1002027,1
1002045,1
1002058,1
1002064,1
1002079,1
1002082,1
1002091,1
1002100,1
1002111,1
1002113,1
1002120,1
1002124,1
1002127,1
1002137,1
1002148,1
1002151,1
1002155,1
1002161,1
1002163,1
1002178,1
1002194,1
1002209,1
1002212,1
1002225,1
1002231,1
1002234,1
1002236,1
1002245,1
1002250,1
1002252,1
1002254,1
1002265,1
1002268,1
1002271,1
1002283,1
1002289,1
1002292,1
1002304,1
1002308,1
1002321,1
1002323,1
1002326,1
1002333,1
1002344,1
1002347,1
1002357,1
1002359,1
1002368,1
1002379,1
1002386,1
1002397,1
1002405,1
1002420,1
1002423,1
1002440,1
1002442,1
1002462,1
1002472,1
1002477,1
1002482,1
1002489,1
1002498,1
1002503,1
1002508,1
1002515,1
1002518,1
1002520,1
1002522,1
1002525,1
1002536,1
1002538,1
1002545,1
1002551,1
1002557,1
1002560,1
1002575,1
1002577,1
1002586,1
1002592,1
1002595,1
1002608,1
1002616,2
1002619,1
1002629,1
1002631,1
1002634,1
1002636,1
1002661,1
1002666,1
1002670,1
1002672,1
1002681,1
1002687,1
1002690,1
1002700,1
1002705,1
1002708,1
1002716,1
1002724,1
1002738,1
1002742,1
1002744,1
1002748,1
1002753,1
1002764,1
1002766,1
1002779,1
1002783,1
1002786,1
1002802,1
1002817,1
1002820,1
1002836,1
1002860,1
1002873,1
1002878,1
1002880,1
1002895,1
1002897,1
1002909,1
1002912,1
1002918,1
1002920,1
1002928,1
1002934,1
1002940,1
1002953,1
1002962,1
1002975,1
1002988,1
1003006,1
1003008,1
1003010,1
1003012,1
1003015,2
1003017,1
1003029,1
1003047,1
1003069,1
1003077,1
1003080,1
1003083,1
1003102,1
1003105,1
1003108,1
1003115,1
1003123,1
1003127,1
1003142,1
1003145,1
1003147,1
1003177,1
1003200,1
1003215,1
1003217,1
1003222,1
1003239,1
1003255,1
1003266,1
1003276,1
1003280,1
1003295,1
1003308,1
1003312,1
1003319,2
1003322,1
1003337,1
1003340,1
1003354,1
1003368,1
1003409,1
1003411,1
1003426,1
1003428,1
1003440,1
1003443,1
1003446,1
1003449,1
1003453,1
1003464,1
1003483,1
1003488,2
1003504,1
1003521,1
1003526,2
1003538,1
1003541,1
1003545,1
1003558,1
1003561,1
1003565,1
1003578,1
1003581,1
1003598,1
1003614,1
1003616,1
1003636,1
1003638,1
1003653,1
1003655,1
1003659,1
1003673,1
1003688,1
1003692,1
1003695,1
1003698,1
1003702,1
1003715,1
1003729,1
1003735,1
1003745,1
1003759,1
1003773,1
1003785,1
1003805,1
1003807,1
1003809,1
1003814,1
1003825,1
1003827,1
1003832,2
1003839,1
1003850,1
1003862,1
1003867,1
1003880,1
1003883,1
1003886,1
1003888,1
1003902,1
1003917,1
1003920,1
1003933,1
1003940,1
1003942,1
1003956,1
1003982,1
1003993,1
1003996,1
1004004,1
1004014,1
1004016,1
1004019,1
1004021,1
1004023,1
1004037,1
1004039,1
1004060,1
1004092,1
1004095,1
1004109,1
1004112,1
1004114,1
1004131,1
1004147,1
1004149,1
1004152,1
1004154,1
1004168,1
1004172,1
1004184,1
1004188,1
1004195,1
1004202,1
1004210,1
1004223,1
1004226,1
1004244,1
1004246,1
1004248,1
1004265,1
1004267,1
1004281,1
1004283,1
1004296,1
1004303,1
1004319,1
1004323,2
1004325,1
1004339,1
1004357,1
1004362,1
1004375,1
1004377,1
1004381,2
1004383,1
1004387,1
1004389,1
1004396,1
1004400,1
1004415,1
1004418,1
1004420,1
1004437,1
1004439,1
1004452,1
1004456,1
1004470,1
1004472,1
1004474,1
1004477,1
1004490,1
1004495,1
1004534,1
1004537,1
1004548,1
1004555,1
1004560,1
1004564,2
1004569,1
1004572,1
1004574,1
1004583,1
1004589,1
1004594,1
1004599,1
1004602,1
1004608,1
1004614,1
1004626,1
1004628,1
1004642,1
1004659,1
1004664,2
1004682,1
1004700,1
1004702,1
1004704,1
1004719,1
1004723,1
1004739,1
1004750,1
1004754,1
1004760,1
1004762,1
1004764,1
1004776,1
1004780,1
1004799,1
1004807,1
1004828,1
1004831,1
1004856,2
1004874,1
1004877,1
1004892,1
1004894,1
1004904,1
1004909,1
1004915,2
1004930,1
1004933,1
1004949,1
1004962,1
1004966,1
1004971,1
1004984,1
1004992,1
1005023,1
1005038,1
1005042,1
1005047,1
1005062,1
1005065,1
1005079,1
1005084,1
1005091,1
1005101,1
1005103,1
1005122,1
1005124,1
1005134,1
1005137,1
1005141,1
1005143,1
1005154,1
1005156,1
1005160,1
1005176,1
1005179,1
1005192,1
1005194,1
1005199,2
1005210,1
1005217,1
1005221,2
1005238,1
1005249,1
1005253,1
1005267,1
1005270,1
1005274,1
1005287,1
1005293,1
1005308,2
1005312,1
1005344,1
1005346,1
1005350,1
1005381,1
1005387,1
1005389,1
1005420,1
1005426,1
1005444,1
1005461,1
1005464,1
1005471,1
1005479,1
1005481,1
1005484,1
1005486,1
1005496,1
1005503,1
1005517,1
1005519,1
1005525,1
1005532,1
1005537,1
1005540,1
1005554,1
1005557,2
1005560,1
1005590,1
1005606,1
1005615,1
1005624,1
1005632,1
1005634,1
1005649,1
1005667,1
1005673,2
1005677,1
1005708,1
1005710,1
1005713,2
1005727,1
1005731,1
1005740,1
1005744,1
1005750,1
1005758,1
1005764,1
1005779,1
1005781,1
1005788,1
1005792,1
1005794,1
1005805,1
1005807,1
1005818,1
1005820,1
1005822,1
1005826,1
1005836,1
1005845,1
1005857,1
1005859,1
1005863,1
1005865,1
1005893,1
1005896,1
1005901,1
1005918,1
1005947,1
1005956,1
1005959,2
1005970,1
1005976,1
1005978,1
1005980,1
1005994,1
1005997,1
1006007,1
1006011,1
1006016,1
1006030,1
1006034,1
1006043,1
1006051,1
1006053,1
1006065,1
1006069,1
1006072,1
1006082,1
1006086,1
1006091,1
1006105,1
1006107,1
1006120,1
1006125,1
1006128,1
1006130,1
1006144,1
1006147,1
1006161,1
1006166,1
1006183,2
1006185,1
1006192,1
1006220,1
1006223,1
1006225,1
1006240,1
1006243,1
1006258,1
1006270,1
1006275,1
1006278,1
1006281,1
1006284,2
1006295,1
1006300,1
1006314,1
1006317,1
1006319,1
1006331,1
1006333,1
1006335,1
1006338,1
1006340,1
1006352,1
1006355,1
1006357,1
1006369,1
1006371,1
1006373,1
1006377,1
1006390,1
1006393,1
1006399,1
1006412,1
1006446,1
1006449,1
1006464,1
1006469,1
1006472,1
1006488,1
1006507,1
1006509,1
1006522,1
1006543,1
1006564,1
1006579,1
1006582,1
1006584,1
1006602,1
1006618,1
1006639,1
1006650,1
1006657,1
1006678,1
1006697,1
1006717,1
1006735,1
1006743,1
1006756,1
1006770,1
1006790,1
1006793,1
1006807,1
1006823,1
1006833,1
1006850,1
1006864,1
1006870,1
1006882,1
1006887,1
1006889,1
1006901,1
1006904,1
1006906,1
1006908,1
1006918,1
1006923,1
1006927,1
1006936,1
1006941,1
1006944,1
1006948,1
1006959,1
1006966,1
1006977,1
1006980,1
1006983,1
1006985,1
1007004,1
1007017,1
1007022,1
1007032,1
1007036,1
1007040,1
1007042,1
1007053,1
1007063,1
1007068,1
1007075,1
1007081,1
1007095,1
1007097,1
1007111,1
1007113,1
1007129,1
1007133,1
1007148,1
1007157,2
1007187,1
1007201,1
1007207,1
1007214,1
1007231,1
1007240,1
1007244,1
1007251,1
1007269,2
1007273,1
1007287,1
1007290,1
1007297,1
1007302,1
1007305,1
1007307,1
1007309,1
1007317,1
1007319,1
1007321,1
1007324,1
1007328,1
1007340,1
1007342,1
1007346,1
1007355,1
1007361,1
1007364,1
1007378,1
1007382,1
1007384,1
1007398,1
1007401,1
1007404,1
1007416,1
1007418,1
1007421,1
1007434,1
1007437,1
1007440,1
1007442,1
1007454,1
1007479,1
1007493,1
1007496,1
1007501,1
1007509,1
1007515,1
1007517,1
1007531,1
1007533,1
1007545,1
1007547,1
1007553,1
1007561,1
1007579,1
1007589,1
1007592,1
1007598,1
1007609,1
1007611,1
1007627,1
1007631,1
1007644,1
1007665,1
1007667,1
1007679,1
1007686,1
1007688,1
1007699,1
1007704,1
1007719,1
1007724,1
1007739,1
1007744,1
1007755,1
1007760,1
1007763,1
1007780,1
1007797,1
1007801,1
1007814,1
1007819,1
1007821,1
1007848,1
1007850,1
1007858,1
1007876,1
1007878,1
1007887,1
1007894,1
1007896,1
1007910,1
1007912,1
1007914,1
1007928,1
1007941,1
1007951,1
1007954,1
1007967,1
1007969,1
1007972,1
1007984,1
1007988,1
1007994,1
1008009,1
1008013,2
1008023,1
1008029,2
1008032,2
1008045,1
1008047,1
1008049,1
1008051,1
1008063,1
1008065,1
1008077,1
1008083,1
1008115,1
1008121,1
1008137,1
1008143,1
1008149,1
1008159,1
1008161,1
1008173,1
1008175,1
1008179,1
1008182,1
1008184,1
1008186,1
1008198,1
1008202,1
1008206,1
1008213,1
1008216,1
1008218,1
1008221,1
1008232,1
1008235,1
1008237,1
1008239,1
1008249,1
1008275,1
1008288,1
1008295,1
1008302,1
1008312,1
1008330,1
1008365,1
1008367,1
1008375,1
1008379,1
1008388,1
1008394,2
1008407,1
1008410,1
1008414,1
1008427,1
1008437,1
1008441,1
1008447,1
1008450,1
1008458,1
1008462,1
1008466,1
1008480,1
1008482,1
1008484,1
1008505,1
1008518,1
1008520,1
1008523,1
1008525,1
1008536,1
1008540,1
1008542,1
1008555,1
1008558,1
1008560,1
1008569,1
1008574,1
1008582,1
1008596,1
1008606,1
1008615,1
1008656,1
1008666,1
1008672,1
1008674,1
1008678,1
1008683,1
1008689,1
1008707,1
1008712,1
1008727,1
1008730,1
1008732,1
1008744,1
1008750,2
1008752,1
1008755,1
1008769,1
1008784,1
1008790,1
1008799,1
1008806,1
1008808,1
1008815,1
1008818,1
1008824,1
1008835,1
1008857,1
1008882,1
1008896,1
1008899,1
1008906,1
1008921,1
1008935,1
1008939,1
1008947,1
1008954,1
1008958,1
1008971,1
1008976,1
1008988,1
1009017,1
1009021,1
1009034,1
1009036,1
1009052,1
1009060,1
1009068,1
1009073,1
1009088,1
1009094,1
1009101,1
1009108,1
1009112,1
1009116,1
1009128,1
1009130,1
1009144,1
1009147,1
1009158,1
1009161,1
1009166,1
1009171,1
1009187,1
1009208,1
1009236,1
1009241,1
1009245,1
1009247,1
1009259,1
1009262,1
1009264,1
1009278,1
1009280,1
1009293,1
1009315,1
1009318,1
1009333,1
1009344,1
1009355,1
1009359,1
1009373,1
1009375,1
1009389,1
1009398,1
1009405,1
1009414,1
1009416,1
1009432,1
1009434,1
1009445,1
1009465,1
1009470,1
1009473,1
1009482,1
1009489,1
1009491,1
1009493,1
1009508,1
1009525,1
1009529,1
1009532,2
1009543,1
1009548,1
1009561,1
1009565,1
1009573,1
1009585,1
1009587,1
1009597,1
1009600,1
1009603,1
1009607,1
1009610,1
1009623,1
1009640,1
1009653,1
1009656,1
1009678,1
1009680,1
1009694,1
1009717,2
1009719,1
1009735,1
1009738,1
1009741,1
1009754,1
1009756,1
1009758,1
1009765,1
1009770,1
1009775,1
1009787,1
1009792,1
1009808,1
1009813,1
1009835,1
1009850,1
1009863,1
1009868,1
1009874,1
1009888,1
1009890,1
1009901,1
1009908,1
1009962,1
1009966,1
1009978,1
1009982,1
1009984,1
1009986,1
1009989,2
1010001,1
1010004,1
1010017,1
1010028,1
1010030,1
1010033,1
1010041,1
1010043,1
1010048,1
1010050,1
1010060,1
1010076,1
1010092,1
1010096,1
1010098,1
1010101,2
1010118,1
1010130,1
1010139,1
1010145,1
1010152,1
1010155,1
1010175,1
1010192,1
1010194,1
1010206,1
1010215,1
1010229,1
1010231,1
1010236,1
1010241,1
1010249,1
1010251,1
1010254,1
1010266,1
1010269,1
1010284,1
1010287,1
1010304,1
1010308,1
1010323,1
1010325,1
1010337,1
1010349,1
1010376,1
1010381,1
1010384,1
1010387,1
1010400,1
1010402,1
1010405,1
1010417,1
1010420,1
1010425,1
1010439,1
1010453,1
1010478,1
1010492,1
1010497,1
1010514,2
1010516,1
1010533,1
1010546,1
1010556,1
1010571,1
1010583,1
1010596,1
1010601,1
1010607,1
1010611,1
1010614,1
1010628,1
1010630,1
1010633,1
1010643,1
1010648,1
1010654,1
1010666,1
1010668,1
1010673,1
1010675,1
1010681,1
1010688,1
1010694,1
1010697,1
1010704,1
1010706,1
1010721,1
1010725,1
1010730,1
1010734,1
1010739,1
1010744,1
1010746,1
1010748,1
1010750,1
1010752,1
1010761,1
1010764,1
1010770,1
1010798,1
1010800,1
1010818,1
1010833,1
1010835,1
1010838,1
1010853,1
1010862,1
1010875,1
1010893,1
1010895,1
1010913,1
1010932,1
1010935,1
1010949,1
1010952,1
1010957,1
1010963,1
1010969,1
1010975,1
1010978,1
1010981,1
1010991,1
1010993,1
1010999,1
1011007,1
1011009,1
1011011,1
1011014,1
1011027,1
1011030,2
1011039,1
1011048,1
1011051,1
1011064,1
1011066,1
1011079,1
1011081,1
1011087,1
1011089,1
1011104,1
1011119,1
1011137,1
1011140,1
1011143,1
1011145,1
1011147,1
1011158,1
1011161,1
1011165,1
1011170,1
1011178,1
1011182,2
1011187,1
1011199,1
1011212,1
1011217,1
1011225,1
1011229,1
1011235,1
1011244,1
1011253,1
1011257,1
1011274,1
1011277,1
1011293,1
1011298,1
1011303,1
1011312,1
1011314,1
1011318,1
1011351,1
1011353,1
1011367,1
1011369,1
1011371,1
1011380,1
1011388,1
1011393,1
1011397,1
1011399,1
1011406,1
1011416,1
1011424,1
1011427,1
1011429,1
1011463,1
1011482,1
1011484,1
1011500,1
1011508,1
1011527,1
1011537,1
1011561,1
1011565,1
1011568,1
1011574,1
1011582,1
1011588,1
1011590,1
1011597,1
1011605,1
1011616,1
1011618,1
1011633,1
1011646,1
1011654,1
1011680,1
1011687,1
1011692,1
1011694,1
1011717,1
1011729,1
1011732,1
1011749,1
1011763,1
1011768,1
1011779,1
1011789,1
1011800,1
1011807,1
1011809,1
1011812,1
1011822,1
1011827,1
1011830,1
1011839,1
1011841,1
1011846,1
1011863,1
1011886,1
1011888,1
1011894,1
1011903,1
1011905,1
1011918,1
1011923,2
1011947,1
1011958,1
1011968,1
1011976,1
1011978,1
1011991,1
1011996,1
1012002,1
1012036,1
1012049,1
1012054,1
1012056,1
1012069,1
1012072,1
1012084,1
1012091,1
1012103,1
1012111,1
1012129,1
1012147,1
1012156,1
1012166,1
1012185,1
1012199,1
1012206,1
1012210,1
1012222,1
1012224,1
1012227,1
1012241,1
1012243,1
1012252,1
1012262,1
1012298,1
1012303,1
1012316,1
1012320,1
1012327,1
1012334,1
1012337,1
1012340,1
1012354,1
1012358,1
1012361,1
1012363,1
1012372,1
1012376,1
1012379,1
1012384,1
1012401,1
1012407,1
1012409,1
1012420,1
1012433,1
1012435,1
1012443,1
1012447,1
1012453,1
1012460,1
1012467,1
1012470,1
1012479,1
1012498,1
1012534,1
1012543,1
1012548,1
1012550,1
1012552,1
1012557,1
1012564,1
1012569,1
1012583,1
1012623,1
1012638,1
1012642,1
1012648,1
1012655,1
1012657,1
1012660,1
1012665,1
1012668,1
1012670,1
1012684,1
1012695,1
1012700,1
1012702,1
1012708,1
1012716,1
1012718,1
1012734,1
1012736,1
1012744,1
1012751,1
1012761,1
1012794,1
1012804,1
1012811,1
1012816,1
1012822,1
1012830,1
1012832,1
1012834,1
1012838,1
1012840,1
1012848,1
1012853,1
1012864,1
1012869,1
1012875,1
1012877,1
1012891,1
1012893,1
1012896,1
1012905,1
1012908,1
1012913,2
1012919,1
1012928,1
1012932,1
1012934,1
1012945,1
1012948,1
1012954,1
1012962,1
1012966,1
1012976,1
1012979,1
1012989,1
1013009,1
1013018,1
1013021,1
1013026,1
1013042,1
1013055,1
1013058,1
1013060,1
1013062,1
1013069,1
1013077,1
1013079,1
1013083,1
1013086,1
1013089,1
1013101,1
1013103,1
1013118,2
1013121,1
1013133,1
1013138,1
1013150,1
1013155,1
1013161,1
1013170,1
1013175,1
1013178,1
1013180,1
1013182,1
1013189,1
1013193,1
1013196,1
1013209,1
1013213,1
1013218,1
1013220,1
1013227,1
1013229,1
1013237,1
1013248,1
1013256,1
1013293,1
1013307,1
1013322,1
1013326,1
1013328,1
1013333,1
1013341,1
1013343,1
1013345,1
1013349,1
1013354,1
1013363,1
1013378,1
1013381,1
1013388,1
1013397,1
1013403,1
1013407,1
1013409,1
1013418,1
1013423,1
1013425,1
1013440,1
1013454,1
1013456,1
1013460,1
1013467,1
1013470,1
1013484,1
1013493,1
1013500,1
1013511,1
1013517,1
1013520,1
1013532,1
1013536,1
1013545,2
1013551,1
1013557,1
1013559,1
1013563,1
1013573,1
1013581,1
1013589,1
1013595,1
1013623,1
1013632,1
1013636,1
1013646,1
1013651,1
1013653,1
1013657,1
1013666,1
1013671,2
1013674,1
1013685,1
1013696,1
1013706,1
1013712,1
1013715,1
1013723,1
1013728,1
1013730,1
1013743,1
1013748,1
1013750,1
1013761,1
1013765,1
1013767,1
1013771,1
1013773,1
1013780,1
1013792,1
1013795,1
1013800,1
1013808,1
1013825,1
1013839,1
1013842,1
1013845,1
1013854,1
1013860,1
1013863,1
1013866,1
1013878,1
1013880,1
1013887,1
1013895,1
1013899,1
1013904,1
1013913,1
1013916,1
1013918,1
1013924,1
1013932,1
1013935,1
1013940,1
1013948,1
1013958,1
1013972,1
1013976,1
1013978,1
1013994,2
1014010,1
1014013,1
1014026,1
1014030,1
1014035,1
1014042,1
1014050,2
1014055,1
1014065,1
1014074,1
1014087,2
1014093,1
1014100,1
1014104,1
1014106,1
1014115,1
1014120,1
1014124,1
1014130,1
1014141,2
1014143,1
1014153,1
1014161,1
1014168,1
1014170,1
1014183,1
1014205,1
1014224,1
1014234,1
1014239,1
1014255,1
1014280,1
1014297,1
1014316,1
1014318,1
1014320,1
1014327,1
1014336,1
1014339,1
1014341,1
1014350,1
1014354,1
1014373,1
1014377,1
1014386,1
1014390,1
1014392,1
1014397,1
1014408,1
1014412,1
1014428,1
1014430,1
1014434,1
1014444,1
1014449,1
1014465,1
1014471,1
1014485,1
1014490,1
1014503,1
1014513,1
1014519,1
1014521,1
1014525,1
1014531,1
1014546,1
1014557,1
1014567,1
1014582,1
1014593,1
1014600,1
1014616,1
1014618,1
1014631,1
1014635,1
1014642,1
1014644,1
1014649,1
1014653,1
1014662,1
1014672,1
1014676,1
1014685,1
1014691,1
1014693,1
1014699,1
1014701,1
1014703,1
1014713,1
1014717,1
1014729,1
1014732,1
1014748,1
1014750,1
1014758,1
1014776,1
1014784,1
1014791,1
1014795,1
1014803,1
1014809,1
1014813,1
1014822,1
1014829,1
1014832,1
1014834,1
1014843,1
1014850,1
1014852,1
1014883,1
1014887,1
1014902,1
1014908,1
1014916,1
1014924,1
1014929,1
1014937,1
1014943,1
1014947,1
1014958,1
1014960,1
1014966,1
1014976,1
1014985,1
1014997,1
1014999,1
1015002,1
1015005,1
1015015,1
1015019,1
1015022,1
1015024,1
1015037,1
1015039,1
1015043,1
1015054,2
1015059,1
1015077,1
1015080,1
1015091,1
1015094,1
1015099,1
1015101,1
1015112,2
1015115,1
1015119,1
1015128,1
1015130,1
1015132,1
1015140,1
1015144,1
1015147,1
1015151,1
1015158,1
1015162,1
1015185,1
1015191,1
1015195,1
1015202,1
1015225,1
1015228,1
1015231,1
1015235,1
1015243,1
1015248,1
1015252,1
1015282,1
1015286,1
1015289,1
1015291,1
1015305,1
1015307,1
1015319,1
1015325,1
1015330,1
1015333,1
1015342,1
1015358,2
1015365,1
1015367,1
1015377,1
1015385,2
1015400,1
1015422,1
1015432,1
1015436,1
1015438,1
1015443,1
1015450,1
1015454,1
1015456,1
1015460,1
1015465,1
1015471,1
1015473,1
1015475,1
1015482,1
1015484,1
1015488,1
1015490,1
1015496,1
1015500,1
1015513,1
1015524,1
1015527,1
1015533,1
1015548,1
1015554,1
1015564,1
1015568,1
1015570,1
1015573,1
1015589,1
1015591,1
1015610,1
1015612,1
1015620,1
1015623,1
1015628,1
1015631,1
1015639,1
1015645,1
1015650,1
1015657,1
1015660,1
1015664,1
1015666,1
1015675,1
1015683,1
1015685,1
1015688,1
1015703,1
1015706,1
1015715,1
1015721,1
1015723,1
1015728,1
1015730,1
1015737,1
1015741,1
1015744,1
1015747,1
1015754,1
1015756,1
1015758,1
1015761,1
1015763,1
1015766,1
1015773,1
1015776,1
1015778,1
1015782,1
1015796,1
1015799,1
1015816,1
1015819,1
1015821,1
1015831,1
1015836,1
1015841,1
1015858,1
1015873,1
1015878,1
1015886,1
1015890,1
1015898,1
1015905,1
1015909,1
1015914,1
1015919,1
1015922,1
1015933,1
1015935,1
1015948,1
1015950,1
1015952,1
1015957,1
1015965,1
1015969,1
1015973,1
1015975,1
1015983,1
1015988,1
1015990,1
1015993,1
1016003,1
1016008,1
1016011,1
1016013,1
1016019,1
1016023,1
1016027,1
1016029,1
1016040,1
1016048,1
1016057,1
1016059,1
1016062,1
1016069,1
1016081,1
1016083,1
1016086,1
1016094,1
1016098,1
1016103,1
1016108,1
1016117,1
1016119,1
1016121,1
1016126,1
1016133,1
1016142,1
1016155,1
1016181,1
1016195,1
1016199,1
1016201,1
1016208,1
1016218,1
1016230,1
1016233,1
1016241,1
1016249,1
1016270,1
1016273,1
1016285,1
1016297,1
1016310,1
1016314,1
1016323,1
1016326,1
1016333,1
1016336,1
1016345,1
1016349,1
1016355,1
1016362,1
1016366,2
1016370,1
1016372,1
1016377,1
1016379,1
1016383,1
1016392,1
1016396,1
1016402,1
1016406,1
1016410,1
1016420,1
1016422,1
1016425,1
1016429,1
1016439,1
1016442,1
1016451,1
1016457,1
1016460,1
1016463,1
1016467,1
1016469,1
1016471,1
1016478,1
1016483,1
1016486,1
1016497,1
1016499,1
1016501,1
1016503,1
1016505,1
1016520,1
1016532,1
1016534,1
1016543,1
1016554,2
1016564,1
1016575,1
1016591,1
1016601,1
1016617,1
1016619,1
1016633,1
1016636,1
1016647,1
1016653,1
1016665,1
1016670,1
1016672,1
1016676,1
1016684,1
1016687,1
1016692,1
1016706,1
1016708,1
1016714,2
1016726,1
1016733,1
1016735,1
1016744,1
1016749,1
1016751,1
1016761,1
1016770,1
1016773,1
1016780,1
1016784,1
1016789,1
1016801,1
1016805,1
1016836,1
1016842,1
1016844,1
1016846,1
1016849,1
1016861,1
1016864,1
1016876,1
1016880,1
1016886,1
1016899,1
1016903,1
1016905,1
1016913,1
1016916,1
1016918,1
1016923,1
1016925,1
1016934,1
1016936,1
1016939,1
1016950,1
1016953,1
1016955,1
1016969,1
1016973,1
1016979,1
1016986,1
1016994,1
1016997,1
1017001,1
1017013,1
1017016,1
1017019,1
1017025,1
1017029,1
1017033,1
1017037,1
1017050,1
1017052,1
1017057,1
1017062,1
1017071,1
1017075,1
1017085,1
1017091,1
1017102,1
1017106,1
1017111,1
1017119,1
1017121,1
1017123,1
1017145,1
1017155,1
1017165,1
1017170,1
1017179,1
1017184,1
1017206,1
1017208,1
1017227,1
1017238,1
1017242,1
1017246,1
1017256,1
1017261,1
1017271,1
1017275,1
1017277,1
1017282,1
1017287,1
1017317,1
1017319,1
1017332,1
1017336,1
1017339,1
1017349,1
1017352,1
1017355,1
1017360,1
1017369,1
1017371,1
1017376,1
1017382,1
1017386,1
1017410,1
1017415,1
1017426,1
1017431,1
1017434,1
1017450,1
1017461,1
1017467,1
1017473,1
1017475,1
1017489,1
1017498,1
1017504,1
1017511,1
1017525,1
1017528,1
1017544,1
1017560,1
1017567,1
1017579,1
1017585,1
1017594,1
1017604,1
1017619,1
1017621,1
1017650,1
1017653,1
1017659,1
1017664,1
1017678,1
1017688,1
1017695,1
1017700,1
1017711,1
1017717,1
1017730,1
1017740,1
1017747,1
1017751,1
1017756,1
1017759,1
1017761,1
1017773,1
1017778,1
1017787,1
1017789,1
1017794,1
1017808,1
1017811,1
1017824,1
1017831,1
1017834,1
1017847,1
1017850,1
1017853,1
1017864,1
1017869,1
1017884,1
1017887,1
1017892,2
1017903,1
1017908,1
1017911,1
1017924,1
1017927,1
1017929,1
1017944,1
1017958,1
1017960,1
1017964,1
1017972,1
1017979,1
1017981,1
1017987,1
1017997,1
1018013,1
1018032,1
1018039,1
1018044,1
1018055,1
1018070,1
1018077,1
1018088,1
1018115,1
1018119,1
1018126,1
1018151,1
1018174,1
1018176,1
1018185,1
1018193,1
1018206,1
1018223,1
1018231,1
1018244,1
1018249,1
1018252,1
1018267,1
1018285,1
1018287,1
1018303,1
1018306,1
1018309,1
1018323,1
1018326,1
1018344,2
1018346,1
1018348,1
1018350,1
1018364,1
1018366,1
1018376,1
1018381,1
1018388,1
1018394,1
1018398,1
1018401,1
1018413,1
1018421,1
1018423,1
1018438,1
1018450,1
1018452,1
1018458,1
1018461,1
1018464,1
1018475,1
1018481,1
1018490,1
1018512,1
1018526,1
1018533,1
1018537,1
1018550,1
1018553,1
1018558,2
1018566,1
1018585,1
1018591,1
1018594,1
1018602,1
1018606,1
1018611,1
1018615,1
1018623,1
1018625,1
1018628,1
1018634,1
1018644,1
1018648,1
1018651,1
1018658,1
1018670,1
1018678,1
1018680,1
1018688,1
1018690,1
1018698,1
1018700,1
1018704,1
1018707,1
1018716,1
1018719,1
1018725,1
1018729,1
1018738,1
1018743,1
1018757,1
1018760,1
1018763,1
1018766,1
1018775,1
1018778,1
1018782,1
1018788,1
1018794,1
1018799,1
1018812,2
1018814,1
1018817,1
1018821,1
1018825,1
1018847,1
1018852,1
1018856,1
1018858,1
1018863,1
1018872,1
1018874,1
1018880,1
1018895,1
1018898,1
1018906,1
1018912,1
1018915,1
1018919,1
1018931,1
1018933,1
1018945,1
1018956,1
1018965,1
1018968,1
1018972,1
1018983,1
1018987,1
1018990,1
1018998,1
1019004,1
1019009,1
1019025,1
1019027,1
1019064,1
1019068,1
1019083,1
1019085,1
1019101,1
1019105,1
1019109,1
1019122,1
1019124,1
1019126,1
1019138,1
1019141,1
1019144,2
1019154,1
1019161,1
1019166,1
1019175,1
1019180,1
1019184,1
1019194,1
1019199,1
1019201,1
1019219,1
1019221,1
1019232,1
1019237,1
1019240,1
1019244,1
1019255,1
1019257,1
1019259,1
1019273,1
1019275,1
1019291,2
1019294,1
1019296,1
1019311,1
1019313,1
1019315,1
1019329,1
1019341,1
1019345,1
1019349,1
1019352,1
1019359,1
1019369,1
1019388,1
1019392,1
1019401,1
1019405,1
1019409,1
1019423,1
1019425,1
1019427,1
1019430,1
1019443,1
1019445,1
1019447,1
1019460,1
1019475,1
1019481,1
1019489,1
1019494,1
1019539,1
1019550,1
1019555,1
1019557,1
1019573,1
1019576,1
1019579,1
1019592,1
1019597,1
1019615,1
1019619,1
1019626,1
1019633,1
1019641,1
1019653,1
1019656,1
1019658,1
1019664,1
1019669,1
1019671,1
1019676,1
1019686,1
1019690,1
1019692,1
1019694,1
1019698,1
1019708,1
1019712,1
1019720,1
1019726,1
1019729,1
1019732,1
1019736,1
1019747,1
1019750,1
1019772,1
1019784,1
1019788,1
1019790,1
1019799,1
1019807,1
1019809,1
1019825,1
1019829,1
1019842,1
1019850,1
1019860,1
1019862,1
1019868,1
1019875,1
1019900,1
1019916,1
1019921,1
1019938,1
1019944,1
1019949,1
1019954,1
1019958,1
1019961,1
1019975,1
1019977,1
1019982,1
1019990,1
1019993,1
1019995,1
1019998,1
1020000,1
1020004,1
1020014,1
1020026,1
1020031,1
1020035,1
1020061,1
1020072,1
1020090,1
1020109,1
1020132,1
1020143,1
1020147,1
1020150,1
1020163,1
1020169,2
1020174,1
1020183,1
1020188,1
1020190,1
1020205,1
1020215,1
1020221,1
1020225,1
1020231,1
1020240,1
1020248,1
1020256,1
1020267,1
1020278,1
1020282,1
1020286,1
1020297,1
1020300,1
1020302,1
1020305,1
1020337,1
1020339,1
1020349,1
1020355,1
1020361,1
1020364,1
1020397,1
1020400,1
1020407,1
1020416,1
1020431,1
1020434,1
1020449,1
1020453,1
1020458,1
1020463,1
1020471,1
1020483,1
1020486,1
1020491,1
1020494,1
1020502,1
1020508,1
1020510,1
1020512,1
1020515,1
1020528,1
1020548,1
1020551,1
1020567,1
1020578,1
1020585,1
1020596,1
1020602,1
1020605,1
1020618,1
1020621,1
1020627,1
1020629,1
1020634,1
1020636,1
1020642,1
1020645,1
1020649,1
1020659,1
1020674,1
1020676,1
1020681,1
1020684,1
1020686,1
1020701,2
1020716,1
1020719,1
1020730,1
1020741,1
1020753,1
1020770,1
1020774,1
1020788,1
1020792,1
1020811,1
1020817,1
1020819,1
1020830,1
1020833,1
1020837,1
1020839,1
1020847,1
1020849,1
1020852,1
1020854,1
1020862,1
1020866,1
1020871,1
1020874,1
1020876,1
1020889,1
1020891,1
1020893,1
1020907,1
1020909,1
1020922,1
1020926,1
1020928,1
1020938,1
1020943,1
1020950,1
1020956,1
1020966,1
1020983,1
1020986,2
1020994,1
1021003,1
1021005,1
1021018,1
1021022,1
1021026,1
1021029,1
1021035,1
1021040,1
1021044,1
1021046,1
1021059,1
1021061,1
1021071,1
1021073,1
1021076,1
1021078,1
1021083,1
1021092,1
1021094,1
1021098,1
1021104,1
1021115,1
1021121,1
1021128,1
1021135,1
1021137,1
1021140,2
1021142,1
1021155,1
1021157,1
1021171,1
1021173,1
1021175,1
1021179,1
1021190,1
1021194,1
1021208,1
1021212,1
1021217,1
1021225,1
1021229,1
1021233,1
1021253,1
1021262,1
1021270,1
1021294,1
1021305,1
1021308,1
1021339,1
1021345,1
1021364,1
1021368,1
1021384,1
1021388,1
1021402,1
1021405,1
1021417,1
1021421,1
1021423,1
1021425,1
1021428,1
1021441,1
1021443,1
1021445,1
1021457,1
1021459,1
1021474,1
1021478,1
1021488,1
1021494,1
1021502,1
1021516,1
1021524,1
1021535,1
1021537,1
1021555,1
1021563,1
1021573,1
1021575,1
1021593,1
1021607,1
1021611,1
1021613,1
1021628,1
1021636,1
1021642,1
1021644,1
1021651,1
1021653,1
1021655,1
1021665,1
1021667,1
1021684,1
1021703,1
1021706,1
1021709,1
1021718,1
1021730,1
1021741,1
1021744,1
1021747,2
1021750,1
1021763,1
1021765,1
1021780,1
1021782,1
1021786,1
1021818,1
1021820,1
1021822,1
1021839,1
1021865,1
1021873,2
1021877,1
1021896,1
1021898,1
1021903,1
1021911,1
1021913,1
1021932,1
1021934,1
1021941,1
1021950,1
1021955,1
1021958,1
1021969,1
1021973,1
1021984,1
1021991,1
1021996,1
1022005,1
1022011,1
1022027,1
1022031,1
1022043,1
1022048,1
1022051,2
1022054,1
1022065,1
1022069,1
1022084,2
1022086,1
1022098,1
1022107,1
1022140,1
1022142,1
1022145,1
1022147,1
1022162,1
1022176,1
1022180,1
1022182,1
1022195,1
1022199,1
1022202,2
1022206,1
1022216,1
1022218,1
1022235,1
1022238,1
1022249,1
1022251,1
1022263,1
1022272,1
1022275,1
1022279,1
1022294,1
1022310,1
1022314,1
1022328,1
1022333,1
1022352,1
1022357,1
1022362,1
1022372,1
1022376,1
1022384,1
1022401,1
1022406,1
1022413,1
1022415,1
1022422,1
1022429,1
1022431,1
1022437,1
1022446,1
1022448,1
1022460,1
1022462,1
1022469,1
1022479,1
1022486,1
1022490,1
1022505,2
1022507,1
1022523,1
1022525,1
1022534,1
1022538,1
1022541,1
1022547,1
1022557,1
1022559,1
1022565,1
1022576,1
1022582,1
1022585,1
1022594,1
1022600,1
1022615,1
1022620,1
1022624,1
1022637,1
1022643,1
1022648,1
1022653,1
1022658,1
1022662,1
1022671,1
1022673,1
1022676,1
1022678,1
1022681,1
1022693,1
1022695,1
1022704,1
1022713,1
1022719,1
1022730,1
1022732,1
1022734,1
1022744,1
1022748,1
1022752,1
1022769,1
1022773,1
1022776,1
1022788,1
1022791,1
1022793,1
1022797,1
1022805,1
1022811,1
1022822,1
1022827,1
1022829,1
1022842,1
1022845,1
1022849,1
1022852,1
1022858,1
1022866,1
1022871,1
1022884,1
1022892,1
1022898,1
1022901,1
1022906,1
1022919,1
1022934,1
1022938,1
1022940,1
1022943,1
1022954,1
1022957,1
1022959,1
1022975,1
1022977,1
1022983,1
1022993,1
1022997,1
1023000,1
1023002,1
1023004,1
1023006,1
1023017,1
1023020,2
1023030,1
1023036,1
1023042,1
1023051,1
1023053,1
1023057,1
1023060,1
1023070,1
1023075,1
1023089,1
1023092,1
1023095,1
1023098,1
1023112,1
1023117,1
1023123,1
1023127,1
1023129,1
1023138,1
1023146,1
1023149,1
1023152,1
1023167,1
1023169,1
1023171,1
1023176,1
1023186,1
1023189,1
1023191,1
1023199,1
1023203,1
1023225,1
1023231,1
1023252,1
1023264,1
1023266,1
1023283,1
1023294,1
1023299,1
1023302,1
1023304,1
1023306,1
1023308,1
1023324,2
1023334,1
1023339,1
1023342,1
1023356,1
1023359,1
1023362,1
1023373,1
1023377,1
1023382,1
1023385,1
1023398,1
1023409,1
1023415,1
1023419,1
1023421,1
1023423,1
1023436,1
1023445,1
1023456,1
1023468,1
1023471,1
1023473,1
1023475,1
1023479,1
1023486,1
1023489,1
1023495,1
1023527,1
1023536,1
1023543,1
1023548,1
1023553,1
1023557,1
1023571,1
1023578,1
1023588,1
1023592,1
1023606,1
1023619,1
1023623,1
1023625,1
1023631,1
1023641,1
1023644,1
1023646,1
1023649,1
1023661,1
1023665,1
1023680,1
1023697,1
1023699,1
1023703,1
1023706,1
1023716,1
1023719,1
1023725,1
1023737,1
1023740,1
1023747,1
1023752,1
1023755,1
1023757,1
1023762,1
1023770,1
1023772,1
1023778,1
1023789,1
1023793,1
1023795,1
1023799,1
1023804,1
1023807,1
1023810,1
1023814,1
1023816,1
1023819,1
1023823,1
1023830,1
1023832,1
1023834,1
1023850,1
1023861,1
1023864,1
1023869,1
1023885,1
1023887,1
1023892,1
1023895,1
1023904,1
1023909,1
1023911,1
1023914,1
1023925,1
1023929,1
1023931,1
1023934,1
1023936,1
1023941,1
1023947,1
1023949,1
1023951,1
1023954,1
1023956,1
1023965,1
1023986,1
1023994,1
1024003,1
1024006,1
1024009,1
1024022,1
1024024,1
1024027,1
1024041,1
1024055,1
1024058,1
1024065,1
1024093,1
1024102,1
1024114,1
1024117,2
1024120,1
1024123,1
1024125,1
1024138,1
1024140,1
1024152,1
1024154,1
1024156,1
1024175,1
1024190,1
1024195,1
1024199,1
1024208,1
1024212,1
1024216,1
1024218,1
1024232,1
1024248,1
1024253,1
1024267,1
1024269,1
1024287,1
1024292,1
1024296,1
1024305,1
1024308,1
1024325,1
1024330,1
1024334,1
1024348,1
1024351,1
1024361,1
1024368,1
1024382,1
1024388,1
1024392,1
1024404,1
1024407,1
1024419,1
1024424,1
1024427,1
1024438,1
1024441,1
1024443,1
1024445,1
1024461,1
1024463,1
1024477,1
1024494,1
1024499,1
1024502,1
1024508,1
1024521,1
1024527,1
1024531,1
1024536,1
1024538,1
1024541,1
1024544,1
1024546,1
1024552,1
1024557,1
1024566,1
1024571,1
1024576,1
1024581,1
1024583,1
1024597,1
1024608,1
1024610,1
1024617,1
1024619,1
1024633,1
1024636,1
1024641,1
1024650,1
1024652,1
1024654,1
1024656,1
1024667,1
1024670,1
1024673,1
1024692,1
1024705,1
1024722,1
1024727,1
1024729,1
1024746,1
1024748,1
1024764,1
1024772,1
1024780,1
1024782,1
1024787,1
1024804,1
1024810,1
1024817,1
1024821,1
1024827,1
1024834,1
1024842,1
1024845,1
1024851,1
1024858,1
1024860,1
1024863,1
1024873,1
1024877,1
1024882,1
1024887,1
1024893,1
1024903,1
1024911,1
1024935,1
1024937,1
1024949,1
1024971,1
1024974,1
1024978,1
1024991,1
1024994,1
1024996,1
1025010,1
1025012,1
1025026,1
1025028,1
1025047,1
1025049,1
1025052,1
1025054,1
1025056,1
1025069,2
1025072,1
1025074,1
1025084,1
1025088,1
1025112,1
1025122,1
1025130,1
1025142,1
1025146,1
1025148,1
1025161,1
1025164,2
1025167,1
1025169,1
1025171,1
1025179,1
1025184,1
1025193,1
1025201,1
1025205,1
1025207,1
1025221,1
1025223,1
1025225,1
1025242,1
1025251,1
1025253,1
1025256,1
1025271,1
1025274,1
1025276,1
1025280,2
1025284,1
1025289,1
1025300,1
1025302,1
1025314,2
1025316,1
1025319,1
1025322,1
1025332,1
1025334,1
1025336,1
1025343,1
1025346,1
1025355,1
1025358,1
1025372,1
1025376,1
1025385,1
1025388,1
1025396,1
1025429,1
1025433,1
1025439,1
1025446,1
1025448,1
1025453,1
1025455,1
1025468,1
1025470,1
1025473,1
1025482,1
1025485,1
1025487,1
1025491,1
1025501,1
1025503,1
1025506,1
1025508,1
1025510,1
1025512,1
1025521,1
1025525,1
1025527,1
1025537,1
1025541,1
1025560,1
1025566,1
1025581,1
1025583,1
1025586,2
1025588,1
1025600,1
1025605,1
1025609,1
1025612,1
1025618,1
1025623,3
1025625,1
1025630,1
1025637,1
1025639,1
1025642,1
1025645,1
1025649,1
1025657,1
1025661,1
1025663,1
1025674,1
1025676,1
1025680,1
1025682,1
1025695,1
1025712,1
1025717,1
1025725,1
1025734,1
1025736,1
1025749,1
1025752,1
1025754,1
1025769,1
1025775,1
1025788,1
1025795,1
1025806,1
1025809,2
1025813,1
1025820,2
1025826,1
1025831,1
1025845,1
1025848,1
1025854,1
1025867,1
1025880,1
1025886,1
1025889,1
1025899,1
1025902,1
1025904,1
1025911,2
1025920,1
1025925,1
1025953,1
1025959,1
1025965,1
1025972,1
1025977,1
1025983,1
1025985,1
1025994,1
1025997,1
1025999,1
1026003,1
1026016,1
1026034,1
1026041,1
1026051,1
1026073,1
1026076,1
1026079,1
1026088,1
1026090,1
1026097,1
1026112,1
1026115,1
1026125,1
1026130,1
1026132,1
1026135,1
1026138,1
1026163,1
1026168,1
1026171,1
1026174,1
1026188,1
1026190,1
1026192,1
1026207,1
1026211,1
1026225,1
1026227,1
1026230,1
1026234,1
1026248,1
1026263,2
1026266,1
1026270,1
1026283,1
1026287,1
1026290,1
1026300,1
1026307,1
1026310,1
1026315,1
1026321,1
1026325,2
1026327,1
1026329,1
1026340,1
1026342,1
1026344,1
1026347,1
1026361,1
1026376,1
1026382,1
1026398,1
1026402,1
1026412,1
1026415,1
1026417,1
1026422,1
1026424,1
1026435,1
1026443,1
1026457,1
1026471,1
1026474,1
1026478,1
1026492,1
1026507,1
1026510,1
1026513,1
1026517,1
1026530,1
1026533,1
1026535,1
1026547,1
1026549,1
1026553,1
1026563,1
1026570,1
1026574,1
1026579,1
1026584,1
1026588,1
1026595,2
1026606,1
1026612,1
1026624,1
1026627,1
1026629,1
1026639,1
1026641,1
1026643,1
1026645,1
1026650,1
1026663,1
1026665,1
1026676,1
1026686,1
1026697,1
1026703,1
1026705,1
1026712,1
1026715,1
1026720,1
1026722,1
1026725,1
1026728,1
1026735,1
1026737,1
1026742,1
1026746,1
1026750,1
1026754,1
1026758,2
1026763,1
1026765,1
1026778,1
1026791,1
1026794,1
1026796,1
1026801,1
1026806,1
1026815,1
1026821,1
1026829,1
1026834,1
1026852,1
1026858,1
1026872,1
1026877,1
1026890,1
1026892,1
1026895,1
1026909,1
1026915,1
1026927,1
1026929,1
1026933,1
1026939,1
1026953,1
1026967,1
1026969,1
1026972,1
1026974,1
1026983,1
1026987,1
1026990,1
1027003,1
1027008,1
1027020,1
1027022,1
1027024,1
1027027,1
1027031,1
1027040,1
1027042,1
1027044,1
1027051,1
1027065,1
1027068,1
1027080,1
1027095,1
1027100,1
1027104,1
1027119,2
1027124,1
1027139,1
1027143,1
1027154,1
1027156,1
1027176,1
1027180,1
1027193,1
1027195,1
1027212,1
1027216,1
1027231,1
1027237,1
1027248,1
1027257,1
1027260,1
1027274,1
1027276,1
1027288,1
1027293,1
1027308,1
1027311,1
1027313,1
1027324,1
1027326,1
1027333,1
1027351,1
1027364,1
1027369,1
1027379,1
1027388,1
1027390,1
1027403,1
1027419,1
1027423,1
1027426,1
1027443,1
1027450,1
1027458,1
1027460,1
1027462,1
1027464,1
1027469,1
1027471,1
1027482,1
1027498,1
1027503,1
1027505,1
1027518,1
1027522,1
1027526,1
1027536,1
1027538,1
1027540,1
1027546,1
1027555,1
1027575,1
1027577,1
1027581,1
1027594,1
1027611,1
1027613,1
1027619,1
1027630,1
1027638,1
1027647,1
1027659,1
1027661,1
1027670,1
1027672,1
1027689,1
1027691,1
1027709,1
1027713,1
1027725,1
1027728,1
1027732,1
1027743,1
1027747,1
1027750,1
1027764,1
1027780,1
1027784,1
1027789,1
1027803,1
1027807,1
1027820,1
1027825,1
1027827,1
1027848,1
1027864,1
1027866,1
1027879,1
1027883,1
1027885,1
1027893,1
1027899,1
1027903,1
1027915,1
1027918,1
1027921,1
1027923,1
1027937,1
1027943,1
1027962,1
1027988,1
1027991,1
1027996,1
1028000,1
1028003,1
1028013,1
1028017,1
1028019,1
1028029,1
1028035,1
1028037,1
1028046,1
1028048,1
1028074,1
1028082,1
1028085,1
1028092,1
1028094,1
1028097,1
1028111,1
1028113,1
1028126,1
1028128,1
1028131,1
1028147,1
1028161,1
1028164,1
1028168,1
1028170,1
1028174,1
1028180,1
1028184,1
1028186,1
1028188,1
1028202,1
1028204,1
1028213,1
1028218,1
1028222,1
1028227,1
1028238,1
1028244,1
1028246,1
1028265,1
1028278,1
1028293,1
1028295,1
1028302,1
1028304,1
1028320,1
1028336,1
1028341,1
1028348,1
1028351,1
1028355,1
1028361,1
1028363,1
1028377,1
1028387,1
1028389,1
1028394,1
1028411,1
1028415,1
1028418,1
1028435,1
1028446,1
1028449,1
1028453,1
1028455,1
1028466,1
1028469,1
1028472,1
1028476,1
1028488,1
1028493,1
1028495,1
1028509,1
1028513,1
1028531,1
1028542,1
1028547,1
1028549,1
1028557,1
1028566,1
1028569,1
1028587,1
1028589,1
1028618,1
1028621,1
1028624,1
1028638,1
1028640,1
1028645,1
1028647,1
1028656,1
1028661,1
1028663,1
1028666,2
1028668,1
1028684,1
1028695,1
1028697,1
1028700,1
1028702,1
1028715,1
1028717,1
1028723,1
1028731,1
1028735,1
1028750,1
1028752,1
1028757,1
1028759,1
1028771,1
1028775,1
1028777,1
1028790,1
1028793,1
1028808,1
1028816,1
1028819,1
1028831,1
1028834,1
1028839,1
1028844,1
1028850,1
1028855,1
1028866,1
1028869,1
1028871,1
1028873,1
1028882,1
1028888,1
1028890,1
1028892,1
1028904,1
1028908,1
1028912,1
1028923,1
1028925,1
1028930,1
1028933,1
1028947,1
1028954,1
1028968,1
1028982,1
1028985,1
1028992,1
1028998,1
1029002,1
1029004,1
1029007,1
1029009,1
1029017,1
1029022,1
1029025,1
1029043,1
1029057,1
1029079,1
1029099,1
1029102,1
1029116,1
1029120,1
1029122,1
1029130,1
1029136,1
1029138,1
1029140,1
1029152,1
1029156,1
1029158,1
1029166,1
1029170,1
1029180,2
1029195,1
1029209,1
1029224,1
1029227,1
1029245,1
1029254,1
1029263,2
1029265,1
1029273,1
1029275,1
1029290,1
1029306,1
1029308,1
1029310,1
1029318,1
1029322,1
1029324,1
1029328,1
1029334,1
1029343,1
1029345,1
1029352,1
1029359,1
1029370,1
1029379,1
1029385,1
1029389,1
1029398,1
1029400,1
1029405,1
1029417,1
1029421,1
1029438,1
1029441,1
1029444,1
1029455,1
1029459,1
1029462,1
1029474,1
1029477,1
1029480,1
1029482,1
1029492,1
1029495,1
1029501,1
1029519,2
1029531,1
1029534,1
1029538,1
1029542,1
1029548,1
1029555,1
1029558,1
1029568,1
1029570,1
1029576,1
1029582,1
1029586,1
1029590,1
1029597,1
1029607,1
1029612,1
1029627,1
1029630,1
1029642,1
1029652,1
1029654,1
1029670,1
1029683,1
1029688,1
1029690,1
1029700,1
1029704,1
1029709,1
1029721,1
1029723,1
1029726,1
1029728,1
1029730,1
1029740,1
1029743,1
1029747,1
1029758,1
1029763,1
1029767,1
1029774,1
1029779,1
1029783,1
1029801,1
1029803,1
1029807,1
1029823,1
1029834,1
1029839,1
1029841,1
1029859,1
1029874,1
1029876,1
1029881,1
1029892,1
1029897,1
1029899,1
1029907,1
1029914,1
1029918,1
1029928,1
1029934,1
1029938,1
1029940,1
1029950,1
1029952,1
1029955,1
1029957,1
1029966,1
1029970,1
1029973,1
1029975,1
1029977,1
1030005,1
1030012,1
1030021,1
1030033,1
1030045,1
1030049,1
1030068,1
1030073,1
1030082,1
1030086,1
1030101,1
1030106,1
1030109,1
1030124,1
1030126,1
1030128,1
1030139,1
1030148,1
1030155,1
1030161,1
1030164,1
1030169,1
1030183,1
1030187,1
1030197,1
1030199,1
1030204,2
1030215,1
1030218,1
1030221,1
1030233,1
1030242,1
1030251,1
1030254,1
1030257,2
1030263,1
1030278,1
1030290,1
1030294,1
1030296,1
1030313,1
1030327,1
1030329,1
1030337,1
1030350,1
1030354,1
1030367,1
1030371,1
1030375,1
1030384,1
1030392,1
1030406,1
1030409,1
1030422,1
1030427,1
1030447,1
1030449,1
1030452,1
1030463,1
1030469,1
1030471,1
1030477,1
1030486,1
1030488,1
1030505,1
1030517,1
1030524,1
1030541,1
1030544,1
1030548,1
1030558,1
1030580,1
1030595,1
1030599,1
1030603,1
1030620,1
1030622,1
1030624,1
1030636,1
1030639,1
1030646,1
1030653,2
1030661,1
1030676,1
1030678,1
1030680,1
1030695,1
1030709,1
1030712,1
1030714,1
1030717,1
1030730,1
1030734,1
1030745,1
1030747,1
1030755,1
1030768,1
1030770,1
1030772,1
1030775,1
1030787,1
1030790,1
1030794,1
1030802,1
1030804,1
1030814,2
1030816,1
1030824,1
1030826,1
1030839,1
1030846,1
1030849,1
1030861,1
1030867,1
1030878,1
1030881,1
1030886,1
1030888,1
1030890,1
1030915,1
1030918,1
1030921,1
1030936,1
1030938,1
1030959,1
1030961,1
1030964,1
1030975,1
1030977,1
1030996,1
1031000,1
1031011,1
1031015,1
1031020,1
1031032,1
1031036,1
1031038,1
1031041,1
1031048,1
1031054,1
1031058,1
1031069,1
1031078,1
1031086,1
1031089,2
1031097,1
1031112,1
1031130,1
1031144,1
1031148,1
1031151,1
1031168,1
1031184,2
1031186,1
1031192,1
1031200,1
1031205,1
1031218,1
1031220,1
1031228,1
1031239,1
1031244,1
1031247,1
1031263,1
1031277,1
1031285,1
1031300,1
1031303,1
1031317,1
1031320,1
1031322,1
1031326,1
1031334,1
1031338,1
1031341,1
1031344,1
1031357,1
1031376,1
1031378,1
1031380,1
1031391,1
1031396,1
1031399,1
1031403,1
1031413,1
1031417,1
1031420,1
1031433,1
1031435,1
1031437,1
1031443,1
1031448,1
1031450,1
1031456,2
1031458,1
1031468,1
1031473,1
1031476,1
1031478,1
1031486,1
1031491,1
1031493,1
1031503,1
1031508,1
1031510,1
1031516,1
1031528,1
1031531,1
1031542,1
1031550,1
1031553,1
1031569,1
1031573,1
1031581,1
1031584,1
1031588,1
1031590,1
1031609,1
1031622,1
1031626,1
1031628,1
1031645,1
1031649,1
1031659,1
1031662,1
1031665,1
1031677,1
1031682,2
1031685,1
1031697,1
1031699,1
1031704,1
1031718,1
1031738,1
1031740,1
1031742,1
1031760,1
1031769,1
1031775,1
1031779,1
1031793,1
1031796,1
1031798,1
1031800,1
1031802,1
1031818,1
1031824,1
1031828,1
1031832,1
1031835,1
1031842,1
1031850,1
1031852,1
1031857,1
1031863,1
1031867,1
1031877,1
1031888,1
1031892,1
1031905,1
1031908,1
1031913,1
1031923,2
1031928,1
1031942,1
1031951,1
1031961,1
1031973,1
1031984,1
1031988,1
1031990,1
1032004,1
1032022,1
1032028,1
1032036,1
1032047,2
1032056,1
1032059,1
1032066,2
1032069,1
1032081,1
1032083,1
1032100,1
1032115,1
1032117,1
1032134,1
1032149,1
1032151,1
1032174,1
1032180,1
1032185,1
1032197,1
1032205,1
1032211,1
1032215,1
1032217,1
1032226,1
1032238,1
1032248,1
1032256,1
1032266,1
1032276,1
1032292,1
1032294,1
1032302,1
1032310,1
1032314,1
1032324,1
1032328,1
1032330,1
1032347,1
1032359,1
1032362,1
1032364,1
1032370,1
1032381,1
1032389,1
1032401,1
1032403,1
1032406,1
1032423,1
1032441,1
1032446,1
1032457,1
1032464,1
1032481,1
1032485,1
1032511,1
1032517,1
1032533,1
1032536,1
1032547,1
1032553,1
1032569,1
1032575,1
1032578,1
1032580,1
1032587,1
1032595,1
1032597,1
1032599,1
1032613,1
1032620,1
1032630,1
1032638,1
1032647,1
1032651,1
1032667,1
1032672,1
1032674,1
1032684,1
1032691,1
1032700,1
1032704,1
1032710,2
1032715,1
1032720,1
1032722,1
1032732,1
1032741,1
1032776,1
1032780,1
1032782,1
1032786,1
1032789,1
1032800,1
1032814,1
1032816,1
1032819,1
1032830,1
1032833,1
1032835,1
1032841,1
1032844,1
1032847,1
1032850,1
1032869,1
1032875,1
1032879,1
1032882,1
1032888,1
1032899,1
1032912,1
1032917,1
1032931,1
1032935,1
1032937,1
1032955,1
1032964,1
1032968,1
1032975,1
1032991,1
1032995,1
1032997,1
1032999,1
1033005,1
1033012,1
1033014,1
1033017,1
1033024,1
1033029,1
1033054,1
1033069,1
1033071,1
1033077,1
1033090,1
1033104,1
1033107,1
1033121,2
1033123,1
1033130,1
1033144,1
1033146,1
1033150,1
1033160,1
1033162,1
1033166,1
1033169,1
1033180,1
1033183,1
1033188,1
1033202,1
1033205,1
1033207,1
1033214,1
1033221,1
1033223,1
1033231,1
1033238,1
1033243,1
1033252,1
1033255,1
1033262,1
1033266,1
1033274,1
1033276,1
1033279,1
1033281,1
1033306,1
1033315,1
1033319,1
1033321,1
1033329,1
1033331,1
1033333,1
1033335,1
1033346,1
1033349,1
1033352,1
1033355,1
1033365,1
1033374,1
1033385,1
1033393,1
1033404,1
1033410,1
1033424,1
1033428,1
1033430,1
1033440,1
1033443,1
1033451,1
1033455,1
1033462,1
1033469,1
1033472,1
1033487,1
1033489,1
1033498,1
1033503,1
1033508,1
1033523,1
1033537,1
1033556,1
1033561,1
1033564,1
1033569,1
1033575,1
1033583,1
1033585,1
1033597,1
1033610,1
1033622,1
1033628,1
1033634,1
1033655,1
1033674,1
1033679,1
1033697,1
1033704,1
1033710,1
1033730,1
1033745,1
1033747,1
1033750,1
1033753,1
1033756,1
1033774,1
1033776,1
1033790,1
1033792,1
1033795,1
1033808,1
1033812,1
1033824,1
1033827,1
1033830,1
1033841,1
1033843,1
1033845,1
1033849,1
1033860,1
1033864,1
1033867,1
1033876,1
1033879,2
1033881,1
1033886,1
1033891,1
1033896,1
1033903,1
1033907,1
1033914,1
1033919,1
1033923,2
1033929,1
1033931,1
1033937,1
1033945,1
1033954,1
1033956,1
1033962,1
1033967,1
1033975,1
1033992,1
1033994,1
1033998,1
1034003,1
1034005,1
1034008,1
1034013,1
1034016,1
1034020,1
1034027,1
1034031,1
1034036,1
1034041,1
1034059,1
1034063,1
1034071,1
1034077,1
1034088,1
1034092,1
1034095,1
1034100,1
1034108,1
1034126,1
1034130,1
1034134,1
1034165,1
1034171,1
1034184,1
1034190,1
1034197,1
1034205,1
1034208,1
1034212,1
1034220,1
1034225,1
1034228,1
1034231,1
1034240,1
1034243,1
1034257,1
1034264,1
1034270,1
1034277,1
1034297,2
1034305,1
1034320,1
1034322,1
1034337,1
1034345,1
1034355,1
1034363,1
1034371,1
1034377,1
1034382,1
1034384,1
1034396,1
1034401,1
1034411,1
1034414,1
1034418,1
1034434,1
1034452,1
1034470,1
1034485,1
1034495,1
1034509,1
1034529,1
1034531,1
1034535,1
1034548,1
1034554,1
1034566,1
1034601,1
1034608,1
1034611,1
1034621,1
1034624,1
1034631,1
1034637,1
1034641,1
1034651,1
1034665,1
1034672,1
1034682,1
1034698,1
1034701,1
1034706,1
1034715,1
1034717,1
1034722,1
1034733,1
1034739,1
1034743,1
1034755,1
1034758,1
1034779,1
1034787,1
1034794,1
1034819,1
1034831,1
1034837,1
1034856,1
1034858,1
1034873,1
1034879,1
1034906,1
1034911,1
1034915,1
1034932,1
1034939,1
1034945,1
1034951,1
1034957,1
1034963,1
1034966,1
1034972,1
1034979,1
1034983,1
1034989,1
1034993,1
1035000,1
1035007,1
1035009,1
1035011,1
1035017,1
1035020,1
1035024,1
1035027,1
1035039,1
1035041,1
1035048,1
1035053,1
1035058,1
1035074,1
1035077,1
1035084,1
1035092,1
1035094,1
1035101,1
1035104,1
1035107,1
1035109,1
1035112,1
1035125,1
1035144,1
1035155,1
1035164,1
1035166,1
1035171,1
1035177,1
1035181,1
1035185,1
1035192,1
1035197,1
1035211,1
1035215,1
1035219,1
1035233,1
1035247,1
1035249,1
1035266,1
1035269,1
1035275,1
1035278,1
1035284,1
1035286,1
1035295,1
1035303,1
1035312,1
1035314,1
1035345,1
1035359,1
1035361,1
1035363,1
1035381,2
1035386,1
1035398,1
1035402,1
1035407,1
1035416,1
1035421,1
1035441,1
1035443,1
1035457,1
1035461,1
1035463,1
1035476,1
1035481,1
1035486,1
1035492,1
1035496,1
1035499,1
1035510,1
1035519,1
1035523,1
1035531,1
1035533,1
1035536,1
1035538,1
1035540,1
1035545,1
1035552,1
1035557,1
1035560,1
1035565,1
1035576,1
1035580,1
1035583,2
1035589,1
1035607,1
1035612,1
1035618,1
1035627,1
1035631,1
1035638,1
1035649,1
1035653,1
1035687,1
1035694,1
1035706,1
1035708,1
1035711,1
1035714,1
1035716,1
1035732,1
1035734,1
1035743,1
1035762,1
1035764,1
1035769,1
1035771,1
1035796,1
1035815,1
1035838,1
1035840,1
1035856,1
1035864,1
1035876,1
1035879,1
1035896,1
1035898,1
1035904,1
1035912,1
1035914,1
1035917,1
1035923,1
1035925,1
1035932,1
1035935,1
1035941,1
1035951,1
1035958,1
1035966,1
1035974,1
1035990,1
1035994,1
1035999,1
1036009,1
1036012,1
1036029,1
1036031,1
1036036,1
1036038,1
1036046,1
1036049,1
1036066,1
1036081,1
1036093,1
1036103,1
1036111,1
1036115,1
1036130,1
1036145,1
1036148,1
1036156,1
1036167,1
1036170,1
1036177,1
1036184,1
1036186,1
1036197,1
1036201,1
1036203,1
1036216,1
1036219,1
1036226,1
1036233,1
1036237,1
1036252,1
1036254,1
1036257,1
1036263,1
1036275,1
1036278,1
1036280,1
1036282,1
1036297,1
1036303,1
1036330,1
1036337,1
1036343,1
1036348,1
1036353,1
1036368,1
1036370,1
1036372,1
1036378,1
1036380,1
1036385,1
1036389,1
1036399,1
1036407,1
1036412,1
1036428,1
1036433,1
1036436,1
1036444,1
1036446,1
1036453,1
1036455,1
1036491,1
1036511,1
1036520,1
1036522,1
1036531,1
1036542,1
1036544,1
1036547,1
1036551,1
1036556,1
1036559,1
1036561,1
1036563,1
1036566,1
1036571,1
1036577,1
1036582,1
1036594,1
1036597,1
1036599,1
1036616,1
1036621,1
1036625,1
1036629,1
1036637,1
1036642,1
1036655,1
1036658,1
1036665,1
1036673,1
1036685,1
1036701,1
1036714,1
1036720,1
1036730,1
1036732,1
1036736,1
1036740,1
1036744,1
1036758,1
1036768,1
1036771,1
1036777,1
1036791,1
1036797,1
1036802,1
1036831,1
1036852,1
1036866,1
1036871,1
1036885,1
1036890,1
1036903,1
1036919,1
1036925,1
1036935,1
1036939,1
1036943,1
1036949,1
1036976,1
1036997,1
1037004,1
1037014,1
1037018,1
1037023,1
1037026,1
1037054,1
1037062,1
1037066,1
1037073,1
1037081,1
1037091,1
1037098,1
1037112,1
1037117,1
1037137,1
1037140,1
1037148,1
1037150,1
1037158,1
1037160,1
1037171,1
1037180,1
1037195,1
1037203,1
1037213,1
1037226,1
1037233,1
1037245,1
1037251,1
1037263,1
1037266,1
1037272,1
1037278,1
1037280,1
1037283,1
1037286,1
1037292,1
1037296,1
1037302,1
1037305,1
1037307,1
1037318,1
1037321,1
1037328,1
1037339,1
1037350,1
1037366,1
1037376,1
1037379,1
1037385,1
1037399,1
1037402,1
1037405,1
1037414,1
1037418,1
1037424,1
1037437,1
1037442,1
1037454,1
1037457,1
1037462,1
1037468,1
1037475,1
1037479,1
1037482,1
1037489,1
1037492,1
1037509,1
1037519,1
1037523,1
1037529,1
1037538,1
1037541,1
1037549,1
1037562,1
1037565,1
1037568,1
1037570,1
1037572,1
1037574,1
1037577,1
1037581,2
1037583,1
1037589,1
1037592,1
1037598,1
1037601,1
1037606,1
1037623,1
1037630,1
1037632,1
1037648,1
1037651,1
1037664,1
1037682,1
1037685,1
1037690,1
1037692,1
1037702,1
1037707,1
1037710,2
1037720,1
1037722,1
1037725,1
1037730,1
1037741,1
1037744,1
1037746,1
1037772,1
1037774,1
1037783,1
1037785,1
1037789,1
1037795,1
1037805,1
1037815,1
1037819,1
1037823,1
1037840,1
1037853,1
1037868,1
1037872,1
1037879,1
1037882,1
1037891,1
1037899,1
1037909,1
1037916,1
1037927,1
1037930,1
1037936,1
1037946,1
1037949,1
1037955,1
1037959,1
1037964,1
1037966,1
1037969,1
1037983,1
1037993,1
1038005,1
1038007,1
1038023,1
1038025,1
1038031,1
1038041,1
1038045,1
1038049,1
1038051,1
1038064,1
1038071,1
1038074,1
1038081,1
1038089,1
1038101,1
1038106,1
1038123,1
1038138,1
1038143,1
1038147,1
1038156,1
1038159,1
1038165,1
1038173,1
1038176,1
1038182,1
1038194,1
1038202,1
1038212,1
1038228,1
1038232,1
1038241,1
1038259,1
1038269,1
1038271,1
1038274,1
1038281,1
1038285,1
1038289,1
1038298,1
1038300,1
1038306,1
1038311,1
1038316,1
1038318,1
1038326,1
1038329,1
1038335,1
1038337,1
1038345,1
1038350,1
1038364,1
1038368,1
1038373,1
1038383,1
1038386,1
1038391,1
1038404,1
1038410,1
1038413,1
1038416,1
1038422,1
1038424,1
1038426,1
1038438,1
1038442,2
1038450,1
1038455,1
1038462,1
1038465,1
1038469,1
1038475,1
1038483,1
1038497,1
1038500,1
1038502,1
1038506,1
1038509,1
1038520,1
1038526,1
1038529,1
1038538,1
1038545,1
1038553,1
1038555,1
1038566,1
1038580,1
1038594,1
1038601,1
1038612,1
1038614,1
1038629,1
1038632,1
1038647,1
1038650,1
1038660,1
1038663,1
1038677,1
1038681,1
1038688,1
1038692,1
1038709,1
1038716,1
1038725,1
1038732,1
1038735,1
1038739,1
1038747,1
1038749,1
1038753,1
1038784,1
1038791,1
1038795,1
1038803,1
1038822,1
1038828,1
1038831,1
1038836,1
1038838,1
1038843,1
1038850,1
1038853,1
1038858,1
1038863,1
1038868,1
1038871,1
1038880,1
1038895,1
1038897,1
1038899,1
1038908,1
1038915,1
1038922,1
1038924,1
1038927,1
1038953,1
1038956,1
1038963,1
1038981,1
1038993,1
1038999,1
1039017,1
1039031,1
1039033,1
1039038,1
1039053,1
1039057,1
1039074,1
1039087,1
1039096,1
1039105,1
1039108,1
1039119,1
1039125,1
1039133,1
1039140,1
1039147,1
1039151,1
1039159,1
1039164,1
1039182,1
1039190,1
1039192,1
1039202,1
1039206,1
1039210,1
1039222,1
1039228,1
1039245,1
1039264,1
1039267,1
1039296,1
1039315,1
1039323,1
1039325,1
1039334,1
1039337,1
1039345,2
1039355,1
1039361,1
1039371,1
1039389,1
1039409,1
1039411,1
1039418,1
1039425,1
1039429,1
1039431,1
1039439,1
1039444,1
1039449,1
1039466,1
1039469,1
1039476,1
1039481,1
1039483,1
1039489,1
1039498,1
1039510,1
1039515,1
1039528,1
1039538,1
1039544,1
1039562,1
1039587,1
1039616,1
1039620,1
1039629,1
1039632,1
1039634,1
1039642,1
1039647,1
1039651,1
1039655,1
1039659,1
1039667,1
1039677,2
1039681,1
1039685,1
1039690,1
1039700,1
1039706,1
1039712,1
1039715,1
1039723,1
1039732,1
1039745,1
1039747,1
1039761,1
1039766,1
1039772,1
1039784,1
1039810,1
1039825,1
1039829,1
1039839,1
1039847,1
1039884,1
1039887,1
1039893,1
1039905,1
1039930,1
1039932,1
1039961,1
1039968,1
1039981,1
1039986,1
1039999,1
1040005,1
1040008,1
1040010,1
1040020,1
1040023,1
1040029,1
1040035,1
1040039,1
1040046,1
1040051,1
1040058,1
1040062,1
1040064,1
1040068,1
1040077,1
1040079,1
1040083,1
1040086,2
1040097,1
1040112,1
1040114,1
1040122,1
1040130,1
1040132,1
1040143,1
1040158,1
1040169,1
1040206,1
1040208,1
1040228,1
1040243,1
1040251,1
1040254,1
1040257,1
1040261,1
1040264,1
1040267,1
1040271,1
1040277,1
1040285,1
1040297,1
1040299,1
1040311,1
1040314,1
1040322,1
1040324,1
1040329,1
1040334,1
1040343,1
1040350,1
1040367,1
1040378,1
1040382,1
1040388,1
1040390,1
1040392,1
1040401,1
1040406,1
1040409,1
1040424,1
1040427,1
1040439,1
1040444,1
1040447,1
1040457,1
1040463,1
1040473,1
1040477,1
1040484,1
1040493,1
1040495,1
1040513,1
1040516,1
1040521,1
1040532,1
1040542,1
1040551,1
1040557,1
1040570,1
1040575,1
1040592,1
1040606,1
1040609,1
1040616,1
1040626,1
1040642,1
1040650,1
1040667,1
1040675,1
1040684,1
1040686,1
1040690,1
1040704,2
1040707,1
1040721,1
1040723,1
1040732,1
1040744,1
1040749,1
1040760,1
1040767,1
1040770,1
1040779,1
1040782,1
1040787,1
1040797,1
1040799,1
1040811,1
1040831,1
1040854,1
1040858,1
1040862,1
1040878,1
1040881,1
1040884,1
1040895,1
1040909,1
1040911,1
1040913,1
1040931,1
1040951,1
1040957,1
1040977,1
1040986,1
1040988,1
1040995,1
1041007,1
1041013,1
1041016,1
1041031,1
1041040,1
1041046,1
1041050,1
1041055,1
1041059,1
1041062,1
1041066,1
1041070,1
1041072,1
1041079,1
1041085,1
1041091,1
1041093,1
1041101,1
1041103,1
1041105,1
1041117,1
1041130,1
1041138,1
1041140,1
1041142,1
1041155,1
1041162,1
1041169,1
1041176,1
1041179,1
1041190,1
1041196,1
1041199,1
1041206,1
1041208,1
1041210,1
1041212,1
1041221,1
1041229,1
1041234,1
1041243,1
1041248,1
1041254,1
1041269,1
1041281,1
1041309,1
1041319,1
1041329,1
1041331,1
1041340,1
1041364,1
1041385,1
1041403,1
1041406,1
1041413,1
1041425,1
1041441,1
1041443,1
1041446,1
1041459,1
1041464,1
1041472,1
1041474,1
1041480,1
1041487,1
1041493,1
1041499,1
1041528,1
1041538,1
1041540,1
1041547,1
1041558,1
1041565,1
1041567,1
1041591,1
1041594,1
1041596,1
1041599,1
1041606,1
1041608,1
1041613,1
1041617,1
1041629,1
1041632,1
1041635,1
1041638,1
1041653,1
1041661,1
1041670,1
1041679,1
1041688,1
1041720,1
1041722,1
1041729,1
1041735,1
1041738,1
1041743,1
1041750,1
1041769,1
1041776,1
1041792,1
1041798,1
1041805,1
1041812,1
1041823,1
1041831,1
1041836,1
1041849,1
1041860,1
1041863,1
1041867,1
1041871,1
1041879,1
1041898,1
1041900,1
1041906,1
1041908,1
1041930,1
1041939,1
1041956,1
1041971,1
1041975,1
1041985,1
1041991,1
1041993,1
1042004,1
1042013,1
1042015,1
1042027,1
1042029,1
1042033,1
1042035,1
1042040,1
1042069,1
1042090,1
1042106,1
1042109,1
1042117,1
1042127,1
1042129,1
1042132,1
1042143,1
1042162,1
1042166,1
1042174,1
1042185,1
1042202,1
1042204,1
1042211,1
1042239,1
1042241,1
1042244,1
1042249,1
1042252,1
1042260,1
1042265,1
1042275,1
1042280,1
1042295,1
1042301,1
1042307,1
1042310,1
1042324,1
1042336,1
1042353,1
1042355,1
1042374,1
1042451,1
1042466,1
1042504,1
1042508,1
1042515,1
1042517,1
1042528,1
1042539,1
1042544,1
1042555,1
1042558,1
1042565,1
1042567,1
1042581,1
1042583,1
1042591,1
1042602,1
1042619,1
1042623,1
1042630,1
1042639,1
1042641,1
1042647,1
1042660,1
1042675,1
1042679,1
1042683,1
1042695,1
1042707,1
1042717,1
1042734,1
1042752,1
1042756,1
1042772,1
1042774,1
1042783,1
1042793,1
1042800,1
1042812,1
1042828,1
1042847,1
1042849,1
1042859,1
1042869,1
1042890,1
1042904,1
1042906,1
1042909,1
1042924,1
1042935,1
1042943,1
1042949,1
1042951,1
1042953,1
1042972,1
1042980,1
1042983,1
1042985,1
1042988,1
1042996,1
1043000,1
1043003,1
1043007,1
1043013,1
1043032,1
1043038,1
1043041,1
1043048,1
1043054,1
1043065,1
1043074,1
1043094,1
1043102,1
1043104,1
1043116,1
1043118,1
1043130,1
1043134,1
1043147,1
1043150,1
1043169,1
1043173,1
1043191,1
1043204,1
1043208,1
1043227,1
1043230,1
1043236,1
1043245,1
1043262,1
1043265,1
1043283,1
1043287,1
1043306,1
1043321,1
1043325,1
1043339,1
1043343,1
1043349,1
1043359,1
1043375,1
1043381,1
1043399,1
1043407,1
1043412,1
1043421,1
1043435,1
1043437,1
1043440,1
1043453,1
1043455,1
1043459,1
1043461,1
1043465,1
1043474,1
1043476,1
1043503,1
1043515,1
1043532,1
1043534,1
1043549,1
1043573,1
1043579,1
1043581,1
1043588,1
1043591,1
1043600,1
1043646,1
1043648,1
1043654,1
1043665,1
1043667,1
1043683,1
1043695,1
1043698,1
1043701,1
1043706,1
1043723,1
1043774,1
1043776,1
1043783,1
1043789,1
1043797,1
1043799,1
1043801,1
1043810,1
1043821,1
1043833,1
1043852,1
1043863,1
1043865,1
1043867,1
1043881,2
1043892,1
1043912,1
1043925,1
1043930,1
1043932,1
1043935,1
1043948,1
1043953,1
1043958,1
1043976,1
1043980,1
1043989,1
1044008,1
1044017,1
1044022,1
1044027,1
1044036,1
1044046,1
1044048,1
1044055,1
1044063,1
1044072,1
1044075,1
1044113,1
1044117,1
1044119,1
1044125,1
1044131,1
1044143,1
1044146,1
1044151,1
1044154,1
1044160,1
1044163,1
1044177,2
1044186,1
1044194,1
1044197,1
1044216,1
1044225,1
1044233,1
1044237,1
1044251,1
1044255,1
1044259,1
1044275,1
1044293,1
1044296,1
1044302,1
1044309,1
1044311,1
1044315,1
1044326,1
1044328,1
1044337,1
1044346,1
1044350,1
1044354,1
1044361,1
1044367,1
1044369,1
1044372,1
1044384,1
1044389,1
1044393,1
1044422,1
1044426,1
1044428,1
1044434,1
1044440,1
1044444,1
1044447,1
1044470,1
1044489,1
1044505,1
1044507,1
1044518,1
1044523,1
1044532,1
1044537,1
1044554,1
1044558,1
1044560,1
1044563,1
1044568,1
1044575,1
1044577,1
1044581,1
1044593,1
1044611,1
1044620,1
1044625,1
1044633,1
1044636,1
1044638,1
1044640,1
1044645,1
1044650,1
1044654,1
1044657,1
1044666,1
1044668,1
1044673,1
1044681,1
1044696,1
1044710,1
1044712,1
1044720,1
1044726,1
1044728,1
1044731,1
1044733,1
1044744,1
1044747,1
1044752,1
1044764,1
1044768,1
1044772,1
1044776,1
1044795,1
1044800,1
1044819,1
1044826,1
1044829,1
1044835,1
1044847,1
1044857,1
1044860,1
1044870,1
1044876,1
1044879,1
1044882,1
1044887,1
1044900,1
1044907,1
1044910,1
1044917,1
1044925,1
1044939,1
1044955,1
1044972,1
1044991,1
1044996,1
1045004,1
1045012,1
1045019,1
1045030,1
1045035,1
1045040,2
1045042,1
1045052,1
1045071,1
1045077,1
1045080,1
1045090,1
1045095,1
1045106,1
1045119,1
1045126,1
1045130,1
1045139,1
1045151,1
1045165,1
1045170,1
1045182,1
1045186,1
1045194,1
1045201,1
1045207,1
1045211,1
1045221,1
1045223,1
1045226,1
1045231,1
1045241,1
1045256,1
1045271,1
1045278,1
1045280,1
1045286,1
1045296,1
1045315,1
1045328,1
1045333,1
1045335,1
1045337,1
1045358,1
1045365,1
1045377,1
1045384,1
1045395,1
1045397,1
1045399,1
1045403,1
1045416,1
1045430,1
1045437,1
1045453,1
1045460,1
1045467,1
1045469,1
1045473,1
1045476,2
1045497,1
1045509,1
1045512,1
1045528,1
1045534,1
1045548,1
1045560,1
1045566,1
1045570,1
1045574,1
1045588,1
1045600,1
1045605,1
1045619,1
1045623,1
1045627,1
1045631,1
1045639,1
1045644,1
1045646,1
1045661,2
1045664,1
1045667,1
1045678,1
1045682,1
1045686,1
1045700,1
1045702,1
1045714,1
1045720,1
1045733,1
1045735,1
1045742,1
1045751,1
1045754,1
1045756,1
1045770,1
1045772,1
1045784,1
1045789,1
1045792,1
1045797,1
1045810,1
1045818,1
1045857,1
1045868,1
1045889,1
1045902,1
1045911,1
1045924,1
1045949,1
1045960,1
1045966,1
1045970,1
1045981,1
1045988,1
1045993,1
1046000,1
1046002,1
1046005,1
1046012,1
1046023,1
1046037,1
1046042,1
1046074,1
1046080,1
1046083,1
1046095,1
1046099,1
1046112,1
1046115,1
1046117,1
1046127,1
1046133,1
1046158,1
1046161,1
1046178,1
1046192,1
1046194,1
1046231,1
1046248,1
1046264,1
1046276,1
1046282,1
1046289,1
1046292,1
1046308,1
1046325,1
1046343,1
1046345,1
1046385,1
1046397,1
1046403,1
1046416,1
1046420,1
1046422,1
1046428,1
1046438,1
1046440,1
1046444,1
1046464,1
1046474,2
1046479,1
1046495,1
1046499,1
1046505,1
1046513,1
1046518,1
1046530,1
1046534,1
1046541,1
1046550,1
1046558,1
1046569,1
1046572,1
1046579,1
1046589,1
1046606,1
1046614,1
1046619,1
1046635,1
1046647,1
1046652,1
1046664,1
1046687,1
1046696,1
1046699,1
1046703,1
1046710,1
1046717,1
1046721,1
1046725,1
1046727,1
1046734,1
1046741,1
1046744,1
1046778,1
1046796,1
1046804,1
1046809,1
1046816,1
1046834,1
1046840,1
1046845,1
1046854,1
1046858,1
1046862,1
1046866,1
1046890,1
1046910,1
1046913,1
1046920,1
1046948,1
1046950,1
1046967,1
1046969,1
1046974,1
1046988,1
1046993,1
1047005,1
1047016,1
1047024,1
1047043,1
1047050,1
1047080,1
1047084,1
1047086,1
1047101,1
1047109,1
1047113,1
1047120,1
1047123,1
1047128,1
1047139,1
1047141,1
1047143,1
1047146,1
1047160,2
1047163,1
1047182,1
1047195,1
1047197,1
1047203,1
1047210,1
1047216,1
1047221,1
1047225,1
1047229,1
1047235,1
1047246,1
1047253,1
1047270,1
1047272,1
1047279,1
1047282,1
1047285,1
1047288,1
1047296,1
1047304,1
1047309,1
1047313,1
1047321,1
1047328,1
1047330,1
1047343,1
1047348,1
1047351,1
1047355,1
1047359,1
1047368,1
1047370,1
1047381,1
1047384,1
1047386,1
1047388,1
1047391,1
1047400,1
1047406,1
1047412,1
1047423,1
1047430,1
1047434,1
1047443,1
1047448,1
1047455,1
1047465,1
1047481,1
1047483,1
1047489,1
1047497,1
1047501,1
1047507,1
1047509,1
1047515,1
1047521,1
1047547,1
1047550,1
1047570,1
1047579,1
1047592,1
1047596,1
1047598,1
1047604,1
1047614,1
1047616,1
1047632,1
1047640,1
1047644,1
1047655,1
1047661,1
1047666,1
1047674,1
1047679,1
1047690,1
1047700,1
1047709,1
1047712,1
1047721,1
1047728,1
1047733,1
1047748,1
1047756,1
1047765,1
1047767,1
1047781,1
1047785,1
1047797,1
1047801,1
1047804,1
1047816,1
1047820,1
1047826,1
1047830,1
1047859,1
1047861,1
1047869,1
1047871,1
1047880,1
1047884,1
1047891,1
1047899,1
1047902,1
1047910,1
1047918,1
1047920,1
1047927,1
1047934,1
1047937,1
1047940,1
1047951,1
1047955,1
1047959,1
1047967,1
1047975,1
1047992,1
1047997,1
1048011,1
1048013,1
1048016,1
1048022,1
1048031,1
1048033,1
1048039,1
1048043,1
1048049,1
1048057,1
1048059,1
1048062,1
1048082,1
1048090,1
1048093,1
1048097,1
1048100,1
1048113,1
1048126,1
1048130,1
1048140,1
1048144,1
1048147,1
1048152,1
1048164,1
1048168,1
1048171,1
1048175,1
1048185,1
1048187,1
1048189,1
1048197,1
1048204,1
1048207,1
1048213,1
1048216,1
1048221,1
1048224,1
1048227,1
1048241,1
1048249,1
1048257,1
1048264,1
1048271,1
1048279,1
1048282,1
1048284,1
1048298,1
1048308,1
1048315,1
1048317,1
1048320,1
1048328,1
1048370,1
1048374,1
1048384,1
1048392,1
1048406,1
1048412,1
1048429,1
1048443,1
1048447,1
1048449,1
1048451,1
1048463,1
1048471,1
1048489,1
1048495,1
1048507,1
1048519,1
1048526,1
1048535,1
1048538,1
1048545,1
1048547,1
1048549,1
1048552,1
1048559,1
1048566,1
1048568,1
1048570,1
1048582,1
1048584,1
1048588,1
1048603,2
1048605,1
1048620,1
1048622,1
1048635,1
1048639,1
1048645,1
1048659,1
1048676,1
1048686,1
1048689,1
1048696,1
1048699,1
1048701,1
1048703,1
1048717,2
1048721,1
1048728,1
1048748,1
1048753,1
1048760,1
1048766,1
1048769,1
1048774,1
1048778,1
1048783,1
1048791,1
1048793,1
1048799,1
1048812,1
1048818,1
1048828,1
1048830,1
1048847,1
1048852,1
1048885,1
1048891,1
1048907,1
1048915,1
1048924,1
1048927,1
1048938,1
1048944,1
1048948,1
1048954,1
1048962,1
1048964,1
1048968,1
1048971,1
1048975,1
1048984,1
1048986,1
1048988,1
1049001,1
1049003,1
1049005,1
1049020,1
1049024,1
1049030,1
1049038,1
1049050,1
1049055,1
1049058,1
1049064,1
1049067,1
1049076,1
1049078,1
1049080,1
1049084,1
1049094,1
1049097,1
1049112,1
1049114,1
1049116,1
1049137,1
1049150,1
1049152,1
1049154,1
1049156,1
1049159,1
1049164,1
1049168,1
1049174,1
1049190,1
1049194,1
1049201,1
1049207,1
1049209,1
1049212,1
1049228,1
1049230,1
1049239,1
1049247,1
1049249,1
1049251,1
1049265,1
1049267,1
1049281,1
1049283,1
1049286,1
1049289,1
1049297,1
1049310,1
1049322,1
1049324,1
1049344,1
1049355,1
1049361,1
1049363,1
1049365,1
1049368,1
1049379,1
1049382,1
1049398,1
1049414,1
1049416,1
1049419,1
1049422,1
1049436,1
1049439,1
1049446,1
1049449,1
1049455,1
1049459,1
1049461,1
1049476,2
1049481,1
1049499,1
1049507,1
1049517,1
1049530,1
1049532,1
1049535,1
1049544,1
1049550,1
1049553,1
1049568,1
1049570,1
1049576,1
1049590,1
1049592,1
1049610,1
1049612,1
1049615,1
1049627,1
1049629,1
1049633,1
1049646,1
1049648,1
1049662,1
1049664,1
1049666,1
1049668,1
1049672,1
1049678,1
1049684,1
1049689,2
1049701,1
1049705,1
1049720,1
1049723,1
1049726,1
1049729,1
1049734,1
1049742,1
1049744,1
1049759,1
1049764,1
1049780,1
1049782,1
1049799,2
1049801,1
1049804,1
1049809,1
1049813,1
1049820,1
1049837,2
1049839,1
1049841,1
1049857,1
1049872,1
1049874,1
1049910,1
1049913,1
1049931,2
1049933,1
1049935,1
1049938,1
1049952,1
1049957,1
1049970,2
1049975,1
1049986,1
1049991,1
1050006,1
1050008,1
1050011,1
1050021,1
1050043,1
1050051,1
1050063,1
1050076,1
1050081,1
1050090,1
1050097,1
1050102,1
1050107,1
1050119,1
1050121,1
1050126,1
1050139,1
1050154,1
1050157,1
1050159,1
1050163,1
1050177,1
1050183,1
1050194,1
1050197,1
1050204,1
1050215,1
1050218,1
1050220,1
1050229,1
1050236,2
1050239,1
1050242,1
1050256,1
1050261,1
1050272,1
1050275,1
1050281,1
1050295,1
1050328,1
1050330,1
1050333,1
1050343,1
1050349,1
1050352,1
1050354,1
1050357,1
1050367,1
1050386,1
1050388,1
1050410,1
1050413,1
1050424,1
1050427,1
1050429,1
1050442,1
1050444,1
1050450,1
1050454,1
1050463,1
1050465,1
1050468,1
1050485,1
1050487,1
1050499,1
1050503,1
1050518,1
1050520,1
1050525,1
1050528,1
1050538,1
1050541,1
1050543,1
1050551,1
1050559,1
1050561,1
1050563,1
1050572,1
1050578,1
1050581,1
1050593,1
1050599,1
1050601,1
1050614,1
1050616,1
1050632,1
1050636,1
1050651,1
1050654,1
1050670,1
1050673,1
1050677,1
1050684,1
1050691,1
1050693,1
1050705,1
1050735,1
1050741,1
1050744,1
1050750,1
1050753,1
1050762,1
1050765,1
1050767,1
1050783,1
1050786,1
1050802,1
1050807,1
1050824,1
1050826,1
1050842,1
1050844,1
1050860,1
1050863,1
1050865,1
1050878,1
1050881,1
1050883,1
1050885,1
1050893,1
1050898,1
1050917,1
1050920,1
1050931,1
1050937,1
1050942,1
1050944,1
1050958,1
1050972,1
1050991,1
1050994,1
1051014,1
1051017,1
1051033,1
1051042,1
1051052,1
1051069,1
1051073,1
1051090,1
1051097,1
1051108,1
1051114,1
1051127,1
1051136,1
1051147,2
1051150,1
1051160,1
1051168,1
1051170,1
1051172,1
1051202,1
1051207,1
1051219,1
1051232,1
1051242,1
1051257,1
1051260,1
1051263,1
1051266,1
1051280,1
1051283,1
1051297,1
1051300,1
1051302,1
1051304,1
1051315,1
1051317,1
1051320,1
1051322,1
1051325,1
1051330,1
1051337,1
1051339,1
1051345,1
1051349,1
1051355,1
1051357,1
1051361,1
1051370,1
1051375,1
1051377,1
1051379,1
1051394,1
1051401,1
1051412,1
1051418,1
1051426,1
1051432,1
1051435,1
1051447,1
1051450,1
1051460,1
1051468,2
1051470,1
1051475,1
1051491,1
1051493,1
1051506,1
1051509,1
1051513,1
1051525,1
1051545,1
1051547,1
1051563,1
1051579,1
1051583,1
1051587,1
1051600,1
1051602,1
1051616,2
1051618,1
1051620,1
1051625,1
1051627,1
1051633,1
1051638,1
1051642,1
1051644,1
1051646,1
1051648,1
1051660,1
1051662,1
1051676,1
1051683,1
1051699,1
1051715,1
1051717,1
1051719,1
1051734,1
1051736,1
1051752,1
1051776,1
1051792,1
1051794,1
1051796,1
1051803,1
1051812,1
1051814,1
1051828,1
1051830,1
1051833,1
1051836,1
1051839,1
1051846,1
1051853,1
1051857,2
1051866,1
1051868,1
1051876,1
1051920,1
1051924,1
1051927,1
1051936,1
1051943,1
1051946,2
1051958,1
1051960,1
1051964,1
1051966,1
1051978,1
1051982,1
1051986,1
1052001,1
1052003,1
1052005,1
1052020,1
1052022,1
1052025,1
1052039,1
1052041,1
1052057,1
1052073,1
1052077,1
1052088,1
1052109,1
1052111,1
1052113,1
1052118,1
1052120,1
1052128,1
1052132,1
1052150,1
1052152,1
1052154,1
1052157,1
1052162,1
1052173,1
1052177,1
1052185,1
1052190,1
1052192,1
1052195,1
1052206,1
1052210,1
1052214,1
1052216,1
1052230,2
1052233,1
1052242,1
1052250,1
1052252,1
1052258,1
1052263,1
1052268,1
1052271,1
1052276,1
1052291,1
1052304,1
1052307,1
1052310,1
1052323,1
1052326,1
1052328,1
1052345,1
1052361,1
1052364,1
1052380,1
1052402,1
1052405,1
1052419,1
1052421,1
1052423,1
1052435,1
1052442,1
1052456,1
1052461,1
1052471,1
1052492,1
1052495,1
1052504,1
1052532,1
1052556,1
1052572,1
1052574,1
1052590,1
1052593,1
1052608,1
1052612,1
1052627,1
1052651,1
1052660,1
1052667,2
1052670,1
1052672,1
1052679,1
1052682,1
1052688,1
1052690,1
1052701,1
1052705,1
1052708,1
1052723,1
1052726,1
1052728,1
1052742,1
1052744,1
1052754,1
1052776,1
1052780,2
1052792,1
1052801,1
1052805,1
1052817,1
1052837,1
1052855,1
1052857,1
1052860,1
1052875,1
1052879,1
1052889,1
1052911,1
1052913,1
1052917,1
1052950,1
1052957,1
1052974,1
1052987,1
1052990,1
1052992,1
1053006,1
1053008,1
1053014,1
1053024,1
1053041,1
1053046,1
1053062,1
1053065,1
1053080,1
1053083,1
1053086,1
1053103,1
1053119,1
1053141,1
1053144,1
1053165,1
1053178,1
1053193,1
1053198,1
1053200,1
1053205,1
1053217,1
1053221,1
1053232,1
1053234,1
1053239,1
1053243,1
1053257,1
1053277,1
1053280,1
1053292,1
1053294,1
1053311,1
1053330,1
1053334,1
1053336,1
1053351,1
1053357,1
1053367,1
1053369,1
1053381,1
1053384,1
1053389,1
1053395,1
1053406,1
1053408,1
1053421,1
1053426,1
1053443,1
1053445,1
1053449,1
1053460,1
1053464,1
1053468,1
1053473,1
1053478,1
1053487,1
1053496,1
1053499,1
1053501,1
1053508,1
1053510,1
1053551,1
1053560,1
1053571,1
1053576,1
1053579,1
1053582,1
1053585,1
1053587,1
1053590,1
1053593,1
1053614,1
1053616,1
1053620,2
1053634,1
1053650,1
1053656,1
1053660,1
1053689,1
1053691,1
1053695,1
1053697,1
1053715,1
1053728,1
1053731,1
1053734,1
1053737,1
1053757,1
1053761,1
1053773,1
1053787,1
1053799,1
1053801,1
1053805,1
1053824,1
1053841,1
1053861,1
1053864,1
1053866,1
1053881,1
1053888,1
1053901,1
1053909,1
1053917,1
1053925,1
1053951,1
1053956,1
1053959,1
1053976,1
1053981,1
1053994,1
1053997,1
1053999,1
1054001,1
1054016,1
1054031,1
1054051,1
1054055,2
1054060,1
1054066,1
1054072,1
1054074,1
1054086,1
1054091,1
1054093,1
1054099,1
1054107,1
1054111,1
1054113,1
1054128,1
1054131,1
1054146,1
1054148,1
1054151,1
1054166,1
1054170,1
1054172,1
1054184,1
1054187,1
1054189,1
1054204,1
1054207,1
1054219,1
1054222,1
1054226,1
1054231,1
1054243,1
1054246,1
1054262,1
1054265,1
1054280,1
1054284,1
1054288,1
1054293,1
1054300,1
1054302,1
1054318,1
1054321,1
1054338,1
1054346,1
1054360,1
1054374,1
1054376,1
1054378,1
1054393,1
1054395,1
1054410,1
1054413,2
1054420,1
1054449,1
1054452,2
1054457,1
1054470,1
1054472,1
1054509,1
1054511,1
1054522,1
1054525,1
1054528,1
1054531,1
1054543,1
1054551,1
1054565,1
1054568,1
1054586,1
1054591,1
1054603,1
1054605,1
1054620,1
1054623,1
1054626,1
1054641,1
1054659,1
1054678,1
1054680,1
1054682,1
1054685,1
1054700,1
1054702,1
1054705,1
1054719,1
1054723,1
1054735,1
1054737,1
1054743,1
1054753,1
1054757,2
1054759,1
1054773,1
1054776,1
1054784,1
1054794,1
1054796,1
1054804,1
1054811,1
1054813,1
1054818,1
1054829,1
1054831,1
1054833,1
1054836,1
1054838,1
1054867,1
1054872,1
1054887,1
1054892,1
1054894,1
1054907,1
1054910,1
1054934,1
1054944,1
1054947,1
1054962,1
1054964,1
1054966,1
1054969,1
1054982,1
1054984,1
1054987,1
1055000,1
1055003,1
1055011,1
1055017,1
1055022,1
1055024,1
1055027,1
1055029,1
1055033,1
1055035,1
1055049,1
1055053,1
1055059,1
1055062,1
1055085,1
1055096,1
1055103,1
1055133,1
1055139,1
1055152,1
1055171,1
1055175,1
1055202,1
1055211,1
1055226,1
1055229,1
1055247,1
1055251,1
1055254,1
1055287,1
1055296,1
1055326,2
1055330,1
1055339,1
1055342,1
1055363,1
1055365,1
1055400,1
1055420,1
1055423,1
1055456,1
1055458,1
1055462,1
1055493,1
1055515,1
1055529,1
1055534,1
1055538,1
1055553,1
1055556,1
1055568,1
1055571,1
1055573,1
1055576,1
1055581,1
1055587,1
1055593,1
1055603,1
1055607,1
1055610,1
1055612,1
1055615,1
1055629,1
1055643,1
1055646,1
1055649,1
1055670,1
1055682,1
1055685,1
1055688,1
1055691,1
1055705,1
1055708,1
1055712,1
1055721,1
1055726,1
1055729,1
1055742,1
1055750,1
1055761,1
1055765,1
1055768,1
1055780,1
1055784,1
1055799,1
1055817,1
1055835,1
1055837,1
1055844,1
1055856,1
1055860,1
1055874,1
1055876,1
1055879,1
1055881,1
1055892,1
1055895,1
1055897,1
1055914,1
1055916,1
1055926,1
1055933,1
1055935,1
1055939,1
1055941,1
1055950,1
1055952,1
1055956,2
1055971,1
1055989,2
1055991,1
1055996,1
1055998,1
1056010,1
1056014,1
1056026,1
1056028,1
1056031,1
1056036,1
1056043,1
1056046,1
1056049,1
1056052,1
1056064,1
1056068,1
1056073,1
1056086,1
1056089,1
1056105,1
1056111,1
1056128,1
1056144,1
1056160,1
1056163,1
1056179,1
1056200,1
1056217,1
1056220,1
1056223,1
1056233,1
1056238,1
1056241,1
1056251,1
1056255,1
1056258,1
1056260,1
1056262,1
1056265,1
1056273,1
1056275,1
1056278,2
1056280,1
1056286,1
1056295,1
1056298,1
1056305,1
1056313,1
1056315,1
1056320,1
1056332,1
1056347,1
1056349,1
1056354,1
1056358,1
1056371,1
1056386,1
1056388,1
1056391,1
1056394,1
1056397,1
1056409,1
1056412,1
1056425,1
1056446,1
1056462,1
1056468,1
1056484,1
1056486,1
1056489,1
1056502,1
1056504,1
1056515,1
1056520,1
1056523,1
1056526,1
1056528,1
1056542,1
1056544,1
1056560,1
1056562,1
1056575,1
1056581,1
1056590,1
1056596,1
1056599,1
1056603,1
1056614,1
1056616,1
1056636,1
1056638,1
1056640,1
1056653,1
1056659,2
1056661,1
1056675,1
1056677,1
1056679,1
1056681,1
1056694,1
1056696,1
1056711,1
1056715,2
1056718,1
1056723,1
1056732,1
1056736,1
1056742,1
1056758,1
1056764,1
1056771,1
1056775,1
1056785,1
1056789,2
1056791,1
1056806,1
1056810,1
1056826,1
1056841,1
1056844,1
1056848,1
1056863,1
1056865,1
1056881,1
1056884,1
1056886,1
1056902,1
1056908,2
1056910,1
1056922,1
1056929,1
1056956,1
1056983,1
1056998,1
1057001,1
1057016,1
1057024,1
1057034,1
1057039,1
1057054,1
1057057,2
1057069,1
1057074,1
1057097,1
1057099,1
1057112,1
1057114,1
1057134,1
1057148,1
1057150,1
1057152,1
1057155,1
1057157,1
1057170,1
1057173,1
1057185,1
1057200,1
1057207,1
1057214,1
1057224,1
1057228,1
1057249,1
1057263,1
1057265,1
1057280,1
1057300,1
1057318,1
1057321,1
1057323,1
1057341,1
1057355,1
1057358,1
1057374,1
1057377,1
1057380,1
1057395,1
1057399,1
1057410,1
1057415,1
1057419,1
1057436,1
1057441,1
1057454,1
1057459,1
1057469,1
1057472,1
1057475,1
1057480,1
1057491,1
1057495,1
1057506,1
1057509,1
1057515,1
1057528,1
1057546,1
1057548,1
1057554,1
1057566,1
1057570,1
1057572,1
1057584,1
1057587,1
1057590,1
1057600,1
1057605,1
1057608,1
1057639,1
1057643,1
1057645,1
1057648,1
1057662,1
1057670,1
1057679,1
1057699,1
1057720,1
1057738,1
1057754,1
1057757,1
1057763,1
1057795,1
1057812,1
1057818,1
1057833,1
1057836,1
1057853,1
1057863,1
1057873,1
1057876,1
1057887,1
1057892,1
1057894,1
1057898,1
1057909,1
1057912,1
1057914,1
1057927,1
1057930,1
1057946,1
1057964,1
1057967,1
1057969,1
1057972,1
1057981,1
1057987,1
1057991,1
1058004,1
1058006,1
1058020,1
1058023,1
1058026,1
1058029,1
1058040,1
1058042,1
1058045,1
1058047,1
1058061,1
1058064,1
1058069,1
1058078,1
1058080,1
1058084,1
1058086,1
1058096,1
1058098,1
1058102,1
1058106,1
1058117,1
1058137,1
1058140,1
1058155,1
1058159,1
1058161,1
1058163,1
1058169,1
1058178,1
1058182,1
1058193,1
1058195,1
1058212,1
1058215,1
1058220,1
1058231,1
1058249,1
1058268,1
1058272,1
1058275,1
1058293,1
1058301,1
1058307,1
1058310,2
1058315,1
1058327,1
1058345,1
1058347,1
1058351,1
1058355,1
1058369,1
1058381,1
1058383,1
1058385,1
1058387,1
1058389,1
1058403,1
1058407,1
1058419,2
1058422,1
1058425,1
1058430,1
1058450,1
1058459,1
1058463,1
1058479,1
1058484,1
1058496,1
1058499,1
1058502,1
1058517,1
1058532,1
1058535,1
1058537,1
1058541,1
1058550,1
1058556,1
1058559,1
1058569,1
1058573,1
1058575,1
1058577,1
1058580,1
1058583,1
1058594,1
1058609,1
1058619,1
1058630,1
1058650,1
1058652,1
1058655,1
1058666,1
1058671,2
1058674,1
1058677,1
1058679,1
1058689,1
1058691,1
1058695,1
1058707,1
1058717,1
1058719,1
1058724,1
1058732,1
1058744,1
1058746,1
1058749,1
1058760,1
1058764,1
1058767,1
1058782,1
1058789,1
1058802,1
1058816,1
1058819,1
1058828,1
1058845,1
1058863,2
1058865,1
1058868,1
1058878,1
1058880,1
1058896,1
1058905,1
1058915,1
1058921,1
1058936,1
1058941,1
1058943,1
1058956,2
1058972,1
1058977,1
1058992,1
1059009,1
1059015,1
1059028,1
1059035,1
1059053,1
1059069,1
1059073,1
1059084,1
1059087,1
1059106,2
1059108,1
1059112,1
1059126,1
1059142,1
1059144,1
1059147,1
1059162,1
1059165,1
1059167,1
1059180,1
1059185,1
1059189,1
1059206,1
1059208,1
1059210,1
1059222,1
1059233,1
1059237,1
1059240,1
1059246,1
1059257,1
1059259,1
1059273,1
1059277,1
1059280,1
1059315,1
1059324,1
1059333,1
1059336,1
1059353,1
1059371,1
1059388,1
1059392,1
1059395,1
1059408,1
1059414,1
1059422,1
1059426,1
1059431,1
1059433,1
1059449,1
1059461,1
1059467,1
1059472,1
1059486,2
1059492,1
1059506,1
1059522,1
1059524,1
1059526,1
1059528,1
1059530,1
1059541,1
1059545,1
1059579,1
1059582,1
1059596,1
1059600,1
1059602,1
1059605,1
1059618,1
1059621,1
1059636,1
1059648,1
1059656,1
1059658,1
1059664,1
1059676,1
1059684,1
1059693,1
1059696,1
1059703,1
1059711,1
1059731,1
1059733,1
1059756,1
1059770,1
1059773,1
1059775,1
1059780,1
1059789,1
1059793,1
1059806,1
1059809,1
1059811,1
1059813,1
1059827,1
1059830,2
1059832,1
1059847,1
1059849,1
1059852,1
1059867,2
1059869,1
1059886,1
1059888,1
1059913,1
1059922,1
1059925,1
1059929,1
1059943,1
1059945,1
1059960,1
1059962,1
1059979,1
1059981,1
1059985,1
1059998,1
1060000,1
1060015,1
1060017,1
1060019,1
1060023,1
1060027,1
1060038,1
1060043,1
1060054,1
1060058,1
1060097,1
1060112,1
1060114,1
1060129,1
1060131,1
1060136,1
1060139,1
1060141,1
1060152,1
1060155,1
1060168,1
1060170,1
1060173,1
1060187,1
1060189,1
1060193,1
1060209,1
1060212,1
1060214,1
1060226,1
1060241,1
1060257,1
1060264,1
1060269,1
1060280,1
1060288,1
1060304,1
1060313,1
1060322,1
1060325,1
1060328,1
1060340,1
1060342,1
1060345,2
1060347,1
1060350,1
1060371,1
1060373,1
1060378,1
1060384,1
1060396,1
1060401,1
1060421,1
1060426,1
1060435,1
1060442,1
1060455,1
1060472,1
1060479,1
1060510,1
1060516,1
1060527,1
1060531,1
1060533,1
1060550,1
1060556,1
1060572,1
1060590,2
1060610,1
1060614,1
1060616,1
1060626,1
1060628,1
1060648,1
1060664,2
1060685,2
1060689,1
1060691,1
1060704,1
1060721,1
1060723,1
1060725,1
1060727,1
1060732,1
1060743,1
1060746,1
1060759,1
1060762,1
1060778,1
1060796,1
1060798,1
1060814,1
1060838,1
1060853,1
1060856,1
1060858,1
1060871,1
1060873,1
1060875,1
1060877,1
1060890,1
1060892,1
1060895,1
1060915,1
1060928,1
1060931,2
1060933,1
1060937,1
1060949,1
1060951,1
1060954,1
1060964,1
1060968,1
1060979,1
1060990,1
1061005,1
1061007,1
1061027,2
1061030,1
1061041,1
1061045,1
1061050,1
1061063,1
1061068,1
1061082,1
1061084,1
1061086,1
1061119,2
1061121,1
1061138,1
1061141,1
1061144,1
1061150,1
1061161,2
1061163,1
1061177,1
1061191,1
1061195,1
1061198,1
1061201,1
1061215,1
1061217,1
1061222,1
1061234,1
1061239,1
1061248,1
1061253,1
1061271,1
1061273,1
1061276,1
1061290,1
1061294,1
1061296,1
1061301,1
1061313,1
1061330,1
1061336,1
1061350,2
1061352,1
1061355,1
1061367,1
1061372,1
1061374,1
1061383,1
1061389,2
1061403,1
1061406,1
1061439,1
1061442,1
1061447,1
1061449,1
1061463,1
1061473,1
1061485,1
1061497,1
1061500,1
1061509,1
1061514,1
1061520,1
1061525,1
1061535,1
1061538,1
1061540,1
1061545,1
1061564,1
1061580,1
1061589,1
1061596,1
1061599,1
1061636,1
1061647,1
1061651,1
1061653,1
1061658,1
1061672,1
1061686,1
1061689,1
1061707,1
1061709,1
1061719,1
1061728,1
1061732,1
1061734,1
1061741,1
1061763,1
1061769,1
1061785,1
1061788,1
1061792,1
1061808,1
1061823,1
1061834,1
1061836,1
1061840,1
1061844,1
1061885,1
1061898,1
1061905,1
1061914,1
1061919,1
1061924,1
1061939,1
1061952,1
1061957,1
1061961,1
1061980,1
1061990,1
1061993,1
1061997,2
1062000,1
1062002,1
1062018,1
1062031,1
1062034,1
1062047,1
1062053,1
1062055,1
1062076,1
1062086,1
1062094,1
1062096,1
1062109,1
1062111,1
1062126,1
1062143,1
1062164,1
1062169,1
1062182,1
1062184,1
1062189,1
1062203,1
1062206,1
1062224,1
1062241,1
1062244,1
1062252,1
1062262,1
1062269,1
1062280,1
1062285,1
1062296,1
1062298,1
1062302,1
1062317,1
1062323,1
1062334,1
1062336,1
1062342,1
1062355,1
1062373,1
1062376,1
1062378,1
1062393,1
1062410,1
1062413,2
1062432,1
1062435,1
1062449,1
1062451,1
1062453,1
1062458,1
1062465,1
1062470,1
1062475,1
1062477,1
1062488,1
1062491,1
1062494,2
1062510,1
1062526,1
1062529,1
1062531,1
1062538,1
1062546,1
1062551,1
1062562,1
1062564,1
1062566,1
1062570,1
1062582,1
1062593,1
1062599,1
1062603,1
1062608,1
1062620,1
1062623,1
1062639,1
1062646,1
1062651,1
1062662,1
1062664,1
1062674,1
1062678,1
1062680,1
1062682,1
1062702,1
1062720,1
1062734,1
1062736,1
1062739,1
1062754,1
1062772,1
1062777,1
1062787,1
1062793,1
1062796,1
1062809,1
1062818,1
1062822,1
1062831,1
1062834,1
1062838,1
1062855,1
1062858,1
1062869,1
1062872,1
1062888,2
1062898,1
1062901,1
1062907,1
1062925,1
1062929,1
1062948,1
1062984,1
1063004,1
1063017,1
1063021,1
1063024,1
1063026,1
1063039,1
1063041,1
1063047,1
1063051,1
1063059,1
1063080,1
1063096,1
1063099,1
1063116,2
1063132,1
1063134,1
1063139,1
1063173,1
1063180,1
1063190,1
1063195,1
1063213,1
1063215,1
1063228,1
1063234,1
1063248,1
1063250,1
1063275,1
1063287,1
1063291,1
1063304,1
1063307,1
1063309,1
1063324,1
1063326,1
1063328,1
1063348,1
1063368,1
1063371,1
1063376,1
1063391,1
1063399,1
1063405,1
1063407,1
1063410,1
1063420,1
1063424,2
1063437,1
1063443,1
1063449,1
1063452,1
1063459,1
1063473,1
1063477,1
1063479,1
1063495,1
1063499,1
1063533,1
1063536,1
1063570,1
1063577,1
1063588,1
1063599,1
1063602,1
1063611,1
1063628,1
1063632,1
1063634,1
1063648,1
1063654,1
1063666,1
1063671,2
1063674,1
1063677,1
1063687,1
1063705,1
1063719,1
1063723,1
1063726,2
1063741,1
1063762,1
1063765,1
1063768,1
1063782,1
1063796,1
1063799,1
1063804,1
1063817,1
1063822,1
1063841,1
1063855,1
1063857,1
1063863,1
1063867,1
1063877,1
1063914,1
1063917,1
1063928,1
1063951,1
1063966,1
1063970,1
1063980,1
1063993,1
1064009,1
1064012,1
1064023,1
1064027,1
1064034,1
1064036,1
1064047,1
1064069,1
1064075,1
1064077,1
1064085,1
1064088,1
1064094,1
1064103,1
1064109,1
1064121,1
1064123,1
1064139,1
1064143,1
1064147,1
1064157,1
1064161,1
1064165,1
1064170,1
1064182,1
1064184,1
1064198,1
1064200,1
1064211,1
1064215,1
1064219,1
1064222,1
1064226,1
1064237,1
1064240,1
1064255,1
1064271,1
1064278,1
1064328,1
1064330,1
1064332,1
1064336,1
1064348,1
1064351,1
1064368,1
1064381,1
1064391,1
1064393,1
1064407,1
1064409,1
1064411,1
1064429,1
1064434,1
1064443,1
1064446,1
1064450,1
1064452,1
1064462,1
1064466,1
1064470,1
1064484,1
1064501,1
1064505,2
1064509,1
1064517,1
1064519,1
1064523,1
1064528,1
1064557,1
1064565,1
1064572,1
1064576,1
1064598,1
1064609,1
1064616,1
1064624,1
1064651,1
1064654,1
1064661,1
1064665,1
1064667,1
1064672,1
1064690,1
1064695,2
1064699,1
1064701,1
1064708,1
1064714,1
1064720,1
1064727,1
1064731,1
1064749,1
1064751,1
1064754,1
1064766,1
1064769,1
1064785,1
1064787,1
1064791,1
1064794,1
1064808,1
1064820,1
1064830,1
1064841,1
1064845,1
1064851,1
1064865,1
1064867,1
1064879,1
1064882,1
1064885,1
1064891,1
1064901,1
1064904,1
1064921,1
1064938,1
1064943,1
1064957,1
1064959,1
1064962,1
1064976,1
1064995,1
1064998,2
1065011,1
1065015,1
1065019,1
1065021,1
1065023,1
1065034,1
1065036,1
1065039,1
1065050,1
1065056,1
1065068,1
1065087,1
1065109,1
1065122,1
1065129,1
1065145,1
1065152,1
1065167,1
1065170,1
1065179,1
1065194,1
1065205,1
1065209,1
1065223,1
1065232,1
1065244,1
1065247,1
1065260,1
1065263,1
1065274,1
1065277,1
1065282,1
1065286,1
1065301,1
1065310,1
1065314,1
1065322,2
1065340,1
1065342,1
1065357,1
1065359,1
1065362,1
1065382,1
1065394,1
1065396,1
1065398,1
1065403,1
1065409,1
1065419,1
1065435,1
1065445,1
1065458,1
1065460,1
1065472,1
1065484,1
1065508,1
1065512,1
1065514,1
1065521,1
1065525,1
1065530,1
1065533,1
1065545,1
1065547,1
1065565,1
1065569,1
1065581,1
1065585,1
1065590,1
1065594,1
1065598,1
1065606,1
1065611,1
1065621,1
1065625,1
1065629,1
1065635,1
1065642,1
1065660,1
1065662,1
1065677,1
1065680,1
1065684,1
1065697,1
1065699,1
1065713,1
1065719,1
1065723,1
1065731,1
1065736,1
1065742,1
1065761,1
1065771,1
1065776,1
1065792,1
1065796,1
1065799,1
1065814,1
1065831,1
1065861,1
1065863,1
1065866,1
1065872,1
1065876,1
1065886,1
1065889,1
1065892,1
1065894,1
1065908,1
1065926,1
1065929,1
1065932,1
1065938,1
1065971,1
1065999,1
1066003,1
1066008,1
1066023,1
1066026,1
1066038,1
1066041,1
1066044,1
1066047,1
1066059,1
1066063,1
1066075,1
1066077,1
1066080,1
1066083,1
1066087,1
1066096,1
1066098,1
1066101,1
1066107,1
1066111,1
1066115,1
1066118,1
1066120,1
1066123,1
1066135,1
1066137,1
1066141,1
1066154,1
1066158,1
1066171,1
1066173,1
1066175,1
1066186,1
1066191,1
1066193,1
1066195,1
1066197,1
1066200,1
1066213,1
1066231,1
1066240,1
1066244,1
1066252,1
1066261,1
1066283,1
1066288,1
1066296,1
1066305,1
1066307,1
1066319,1
1066325,1
1066327,1
1066329,1
1066332,1
1066344,1
1066346,1
1066351,1
1066358,1
1066380,1
1066382,1
1066384,1
1066392,1
1066397,1
1066403,1
1066405,1
1066416,1
1066418,1
1066420,1
1066423,1
1066426,1
1066430,1
1066432,1
1066436,1
1066448,1
1066456,1
1066459,1
1066461,1
1066464,1
1066477,1
1066479,1
1066485,1
1066494,1
1066498,1
1066501,1
1066510,1
1066515,1
1066517,1
1066519,1
1066536,1
1066540,1
1066546,1
1066548,1
1066554,1
1066556,1
1066560,1
1066563,1
1066566,1
1066573,1
1066576,1
1066580,1
1066583,1
1066592,1
1066598,1
1066610,1
1066612,1
1066625,1
1066627,1
1066630,1
1066636,1
1066644,1
1066649,1
1066653,1
1066656,1
1066668,1
1066670,1
1066672,1
1066680,1
1066688,1
1066691,1
1066693,1
1066705,1
1066709,1
1066714,1
1066724,1
1066727,1
1066735,1
1066746,1
1066751,1
1066759,1
1066766,1
1066769,1
1066782,2
1066799,1
1066823,1
1066828,1
1066838,1
1066845,1
1066858,1
1066861,1
1066872,1
1066876,1
1066883,1
1066886,1
1066888,1
1066898,1
1066914,1
1066917,1
1066932,1
1066946,1
1066954,2
1066959,1
1066981,1
1066989,1
1066991,1
1067000,1
1067003,1
1067011,1
1067017,1
1067025,1
1067034,1
1067036,1
1067038,1
1067043,1
1067058,1
1067065,1
1067070,1
1067085,1
1067103,2
1067110,1
1067124,1
1067140,1
1067142,1
1067144,1
1067146,1
1067170,1
1067180,1
1067182,1
1067194,1
1067199,1
1067203,2
1067206,1
1067218,1
1067223,1
1067225,1
1067236,1
1067243,1
1067257,2
1067260,1
1067267,1
1067269,1
1067279,1
1067281,1
1067283,1
1067295,2
1067337,1
1067345,1
1067352,1
1067354,1
1067357,1
1067360,1
1067364,1
1067370,1
1067373,1
1067378,1
1067390,1
1067405,1
1067407,1
1067410,1
1067415,1
1067426,1
1067428,1
1067431,1
1067434,1
1067446,1
1067448,1
1067461,1
1067464,1
1067467,1
1067474,1
1067486,1
1067490,1
1067505,2
1067507,1
1067522,1
1067527,1
1067540,1
1067542,1
1067545,1
1067549,1
1067579,2
1067581,1
1067584,1
1067591,1
1067599,1
1067603,2
1067605,1
1067618,1
1067623,1
1067636,1
1067642,1
1067652,1
1067659,1
1067675,1
1067683,1
1067692,1
1067694,1
1067698,1
1067708,1
1067711,1
1067728,1
1067736,1
1067748,1
1067750,1
1067752,1
1067758,1
1067768,1
1067770,1
1067788,1
1067791,1
1067806,1
1067815,1
1067828,2
1067831,1
1067835,1
1067852,1
1067856,1
1067864,1
1067883,1
1067885,1
1067887,1
1067903,1
1067906,2
1067911,1
1067924,1
1067926,1
1067940,1
1067943,1
1067946,1
1067955,1
1067965,1
1067967,1
1067977,1
1067981,1
1067996,1
1068013,1
1068017,2
1068020,1
1068024,1
1068036,1
1068038,1
1068054,1
1068062,1
1068069,1
1068072,1
1068075,1
1068086,1
1068106,1
1068108,1
1068112,1
1068120,1
1068131,1
1068134,1
1068138,1
1068148,1
1068150,1
1068152,1
1068165,1
1068170,1
1068173,1
1068181,1
1068186,1
1068188,1
1068191,2
1068205,1
1068213,1
1068215,1
1068225,1
1068227,1
1068233,1
1068242,1
1068245,1
1068249,1
1068259,1
1068262,2
1068265,1
1068267,1
1068269,1
1068281,1
1068283,1
1068289,1
1068291,1
1068298,1
1068303,1
1068312,1
1068319,1
1068321,1
1068328,1
1068339,1
1068351,1
1068360,1
1068363,1
1068374,1
1068376,1
1068379,1
1068381,1
1068384,1
1068396,1
1068401,1
1068407,1
1068410,1
1068423,1
1068430,1
1068434,1
1068438,1
1068441,1
1068455,1
1068463,1
1068471,1
1068476,1
1068488,1
1068491,1
1068496,1
1068507,1
1068519,1
1068533,1
1068548,1
1068574,1
1068587,1
1068601,1
1068603,1
1068606,1
1068637,1
1068644,1
1068648,1
1068662,1
1068679,1
1068681,1
1068685,1
1068700,1
1068717,1
1068721,1
1068726,1
1068743,1
1068755,1
1068758,1
1068772,1
1068776,1
1068778,1
1068789,1
1068796,1
1068805,1
1068812,1
1068814,1
1068816,1
1068835,1
1068837,1
1068839,1
1068844,1
1068852,1
1068854,1
1068856,1
1068869,1
1068871,1
1068873,1
1068880,1
1068888,1
1068894,1
1068905,1
1068907,1
1068918,1
1068924,1
1068928,1
1068930,1
1068934,1
1068941,1
1068947,1
1068984,1
1068988,1
1069001,1
1069004,1
1069006,1
1069009,1
1069024,2
1069027,1
1069038,1
1069045,1
1069053,1
1069061,1
1069067,1
1069080,1
1069094,1
1069096,1
1069099,1
1069115,1
1069121,1
1069125,1
1069135,1
1069141,1
1069156,1
1069162,1
1069164,1
1069174,1
1069176,1
1069180,1
1069200,1
1069205,1
1069214,1
1069221,1
1069230,1
1069235,1
1069242,1
1069246,1
1069251,1
1069253,1
1069258,1
1069260,1
1069267,1
1069270,1
1069272,1
1069275,1
1069277,1
1069283,1
1069286,1
1069289,2
1069292,1
1069294,1
1069302,1
1069306,1
1069309,1
1069311,1
1069329,1
1069344,1
1069349,1
1069363,1
1069368,1
1069381,1
1069385,1
1069399,1
1069416,1
1069420,1
1069428,1
1069439,1
1069441,1
1069445,1
1069458,1
1069467,2
1069477,1
1069480,1
1069500,1
1069532,1
1069535,1
1069537,1
1069540,1
1069556,1
1069571,1
1069586,1
1069594,1
1069597,1
1069610,1
1069613,1
1069617,1
1069628,1
1069630,1
1069632,1
1069638,1
1069648,1
1069655,1
1069666,1
1069672,1
1069690,1
1069706,1
1069711,1
1069762,1
1069765,1
1069781,1
1069801,1
1069805,1
1069818,1
1069824,1
1069843,1
1069857,1
1069859,1
1069865,1
1069867,1
1069877,1
1069883,1
1069893,1
1069897,1
1069900,1
1069913,1
1069915,1
1069937,1
1069952,1
1069955,1
1069958,1
1069987,1
1069990,1
1069992,1
1070008,1
1070014,1
1070030,1
1070042,1
1070050,1
1070073,1
1070081,1
1070086,1
1070093,1
1070112,1
1070156,1
1070160,1
1070167,1
1070182,1
1070187,1
1070196,1
1070200,1
1070202,1
1070208,1
1070223,1
1070231,1
1070233,1
1070240,1
1070245,1
1070250,1
1070258,1
1070268,1
1070276,1
1070295,1
1070310,1
1070314,1
1070327,1
1070331,1
1070339,1
1070353,1
1070369,1
1070388,1
1070390,1
1070409,1
1070418,1
1070423,1
1070429,1
1070434,1
1070444,1
1070446,1
1070466,1
1070468,1
1070485,1
1070495,1
1070504,1
1070506,1
1070522,1
1070524,1
1070533,1
1070543,1
1070547,1
1070550,1
1070559,1
1070562,1
1070564,1
1070568,1
1070576,1
1070581,1
1070590,1
1070597,1
1070600,1
1070608,1
1070622,1
1070633,1
1070636,1
1070638,1
1070640,1
1070646,1
1070656,1
1070658,1
1070660,1
1070663,1
1070673,1
1070679,1
1070687,1
1070694,1
1070704,1
1070711,1
1070714,1
1070722,1
1070726,1
1070734,1
1070736,1
1070739,1
1070750,1
1070755,1
1070769,1
1070773,1
1070775,1
1070781,1
1070789,1
1070795,1
1070806,1
1070808,1
1070811,1
1070826,1
1070831,1
1070840,1
1070844,1
1070866,1
1070871,1
1070873,1
1070878,1
1070883,1
1070886,1
1070888,1
1070890,1
1070898,1
1070914,1
1070916,1
1070923,1
1070926,1
1070934,1
1070939,1
1070948,1
1070957,1
1070960,1
1070964,1
1070966,1
1070968,1
1070991,1
1070997,1
1071017,1
1071036,1
1071052,1
1071054,1
1071058,1
1071091,1
1071095,1
1071104,1
1071128,1
1071131,1
1071135,1
1071152,1
1071157,1
1071159,1
1071169,1
1071176,2
1071181,1
1071186,1
1071190,1
1071202,1
1071204,1
1071207,1
1071223,1
1071225,1
1071228,1
1071234,1
1071246,1
1071255,1
1071263,1
1071279,1
1071282,1
1071285,1
1071287,1
1071290,1
1071293,1
1071296,1
1071302,1
1071304,1
1071307,1
1071314,1
1071316,1
1071323,1
1071329,1
1071340,1
1071344,1
1071358,1
1071368,1
1071371,1
1071373,1
1071382,1
1071385,1
1071387,1
1071408,1
1071415,1
1071431,1
1071433,1
1071436,1
1071442,1
1071453,2
1071460,1
1071467,1
1071472,1
1071482,1
1071501,1
1071506,1
1071529,1
1071535,1
1071542,1
1071551,1
1071553,1
1071573,1
1071578,1
1071587,1
1071606,1
1071623,1
1071628,1
1071630,1
1071657,1
1071659,1
1071665,1
1071670,1
1071685,2
1071711,1
1071715,1
1071735,1
1071739,1
1071743,1
1071747,1
1071752,1
1071761,1
1071782,1
1071789,1
1071795,1
1071800,1
1071815,1
1071832,1
1071836,1
1071849,1
1071857,1
1071866,1
1071871,1
1071874,1
1071876,1
1071880,1
1071888,1
1071908,1
1071910,1
1071923,1
1071929,1
1071961,1
1071968,1
1071974,1
1072002,1
1072011,1
1072013,1
1072017,1
1072026,1
1072038,1
1072042,1
1072049,2
1072060,1
1072064,1
1072074,1
1072082,1
1072098,1
1072113,1
1072122,1
1072134,1
1072144,1
1072146,1
1072153,1
1072158,1
1072160,1
1072162,1
1072178,1
1072182,1
1072188,1
1072194,1
1072196,1
1072212,1
1072219,1
1072222,1
1072231,1
1072234,1
1072238,1
1072240,1
1072290,1
1072298,1
1072302,1
1072310,1
1072316,1
1072321,1
1072327,1
1072333,1
1072336,1
1072347,1
1072349,1
1072354,1
1072363,1
1072369,1
1072372,1
1072379,1
1072386,1
1072391,1
1072400,1
1072403,1
1072411,1
1072424,1
1072437,1
1072446,1
1072449,1
1072477,1
1072482,1
1072493,1
1072500,1
1072505,1
1072515,1
1072528,1
1072534,1
1072542,1
1072544,1
1072556,1
1072568,1
1072577,1
1072582,1
1072591,1
1072594,1
1072597,1
1072621,1
1072625,1
1072632,1
1072637,1
1072642,1
1072650,1
1072653,1
1072663,1
1072674,1
1072680,1
1072687,1
1072691,1
1072696,1
1072703,1
1072707,1
1072714,1
1072730,1
1072736,1
1072740,1
1072744,1
1072747,1
1072751,1
1072770,1
1072776,1
1072782,1
1072787,1
1072789,1
1072792,1
1072798,1
1072805,1
1072812,1
1072819,1
1072822,1
1072827,1
1072853,1
1072877,1
1072889,1
1072896,1
1072898,1
1072906,1
1072916,1
1072938,1
1072943,1
1072948,1
1072959,1
1072965,1
1072974,1
1072976,1
1072986,1
1073000,1
1073011,1
1073014,1
1073021,1
1073031,1
1073038,1
1073045,1
1073050,1
1073052,1
1073055,1
1073068,1
1073071,1
1073102,1
1073111,1
1073125,1
1073130,1
1073144,1
1073150,1
1073167,1
1073192,1
1073218,1
1073236,1
1073246,1
1073257,1
1073259,1
1073262,1
1073274,1
1073278,1
1073282,1
1073299,2
1073316,1
1073324,1
1073329,1
1073335,1
1073340,1
1073343,1
1073349,1
1073354,1
1073365,1
1073372,1
1073381,1
1073388,1
1073391,1
1073396,1
1073429,1
1073431,1
1073436,1
1073443,1
1073450,1
1073455,1
1073460,1
1073467,1
1073471,1
1073473,1
1073477,1
1073481,1
1073485,1
1073490,1
1073498,1
1073504,1
1073508,1
1073515,1
1073527,1
1073543,1
1073545,1
1073556,1
1073562,1
1073564,1
1073580,1
1073592,1
1073599,1
1073601,1
1073611,1
1073666,1
1073679,1
1073692,1
1073695,1
1073697,1
1073705,1
1073713,1
1073717,1
1073722,1
1073724,1
1073737,1
1073755,1
1073758,1
1073772,1
1073789,1
1073792,1
1073801,1
1073807,1
1073811,1
1073820,1
1073829,1
1073845,1
1073851,1
1073854,1
1073858,1
1073883,1
1073885,1
1073899,1
1073907,1
1073925,1
1073936,1
1073938,1
1073950,1
1073953,1
1073960,1
1073966,1
1073984,1
1074005,1
1074010,1
1074019,1
1074036,1
1074054,1
1074058,1
1074072,1
1074088,1
1074094,1
1074096,1
1074112,1
1074115,1
1074132,1
1074136,1
1074150,1
1074169,2
1074190,1
1074193,1
1074202,1
1074214,1
1074220,1
1074231,1
1074236,1
1074244,1
1074248,1
1074250,1
1074260,1
1074263,1
1074279,1
1074283,1
1074288,1
1074295,1
1074299,1
1074305,1
1074315,1
1074317,1
1074324,1
1074328,1
1074335,1
1074341,1
1074348,1
1074352,1
1074358,1
1074365,1
1074376,1
1074393,1
1074402,1
1074410,1
1074414,1
1074419,1
1074435,1
1074460,1
1074467,1
1074469,1
1074471,1
1074479,1
1074485,1
1074494,1
1074503,1
1074512,1
1074518,1
1074524,1
1074532,1
1074539,1
1074547,1
1074553,1
1074555,1
1074558,1
1074587,1
1074589,1
1074599,1
1074607,1
1074617,1
1074620,1
1074622,1
1074637,1
1074645,1
1074665,1
1074668,1
1074680,1
1074686,1
1074713,1
1074721,1
1074726,1
1074732,1
1074734,1
1074743,1
1074749,1
1074761,1
1074770,1
1074773,1
1074778,1
1074781,1
1074789,1
1074808,1
1074816,1
1074819,2
1074832,1
1074837,1
1074846,1
1074864,1
1074872,1
1074891,1
1074904,1
1074931,1
1074949,1
1074963,1
1074968,1
1074971,1
1074982,1
1075007,1
1075016,1
1075036,1
1075049,1
1075055,1
1075057,1
1075065,1
1075069,1
1075071,1
1075083,1
1075099,1
1075102,1
1075126,1
1075132,1
1075139,1
1075162,1
1075177,1
1075180,1
1075189,1
1075195,1
1075199,1
1075208,1
1075210,1
1075225,1
1075228,1
1075241,1
1075248,1
1075253,1
1075255,1
1075260,1
1075265,1
1075278,1
1075281,1
1075286,1
1075292,1
1075299,1
1075303,1
1075318,1
1075320,1
1075332,1
1075335,1
1075355,1
1075367,1
1075369,1
1075385,1
1075396,1
1075402,1
1075404,1
1075412,1
1075415,1
1075420,1
1075422,1
1075430,1
1075432,1
1075437,1
1075444,1
1075449,1
1075452,1
1075457,1
1075462,1
1075465,1
1075470,1
1075476,1
1075482,1
1075490,1
1075493,1
1075501,1
1075505,1
1075512,1
1075516,1
1075528,1
1075531,1
1075538,1
1075542,1
1075564,1
1075575,1
1075606,1
1075609,1
1075618,1
1075642,1
1075650,1
1075652,1
1075654,1
1075656,1
1075661,1
1075664,1
1075667,1
1075671,1
1075673,1
1075678,1
1075681,1
1075697,1
1075703,1
1075705,1
1075711,1
1075716,1
1075722,1
1075738,1
1075751,1
1075798,1
1075811,1
1075823,1
1075833,1
1075836,1
1075838,1
1075843,1
1075847,1
1075856,1
1075861,1
1075872,1
1075877,1
1075879,1
1075884,1
1075889,1
1075892,1
1075897,2
1075902,1
1075907,1
1075912,1
1075921,1
1075924,1
1075954,1
1075960,1
1075969,1
1075976,1
1075991,1
1076005,1
1076009,1
1076018,1
1076026,1
1076028,1
1076060,1
1076062,1
1076074,1
1076081,1
1076098,1
1076108,1
1076110,1
1076133,2
1076136,1
1076140,1
1076145,1
1076150,1
1076154,1
1076160,1
1076167,1
1076170,1
1076179,1
1076184,1
1076188,1
1076190,1
1076198,1
1076200,1
1076225,1
1076287,1
1076298,1
1076301,1
1076311,1
1076314,1
1076318,1
1076321,1
1076330,1
1076341,1
1076343,1
1076347,1
1076350,1
1076353,1
1076360,1
1076363,1
1076386,1
1076393,1
1076406,1
1076408,1
1076414,1
1076416,1
1076425,1
1076440,1
1076442,1
1076445,1
1076449,1
1076452,1
1076456,1
1076459,1
1076466,1
1076469,1
1076471,1
1076474,1
1076483,1
1076486,1
1076493,1
1076495,1
1076497,1
1076502,1
1076508,1
1076516,1
1076523,1
1076540,1
1076550,1
1076557,1
1076572,1
1076576,1
1076589,1
1076595,1
1076597,1
1076600,1
1076614,1
1076623,1
1076633,1
1076636,1
1076652,1
1076654,1
1076660,1
1076677,1
1076682,1
1076686,1
1076691,1
1076694,1
1076698,1
1076711,1
1076725,1
1076727,1
1076733,1
1076736,1
1076743,1
1076766,1
1076780,1
1076791,1
1076799,1
1076822,1
1076824,1
1076851,1
1076854,1
1076881,1
1076884,1
1076893,1
1076899,1
1076921,1
1076935,1
1076955,1
1076992,1
1077001,1
1077028,1
1077032,1
1077034,1
1077051,1
1077054,1
1077070,1
1077072,1
1077079,1
1077086,1
1077090,1
1077103,1
1077108,1
1077117,1
1077120,1
1077126,1
1077128,1
1077131,1
1077143,1
1077147,1
1077149,1
1077153,1
1077165,1
1077167,1
1077173,1
1077183,1
1077185,1
1077195,1
1077197,1
1077202,1
1077207,2
1077220,1
1077222,1
1077225,1
1077235,1
1077242,1
1077251,1
1077255,1
1077261,1
1077294,1
1077297,1
1077305,1
1077320,1
1077329,1
1077337,1
1077341,1
1077351,1
1077355,1
1077363,1
1077376,1
1077381,1
1077393,1
1077395,1
1077397,1
1077410,1
1077425,1
1077430,1
1077436,1
1077464,1
1077473,1
1077508,2
1077510,1
1077529,1
1077546,1
1077558,1
1077567,2
1077575,1
1077583,1
1077595,1
1077616,1
1077625,1
1077630,1
1077641,1
1077644,1
1077656,1
1077660,1
1077667,1
1077673,1
1077693,1
1077696,1
1077698,1
1077700,1
1077709,1
1077714,1
1077717,1
1077719,1
1077734,1
1077743,1
1077749,1
1077759,1
1077769,1
1077774,1
1077776,1
1077787,1
1077793,1
1077795,1
1077815,1
1077820,1
1077826,1
1077828,1
1077834,1
1077845,1
1077849,1
1077864,1
1077867,1
1077869,1
1077871,1
1077873,1
1077876,1
1077890,1
1077902,1
1077912,1
1077917,1
1077920,1
1077928,1
1077944,1
1077948,1
1077963,1
1077965,1
1077967,1
1077989,1
1078002,1
1078005,1
1078012,1
1078019,1
1078021,1
1078023,1
1078034,1
1078037,1
1078039,1
1078046,1
1078049,1
1078053,1
1078061,1
1078065,1
1078073,1
1078080,1
1078095,1
1078107,1
1078117,1
1078130,1
1078132,1
1078136,1
1078142,1
1078148,1
1078152,1
1078154,1
1078159,1
1078172,1
1078191,1
1078194,1
1078199,1
1078209,1
1078213,1
1078225,1
1078229,1
1078256,1
1078267,1
1078269,1
1078274,1
1078286,1
1078289,1
1078292,1
1078305,1
1078310,1
1078320,1
1078325,1
1078332,1
1078335,1
1078338,1
1078347,1
1078355,1
1078369,1
1078390,1
1078401,1
1078405,1
1078419,1
1078421,1
1078438,1
1078440,1
1078442,1
1078452,1
1078473,1
1078478,1
1078480,1
1078497,1
1078502,1
1078513,1
1078515,1
1078552,1
1078557,1
1078574,1
1078577,1
1078590,1
1078593,1
1078598,1
1078603,1
1078609,1
1078615,1
1078638,1
1078649,1
1078661,1
1078666,1
1078669,1
1078678,1
1078682,1
1078684,1
1078688,1
1078692,1
1078705,1
1078712,1
1078716,1
1078735,1
1078741,1
1078744,1
1078757,1
1078761,1
1078763,1
1078777,1
1078784,1
1078788,1
1078794,1
1078798,1
1078801,1
1078803,1
1078815,1
1078818,1
1078822,1
1078831,1
1078837,1
1078861,1
1078874,1
1078877,1
1078893,1
1078895,1
1078920,1
1078929,1
1078946,1
1078948,1
1078953,1
1078957,1
1078971,1
1078982,1
1078987,1
1078989,1
1078992,1
1079004,1
1079026,1
1079028,1
1079047,1
1079055,1
1079064,1
1079068,2
1079070,1
1079076,1
1079081,1
1079084,1
1079086,1
1079091,1
1079093,1
1079102,1
1079113,1
1079115,1
1079125,1
1079160,1
1079162,1
1079177,1
1079180,1
1079194,1
1079196,1
1079198,1
1079201,1
1079216,1
1079231,1
1079236,1
1079239,1
1079242,1
1079258,1
1079272,1
1079275,1
1079281,1
1079291,1
1079295,1
1079307,1
1079328,1
1079349,1
1079351,1
1079365,1
1079370,1
1079388,1
1079400,1
1079406,1
1079409,1
1079424,1
1079426,1
1079428,1
1079439,1
1079444,1
1079462,1
1079466,1
1079476,1
1079496,1
1079515,1
1079534,1
1079541,1
1079557,1
1079597,1
1079601,1
1079614,1
1079618,1
1079634,1
1079636,1
1079650,1
1079654,1
1079656,1
1079659,1
1079673,1
1079675,1
1079685,1
1079691,1
1079695,1
1079699,1
1079706,1
1079712,1
1079714,1
1079729,1
1079731,1
1079748,1
1079753,1
1079766,1
1079769,1
1079771,1
1079788,1
1079802,1
1079816,1
1079822,1
1079832,1
1079836,1
1079846,1
1079851,1
1079857,1
1079863,1
1079870,1
1079881,1
1079883,1
1079890,1
1079897,1
1079904,1
1079920,1
1079933,1
1079938,1
1079940,1
1079942,1
1079946,1
1079956,1
1079959,1
1079961,1
1079964,1
1079974,1
1079976,1
1079995,1
1079997,1
1080006,1
1080012,1
1080016,1
1080018,1
1080036,1
1080040,1
1080057,1
1080059,1
1080072,1
1080074,1
1080090,1
1080093,2
1080098,1
1080100,1
1080111,1
1080123,1
1080128,1
1080131,1
1080143,1
1080147,1
1080156,1
1080169,1
1080185,1
1080187,1
1080192,1
1080224,1
1080229,1
1080241,1
1080254,2
1080259,1
1080261,1
1080263,1
1080265,1
1080273,1
1080281,1
1080283,1
1080288,1
1080300,1
1080303,1
1080315,1
1080317,1
1080319,1
1080326,1
1080337,1
1080341,1
1080352,1
1080355,1
1080359,1
1080365,1
1080376,1
1080378,1
1080390,1
1080399,1
1080401,1
1080429,1
1080436,1
1080440,1
1080449,1
1080452,1
1080455,1
1080467,1
1080472,2
1080478,1
1080541,1
1080558,1
1080562,1
1080565,1
1080569,1
1080573,1
1080579,1
1080585,1
1080588,1
1080590,1
1080597,1
1080604,1
1080616,1
1080623,1
1080625,1
1080639,1
1080645,1
1080647,1
1080655,1
1080668,1
1080678,1
1080680,1
1080685,1
1080692,1
1080703,1
1080705,1
1080721,1
1080723,1
1080734,1
1080736,1
1080748,1
1080754,1
1080756,1
1080760,1
1080763,1
1080770,1
1080775,1
1080778,1
1080791,1
1080794,1
1080796,1
1080798,1
1080810,1
1080819,1
1080830,1
1080833,1
1080835,1
1080868,1
1080871,1
1080875,1
1080883,1
1080891,1
1080895,1
1080905,1
1080908,1
1080913,1
1080921,1
1080926,1
1080930,1
1080933,1
1080944,1
1080948,1
1080954,1
1080958,1
1080965,1
1080968,1
1080972,1
1080982,1
1080994,1
1080999,1
1081001,1
1081005,1
1081012,1
1081020,1
1081023,1
1081025,1
1081036,1
1081040,1
1081043,1
1081060,1
1081077,1
1081080,1
1081095,1
1081137,1
1081140,2
1081144,1
1081153,1
1081158,1
1081172,1
1081203,1
1081217,1
1081225,1
1081233,1
1081250,1
1081271,1
1081275,1
1081284,1
1081289,1
1081294,1
1081302,1
1081307,1
1081309,1
1081311,1
1081325,1
1081346,1
1081350,1
1081362,1
1081399,1
1081403,1
1081408,1
1081421,1
1081424,1
1081428,1
1081431,1
1081436,1
1081441,1
1081444,1
1081472,1
1081475,1
1081480,1
1081484,1
1081495,1
1081497,1
1081520,1
1081530,1
1081533,1
1081536,1
1081551,1
1081555,1
1081560,1
1081569,1
1081573,1
1081585,1
1081588,1
1081594,1
1081610,1
1081612,1
1081616,1
1081629,1
1081631,1
1081633,1
1081640,1
1081649,1
1081652,1
1081661,1
1081668,1
1081671,1
1081675,1
1081685,1
1081698,1
1081704,1
1081706,1
1081710,1
1081724,1
1081733,1
1081741,1
1081748,1
1081760,1
1081763,1
1081766,1
1081781,1
1081797,1
1081802,1
1081816,1
1081821,1
1081825,1
1081830,1
1081838,1
1081841,1
1081845,1
1081849,1
1081855,1
1081860,2
1081863,1
1081870,1
1081875,1
1081877,1
1081894,1
1081914,1
1081916,1
1081932,1
1081948,1
1081964,1
1081972,1
1081974,1
1081989,1
1081991,1
1081997,1
1081999,1
1082009,1
1082012,1
1082026,1
1082033,1
1082047,1
1082060,1
1082066,1
1082069,1
1082084,1
1082090,1
1082107,1
1082119,1
1082128,1
1082139,1
1082143,1
1082148,1
1082158,1
1082161,1
1082164,1
1082177,1
1082180,1
1082198,1
1082206,1
1082220,1
1082235,1
1082262,1
1082274,1
1082277,1
1082279,1
1082285,1
1082299,2
1082313,2
1082320,1
1082330,1
1082334,1
1082337,1
1082367,1
1082375,1
1082386,1
1082390,1
1082394,1
1082408,1
1082410,1
1082414,1
1082423,1
1082426,1
1082428,1
1082462,1
1082500,1
1082514,1
1082519,1
1082533,1
1082550,1
1082557,1
1082563,1
1082578,1
1082595,1
1082600,1
1082618,2
1082636,1
1082672,1
1082707,1
1082709,1
1082715,1
1082725,1
1082729,1
1082732,1
1082736,1
1082746,1
1082750,1
1082754,1
1082757,1
1082761,1
1082766,1
1082770,1
1082777,1
1082792,1
1082794,1
1082804,1
1082807,1
1082811,1
1082814,1
1082820,1
1082826,1
1082829,1
1082832,1
1082836,1
1082845,1
1082848,1
1082860,1
1082862,1
1082864,1
1082868,1
1082872,1
1082883,1
1082887,1
1082897,1
1082904,1
1082914,1
1082919,1
1082931,1
1082938,1
1082947,1
1082951,1
1082959,1
1082964,1
1082972,1
1082976,1
1082978,1
1082980,1
1082997,1
1083011,1
1083014,1
1083020,1
1083033,1
1083040,1
1083052,1
1083064,1
1083073,1
1083076,1
1083085,1
1083090,1
1083092,1
1083108,1
1083120,1
1083130,1
1083148,1
1083155,1
1083185,1
1083189,1
1083192,1
1083206,1
1083224,2
1083226,1
1083229,1
1083263,1
1083265,1
1083269,1
1083282,1
1083286,1
1083305,1
1083308,1
1083312,1
1083319,1
1083321,1
1083323,1
1083329,1
1083334,2
1083344,1
1083351,1
1083354,1
1083356,1
1083359,1
1083363,1
1083366,1
1083378,1
1083394,1
1083397,1
1083399,1
1083404,1
1083410,1
1083414,1
1083416,1
1083431,1
1083435,1
1083441,1
1083454,1
1083456,1
1083471,1
1083476,1
1083480,1
1083497,1
1083513,1
1083528,1
1083530,1
1083532,1
1083536,1
1083548,1
1083564,1
1083567,1
1083572,1
1083574,1
1083587,1
1083591,1
1083602,1
1083608,1
1083624,1
1083627,1
1083630,1
1083661,1
1083664,1
1083668,1
1083681,1
1083687,1
1083690,1
1083698,1
1083700,1
1083703,1
1083708,2
1083722,1
1083729,1
1083732,1
1083739,1
1083743,1
1083752,1
1083755,1
1083759,1
1083765,1
1083776,1
1083780,1
1083798,1
1083813,1
1083818,1
1083821,1
1083832,1
1083838,1
1083854,1
1083869,1
1083871,1
1083873,1
1083890,1
1083902,1
1083909,1
1083926,1
1083931,1
1083937,1
1083951,1
1083954,1
1083961,1
1083966,1
1083971,1
1083984,1
1083991,1
1084017,1
1084026,1
1084036,1
1084043,1
1084055,1
1084059,1
1084062,1
1084064,1
1084067,1
1084078,1
1084082,1
1084092,1
1084111,1
1084117,1
1084121,1
1084123,1
1084130,1
1084138,1
1084159,1
1084170,1
1084179,1
1084192,1
1084216,1
1084229,1
1084232,1
1084239,1
1084243,1
1084255,1
1084265,1
1084273,1
1084275,1
1084280,1
1084289,1
1084294,1
1084296,1
1084307,1
1084311,1
1084322,1
1084329,1
1084331,1
1084337,1
1084345,1
1084348,1
1084351,1
1084357,1
1084365,1
1084385,1
1084401,1
1084406,1
1084408,1
1084425,1
1084449,1
1084456,1
1084463,1
1084465,1
1084479,1
1084483,2
1084488,1
1084494,1
1084497,1
1084504,1
1084510,1
1084518,1
1084521,1
1084530,1
1084534,1
1084536,1
1084556,1
1084560,1
1084563,1
1084576,1
1084578,1
1084580,1
1084583,1
1084593,1
1084600,1
1084609,1
1084612,1
1084627,1
1084631,1
1084639,1
1084649,1
1084654,1
1084665,1
1084680,1
1084689,1
1084701,1
1084705,1
1084707,1
1084733,1
1084748,1
1084756,1
1084764,1
1084768,1
1084784,1
1084793,1
1084801,1
1084806,1
1084820,1
1084824,1
1084856,1
1084858,1
1084860,1
1084864,1
1084874,1
1084878,1
1084882,1
1084884,1
1084887,1
1084898,1
1084937,1
1084940,1
1084942,1
1084956,1
1084964,1
1084970,1
1084975,1
1084977,1
1084979,1
1084983,1
1084993,1
1085007,1
1085012,1
1085016,1
1085018,1
1085026,1
1085029,1
1085032,1
1085035,1
1085050,1
1085063,1
1085067,1
1085072,1
1085086,1
1085089,1
1085091,1
1085120,1
1085123,1
1085128,1
1085130,1
1085144,1
1085147,1
1085161,1
1085176,1
1085180,1
1085185,1
1085199,1
1085203,1
1085220,1
1085223,1
1085230,1
1085238,1
1085240,1
1085244,1
1085258,1
1085261,1
1085267,1
1085277,1
1085280,1
1085282,1
1085296,1
1085304,1
1085314,1
1085317,1
1085325,1
1085332,1
1085335,1
1085338,1
1085349,1
1085355,1
1085367,1
1085377,1
1085381,1
1085390,1
1085393,1
1085397,1
1085399,1
1085408,1
1085416,2
1085418,1
1085423,1
1085428,1
1085434,1
1085437,1
1085445,1
1085449,1
1085451,1
1085453,1
1085455,1
1085466,1
1085468,1
1085495,1
1085499,1
1085510,1
1085523,1
1085527,1
1085529,1
1085541,1
1085577,1
1085583,1
1085585,1
1085616,1
1085619,2
1085622,1
1085630,1
1085637,1
1085644,1
1085657,1
1085672,1
1085677,1
1085680,1
1085695,1
1085704,1
1085713,1
1085715,1
1085718,1
1085730,1
1085733,1
1085737,1
1085739,1
1085744,1
1085751,1
1085764,1
1085767,1
1085771,1
1085776,1
1085787,1
1085791,1
1085795,1
1085800,1
1085803,1
1085809,1
1085812,1
1085814,1
1085817,1
1085822,1
1085829,1
1085833,1
1085845,1
1085849,2
1085855,1
1085860,1
1085869,1
1085873,1
1085883,1
1085889,1
1085891,1
1085898,1
1085904,1
1085910,1
1085915,1
1085917,1
1085919,1
1085922,1
1085925,1
1085943,1
1085945,1
1085953,1
1085960,1
1085962,1
1085966,1
1085969,1
1085999,1
1086010,1
1086026,1
1086036,1
1086042,1
1086044,1
1086056,1
1086110,1
1086115,1
1086117,1
1086124,1
1086129,1
1086135,1
1086145,1
1086154,1
1086172,1
1086174,1
1086186,1
1086188,1
1086196,1
1086204,1
1086210,1
1086212,1
1086224,1
1086228,1
1086235,1
1086241,1
1086256,1
1086261,1
1086266,1
1086269,1
1086277,1
1086282,1
1086299,1
1086324,1
1086326,1
1086332,1
1086338,1
1086344,1
1086346,1
1086359,1
1086361,1
1086363,1
1086369,1
1086375,1
1086380,1
1086384,1
1086398,1
1086418,1
1086420,1
1086436,1
1086438,1
1086456,1
1086465,1
1086474,1
1086480,1
1086485,1
1086504,1
1086508,1
1086514,1
1086517,1
1086529,1
1086543,1
1086546,1
1086548,1
1086560,1
1086565,1
1086570,1
1086581,1
1086610,1
1086629,1
1086643,1
1086645,1
1086649,1
1086663,1
1086667,1
1086672,1
1086687,1
1086689,1
1086701,1
1086704,1
1086707,1
1086723,1
1086729,1
1086737,1
1086741,1
1086763,1
1086770,1
1086774,1
1086780,1
1086783,1
1086785,1
1086797,1
1086809,1
1086816,1
1086819,1
1086822,1
1086831,1
1086836,1
1086853,1
1086855,1
1086870,1
1086872,1
1086876,1
1086888,1
1086890,1
1086894,1
1086897,1
1086918,1
1086923,1
1086926,1
1086933,1
1086935,1
1086938,1
1086952,1
1086961,1
1086963,1
1086969,1
1086971,1
1086975,1
1086980,1
1086987,1
1086990,1
1086993,1
1087005,1
1087008,1
1087020,1
1087026,1
1087032,1
1087041,1
1087062,1
1087065,1
1087068,1
1087078,1
1087085,1
1087087,1
1087099,1
1087109,1
1087120,1
1087122,1
1087134,1
1087136,1
1087141,1
1087156,1
1087161,1
1087169,1
1087171,1
1087173,1
1087179,1
1087182,1
1087184,1
1087198,1
1087201,1
1087214,1
1087216,1
1087220,1
1087230,1
1087246,1
1087252,1
1087256,1
1087259,1
1087273,1
1087276,1
1087281,1
1087290,1
1087295,1
1087305,1
1087308,1
1087312,1
1087323,1
1087330,1
1087332,1
1087340,1
1087347,1
1087350,1
1087363,1
1087366,1
1087372,1
1087379,1
1087384,1
1087392,1
1087403,1
1087406,1
1087409,1
1087416,1
1087424,1
1087426,1
1087440,1
1087450,1
1087455,1
1087459,1
1087480,1
1087491,1
1087503,1
1087519,1
1087535,1
1087541,1
1087554,1
1087570,1
1087574,1
1087577,1
1087595,1
1087608,1
1087614,1
1087617,1
1087619,1
1087631,1
1087635,1
1087637,1
1087653,1
1087663,1
1087668,1
1087672,1
1087688,1
1087692,1
1087695,1
1087698,1
1087700,1
1087712,1
1087721,1
1087723,1
1087728,1
1087730,1
1087732,1
1087745,1
1087759,1
1087765,1
1087767,1
1087770,1
1087782,1
1087820,1
1087840,1
1087842,1
1087844,1
1087858,1
1087860,1
1087865,2
1087880,2
1087882,1
1087899,1
1087902,1
1087913,1
1087916,1
1087919,1
1087921,1
1087924,1
1087934,1
1087938,1
1087966,1
1087969,1
1087973,1
1087978,1
1087986,1
1087992,1
1087996,1
1087998,1
1088003,1
1088010,1
1088015,1
1088018,1
1088023,1
1088033,1
1088049,1
1088052,1
1088061,1
1088087,1
1088095,1
1088105,1
1088117,1
1088123,1
1088153,1
1088163,1
1088168,1
1088171,1
1088184,1
1088186,1
1088196,1
1088200,1
1088203,1
1088219,1
1088222,1
1088232,1
1088248,1
1088252,1
1088297,1
1088304,1
1088314,1
1088317,1
1088319,1
1088328,1
1088336,1
1088352,1
1088355,1
1088374,1
1088381,1
1088384,1
1088388,1
1088395,1
1088397,1
1088400,1
1088407,1
1088412,1
1088423,1
1088431,1
1088449,1
1088453,1
1088455,1
1088461,1
1088472,1
1088488,1
1088490,1
1088506,1
1088525,1
1088543,1
1088545,1
1088548,1
1088565,1
1088579,1
1088581,1
1088585,1
1088601,1
1088616,1
1088621,1
1088624,1
1088629,1
1088631,1
1088641,1
1088648,1
1088655,1
1088662,1
1088673,1
1088676,1
1088678,1
1088701,1
1088709,1
1088712,1
1088717,1
1088719,1
1088730,1
1088737,1
1088748,1
1088751,1
1088754,1
1088757,1
1088764,1
1088770,1
1088773,1
1088776,1
1088778,1
1088787,1
1088794,1
1088811,1
1088827,1
1088830,1
1088834,1
1088843,1
1088862,1
1088865,1
1088867,1
1088872,1
1088881,1
1088884,1
1088902,1
1088906,1
1088908,1
1088923,1
1088926,1
1088934,1
1088936,1
1088940,1
1088943,1
1088946,1
1088954,1
1088961,1
1088963,1
1088968,2
1088976,1
1088978,1
1088982,1
1088985,1
1089001,1
1089004,2
1089015,1
1089017,1
1089023,1
1089031,1
1089039,1
1089044,1
1089055,1
1089058,1
1089070,1
1089074,1
1089079,1
1089092,1
1089107,1
1089114,1
1089124,1
1089131,1
1089133,1
1089135,1
1089137,1
1089147,1
1089151,1
1089154,1
1089158,1
1089163,1
1089173,1
1089187,1
1089193,1
1089197,1
1089208,1
1089218,1
1089222,1
1089245,1
1089247,1
1089251,1
1089262,1
1089267,1
1089275,1
1089285,1
1089288,1
1089293,1
1089300,1
1089307,1
1089318,1
1089321,1
1089326,1
1089333,1
1089359,1
1089368,1
1089375,1
1089378,1
1089383,1
1089403,1
1089421,1
1089424,1
1089439,1
1089457,1
1089461,1
1089468,1
1089475,1
1089489,1
1089495,1
1089502,1
1089506,1
1089515,1
1089531,1
1089538,1
1089553,1
1089563,1
1089571,1
1089580,1
1089588,1
1089600,1
1089608,1
1089610,1
1089612,1
1089615,1
1089619,1
1089628,1
1089631,1
1089643,1
1089649,1
1089658,1
1089663,1
1089667,1
1089682,1
1089692,1
1089695,1
1089698,1
1089702,1
1089705,1
1089711,1
1089730,1
1089737,1
1089741,1
1089750,1
1089756,1
1089759,1
1089773,1
1089778,1
1089782,1
1089794,1
1089798,1
1089809,1
1089814,1
1089818,1
1089831,1
1089835,1
1089839,1
1089842,1
1089848,1
1089856,1
1089865,1
1089871,1
1089883,1
1089885,1
1089895,1
1089909,1
1089914,1
1089921,1
1089930,1
1089932,1
1089934,1
1089947,1
1089950,1
1089964,1
1089971,1
1089983,1
1089988,1
1089992,1
1089995,1
1089997,1
1090004,1
1090008,1
1090015,1
1090023,1
1090030,1
1090043,1
1090046,1
1090062,1
1090077,1
1090080,1
1090084,1
1090096,1
1090101,1
1090103,1
1090111,1
1090120,1
1090126,1
1090138,1
1090153,1
1090157,1
1090163,1
1090173,1
1090176,1
1090180,1
1090183,1
1090189,1
1090195,1
1090200,1
1090206,1
1090213,1
1090218,1
1090223,1
1090234,1
1090237,1
1090250,1
1090254,1
1090273,1
1090275,1
1090291,1
1090296,1
1090298,1
1090303,1
1090307,1
1090311,1
1090313,1
1090315,1
1090322,1
1090326,1
1090329,1
1090331,1
1090334,1
1090338,1
1090366,1
1090368,1
1090386,1
1090401,1
1090404,1
1090407,1
1090415,1
1090427,1
1090440,1
1090443,1
1090445,1
1090455,1
1090486,1
1090492,1
1090500,1
1090515,1
1090527,1
1090537,1
1090554,1
1090560,1
1090564,1
1090570,1
1090575,1
1090577,1
1090587,1
1090594,1
1090596,1
1090608,1
1090611,1
1090617,1
1090619,1
1090629,1
1090635,1
1090637,1
1090642,1
1090652,1
1090656,1
1090666,1
1090668,1
1090671,1
1090673,1
1090684,1
1090688,1
1090709,1
1090727,1
1090746,1
1090771,1
1090774,1
1090779,1
1090785,1
1090787,1
1090791,1
1090794,1
1090807,1
1090815,1
1090818,1
1090823,1
1090825,1
1090827,1
1090859,1
1090865,1
1090868,1
1090880,1
1090897,1
1090903,1
1090917,1
1090919,1
1090928,1
1090932,1
1090935,1
1090939,1
1090942,1
1090950,1
1090956,1
1090963,1
1090970,1
1090974,1
1090981,1
1090995,1
1090997,1
1091001,1
1091008,1
1091014,1
1091016,1
1091021,1
1091026,1
1091031,1
1091033,1
1091035,1
1091040,1
1091051,1
1091056,1
1091060,1
1091064,1
1091069,1
1091073,1
1091086,1
1091089,1
1091092,1
1091095,1
1091103,1
1091107,1
1091124,1
1091126,1
1091128,1
1091158,1
1091164,1
1091174,1
1091181,1
1091187,1
1091203,1
1091220,1
1091235,1
1091237,1
1091239,1
1091244,1
1091259,1
1091268,1
1091283,1
1091297,1
1091301,1
1091306,1
1091313,1
1091325,1
1091335,1
1091357,1
1091370,1
1091373,1
1091376,1
1091378,1
1091380,1
1091391,1
1091394,1
1091400,1
1091408,1
1091411,1
1091413,1
1091423,1
1091431,2
1091444,1
1091450,1
1091453,1
1091471,1
1091479,1
1091490,2
1091507,1
1091509,1
1091513,1
1091522,1
1091526,1
1091528,1
1091536,1
1091540,1
1091545,1
1091551,1
1091553,1
1091562,1
1091565,1
1091576,1
1091581,1
1091583,1
1091588,1
1091597,1
1091599,1
1091601,1
1091603,1
1091609,1
1091618,1
1091623,2
1091629,1
1091637,1
1091644,1
1091661,1
1091674,1
1091677,1
1091692,1
1091708,1
1091710,1
1091713,1
1091716,1
1091731,1
1091739,1
1091750,1
1091753,1
1091756,1
1091763,1
1091766,1
1091772,1
1091775,1
1091779,1
1091787,1
1091792,1
1091795,1
1091798,1
1091805,1
1091810,1
1091813,1
1091826,1
1091843,1
1091869,1
1091886,1
1091900,1
1091904,1
1091906,1
1091910,1
1091931,1
1091939,1
1091943,1
1091945,1
1091954,1
1091964,1
1091979,1
1091984,1
1091998,1
1092001,1
1092012,1
1092016,1
1092019,1
1092021,1
1092030,1
1092037,1
1092043,1
1092045,1
1092056,1
1092059,1
1092072,1
1092082,1
1092091,1
1092096,1
1092098,1
1092107,1
1092109,1
1092130,2
1092134,1
1092138,1
1092141,1
1092155,2
1092171,1
1092193,1
1092207,1
1092212,1
1092222,1
1092226,1
1092234,1
1092236,1
1092244,1
1092248,1
1092250,1
1092261,1
1092264,1
1092272,1
1092287,1
1092305,1
1092307,1
1092310,1
1092317,1
1092323,1
1092326,1
1092329,1
1092338,1
1092342,1
1092358,1
1092360,1
1092362,1
1092364,1
1092366,1
1092369,1
1092378,1
1092393,1
1092397,1
1092399,1
1092412,1
1092416,1
1092419,1
1092425,2
1092435,1
1092439,1
1092455,1
1092476,1
1092486,1
1092494,1
1092497,1
1092500,1
1092513,1
1092521,1
1092530,1
1092534,1
1092539,1
1092550,1
1092552,1
1092554,1
1092565,1
1092568,1
1092570,1
1092573,1
1092575,1
1092577,1
1092579,1
1092585,1
1092588,1
1092590,1
1092593,1
1092595,1
1092598,1
1092606,1
1092608,1
1092610,1
1092612,1
1092620,1
1092625,1
1092630,1
1092637,1
1092646,1
1092648,1
1092683,1
1092718,1
1092721,1
1092723,1
1092730,1
1092734,1
1092741,1
1092743,1
1092747,1
1092766,1
1092770,1
1092778,1
1092781,1
1092785,1
1092796,1
1092800,1
1092819,1
1092825,1
1092831,1
1092839,1
1092849,1
1092851,1
1092855,1
1092858,1
1092869,1
1092872,1
1092875,1
1092879,1
1092888,1
1092893,1
1092897,1
1092904,1
1092906,1
1092912,1
1092916,1
1092918,1
1092924,1
1092932,1
1092945,1
1092952,1
1092962,1
1092970,1
1092972,1
1092984,1
1092988,1
1092996,1
1093004,1
1093010,1
1093022,1
1093028,1
1093031,1
1093040,1
1093042,1
1093046,1
1093048,1
1093053,1
1093063,1
1093070,1
1093086,1
1093101,1
1093113,1
1093119,1
1093122,1
1093124,1
1093129,1
1093138,1
1093141,1
1093151,1
1093156,1
1093158,1
1093162,1
1093168,1
1093171,1
1093175,1
1093177,1
1093181,1
1093186,1
1093193,1
1093196,1
1093205,1
1093216,1
1093234,1
1093240,1
1093253,1
1093255,1
1093269,1
1093271,1
1093287,1
1093292,1
1093297,1
1093305,1
1093311,1
1093313,1
1093319,1
1093322,1
1093327,1
1093331,1
1093336,1
1093339,1
1093346,1
1093349,1
1093352,1
1093354,1
1093358,1
1093366,1
1093369,1
1093371,1
1093374,1
1093381,1
1093394,1
1093397,1
1093399,1
1093408,1
1093410,1
1093413,1
1093425,1
1093429,1
1093441,1
1093444,1
1093447,1
1093451,1
1093455,1
1093478,1
1093489,1
1093499,1
1093518,1
1093521,1
1093526,1
1093555,1
1093560,1
1093575,1
1093612,1
1093644,1
1093652,1
1093676,1
1093689,1
1093692,1
1093703,1
1093726,1
1093740,1
1093747,1
1093760,1
1093765,1
1093790,1
1093792,1
1093798,1
1093803,1
1093806,1
1093809,1
1093811,1
1093815,1
1093822,1
1093826,1
1093836,1
1093844,1
1093850,1
1093865,1
1093867,1
1093882,1
1093893,1
1093904,3
1093911,1
1093914,1
1093923,1
1093925,1
1093939,1
1093951,1
1093954,1
1093956,1
1093960,1
1093963,1
1093970,1
1093972,1
1093978,1
1093993,1
1094012,1
1094033,1
1094037,1
1094052,1
1094070,1
1094077,1
1094088,1
1094103,1
1094107,1
1094126,1
1094129,1
1094143,1
1094150,1
1094158,1
1094165,1
1094185,1
1094207,1
1094215,1
1094223,1
1094230,1
1094237,1
1094242,2
1094245,1
1094252,1
1094260,1
1094266,1
1094276,1
1094285,1
1094292,1
1094301,1
1094305,1
1094313,1
1094318,1
1094320,1
1094322,1
1094325,1
1094332,1
1094334,1
1094339,1
1094343,1
1094355,1
1094357,1
1094360,1
1094373,1
1094379,1
1094387,1
1094392,1
1094395,1
1094399,1
1094412,1
1094429,1
1094433,1
1094435,1
1094465,1
1094469,1
1094472,1
1094482,1
1094488,1
1094491,1
1094525,1
1094544,1
1094547,1
1094551,1
1094554,1
1094562,1
1094566,1
1094568,1
1094571,1
1094576,1
1094582,1
1094585,1
1094598,1
1094606,1
1094617,1
1094632,1
1094638,1
1094644,1
1094660,1
1094674,1
1094676,1
1094685,1
1094695,1
1094699,1
1094714,1
1094716,1
1094723,1
1094734,1
1094755,1
1094774,1
1094779,1
1094784,1
1094793,1
1094815,1
1094820,1
1094824,1
1094830,1
1094834,1
1094850,1
1094866,1
1094868,1
1094886,1
1094893,1
1094903,1
1094908,1
1094923,1
1094926,1
1094929,1
1094932,1
1094943,1
1094946,1
1094949,1
1094952,1
1094956,1
1094960,1
1094965,1
1094978,2
1094986,1
1094999,1
1095003,1
1095005,1
1095007,1
1095012,1
1095021,1
1095023,1
1095029,1
1095043,1
1095055,1
1095059,1
1095077,1
1095130,1
1095139,1
1095150,1
1095154,1
1095156,1
1095158,1
1095166,1
1095170,1
1095176,1
1095186,1
1095189,1
1095194,1
1095196,1
1095206,1
1095214,1
1095226,1
1095230,1
1095232,1
1095243,1
1095249,1
1095256,1
1095263,1
1095265,1
1095268,1
1095271,1
1095280,1
1095282,1
1095322,1
1095325,1
1095332,1
1095340,1
1095358,1
1095361,1
1095379,1
1095383,1
1095389,1
1095393,1
1095400,1
1095405,2
1095409,1
1095417,1
1095419,1
1095422,1
1095424,1
1095427,1
1095440,2
1095442,1
1095453,1
1095456,1
1095458,1
1095462,1
1095465,1
1095468,1
1095473,1
1095478,1
1095480,1
1095482,1
1095488,1
1095493,1
1095496,1
1095498,1
1095506,1
1095517,1
1095519,1
1095532,1
1095539,1
1095549,1
1095553,1
1095557,1
1095567,1
1095572,1
1095575,2
1095577,1
1095586,1
1095591,1
1095593,1
1095601,1
1095607,1
1095611,1
1095617,1
1095632,1
1095645,1
1095649,1
1095673,1
1095679,1
1095684,1
1095687,1
1095690,1
1095703,1
1095706,2
1095710,1
1095721,1
1095726,1
1095733,1
1095743,1
1095748,1
1095751,1
1095755,1
1095761,1
1095765,1
1095767,1
1095772,1
1095778,1
1095781,1
1095784,1
1095799,1
1095812,1
1095819,1
1095821,1
1095829,1
1095848,1
1095851,1
1095855,1
1095858,1
1095863,1
1095868,1
1095870,1
1095876,1
1095879,1
1095883,1
1095891,1
1095898,1
1095911,1
1095916,1
1095925,1
1095929,1
1095931,1
1095936,1
1095943,1
1095949,1
1095954,1
1095964,1
1095982,1
1095986,1
1095991,1
1095995,1
1096017,1
1096025,1
1096043,1
1096045,1
1096053,1
1096062,1
1096065,1
1096081,1
1096091,1
1096105,1
1096118,1
1096121,1
1096123,1
1096140,1
1096143,1
1096157,1
1096173,1
1096178,1
1096181,1
1096185,1
1096194,1
1096197,1
1096199,1
1096201,1
1096205,1
1096213,1
1096216,1
1096219,1
1096230,1
1096249,1
1096259,1
1096269,1
1096274,1
1096277,1
1096290,1
1096294,1
1096319,1
1096333,1
1096336,1
1096344,1
1096353,1
1096365,1
1096367,1
1096371,1
1096379,1
1096381,1
1096400,1
1096404,1
1096407,1
1096410,1
1096425,1
1096446,1
1096461,1
1096464,1
1096481,1
1096499,1
1096505,1
1096517,1
1096523,1
1096527,1
1096537,1
1096540,1
1096543,1
1096557,1
1096559,1
1096563,1
1096578,1
1096581,1
1096598,1
1096613,1
1096618,1
1096632,1
1096637,1
1096650,1
1096657,1
1096667,1
1096672,1
1096679,1
1096691,1
1096694,1
1096703,1
1096707,1
1096710,1
1096722,1
1096725,1
1096727,1
1096730,1
1096733,1
1096737,1
1096754,1
1096759,1
1096763,1
1096771,1
1096780,1
1096788,1
1096791,1
1096795,1
1096809,1
1096811,1
1096815,1
1096822,1
1096825,1
1096827,1
1096829,1
1096832,1
1096839,1
1096857,1
1096861,1
1096865,1
1096870,1
1096880,1
1096896,1
1096901,1
1096903,1
1096906,1
1096909,1
1096934,1
1096937,1
1096940,1
1096942,1
1096960,1
1096977,1
1096979,1
1096986,1
1096994,1
1096998,1
1097010,1
1097016,1
1097029,1
1097035,1
1097037,1
1097044,1
1097051,1
1097054,1
1097066,1
1097070,1
1097072,1
1097077,1
1097085,1
1097089,2
1097094,1
1097108,1
1097112,1
1097120,1
1097127,1
1097131,1
1097136,1
1097144,1
1097146,1
1097151,1
1097160,1
1097166,1
1097168,1
1097179,1
1097183,1
1097187,1
1097191,1
1097202,1
1097210,1
1097218,1
1097242,1
1097255,1
1097258,1
1097264,1
1097282,1
1097294,1
1097297,1
1097302,1
1097307,1
1097315,1
1097319,1
1097322,1
1097326,1
1097331,1
1097338,1
1097340,1
1097342,1
1097344,1
1097357,2
1097372,1
1097376,1
1097381,1
1097389,1
1097392,1
1097395,1
1097399,1
1097406,1
1097418,1
1097423,1
1097432,1
1097435,1
1097438,1
1097451,1
1097454,1
1097467,1
1097469,1
1097479,1
1097485,1
1097517,1
1097540,1
1097543,1
1097547,1
1097550,1
1097552,1
1097564,1
1097568,1
1097572,1
1097577,1
1097580,1
1097584,1
1097596,1
1097605,1
1097627,1
1097640,1
1097642,1
1097645,1
1097657,1
1097660,1
1097663,1
1097671,1
1097674,1
1097676,1
1097679,1
1097681,1
1097693,1
1097699,1
1097712,1
1097721,1
1097734,1
1097751,1
1097768,1
1097777,1
1097783,1
1097788,1
1097790,1
1097794,1
1097797,1
1097811,1
1097828,1
1097834,1
1097837,1
1097844,1
1097849,1
1097853,1
1097862,1
1097875,1
1097878,1
1097881,1
1097893,1
1097903,1
1097906,1
1097910,1
1097922,1
1097925,1
1097935,1
1097938,1
1097941,1
1097944,1
1097953,1
1097957,1
1097959,1
1097969,1
1097976,1
1097981,1
1097986,1
1097998,1
1098006,1
1098009,1
1098012,1
1098029,1
1098035,1
1098039,1
1098045,1
1098052,1
1098054,1
1098058,1
1098062,1
1098064,1
1098075,1
1098090,1
1098111,1
1098113,1
1098119,1
1098132,1
1098137,1
1098147,1
1098152,1
1098157,1
1098169,1
1098175,1
1098190,1
1098204,1
1098208,1
1098214,1
1098226,1
1098241,1
1098257,1
1098283,1
1098299,1
1098303,1
1098319,1
1098327,1
1098331,1
1098335,1
1098337,1
1098349,1
1098360,1
1098364,1
1098369,1
1098375,1
1098380,1
1098387,1
1098393,1
1098402,1
1098406,1
1098408,1
1098417,1
1098424,1
1098449,1
1098453,1
1098456,1
1098461,1
1098474,1
1098479,1
1098489,1
1098492,1
1098495,1
1098497,1
1098511,1
1098513,1
1098517,1
1098528,1
1098568,1
1098579,1
1098586,1
1098590,1
1098596,1
1098605,1
1098607,1
1098610,1
1098621,1
1098625,1
1098628,1
1098630,1
1098634,1
1098644,1
1098651,1
1098655,1
1098666,1
1098669,1
1098677,1
1098679,1
1098683,1
1098687,1
1098692,1
1098699,1
1098701,1
1098704,1
1098712,1
1098714,1
1098716,1
1098721,1
1098727,1
1098740,1
1098754,1
1098758,1
1098760,1
1098772,1
1098778,1
1098780,1
1098784,1
1098792,1
1098797,1
1098805,1
1098813,1
1098822,1
1098825,1
1098836,1
1098841,1
1098849,1
1098859,1
1098862,1
1098864,1
1098874,1
1098876,1
1098879,1
1098890,1
1098900,1
1098908,1
1098912,1
1098929,1
1098944,1
1098948,1
1098967,1
1098974,1
1098986,1
1099003,1
1099007,1
1099013,1
1099016,1
1099033,1
1099037,1
1099040,1
1099044,1
1099047,1
1099050,1
1099056,1
1099059,1
1099061,1
1099067,1
1099082,1
1099089,1
1099098,1
1099107,1
1099117,1
1099120,1
1099122,1
1099127,1
1099137,1
1099146,1
1099156,1
1099159,1
1099170,1
1099174,1
1099190,1
1099194,1
1099234,1
1099239,1
1099242,1
1099249,1
1099252,1
1099256,1
1099274,1
1099286,1
1099290,1
1099292,1
1099294,1
1099299,1
1099309,1
1099312,1
1099316,1
1099327,1
1099342,1
1099345,1
1099366,1
1099368,1
1099386,1
1099393,1
1099405,1
1099407,1
1099421,1
1099423,1
1099425,1
1099434,1
1099439,1
1099442,1
1099448,1
1099456,1
1099461,1
1099471,1
1099480,1
1099486,1
1099498,1
1099501,1
1099509,1
1099520,2
1099536,1
1099541,1
1099549,1
1099556,1
1099559,1
1099571,1
1099592,1
1099594,1
1099597,1
1099609,1
1099614,1
1099631,1
1099639,2
1099642,1
1099647,1
1099652,1
1099654,1
1099657,1
1099669,1
1099687,1
1099690,1
1099692,1
1099707,1
1099724,1
1099728,1
1099737,1
1099745,1
1099749,1
1099764,1
1099768,1
1099781,1
1099783,1
1099786,1
1099798,1
1099802,1
1099804,1
1099807,1
1099811,1
1099814,1
1099820,1
1099824,1
1099836,1
1099852,1
1099859,1
1099865,1
1099880,1
1099899,2
1099914,1
1099918,1
1099928,1
1099932,1
1099938,1
1099946,1
1099953,1
1099955,1
1099963,1
1099990,1
1200011,1
1200013,1
1200021,1
1200027,1
1200030,1
1200034,1
1200049,1
1200070,1
1200078,1
1200084,1
1200092,1
1200105,1
1200109,1
1200121,1
1200127,1
1200129,1
1200135,1
1200143,1
1200146,1
1200148,1
1200162,1
1200164,1
1200174,1
1200177,1
1200183,1
1200186,1
1200193,1
1200214,1
1200217,1
1200221,1
1200224,1
1200232,1
1200237,1
1200241,1
1200243,1
1200257,1
1200277,1
1200279,1
1200285,1
1200313,1
1200316,1
1200322,1
1200337,1
1200353,1
1200355,1
1200369,1
1200372,1
1200375,1
1200389,1
1200393,1
1200410,1
1200425,1
1200429,1
1200432,1
1200447,1
1200450,1
1200466,1
1200469,1
1200482,1
1200486,1
1200489,1
1200501,1
1200506,1
1200508,1
1200519,1
1200528,1
1200544,1
1200546,1
1200562,1
1200568,1
1200574,1
1200583,1
1200593,1
1200601,1
1200603,1
1200605,1
1200613,1
1200623,1
1200626,1
1200641,1
1200643,1
1200657,1
1200659,1
1200669,1
1200676,1
1200690,1
1200696,1
1200698,1
1200711,1
1200716,1
1200732,1
1200745,1
1200750,1
1200753,1
1200756,1
1200770,1
1200774,2
1200790,1
1200794,1
1200813,1
1200823,1
1200828,1
1200830,1
1200836,1
1200846,1
1200850,1
1200857,1
1200867,1
1200869,1
1200880,1
1200886,1
1200889,1
1200903,1
1200920,1
1200923,1
1200926,1
1200959,1
1200964,1
1200977,1
1200981,1
1200983,1
1200994,1
1200998,1
1201000,1
1201002,1
1201017,1
1201019,1
1201026,1
1201034,1
1201036,1
1201041,1
1201052,1
1201054,1
1201078,1
1201087,1
1201092,1
1201096,1
1201098,1
1201100,1
1201112,1
1201123,1
1201137,1
1201152,1
1201162,1
1201169,1
1201171,1
1201181,1
1201192,1
1201210,1
1201224,1
1201228,1
1201241,1
1201243,1
1201250,1
1201252,1
1201263,1
1201266,1
1201283,1
1201286,1
1201305,1
1201318,1
1201322,1
1201340,1
1201346,1
1201349,1
1201354,1
1201361,1
1201363,1
1201365,1
1201372,1
1201376,1
1201378,1
1201382,1
1201384,1
1201395,1
1201400,2
1201414,1
1201416,1
1201422,1
1201436,1
1201439,1
1201451,1
1201455,1
1201474,1
1201476,1
1201486,1
1201488,1
1201492,1
1201496,1
1201508,1
1201511,1
1201515,1
1201522,1
1201526,1
1201530,1
1201534,1
1201536,1
1201544,1
1201551,1
1201565,1
1201580,1
1201587,1
1201591,1
1201608,1
1201623,1
1201626,1
1201628,1
1201630,1
1201645,1
1201648,1
1201665,1
1201682,1
1201685,1
1201701,1
1201704,1
1201718,1
1201722,1
1201724,1
1201739,1
1201741,1
1201744,1
1201756,1
1201759,1
1201762,1
1201777,1
1201779,1
1201782,1
1201789,1
1201794,1
1201796,1
1201799,1
1201802,1
1201814,1
1201816,1
1201818,1
1201837,1
1201854,1
1201856,1
1201869,1
1201876,1
1201887,1
1201892,1
1201894,1
1201908,1
1201916,1
1201924,1
1201947,1
1201971,1
1201984,1
1201988,1
1201990,1
1202000,1
1202007,1
1202010,1
1202022,1
1202026,1
1202037,1
1202042,1
1202047,1
1202062,1
1202064,1
1202066,1
1202083,1
1202085,1
1202100,1
1202102,1
1202117,1
1202119,1
1202123,1
1202155,1
1202161,1
1202177,2
1202191,1
1202193,1
1202199,1
1202202,1
1202209,1
1202215,1
1202217,1
1202231,1
1202237,1
1202250,1
1202254,1
1202256,1
1202268,1
1202273,1
1202275,1
1202286,1
1202291,1
1202293,1
1202307,1
1202310,1
1202313,1
1202325,1
1202347,1
1202351,1
1202366,1
1202369,1
1202371,1
1202384,1
1202387,1
1202389,1
1202402,1
1202407,1
1202424,1
1202437,1
1202439,1
1202446,1
1202459,1
1202463,1
1202465,1
1202495,1
1202501,1
1202503,1
1202518,1
1202520,1
1202522,1
1202533,1
1202535,1
1202539,1
1202550,1
1202558,1
1202560,1
1202562,1
1202574,1
1202577,1
1202579,1
1202595,1
1202612,1
1202614,1
1202631,1
1202633,1
1202635,1
1202639,1
1202651,1
1202665,1
1202675,1
1202687,1
1202691,1
1202693,1
1202705,1
1202707,1
1202712,1
1202715,1
1202728,1
1202745,1
1202749,1
1202768,1
1202785,1
1202788,1
1202805,1
1202814,1
1202816,1
1202823,1
1202828,1
1202839,1
1202844,1
1202861,1
1202877,1
1202880,1
1202883,1
1202898,1
1202901,1
1202917,1
1202919,1
1202937,1
1202940,1
1202955,1
1202967,1
1202991,1
1202994,1
1202997,1
1203013,1
1203015,1
1203031,1
1203033,1
1203043,1
1203050,1
1203055,1
1203069,1
1203086,1
1203089,1
1203092,1
1203102,1
1203108,1
1203111,1
1203128,2
1203133,1
1203146,1
1203150,1
1203159,1
1203166,1
1203168,1
1203178,1
1203182,1
1203185,1
1203187,1
1203190,1
1203203,1
1203209,1
1203222,1
1203225,1
1203244,1
1203259,1
1203261,1
1203274,1
1203276,1
1203280,1
1203283,1
1203294,1
1203300,1
1203309,1
1203313,1
1203327,2
1203331,1
1203333,1
1203339,1
1203341,1
1203357,2
1203373,1
1203375,1
1203378,1
1203394,1
1203403,1
1203434,1
1203447,1
1203453,1
1203484,1
1203500,1
1203507,1
1203511,1
1203514,1
1203522,1
1203525,1
1203539,1
1203542,1
1203547,1
1203551,1
1203566,1
1203582,1
1203586,1
1203604,1
1203606,1
1203621,1
1203660,1
1203674,1
1203678,1
1203680,1
1203682,1
1203697,1
1203720,1
1203735,1
1203738,1
1203753,1
1203755,1
1203768,1
1203777,1
1203789,1
1203791,1
1203804,1
1203808,1
1203811,1
1203814,1
1203816,1
1203826,1
1203829,1
1203833,1
1203835,1
1203842,1
1203845,1
1203851,1
1203853,1
1203855,1
1203866,1
1203868,1
1203880,1
1203884,1
1203886,1
1203888,1
1203892,1
1203905,1
1203909,1
1203916,1
1203926,1
1203946,1
1203963,1
1203965,1
1203975,1
1203981,1
1203983,1
1203985,1
1203987,1
1203996,1
1204001,1
1204006,1
1204017,1
1204021,1
1204023,1
1204025,1
1204028,1
1204040,1
1204049,1
1204056,1
1204060,1
1204070,1
1204089,1
1204092,1
1204114,1
1204116,1
1204118,1
1204133,1
1204138,1
1204153,1
1204168,1
1204171,1
1204176,1
1204192,1
1204194,1
1204209,1
1204211,1
1204229,1
1204246,1
1204249,1
1204252,1
1204267,1
1204270,2
1204286,1
1204305,1
1204321,1
1204325,1
1204327,1
1204335,1
1204346,2
1204358,1
1204362,1
1204364,1
1204379,1
1204383,1
1204399,1
1204427,1
1204442,1
1204464,1
1204474,1
1204476,1
1204480,1
1204492,1
1204495,1
1204497,1
1204499,1
1204514,1
1204535,1
1204549,1
1204553,1
1204571,1
1204573,1
1204590,1
1204592,1
1204594,1
1204606,1
1204612,1
1204624,1
1204638,1
1204646,1
1204650,1
1204664,1
1204666,1
1204668,1
1204670,1
1204682,1
1204688,1
1204700,1
1204704,1
1204706,1
1204722,1
1204724,1
1204733,1
1204742,1
1204744,1
1204747,1
1204749,1
1204756,1
1204766,2
1204768,1
1204781,1
1204796,1
1204799,1
1204811,1
1204821,1
1204832,1
1204837,1
1204839,1
1204854,1
1204874,1
1204877,1
1204892,1
1204894,1
1204912,1
1204914,1
1204926,1
1204928,1
1204930,1
1204934,1
1204937,1
1204942,1
1204952,1
1204954,1
1204965,1
1204972,1
1204975,1
1204987,1
1204990,1
1205001,1
1205006,1
1205011,1
1205013,1
1205028,1
1205042,1
1205044,1
1205051,1
1205063,1
1205066,1
1205068,1
1205080,1
1205088,1
1205091,1
1205102,1
1205104,1
1205115,1
1205120,1
1205123,1
1205128,1
1205142,1
1205158,1
1205161,1
1205164,1
1205183,1
1205198,1
1205202,1
1205216,1
1205220,1
1205234,1
1205237,1
1205241,1
1205254,1
1205256,1
1205269,1
1205272,1
1205275,1
1205277,1
1205287,1
1205294,1
1205296,1
1205310,1
1205323,1
1205344,1
1205347,1
1205354,1
1205363,1
1205371,2
1205373,1
1205386,1
1205388,1
1205391,1
1205405,1
1205407,1
1205414,1
1205422,1
1205424,1
1205427,1
1205440,1
1205460,1
1205462,1
1205466,1
1205469,1
1205479,1
1205482,1
1205494,1
1205500,1
1205506,1
1205518,1
1205522,1
1205524,1
1205539,1
1205542,1
1205545,1
1205574,1
1205595,1
1205600,1
1205606,1
1205620,1
1205631,1
1205637,2
1205653,1
1205657,1
1205666,1
1205672,1
1205674,1
1205676,1
1205678,1
1205689,1
1205693,1
1205707,1
1205714,2
1205716,1
1205729,1
1205733,1
1205749,1
1205764,1
1205768,1
1205770,1
1205782,1
1205791,1
1205806,1
1205820,1
1205825,1
1205828,1
1205831,1
1205837,1
1205846,1
1205848,1
1205861,1
1205864,1
1205866,1
1205868,1
1205877,1
1205881,1
1205885,1
1205897,1
1205923,1
1205938,1
1205940,1
1205942,1
1205952,1
1205958,1
1205961,1
1205963,1
1205977,1
1205988,1
1205995,1
1205998,1
1206011,1
1206015,1
1206018,1
1206033,1
1206036,1
1206053,1
1206071,1
1206073,1
1206075,1
1206090,1
1206093,1
1206104,1
1206106,1
1206109,1
1206111,1
1206113,1
1206117,1
1206124,1
1206130,1
1206132,1
1206147,1
1206161,1
1206165,1
1206168,1
1206170,1
1206184,1
1206187,1
1206189,1
1206198,1
1206203,1
1206207,1
1206210,1
1206224,1
1206226,1
1206240,1
1206243,1
1206247,1
1206262,1
1206279,1
1206285,1
1206297,1
1206302,1
1206317,1
1206336,1
1206338,1
1206340,1
1206342,1
1206351,1
1206357,1
1206360,1
1206373,1
1206382,1
1206389,1
1206395,1
1206398,1
1206401,1
1206426,1
1206430,1
1206432,1
1206439,1
1206450,1
1206453,1
1206455,1
1206468,1
1206472,1
1206476,1
1206485,1
1206488,1
1206491,1
1206501,1
1206508,1
1206510,1
1206512,1
1206514,1
1206528,1
1206530,1
1206533,2
1206542,1
1206546,1
1206550,1
1206564,1
1206566,1
1206569,1
1206578,1
1206583,1
1206585,1
1206598,1
1206602,1
1206605,1
1206627,1
1206653,1
1206672,1
1206677,1
1206680,1
1206698,1
1206714,1
1206717,1
1206721,1
1206723,1
1206738,1
1206741,1
1206753,1
1206756,1
1206772,1
1206786,1
1206791,1
1206795,1
1206798,1
1206817,1
1206834,2
1206837,1
1206843,1
1206846,1
1206854,1
1206858,1
1206860,1
1206871,1
1206885,1
1206909,1
1206930,1
1206946,1
1206963,1
1206965,1
1206980,1
1206987,1
1207000,1
1207007,1
1207014,1
1207023,1
1207025,1
1207027,1
1207042,1
1207059,1
1207095,1
1207100,1
1207102,1
1207117,1
1207119,1
1207133,1
1207153,1
1207155,1
1207159,1
1207167,1
1207174,1
1207176,1
1207189,1
1207193,1
1207211,1
1207215,1
1207227,1
1207230,1
1207233,1
1207237,1
1207249,1
1207280,1
1207288,1
1207304,1
1207308,1
1207311,1
1207320,1
1207326,1
1207329,1
1207339,1
1207343,1
1207357,1
1207365,1
1207376,1
1207381,1
1207387,1
1207392,1
1207398,1
1207403,1
1207411,1
1207415,1
1207433,1
1207439,1
1207443,1
1207457,1
1207474,1
1207480,1
1207484,1
1207496,1
1207520,1
1207535,1
1207538,1
1207568,1
1207572,1
1207587,1
1207589,1
1207596,1
1207598,1
1207606,1
1207611,1
1207627,1
1207634,1
1207648,1
1207650,1
1207669,1
1207679,1
1207686,1
1207690,1
1207699,1
1207704,1
1207707,1
1207709,1
1207711,1
1207740,1
1207744,1
1207800,1
1207804,1
1207821,1
1207839,1
1207857,1
1207860,1
1207875,1
1207894,1
1207898,1
1207900,1
1207915,1
1207918,1
1207932,1
1207934,1
1207948,1
1207950,1
1207957,1
1207970,1
1207973,1
1207976,1
1207990,1
1207993,1
1208009,1
1208014,1
1208024,1
1208030,1
1208034,1
1208048,1
1208056,1
1208078,1
1208082,1
1208088,2
1208091,1
1208107,1
1208118,1
1208122,1
1208124,1
1208127,2
1208138,1
1208146,1
1208158,1
1208166,1
1208181,1
1208199,1
1208216,1
1208218,1
1208223,1
1208231,1
1208239,1
1208256,1
1208271,1
1208280,1
1208293,1
1208295,1
1208299,1
1208310,1
1208313,1
1208326,1
1208330,1
1208332,1
1208334,1
1208337,1
1208345,1
1208370,1
1208388,1
1208393,1
1208408,1
1208410,1
1208432,1
1208443,1
1208447,1
1208466,1
1208470,1
1208482,1
1208485,1
1208487,1
1208501,1
1208517,1
1208541,1
1208560,1
1208565,1
1208584,1
1208595,1
1208597,1
1208602,2
1208615,1
1208620,1
1208647,1
1208652,1
1208659,1
1208663,1
1208672,1
1208683,1
1208695,2
1208697,1
1208699,1
1208711,1
1208717,1
1208731,1
1208742,1
1208746,1
1208748,1
1208752,1
1208756,1
1208804,1
1208806,1
1208811,1
1208825,1
1208828,1
1208845,1
1208850,1
1208861,1
1208867,1
1208869,1
1208883,1
1208885,1
1208900,1
1208902,1
1208923,1
1208925,1
1208935,1
1208938,1
1208941,1
1208943,1
1208945,1
1208948,1
1208959,1
1208961,1
1208974,1
1208981,1
1208990,1
1208997,1
1208999,1
1209001,1
1209003,1
1209013,1
1209016,1
1209019,1
1209028,1
1209034,1
1209038,1
1209041,1
1209051,1
1209056,1
1209059,1
1209065,1
1209077,1
1209080,1
1209090,1
1209099,1
1209107,1
1209111,1
1209113,1
1209119,1
1209127,1
1209132,1
1209151,1
1209169,1
1209184,1
1209187,1
1209189,1
1209192,1
1209206,1
1209209,1
1209217,1
1209223,1
1209239,1
1209244,1
1209280,1
1209282,1
1209301,1
1209304,1
1209321,1
1209324,1
1209338,1
1209342,1
1209348,1
1209356,1
1209359,1
1209361,1
1209363,1
1209376,1
1209379,1
1209393,1
1209412,1
1209419,1
1209432,1
1209435,1
1209438,1
1209447,1
1209455,1
1209460,1
1209473,1
1209477,1
1209489,1
1209524,1
1209534,1
1209546,1
1209549,1
1209551,1
1209553,1
1209567,1
1209569,1
1209573,1
1209594,1
1209603,1
1209628,1
1209630,1
1209639,1
1209649,1
1209675,1
1209681,1
1209683,1
1209686,1
1209699,1
1209701,1
1209730,1
1209737,1
1209741,1
1209743,1
1209759,1
1209776,1
1209793,1
1209797,1
1209799,1
1209814,1
1209817,1
1209832,1
1209835,1
1209839,1
1209845,1
1209849,1
1209853,1
1209857,1
1209866,1
1209869,1
1209888,1
1209893,1
1209895,1
1209902,1
1209905,1
1209926,1
1209928,1
1209930,1
1209940,1
1209958,1
1209965,1
1209967,1
1209969,1
1209972,2
1209979,1
1209985,1
1209988,1
1210001,1
1210005,1
1210020,1
1210025,1
1210028,1
1210043,1
1210045,1
1210058,1
1210060,1
1210079,1
1210081,1
1210083,1
1210086,1
1210094,1
1210097,1
1210099,1
1210103,1
1210105,1
1210130,1
1210142,1
1210154,1
1210158,1
1210160,1
1210162,1
1210175,1
1210184,1
1210208,1
1210217,1
1210226,1
1210228,1
1210232,1
1210234,1
1210246,1
1210251,1
1210253,1
1210255,1
1210266,1
1210269,1
1210281,1
1210290,1
1210304,1
1210309,1
1210312,1
1210322,1
1210343,1
1210360,1
1210362,1
1210367,1
1210383,1
1210396,1
1210402,1
1210404,1
1210407,1
1210410,1
1210418,1
1210420,1
1210424,1
1210427,2
1210429,1
1210431,1
1210441,1
1210452,1
1210460,1
1210462,1
1210477,1
1210483,1
1210496,1
1210498,1
1210516,1
1210520,1
1210535,1
1210554,1
1210557,2
1210561,1
1210578,1
1210581,1
1210589,1
1210595,1
1210598,1
1210610,1
1210614,1
1210632,1
1210635,1
1210646,1
1210652,1
1210686,1
1210690,1
1210704,1
1210708,1
1210713,1
1210716,1
1210733,1
1210746,1
1210762,1
1210770,1
1210800,1
1210803,1
1210820,1
1210822,1
1210826,1
1210829,1
1210835,1
1210840,1
1210842,1
1210846,1
1210860,1
1210876,1
1210893,1
1210895,1
1210902,1
1210905,1
1210916,1
1210918,1
1210935,1
1210939,1
1210950,1
1210953,1
1210959,1
1210962,1
1210971,1
1210976,2
1210990,1
1210992,1
1211010,1
1211012,1
1211015,1
1211027,1
1211048,1
1211050,1
1211064,1
1211067,1
1211073,1
1211075,1
1211085,1
1211092,1
1211106,1
1211108,1
1211124,1
1211131,1
1211144,1
1211147,1
1211164,1
1211171,1
1211181,1
1211184,1
1211189,1
1211195,1
1211200,1
1211203,1
1211205,1
1211215,1
1211219,1
1211222,1
1211224,1
1211238,1
1211240,1
1211244,1
1211255,1
1211261,1
1211263,1
1211265,1
1211279,1
1211291,1
1211303,1
1211312,1
1211320,1
1211329,1
1211335,1
1211337,1
1211340,1
1211348,1
1211351,1
1211359,1
1211361,1
1211367,1
1211373,1
1211375,1
1211377,1
1211386,1
1211391,1
1211395,1
1211405,1
1211414,1
1211437,1
1211448,1
1211451,1
1211466,1
1211470,1
1211484,1
1211486,1
1211512,1
1211521,1
1211523,1
1211527,1
1211536,1
1211541,1
1211544,1
1211546,1
1211548,1
1211557,1
1211560,1
1211564,1
1211573,1
1211579,1
1211589,1
1211600,1
1211603,1
1211617,1
1211619,1
1211622,1
1211632,1
1211638,1
1211642,1
1211653,1
1211660,1
1211670,1
1211675,1
1211682,1
1211693,1
1211696,1
1211717,1
1211730,1
1211734,1
1211750,1
1211767,1
1211773,1
1211778,1
1211786,1
1211788,1
1211796,1
1211801,1
1211808,1
1211811,1
1211827,1
1211838,1
1211846,1
1211855,1
1211864,1
1211867,1
1211885,1
1211895,1
1211900,1
1211919,1
1211922,1
1211928,1
1211936,1
1211944,1
1211964,1
1211982,1
1211984,1
1212000,1
1212015,1
1212018,1
1212020,1
1212030,1
1212036,1
1212040,1
1212043,1
1212051,1
1212054,1
1212088,1
1212095,1
1212112,1
1212126,1
1212129,1
1212135,1
1212145,1
1212153,1
1212190,1
1212206,1
1212208,1
1212211,1
1212225,1
1212244,1
1212246,1
1212261,1
1212263,1
1212275,1
1212280,1
1212287,1
1212303,1
1212305,1
1212324,1
1212327,1
1212331,1
1212340,1
1212343,1
1212346,1
1212356,1
1212358,1
1212362,2
1212364,1
1212368,1
1212379,1
1212392,1
1212396,1
1212414,1
1212418,1
1212421,1
1212434,1
1212437,1
1212440,1
1212454,1
1212456,1
1212469,1
1212480,1
1212494,1
1212512,1
1212530,1
1212532,1
1212534,1
1212556,1
1212567,1
1212571,1
1212574,1
1212591,1
1212606,1
1212609,1
1212621,1
1212628,1
1212640,1
1212644,1
1212647,1
1212653,1
1212664,1
1212674,1
1212680,1
1212687,1
1212689,1
1212691,1
1212707,1
1212718,1
1212722,1
1212727,1
1212731,1
1212738,1
1212740,1
1212742,1
1212748,1
1212752,1
1212759,1
1212775,1
1212778,1
1212792,1
1212800,1
1212816,1
1212838,1
1212843,1
1212852,1
1212893,1
1212913,1
1212927,1
1212946,1
1212952,1
1212968,1
1212971,1
1212983,1
1212986,1
1212989,1
1212991,1
1213004,1
1213009,1
1213020,1
1213024,1
1213026,1
1213037,1
1213044,1
1213046,1
1213061,1
1213064,1
1213075,1
1213096,1
1213098,1
1213100,1
1213103,1
1213116,1
1213123,1
1213134,1
1213136,1
1213141,1
1213147,1
1213160,1
1213163,1
1213176,1
1213178,1
1213193,1
1213218,1
1213228,1
1213231,1
1213235,1
1213237,1
1213242,1
1213249,1
1213253,1
1213255,1
1213258,1
1213261,1
1213268,1
1213271,1
1213275,2
1213280,1
1213291,1
1213293,1
1213323,1
1213326,1
1213329,1
1213342,1
1213349,1
1213351,1
1213366,1
1213376,1
1213385,1
1213390,1
1213400,1
1213402,1
1213407,1
1213414,1
1213424,1
1213440,1
1213442,1
1213460,1
1213464,1
1213473,1
1213477,1
1213486,1
1213503,1
1213505,1
1213534,1
1213540,1
1213558,1
1213560,1
1213575,1
1213591,1
1213595,2
1213598,2
1213611,1
1213613,1
1213619,1
1213633,1
1213650,1
1213665,1
1213668,1
1213680,1
1213686,1
1213691,1
1213695,1
1213710,2
1213728,2
1213730,1
1213734,1
1213746,1
1213749,1
1213756,1
1213779,1
1213783,1
1213785,1
1213796,1
1213806,1
1213809,2
1213811,1
1213823,1
1213827,1
1213830,1
1213841,1
1213858,1
1213860,1
1213862,1
1213876,1
1213880,1
1213885,1
1213895,1
1213899,1
1213901,1
1213903,1
1213916,1
1213920,1
1213931,1
1213934,1
1213953,1
1213956,1
1213979,1
1213981,1
1213990,1
1213996,1
1213998,1
1214011,1
1214020,1
1214031,1
1214080,1
1214088,1
1214093,1
1214095,1
1214109,1
1214123,1
1214129,1
1214140,1
1214162,1
1214164,1
1214181,1
1214196,1
1214200,1
1214204,1
1214206,1
1214227,1
1214243,1
1214274,1
1214278,1
1214297,1
1214300,1
1214317,1
1214319,1
1214334,1
1214336,1
1214350,1
1214352,1
1214354,1
1214356,1
1214369,1
1214371,1
1214373,1
1214376,1
1214380,1
1214391,1
1214395,1
1214398,1
1214407,1
1214412,1
1214415,1
1214426,1
1214429,1
1214438,1
1214443,1
1214461,1
1214469,1
1214487,1
1214489,1
1214494,1
1214501,1
1214505,1
1214513,1
1214523,1
1214525,1
1214528,1
1214531,1
1214542,2
1214547,1
1214556,1
1214583,1
1214599,1
1214601,1
1214637,1
1214642,2
1214657,1
1214665,1
1214673,1
1214677,1
1214680,1
1214690,1
1214693,1
1214699,1
1214719,1
1214736,1
1214740,1
1214750,1
1214771,1
1214773,1
1214787,1
1214791,1
1214794,1
1214805,1
1214809,1
1214812,1
1214815,1
1214825,1
1214831,1
1214862,1
1214869,1
1214873,1
1214877,1
1214888,1
1214907,1
1214920,1
1214925,1
1214943,1
1214958,1
1214966,1
1214977,1
1214987,2
1214998,1
1215000,1
1215003,1
1215007,1
1215016,1
1215021,1
1215024,1
1215026,1
1215037,1
1215052,1
1215060,1
1215077,1
1215080,1
1215090,1
1215095,1
1215097,1
1215100,1
1215129,1
1215140,1
1215143,1
1215154,1
1215159,1
1215171,1
1215173,1
1215185,1
1215188,1
1215191,1
1215202,1
1215207,1
1215234,1
1215244,1
1215248,1
1215250,1
1215255,1
1215260,1
1215265,1
1215269,1
1215281,1
1215285,1
1215297,1
1215303,1
1215306,1
1215323,1
1215326,1
1215351,1
1215357,1
1215365,1
1215368,1
1215370,1
1215380,1
1215384,1
1215386,1
1215397,1
1215400,1
1215402,1
1215418,1
1215421,1
1215439,1
1215472,1
1215474,1
1215476,1
1215479,1
1215484,1
1215487,1
1215495,1
1215498,1
1215507,1
1215511,1
1215532,1
1215539,1
1215553,1
1215558,1
1215571,1
1215587,1
1215608,1
1215619,2
1215621,1
1215624,1
1215627,1
1215629,1
1215633,1
1215636,1
1215646,1
1215649,1
1215662,1
1215664,1
1215666,1
1215670,1
1215685,1
1215688,1
1215700,1
1215702,1
1215705,1
1215721,1
1215725,1
1215741,1
1215760,1
1215763,1
1215765,1
1215775,1
1215779,1
1215782,1
1215797,1
1215813,1
1215855,1
1215893,1
1215908,1
1215912,1
1215914,1
1215916,1
1215921,1
1215944,1
1215949,1
1215952,1
1215965,1
1215968,1
1215971,2
1215983,1
1215986,1
1215990,1
1215992,1
1215999,1
1216007,1
1216022,1
1216025,1
1216038,1
1216041,1
1216043,1
1216051,1
1216053,1
1216082,1
1216097,1
1216102,1
1216105,1
1216124,1
1216134,1
1216138,1
1216142,1
1216162,1
1216171,1
1216186,1
1216198,1
1216230,1
1216240,1
1216242,1
1216252,1
1216255,1
1216268,1
1216271,1
1216277,1
1216279,1
1216289,1
1216307,1
1216311,1
1216314,1
1216327,1
1216345,1
1216347,1
1216351,1
1216366,1
1216368,1
1216378,1
1216405,1
1216407,1
1216415,1
1216436,1
1216441,1
1216444,1
1216449,1
1216459,1
1216461,1
1216464,1
1216467,1
1216480,1
1216483,1
1216486,1
1216490,1
1216494,1
1216499,1
1216504,1
1216506,1
1216518,1
1216531,1
1216534,1
1216539,1
1216558,1
1216577,1
1216585,1
1216595,1
1216597,1
1216608,1
1216615,1
1216631,1
1216648,1
1216654,1
1216660,1
1216679,1
1216688,1
1216696,1
1216707,1
1216711,1
1216718,1
1216729,1
1216733,1
1216744,1
1216757,1
1216764,1
1216767,1
1216769,1
1216784,1
1216799,1
1216823,1
1216838,1
1216840,1
1216843,1
1216857,1
1216860,1
1216863,1
1216873,1
1216878,1
1216881,1
1216887,1
1216894,1
1216898,1
1216908,1
1216919,1
1216938,2
1216941,1
1216952,1
1216956,1
1216959,1
1216990,1
1216993,1
1216996,1
1216998,1
1217012,1
1217014,1
1217030,1
1217033,1
1217052,1
1217069,1
1217106,1
1217108,1
1217110,1
1217126,1
1217142,1
1217146,1
1217149,1
1217151,1
1217166,1
1217173,1
1217183,1
1217185,1
1217204,1
1217208,1
1217210,1
1217220,1
1217225,1
1217227,1
1217242,2
1217260,1
1217262,1
1217266,1
1217280,1
1217292,1
1217299,1
1217302,1
1217321,1
1217337,1
1217352,1
1217355,1
1217371,1
1217375,1
1217377,1
1217410,1
1217432,1
1217434,1
1217452,1
1217465,1
1217482,1
1217487,1
1217490,1
1217494,1
1217506,1
1217509,1
1217511,1
1217526,1
1217538,1
1217551,1
1217562,1
1217564,1
1217567,1
1217571,1
1217573,1
1217585,1
1217590,1
1217606,1
1217614,1
1217619,1
1217621,1
1217624,1
1217633,1
1217649,1
1217658,1
1217661,1
1217663,1
1217678,1
1217696,1
1217711,1
1217717,1
1217733,1
1217735,1
1217756,1
1217760,1
1217774,1
1217792,2
1217811,1
1217833,1
1217846,1
1217850,1
1217867,1
1217872,1
1217874,1
1217880,1
1217885,1
1217890,1
1217906,1
1217917,1
1217925,1
1217931,1
1217960,1
1217964,1
1217968,1
1217984,1
1217987,1
1217989,1
1218002,1
1218009,1
1218035,1
1218039,1
1218055,1
1218072,1
1218075,1
1218084,1
1218087,1
1218100,1
1218107,1
1218116,1
1218128,1
1218132,1
1218135,1
1218164,1
1218170,1
1218191,1
1218196,1
1218202,1
1218212,1
1218228,1
1218232,1
1218238,1
1218243,1
1218245,1
1218252,2
1218254,1
1218256,1
1218267,1
1218270,1
1218285,1
1218300,1
1218302,1
1218306,1
1218310,1
1218325,1
1218337,1
1218346,1
1218351,1
1218397,1
1218415,1
1218419,1
1218423,1
1218439,1
1218473,1
1218479,1
1218495,1
1218498,1
1218502,1
1218505,1
1218524,1
1218533,1
1218537,1
1218546,1
1218550,1
1218552,1
1218555,1
1218560,1
1218575,1
1218587,1
1218591,1
1218608,1
1218613,1
1218628,1
1218635,1
1218648,2
1218657,1
1218660,1
1218668,1
1218680,1
1218684,1
1218686,1
1218690,1
1218700,1
1218705,1
1218708,1
1218722,1
1218724,1
1218735,1
1218739,1
1218743,1
1218759,1
1218761,1
1218765,1
1218777,1
1218781,1
1218785,1
1218798,1
1218800,1
1218814,1
1218818,1
1218843,1
1218853,1
1218857,1
1218862,1
1218873,1
1218877,2
1218894,1
1218911,1
1218913,1
1218930,1
1218948,1
1218969,1
1218972,2
1218996,1
1219008,1
1219024,1
1219028,1
1219032,1
1219037,1
1219047,1
1219066,1
1219084,1
1219108,1
1219118,1
1219131,1
1219140,1
1219152,1
1219159,1
1219161,1
1219163,1
1219178,1
1219180,1
1219184,1
1219191,1
1219199,1
1219201,1
1219204,1
1219219,1
1219236,1
1219254,1
1219259,1
1219261,1
1219273,1
1219291,1
1219294,2
1219298,1
1219306,1
1219310,1
1219316,2
1219331,1
1219343,1
1219350,1
1219362,1
1219381,1
1219388,1
1219390,1
1219400,1
1219408,1
1219413,1
1219417,1
1219429,2
1219433,1
1219444,1
1219452,1
1219455,1
1219466,1
1219479,1
1219481,1
1219484,1
1219486,1
1219491,1
1219493,1
1219505,1
1219520,1
1219523,2
1219528,1
1219539,1
1219541,1
1219544,1
1219559,1
1219568,1
1219575,1
1219579,1
1219603,1
1219614,1
1219621,1
1219623,1
1219627,1
1219637,1
1219642,1
1219655,1
1219672,1
1219681,1
1219710,1
1219713,1
1219717,1
1219721,1
1219732,1
1219735,1
1219749,1
1219786,1
1219797,1
1219801,1
1219807,1
1219823,1
1219826,1
1219836,1
1219845,2
1219850,1
1219861,1
1219865,1
1219869,1
1219882,1
1219886,1
1219888,1
1219919,1
1219924,1
1219932,1
1219942,1
1219950,1
1219957,1
1219960,2
1219965,1
1219968,1
1219979,1
1219990,1
1219997,2
1220015,1
1220024,1
1220038,1
1220053,1
1220059,1
1220079,1
1220097,1
1220110,1
1220117,1
1220119,1
1220173,1
1220186,1
1220189,1
1220191,1
1220200,1
1220207,1
1220223,1
1220236,1
1220244,1
1220261,1
1220263,1
1220281,1
1220318,1
1220350,1
1220357,1
1220363,1
1220376,1
1220395,1
1220397,1
1220403,1
1220415,1
1220417,1
1220420,1
1220434,1
1220444,1
1220451,1
1220454,2
1220462,2
1220472,1
1220475,2
1220479,1
1220493,2
1220508,1
1220511,2
1220527,1
1220544,1
1220551,1
1220554,1
1220585,1
1220593,1
1220598,1
1220602,1
1220605,1
1220607,1
1220609,1
1220620,1
1220624,1
1220633,1
1220635,1
1220643,1
1220655,1
1220661,1
1220678,1
1220698,1
1220703,1
1220714,1
1220719,1
1220728,1
1220734,1
1220737,1
1220739,1
1220744,1
1220749,1
1220756,1
1220758,1
1220765,1
1220769,1
1220784,1
1220793,1
1220796,2
1220812,1
1220814,1
1220831,1
1220851,1
1220869,1
1220873,1
1220879,1
1220881,1
1220883,1
1220890,1
1220893,1
1220900,1
1220934,1
1220946,1
1220950,1
1220957,1
1220967,1
1220984,1
1220990,1
1220993,1
1221003,1
1221005,1
1221007,1
1221010,1
1221015,1
1221038,1
1221040,1
1221042,1
1221051,1
1221060,1
1221066,1
1221077,1
1221080,1
1221086,1
1221097,1
1221099,1
1221109,1
1221125,1
1221135,1
1221137,1
1221153,1
1221155,1
1221173,1
1221176,1
1221191,1
1221200,1
1221211,1
1221213,1
1221231,1
1221234,1
1221240,1
1221250,1
1221252,1
1221264,1
1221269,1
1221281,1
1221288,1
1221296,1
1221302,1
1221308,1
1221313,1
1221317,1
1221327,1
1221338,1
1221345,1
1221363,1
1221372,1
1221384,1
1221401,1
1221420,1
1221429,1
1221439,1
1221441,1
1221467,1
1221476,1
1221479,1
1221485,1
1221495,1
1221498,1
1221504,1
1221516,1
1221519,1
1221536,1
1221543,1
1221554,1
1221563,1
1221565,1
1221574,1
1221583,1
1221594,2
1221600,1
1221610,1
1221613,1
1221630,1
1221649,1
1221657,1
1221668,1
1221687,2
1221706,1
1221724,1
1221731,1
1221733,1
1221741,1
1221760,1
1221777,1
1221784,1
1221790,1
1221794,1
1221799,1
1221802,1
1221805,1
1221816,1
1221829,1
1221839,1
1221842,2
1221844,1
1221847,1
1221851,1
1221863,1
1221873,1
1221881,1
1221897,1
1221906,1
1221915,1
1221917,1
1221930,1
1221935,1
1221937,1
1221942,1
1221971,1
1221977,1
1221991,1
1222005,1
1222007,1
1222011,1
1222034,1
1222048,1
1222055,1
1222072,1
1222078,1
1222084,1
1222087,1
1222089,1
1222105,1
1222113,1
1222124,1
1222149,2
1222152,1
1222154,1
1222157,1
1222165,1
1222188,1
1222196,1
1222202,1
1222207,1
1222218,1
1222230,1
1222238,1
1222242,1
1222276,2
1222296,1
1222303,1
1222315,1
1222323,1
1222360,1
1222363,1
1222372,1
1222408,1
1222427,1
1222429,1
1222442,1
1222448,1
1222462,1
1222466,1
1222473,1
1222482,1
1222486,1
1222501,1
1222503,1
1222505,1
1222523,1
1222541,1
1222546,1
1222562,2
1222566,1
1222578,1
1222581,1
1222583,1
1222591,1
1222598,1
1222600,1
1222606,1
1222610,1
1222614,1
1222620,1
1222636,1
1222655,1
1222675,2
1222683,1
1222687,1
1222693,1
1222695,1
1222698,1
1222706,1
1222712,1
1222714,1
1222725,1
1222732,1
1222740,1
1222758,1
1222767,1
1222786,1
1222789,1
1222805,1
1222809,2
1222822,1
1222838,1
1222845,1
1222848,2
1222854,1
1222857,1
1222867,1
1222876,1
1222885,2
1222898,1
1222902,1
1222907,2
1222923,1
1222929,1
1222941,1
1222956,1
1222961,1
1222979,2
1222998,1
1223006,1
1223014,1
1223018,1
1223035,1
1223042,1
1223046,1
1223052,1
1223057,1
1223072,1
1223103,1
1223105,1
1223109,1
1223111,1
1223122,1
1223136,1
1223177,1
1223206,1
1223220,1
1223224,1
1223227,1
1223239,1
1223244,1
1223247,1
1223260,1
1223281,1
1223283,1
1223298,1
1223303,1
1223320,1
1223328,1
1223338,1
1223340,1
1223342,1
1223354,1
1223356,1
1223360,1
1223367,1
1223393,1
1223397,1
1223414,1
1223416,1
1223434,1
1223442,1
1223453,1
1223455,1
1223472,1
1223474,1
1223530,1
1223548,1
1223558,1
1223566,1
1223569,1
1223584,1
1223587,1
1223591,1
1223606,1
1223618,1
1223623,1
1223626,1
1223629,1
1223636,1
1223648,2
1223658,1
1223661,1
1223666,1
1223678,1
1223682,1
1223684,1
1223695,1
1223697,1
1223703,1
1223709,1
1223712,1
1223716,1
1223720,1
1223724,2
1223730,1
1223737,1
1223740,1
1223742,1
1223752,1
1223755,1
1223759,1
1223762,1
1223769,1
1223776,1
1223783,1
1223794,1
1223798,1
1223805,1
1223807,1
1223815,1
1223817,1
1223851,1
1223854,1
1223868,1
1223873,1
1223883,1
1223889,1
1223892,1
1223919,1
1223927,1
1223930,1
1223948,1
1223957,1
1223970,1
1223981,1
1223985,1
1223987,1
1223993,1
1224003,1
1224006,1
1224013,1
1224020,1
1224025,1
1224033,1
1224042,1
1224045,2
1224048,1
1224058,1
1224061,1
1224065,1
1224081,2
1224084,1
1224095,1
1224102,1
1224108,1
1224116,1
1224118,1
1224121,1
1224131,1
1224134,1
1224137,1
1224147,1
1224151,1
1224176,1
1224183,1
1224191,1
1224202,1
1224211,1
1224220,1
1224228,1
1224230,1
1224235,1
1224245,1
1224251,1
1224253,1
1224260,1
1224266,1
1224270,1
1224273,1
1224285,1
1224291,1
1224310,1
1224317,1
1224321,1
1224329,1
1224347,1
1224363,1
1224374,1
1224386,1
1224402,1
1224405,2
1224440,1
1224443,1
1224458,1
1224462,1
1224478,1
1224481,1
1224494,1
1224498,1
1224500,1
1224514,1
1224517,1
1224519,1
1224532,1
1224535,1
1224539,1
1224549,1
1224552,1
1224554,1
1224558,1
1224569,1
1224571,1
1224592,1
1224608,1
1224612,1
1224615,1
1224619,1
1224630,1
1224632,1
1224634,1
1224646,1
1224648,1
1224650,1
1224652,1
1224654,1
1224666,1
1224672,1
1224675,1
1224687,1
1224689,1
1224691,1
1224704,1
1224709,1
1224712,1
1224719,1
1224727,1
1224731,1
1224741,1
1224746,1
1224763,1
1224783,1
1224791,1
1224802,1
1224804,1
1224811,1
1224835,1
1224853,1
1224860,1
1224874,1
1224879,1
1224898,1
1224913,1
1224915,1
1224919,1
1224932,1
1224938,1
1224945,1
1224950,1
1224956,1
1224971,1
1225003,1
1225013,2
1225031,1
1225059,1
1225066,1
1225070,1
1225081,1
1225084,1
1225089,1
1225100,1
1225115,1
1225120,1
1225123,1
1225128,1
1225145,2
1225164,1
1225184,1
1225195,1
1225204,1
1225219,1
1225231,1
1225234,1
1225241,1
1225264,1
1225275,1
1225279,1
1225286,1
1225294,1
1225297,1
1225299,1
1225312,1
1225314,1
1225320,1
1225331,1
1225333,1
1225348,1
1225350,1
1225356,1
1225365,1
1225368,1
1225375,1
1225392,1
1225400,1
1225405,1
1225409,1
1225442,1
1225449,1
1225467,1
1225484,1
1225488,1
1225501,1
1225503,1
1225524,1
1225536,1
1225540,1
1225544,1
1225547,1
1225556,1
1225558,1
1225566,1
1225592,1
1225605,1
1225613,1
1225617,1
1225622,1
1225626,1
1225634,1
1225651,1
1225653,1
1225655,1
1225660,1
1225668,1
1225688,1
1225694,1
1225696,1
1225698,1
1225710,1
1225726,1
1225731,1
1225736,1
1225748,1
1225750,1
1225754,1
1225766,1
1225772,1
1225787,1
1225791,1
1225796,1
1225802,1
1225808,1
1225823,1
1225825,1
1225830,1
1225839,1
1225844,1
1225848,1
1225866,1
1225874,1
1225881,1
1225898,1
1225905,1
1225916,1
1225921,1
1225926,2
1225939,1
1225944,1
1225954,1
1225963,1
1225972,1
1225991,1
1225995,1
1225997,1
1226000,1
1226006,1
1226019,1
1226023,1
1226031,1
1226036,1
1226040,1
1226057,1
1226067,1
1226073,1
1226077,1
1226089,1
1226092,1
1226096,1
1226102,1
1226108,1
1226117,1
1226137,1
1226166,1
1226179,1
1226199,1
1226208,1
1226226,1
1226229,1
1226240,1
1226245,1
1226248,1
1226260,1
1226266,1
1226272,1
1226274,1
1226279,1
1226283,1
1226285,1
1226289,1
1226300,1
1226306,1
1226317,1
1226321,1
1226324,1
1226339,1
1226342,1
1226357,1
1226365,1
1226373,1
1226376,1
1226395,1
1226400,1
1226404,1
1226414,1
1226416,1
1226419,1
1226421,1
1226433,1
1226445,1
1226448,1
1226451,1
1226460,1
1226466,1
1226471,1
1226473,1
1226477,1
1226506,1
1226522,1
1226544,1
1226547,1
1226561,1
1226566,1
1226571,1
1226575,1
1226583,1
1226585,1
1226589,1
1226600,1
1226603,1
1226621,1
1226624,1
1226641,1
1226664,1
1226666,1
1226671,1
1226685,1
1226688,1
1226699,1
1226701,1
1226716,1
1226732,1
1226736,1
1226742,1
1226751,1
1226758,1
1226760,1
1226763,1
1226768,1
1226776,1
1226779,1
1226792,1
1226804,1
1226813,1
1226818,1
1226827,1
1226833,1
1226837,1
1226851,1
1226871,1
1226876,1
1226888,1
1226901,1
1226907,1
1226910,1
1226914,1
1226924,1
1226928,1
1226939,1
1226943,1
1226946,1
1226964,1
1226969,1
1226980,1
1226984,1
1226994,1
1227003,1
1227008,1
1227010,1
1227020,1
1227024,1
1227027,1
1227029,1
1227042,1
1227044,1
1227049,2
1227059,1
1227062,1
1227064,1
1227066,1
1227077,1
1227081,1
1227083,1
1227095,1
1227097,1
1227099,1
1227108,1
1227115,1
1227117,1
1227127,1
1227133,1
1227135,1
1227138,1
1227143,1
1227150,1
1227168,1
1227172,1
1227176,1
1227181,1
1227185,1
1227190,1
1227194,1
1227197,1
1227206,1
1227210,1
1227212,1
1227215,1
1227232,1
1227246,1
1227250,1
1227255,1
1227268,1
1227270,1
1227287,1
1227299,1
1227306,1
1227308,1
1227313,1
1227343,1
1227346,1
1227351,1
1227361,1
1227363,1
1227366,1
1227395,1
1227402,1
1227407,1
1227421,1
1227423,1
1227439,1
1227442,1
1227444,1
1227457,1
1227464,1
1227473,1
1227478,1
1227480,1
1227483,1
1227490,1
1227497,1
1227513,1
1227521,1
1227530,1
1227535,1
1227537,1
1227559,1
1227566,1
1227592,1
1227595,1
1227597,1
1227599,1
1227612,1
1227615,1
1227625,1
1227630,1
1227632,1
1227643,1
1227646,1
1227649,1
1227656,1
1227663,1
1227666,1
1227670,1
1227675,1
1227681,1
1227684,1
1227688,1
1227690,1
1227696,1
1227707,1
1227711,1
1227737,1
1227743,1
1227762,1
1227765,1
1227782,1
1227799,1
1227802,2
1227819,1
1227833,1
1227837,1
1227841,2
1227855,1
1227858,1
1227862,1
1227871,1
1227873,1
1227877,1
1227879,1
1227893,1
1227896,1
1227901,1
1227908,1
1227917,1
1227934,1
1227936,1
1227949,1
1227953,1
1227970,1
1227990,1
1227996,1
1228001,1
1228040,1
1228042,1
1228048,1
1228050,1
1228054,1
1228056,1
1228069,1
1228078,1
1228084,1
1228086,1
1228088,1
1228103,1
1228105,1
1228110,1
1228121,1
1228123,1
1228127,1
1228129,1
1228137,1
1228141,1
1228145,1
1228156,1
1228160,1
1228163,1
1228174,1
1228177,1
1228182,1
1228187,1
1228192,1
1228211,1
1228216,1
1228220,1
1228224,1
1228232,1
1228239,1
1228244,1
1228258,1
1228260,1
1228273,1
1228278,1
1228295,1
1228307,1
1228314,1
1228316,1
1228318,1
1228332,1
1228334,1
1228337,1
1228344,1
1228369,1
1228371,1
1228376,1
1228391,1
1228396,1
1228407,1
1228409,1
1228411,1
1228425,1
1228428,1
1228430,1
1228442,1
1228447,1
1228463,1
1228465,1
1228467,1
1228481,1
1228483,1
1228486,1
1228491,1
1228501,1
1228504,1
1228506,1
1228514,1
1228518,1
1228524,1
1228527,1
1228540,1
1228543,1
1228548,1
1228558,2
1228563,1
1228577,1
1228581,1
1228583,1
1228598,1
1228612,1
1228615,1
1228618,1
1228620,1
1228622,1
1228627,1
1228639,2
1228642,1
1228649,1
1228660,1
1228663,1
1228666,1
1228676,1
1228687,1
1228689,1
1228693,1
1228695,1
1228697,1
1228703,1
1228709,1
1228713,1
1228715,1
1228725,1
1228751,1
1228756,1
1228769,1
1228771,1
1228787,1
1228789,1
1228798,1
1228804,1
1228808,1
1228810,1
1228819,1
1228825,1
1228827,1
1228831,1
1228846,1
1228848,1
1228860,1
1228865,1
1228871,1
1228881,1
1228884,1
1228886,1
1228895,1
1228903,1
1228905,1
1228911,1
1228917,1
1228920,1
1228924,1
1228936,1
1228942,1
1228944,1
1228950,1
1228958,1
1228960,1
1228997,1
1229014,1
1229024,1
1229036,1
1229040,1
1229055,1
1229063,1
1229074,1
1229090,1
1229093,1
1229098,1
1229116,1
1229128,1
1229149,1
1229155,1
1229162,1
1229166,1
1229185,1
1229188,1
1229206,1
1229219,1
1229232,1
1229243,1
1229250,1
1229253,1
1229262,1
1229264,1
1229266,1
1229268,1
1229282,1
1229298,1
1229301,1
1229303,1
1229313,1
1229318,1
1229320,1
1229323,1
1229327,1
1229336,1
1229339,1
1229342,2
1229347,1
1229364,1
1229377,1
1229392,1
1229394,1
1229398,1
1229415,1
1229420,1
1229460,1
1229470,1
1229474,1
1229490,1
1229493,1
1229506,1
1229517,1
1229521,1
1229527,1
1229533,2
1229536,1
1229549,1
1229551,1
1229566,1
1229568,1
1229576,1
1229585,1
1229602,1
1229605,1
1229608,1
1229611,1
1229615,1
1229622,1
1229641,1
1229643,1
1229646,1
1229660,1
1229663,1
1229671,1
1229681,1
1229683,1
1229689,1
1229706,1
1229735,2
1229740,1
1229746,1
1229753,1
1229759,1
1229761,1
1229780,1
1229784,1
1229793,1
1229796,1
1229799,1
1229802,1
1229815,1
1229829,1
1229832,1
1229835,1
1229838,1
1229850,1
1229853,1
1229855,1
1229861,1
1229867,1
1229872,1
1229881,1
1229903,1
1229909,1
1229911,1
1229919,1
1229922,1
1229946,1
1229960,1
1229968,1
1229980,1
1229986,1
1230002,1
1230022,1
1230024,1
1230040,1
1230043,1
1230047,1
1230059,1
1230070,1
1230077,1
1230082,1
1230098,1
1230101,2
1230106,1
1230119,1
1230129,1
1230137,1
1230139,1
1230152,1
1230154,1
1230158,1
1230174,1
1230208,1
1230213,1
1230221,1
1230234,1
1230248,1
1230250,1
1230252,1
1230254,1
1230266,1
1230269,1
1230273,2
1230281,1
1230288,1
1230291,1
1230293,1
1230307,1
1230309,1
1230316,1
1230325,1
1230328,1
1230330,1
1230335,1
1230347,1
1230349,1
1230363,1
1230365,1
1230383,1
1230385,1
1230401,1
1230403,1
1230408,1
1230422,1
1230424,1
1230439,1
1230442,1
1230458,1
1230465,1
1230477,1
1230480,1
1230482,1
1230496,1
1230499,1
1230503,1
1230512,1
1230518,1
1230520,1
1230522,1
1230534,1
1230536,1
1230538,1
1230553,1
1230555,1
1230557,1
1230572,1
1230575,1
1230584,1
1230591,1
1230594,1
1230596,1
1230606,1
1230612,1
1230615,1
1230627,1
1230632,1
1230634,1
1230645,1
1230650,1
1230667,1
1230669,1
1230671,1
1230684,1
1230689,1
1230691,1
1230706,1
1230719,1
1230725,1
1230728,1
1230746,1
1230761,1
1230782,1
1230784,1
1230790,1
1230818,1
1230821,1
1230823,1
1230841,1
1230848,1
1230850,1
1230859,1
1230863,1
1230878,1
1230913,1
1230921,1
1230936,1
1230938,1
1230953,1
1230955,1
1230957,1
1230972,1
1230980,1
1230987,1
1230999,1
1231007,1
1231012,1
1231014,1
1231020,1
1231030,1
1231045,1
1231062,1
1231067,1
1231070,1
1231072,1
1231086,1
1231088,1
1231101,1
1231105,1
1231107,1
1231110,1
1231128,1
1231151,1
1231161,1
1231163,1
1231166,1
1231169,1
1231181,1
1231183,1
1231185,1
1231200,1
1231211,1
1231215,1
1231218,1
1231221,1
1231228,1
1231240,1
1231254,1
1231256,1
1231285,1
1231296,1
1231298,1
1231311,1
1231323,1
1231327,1
1231334,1
1231336,1
1231338,1
1231341,1
1231353,1
1231368,1
1231375,1
1231377,1
1231391,1
1231394,1
1231403,1
1231410,1
1231413,1
1231423,1
1231428,1
1231438,1
1231446,1
1231448,1
1231451,1
1231464,1
1231468,1
1231483,1
1231488,1
1231506,1
1231511,1
1231520,1
1231526,2
1231542,1
1231546,1
1231558,1
1231562,1
1231572,1
1231578,1
1231581,1
1231583,1
1231590,1
1231595,1
1231600,1
1231602,1
1231613,1
1231620,1
1231657,1
1231675,1
1231677,1
1231679,1
1231683,1
1231712,1
1231718,1
1231731,1
1231733,1
1231735,1
1231738,2
1231753,1
1231762,1
1231770,1
1231790,1
1231806,1
1231808,1
1231825,1
1231847,1
1231849,1
1231867,1
1231869,1
1231884,1
1231901,1
1231907,1
1231921,1
1231923,1
1231925,1
1231936,1
1231939,1
1231942,1
1231944,1
1231955,1
1231957,1
1231961,1
1231971,1
1231980,1
1231982,1
1231994,1
1231998,1
1232001,1
1232011,1
1232017,1
1232019,1
1232033,1
1232043,1
1232047,1
1232055,1
1232057,1
1232090,1
1232092,1
1232128,1
1232131,1
1232134,1
1232150,1
1232152,1
1232160,1
1232170,1
1232185,1
1232189,2
1232192,2
1232194,1
1232208,1
1232211,1
1232215,2
1232224,1
1232228,1
1232231,1
1232242,1
1232244,1
1232248,1
1232262,1
1232265,1
1232276,1
1232278,1
1232284,1
1232287,1
1232301,1
1232303,1
1232316,1
1232320,1
1232322,1
1232326,1
1232338,1
1232340,1
1232343,1
1232358,1
1232361,2
1232375,1
1232378,1
1232380,1
1232398,2
1232411,1
1232416,1
1232421,1
1232433,1
1232465,1
1232474,1
1232477,1
1232493,1
1232496,1
1232507,1
1232512,1
1232514,1
1232516,1
1232530,1
1232546,1
1232549,1
1232551,1
1232565,1
1232568,1
1232586,1
1232590,2
1232605,1
1232607,1
1232610,1
1232643,1
1232647,1
1232681,1
1232683,1
1232695,1
1232700,1
1232706,1
1232717,1
1232722,1
1232739,1
1232742,1
1232761,1
1232770,1
1232777,1
1232782,1
1232815,1
1232835,1
1232856,1
1232870,1
1232873,1
1232891,1
1232906,1
1232914,1
1232919,1
1232929,1
1232941,1
1232950,1
1232981,1
1232984,1
1232986,1
1232988,1
1232990,1
1232997,1
1233019,1
1233022,1
1233024,1
1233029,1
1233038,1
1233043,1
1233045,1
1233047,1
1233053,1
1233061,1
1233064,1
1233080,1
1233084,1
1233087,1
1233098,1
1233100,1
1233102,1
1233104,1
1233118,1
1233120,1
1233135,1
1233138,1
1233142,1
1233151,1
1233157,1
1233168,1
1233176,1
1233195,1
1233208,1
1233215,2
1233220,1
1233237,1
1233241,1
1233252,1
1233254,1
1233256,1
1233268,1
1233273,1
1233276,1
1233279,2
1233283,1
1233288,1
1233293,1
1233298,1
1233304,1
1233306,1
1233311,1
1233313,1
1233316,1
1233324,1
1233326,1
1233335,1
1233346,1
1233348,1
1233366,1
1233372,1
1233377,1
1233384,1
1233386,1
1233396,1
1233410,1
1233413,1
1233419,1
1233424,1
1233429,1
1233441,1
1233445,2
1233479,1
1233490,1
1233499,1
1233502,1
1233519,1
1233539,1
1233553,1
1233555,1
1233567,1
1233578,1
1233593,1
1233595,1
1233608,1
1233612,1
1233614,1
1233629,1
1233631,1
1233652,1
1233664,1
1233675,1
1233679,1
1233688,1
1233692,1
1233696,1
1233702,1
1233708,1
1233710,1
1233723,1
1233729,1
1233738,1
1233741,1
1233746,1
1233748,1
1233750,1
1233753,1
1233763,1
1233767,1
1233769,1
1233779,1
1233786,1
1233799,1
1233803,1
1233815,1
1233821,1
1233823,1
1233827,1
1233830,1
1233841,1
1233843,1
1233855,1
1233860,1
1233876,1
1233884,1
1233892,1
1233898,1
1233900,1
1233911,1
1233923,1
1233937,1
1233943,1
1233950,1
1233956,1
1233967,1
1233974,1
1233978,1
1233995,1
1234005,1
1234017,1
1234044,1
1234047,1
1234052,1
1234058,1
1234069,1
1234072,1
1234088,1
1234090,1
1234092,1
1234094,1
1234102,1
1234108,1
1234129,1
1234148,1
1234158,1
1234171,1
1234178,1
1234183,1
1234185,1
1234188,1
1234217,1
1234220,1
1234234,1
1234239,1
1234254,1
1234256,1
1234260,1
1234263,1
1234275,1
1234278,1
1234280,1
1234296,1
1234310,1
1234317,1
1234319,1
1234334,1
1234336,1
1234347,1
1234351,1
1234357,1
1234362,1
1234369,1
1234373,1
1234375,1
1234378,1
1234385,1
1234392,1
1234397,1
1234407,1
1234410,1
1234425,1
1234431,2
1234433,1
1234443,1
1234460,1
1234464,1
1234467,1
1234474,1
1234480,1
1234487,1
1234500,1
1234505,1
1234507,1
1234510,1
1234524,1
1234530,1
1234534,1
1234543,1
1234557,1
1234563,1
1234577,1
1234581,1
1234592,1
1234599,1
1234601,1
1234614,1
1234620,1
1234625,1
1234638,1
1234643,1
1234657,1
1234659,1
1234672,1
1234676,1
1234680,1
1234696,2
1234713,1
1234720,1
1234732,1
1234734,1
1234737,1
1234741,1
1234755,1
1234768,1
1234785,1
1234789,1
1234792,1
1234800,1
1234810,1
1234815,1
1234822,1
1234824,1
1234830,1
1234836,1
1234844,1
1234848,1
1234852,1
1234868,1
1234883,1
1234885,1
1234888,1
1234925,1
1234934,1
1234936,1
1234942,1
1234944,1
1234960,1
1234979,1
1234983,2
1234994,1
1234998,1
1235010,1
1235016,1
1235019,1
1235021,1
1235024,1
1235038,1
1235052,1
1235055,1
1235057,1
1235073,1
1235075,1
1235078,1
1235092,1
1235096,1
1235100,1
1235110,1
1235113,1
1235124,1
1235129,1
1235132,1
1235134,1
1235136,1
1235140,2
1235145,1
1235154,1
1235156,1
1235163,1
1235171,1
1235183,1
1235192,1
1235207,1
1235212,1
1235219,1
1235245,1
1235248,1
1235255,1
1235272,1
1235278,1
1235284,1
1235287,1
1235298,1
1235319,1
1235335,1
1235341,1
1235346,1
1235351,1
1235358,1
1235361,1
1235364,1
1235367,1
1235375,1
1235384,1
1235392,1
1235398,1
1235405,1
1235412,1
1235417,2
1235419,1
1235421,1
1235424,1
1235426,1
1235432,1
1235434,1
1235440,1
1235448,1
1235450,1
1235454,1
1235458,1
1235463,1
1235467,1
1235469,1
1235471,1
1235477,1
1235479,1
1235495,1
1235511,1
1235527,1
1235530,1
1235532,1
1235536,1
1235548,1
1235551,1
1235553,1
1235567,1
1235570,1
1235572,1
1235582,1
1235587,1
1235589,1
1235593,1
1235603,1
1235605,1
1235608,1
1235610,1
1235612,1
1235614,1
1235616,1
1235623,1
1235629,1
1235641,1
1235647,1
1235659,1
1235665,1
1235682,1
1235684,1
1235691,1
1235714,1
1235717,1
1235723,1
1235725,1
1235740,1
1235743,1
1235747,1
1235759,1
1235761,1
1235775,1
1235778,1
1235782,1
1235785,1
1235793,1
1235798,1
1235800,1
1235813,1
1235821,1
1235834,1
1235851,1
1235854,1
1235858,1
1235868,1
1235872,1
1235874,1
1235878,1
1235880,1
1235885,1
1235894,1
1235903,1
1235910,1
1235926,1
1235934,1
1235947,1
1235963,1
1235969,1
1235971,1
1235984,1
1235989,2
1236001,1
1236009,1
1236015,1
1236025,1
1236027,1
1236029,1
1236042,1
1236044,1
1236060,1
1236064,1
1236081,1
1236083,1
1236086,1
1236098,1
1236102,1
1236105,1
1236115,1
1236121,1
1236129,1
1236141,1
1236145,2
1236148,1
1236155,1
1236161,1
1236164,1
1236166,1
1236177,1
1236179,1
1236196,1
1236210,1
1236216,1
1236229,1
1236233,1
1236238,1
1236250,1
1236252,1
1236267,1
1236272,1
1236274,1
1236291,1
1236294,1
1236309,1
1236316,1
1236322,1
1236329,1
1236331,1
1236333,1
1236336,1
1236349,1
1236351,1
1236367,1
1236371,1
1236383,1
1236394,1
1236405,1
1236408,1
1236410,1
1236420,1
1236422,1
1236429,1
1236431,1
1236442,1
1236445,1
1236456,1
1236461,1
1236471,1
1236479,1
1236483,1
1236495,1
1236502,1
1236505,1
1236512,1
1236523,1
1236526,1
1236538,1
1236553,1
1236556,1
1236560,1
1236575,1
1236578,1
1236587,1
1236595,1
1236601,1
1236611,1
1236614,1
1236617,1
1236619,1
1236633,1
1236639,1
1236651,1
1236665,1
1236670,1
1236672,1
1236674,1
1236676,1
1236678,1
1236692,1
1236706,1
1236709,1
1236725,1
1236763,1
1236769,1
1236782,1
1236785,1
1236787,1
1236800,1
1236804,1
1236808,1
1236822,1
1236825,2
1236827,1
1236839,1
1236843,1
1236847,1
1236855,1
1236869,1
1236877,1
1236880,1
1236897,1
1236902,1
1236913,1
1236916,1
1236931,1
1236936,1
1236941,1
1236953,1
1236955,1
1236958,1
1236962,1
1236973,1
1236976,2
1236981,1
1236998,1
1237012,1
1237026,1
1237028,1
1237036,1
1237050,1
1237065,1
1237080,1
1237087,1
1237093,1
1237095,1
1237103,1
1237106,1
1237110,1
1237113,1
1237124,1
1237127,1
1237141,1
1237143,1
1237145,1
1237148,1
1237155,1
1237169,1
1237178,1
1237180,1
1237184,1
1237199,1
1237206,1
1237238,1
1237240,1
1237243,1
1237256,1
1237259,1
1237263,1
1237282,1
1237293,1
1237298,1
1237315,1
1237320,1
1237333,1
1237335,1
1237348,1
1237354,1
1237359,1
1237370,1
1237372,1
1237374,1
1237376,1
1237379,1
1237388,1
1237394,1
1237398,1
1237410,1
1237414,1
1237416,1
1237429,1
1237432,1
1237435,1
1237437,1
1237449,1
1237472,1
1237486,1
1237490,1
1237502,1
1237509,1
1237513,1
1237522,1
1237526,1
1237529,1
1237532,1
1237543,1
1237545,1
1237548,1
1237556,1
1237562,1
1237566,1
1237568,1
1237573,1
1237583,1
1237587,1
1237600,1
1237609,1
1237617,1
1237639,1
1237644,1
1237653,1
1237658,1
1237664,1
1237675,1
1237678,1
1237680,1
1237688,1
1237692,1
1237696,1
1237698,1
1237702,1
1237716,1
1237719,1
1237732,1
1237734,1
1237736,1
1237750,1
1237753,1
1237770,1
1237775,1
1237795,1
1237807,1
1237810,1
1237814,1
1237827,1
1237831,1
1237833,1
1237841,1
1237852,1
1237855,1
1237864,1
1237867,1
1237884,1
1237898,1
1237923,1
1237935,1
1237941,1
1237944,2
1237950,1
1237961,1
1237978,1
1237980,1
1237982,1
1237984,1
1238014,1
1238023,1
1238032,1
1238035,1
1238039,1
1238041,1
1238054,1
1238057,1
1238065,1
1238068,1
1238077,1
1238082,1
1238084,1
1238092,1
1238094,1
1238097,1
1238099,1
1238102,1
1238113,1
1238116,1
1238119,1
1238132,1
1238135,1
1238137,1
1238139,1
1238151,1
1238158,1
1238170,1
1238188,1
1238194,1
1238212,2
1238228,1
1238235,1
1238248,1
1238263,1
1238265,1
1238278,1
1238282,1
1238299,1
1238303,1
1238305,1
1238309,1
1238326,1
1238330,1
1238339,1
1238343,1
1238348,1
1238358,1
1238361,1
1238380,1
1238382,1
1238384,1
1238398,1
1238403,1
1238413,1
1238419,1
1238421,1
1238437,1
1238445,1
1238457,1
1238471,1
1238475,1
1238481,1
1238488,1
1238495,1
1238497,1
1238500,1
1238502,1
1238510,1
1238513,1
1238515,1
1238521,1
1238528,1
1238533,1
1238548,1
1238550,1
1238559,1
1238568,1
1238586,1
1238602,1
1238608,1
1238626,1
1238628,1
1238633,1
1238644,1
1238663,1
1238682,1
1238688,1
1238698,1
1238703,1
1238706,1
1238709,1
1238723,1
1238738,1
1238741,1
1238744,1
1238764,1
1238772,1
1238791,1
1238796,1
1238798,1
1238814,1
1238816,1
1238819,1
1238834,1
1238838,1
1238849,1
1238854,1
1238867,1
1238873,1
1238879,1
1238892,1
1238909,1
1238916,1
1238929,1
1238943,1
1238947,1
1238951,1
1238959,1
1238967,1
1238970,1
1238982,1
1238986,1
1238991,1
1238993,1
1239004,1
1239008,1
1239013,1
1239016,1
1239023,1
1239042,1
1239047,1
1239050,1
1239061,1
1239065,1
1239073,1
1239078,1
1239083,1
1239104,1
1239119,1
1239132,1
1239139,1
1239150,1
1239157,1
1239160,1
1239170,1
1239182,1
1239193,1
1239201,1
1239216,2
1239219,1
1239225,1
1239235,1
1239238,1
1239245,1
1239270,1
1239273,1
1239289,1
1239293,1
1239295,1
1239308,1
1239310,1
1239313,1
1239330,1
1239336,1
1239349,1
1239354,1
1239365,1
1239369,1
1239372,1
1239385,1
1239388,1
1239392,1
1239405,1
1239409,1
1239411,1
1239417,2
1239424,1
1239426,1
1239432,1
1239435,1
1239444,1
1239447,1
1239456,1
1239462,1
1239464,1
1239496,1
1239518,1
1239530,1
1239538,1
1239540,1
1239543,1
1239546,1
1239559,1
1239566,1
1239575,1
1239577,1
1239580,1
1239585,1
1239597,1
1239600,1
1239613,1
1239630,1
1239633,1
1239650,1
1239658,1
1239670,1
1239677,1
1239692,2
1239716,1
1239719,1
1239745,1
1239752,1
1239759,1
1239766,1
1239773,1
1239776,1
1239787,1
1239802,1
1239804,1
1239807,1
1239822,1
1239824,1
1239827,1
1239829,1
1239840,1
1239845,1
1239848,1
1239860,1
1239862,1
1239864,1
1239877,1
1239882,2
1239899,1
1239904,1
1239906,1
1239918,1
1239920,1
1239925,1
1239934,1
1239938,1
1239941,1
1239947,1
1239951,1
1239967,1
1239975,1
1239979,1
1239993,1
1239995,1
1240012,1
1240030,1
1240032,1
1240035,1
1240038,1
1240066,1
1240070,1
1240079,1
1240094,1
1240104,1
1240108,1
1240121,1
1240126,1
1240128,1
1240135,1
1240149,1
1240155,1
1240162,1
1240167,1
1240185,1
1240191,1
1240202,1
1240205,1
1240222,1
1240228,1
1240241,1
1240246,1
1240277,1
1240295,1
1240298,1
1240315,1
1240324,1
1240336,1
1240355,1
1240357,1
1240371,1
1240375,1
1240379,1
1240392,1
1240397,1
1240411,1
1240414,2
1240427,1
1240429,1
1240433,1
1240448,1
1240453,1
1240468,1
1240470,1
1240472,1
1240480,1
1240505,1
1240524,1
1240526,1
1240529,1
1240536,1
1240546,1
1240549,1
1240551,1
1240562,1
1240565,1
1240568,2
1240582,1
1240601,1
1240604,1
1240620,1
1240622,1
1240638,1
1240644,1
1240659,1
1240675,1
1240677,1
1240684,1
1240714,1
1240721,1
1240735,1
1240739,1
1240753,1
1240756,1
1240772,1
1240775,2
1240780,1
1240792,1
1240823,1
1240825,1
1240829,1
1240838,1
1240850,2
1240865,1
1240867,1
1240869,1
1240873,1
1240891,1
1240893,1
1240904,1
1240908,1
1240920,1
1240923,1
1240926,1
1240939,1
1240943,1
1240945,1
1240950,1
1240962,1
1240966,1
1240969,1
1240972,1
1240982,1
1240984,1
1240987,1
1241000,1
1241019,1
1241021,1
1241038,1
1241056,1
1241058,1
1241064,1
1241076,1
1241093,1
1241095,1
1241097,1
1241100,1
1241113,1
1241120,1
1241122,1
1241134,1
1241136,1
1241153,1
1241157,1
1241166,1
1241172,1
1241174,1
1241186,1
1241189,1
1241196,1
1241200,1
1241204,1
1241212,1
1241215,1
1241218,1
1241227,1
1241230,1
1241232,1
1241236,1
1241238,1
1241248,1
1241257,1
1241260,1
1241269,1
1241272,1
1241303,1
1241324,1
1241327,1
1241330,1
1241343,1
1241345,1
1241347,1
1241360,1
1241362,1
1241364,1
1241378,1
1241380,1
1241383,1
1241386,1
1241399,1
1241401,1
1241416,1
1241418,1
1241436,1
1241446,1
1241456,1
1241460,1
1241476,1
1241478,1
1241486,1
1241494,1
1241497,1
1241513,1
1241533,1
1241535,1
1241555,1
1241557,1
1241569,1
1241571,1
1241574,1
1241589,1
1241610,1
1241614,1
1241627,1
1241629,1
1241633,1
1241645,1
1241647,1
1241651,1
1241658,1
1241660,1
1241666,1
1241668,1
1241670,1
1241672,1
1241702,1
1241704,1
1241706,1
1241711,1
1241723,1
1241726,1
1241729,1
1241739,1
1241741,1
1241743,1
1241745,1
1241749,1
1241760,1
1241771,1
1241779,1
1241784,1
1241797,1
1241801,1
1241808,1
1241814,1
1241819,1
1241823,1
1241839,1
1241841,1
1241857,1
1241872,1
1241875,1
1241877,1
1241890,1
1241911,1
1241931,1
1241949,1
1241987,1
1242007,1
1242012,1
1242021,1
1242026,1
1242045,1
1242065,1
1242101,1
1242103,1
1242120,1
1242124,1
1242140,1
1242142,1
1242156,1
1242160,1
1242176,1
1242196,1
1242198,1
1242220,1
1242235,1
1242245,1
1242250,1
1242256,1
1242259,1
1242267,1
1242274,1
1242277,1
1242280,1
1242284,1
1242288,1
1242294,1
1242296,1
1242313,1
1242317,1
1242330,1
1242332,1
1242347,1
1242351,1
1242355,1
1242358,1
1242369,1
1242372,1
1242406,1
1242409,1
1242424,1
1242426,1
1242443,1
1242452,1
1242461,1
1242482,1
1242484,1
1242487,1
1242509,1
1242520,1
1242527,1
1242539,1
1242541,1
1242557,1
1242561,1
1242565,1
1242573,1
1242578,1
1242581,1
1242595,1
1242598,1
1242633,1
1242637,1
1242677,1
1242690,1
1242699,1
1242709,1
1242711,1
1242713,1
1242716,1
1242728,1
1242734,1
1242737,1
1242745,1
1242750,1
1242752,1
1242764,1
1242778,1
1242785,1
1242790,1
1242805,1
1242809,1
1242813,1
1242822,1
1242825,1
1242827,1
1242829,1
1242831,1
1242842,1
1242845,1
1242858,1
1242863,1
1242898,1
1242901,1
1242905,1
1242919,1
1242923,2
1242926,1
1242937,1
1242940,1
1242942,1
1242950,1
1242970,1
1242972,1
1242978,1
1242980,1
1242984,1
1242988,1
1242990,1
1243001,1
1243007,1
1243019,1
1243029,1
1243035,1
1243039,1
1243041,1
1243052,1
1243054,1
1243057,1
1243071,1
1243095,1
1243106,1
1243112,2
1243114,1
1243122,1
1243131,1
1243134,1
1243166,1
1243168,1
1243178,1
1243199,1
1243205,1
1243226,1
1243234,1
1243244,1
1243247,1
1243267,1
1243281,1
1243285,1
1243287,1
1243290,1
1243302,1
1243336,1
1243338,1
1243342,1
1243355,1
1243358,1
1243361,1
1243371,1
1243378,1
1243382,1
1243384,1
1243395,1
1243436,1
1243449,1
1243453,1
1243456,1
1243462,1
1243471,1
1243474,1
1243488,1
1243490,1
1243498,1
1243503,1
1243526,1
1243528,1
1243531,1
1243542,1
1243548,2
1243551,1
1243567,1
1243580,1
1243584,1
1243586,1
1243589,1
1243597,1
1243604,1
1243606,1
1243621,1
1243624,1
1243638,1
1243642,1
1243659,1
1243663,1
1243680,1
1243697,1
1243699,1
1243712,1
1243715,1
1243717,1
1243734,1
1243736,1
1243740,1
1243760,1
1243771,1
1243776,1
1243799,1
1243814,1
1243849,1
1243854,1
1243868,1
1243871,1
1243874,1
1243887,1
1243889,1
1243892,2
1243905,1
1243908,1
1243910,1
1243925,1
1243927,1
1243944,1
1243965,1
1243981,1
1244001,1
1244003,1
1244007,1
1244022,1
1244039,1
1244058,1
1244063,1
1244078,1
1244087,1
1244097,1
1244099,1
1244110,1
1244116,1
1244132,1
1244139,1
1244141,1
1244151,1
1244156,1
1244173,1
1244186,1
1244192,1
1244194,1
1244198,1
1244202,1
1244210,1
1244213,1
1244217,1
1244231,1
1244244,1
1244249,1
1244251,1
1244255,1
1244268,1
1244270,1
1244275,1
1244286,1
1244292,1
1244301,1
1244308,1
1244319,1
1244326,1
1244331,1
1244335,1
1244347,1
1244361,1
1244369,1
1244374,1
1244383,1
1244385,1
1244401,1
1244407,1
1244418,1
1244424,1
1244428,1
1244436,1
1244451,1
1244463,1
1244478,1
1244480,1
1244496,1
1244498,1
1244514,1
1244535,1
1244539,1
1244544,1
1244554,1
1244557,1
1244559,1
1244572,1
1244594,1
1244609,1
1244619,1
1244629,1
1244631,1
1244635,1
1244648,1
1244653,1
1244661,1
1244668,1
1244692,1
1244707,1
1244723,1
1244725,1
1244739,1
1244744,1
1244749,1
1244762,1
1244775,1
1244781,1
1244783,1
1244815,1
1244820,1
1244825,1
1244828,1
1244837,1
1244851,1
1244856,1
1244859,1
1244862,1
1244877,1
1244888,1
1244894,1
1244897,1
1244902,1
1244910,1
1244916,1
1244931,1
1244933,1
1244937,1
1244950,1
1244954,1
1244957,1
1244971,1
1244991,1
1245008,1
1245010,1
1245025,1
1245027,1
1245030,2
1245032,1
1245039,1
1245048,1
1245050,1
1245055,1
1245067,1
1245070,1
1245081,1
1245085,1
1245087,1
1245090,1
1245105,1
1245107,1
1245123,1
1245125,1
1245129,1
1245141,1
1245143,1
1245145,1
1245149,1
1245161,1
1245180,1
1245182,1
1245195,1
1245211,1
1245237,1
1245253,1
1245257,1
1245270,1
1245275,1
1245277,1
1245291,1
1245297,1
1245304,1
1245309,1
1245311,1
1245329,1
1245338,1
1245344,1
1245365,1
1245371,1
1245382,1
1245385,1
1245391,1
1245407,1
1245409,1
1245426,1
1245433,1
1245447,1
1245449,1
1245453,1
1245464,1
1245467,1
1245478,1
1245483,1
1245490,1
1245504,1
1245522,1
1245527,1
1245541,1
1245545,1
1245562,1
1245574,1
1245584,1
1245595,1
1245600,1
1245617,1
1245634,1
1245637,1
1245640,1
1245646,1
1245656,1
1245658,1
1245660,1
1245662,1
1245669,1
1245675,1
1245677,1
1245687,1
1245698,1
1245713,1
1245735,1
1245739,1
1245752,1
1245768,1
1245770,1
1245787,1
1245790,1
1245795,1
1245803,1
1245807,1
1245813,1
1245824,1
1245827,1
1245830,1
1245842,1
1245847,1
1245861,1
1245875,1
1245884,1
1245888,1
1245928,1
1245954,1
1245959,1
1245978,1
1245996,1
1245999,1
1246001,1
1246016,1
1246018,1
1246028,1
1246036,1
1246039,1
1246050,1
1246055,1
1246072,1
1246075,1
1246077,1
1246090,1
1246094,1
1246099,1
1246108,1
1246112,1
1246116,1
1246127,1
1246132,2
1246139,1
1246148,1
1246155,1
1246168,1
1246170,1
1246172,1
1246175,1
1246185,1
1246190,1
1246205,1
1246209,1
1246222,1
1246226,1
1246242,1
1246244,1
1246263,1
1246267,1
1246282,1
1246297,1
1246301,1
1246308,1
1246323,1
1246340,1
1246358,1
1246362,1
1246376,1
1246379,1
1246396,1
1246398,1
1246404,1
1246430,1
1246433,1
1246436,1
1246440,1
1246457,1
1246472,1
1246490,1
1246492,1
1246496,1
1246503,1
1246526,1
1246528,1
1246530,1
1246536,1
1246549,1
1246551,1
1246563,1
1246574,1
1246583,1
1246588,1
1246605,1
1246612,1
1246624,1
1246639,1
1246644,1
1246663,2
1246678,1
1246684,2
1246688,1
1246690,1
1246702,1
1246715,1
1246725,1
1246735,1
1246754,1
1246759,1
1246775,1
1246793,1
1246796,1
1246809,1
1246818,1
1246834,1
1246851,1
1246856,1
1246872,1
1246895,1
1246909,1
1246911,1
1246927,1
1246929,1
1246933,1
1246945,1
1246966,1
1246971,1
1246985,1
1246987,1
1246989,1
1247004,1
1247021,1
1247024,1
1247047,1
1247067,1
1247082,1
1247101,1
1247119,1
1247136,1
1247159,1
1247193,1
1247196,1
1247210,1
1247219,1
1247232,1
1247235,2
1247257,1
1247268,1
1247271,1
1247273,1
1247289,1
1247307,1
1247327,1
1247333,1
1247343,1
1247345,1
1247349,1
1247353,1
1247365,1
1247368,1
1247380,1
1247385,1
1247390,1
1247403,1
1247406,1
1247419,1
1247423,1
1247427,1
1247445,1
1247457,1
1247467,1
1247480,1
1247494,1
1247499,1
1247518,1
1247535,1
1247552,1
1247555,1
1247575,2
1247579,1
1247589,1
1247595,1
1247597,1
1247616,1
1247628,1
1247634,1
1247668,1
1247684,1
1247699,1
1247726,1
1247730,1
1247744,1
1247746,1
1247749,1
1247789,1
1247804,1
1247820,1
1247824,1
1247827,1
1247839,1
1247842,1
1247844,1
1247856,1
1247859,1
1247861,1
1247863,1
1247873,1
1247879,1
1247883,1
1247885,1
1247897,1
1247901,2
1247916,1
1247918,1
1247920,1
1247936,1
1247943,1
1247947,1
1247950,1
1247954,1
1247957,1
1247970,1
1247992,1
1247996,1
1248011,1
1248014,1
1248029,1
1248031,1
1248035,1
1248049,1
1248066,1
1248085,1
1248105,1
1248107,1
1248109,1
1248125,1
1248128,1
1248133,1
1248144,1
1248146,1
1248162,1
1248182,1
1248185,1
1248189,1
1248197,1
1248204,1
1248218,1
1248220,1
1248235,1
1248240,1
1248243,1
1248254,1
1248256,1
1248260,1
1248263,1
1248266,1
1248271,1
1248280,1
1248288,1
1248315,1
1248318,1
1248331,1
1248334,1
1248338,1
1248357,1
1248372,1
1248389,1
1248397,1
1248400,1
1248409,1
1248413,1
1248419,1
1248422,1
1248430,1
1248447,1
1248467,1
1248469,1
1248486,1
1248505,1
1248540,1
1248544,1
1248548,1
1248551,1
1248566,1
1248570,1
1248583,1
1248586,1
1248601,1
1248609,1
1248620,1
1248623,1
1248638,1
1248640,1
1248650,1
1248656,1
1248659,1
1248663,1
1248667,1
1248676,1
1248678,1
1248691,1
1248697,1
1248701,1
1248714,1
1248716,1
1248719,1
1248727,1
1248734,1
1248752,1
1248755,1
1248771,1
1248782,1
1248790,1
1248793,1
1248795,1
1248810,1
1248812,1
1248826,1
1248829,1
1248842,1
1248847,1
1248852,1
1248861,1
1248865,1
1248872,1
1248875,1
1248886,1
1248890,1
1248894,1
1248904,1
1248911,1
1248918,1
1248924,1
1248944,1
1248948,1
1248960,1
1248963,1
1248966,1
1248976,1
1248981,1
1248994,1
1248999,1
1249001,1
1249006,1
1249012,1
1249019,1
1249022,1
1249028,1
1249051,1
1249056,1
1249063,1
1249078,1
1249083,1
1249113,1
1249150,1
1249166,1
1249171,1
1249188,1
1249192,1
1249209,1
1249222,1
1249226,1
1249228,1
1249269,1
1249271,1
1249283,1
1249285,1
1249287,1
1249289,1
1249291,1
1249299,1
1249301,1
1249306,1
1249311,1
1249313,1
1249319,1
1249321,1
1249325,1
1249333,1
1249341,1
1249343,1
1249346,1
1249366,1
1249376,1
1249393,1
1249399,1
1249410,1
1249416,1
1249418,1
1249421,1
1249426,1
1249438,1
1249441,1
1249456,1
1249470,1
1249479,1
1249487,1
1249494,1
1249507,1
1249514,1
1249516,1
1249532,1
1249535,1
1249538,1
1249546,1
1249553,2
1249561,1
1249569,1
1249573,2
1249576,1
1249591,1
1249603,1
1249628,1
1249641,1
1249647,1
1249660,1
1249664,1
1249668,1
1249679,1
1249681,1
1249684,1
1249688,2
1249702,1
1249720,1
1249726,1
1249743,1
1249759,1
1249762,1
1249778,1
1249792,1
1249798,1
1249804,1
1249817,1
1249824,1
1249832,1
1249836,1
1249847,1
1249854,1
1249857,1
1249866,1
1249872,1
1249875,1
1249887,1
1249898,1
1249909,1
1249929,1
1249944,1
1249949,1
1249952,1
1249968,1
1249975,1
1250005,1
1250025,2
1250028,1
1250045,1
1250048,1
1250055,1
1250063,1
1250066,1
1250069,1
1250081,1
1250083,1
1250092,1
1250101,1
1250116,1
1250136,1
1250140,1
1250143,1
1250156,1
1250159,1
1250164,1
1250170,1
1250175,1
1250179,1
1250181,1
1250183,1
1250194,1
1250198,1
1250211,1
1250224,1
1250227,1
1250235,1
1250237,1
1250239,1
1250245,1
1250251,1
1250255,1
1250269,1
1250274,1
1250289,1
1250293,1
1250295,1
1250311,1
1250316,1
1250329,1
1250335,1
1250347,1
1250350,1
1250385,1
1250404,1
1250407,1
1250413,1
1250426,1
1250429,1
1250443,1
1250459,1
1250462,1
1250465,1
1250468,1
1250482,1
1250496,1
1250500,1
1250536,1
1250538,1
1250543,1
1250554,1
1250564,1
1250574,1
1250577,1
1250579,1
1250595,1
1250600,1
1250604,1
1250614,1
1250617,2
1250633,1
1250636,1
1250652,1
1250669,1
1250671,1
1250689,1
1250707,1
1250710,1
1250721,1
1250724,1
1250729,1
1250746,1
1250748,1
1250765,1
1250767,1
1250788,2
1250818,1
1250824,2
1250841,1
1250843,1
1250856,1
1250875,1
1250882,1
1250885,1
1250889,1
1250900,1
1250914,1
1250917,1
1250919,1
1250921,1
1250923,1
1250953,1
1250957,1
1250969,1
1250981,1
1250993,1
1250997,1
1251013,1
1251019,1
1251031,1
1251033,1
1251048,1
1251055,1
1251068,1
1251088,1
1251107,1
1251111,1
1251114,1
1251128,1
1251131,1
1251134,1
1251146,1
1251149,1
1251154,1
1251165,1
1251182,1
1251184,1
1251204,2
1251222,1
1251225,1
1251228,1
1251231,1
1251242,1
1251257,1
1251264,1
1251279,1
1251286,1
1251290,1
1251305,1
1251315,1
1251317,1
1251319,1
1251325,1
1251336,1
1251340,1
1251352,1
1251362,1
1251372,1
1251375,1
1251388,1
1251392,1
1251394,1
1251398,1
1251412,1
1251421,1
1251430,1
1251433,1
1251439,1
1251450,1
1251453,1
1251468,1
1251471,1
1251485,1
1251508,1
1251511,1
1251513,1
1251527,1
1251530,1
1251544,1
1251546,1
1251555,1
1251580,1
1251582,1
1251584,1
1251601,1
1251606,1
1251622,1
1251643,1
1251648,1
1251653,1
1251660,1
1251663,1
1251665,1
1251678,1
1251695,1
1251697,1
1251706,1
1251711,1
1251717,1
1251733,1
1251737,1
1251739,1
1251760,1
1251772,1
1251775,1
1251779,1
1251791,1
1251793,1
1251796,1
1251798,1
1251807,1
1251810,1
1251812,1
1251814,1
1251818,2
1251820,1
1251828,1
1251832,1
1251850,1
1251862,1
1251868,1
1251870,1
1251872,1
1251889,2
1251905,1
1251907,1
1251939,1
1251943,1
1251946,1
1251978,1
1251981,1
1251995,1
1252001,1
1252019,1
1252037,1
1252041,1
1252054,1
1252063,1
1252073,1
1252084,1
1252093,1
1252098,1
1252114,1
1252116,1
1252120,1
1252122,1
1252134,1
1252136,1
1252146,1
1252151,1
1252155,2
1252159,1
1252172,1
1252183,1
1252190,1
1252192,1
1252195,1
1252207,1
1252211,1
1252226,1
1252228,1
1252237,1
1252253,1
1252266,1
1252273,1
1252282,1
1252287,1
1252299,1
1252301,1
1252303,1
1252306,1
1252308,1
1252311,1
1252320,1
1252336,1
1252345,1
1252377,1
1252399,1
1252403,1
1252417,1
1252419,1
1252433,1
1252438,1
1252440,1
1252462,1
1252475,1
1252478,1
1252493,1
1252496,2
1252508,1
1252516,1
1252529,1
1252533,1
1252540,1
1252551,1
1252569,1
1252576,1
1252590,1
1252595,1
1252612,1
1252628,1
1252645,1
1252647,1
1252676,1
1252683,1
1252685,1
1252687,1
1252702,1
1252704,1
1252713,1
1252726,1
1252731,1
1252735,1
1252741,1
1252744,1
1252750,1
1252779,1
1252786,1
1252791,1
1252799,1
1252815,1
1252818,1
1252824,1
1252835,1
1252837,1
1252839,1
1252853,1
1252856,1
1252865,1
1252875,1
1252891,1
1252895,1
1252902,1
1252925,1
1252928,1
1252932,1
1252934,1
1252945,1
1252951,1
1252969,1
1252972,1
1252974,1
1252989,1
1253004,1
1253007,1
1253009,1
1253018,1
1253027,1
1253032,1
1253035,1
1253046,1
1253060,1
1253064,1
1253066,1
1253082,1
1253084,1
1253101,1
1253105,1
1253117,1
1253122,1
1253139,1
1253142,1
1253159,1
1253165,1
1253179,2
1253191,1
1253199,1
1253209,1
1253216,1
1253219,1
1253235,1
1253253,1
1253263,1
1253272,1
1253291,1
1253294,2
1253305,1
1253312,1
1253321,1
1253331,1
1253345,1
1253357,1
1253389,1
1253397,1
1253405,1
1253407,1
1253409,1
1253412,2
1253417,1
1253427,1
1253444,1
1253453,1
1253464,1
1253478,1
1253482,1
1253484,1
1253495,1
1253516,1
1253520,1
1253525,1
1253541,1
1253549,1
1253559,1
1253572,1
1253577,1
1253581,1
1253592,1
1253613,1
1253615,1
1253618,1
1253625,1
1253635,1
1253652,1
1253669,1
1253672,1
1253686,1
1253688,1
1253692,1
1253695,1
1253697,1
1253703,1
1253706,1
1253714,2
1253729,1
1253732,1
1253740,1
1253746,1
1253750,1
1253757,1
1253767,1
1253781,1
1253786,1
1253795,1
1253804,1
1253806,1
1253808,1
1253812,1
1253820,1
1253822,1
1253827,1
1253833,1
1253839,1
1253844,1
1253848,1
1253855,1
1253858,1
1253864,1
1253873,1
1253882,1
1253899,1
1253901,1
1253909,1
1253919,1
1253922,1
1253935,1
1253939,1
1253957,1
1253974,1
1253976,1
1253980,1
1254002,1
1254014,1
1254031,1
1254034,1
1254049,1
1254052,1
1254070,1
1254073,1
1254079,1
1254082,1
1254089,1
1254094,2
1254099,1
1254110,1
1254121,1
1254128,1
1254130,1
1254146,1
1254149,1
1254164,1
1254178,1
1254183,1
1254187,1
1254189,1
1254203,1
1254205,1
1254219,1
1254222,1
1254225,1
1254232,1
1254244,1
1254253,1
1254257,1
1254263,1
1254271,1
1254295,1
1254299,1
1254301,1
1254310,1
1254316,1
1254320,1
1254323,1
1254338,1
1254365,1
1254370,1
1254376,1
1254380,1
1254384,1
1254395,1
1254398,1
1254410,1
1254414,1
1254420,1
1254429,1
1254451,1
1254456,1
1254471,1
1254473,1
1254490,1
1254499,1
1254508,1
1254529,1
1254533,1
1254537,1
1254547,1
1254549,1
1254551,1
1254565,1
1254574,1
1254586,2
1254603,1
1254636,1
1254641,1
1254644,1
1254672,1
1254716,1
1254718,1
1254736,1
1254744,1
1254754,1
1254757,2
1254773,1
1254775,1
1254780,1
1254793,1
1254804,1
1254812,1
1254831,1
1254841,1
1254843,1
1254850,1
1254852,1
1254868,1
1254870,1
1254876,1
1254889,1
1254895,1
1254900,1
1254908,1
1254913,1
1254924,1
1254927,1
1254929,1
1254935,1
1254942,1
1254947,1
1254956,1
1254961,1
1254965,1
1254983,1
1254985,1
1254993,1
1255000,1
1255014,1
1255020,1
1255022,1
1255029,1
1255032,1
1255036,1
1255038,1
1255043,1
1255077,1
1255085,1
1255097,1
1255102,1
1255116,1
1255119,1
1255135,1
1255153,1
1255159,1
1255164,1
1255171,1
1255175,1
1255177,1
1255193,1
1255206,1
1255211,1
1255225,1
1255227,1
1255231,1
1255234,1
1255250,1
1255259,1
1255286,1
1255302,1
1255306,1
1255310,1
1255316,1
1255324,1
1255327,1
1255345,1
1255362,1
1255364,1
1255385,1
1255412,1
1255419,1
1255421,1
1255423,1
1255455,1
1255459,1
1255468,1
1255495,1
1255508,1
1255514,1
1255522,1
1255529,1
1255555,2
1255558,1
1255574,1
1255580,1
1255587,1
1255592,1
1255594,1
1255611,1
1255628,1
1255654,1
1255668,2
1255670,1
1255684,1
1255688,1
1255698,1
1255701,1
1255708,1
1255718,1
1255724,1
1255740,1
1255743,1
1255747,1
1255777,1
1255781,1
1255783,1
1255796,1
1255801,1
1255812,1
1255821,1
1255856,1
1255870,1
1255880,1
1255895,1
1255930,1
1255964,1
1255971,1
1255975,1
1255981,1
1256008,1
1256028,2
1256046,1
1256048,1
1256050,1
1256058,1
1256067,1
1256076,1
1256086,1
1256094,1
1256097,1
1256099,1
1256106,1
1256128,1
1256130,1
1256143,1
1256157,1
1256160,1
1256162,1
1256165,1
1256176,1
1256181,1
1256188,1
1256192,1
1256200,1
1256207,1
1256218,1
1256236,1
1256246,1
1256248,1
1256255,1
1256258,1
1256270,1
1256278,1
1256287,1
1256294,1
1256296,1
1256308,1
1256313,1
1256328,1
1256332,1
1256335,1
1256342,1
1256344,1
1256362,1
1256370,1
1256388,1
1256407,1
1256422,1
1256444,1
1256446,1
1256461,1
1256465,1
1256468,1
1256484,1
1256521,1
1256543,1
1256556,1
1256561,1
1256579,1
1256590,1
1256598,1
1256607,1
1256633,1
1256636,1
1256645,1
1256655,1
1256670,1
1256674,1
1256679,1
1256697,1
1256712,1
1256719,1
1256749,1
1256752,1
1256771,2
1256778,1
1256782,1
1256786,1
1256790,1
1256792,1
1256799,1
1256803,1
1256811,1
1256817,1
1256827,1
1256838,1
1256857,1
1256859,1
1256865,1
1256878,1
1256883,1
1256891,1
1256894,1
1256901,1
1256904,1
1256921,2
1256931,1
1256935,1
1256940,1
1256943,1
1256947,1
1256959,1
1256970,1
1256972,1
1256996,1
1256999,1
1257005,1
1257012,1
1257018,1
1257034,1
1257053,1
1257058,1
1257073,1
1257088,1
1257092,1
1257106,1
1257111,1
1257128,1
1257147,1
1257151,1
1257168,1
1257179,1
1257182,1
1257189,2
1257195,1
1257200,1
1257222,1
1257225,1
1257228,1
1257236,1
1257245,1
1257251,1
1257261,1
1257273,1
1257282,1
1257293,1
1257301,1
1257305,1
1257312,1
1257321,1
1257331,1
1257336,1
1257340,1
1257354,1
1257365,1
1257377,1
1257396,1
1257415,1
1257419,1
1257432,1
1257435,1
1257438,1
1257442,1
1257454,1
1257471,1
1257473,1
1257478,1
1257492,1
1257508,1
1257510,1
1257523,1
1257530,1
1257533,1
1257548,1
1257565,1
1257567,1
1257603,1
1257605,1
1257623,1
1257632,1
1257643,1
1257645,1
1257651,1
1257654,1
1257664,1
1257669,1
1257675,1
1257687,1
1257700,1
1257717,1
1257719,1
1257748,1
1257756,1
1257758,1
1257769,1
1257774,1
1257777,1
1257785,1
1257795,1
1257813,1
1257851,1
1257857,1
1257871,1
1257878,1
1257890,1
1257892,1
1257911,2
1257913,1
1257917,1
1257921,1
1257924,1
1257933,1
1257936,1
1257942,1
1257947,1
1257949,1
1257967,1
1258012,1
1258022,1
1258024,1
1258031,1
1258077,1
1258085,1
1258099,1
1258101,1
1258106,1
1258117,1
1258155,1
1258171,1
1258175,1
1258189,1
1258194,1
1258206,1
1258213,1
1258232,1
1258250,1
1258269,1
1258283,1
1258290,2
1258308,1
1258320,1
1258327,1
1258341,1
1258346,1
1258383,1
1258402,1
1258419,1
1258432,1
1258436,1
1258459,1
1258465,1
1258472,1
1258494,1
1258497,1
1258499,1
1258512,1
1258517,1
1258529,1
1258536,1
1258556,1
1258567,1
1258571,1
1258576,1
1258592,1
1258595,1
1258614,2
1258630,1
1258633,2
1258652,1
1258663,1
1258670,1
1258687,1
1258689,1
1258700,1
1258707,1
1258725,1
1258744,1
1258762,1
1258765,2
1258783,1
1258786,1
1258803,2
1258808,1
1258814,1
1258818,1
1258823,1
1258825,1
1258827,1
1258848,1
1258859,1
1258877,1
1258882,1
1258911,1
1258915,1
1258918,2
1258931,1
1258937,1
1258946,1
1258949,1
1258973,1
1258986,1
1258993,2
1259012,1
1259046,1
1259048,1
1259067,1
1259085,1
1259104,1
1259106,1
1259132,1
1259144,1
1259151,1
1259159,1
1259162,1
1259165,1
1259172,1
1259178,1
1259184,1
1259197,1
1259201,1
1259215,1
1259238,1
1259249,1
1259258,1
1259276,1
1259293,1
1259314,1
1259325,1
1259335,1
1259352,1
1259359,1
1259370,1
1259372,1
1259390,1
1259401,1
1259409,1
1259411,1
1259428,1
1259432,1
1259447,1
1259449,1
1259452,1
1259467,1
1259488,1
1259501,1
1259508,1
1259518,1
1259522,1
1259525,1
1259534,1
1259536,1
1259559,1
1259562,1
1259565,1
1259581,1
1259585,1
1259600,1
1259610,1
1259618,1
1259655,1
1259694,1
1259708,1
1259711,1
1259715,1
1259728,1
1259732,1
1259751,1
1259770,1
1259775,1
1259787,1
1259791,1
1259797,1
1259799,1
1259805,1
1259810,1
1259812,1
1259825,1
1259829,1
1259842,1
1259847,1
1259865,1
1259878,1
1259921,1
1259956,1
1259961,1
1259963,1
1259990,1
1259993,1
1260004,1
1260017,1
1260019,1
1260035,1
1260042,1
1260056,1
1260072,1
1260076,2
1260086,1
1260091,1
1260093,1
1260100,1
1260113,1
1260131,1
1260150,1
1260188,1
1260205,1
1260207,1
1260212,1
1260227,1
1260230,2
1260242,1
1260245,1
1260248,1
1260250,1
1260262,1
1260267,1
1260271,1
1260279,1
1260302,1
1260315,1
1260324,1
1260335,1
1260343,1
1260357,1
1260360,1
1260362,1
1260375,1
1260378,1
1260380,1
1260382,1
1260389,1
1260392,1
1260399,1
1260417,1
1260434,1
1260436,1
1260441,1
1260452,1
1260472,1
1260474,1
1260487,1
1260511,1
1260524,1
1260531,1
1260545,1
1260548,1
1260567,1
1260569,1
1260572,1
1260585,1
1260588,1
1260590,1
1260592,1
1260605,1
1260624,1
1260626,1
1260645,1
1260661,1
1260663,1
1260666,2
1260671,1
1260682,1
1260684,1
1260686,1
1260696,1
1260701,1
1260704,2
1260719,1
1260727,1
1260736,1
1260741,1
1260744,2
1260749,1
1260751,1
1260761,1
1260764,1
1260778,1
1260813,1
1260830,1
1260836,1
1260849,1
1260854,1
1260857,1
1260869,1
1260873,1
1260875,1
1260889,1
1260891,1
1260894,2
1260900,1
1260910,1
1260927,1
1260930,1
1260941,1
1260944,1
1260950,1
1260964,1
1260968,1
1260973,1
1261003,1
1261015,1
1261037,1
1261079,1
1261081,1
1261084,2
1261098,1
1261101,1
1261121,1
1261125,1
1261156,1
1261158,1
1261174,1
1261212,1
1261214,1
1261216,1
1261236,1
1261252,1
1261255,1
1261266,1
1261271,1
1261273,1
1261286,1
1261293,1
1261306,1
1261314,1
1261326,1
1261328,1
1261332,1
1261348,1
1261354,1
1261366,1
1261369,1
1261372,1
1261380,1
1261383,1
1261387,1
1261389,1
1261399,1
1261402,1
1261409,1
1261411,1
1261419,1
1261428,1
1261442,1
1261460,1
1261471,1
1261480,1
1261482,1
1261487,1
1261490,1
1261499,1
1261502,1
1261513,1
1261520,1
1261537,1
1261552,1
1261575,1
1261593,1
1261606,1
1261609,1
1261611,1
1261616,1
1261619,1
1261623,1
1261629,1
1261633,1
1261636,1
1261651,1
1261659,1
1261666,1
1261676,1
1261690,1
1261692,1
1261727,2
1261732,1
1261745,1
1261748,1
1261750,1
1261778,1
1261787,1
1261793,1
1261816,1
1261845,1
1261860,1
1261862,1
1261880,1
1261882,1
1261885,1
1261898,1
1261900,1
1261935,1
1261955,1
1261988,1
1261994,1
1262008,1
1262014,2
1262025,1
1262027,1
1262032,1
1262034,1
1262037,1
1262039,1
1262044,1
1262052,1
1262055,1
1262066,1
1262072,1
1262087,1
1262090,2
1262104,1
1262115,1
1262123,1
1262126,1
1262128,1
1262130,1
1262144,1
1262148,2
1262164,1
1262184,1
1262200,1
1262204,1
1262221,1
1262239,1
1262260,1
1262271,1
1262279,1
1262283,2
1262285,1
1262288,1
1262299,1
1262302,1
1262313,1
1262315,1
1262319,2
1262321,1
1262332,1
1262336,1
1262338,1
1262354,1
1262356,1
1262373,1
1262375,1
1262391,1
1262409,1
1262411,1
1262424,1
1262429,1
1262434,1
1262439,1
1262441,1
1262454,1
1262458,1
1262468,1
1262473,1
1262488,1
1262490,1
1262496,1
1262503,1
1262508,1
1262510,1
1262525,1
1262531,1
1262543,1
1262545,1
1262564,2
1262580,1
1262584,1
1262587,1
1262600,1
1262603,1
1262605,1
1262619,1
1262622,1
1262624,1
1262628,1
1262639,1
1262642,1
1262678,1
1262695,1
1262697,1
1262700,1
1262715,1
1262723,1
1262748,1
1262755,2
1262760,1
1262785,1
1262799,1
1262810,1
1262824,1
1262830,1
1262833,1
1262844,1
1262849,1
1262851,1
1262867,1
1262885,1
1262901,1
1262906,1
1262908,1
1262920,1
1262938,1
1262943,1
1262945,1
1262957,1
1262965,1
1262980,1
1262983,1
1263000,1
1263016,1
1263019,1
1263022,1
1263035,1
1263039,1
1263055,1
1263057,1
1263113,2
1263137,1
1263149,1
1263155,1
1263167,1
1263172,1
1263185,1
1263193,1
1263207,1
1263209,1
1263227,1
1263234,1
1263239,1
1263248,1
1263250,1
1263253,1
1263268,2
1263283,1
1263290,1
1263301,1
1263303,1
1263318,1
1263324,1
1263329,1
1263342,1
1263356,1
1263379,1
1263381,1
1263394,1
1263399,1
1263430,1
1263438,1
1263459,1
1263470,1
1263476,1
1263478,1
1263491,1
1263499,1
1263517,1
1263522,1
1263532,1
1263552,1
1263554,1
1263566,1
1263587,1
1263601,1
1263605,1
1263609,1
1263624,1
1263628,1
1263630,1
1263632,1
1263661,1
1263691,1
1263703,1
1263705,1
1263710,1
1263723,1
1263735,1
1263748,1
1263778,1
1263782,1
1263786,1
1263796,1
1263799,1
1263802,1
1263813,1
1263818,1
1263832,1
1263836,1
1263855,1
1263873,1
1263875,1
1263877,1
1263895,1
1263914,2
1263916,1
1263934,1
1263947,1
1263949,1
1263955,1
1263964,1
1263970,2
1263973,1
1263975,1
1263990,1
1264006,1
1264008,1
1264024,1
1264026,1
1264046,2
1264049,1
1264064,1
1264071,1
1264101,1
1264105,1
1264139,1
1264142,1
1264158,1
1264161,1
1264179,1
1264218,1
1264233,1
1264254,1
1264270,1
1264272,1
1264291,1
1264294,1
1264308,1
1264311,1
1264332,1
1264348,1
1264350,1
1264352,1
1264366,1
1264372,1
1264386,1
1264388,1
1264402,1
1264410,1
1264424,1
1264427,1
1264444,1
1264459,1
1264463,1
1264473,1
1264480,1
1264482,1
1264486,1
1264497,1
1264512,1
1264517,1
1264534,1
1264539,1
1264553,1
1264559,2
1264562,1
1264570,1
1264574,1
1264580,1
1264595,1
1264597,1
1264621,1
1264634,1
1264636,1
1264649,1
1264651,1
1264653,1
1264668,1
1264687,1
1264704,1
1264729,2
1264740,1
1264751,1
1264785,1
1264789,1
1264791,1
1264807,1
1264824,1
1264847,1
1264850,1
1264861,1
1264864,1
1264866,1
1264877,1
1264882,1
1264886,1
1264895,1
1264899,1
1264914,1
1264934,1
1264939,1
1264963,1
1264969,1
1264973,1
1264981,1
1264995,1
1265009,1
1265032,1
1265034,1
1265053,1
1265056,1
1265070,1
1265086,1
1265109,2
1265123,1
1265131,1
1265143,1
1265147,1
1265163,1
1265168,1
1265174,1
1265181,1
1265183,1
1265185,1
1265189,1
1265200,1
1265205,2
1265207,1
1265217,1
1265224,1
1265234,1
1265238,1
1265251,1
1265257,1
1265275,1
1265277,1
1265282,1
1265301,1
1265315,1
1265318,1
1265320,1
1265336,1
1265341,1
1265351,1
1265356,1
1265371,1
1265375,1
1265377,1
1265380,1
1265393,1
1265395,1
1265397,1
1265412,1
1265417,1
1265429,1
1265450,1
1265471,1
1265488,1
1265490,1
1265492,1
1265506,1
1265509,1
1265524,1
1265527,1
1265541,1
1265544,1
1265549,1
1265566,1
1265599,1
1265603,1
1265605,1
1265617,1
1265623,1
1265634,1
1265643,1
1265657,1
1265661,1
1265670,1
1265673,1
1265679,1
1265700,1
1265704,1
1265718,1
1265734,1
1265736,1
1265738,1
1265742,1
1265774,1
1265777,1
1265794,1
1265801,1
1265803,1
1265826,1
1265836,2
1265850,1
1265865,1
1265870,1
1265888,1
1265940,1
1265948,1
1265959,1
1265967,1
1265973,1
1265980,1
1265984,1
1265986,1
1265995,1
1265998,1
1266004,1
1266016,1
1266021,1
1266040,2
1266042,1
1266044,1
1266058,1
1266064,1
1266067,1
1266079,1
1266087,1
1266098,1
1266134,1
1266137,1
1266143,1
1266151,1
1266154,1
1266157,1
1266160,1
1266169,1
1266172,1
1266176,2
1266180,1
1266191,1
1266194,1
1266207,1
1266211,1
1266228,1
1266231,1
1266233,1
1266249,1
1266265,1
1266268,1
1266282,1
1266300,1
1266306,1
1266309,1
1266320,1
1266325,1
1266327,1
1266330,2
1266341,1
1266345,1
1266347,1
1266357,1
1266381,1
1266386,1
1266401,1
1266419,1
1266421,1
1266438,1
1266457,1
1266466,1
1266496,1
1266498,1
1266514,1
1266530,1
1266534,1
1266537,1
1266553,1
1266560,1
1266571,1
1266590,1
1266594,1
1266608,1
1266613,1
1266626,1
1266630,1
1266645,1
1266648,1
1266661,1
1266666,1
1266668,1
1266672,1
1266684,1
1266687,1
1266689,1
1266696,1
1266700,1
1266723,1
1266736,1
1266742,1
1266744,1
1266747,1
1266761,1
1266777,1
1266795,1
1266815,1
1266819,1
1266822,1
1266832,1
1266841,1
1266848,1
1266857,1
1266859,1
1266865,1
1266876,1
1266895,1
1266898,1
1266901,1
1266915,1
1266935,1
1266946,1
1266966,1
1266970,1
1266973,1
1266980,1
1266991,1
1267008,1
1267010,1
1267012,1
1267023,1
1267028,1
1267030,1
1267032,1
1267050,2
1267067,1
1267082,1
1267084,1
1267086,1
1267088,1
1267090,1
1267105,1
1267118,1
1267123,1
1267125,1
1267128,1
1267143,1
1267159,1
1267179,1
1267182,1
1267194,1
1267219,1
1267237,1
1267240,1
1267257,1
1267274,1
1267276,1
1267293,1
1267297,1
1267311,1
1267314,1
1267316,1
1267318,1
1267332,1
1267351,1
1267368,1
1267370,1
1267373,1
1267379,1
1267406,1
1267409,1
1267426,1
1267429,1
1267442,1
1267446,1
1267449,1
1267464,1
1267466,1
1267482,1
1267503,1
1267510,1
1267521,1
1267538,1
1267540,1
1267544,1
1267562,1
1267564,1
1267578,1
1267581,1
1267597,1
1267612,1
1267618,2
1267637,1
1267654,1
1267658,1
1267672,1
1267693,1
1267702,1
1267712,1
1267715,1
1267730,1
1267734,1
1267742,1
1267752,1
1267766,1
1267783,1
1267808,1
1267843,1
1267847,1
1267862,1
1267866,1
1267884,1
1267886,1
1267904,1
1267907,1
1267922,2
1267926,1
1267930,1
1267939,1
1267943,1
1267958,1
1267972,1
1267977,1
1267980,1
1267995,1
1267998,1
1268002,1
1268009,1
1268017,1
1268029,1
1268039,1
1268052,1
1268067,1
1268071,1
1268073,1
1268076,1
1268089,1
1268093,1
1268106,1
1268130,1
1268136,1
1268138,1
1268142,1
1268148,1
1268154,1
1268157,1
1268166,1
1268171,1
1268178,1
1268185,1
1268200,1
1268203,1
1268208,1
1268223,1
1268225,1
1268227,1
1268240,1
1268260,1
1268262,1
1268265,1
1268280,1
1268297,1
1268301,1
1268303,1
1268319,1
1268322,1
1268337,1
1268339,1
1268345,1
1268348,1
1268359,1
1268361,1
1268373,1
1268377,1
1268380,2
1268396,1
1268411,1
1268423,1
1268429,1
1268436,1
1268439,1
1268461,1
1268469,1
1268471,1
1268488,1
1268504,1
1268509,1
1268540,1
1268549,1
1268567,1
1268586,2
1268588,1
1268603,1
1268607,1
1268623,1
1268626,1
1268639,1
1268644,2
1268661,1
1268676,1
1268680,1
1268683,1
1268687,1
1268697,1
1268703,1
1268717,1
1268719,1
1268722,1
1268724,1
1268733,1
1268738,1
1268742,1
1268745,1
1268756,1
1268770,1
1268775,1
1268778,1
1268780,1
1268795,1
1268798,2
1268812,1
1268815,1
1268818,1
1268831,1
1268833,1
1268835,1
1268837,1
1268847,1
1268852,1
1268869,1
1268872,1
1268878,1
1268885,1
1268888,1
1268908,1
1268910,1
1268917,1
1268926,1
1268929,1
1268931,1
1268948,2
1268955,1
1268983,1
1268989,1
1269000,1
1269006,1
1269023,1
1269041,1
1269054,1
1269062,1
1269067,1
1269079,1
1269083,2
1269098,1
1269101,1
1269116,1
1269119,1
1269134,1
1269136,1
1269139,1
1269153,1
1269157,1
1269171,1
1269176,1
1269194,1
1269211,1
1269213,1
1269215,1
1269217,1
1269233,1
1269249,1
1269252,1
1269275,1
1269288,1
1269291,1
1269294,1
1269308,1
1269311,2
1269317,1
1269327,1
1269339,1
1269347,1
1269362,1
1269367,1
1269378,1
1269385,1
1269389,1
1269392,1
1269408,2
1269422,1
1269424,1
1269434,1
1269441,1
1269443,1
1269446,1
1269458,1
1269460,1
1269463,1
1269480,1
1269494,1
1269509,1
1269518,1
1269523,1
1269537,1
1269551,1
1269556,1
1269573,1
1269593,1
1269613,1
1269630,1
1269633,2
1269649,1
1269652,1
1269669,1
1269674,1
1269687,1
1269690,1
1269725,1
1269727,1
1269744,1
1269746,1
1269763,1
1269765,1
1269780,1
1269788,1
1269801,1
1269804,1
1269836,1
1269841,1
1269846,1
1269860,1
1269871,1
1269874,1
1269897,1
1269902,1
1269917,1
1269924,1
1269936,1
1269954,1
1269960,1
1269962,1
1269973,1
1269975,1
1269977,1
1269990,1
1270010,1
1270025,1
1270030,1
1270032,1
1270035,1
1270049,1
1270051,1
1270053,1
1270055,1
1270064,1
1270071,1
1270074,1
1270086,1
1270089,1
1270105,1
1270107,1
1270124,1
1270126,1
1270130,1
1270151,1
1270164,1
1270171,1
1270184,1
1270218,1
1270237,1
1270239,1
1270241,1
1270245,1
1270261,2
1270276,1
1270279,1
1270282,1
1270287,1
1270292,1
1270299,1
1270314,1
1270316,1
1270319,1
1270331,1
1270335,1
1270337,1
1270347,1
1270352,1
1270354,1
1270360,1
1270373,1
1270383,1
1270391,1
1270393,1
1270395,1
1270411,1
1270429,1
1270448,1
1270464,1
1270468,1
1270473,1
1270487,1
1270504,1
1270506,1
1270508,1
1270516,1
1270560,1
1270562,1
1270564,1
1270580,1
1270586,1
1270588,1
1270599,1
1270605,1
1270620,1
1270623,1
1270634,1
1270636,1
1270641,1
1270652,1
1270673,1
1270681,1
1270698,1
1270700,1
1270717,1
1270735,1
1270747,1
1270749,1
1270755,2
1270764,1
1270769,1
1270773,1
1270775,1
1270778,1
1270786,1
1270789,1
1270797,1
1270807,1
1270816,1
1270829,1
1270834,1
1270844,1
1270849,1
1270866,1
1270870,1
1270887,2
1270895,1
1270903,1
1270907,1
1270923,1
1270932,1
1270936,1
1270944,1
1270948,1
1270962,1
1270964,1
1270971,1
1270983,1
1271000,1
1271007,1
1271009,1
1271019,1
1271026,1
1271054,1
1271065,1
1271076,1
1271078,1
1271082,1
1271095,1
1271099,1
1271114,1
1271116,1
1271131,1
1271133,1
1271136,1
1271142,1
1271152,1
1271154,1
1271169,1
1271171,1
1271174,1
1271188,1
1271207,1
1271209,1
1271227,1
1271244,1
1271264,1
1271282,1
1271289,1
1271304,1
1271307,1
1271309,1
1271320,1
1271325,1
1271329,1
1271342,1
1271347,1
1271349,1
1271362,1
1271377,1
1271380,1
1271397,1
1271399,1
1271403,1
1271414,1
1271419,1
1271423,1
1271434,1
1271438,1
1271449,1
1271456,1
1271459,1
1271473,1
1271476,1
1271480,1
1271487,1
1271495,1
1271533,1
1271551,1
1271588,1
1271592,1
1271606,1
1271609,1
1271623,1
1271627,1
1271631,1
1271646,1
1271662,1
1271669,1
1271671,1
1271687,1
1271699,1
1271718,1
1271721,1
1271723,1
1271726,1
1271731,1
1271738,1
1271743,1
1271783,1
1271798,1
1271813,1
1271817,1
1271820,1
1271824,1
1271835,1
1271838,1
1271840,1
1271855,1
1271874,1
1271878,1
1271893,1
1271908,1
1271912,1
1271916,1
1271931,1
1271949,1
1271953,1
1271955,1
1271966,1
1271989,2
1271995,1
1272008,1
1272025,1
1272041,1
1272045,1
1272048,1
1272053,1
1272068,1
1272076,1
1272079,1
1272085,1
1272097,1
1272102,1
1272111,1
1272117,1
1272122,1
1272124,1
1272126,1
1272128,1
1272142,1
1272167,1
1272178,1
1272181,1
1272194,1
1272196,1
1272202,1
1272215,1
1272217,1
1272229,1
1272231,1
1272236,1
1272240,1
1272262,1
1272270,1
1272272,1
1272286,1
1272299,1
1272301,1
1272309,1
1272313,1
1272317,1
1272330,1
1272346,1
1272351,1
1272355,1
1272363,1
1272369,1
1272383,1
1272385,1
1272388,1
1272390,1
1272405,1
1272407,1
1272409,1
1272425,1
1272427,1
1272441,1
1272444,1
1272446,1
1272451,1
1272464,1
1272470,1
1272481,1
1272483,1
1272487,1
1272507,1
1272514,1
1272521,1
1272525,1
1272538,1
1272540,1
1272553,1
1272557,1
1272575,1
1272577,1
1272581,1
1272590,1
1272597,1
1272599,1
1272617,2
1272623,1
1272633,1
1272637,2
1272639,1
1272643,1
1272653,1
1272656,1
1272668,1
1272673,1
1272690,1
1272709,1
1272711,1
1272725,1
1272733,1
1272736,1
1272739,1
1272750,1
1272753,1
1272767,1
1272780,1
1272786,1
1272788,1
1272803,1
1272805,1
1272807,1
1272810,1
1272831,1
1272839,1
1272844,1
1272861,1
1272864,1
1272870,1
1272882,1
1272919,1
1272922,1
1272926,1
1272939,1
1272954,1
1272958,1
1272964,1
1272973,1
1272978,2
1272993,1
1273000,1
1273012,1
1273015,1
1273018,1
1273033,1
1273039,1
1273052,1
1273069,1
1273073,1
1273085,1
1273087,1
1273092,1
1273100,1
1273113,1
1273125,1
1273129,1
1273131,1
1273144,1
1273162,1
1273166,1
1273170,1
1273185,1
1273202,1
1273210,1
1273223,1
1273226,1
1273238,1
1273243,1
1273246,1
1273252,1
1273262,1
1273273,1
1273280,1
1273284,1
1273298,1
1273300,1
1273311,1
1273315,1
1273336,1
1273339,1
1273353,1
1273360,1
1273371,1
1273384,1
1273392,1
1273394,1
1273397,1
1273412,1
1273427,1
1273429,1
1273433,1
1273436,1
1273449,1
1273451,1
1273453,1
1273455,1
1273476,1
1273486,1
1273490,1
1273492,1
1273510,1
1273525,1
1273528,1
1273563,1
1273567,1
1273572,1
1273581,1
1273587,1
1273606,1
1273617,1
1273620,1
1273624,1
1273640,1
1273642,1
1273647,1
1273659,1
1273664,1
1273695,1
1273699,1
1273701,1
1273715,1
1273724,1
1273739,1
1273742,1
1273755,1
1273757,1
1273761,1
1273768,1
1273775,1
1273778,1
1273791,1
1273795,1
1273799,1
1273803,1
1273814,1
1273831,1
1273842,1
1273849,1
1273852,1
1273856,1
1273869,1
1273872,1
1273876,1
1273880,1
1273888,1
1273892,1
1273907,1
1273910,1
1273923,1
1273927,1
1273946,1
1273952,1
1273964,1
1273969,1
1273983,1
1273986,1
1274003,1
1274011,1
1274021,1
1274023,1
1274039,1
1274041,1
1274043,1
1274061,1
1274066,1
1274077,1
1274079,1
1274110,1
1274123,1
1274155,1
1274166,1
1274170,1
1274177,1
1274179,1
1274182,1
1274205,1
1274212,1
1274214,1
1274217,1
1274230,1
1274236,1
1274245,1
1274251,1
1274263,1
1274268,1
1274271,1
1274276,1
1274281,1
1274289,2
1274303,1
1274308,1
1274342,1
1274344,1
1274346,1
1274353,1
1274384,1
1274386,1
1274394,1
1274402,1
1274404,1
1274420,1
1274430,1
1274439,1
1274444,1
1274454,1
1274461,1
1274469,1
1274478,1
1274480,1
1274483,2
1274497,1
1274515,1
1274518,1
1274524,1
1274533,1
1274535,1
1274539,1
1274553,1
1274564,1
1274572,1
1274590,1
1274593,1
1274608,1
1274612,1
1274616,1
1274629,1
1274631,1
1274652,2
1274655,1
1274666,1
1274675,1
1274679,1
1274682,1
1274690,1
1274695,1
1274708,1
1274736,1
1274745,1
1274762,1
1274765,1
1274782,2
1274784,1
1274790,1
1274801,1
1274804,1
1274807,1
1274823,1
1274831,1
1274837,1
1274849,1
1274851,1
1274866,1
1274876,1
1274889,1
1274891,1
1274896,1
1274898,1
1274900,1
1274902,1
1274908,1
1274916,1
1274918,1
1274920,1
1274933,1
1274935,1
1274937,1
1274954,1
1274975,1
1274991,1
1275002,1
1275010,1
1275012,1
1275022,1
1275040,1
1275042,1
1275050,1
1275052,1
1275066,1
1275073,1
1275080,1
1275088,1
1275106,1
1275109,1
1275130,1
1275142,1
1275145,1
1275148,1
1275181,1
1275184,1
1275200,1
1275203,2
1275206,1
1275213,1
1275221,1
1275226,1
1275239,1
1275282,1
1275296,1
1275308,1
1275315,1
1275330,1
1275334,1
1275344,1
1275353,1
1275356,1
1275370,1
1275373,1
1275393,1
1275398,1
1275405,1
1275408,1
1275411,1
1275425,1
1275427,1
1275442,1
1275446,1
1275452,1
1275462,1
1275467,1
1275484,1
1275501,1
1275505,1
1275523,1
1275540,1
1275543,1
1275547,1
1275562,1
1275579,1
1275581,1
1275583,1
1275601,1
1275606,1
1275611,1
1275619,1
1275621,1
1275636,1
1275651,1
1275655,1
1275657,1
1275659,1
1275661,1
1275667,1
1275671,1
1275684,1
1275693,2
1275714,1
1275716,1
1275734,2
1275750,1
1275753,1
1275758,1
1275786,1
1275790,1
1275799,1
1275806,1
1275810,1
1275812,1
1275815,1
1275818,1
1275848,1
1275858,1
1275863,1
1275883,1
1275888,1
1275904,1
1275916,1
1275922,1
1275930,1
1275941,1
1275951,1
1275953,1
1275962,1
1275966,1
1275979,1
1275981,1
1275990,1
1275998,1
1276000,1
1276017,1
1276019,1
1276035,1
1276050,1
1276056,1
1276061,1
1276075,1
1276087,1
1276094,1
1276097,1
1276106,1
1276114,1
1276116,1
1276122,1
1276133,1
1276141,1
1276150,1
1276153,1
1276156,1
1276170,1
1276180,1
1276188,1
1276206,1
1276217,1
1276229,1
1276244,1
1276247,1
1276263,1
1276265,1
1276280,1
1276300,1
1276303,1
1276320,1
1276324,1
1276333,1
1276339,1
1276345,1
1276360,1
1276375,1
1276392,1
1276401,1
1276404,1
1276419,2
1276435,1
1276438,1
1276450,1
1276456,1
1276459,1
1276468,1
1276471,1
1276473,1
1276477,1
1276479,1
1276510,1
1276512,1
1276514,1
1276531,1
1276540,1
1276548,1
1276551,1
1276568,1
1276572,1
1276577,1
1276586,1
1276590,1
1276599,1
1276607,1
1276610,1
1276619,1
1276626,1
1276629,1
1276631,1
1276645,1
1276664,1
1276682,1
1276697,1
1276704,1
1276707,1
1276711,1
1276722,1
1276726,1
1276735,1
1276742,1
1276744,1
1276748,1
1276758,1
1276763,1
1276789,1
1276795,1
1276799,1
1276816,1
1276826,1
1276835,1
1276846,1
1276854,1
1276863,1
1276873,1
1276877,1
1276881,1
1276892,1
1276894,1
1276930,1
1276935,1
1276950,1
1276953,1
1276956,1
1276969,1
1276973,1
1276986,1
1276988,1
1276990,1
1276997,1
1277001,1
1277022,1
1277027,1
1277030,1
1277034,1
1277058,1
1277062,1
1277066,1
1277070,1
1277072,1
1277083,1
1277086,1
1277091,1
1277098,1
1277102,1
1277105,1
1277109,1
1277114,1
1277121,1
1277126,1
1277138,1
1277142,1
1277144,1
1277146,1
1277159,1
1277162,1
1277172,1
1277178,1
1277180,1
1277184,1
1277188,1
1277213,1
1277217,1
1277252,1
1277255,1
1277259,1
1277288,1
1277290,1
1277294,1
1277298,1
1277311,1
1277321,1
1277329,1
1277346,1
1277349,1
1277352,1
1277356,1
1277368,1
1277379,1
1277387,1
1277389,1
1277393,1
1277400,1
1277406,1
1277409,2
1277412,1
1277418,1
1277425,1
1277428,1
1277432,1
1277444,1
1277447,1
1277449,1
1277463,1
1277466,1
1277469,1
1277482,1
1277488,1
1277499,1
1277501,1
1277508,1
1277513,1
1277535,1
1277539,1
1277542,1
1277549,1
1277564,1
1277582,1
1277615,1
1277621,1
1277633,1
1277636,1
1277639,1
1277641,1
1277666,1
1277670,1
1277672,1
1277676,1
1277680,1
1277688,1
1277690,1
1277692,1
1277696,1
1277700,1
1277707,1
1277711,1
1277728,1
1277730,1
1277734,1
1277748,1
1277751,1
1277767,1
1277772,1
1277789,1
1277804,1
1277824,1
1277828,1
1277839,1
1277844,1
1277847,1
1277851,1
1277854,1
1277858,1
1277869,1
1277871,1
1277882,1
1277886,1
1277901,1
1277905,1
1277908,1
1277943,1
1277971,1
1277975,1
1277981,1
1277986,1
1277995,1
1277998,1
1278012,1
1278015,1
1278020,1
1278032,1
1278034,1
1278045,1
1278058,1
1278070,1
1278079,1
1278091,1
1278095,1
1278104,1
1278110,1
1278127,1
1278133,1
1278146,1
1278182,1
1278186,1
1278204,1
1278221,1
1278223,1
1278229,1
1278234,1
1278238,1
1278243,1
1278261,1
1278266,1
1278280,1
1278282,1
1278289,1
1278295,1
1278300,1
1278303,1
1278306,1
1278317,1
1278320,1
1278322,1
1278329,1
1278337,1
1278344,1
1278356,1
1278370,1
1278380,1
1278383,1
1278396,1
1278399,1
1278408,1
1278420,1
1278426,1
1278429,1
1278435,1
1278450,1
1278467,1
1278474,1
1278476,1
1278486,1
1278490,1
1278494,1
1278508,1
1278511,1
1278526,1
1278528,1
1278539,1
1278546,1
1278548,1
1278551,1
1278553,1
1278556,1
1278567,1
1278570,1
1278583,1
1278585,1
1278587,1
1278605,1
1278607,1
1278622,1
1278630,1
1278634,1
1278638,1
1278643,1
1278648,1
1278654,1
1278660,1
1278664,1
1278666,1
1278679,1
1278684,1
1278687,1
1278698,1
1278717,1
1278720,1
1278737,1
1278754,1
1278757,1
1278792,1
1278796,1
1278798,1
1278803,1
1278816,1
1278820,1
1278833,1
1278838,1
1278844,1
1278851,1
1278853,1
1278856,1
1278858,1
1278863,1
1278869,1
1278872,1
1278875,2
1278878,1
1278888,1
1278892,1
1278896,1
1278908,1
1278913,1
1278924,1
1278929,1
1278946,1
1278949,1
1278963,1
1278966,1
1278981,1
1278985,1
1278989,1
1279002,1
1279020,1
1279024,1
1279026,1
1279029,1
1279038,1
1279044,1
1279046,1
1279060,1
1279074,1
1279083,1
1279099,1
1279101,1
1279113,1
1279119,1
1279122,1
1279126,1
1279137,1
1279152,1
1279156,1
1279158,1
1279160,1
1279168,1
1279176,1
1279192,1
1279214,1
1279234,1
1279242,1
1279251,1
1279253,1
1279255,1
1279269,1
1279271,1
1279273,1
1279286,1
1279288,1
1279290,1
1279293,1
1279296,1
1279307,1
1279309,1
1279312,1
1279315,1
1279319,1
1279329,1
1279346,1
1279349,1
1279353,1
1279366,1
1279382,1
1279387,1
1279391,1
1279403,1
1279406,1
1279420,1
1279424,1
1279426,1
1279428,1
1279441,1
1279444,1
1279451,1
1279460,1
1279482,2
1279484,1
1279495,1
1279499,1
1279503,1
1279516,1
1279536,1
1279554,1
1279557,1
1279570,1
1279576,2
1279591,1
1279598,1
1279614,1
1279616,1
1279631,1
1279633,1
1279652,1
1279654,1
1279666,1
1279670,1
1279673,1
1279687,1
1279693,1
1279707,1
1279710,1
1279726,1
1279729,1
1279744,1
1279757,1
1279763,1
1279765,1
1279767,1
1279769,1
1279772,1
1279783,1
1279785,1
1279795,1
1279800,1
1279818,1
1279835,1
1279844,1
1279859,1
1279861,1
1279878,1
1279882,1
1279896,1
1279904,1
1279915,1
1279919,2
1279934,1
1279936,1
1279939,1
1279951,1
1279953,1
1279969,1
1279974,1
1279987,1
1279989,1
1279994,1
1280003,1
1280014,1
1280017,1
1280031,1
1280052,1
1280054,1
1280091,1
1280121,1
1280125,1
1280127,1
1280129,1
1280132,1
1280158,1
1280161,1
1280165,1
1280170,1
1280189,1
1280203,1
1280205,1
1280220,1
1280222,1
1280225,2
1280240,1
1280259,1
1280274,1
1280277,1
1280283,1
1280296,1
1280315,1
1280331,1
1280335,1
1280340,2
1280354,1
1280360,2
1280373,1
1280376,2
1280388,1
1280393,1
1280400,1
1280404,1
1280410,1
1280412,1
1280414,1
1280416,1
1280418,1
1280430,1
1280432,1
1280445,1
1280448,1
1280451,1
1280462,1
1280467,1
1280484,1
1280487,1
1280504,1
1280508,1
1280516,1
1280524,1
1280542,1
1280545,2
1280547,1
1280560,1
1280566,1
1280581,1
1280592,1
1280605,2
1280620,1
1280635,1
1280640,1
1280656,1
1280676,1
1280680,1
1280694,1
1280716,1
1280718,1
1280727,1
1280734,1
1280736,1
1280751,1
1280767,1
1280770,1
1280774,1
1280783,1
1280805,1
1280812,1
1280815,1
1280827,1
1280851,1
1280864,1
1280866,1
1280868,1
1280884,1
1280886,1
1280888,1
1280892,1
1280903,1
1280907,1
1280921,2
1280925,1
1280929,1
1280944,1
1280946,1
1280949,2
1280965,1
1280980,1
1280982,1
1280985,1
1280998,1
1281000,1
1281004,1
1281017,1
1281019,1
1281023,1
1281025,1
1281037,1
1281041,1
1281056,1
1281071,1
1281074,1
1281076,1
1281078,1
1281080,1
1281083,1
1281095,1
1281097,1
1281111,1
1281113,1
1281131,1
1281134,1
1281149,1
1281152,1
1281156,1
1281171,1
1281179,1
1281192,1
1281206,1
1281212,1
1281233,1
1281246,1
1281249,1
1281251,1
1281265,1
1281267,1
1281282,1
1281303,1
1281321,1
1281323,1
1281325,1
1281342,1
1281346,1
1281359,1
1281361,1
1281363,1
1281385,1
1281396,1
1281401,1
1281416,1
1281418,1
1281423,2
1281437,1
1281451,1
1281456,1
1281460,1
1281473,1
1281475,1
1281477,1
1281479,1
1281495,1
1281501,1
1281516,1
1281522,1
1281526,1
1281533,1
1281535,1
1281537,1
1281552,1
1281569,1
1281573,1
1281588,1
1281606,1
1281608,1
1281610,1
1281614,1
1281619,1
1281628,1
1281630,1
1281633,2
1281637,1
1281647,1
1281652,1
1281660,1
1281689,2
1281701,1
1281704,1
1281711,1
1281725,1
1281727,1
1281739,1
1281743,1
1281757,1
1281760,1
1281762,1
1281768,1
1281774,1
1281783,1
1281785,1
1281794,1
1281807,1
1281812,1
1281820,1
1281822,1
1281835,1
1281837,1
1281839,1
1281852,1
1281856,2
1281872,1
1281875,1
1281879,1
1281895,1
1281911,1
1281913,1
1281930,1
1281950,1
1281952,1
1281967,1
1281969,1
1281971,1
1281974,1
1281987,1
1282005,1
1282008,1
1282025,1
1282027,1
1282044,1
1282055,1
1282060,1
1282064,1
1282067,1
1282071,1
1282083,1
1282085,1
1282097,1
1282100,1
1282102,1
1282105,1
1282110,1
1282121,1
1282123,1
1282142,2
1282147,1
1282159,1
1282178,1
1282181,1
1282190,1
1282198,1
1282218,1
1282220,1
1282247,1
1282250,1
1282253,1
1282255,1
1282258,1
1282271,1
1282273,1
1282275,1
1282291,1
1282312,1
1282347,1
1282351,1
1282363,1
1282368,1
1282371,1
1282386,1
1282402,1
1282405,1
1282407,1
1282425,1
1282427,1
1282443,1
1282448,1
1282455,1
1282463,1
1282482,1
1282487,1
1282501,1
1282505,1
1282519,1
1282522,1
1282524,1
1282535,1
1282554,1
1282560,1
1282574,1
1282578,2
1282582,2
1282584,1
1282598,1
1282602,1
1282614,1
1282616,1
1282628,1
1282631,1
1282634,1
1282636,1
1282641,1
1282648,1
1282653,1
1282670,1
1282672,1
1282683,1
1282706,1
1282727,1
1282730,1
1282739,1
1282748,1
1282750,1
1282755,1
1282762,1
1282768,1
1282783,1
1282785,1
1282787,1
1282790,1
1282804,1
1282822,1
1282840,1
1282842,1
1282845,1
1282861,1
1282876,1
1282878,1
1282881,1
1282883,1
1282902,1
1282916,1
1282919,1
1282936,1
1282942,1
1282956,1
1282971,1
1282975,1
1282977,1
1282979,1
1282985,1
1282997,1
1283011,1
1283014,1
1283019,1
1283027,1
1283038,1
1283049,1
1283052,1
1283057,1
1283060,1
1283071,1
1283073,1
1283090,1
1283125,1
1283128,1
1283130,1
1283145,1
1283147,1
1283149,1
1283166,1
1283182,1
1283184,1
1283204,1
1283206,1
1283241,1
1283243,1
1283246,1
1283260,1
1283262,1
1283266,1
1283277,1
1283280,1
1283295,1
1283297,1
1283299,1
1283302,1
1283304,1
1283316,1
1283319,1
1283321,1
1283340,1
1283354,1
1283356,1
1283374,1
1283393,1
1283396,1
1283412,1
1283427,1
1283431,1
1283433,1
1283449,1
1283451,1
1283466,1
1283469,1
1283478,1
1283488,1
1283492,1
1283504,1
1283512,1
1283514,1
1283528,2
1283543,1
1283548,1
1283551,1
1283565,1
1283570,1
1283601,1
1283603,1
1283623,2
1283625,1
1283639,1
1283642,1
1283658,1
1283666,1
1283674,1
1283681,1
1283697,1
1283699,1
1283713,1
1283717,1
1283720,1
1283735,1
1283737,1
1283740,1
1283752,1
1283756,1
1283759,1
1283773,1
1283789,1
1283792,1
1283795,1
1283811,1
1283830,1
1283833,1
1283845,1
1283850,1
1283854,1
1283857,1
1283872,1
1283882,1
1283885,1
1283890,2
1283898,1
1283909,1
1283912,1
1283924,1
1283928,1
1283932,1
1283936,1
1283941,1
1283946,1
1283962,1
1283964,1
1283974,1
1283979,1
1283984,1
1284000,1
1284008,1
1284021,1
1284043,1
1284055,1
1284059,1
1284062,1
1284078,2
1284108,1
1284114,1
1284119,1
1284131,1
1284138,1
1284142,1
1284154,1
1284170,1
1284173,1
1284191,1
1284207,1
1284210,1
1284214,1
1284227,1
1284230,1
1284233,1
1284243,1
1284248,1
1284250,1
1284254,1
1284265,1
1284268,1
1284271,1
1284280,1
1284303,1
1284305,1
1284322,1
1284325,1
1284329,1
1284346,1
1284362,1
1284364,1
1284380,1
1284382,1
1284399,1
1284401,1
1284415,1
1284424,1
1284439,1
1284455,1
1284457,1
1284459,1
1284476,1
1284492,1
1284499,1
1284504,1
1284515,1
1284535,1
1284537,1
1284540,1
1284550,1
1284555,1
1284570,1
1284576,1
1284607,1
1284609,1
1284613,1
1284629,1
1284644,1
1284648,1
1284663,1
1284666,1
1284669,1
1284683,1
1284686,1
1284688,1
1284704,1
1284717,1
1284737,1
1284742,1
1284748,1
1284761,1
1284763,1
1284765,1
1284778,1
1284781,1
1284801,1
1284816,1
1284822,1
1284836,1
1284839,2
1284842,1
1284877,1
1284881,1
1284895,1
1284912,1
1284917,1
1284919,1
1284933,1
1284944,1
1284952,2
1284957,1
1284960,1
1284973,1
1284976,1
1284982,1
1284992,2
1284995,1
1285004,1
1285011,1
1285016,1
1285027,1
1285030,1
1285033,1
1285045,1
1285051,1
1285065,1
1285080,1
1285087,1
1285095,1
1285104,1
1285127,1
1285144,1
1285158,1
1285160,1
1285162,1
1285164,1
1285179,1
1285191,1
1285195,1
1285202,1
1285205,1
1285217,1
1285219,1
1285222,1
1285235,1
1285237,1
1285240,1
1285254,1
1285256,1
1285261,1
1285270,1
1285274,1
1285276,1
1285279,1
1285290,1
1285294,1
1285298,1
1285300,1
1285312,1
1285314,1
1285317,1
1285339,1
1285349,1
1285351,1
1285354,1
1285369,1
1285375,1
1285387,1
1285393,1
1285407,1
1285425,1
1285427,1
1285443,1
1285446,1
1285463,1
1285469,1
1285473,1
1285483,1
1285486,1
1285506,1
1285521,1
1285538,1
1285544,1
1285556,1
1285560,1
1285564,1
1285580,1
1285587,1
1285594,1
1285603,1
1285611,1
1285616,1
1285620,1
1285631,1
1285633,1
1285640,1
1285646,1
1285652,1
1285655,1
1285657,1
1285661,1
1285667,1
1285673,1
1285675,1
1285686,1
1285692,1
1285695,1
1285706,1
1285713,1
1285715,1
1285717,1
1285721,1
1285730,1
1285732,1
1285734,1
1285747,1
1285751,1
1285766,1
1285769,1
1285772,1
1285786,1
1285789,1
1285805,1
1285811,1
1285824,1
1285826,1
1285828,1
1285842,1
1285845,1
1285866,1
1285882,1
1285898,1
1285901,1
1285904,1
1285920,1
1285940,1
1285942,1
1285974,1
1285976,1
1285979,1
1285982,1
1285985,1
1285997,1
1285999,1
1286007,1
1286013,1
1286016,1
1286018,1
1286020,1
1286025,1
1286033,1
1286036,1
1286052,1
1286057,1
1286072,1
1286089,1
1286097,1
1286110,1
1286113,1
1286128,1
1286130,1
1286132,1
1286135,1
1286147,1
1286150,1
1286153,1
1286167,1
1286169,1
1286175,1
1286184,1
1286187,1
1286202,1
1286211,1
1286224,1
1286228,1
1286241,1
1286243,1
1286248,1
1286262,1
1286266,1
1286280,1
1286282,1
1286297,1
1286300,1
1286311,1
1286323,1
1286328,1
1286333,1
1286338,1
1286340,1
1286345,1
1286350,1
1286361,1
1286366,1
1286375,1
1286382,1
1286384,1
1286395,1
1286398,1
1286430,1
1286436,1
1286438,1
1286451,1
1286454,1
1286460,1
1286468,1
1286473,1
1286489,1
1286505,1
1286512,1
1286528,1
1286549,1
1286564,1
1286568,2
1286570,1
1286590,1
1286604,1
1286621,1
1286623,1
1286641,1
1286659,1
1286665,1
1286680,1
1286694,1
1286701,1
1286718,1
1286722,1
1286735,1
1286738,1
1286741,1
1286748,1
1286757,1
1286765,1
1286771,1
1286775,1
1286778,2
1286781,1
1286791,1
1286796,1
1286811,1
1286813,1
1286823,1
1286850,1
1286857,1
1286874,1
1286888,1
1286890,1
1286892,1
1286903,1
1286908,1
1286910,1
1286912,1
1286915,1
1286929,2
1286943,1
1286946,1
1286965,1
1286970,1
1286981,1
1287008,1
1287021,1
1287040,1
1287042,1
1287059,1
1287061,1
1287065,1
1287083,1
1287097,1
1287099,1
1287103,1
1287110,1
1287118,1
1287122,1
1287135,1
1287137,1
1287141,1
1287155,1
1287161,1
1287173,1
1287175,1
1287179,1
1287182,1
1287194,1
1287199,1
1287211,1
1287213,1
1287224,1
1287227,1
1287232,1
1287238,1
1287243,1
1287252,1
1287262,1
1287270,1
1287322,1
1287325,1
1287327,1
1287330,1
1287345,1
1287348,1
1287359,1
1287361,1
1287366,1
1287380,1
1287383,1
1287388,1
1287402,1
1287407,1
1287421,1
1287435,1
1287438,1
1287447,1
1287463,1
1287476,1
1287482,1
1287496,1
1287499,1
1287503,1
1287508,1
1287512,1
1287519,1
1287521,1
1287533,1
1287535,1
1287544,1
1287550,1
1287556,1
1287559,1
1287572,1
1287593,1
1287616,1
1287630,1
1287635,1
1287665,1
1287673,1
1287687,1
1287702,1
1287708,1
1287711,1
1287725,1
1287729,1
1287742,1
1287752,1
1287758,1
1287765,1
1287769,1
1287801,2
1287806,1
1287821,1
1287824,1
1287831,1
1287839,1
1287842,2
1287844,1
1287860,1
1287876,1
1287887,1
1287906,1
1287916,1
1287927,1
1287932,1
1287937,1
1287942,1
1287951,1
1287954,1
1287969,1
1287979,1
1287990,1
1287992,1
1287997,1
1288014,1
1288027,1
1288030,1
1288033,1
1288046,1
1288049,2
1288051,1
1288056,1
1288066,1
1288079,1
1288086,1
1288088,1
1288093,1
1288106,2
1288108,1
1288111,1
1288124,1
1288127,1
1288144,1
1288148,1
1288158,1
1288165,1
1288170,1
1288182,1
1288198,1
1288218,1
1288220,1
1288224,1
1288230,1
1288239,1
1288245,1
1288257,1
1288261,1
1288266,1
1288276,1
1288281,1
1288295,1
1288312,1
1288332,1
1288335,1
1288352,1
1288366,1
1288368,1
1288388,1
1288394,1
1288408,1
1288417,1
1288427,1
1288443,1
1288447,1
1288451,1
1288465,1
1288467,1
1288469,1
1288473,1
1288486,1
1288498,1
1288503,1
1288507,2
1288520,1
1288523,1
1288529,1
1288542,1
1288558,1
1288562,1
1288577,1
1288580,1
1288582,1
1288585,1
1288598,1
1288601,1
1288604,1
1288616,1
1288619,1
1288622,1
1288629,1
1288634,1
1288648,1
1288662,1
1288671,1
1288676,1
1288689,1
1288692,1
1288696,1
1288713,1
1288730,1
1288734,1
1288737,1
1288739,1
1288753,1
1288767,1
1288773,1
1288780,1
1288790,1
1288793,1
1288804,1
1288808,1
1288810,1
1288819,1
1288824,1
1288827,1
1288831,2
1288836,1
1288852,1
1288865,1
1288883,1
1288886,1
1288888,1
1288921,1
1288924,1
1288932,1
1288942,1
1288946,1
1288966,1
1288974,1
1288979,1
1288987,1
1288999,1
1289004,1
1289014,1
1289021,2
1289037,1
1289044,1
1289055,1
1289058,1
1289071,1
1289074,1
1289076,1
1289085,1
1289093,1
1289095,1
1289110,1
1289112,1
1289116,1
1289128,1
1289130,1
1289133,1
1289136,1
1289140,1
1289150,1
1289165,1
1289167,1
1289171,1
1289184,1
1289189,1
1289206,1
1289222,1
1289248,1
1289257,1
1289276,1
1289284,1
1289289,1
1289301,1
1289307,1
1289313,1
1289323,1
1289325,1
1289340,1
1289347,1
1289354,1
1289360,1
1289362,1
1289364,1
1289379,2
1289394,1
1289397,1
1289405,1
1289420,1
1289434,1
1289437,1
1289440,1
1289462,1
1289472,1
1289474,1
1289489,1
1289491,1
1289497,1
1289513,1
1289533,1
1289540,1
1289548,1
1289553,1
1289567,1
1289570,2
1289579,1
1289586,1
1289591,1
1289595,1
1289602,1
1289607,1
1289613,1
1289617,1
1289622,1
1289626,1
1289631,1
1289644,1
1289648,1
1289650,1
1289662,1
1289665,1
1289680,1
1289683,2
1289686,1
1289709,1
1289711,1
1289721,1
1289738,1
1289741,1
1289758,1
1289764,1
1289775,1
1289777,1
1289779,1
1289781,1
1289793,1
1289797,1
1289807,1
1289818,1
1289822,1
1289829,1
1289835,1
1289856,2
1289872,1
1289876,1
1289893,2
1289896,1
1289907,1
1289911,1
1289913,1
1289928,1
1289944,1
1289949,1
1289953,1
1289967,1
1289974,1
1289985,1
1289990,2
1290003,1
1290006,1
1290015,1
1290041,1
1290045,1
1290053,1
1290060,1
1290065,2
1290068,1
1290082,1
1290098,1
1290100,1
1290118,1
1290138,2
1290144,1
1290147,1
1290159,1
1290175,1
1290190,1
1290197,1
1290209,1
1290213,2
1290217,1
1290223,1
1290241,1
1290249,1
1290270,1
1290295,1
1290301,1
1290311,2
1290326,1
1290331,1
1290346,1
1290356,1
1290363,1
1290373,1
1290384,1
1290386,1
1290388,1
1290396,1
1290410,1
1290423,1
1290434,1
1290442,1
1290444,1
1290449,1
1290460,1
1290463,1
1290470,1
1290477,1
1290480,1
1290482,1
1290486,1
1290509,1
1290537,2
1290548,1
1290553,1
1290560,1
1290564,1
1290573,1
1290577,1
1290607,1
1290612,1
1290649,1
1290651,1
1290654,1
1290661,1
1290669,1
1290686,1
1290688,1
1290693,1
1290706,1
1290720,1
1290725,1
1290727,1
1290731,1
1290743,1
1290746,1
1290748,1
1290753,1
1290764,1
1290769,1
1290785,1
1290808,1
1290814,1
1290823,1
1290828,1
1290838,1
1290847,1
1290851,1
1290859,1
1290862,1
1290876,1
1290896,1
1290910,1
1290922,1
1290948,1
1290953,1
1290956,1
1290968,1
1290972,1
1290985,1
1290994,1
1291002,1
1291005,1
1291010,1
1291017,1
1291029,1
1291032,1
1291042,1
1291051,1
1291067,1
1291081,1
1291088,1
1291092,1
1291105,1
1291107,1
1291110,2
1291115,1
1291128,1
1291133,1
1291139,1
1291145,1
1291158,1
1291165,1
1291170,1
1291177,1
1291179,1
1291184,1
1291186,1
1291221,1
1291223,1
1291230,1
1291248,1
1291259,1
1291265,1
1291275,2
1291278,1
1291283,1
1291288,1
1291298,1
1291301,2
1291305,1
1291325,1
1291335,1
1291342,1
1291347,1
1291355,1
1291357,1
1291371,1
1291374,1
1291379,1
1291385,1
1291392,1
1291394,1
1291397,1
1291411,1
1291427,1
1291431,2
1291439,1
1291444,1
1291451,1
1291465,1
1291467,1
1291469,1
1291492,1
1291494,1
1291507,1
1291515,1
1291521,1
1291539,1
1291545,1
1291548,1
1291564,2
1291577,1
1291580,1
1291584,1
1291615,1
1291621,1
1291626,1
1291633,1
1291637,1
1291640,1
1291642,1
1291673,1
1291685,1
1291695,1
1291709,1
1291715,1
1291717,1
1291719,1
1291730,1
1291740,1
1291743,1
1291748,1
1291753,1
1291755,1
1291757,1
1291760,1
1291764,1
1291771,1
1291788,1
1291805,1
1291807,1
1291816,1
1291828,1
1291843,1
1291845,1
1291847,1
1291852,2
1291858,1
1291863,1
1291869,1
1291873,1
1291883,1
1291885,1
1291887,1
1291895,1
1291905,1
1291908,1
1291911,1
1291924,1
1291938,1
1291944,1
1291952,1
1291961,1
1291963,1
1291965,1
1291978,1
1291993,1
1291998,1
1292019,1
1292032,1
1292037,1
1292039,1
1292048,1
1292074,1
1292076,1
1292079,1
1292083,1
1292085,1
1292111,1
1292115,1
1292122,1
1292152,1
1292154,1
1292157,1
1292196,1
1292213,1
1292233,1
1292248,1
1292263,1
1292278,1
1292286,2
1292288,1
1292292,1
1292298,1
1292306,1
1292321,1
1292331,1
1292344,1
1292362,1
1292377,1
1292397,1
1292399,1
1292416,1
1292418,1
1292431,1
1292437,1
1292445,1
1292452,1
1292457,1
1292472,1
1292475,1
1292479,1
1292487,1
1292492,1
1292496,2
1292500,1
1292533,1
1292535,1
1292552,1
1292563,1
1292568,1
1292570,1
1292573,1
1292577,1
1292588,1
1292590,1
1292593,1
1292610,1
1292625,1
1292627,1
1292644,1
1292647,1
1292665,1
1292682,1
1292688,1
1292690,1
1292703,1
1292706,2
1292718,1
1292721,1
1292724,1
1292741,2
1292747,1
1292757,1
1292759,1
1292763,1
1292779,1
1292787,1
1292797,1
1292799,1
1292813,1
1292815,1
1292818,1
1292831,1
1292833,1
1292839,1
1292846,1
1292873,1
1292881,1
1292886,1
1292888,1
1292911,1
1292918,1
1292931,1
1292948,1
1292951,2
1292965,1
1292985,1
1292987,1
1292989,1
1293000,1
1293007,1
1293024,1
1293026,1
1293044,1
1293047,2
1293050,1
1293058,1
1293065,1
1293079,1
1293084,1
1293090,1
1293107,1
1293122,1
1293140,1
1293155,1
1293157,1
1293159,1
1293172,1
1293176,1
1293191,1
1293193,1
1293195,1
1293211,1
1293217,1
1293234,1
1293243,1
1293255,1
1293268,1
1293290,1
1293297,1
1293307,1
1293312,1
1293315,1
1293338,1
1293367,1
1293387,1
1293404,1
1293406,1
1293423,1
1293438,1
1293444,1
1293459,1
1293462,1
1293464,1
1293475,1
1293477,1
1293483,1
1293489,1
1293500,1
1293506,1
1293520,1
1293538,1
1293557,1
1293568,1
1293570,1
1293578,1
1293590,1
1293593,1
1293609,1
1293612,1
1293616,1
1293623,1
1293629,1
1293635,1
1293648,1
1293653,1
1293668,1
1293671,1
1293673,1
1293684,1
1293688,1
1293692,1
1293707,1
1293709,1
1293711,1
1293720,1
1293724,1
1293726,1
1293746,1
1293753,1
1293760,1
1293766,1
1293770,1
1293786,1
1293798,1
1293800,1
1293806,1
1293822,1
1293824,1
1293841,1
1293843,1
1293861,1
1293878,1
1293894,1
1293916,1
1293919,1
1293935,1
1293938,1
1293940,1
1293956,1
1293966,1
1293971,1
1293994,1
1294004,1
1294019,1
1294039,1
1294050,1
1294080,1
1294082,1
1294089,1
1294110,1
1294116,1
1294124,1
1294133,1
1294152,1
1294166,1
1294179,1
1294184,1
1294186,1
1294196,1
1294199,1
1294220,1
1294222,1
1294224,1
1294237,1
1294259,1
1294274,1
1294278,1
1294281,1
1294297,1
1294316,1
1294332,1
1294336,1
1294339,2
1294351,1
1294353,1
1294357,1
1294371,1
1294373,1
1294380,1
1294388,1
1294390,1
1294392,1
1294397,1
1294409,1
1294414,1
1294425,1
1294430,1
1294433,1
1294444,1
1294450,1
1294456,1
1294465,1
1294471,1
1294484,1
1294489,1
1294492,2
1294503,1
1294505,1
1294525,1
1294528,1
1294541,1
1294546,1
1294551,1
1294563,1
1294566,1
1294568,1
1294581,1
1294585,1
1294600,1
1294604,1
1294606,1
1294617,1
1294623,1
1294638,1
1294640,1
1294654,1
1294658,1
1294662,2
1294677,1
1294681,1
1294686,1
1294708,1
1294716,1
1294718,1
1294734,1
1294736,1
1294752,1
1294756,1
1294767,1
1294772,1
1294775,1
1294791,1
1294807,1
1294812,1
1294829,1
1294840,1
1294850,1
1294855,1
1294860,1
1294869,1
1294871,1
1294884,1
1294890,1
1294903,1
1294905,1
1294908,1
1294916,1
1294922,1
1294929,1
1294931,1
1294942,1
1294944,1
1294947,1
1294949,1
1294959,1
1294967,1
1294977,1
1294980,1
1294991,1
1294998,1
1295014,1
1295022,1
1295035,1
1295039,1
1295045,1
1295059,1
1295090,1
1295094,1
1295098,1
1295111,1
1295114,1
1295117,1
1295129,1
1295136,1
1295147,1
1295151,1
1295154,1
1295157,2
1295164,1
1295174,1
1295177,1
1295187,1
1295190,1
1295193,1
1295210,1
1295224,1
1295244,1
1295269,2
1295287,1
1295289,1
1295302,1
1295304,1
1295306,1
1295311,1
1295336,1
1295340,1
1295342,1
1295344,1
1295347,1
1295359,1
1295384,1
1295395,1
1295401,1
1295416,1
1295422,1
1295434,1
1295438,1
1295460,1
1295466,1
1295471,1
1295473,1
1295479,1
1295493,1
1295495,1
1295507,1
1295515,1
1295528,1
1295533,1
1295536,1
1295550,1
1295571,1
1295573,1
1295586,1
1295591,1
1295608,1
1295610,1
1295625,1
1295643,1
1295648,1
1295650,1
1295654,1
1295665,1
1295667,1
1295670,2
1295683,1
1295702,1
1295715,1
1295720,1
1295723,1
1295738,1
1295757,1
1295760,1
1295763,1
1295765,1
1295780,1
1295792,1
1295795,1
1295799,1
1295802,1
1295816,1
1295819,1
1295834,1
1295838,1
1295842,1
1295859,1
1295862,1
1295873,1
1295877,1
1295894,1
1295896,1
1295898,1
1295914,1
1295932,1
1295939,1
1295948,1
1295952,1
1295954,1
1295967,1
1295969,1
1295971,1
1295976,1
1295989,1
1295993,1
1296001,1
1296007,1
1296010,1
1296022,1
1296025,1
1296027,1
1296029,1
1296042,1
1296044,1
1296048,1
1296065,1
1296067,1
1296070,1
1296078,1
1296083,1
1296101,1
1296104,1
1296107,1
1296118,1
1296124,1
1296140,1
1296143,1
1296165,1
1296177,1
1296182,1
1296194,1
1296197,1
1296209,1
1296217,1
1296220,1
1296230,1
1296232,1
1296236,1
1296240,2
1296242,1
1296271,1
1296275,1
1296284,1
1296314,1
1296323,1
1296330,1
1296348,1
1296350,1
1296354,2
1296362,1
1296366,1
1296371,1
1296387,1
1296389,1
1296400,1
1296409,1
1296445,1
1296484,1
1296498,1
1296504,2
1296520,2
1296523,1
1296525,1
1296540,1
1296543,2
1296551,1
1296556,1
1296561,1
1296570,1
1296577,1
1296589,1
1296593,1
1296598,1
1296606,1
1296616,1
1296627,1
1296637,1
1296654,1
1296682,1
1296685,1
1296694,1
1296707,1
1296712,1
1296724,1
1296729,1
1296732,1
1296744,1
1296748,1
1296750,1
1296753,2
1296762,1
1296786,1
1296794,1
1296803,1
1296807,1
1296810,1
1296839,1
1296847,1
1296851,1
1296864,1
1296877,1
1296883,1
1296900,1
1296907,1
1296918,1
1296921,1
1296923,1
1296925,1
1296939,1
1296941,1
1296943,1
1296951,1
1296957,1
1296977,1
1296992,1
1296994,1
1296998,1
1297011,1
1297017,1
1297038,2
1297045,1
1297048,1
1297051,1
1297056,1
1297071,1
1297073,1
1297079,1
1297089,1
1297110,1
1297115,1
1297128,1
1297130,1
1297145,1
1297148,1
1297150,1
1297152,1
1297165,1
1297168,1
1297183,1
1297203,1
1297205,1
1297224,1
1297242,1
1297259,1
1297263,1
1297276,1
1297278,1
1297283,1
1297287,1
1297296,1
1297298,1
1297300,1
1297305,2
1297320,1
1297322,1
1297336,1
1297340,1
1297355,1
1297367,1
1297391,1
1297394,1
1297397,1
1297414,1
1297431,1
1297440,1
1297448,1
1297473,1
1297484,1
1297490,1
1297495,1
1297513,1
1297528,1
1297535,1
1297545,1
1297582,1
1297586,1
1297604,1
1297619,1
1297621,1
1297623,1
1297625,1
1297627,1
1297640,1
1297642,1
1297645,1
1297659,1
1297661,1
1297663,1
1297669,1
1297681,1
1297689,1
1297698,1
1297704,2
1297717,1
1297719,1
1297721,1
1297725,1
1297755,1
1297758,1
1297774,1
1297776,1
1297780,1
1297797,1
1297814,1
1297830,1
1297836,1
1297851,1
1297868,1
1297870,1
1297878,1
1297884,1
1297890,1
1297905,1
1297907,1
1297911,1
1297926,1
1297945,1
1297947,1
1297969,1
1297998,1
1298002,1
1298005,1
1298022,1
1298044,1
1298046,1
1298056,1
1298060,1
1298063,1
1298067,1
1298078,1
1298081,2
1298083,1
1298121,1
1298155,1
1298176,1
1298180,1
1298189,1
1298196,1
1298212,1
1298217,1
1298231,1
1298233,1
1298249,1
1298263,1
1298267,1
1298270,1
1298274,1
1298288,1
1298290,1
1298322,1
1298326,1
1298330,1
1298337,1
1298342,1
1298359,1
1298363,1
1298365,1
1298367,1
1298399,1
1298403,1
1298410,1
1298421,1
1298424,1
1298441,1
1298456,1
1298462,1
1298484,1
1298496,1
1298512,1
1298520,1
1298534,1
1298549,1
1298553,1
1298555,1
1298571,1
1298576,1
1298580,1
1298594,1
1298608,1
1298612,1
1298627,1
1298634,1
1298652,2
1298671,2
1298686,1
1298688,1
1298691,2
1298693,1
1298707,1
1298722,1
1298738,1
1298744,1
1298746,1
1298758,1
1298763,1
1298765,1
1298767,1
1298778,1
1298783,1
1298786,2
1298801,1
1298820,1
1298835,1
1298856,1
1298867,1
1298871,1
1298876,1
1298882,2
1298888,1
1298894,1
1298898,1
1298901,1
1298913,1
1298931,1
1298934,1
1298939,1
1298949,1
1298953,1
1298962,1
1298990,1
1298993,1
1299011,1
1299019,1
1299028,1
1299030,1
1299033,2
1299045,1
1299049,1
1299051,1
1299067,1
1299070,1
1299081,1
1299091,1
1299094,1
1299099,1
1299102,1
1299108,1
1299125,1
1299128,1
1299137,1
1299139,1
1299152,1
1299162,1
1299169,1
1299175,1
1299178,1
1299181,1
1299199,1
1299213,1
1299219,1
1299225,1
1299233,1
1299241,1
1299243,1
1299255,1
1299259,1
1299267,1
1299292,1
1299296,1
1299333,1
1299351,1
1299365,1
1299369,1
1299387,1
1299390,1
1299392,1
1299394,1
1299407,1
1299411,1
1299424,1
1299428,1
1299435,1
1299448,1
1299451,1
1299466,1
1299469,1
1299472,1
1299483,1
1299497,1
1299504,1
1299556,1
1299562,1
1299580,1
1299595,1
1299616,1
1299618,1
1299622,1
1299626,1
1299636,1
1299640,1
1299657,1
1299671,1
1299679,1
1299696,1
1299713,1
1299750,1
1299754,2
1299757,1
1299788,1
1299790,1
1299806,1
1299812,2
1299828,1
1299850,1
1299865,1
1299868,1
1299879,1
1299890,1
1299900,1
1299904,1
1299907,1
1299923,1
1299941,1
1299946,2
1299949,1
1299960,1
1299962,1
1299964,1
1299977,1
1299980,1
1299992,1
1299995,1
1400000,1
1400014,1
1400018,1
1400028,1
1400034,1
1400040,1
1400050,1
1400056,1
1400058,1
1400071,1
1400074,1
1400077,2
1400080,1
1400094,1
1400098,1
1400110,1
1400114,1
1400126,1
1400132,1
1400135,1
1400151,1
1400169,1
1400197,1
1400208,1
1400211,1
1400226,1
1400228,1
1400230,1
1400242,1
1400245,1
1400248,1
1400261,1
1400264,1
1400271,1
1400279,1
1400284,1
1400302,1
1400318,1
1400320,1
1400329,1
1400355,1
1400358,1
1400360,1
1400362,1
1400365,2
1400380,2
1400397,1
1400400,1
1400402,1
1400413,1
1400416,1
1400418,1
1400422,1
1400426,1
1400434,1
1400439,1
1400449,1
1400455,1
1400470,1
1400478,1
1400489,1
1400497,2
1400499,1
1400509,1
1400514,1
1400517,1
1400519,1
1400529,1
1400533,1
1400544,1
1400546,1
1400551,2
1400555,1
1400564,1
1400568,1
1400586,1
1400601,1
1400604,1
1400610,2
1400624,1
1400664,2
1400667,1
1400683,1
1400701,2
1400704,1
1400718,1
1400722,1
1400738,1
1400741,1
1400759,1
1400777,1
1400779,1
1400781,1
1400784,1
1400794,1
1400797,1
1400800,1
1400813,1
1400816,1
1400837,1
1400841,1
1400853,1
1400858,2
1400875,1
1400896,1
1400908,1
1400916,1
1400927,1
1400930,1
1400933,1
1400944,1
1400949,1
1400980,1
1401001,1
1401006,1
1401009,1
1401027,1
1401042,1
1401080,1
1401084,1
1401089,1
1401101,1
1401118,1
1401122,1
1401138,1
1401140,1
1401176,1
1401193,1
1401198,1
1401213,1
1401215,1
1401221,1
1401223,1
1401237,1
1401239,1
1401251,1
1401253,1
1401255,1
1401271,1
1401274,1
1401284,1
1401289,1
1401293,1
1401306,1
1401310,1
1401321,1
1401327,1
1401338,1
1401344,1
1401348,1
1401353,1
1401367,1
1401384,1
1401386,1
1401388,1
1401390,1
1401402,1
1401419,1
1401421,1
1401425,1
1401428,1
1401441,1
1401445,1
1401457,1
1401462,1
1401465,1
1401475,1
1401480,1
1401483,1
1401485,1
1401497,1
1401519,1
1401533,1
1401537,1
1401551,1
1401560,2
1401573,1
1401576,1
1401578,1
1401580,1
1401598,1
1401608,1
1401613,1
1401615,1
1401629,1
1401634,1
1401640,1
1401649,1
1401652,1
1401684,1
1401688,1
1401692,1
1401705,1
1401711,1
1401727,1
1401730,1
1401758,1
1401782,1
1401786,1
1401799,1
1401820,1
1401823,1
1401825,1
1401827,1
1401838,1
1401841,1
1401849,1
1401859,1
1401863,1
1401874,1
1401878,1
1401882,1
1401889,1
1401898,1
1401900,1
1401902,1
1401911,1
1401915,1
1401919,1
1401922,1
1401925,1
1401937,1
1401955,1
1401973,1
1401976,1
1401990,1
1401994,1
1401996,1
1402008,1
1402013,1
1402022,1
1402035,1
1402050,1
1402066,1
1402068,1
1402071,1
1402079,1
1402084,1
1402089,1
1402092,1
1402104,1
1402106,1
1402109,1
1402113,1
1402125,1
1402127,1
1402130,1
1402142,1
1402145,1
1402147,1
1402161,1
1402164,1
1402166,1
1402169,2
1402200,1
1402202,1
1402216,1
1402222,1
1402226,1
1402239,1
1402242,1
1402257,1
1402259,1
1402261,1
1402265,1
1402279,1
1402282,1
1402295,1
1402298,1
1402302,1
1402322,1
1402330,1
1402354,1
1402371,1
1402373,1
1402388,1
1402392,1
1402407,1
1402410,1
1402413,1
1402427,1
1402430,1
1402435,1
1402444,1
1402454,2
1402484,1
1402489,1
1402505,1
1402507,1
1402521,1
1402544,1
1402564,1
1402566,1
1402583,1
1402585,1
1402595,1
1402601,1
1402603,1
1402617,1
1402622,1
1402624,1
1402636,1
1402640,1
1402642,1
1402658,1
1402660,1
1402692,1
1402695,1
1402699,1
1402704,1
1402717,1
1402720,1
1402722,1
1402740,1
1402753,1
1402755,1
1402769,1
1402772,1
1402777,1
1402790,1
1402793,1
1402808,1
1402812,2
1402828,1
1402832,1
1402847,1
1402849,1
1402864,1
1402867,1
1402871,1
1402883,1
1402889,1
1402909,1
1402924,1
1402926,1
1402941,1
1402943,1
1402945,1
1402961,1
1402964,1
1402983,1
1402996,1
1403001,1
1403005,1
1403015,1
1403022,1
1403039,2
1403055,1
1403059,1
1403061,1
1403065,1
1403076,1
1403078,1
1403092,1
1403094,1
1403098,1
1403104,1
1403107,1
1403116,1
1403118,1
1403129,1
1403132,1
1403144,1
1403171,1
1403180,1
1403189,1
1403193,1
1403223,1
1403243,1
1403249,1
1403272,1
1403284,1
1403291,1
1403323,1
1403328,1
1403341,1
1403344,1
1403361,1
1403375,1
1403382,1
1403400,1
1403415,1
1403420,1
1403432,1
1403438,1
1403441,2
1403455,1
1403458,1
1403468,1
1403475,1
1403477,1
1403493,1
1403496,1
1403509,1
1403512,1
1403514,1
1403516,1
1403518,1
1403540,1
1403543,1
1403549,1
1403551,1
1403555,1
1403558,1
1403572,1
1403588,1
1403599,1
1403604,1
1403609,1
1403612,1
1403618,1
1403628,1
1403631,2
1403644,1
1403647,1
1403649,1
1403666,1
1403675,1
1403680,1
1403683,1
1403688,1
1403697,1
1403705,1
1403714,1
1403719,1
1403726,1
1403743,1
1403758,1
1403761,1
1403766,1
1403775,1
1403781,1
1403794,1
1403799,1
1403812,1
1403819,1
1403832,1
1403835,1
1403839,1
1403846,1
1403851,1
1403854,1
1403857,1
1403859,1
1403869,1
1403891,1
1403894,1
1403897,1
1403909,1
1403914,1
1403926,1
1403932,1
1403946,1
1403954,2
1403964,1
1403973,2
1403991,2
1404004,1
1404009,1
1404022,1
1404024,1
1404027,1
1404030,1
1404046,1
1404051,1
1404060,1
1404064,1
1404070,1
1404081,1
1404085,1
1404090,1
1404097,1
1404104,1
1404109,1
1404115,1
1404121,1
1404124,1
1404137,1
1404140,1
1404144,1
1404146,1
1404154,1
1404162,1
1404183,1
1404187,1
1404193,1
1404196,1
1404199,1
1404209,1
1404214,1
1404219,1
1404222,1
1404229,1
1404261,1
1404274,1
1404287,1
1404290,1
1404293,1
1404308,1
1404311,1
1404313,1
1404332,1
1404348,1
1404367,1
1404371,1
1404376,1
1404388,1
1404391,1
1404403,1
1404408,2
1404422,1
1404425,1
1404440,1
1404446,1
1404451,1
1404456,1
1404481,1
1404485,1
1404499,1
1404505,2
1404526,1
1404535,1
1404538,1
1404542,1
1404552,1
1404554,1
1404557,1
1404572,1
1404578,1
1404589,1
1404598,1
1404601,1
1404610,1
1404614,1
1404618,1
1404628,1
1404630,1
1404637,1
1404649,1
1404652,1
1404655,1
1404657,1
1404660,1
1404665,1
1404675,1
1404690,1
1404693,1
1404712,1
1404717,1
1404728,1
1404762,1
1404767,1
1404769,1
1404776,1
1404805,1
1404818,1
1404826,1
1404842,1
1404844,1
1404853,1
1404859,1
1404862,1
1404865,1
1404870,1
1404878,1
1404886,1
1404901,1
1404904,1
1404919,1
1404921,1
1404939,1
1404953,1
1404958,1
1404970,1
1404977,1
1404989,1
1404993,1
1404997,1
1405004,1
1405012,1
1405015,1
1405018,1
1405021,1
1405032,1
1405043,1
1405047,1
1405052,1
1405055,1
1405067,1
1405071,1
1405073,1
1405084,1
1405091,1
1405109,1
1405118,1
1405125,1
1405131,1
1405135,1
1405148,1
1405161,1
1405164,1
1405167,1
1405169,1
1405172,1
1405183,1
1405187,1
1405198,1
1405201,1
1405205,1
1405207,1
1405221,1
1405223,1
1405225,1
1405227,1
1405230,1
1405240,1
1405279,1
1405282,1
1405286,1
1405296,1
1405312,1
1405315,1
1405336,1
1405338,1
1405356,1
1405372,1
1405375,1
1405377,1
1405383,1
1405394,1
1405410,1
1405412,1
1405415,1
1405417,1
1405425,1
1405433,1
1405435,1
1405447,1
1405452,1
1405470,1
1405485,1
1405490,1
1405503,1
1405511,1
1405516,1
1405525,1
1405530,1
1405549,2
1405565,1
1405567,1
1405584,1
1405599,1
1405604,1
1405608,1
1405623,1
1405638,1
1405641,1
1405645,1
1405650,1
1405662,1
1405675,1
1405678,1
1405681,1
1405690,1
1405694,1
1405699,1
1405714,1
1405718,1
1405730,1
1405736,1
1405738,1
1405752,1
1405757,1
1405768,1
1405775,1
1405777,1
1405790,1
1405794,1
1405814,1
1405819,1
1405832,1
1405846,1
1405848,1
1405851,1
1405853,1
1405861,1
1405865,1
1405868,1
1405871,1
1405873,1
1405877,1
1405882,1
1405885,1
1405890,1
1405892,1
1405895,1
1405899,1
1405905,1
1405908,1
1405910,1
1405921,1
1405939,1
1405964,1
1405981,1
1405984,1
1406016,1
1406018,1
1406020,1
1406024,1
1406034,1
1406038,1
1406041,1
1406043,1
1406056,1
1406058,1
1406079,1
1406086,1
1406094,1
1406100,1
1406110,1
1406116,1
1406118,1
1406130,1
1406135,1
1406140,1
1406151,1
1406154,1
1406157,1
1406199,1
1406205,1
1406212,1
1406215,2
1406230,1
1406232,1
1406244,1
1406248,1
1406251,1
1406256,1
1406259,1
1406265,1
1406269,1
1406273,1
1406286,1
1406303,1
1406305,1
1406308,1
1406321,1
1406326,1
1406340,1
1406343,1
1406347,1
1406349,1
1406373,1
1406378,1
1406383,1
1406385,1
1406397,1
1406416,1
1406420,1
1406436,1
1406443,1
1406450,1
1406459,1
1406461,1
1406475,1
1406510,1
1406514,1
1406516,1
1406518,1
1406529,1
1406532,1
1406536,1
1406548,1
1406551,1
1406556,2
1406565,1
1406569,1
1406589,1
1406591,1
1406593,1
1406606,1
1406611,1
1406626,1
1406629,1
1406631,1
1406636,1
1406665,1
1406687,1
1406703,1
1406708,1
1406726,1
1406734,1
1406742,1
1406744,1
1406746,1
1406758,1
1406761,1
1406778,1
1406782,1
1406794,1
1406815,1
1406836,1
1406839,1
1406853,1
1406858,1
1406870,1
1406878,1
1406891,1
1406895,1
1406897,1
