position,repeat_count
64,63
67,1
71,2
74,2
76,1
79,2
81,1
84,2
88,3
91,2
95,3
98,2
101,2
105,1
107,1
111,1
115,1
118,1
120,1
124,2
128,1
130,1
133,1
136,2
138,1
140,1
143,1
145,1
148,1
152,2
154,1
156,1
159,1
161,1
165,2
169,1
173,2
175,1
177,1
180,1
182,1
185,1
189,2
191,1
193,1
196,1
198,1
201,1
203,1
207,2
211,1
214,2
217,1
221,1
224,1
228,2
230,1
232,1
235,1
237,1
241,2
245,1
247,1
250,1
254,2
256,1
258,1
263,2
267,1
272,1
277,1
282,4
292,4
295,1
302,1
305,2
308,1
313,1
318,1
323,4
330,1
333,1
338,1
342,1
353,1
361,1
368,1
377,1
380,2
386,1
394,2
397,1
399,1
406,1
411,1
417,2
421,1
426,1
431,2
435,1
445,1
450,1
455,1
459,2
463,2
468,2
477,1
480,1
485,2
491,2
497,1
500,1
512,1
514,1
521,1
530,2
536,2
549,1
551,1
557,1
562,1
569,1
574,2
578,1
589,1
592,1
595,1
606,1
612,1
618,2
624,1
627,1
632,2
648,1
650,1
655,1
663,1
666,2
671,2
676,1
680,1
686,1
693,1
695,1
697,1
701,2
709,1
711,1
722,1
724,1
729,2
738,1
746,1
753,1
771,1
774,1
781,1
783,1
786,1
792,1
800,2
805,1
810,1
812,1
817,2
822,1
826,1
828,1
831,1
833,1
835,1
837,1
842,1
850,1
854,1
858,1
861,1
865,1
868,1
870,1
878,1
881,1
883,1
890,1
892,1
895,2
916,1
922,2
929,1
934,1
941,2
944,2
951,1
955,1
960,1
965,1
973,2
982,1
990,1
996,1
1001,2
1008,1
1012,1
1014,1
1022,1
1030,1
1038,1
1041,1
1044,1
1048,1
1050,1
1060,1
1063,1
1072,1
1077,1
1091,1
1096,1
1100,2
1107,2
1112,2
1115,1
1119,1
1122,1
1126,2
1129,2
1134,1
1139,1
1152,2
1158,1
1162,1
1169,1
1176,1
1184,1
1189,1
1192,2
1199,1
1201,1
1208,1
1215,2
1221,1
1226,1
1234,1
1243,1
1246,1
1256,1
1260,1
1263,1
1265,1
1267,1
1269,1
1274,1
1283,2
1290,1
1296,1
1308,1
1313,1
1319,1
1323,2
1333,1
1339,1
1341,1
1349,1
1356,3
1359,2
1363,3
1366,1
1369,1
1376,1
1384,1
1387,1
1393,1
1406,1
1412,1
1416,1
1420,2
1424,1
1431,1
1433,1
1436,2
1446,1
1450,1
1452,1
1456,2
1461,2
1464,1
1467,1
1474,2
1484,1
1491,1
1493,1
1497,2
1500,1
1505,1
1524,1
1526,1
1530,1
1535,2
1539,1
1543,1
1547,1
1554,1
1558,3
1561,1
1572,1
1579,1
1585,1
1588,1
1595,2
1600,1
1602,1
1608,2
1615,1
1623,1
1630,1
1633,1
1641,1
1648,1
1656,1
1659,1
1662,1
1666,1
1672,1
1675,1
1684,1
1691,1
1697,2
1703,1
1712,1
1724,1
1734,1
1739,2
1745,1
1748,1
1752,1
1755,1
1759,2
1761,1
1765,1
1770,1
1776,1
1779,1
1786,1
1794,1
1799,1
1807,1
1809,1
1811,1
1819,3
1825,1
1836,1
1843,1
1848,1
1855,2
1858,1
1861,1
1865,1
1871,2
1876,2
1882,1
1887,1
1890,1
1908,1
1919,1
1928,1
1931,2
1934,1
1940,1
1944,2
1947,1
1952,1
1955,1
1959,2
1967,1
1972,4
1979,1
1982,2
1989,1
1995,1
2000,1
2002,1
2006,1
2012,2
2014,1
2018,3
2025,1
2030,1
2038,1
2040,1
2047,2
2056,2
2060,1
2068,1
2077,1
2080,1
2084,1
2089,2
2093,1
2102,1
2108,2
2113,2
2115,1
2119,1
2122,1
2125,1
2130,1
2135,1
2150,2
2153,1
2162,1
2168,1
2173,1
2176,1
2178,1
2180,1
2183,1
2185,1
2188,1
2190,1
2197,1
2201,1
2209,2
2212,2
2215,2
2217,1
2221,1
2227,1
2238,1
2243,1
2251,2
2258,1
2261,2
2263,1
2266,1
2273,1
2276,1
2279,1
2282,1
2288,1
2291,1
2295,1
2300,1
2304,2
2313,2
2320,1
2328,2
2332,1
2337,1
2343,1
2348,2
2351,1
2360,1
2362,1
2381,1
2383,1
2390,1
2394,1
2405,2
2412,2
2421,1
2423,1
2431,2
2436,2
2440,1
2446,1
2448,1
2454,2
2457,1
2459,1
2462,1
2471,2
2475,1
2498,2
2502,1
2505,1
2513,2
2519,1
2525,1
2533,1
2546,1
2551,1
2558,1
2569,1
2584,1
2589,1
2594,2
2597,1
2602,1
2616,2
2627,1
2629,1
2633,2
2637,1
2644,1
2650,1
2653,1
2660,1
2664,2
2670,1
2675,1
2678,2
2683,2
2687,1
2689,1
2699,1
2702,2
2705,1
2709,2
2712,1
2715,1
2719,1
2728,1
2734,1
2737,1
2740,1
2747,2
2750,1
2752,1
2762,2
2764,1
2768,1
2772,2
2777,4
2780,1
2796,1
2802,1
2806,1
2809,2
2814,2
2819,2
2827,1
2830,1
2834,1
2836,1
2843,1
2849,2
2851,1
2863,1
2867,2
2874,1
2881,1
2896,2
2900,1
2902,1
2908,1
2910,1
2913,2
2920,2
2923,1
2929,1
2931,1
2936,1
2943,2
2947,1
2955,1
2957,1
2962,2
2964,1
2970,2
2975,1
2977,1
2985,1
2990,1
2992,1
2998,2
3007,1
3017,1
3022,2
3026,1
3033,1
3036,1
3040,1
3042,1
3045,1
3050,2
3055,1
3058,1
3061,2
3063,1
3066,1
3069,2
3078,2
3082,2
3084,1
3087,1
3089,1
3092,1
3095,1
3098,1
3104,1
3106,1
3108,1
3113,1
3118,2
3123,3
3125,1
3132,1
3134,1
3146,1
3149,1
3152,2
3154,1
3158,1
3163,1
3169,1
3171,1
3174,1
3177,1
3180,2
3183,1
3191,2
3196,1
3210,1
3215,1
3218,1
3220,1
3227,2
3230,1
3233,1
3240,2
3244,1
3246,1
3251,1
3254,2
3258,1
3263,1
3278,1
3284,1
3288,1
3291,1
3297,1
3299,1
3302,1
3314,1
3317,2
3319,1
3321,1
3328,3
3354,1
3362,1
3368,2
3376,1
3379,1
3382,1
3384,1
3386,1
3388,1
3393,1
3401,2
3404,1
3416,1
3420,1
3425,1
3431,1
3436,1
3440,1
3448,2
3450,1
3454,2
3463,2
3475,1
3481,1
3487,2
3490,1
3494,1
3497,1
3501,1
3503,1
3507,1
3513,1
3516,2
3525,1
3528,1
3535,1
3537,1
3541,2
3545,1
3551,1
3564,1
3575,1
3581,1
3587,1
3592,2
3595,2
3600,1
3602,1
3608,1
3611,2
3615,1
3619,1
3622,1
3630,1
3636,1
3640,3
3644,2
3646,1
3661,1
3666,2
3670,1
3677,1
3684,1
3689,1
3692,2
3707,1
3711,1
3725,1
3728,1
3730,1
3732,1
3739,2
3742,2
3750,1
3754,2
3757,2
3762,1
3769,1
3777,1
3780,1
3785,1
3793,1
3802,2
3809,1
3815,2
3818,1
3834,1
3838,1
3846,2
3855,1
3859,2
3862,1
3868,1
3875,1
3884,1
3894,1
3898,1
3903,1
3905,1
3918,1
3921,1
3927,1
3929,1
3932,2
3945,1
3953,1
3956,1
3959,2
3962,1
3968,2
3976,1
3985,1
3990,1
3993,1
3996,1
4000,2
4009,1
4014,1
4017,1
4022,2
4025,2
4037,1
4047,2
4053,1
4055,1
4064,1
4067,1
4071,1
4074,1
4077,1
4079,1
4081,1
4083,1
4086,1
4090,2
4094,1
4103,3
4105,1
4107,1
4110,2
4115,1
4122,2
4130,1
4134,2
4136,1
4140,1
4143,1
4146,1
4148,1
4153,1
4168,2
4171,1
4174,1
4179,3
4186,1
4195,1
4197,1
4205,1
4212,1
4219,1
4223,2
4232,1
4235,1
4239,1
4242,1
4248,1
4253,1
4256,1
4259,2
4261,1
4268,1
4270,1
4275,2
4279,1
4282,1
4287,1
4289,1
4296,1
4298,1
4302,2
4306,2
4325,1
4331,2
4341,1
4343,1
4359,1
4361,1
4368,1
4375,1
4386,2
4389,2
4391,1
4394,2
4396,1
4398,1
4400,1
4406,2
4409,1
4415,1
4420,2
4423,1
4425,1
4433,1
4436,1
4438,1
4440,1
4442,1
4447,1
4454,2
4461,2
4464,1
4468,2
4474,1
4479,1
4483,2
4488,1
4495,1
4499,1
4502,1
4504,1
4506,1
4510,1
4516,1
4524,1
4529,1
4533,1
4540,1
4542,1
4548,1
4555,1
4560,1
4566,1
4570,1
4575,1
4577,1
4580,1
4588,1
4595,2
4602,1
4605,1
4613,1
4616,1
4625,1
4627,1
4633,2
4651,2
4653,1
4656,1
4658,1
4661,1
4666,1
4668,1
4678,1
4681,1
4688,1
4692,1
4694,1
4697,1
4700,1
4705,1
4707,1
4716,1
4722,2
4724,1
4730,1
4733,1
4736,1
4739,1
4745,1
4750,2
4759,1
4762,1
4764,1
4772,1
4774,1
4783,2
4786,2
4795,1
4802,1
4811,1
4821,1
4825,1
4827,1
4832,2
4835,1
4839,2
4845,1
4848,1
4853,2
4860,1
4862,1
4864,1
4869,1
4889,1
4895,1
4898,1
4909,1
4912,1
4915,2
4917,1
4920,1
4929,1
4935,2
4937,1
4948,1
4950,1
4960,2
4963,1
4970,1
4973,1
4979,1
4985,1
4989,1
4995,2
4999,1
5002,1
5011,1
5022,1
5027,1
5031,2
5036,2
5042,1
5045,1
5047,1
5050,1
5061,1
5064,1
5078,2
5090,2
5097,1
5100,2
5104,1
5108,1
5112,1
5115,1
5118,1
5123,2
5127,2
5134,1
5139,1
5142,1
5144,1
5148,1
5150,1
5154,1
5158,1
5164,1
5166,1
5169,1
5174,3
5177,1
5181,1
5190,1
5194,1
5197,1
5202,1
5205,1
5211,1
5215,1
5220,1
5227,1
5229,1
5235,1
5238,2
5257,2
5263,1
5267,1
5270,1
5273,1
5276,1
5280,2
5282,1
5291,2
5301,1
5306,1
5315,1
5317,1
5320,1
5324,2
5329,2
5334,2
5337,1
5339,1
5347,1
5349,1
5352,1
5355,1
5358,1
5361,1
5370,3
5378,1
5382,1
5397,1
5400,1
5409,1
5412,1
5415,1
5417,1
5426,1
5431,1
5435,2
5437,1
5443,1
5445,1
5449,1
5465,1
5467,1
5471,1
5480,1
5482,1
5486,1
5490,2
5493,2
5496,1
5509,1
5515,1
5517,1
5521,1
5524,2
5528,1
5533,1
5535,1
5548,1
5553,2
5557,1
5565,2
5570,1
5575,1
5582,1
5585,2
5587,1
5591,1
5597,1
5605,1
5608,1
5613,1
5619,1
5621,1
5638,3
5644,1
5646,1
5649,1
5657,2
5665,1
5667,1
5676,1
5681,2
5687,2
5693,1
5703,1
5705,1
5710,1
5715,1
5718,1
5725,1
5731,2
5735,1
5737,1
5739,1
5742,1
5746,2
5750,1
5758,1
5769,1
5775,2
5780,1
5783,1
5786,1
5789,2
5794,1
5796,1
5803,1
5805,1
5810,1
5817,1
5821,1
5827,1
5829,1
5831,1
5838,1
5840,1
5854,1
5857,1
5861,2
5865,1
5878,1
5886,1
5889,1
5894,1
5896,1
5900,1
5907,1
5909,1
5916,2
5919,1
5922,1
5926,1
5929,1
5933,1
5939,1
5943,1
5945,1
5957,2
5968,1
5972,1
5975,1
5978,1
5982,2
5990,1
5996,2
5999,1
6017,1
6020,1
6032,1
6045,1
6048,2
6052,1
6054,1
6062,1
6065,1
6069,1
6071,1
6074,1
6079,1
6084,1
6086,1
6095,1
6099,1
6101,1
6107,1
6112,1
6124,1
6127,1
6139,1
6143,1
6145,1
6149,2
6152,2
6155,1
6158,2
6162,1
6164,1
6167,2
6169,1
6185,1
6188,1
6191,1
6198,2
6201,1
6203,1
6206,1
6210,1
6213,1
6217,1
6224,1
6228,2
6233,1
6235,1
6239,1
6245,2
6248,1
6252,2
6258,1
6271,1
6273,1
6280,1
6286,1
6290,1
6292,1
6294,1
6300,1
6303,1
6306,2
6309,2
6315,1
6323,1
6326,1
6333,1
6338,2
6347,2
6349,1
6355,1
6358,1
6361,1
6365,1
6370,2
6374,2
6379,1
6383,2
6388,2
6390,1
6395,2
6400,1
6406,2
6412,1
6419,1
6425,1
6427,1
6429,1
6440,2
6443,1
6447,1
6449,1
6453,1
6464,1
6467,1
6470,1
6482,2
6488,1
6493,1
6496,1
6499,2
6503,1
6510,1
6513,1
6517,2
6520,1
6530,1
6533,1
6538,1
6545,1
6547,1
6550,2
6552,1
6556,1
6562,1
6565,1
6573,1
6576,1
6582,1
6585,1
6590,1
6595,1
6599,1
6604,1
6613,1
6620,2
6622,1
6641,1
6643,1
6651,1
6654,2
6661,1
6680,1
6692,1
6696,2
6709,2
6715,1
6718,1
6729,1
6739,1
6751,1
6759,1
6767,1
6776,1
6785,1
6789,1
6797,1
6809,2
6813,1
6823,1
6836,1
6839,1
6848,1
6852,1
6859,1
6864,1
6866,1
6879,1
6881,1
6887,1
6890,1
6895,1
6898,1
6908,2
6912,1
6914,1
6916,1
6921,2
6925,2
6927,1
6930,1
6932,1
6937,2
6945,2
6949,2
6952,1
6954,1
6959,1
6963,1
6966,1
6968,1
6973,2
6977,2
6988,1
6994,1
7000,2
7003,1
7008,1
7015,1
7021,2
7026,3
7029,1
7035,1
7054,1
7057,2
7067,1
7069,1
7071,1
7079,1
7085,1
7089,1
7091,1
7095,1
7100,1
7103,1
7117,1
7121,2
7124,1
7130,1
7133,1
7135,1
7144,1
7146,1
7150,2
7153,1
7166,1
7169,1
7173,1
7179,1
7184,1
7186,1
7191,4
7195,3
7202,1
7209,1
7222,1
7228,1
7234,1
7236,1
7244,1
7246,1
7254,1
7260,1
7272,1
7277,1
7304,2
7309,1
7313,2
7324,1
7326,1
7342,1
7344,1
7353,2
7356,1
7360,1
7365,1
7367,1
7369,1
7372,1
7374,1
7383,1
7387,1
7389,1
7399,1
7408,2
7415,1
7418,1
7422,1
7426,1
7434,1
7437,1
7440,1
7443,1
7449,1
7458,1
7460,1
7463,1
7468,1
7470,1
7479,1
7483,1
7486,1
7492,1
7497,1
7501,1
7512,1
7517,2
7521,1
7524,1
7529,2
7531,1
7534,1
7539,1
7545,1
7555,1
7562,1
7565,1
7571,1
7575,3
7579,1
7583,1
7585,1
7591,1
7610,2
7619,2
7623,2
7628,1
7631,2
7641,1
7644,1
7648,1
7652,2
7656,1
7659,2
7661,1
7665,1
7676,1
7678,1
7687,2
7705,1
7708,2
7718,1
7724,2
7729,1
7731,1
7734,2
7737,1
7739,1
7741,1
7756,1
7768,1
7781,2
7783,1
7788,1
7793,1
7798,1
7800,1
7802,1
7805,2
7809,1
7812,1
7815,1
7819,1
7821,1
7824,1
7828,1
7833,2
7835,1
7837,1
7840,1
7848,1
7850,1
7854,1
7858,1
7862,1
7866,1
7870,1
7876,1
7889,1
7891,1
7899,1
7901,1
7907,1
7911,1
7913,1
7915,1
7918,1
7920,1
7925,1
7930,1
7936,1
7938,1
7942,1
7945,1
7949,1
7959,2
7963,1
7965,1
7970,1
7973,1
7976,1
7979,2
7984,1
7986,1
7991,1
7993,1
7996,1
8006,1
8008,1
8010,1
8020,1
8025,1
8028,1
8039,1
8045,1
8048,1
8050,1
8053,1
8056,1
8059,1
8062,1
8065,1
8068,2
8081,1
8085,3
8090,1
8093,1
8098,1
8103,1
8105,1
8107,1
8109,1
8112,2
8120,1
8126,1
8128,1
8135,1
8137,1
8144,2
8146,1
8159,1
8164,1
8166,1
8170,2
8175,1
8179,1
8184,2
8188,1
8191,1
8197,2
8203,1
8206,1
8211,1
8221,2
8227,1
8230,1
8233,1
8236,1
8247,1
8254,1
8261,2
8272,1
8281,1
8287,1
8291,1
8296,1
8301,3
8311,1
8314,1
8318,2
8323,1
8325,1
8337,1
8339,1
8350,1
8353,1
8356,1
8371,1
8377,2
8379,1
8383,1
8387,1
8398,2
8401,1
8408,1
8412,2
8417,1
8423,2
8429,1
8431,1
8441,1
8447,1
8449,1
8451,1
8455,1
8461,2
8465,2
8471,1
8477,1
8482,2
8485,1
8494,2
8504,1
8515,1
8520,1
8524,1
8526,1
8529,1
8536,1
8538,1
8548,1
8552,1
8558,1
8569,1
8575,1
8580,1
8588,1
8593,1
8603,1
8610,2
8613,1
8617,1
8620,1
8625,1
8627,1
8629,1
8638,1
8640,1
8642,1
8648,1
8652,1
8656,1
8659,1
8666,1
8669,1
8675,1
8677,1
8689,1
8691,1
8694,1
8697,1
8699,1
8703,1
8711,1
8713,1
8723,1
8727,2
8734,1
8739,2
8745,1
8752,1
8754,1
8759,2
8762,1
8771,1
8774,1
8781,1
8783,1
8790,1
8799,1
8802,1
8809,1
8813,2
8816,1
8819,1
8822,2
8824,1
8829,2
8832,1
8841,1
8843,1
8846,2
8855,1
8868,1
8870,1
8879,1
8883,2
8887,2
8890,2
8894,1
8897,1
8905,1
8907,1
8910,1
8916,1
8919,2
8921,1
8924,2
8935,1
8941,1
8947,1
8951,1
8954,1
8961,3
8965,1
8967,1
8970,1
8980,2
8992,1
8994,1
8996,1
9000,1
9005,1
9020,1
9022,1
9025,1
9027,1
9030,1
9033,1
9038,2
9042,1
9048,1
9051,1
9055,1
9057,1
9063,2
9070,1
9074,1
9080,1
9083,2
9085,1
9089,1
9091,1
9096,1
9102,1
9106,2
9109,1
9113,2
9115,1
9123,1
9129,1
9131,1
9135,1
9137,1
9144,1
9148,1
9151,1
9159,1
9163,1
9168,1
9173,2
9179,1
9184,1
9187,1
9189,1
9193,1
9199,1
9205,1
9209,1
9213,1
9220,1
9222,1
9232,1
9236,1
9239,1
9244,1
9246,1
9251,2
9253,1
9255,1
9260,1
9263,1
9265,1
9268,1
9275,1
9277,1
9286,1
9297,2
9299,1
9302,1
9307,1
9315,1
9325,1
9342,1
9359,1
9362,1
9381,1
9385,1
9389,1
9393,1
9398,1
9401,1
9403,1
9408,1
9411,2
9422,2
9425,2
9430,1
9433,1
9435,1
9442,1
9445,1
9448,1
9453,2
9457,1
9460,2
9462,1
9465,1
9467,1
9475,2
9480,2
9488,1
9492,3
9502,1
9516,1
9519,1
9521,1
9531,1
9540,1
9544,1
9555,1
9560,1
9562,1
9564,1
9573,1
9580,1
9587,2
9589,1
9592,1
9603,1
9605,1
9610,1
9614,1
9616,1
9619,1
9627,1
9634,1
9641,1
9648,1
9652,1
9654,1
9660,1
9663,1
9665,1
9669,1
9691,1
9698,1
9700,1
9703,1
9705,1
9708,1
9713,2
9722,1
9732,1
9737,1
9740,1
9745,1
9757,1
9768,2
9770,1
9788,2
9793,1
9797,1
9801,1
9805,2
9807,1
9809,1
9812,1
9819,1
9839,1
9846,1
9854,1
9859,1
9864,1
9868,3
9873,1
9876,1
9886,1
9890,1
9893,2
9895,1
9900,1
9902,1
9910,1
9917,2
9920,1
9929,1
9933,1
9935,1
9938,2
9941,1
9943,1
9948,1
9963,1
9969,1
9983,1
9987,1
9992,2
9994,1
10000,1
10005,1
10008,1
10017,2
10021,1
10023,1
10030,1
10033,1
10036,2
10038,1
10049,1
10051,1
10055,1
10057,1
10061,1
10064,1
10066,1
10070,1
10072,1
10074,1
10076,1
10093,1
10095,1
10098,2
10100,1
10104,1
10107,2
10109,1
10115,1
10117,1
10120,2
10123,1
10139,1
10149,3
10151,1
10153,1
10155,1
10160,2
10162,1
10169,1
10171,1
10175,1
10191,1
10198,1
10201,2
10204,1
10210,1
10214,1
10219,1
10223,1
10227,1
10240,1
10243,1
10246,1
10251,1
10257,2
10261,1
10264,1
10269,1
10284,1
10288,1
10290,1
10294,1
10296,1
10298,1
10302,1
10305,1
10311,1
10317,1
10323,1
10328,1
10335,2
10348,1
10355,1
10367,1
10372,1
10378,1
10388,2
10390,1
10411,1
10420,2
10425,1
10430,1
10436,1
10439,1
10446,1
10451,1
10459,1
10463,1
10466,1
10472,1
10475,2
10478,1
10485,1
10497,1
10504,1
10508,1
10513,2
10518,2
10524,2
10528,1
10560,1
10562,1
10564,1
10572,2
10577,1
10580,2
10583,1
10587,1
10592,1
10595,1
10606,1
10610,1
10612,1
10614,1
10617,1
10620,2
10623,1
10625,1
10631,1
10641,1
10644,1
10647,1
10650,2
10657,2
10659,1
10663,1
10673,1
10676,1
10681,2
10683,1
10685,1
10693,1
10695,1
10699,2
10701,1
10727,1
10732,1
10737,1
10740,1
10745,1
10748,2
10759,1
10763,1
10773,1
10777,1
10785,1
10794,1
10796,1
10813,1
10818,1
10820,1
10827,2
10833,1
10836,1
10839,1
10853,2
10856,1
10858,1
10866,1
10868,1
10871,1
10875,2
10886,1
10889,1
10892,2
10896,1
10900,1
10902,1
10905,1
10912,2
10920,1
10925,1
10935,1
10946,2
10948,1
10953,1
10958,1
10962,1
10964,1
10968,1
10977,1
10984,1
10987,1
10989,1
10991,1
11001,1
11009,1
11017,1
11019,1
11022,1
11026,2
11033,2
11042,1
11047,1
11050,1
11053,1
11061,1
11067,2
11070,1
11075,1
11084,1
11086,1
11094,1
11106,1
11108,1
11112,1
11114,1
11118,2
11121,1
11125,1
11136,1
11144,1
11149,1
11153,1
11156,2
11163,1
11166,1
11168,1
11172,1
11176,1
11179,1
11183,1
11189,1
11192,2
11194,1
11198,1
11200,1
11209,2
11214,1
11219,1
11222,2
11227,1
11232,1
11237,1
11239,1
11241,1
11245,1
11249,1
11253,2
11260,1
11268,1
11273,1
11276,1
11290,2
11299,2
11304,1
11306,1
11310,2
11312,1
11316,1
11319,1
11324,1
11329,1
11336,1
11347,1
11356,1
11368,1
11370,1
11375,1
11381,1
11384,1
11388,2
11391,1
11393,1
11395,1
11397,1
11402,1
11415,2
11418,1
11425,1
11429,3
11433,1
11436,1
11448,1
11454,1
11458,2
11463,1
11470,2
11480,1
11482,1
11486,1
11488,1
11491,2
11495,1
11500,1
11510,1
11517,1
11521,1
11525,1
11533,1
11540,1
11546,1
11556,1
11559,1
11562,1
11565,2
11583,1
11596,1
11601,1
11603,1
11606,1
11615,1
11617,1
11620,1
11624,2
11636,1
11638,1
11641,1
11646,2
11650,1
11654,2
11657,1
11663,1
11665,1
11671,1
11673,1
11681,1
11690,1
11694,1
11700,1
11716,2
11718,1
11722,1
11724,1
11733,1
11735,1
11741,1
11745,1
11749,1
11752,2
11762,1
11766,1
11769,1
11773,1
11777,1
11779,1
11783,1
11786,1
11788,1
11790,1
11795,1
11800,1
11802,1
11815,1
11817,1
11820,1
11822,1
11826,2
11831,2
11836,2
11842,1
11854,2
11860,1
11862,1
11865,1
11868,1
11872,1
11878,1
11880,1
11883,1
11895,1
11903,1
11908,2
11912,1
11914,1
11917,2
11920,1
11922,1
11926,1
11932,1
11939,1
11943,1
11948,1
11956,1
11960,1
11964,1
11968,1
11972,1
11974,1
11977,1
11986,1
11988,1
11990,1
11995,2
12000,1
12002,1
12015,2
12018,2
12020,1
12023,2
12028,1
12030,1
12034,3
12043,1
12046,1
12048,1
12053,1
12060,2
12076,1
12078,1
12080,1
12082,1
12084,1
12087,1
12089,1
12109,1
12116,1
12120,2
12126,1
12131,1
12134,1
12138,1
12141,1
12145,2
12152,1
12156,1
12160,1
12168,1
12171,1
12175,1
12182,1
12185,1
12197,2
12199,1
12208,1
12211,1
12213,1
12215,1
12217,1
12220,1
12222,1
12227,1
12234,1
12244,1
12246,1
12250,2
12253,2
12255,1
12257,1
12263,1
12268,1
12270,1
12273,1
12284,1
12291,1
12295,2
12298,1
12302,1
12309,1
12326,1
12330,1
12340,1
12346,1
12360,1
12366,1
12376,1
12382,3
12388,1
12397,1
12405,1
12410,1
12413,1
12417,2
12421,1
12431,1
12438,1
12443,2
12447,1
12470,2
12472,1
12479,2
12489,2
12492,2
12496,1
12498,1
12501,2
12504,1
12515,1
12517,1
12521,2
12525,1
12532,1
12540,1
12546,1
12549,1
12553,1
12556,2
12560,2
12562,1
12564,1
12570,1
12572,1
12574,1
12576,1
12579,2
12583,2
12587,1
12589,1
12592,1
12595,1
12598,2
12601,1
12605,1
12607,1
12613,1
12616,1
12621,1
12630,1
12644,1
12646,1
12661,1
12663,1
12673,1
12675,1
12678,1
12682,1
12685,1
12690,1
12712,1
12715,1
12725,1
12729,1
12733,1
12750,1
12754,1
12762,1
12776,1
12780,2
12795,1
12797,1
12801,1
12804,1
12809,1
12828,1
12834,1
12844,1
12848,1
12855,1
12867,2
12877,1
12881,1
12884,2
12887,1
12889,1
12892,1
12898,1
12906,1
12908,1
12910,1
12917,1
12920,1
12923,1
12927,2
12933,1
12939,1
12943,1
12945,1
12948,1
12960,2
12963,1
12970,2
12973,1
12979,1
12986,2
12989,1
12998,1
13005,2
13008,1
13015,1
13019,1
13025,2
13030,1
13032,1
13036,1
13038,1
13042,1
13049,1
13053,1
13066,1
13074,1
13076,1
13080,1
13087,1
13090,1
13094,1
13098,1
13102,1
13106,1
13113,1
13121,1
13124,1
13126,1
13130,1
13150,1
13157,1
13159,1
13162,1
13167,1
13176,1
13180,1
13183,1
13185,1
13188,2
13190,1
13195,1
13199,2
13201,1
13204,2
13206,1
13210,2
13213,2
13215,1
13228,1
13234,1
13243,1
13251,1
13254,1
13257,1
13265,1
13268,2
13271,1
13277,1
13281,1
13284,1
13287,1
13290,2
13300,1
13304,1
13307,1
13315,2
13325,1
13329,1
13331,1
13334,1
13336,1
13340,1
13342,1
13349,3
13352,1
13357,1
13359,1
13361,1
13363,1
13371,2
13375,2
13380,1
13386,1
13389,1
13392,1
13397,1
13401,1
13403,1
13414,1
13424,2
13426,1
13428,1
13439,1
13444,1
13446,1
13452,1
13455,1
13462,2
13465,2
13467,1
13470,2
13472,1
13477,2
13480,1
13486,1
13489,2
13491,1
13502,1
13505,1
13515,1
13524,1
13526,1
13532,1
13537,1
13547,1
13554,1
13558,1
13560,1
13562,1
13565,1
13571,1
13576,1
13579,1
13582,1
13590,1
13594,1
13598,1
13602,1
13605,1
13608,2
13611,1
13613,1
13615,1
13621,2
13624,1
13630,1
13640,1
13644,1
13648,1
13650,1
13658,2
13669,1
13674,1
13681,1
13684,1
13690,1
13697,2
13702,1
13707,2
13714,1
13719,1
13726,1
13728,1
13731,1
13733,1
13735,1
13738,1
13740,1
13744,2
13757,1
13777,2
13780,1
13789,1
13815,2
13820,1
13823,1
13834,1
13836,1
13839,1
13843,1
13856,1
13866,1
13875,1
13879,1
13890,1
13893,1
13898,2
13900,1
13904,1
13913,1
13921,1
13930,1
13933,2
13942,1
13947,1
13951,1
13955,2
13965,1
13969,1
13974,1
13977,1
13988,1
13996,1
14004,1
14006,1
14013,1
14016,2
14019,2
14027,2
14035,1
14039,1
14046,1
14061,1
14066,1
14070,1
14073,1
14081,1
14089,1
14092,1
14099,2
14101,1
14109,1
14111,1
14115,1
14118,1
14120,1
14128,1
14131,1
14133,1
14138,2
14141,1
14145,2
14150,1
14157,1
14162,1
14167,1
14176,1
14184,2
14187,1
14190,1
14205,2
14209,2
14212,1
14216,1
14225,2
14232,1
14237,1
14243,1
14245,1
14250,1
14262,1
14264,1
14269,1
14279,1
14281,1
14284,1
14286,1
14289,1
14291,1
14298,1
14304,1
14306,1
14311,1
14318,1
14321,1
14327,1
14331,1
14333,1
14343,1
14345,1
14354,1
14356,1
14360,2
14363,1
14368,1
14370,1
14390,1
14399,1
14403,1
14410,1
14413,1
14417,2
14420,2
14428,1
14432,1
14438,1
14441,1
14444,2
14446,1
14453,1
14455,1
14457,1
14459,1
14461,1
14464,1
14466,1
14469,2
14479,1
14482,1
14485,1
14488,1
14491,1
14497,1
14500,2
14507,1
14513,1
14519,1
14534,1
14546,1
14549,2
14560,1
14562,1
14564,1
14568,1
14574,1
14577,2
14579,1
14587,1
14589,1
14594,2
14602,1
14605,1
14612,1
14616,1
14620,1
14623,2
14633,1
14635,1
14637,1
14649,1
14653,1
14657,1
14667,1
14670,1
14673,1
14678,3
14695,1
14697,1
14700,1
14706,1
14718,1
14730,1
14733,2
14740,1
14745,1
14762,1
14769,2
14771,1
14773,1
14775,1
14780,1
14785,1
14795,1
14799,1
14815,1
14819,1
14826,1
14829,1
14833,2
14835,1
14842,1
14845,1
14851,1
14858,2
14862,1
14868,1
14871,2
14881,1
14884,1
14888,1
14893,1
14895,1
14900,1
14921,1
14934,1
14941,1
14943,1
14946,1
14949,1
14958,2
14962,1
14976,1
14980,1
14988,1
14994,1
14997,1
15003,1
15006,1
15008,1
15012,2
15030,1
15039,1
15046,1
15050,1
15057,1
15065,1
15072,1
15078,1
15083,1
15085,1
15087,1
15093,1
15095,1
15106,1
15109,1
15113,1
15115,1
15118,1
15122,1
15130,1
15136,2
15144,2
15150,2
15156,1
15158,1
15165,1
15167,1
15174,1
15184,1
15187,1
15189,1
15192,1
15195,2
15207,1
15213,2
15216,1
15223,1
15229,1
15232,1
15237,2
15242,1
15244,1
15251,1
15254,1
15260,1
15268,3
15271,1
15275,1
15280,2
15282,1
15284,1
15288,1
15290,1
15296,1
15299,1
15305,1
15307,1
15309,1
15313,1
15318,1
15320,1
15325,2
15329,1
15332,2
15338,1
15340,1
15343,1
15346,2
15349,1
15353,1
15360,2
15370,1
15372,1
15375,1
15381,2
15383,1
15385,1
15387,1
15391,2
15393,1
15395,1
15403,1
15405,1
15410,1
15413,1
15420,1
15423,2
15431,2
15445,1
15454,1
15461,1
15465,1
15475,1
15480,1
15482,1
15488,1
15492,2
15500,1
15502,1
15505,1
15508,2
15515,2
15517,1
15523,1
15525,1
15527,1
15534,1
15538,1
15549,1
15551,1
15553,1
15560,1
15562,1
15576,1
15578,1
15580,1
15588,1
15602,1
15625,1
15630,1
15632,1
15635,1
15637,1
15639,1
15641,1
15646,1
15651,1
15653,1
15655,1
15659,1
15661,1
15668,1
15670,1
15682,1
15688,2
15700,1
15711,1
15713,1
15715,1
15721,2
15726,1
15730,1
15734,1
15741,1
15746,2
15751,2
15757,1
15771,1
15775,1
15779,1
15781,1
15783,1
15786,1
15789,2
15797,1
15799,1
15801,1
15805,1
15809,1
15822,1
15827,1
15832,1
15835,2
15839,1
15845,2
15854,1
15858,1
15863,1
15870,1
15873,1
15875,1
15890,1
15896,2
15907,1
15916,2
15918,1
15925,1
15927,1
15933,1
15935,1
15937,1
15940,2
15946,1
15950,1
15956,1
15963,1
15970,1
15974,1
15976,1
15989,1
15992,2
15997,1
16002,1
16016,1
16030,2
16035,1
16039,1
16041,1
16047,1
16049,1
16051,1
16058,2
16061,1
16067,1
16069,1
16072,1
16076,2
16086,1
16090,1
16104,1
16106,1
16114,1
16117,1
16119,1
16128,1
16135,1
16153,2
16158,1
16161,1
16167,1
16172,1
16174,1
16178,1
16181,1
16189,1
16192,1
16208,1
16212,1
16215,1
16220,2
16222,1
16229,2
16240,1
16252,1
16258,1
16261,1
16267,1
16272,2
16277,1
16282,1
16288,1
16291,2
16296,1
16299,1
16310,1
16316,1
16321,1
16327,4
16332,2
16334,1
16336,1
16348,1
16371,1
16382,2
16399,1
16402,1
16410,1
16427,1
16429,1
16434,1
16438,1
16440,1
16445,1
16453,1
16455,1
16460,1
16463,1
16469,1
16473,1
16475,1
16478,1
16482,1
16486,2
16488,1
16493,1
16496,1
16500,1
16507,1
16513,1
16520,2
16527,1
16529,1
16531,1
16536,1
16550,1
16557,1
16559,1
16575,1
16583,1
16591,1
16594,2
16596,1
16601,1
16604,1
16608,1
16615,1
16623,1
16631,1
16641,1
16645,2
16648,2
16655,1
16658,1
16660,1
16668,1
16677,1
16682,1
16689,2
16693,1
16706,1
16710,1
16712,1
16715,1
16719,1
16723,1
16725,1
16730,1
16732,1
16735,1
16747,1
16750,1
16757,1
16762,1
16772,1
16775,1
16781,1
16790,2
16797,1
16803,2
16808,1
16814,1
16826,2
16832,1
16834,1
16845,1
16857,1
16868,1
16871,1
16873,1
16878,1
16880,1
16882,1
16885,1
16891,1
16895,2
16902,1
16913,1
16919,2
16925,3
16930,1
16940,1
16948,1
16955,1
16958,1
16964,1
16967,1
16970,2
16972,1
16977,1
16982,1
16985,1
16994,1
17008,2
17012,1
17014,1
17025,1
17030,1
17033,1
17035,1
17037,1
17044,2
17051,1
17055,1
17059,1
17068,1
17081,2
17083,1
17086,1
17098,1
17101,1
17104,1
17108,2
17118,1
17128,1
17130,1
17134,2
17145,1
17150,1
17152,1
17154,1
17156,1
17158,1
17163,1
17166,1
17168,1
17174,1
17182,1
17187,1
17189,1
17194,1
17196,1
17200,1
17202,1
17207,1
17210,2
17230,1
17246,1
17268,1
17278,1
17303,1
17308,1
17313,2
17316,2
17321,1
17326,1
17330,1
17340,1
17347,2
17352,2
17355,1
17358,2
17360,1
17371,1
17374,1
17386,1
17390,1
17395,1
17398,2
17404,1
17424,1
17431,1
17440,1
17442,1
17451,2
17453,1
17458,1
17460,1
17462,1
17466,1
17468,1
17471,1
17474,1
17481,1
17483,1
17493,1
17495,1
17505,1
17515,2
17517,1
17526,2
17529,1
17531,1
17546,1
17548,1
17551,2
17556,1
17563,2
17572,2
17585,1
17587,1
17591,2
17602,1
17604,1
17617,1
17623,2
17626,1
17640,1
17648,3
17658,1
17660,1
17668,1
17672,1
17675,1
17677,1
17688,1
17693,2
17698,2
17701,2
17703,1
17709,2
17713,1
17716,1
17718,1
17720,1
17723,1
17725,1
17730,1
17732,1
17747,1
17756,1
17759,2
17766,1
17769,1
17772,1
17779,3
17782,2
17784,1
17788,1
17790,1
17795,1
17798,1
17814,1
17819,1
17824,1
17828,1
17838,1
17843,1
17852,1
17860,2
17868,1
17873,1
17877,1
17881,1
17883,1
17892,1
17895,1
17904,2
17911,1
17915,1
17929,1
17931,1
17937,1
17943,1
17948,1
17956,1
17962,1
17984,1
17989,2
17999,1
18002,2
18004,1
18018,1
18021,1
18024,1
18031,1
18048,1
18050,1
18062,1
18065,1
18074,1
18078,1
18083,1
18086,1
18090,1
18094,1
18099,3
18101,1
18112,1
18116,1
18129,1
18137,1
18140,1
18146,1
18148,1
18154,2
18158,1
18163,1
18166,2
18171,1
18173,1
18177,2
18179,1
18188,2
18193,1
18196,1
18199,1
18206,1
18211,1
18214,2
18216,1
18222,1
18226,1
18229,1
18236,1
18239,2
18247,1
18249,1
18251,1
18265,1
18270,1
18272,1
18281,1
18284,1
18319,1
18322,2
18327,1
18330,1
18336,1
18358,1
18365,2
18370,1
18381,1
18392,1
18394,1
18410,1
18416,1
18424,2
18428,3
18439,2
18451,1
18453,1
18460,1
18463,1
18465,1
18468,1
18473,4
18479,1
18482,1
18484,1
18487,1
18497,1
18513,1
18516,1
18518,1
18532,1
18534,1
18539,4
18541,1
18543,1
18551,1
18557,1
18559,1
18563,1
18566,1
18574,1
18593,1
18598,1
18600,1
18609,1
18626,1
18631,2
18641,2
18644,1
18646,1
18650,1
18653,1
18657,1
18664,1
18676,1
18679,1
18686,2
18698,1
18705,1
18710,1
18712,1
18718,1
18720,1
18724,1
18732,1
18739,2
18744,2
18749,1
18753,1
18755,1
18761,1
18764,1
18767,1
18783,1
18785,1
18794,2
18798,1
18801,2
18803,1
18811,1
18814,1
18817,1
18819,1
18823,1
18831,1
18836,1
18839,2
18853,1
18855,1
18857,1
18866,1
18870,1
18879,1
18883,1
18890,2
18903,1
18906,1
18911,1
18914,1
18916,1
18924,1
18935,1
18947,1
18950,1
18952,1
18956,1
18958,1
18962,1
18966,1
18973,1
18984,1
18988,2
18993,2
19000,2
19008,3
19015,1
19017,1
19020,1
19028,1
19036,1
19040,2
19053,1
19056,1
19059,1
19066,1
19071,1
19073,1
19081,1
19086,2
19106,1
19108,1
19117,1
19120,1
19122,1
19125,1
19129,1
19135,1
19143,1
19145,1
19150,1
19161,1
19169,1
19173,2
19175,1
19177,1
19193,1
19195,1
19197,1
19201,1
19203,1
19205,1
19212,1
19220,1
19222,1
19228,1
19231,1
19235,2
19237,1
19244,1
19246,1
19249,1
19259,2
19263,1
19272,3
19278,1
19291,1
19293,1
19301,1
19310,1
19313,1
19321,1
19331,2
19344,1
19346,1
19368,1
19373,1
19391,1
19411,1
19415,1
19423,1
19430,1
19435,1
19442,1
19446,1
19452,1
19454,1
19460,1
19462,1
19464,1
19469,1
19475,2
19478,1
19481,1
19493,1
19499,2
19502,2
19508,1
19512,1
19514,1
19529,1
19531,1
19533,1
19535,1
19542,1
19546,1
19551,2
19575,1
19579,1
19581,1
19583,1
19585,1
19590,1
19599,1
19603,1
19611,1
19616,2
19629,1
19634,1
19638,1
19650,2
19652,1
19654,1
19681,1
19685,1
19687,1
19692,1
19698,1
19713,1
19718,1
19729,1
19738,1
19740,1
19748,1
19774,1
19778,1
19785,1
19788,1
19792,1
19811,1
19813,1
19816,1
19818,1
19825,1
19827,1
19829,1
19832,1
19836,1
19839,1
19844,2
19847,1
19856,1
19864,1
19869,1
19878,1
19882,1
19884,1
19893,1
19903,1
19906,2
19908,1
19911,1
19913,1
19915,1
19927,1
19929,1
19933,1
19942,1
19947,1
19954,2
19957,2
19968,1
19972,1
19982,3
19986,1
19988,1
19990,1
19992,1
20008,1
20011,1
20015,1
20021,2
20024,1
20026,1
20030,1
20034,1
20042,1
20045,2
20049,1
20051,1
20064,1
20066,1
20069,1
20075,1
20083,2
20086,2
20092,1
20094,1
20099,1
20106,1
20110,2
20113,2
20123,1
20125,1
20127,1
20130,1
20141,1
20144,1
20146,1
20158,1
20162,1
20165,1
20175,1
20178,1
20181,1
20185,1
20188,1
20190,1
20199,1
20210,1
20216,1
20224,1
20233,1
20235,1
20237,1
20253,1
20266,1
20273,1
20277,1
20282,1
20284,1
20287,1
20291,1
20297,1
20303,2
20305,1
20311,1
20315,1
20317,1
20320,2
20325,1
20328,1
20331,1
20335,1
20341,1
20344,1
20348,1
20356,1
20360,1
20369,1
20375,1
20383,1
20388,1
20399,1
20405,1
20407,1
20410,1
20417,1
20422,1
20426,1
20430,1
20435,2
20437,1
20454,1
20456,1
20460,1
20464,1
20472,1
20478,1
20500,1
20506,1
20508,1
20510,1
20514,1
20516,1
20519,1
20522,2
20525,1
20530,1
20535,2
20538,1
20540,1
20546,1
20552,1
20555,1
20560,1
20566,1
20571,1
20582,1
20584,1
20592,1
20594,1
20597,1
20616,1
20619,1
20621,1
20628,1
20633,1
20638,2
20663,1
20665,1
20673,1
20694,1
20697,1
20706,1
20712,1
20724,1
20728,1
20731,1
20734,2
20740,2
20742,1
20744,1
20753,1
20760,1
20764,1
20766,1
20773,2
20786,1
20788,1
20790,1
20793,1
20795,1
20805,1
20807,1
20816,1
20818,1
20820,1
20822,1
20837,1
20843,1
20848,1
20856,1
20861,1
20863,1
20866,2
20881,1
20883,1
20887,1
20896,1
20905,1
20917,2
20923,2
20930,1
20932,1
20934,1
20940,1
20946,1
20948,1
20950,1
20952,1
20954,1
20959,2
20970,1
20972,1
20975,1
20979,1
20982,1
20985,1
20989,1
20997,1
21001,1
21003,1
21020,2
21022,1
21026,1
21031,1
21033,1
21039,1
21051,2
21053,1
21070,2
21076,1
21084,1
21089,1
21093,1
21098,1
21102,1
21115,1
21129,1
21137,1
21151,1
21156,1
21161,1
21164,2
21170,1
21173,1
21179,1
21189,2
21200,1
21207,2
21209,1
21211,1
21216,1
21230,2
21232,1
21245,1
21248,1
21251,1
21258,1
21264,1
21270,1
21273,1
21277,2
21294,1
21297,1
21300,2
21312,1
21317,1
21320,2
21323,2
21327,1
21335,1
21337,1
21340,1
21342,1
21347,1
21355,2
21363,1
21368,1
21370,1
21374,1
21383,1
21388,1
21390,1
21392,1
21394,1
21404,1
21425,1
21441,1
21445,1
21448,1
21452,1
21457,1
21460,1
21463,1
21467,1
21477,1
21484,1
21487,1
21495,2
21498,1
21500,1
21503,1
21510,1
21518,1
21521,2
21526,1
21537,1
21544,1
21547,1
21553,1
21558,1
21569,2
21576,1
21578,1
21580,1
21583,1
21588,2
21595,1
21601,1
21603,1
21606,1
21621,1
21623,1
21626,1
21629,1
21633,1
21640,1
21642,1
21646,1
21657,1
21660,1
21668,2
21671,1
21676,2
21679,2
21684,1
21687,1
21690,1
21695,1
21697,1
21711,1
21730,1
21741,1
21746,1
21750,1
21754,2
21760,1
21765,1
21769,2
21787,1
21790,1
21793,1
21799,1
21804,1
21810,2
21813,1
21815,1
21821,1
21842,2
21844,1
21849,1
21853,1
21855,1
21860,1
21863,1
21865,1
21868,1
21871,1
21876,1
21878,1
21880,1
21883,1
21887,1
21890,2
21904,1
21916,1
21922,1
21924,1
21929,1
21933,1
21935,1
21938,1
21940,1
21945,1
21947,1
21950,2
21952,1
21956,1
21959,1
21961,1
21974,1
21978,1
21981,2
21984,1
21995,1
21997,1
22007,1
22014,1
22019,1
22022,1
22025,1
22030,1
22032,1
22053,1
22056,1
22071,2
22073,1
22092,2
22100,1
22102,1
22114,1
22116,1
22121,1
22129,1
22138,1
22141,2
22144,1
22150,1
22153,1
22155,1
22167,1
22173,2
22177,2
22182,1
22184,1
22196,1
22208,1
22211,1
22214,2
22222,1
22225,2
22227,1
22234,2
22238,1
22240,1
22245,1
22253,1
22256,1
22259,2
22264,1
22270,1
22273,1
22281,2
22283,1
22287,1
22298,1
22306,1
22312,2
22320,1
22324,1
22326,1
22329,1
22332,2
22337,1
22343,2
22346,1
22353,1
22362,1
22369,1
22373,1
22375,1
22378,1
22380,1
22397,1
22422,1
22425,1
22432,1
22446,1
22452,2
22457,1
22460,1
22462,1
22473,1
22480,1
22482,1
22485,1
22488,1
22491,1
22496,1
22498,1
22502,1
22508,1
22513,2
22520,1
22525,1
22528,1
22534,1
22537,1
22542,1
22548,1
22563,1
22569,1
22571,1
22574,1
22578,1
22580,1
22583,1
22585,1
22590,1
22595,1
22600,1
22602,1
22617,1
22623,2
22628,1
22657,1
22672,1
22679,2
22685,1
22687,1
22708,1
22716,1
22722,1
22727,1
22741,2
22745,1
22747,1
22750,2
22762,1
22772,1
22779,1
22781,1
22792,1
22798,1
22802,1
22810,2
22813,1
22818,2
22822,1
22832,1
22849,1
22853,1
22855,1
22857,1
22861,1
22864,2
22867,1
22870,1
22875,1
22879,1
22887,2
22890,1
22894,1
22897,2
22904,1
22909,1
22924,1
22931,1
22937,2
22940,1
22942,1
22948,1
22954,1
22959,1
22969,1
22978,1
22984,2
22986,1
22988,1
22990,1
22997,2
22999,1
23001,1
23011,2
23022,1
23025,1
23028,2
23037,1
23039,1
23043,1
23046,2
23050,1
23053,1
23057,1
23059,1
23063,1
23067,1
23071,2
23073,1
23075,1
23083,2
23087,1
23098,1
23100,1
23103,1
23115,1
23117,1
23121,1
23123,1
23126,2
23136,1
23138,1
23147,1
23167,1
23169,1
23173,1
23185,1
23196,1
23207,1
23210,1
23215,1
23217,1
23224,1
23226,1
23228,1
23231,1
23236,1
23242,1
23247,1
23254,2
23266,2
23270,1
23272,1
23274,1
23281,1
23287,2
23299,1
23301,1
23303,1
23305,1
23309,1
23311,1
23315,2
23321,1
23330,2
23339,1
23342,1
23345,1
23352,1
23359,1
23366,1
23382,1
23385,1
23393,1
23403,1
23408,1
23411,1
23413,1
23415,1
23420,1
23425,1
23429,2
23446,1
23455,2
23459,1
23464,1
23469,1
23471,1
23478,1
23494,1
23504,1
23512,1
23515,2
23524,1
23542,1
23550,1
23552,1
23559,1
23566,1
23574,1
23579,1
23584,1
23593,1
23597,1
23605,1
23617,1
23620,1
23626,2
23637,2
23640,1
23643,1
23646,1
23648,1
23655,1
23658,2
23663,1
23667,2
23671,1
23673,1
23679,1
23683,1
23685,1
23688,1
23693,1
23708,2
23718,1
23726,1
23738,2
23743,1
23751,1
23762,2
23770,1
23772,1
23775,1
23785,1
23797,2
23801,1
23804,1
23808,1
23818,1
23823,2
23831,2
23840,1
23844,1
23848,1
23851,1
23854,2
23857,1
23871,1
23886,1
23894,1
23911,1
23914,1
23919,1
23928,1
23934,1
23939,1
23941,1
23943,1
23945,1
23947,1
23951,1
23957,2
23961,1
23967,1
23971,1
23973,1
23983,2
23990,1
23992,1
23995,2
23999,1
24013,2
24016,1
24021,3
24026,1
24031,1
24034,2
24037,1
24051,1
24076,1
24086,1
24088,1
24094,2
24098,2
24106,1
24110,1
24114,1
24117,1
24121,1
24124,1
24128,1
24131,1
24137,1
24143,2
24147,1
24158,1
24160,1
24162,1
24169,1
24174,1
24177,1
24181,3
24185,2
24193,1
24196,1
24198,1
24201,1
24205,1
24213,2
24215,1
24217,1
24221,1
24223,1
24225,1
24231,1
24233,1
24239,1
24241,1
24243,1
24248,2
24250,1
24254,1
24256,1
24270,2
24277,1
24280,1
24284,2
24293,1
24296,2
24302,2
24309,1
24322,1
24324,1
24326,1
24339,1
24342,1
24347,1
24357,1
24365,1
24368,2
24373,1
24377,1
24395,1
24410,2
24415,1
24418,1
24420,1
24423,1
24430,1
24437,1
24446,2
24455,2
24462,1
24466,1
24468,1
24475,1
24479,1
24492,1
24501,1
24503,1
24507,1
24509,1
24512,1
24515,2
24518,1
24533,1
24545,1
24552,1
24559,1
24562,2
24566,1
24571,2
24575,1
24585,2
24590,1
24592,1
24599,1
24618,1
24621,1
24628,1
24631,1
24639,1
24654,1
24657,1
24661,1
24663,1
24668,1
24670,1
24676,2
24682,1
24687,1
24690,1
24692,1
24697,1
24703,1
24708,1
24710,1
24714,1
24716,1
24719,1
24723,1
24725,1
24728,2
24734,1
24737,1
24744,1
24747,1
24754,1
24762,1
24769,2
24774,1
24781,1
24786,1
24790,1
24803,1
24809,1
24812,1
24814,1
24818,1
24820,1
24829,1
24831,1
24842,1
24847,2
24860,1
24873,1
24875,1
24882,1
24884,1
24892,3
24895,2
24898,1
24901,1
24903,1
24909,1
24924,1
24934,1
24942,1
24944,1
24948,2
24957,1
24960,1
24964,2
24967,1
24973,1
24975,1
24978,1
24986,1
24989,1
24994,2
24996,1
25000,1
25004,1
25007,1
25018,1
25023,1
25034,1
25053,1
25055,1
25071,1
25079,1
25082,2
25088,1
25094,1
25096,1
25099,1
25111,1
25119,1
25125,1
25127,1
25130,1
25135,1
25139,1
25142,1
25146,1
25154,1
25158,1
25167,1
25169,1
25173,1
25175,1
25178,1
25181,1
25183,1
25190,1
25193,1
25202,1
25206,1
25210,2
25217,2
25219,1
25224,1
25227,1
25234,1
25241,1
25243,1
25249,1
25260,1
25262,1
25264,1
25278,1
25286,2
25297,1
25300,1
25307,1
25310,2
25319,1
25322,1
25328,1
25335,1
25342,1
25349,1
25362,1
25369,2
25378,1
25390,1
25396,1
25399,1
25401,1
25403,1
25406,1
25411,1
25414,2
25419,1
25421,1
25431,2
25433,1
25435,1
25438,1
25441,2
25453,1
25459,1
25483,1
25485,1
25494,1
25497,2
25504,1
25506,1
25517,1
25524,1
25526,1
25528,1
25531,1
25537,1
25539,1
25556,1
25561,1
25570,1
25573,1
25580,1
25582,1
25585,1
25589,1
25598,1
25604,1
25607,1
25609,1
25623,1
25626,2
25630,1
25639,3
25644,1
25647,1
25652,2
25655,2
25658,1
25665,1
25667,1
25670,1
25683,2
25705,1
25708,1
25713,1
25716,1
25727,1
25736,1
25743,2
25748,1
25753,1
25755,1
25759,2
25763,1
25770,1
25775,1
25778,1
25781,1
25785,1
25789,1
25792,1
25797,1
25803,1
25807,1
25813,1
25817,1
25821,1
25825,2
25830,1
25835,1
25845,1
25855,1
25857,1
25861,1
25866,1
25868,1
25874,1
25889,1
25895,1
25899,1
25905,1
25912,1
25920,1
25937,1
25940,1
25948,1
25950,1
25958,1
25963,1
25970,1
25974,1
25980,1
25994,2
25996,1
26001,1
26005,1
26007,1
26013,1
26019,1
26029,1
26034,1
26037,2
26039,1
26047,1
26055,1
26083,1
26094,1
26105,1
26110,1
26113,1
26118,2
26120,1
26124,2
26126,1
26135,1
26149,1
26152,2
26157,1
26160,1
26165,1
26168,2
26175,1
26180,2
26184,1
26186,1
26189,1
26194,1
26200,1
26202,1
26210,1
26213,2
26216,1
26225,2
26230,1
26233,2
26241,1
26245,1
26253,1
26262,1
26264,1
26275,1
26277,1
26287,1
26290,1
26295,1
26303,1
26315,2
26319,1
26321,1
26325,1
26327,1
26342,1
26355,1
26358,1
26360,1
26363,2
26369,1
26383,2
26385,1
26391,1
26396,1
26400,1
26402,1
26414,1
26418,1
26435,1
26437,1
26446,2
26461,1
26464,1
26469,1
26474,1
26479,1
26491,1
26509,2
26514,1
26519,1
26541,2
26553,1
26570,2
26574,1
26584,1
26589,1
26593,1
26597,1
26609,1
26613,1
26618,1
26620,1
26623,1
26626,1
26629,1
26638,1
26642,1
26646,1
26652,1
26654,1
26665,1
26667,1
26677,1
26701,1
26704,1
26719,1
26723,1
26725,1
26728,1
26737,1
26741,1
26743,1
26748,2
26757,1
26769,1
26777,1
26779,1
26781,1
26783,1
26788,1
26793,1
26798,1
26800,1
26804,1
26810,1
26813,1
26818,1
26820,1
26824,1
26826,1
26832,1
26839,1
26853,1
26858,1
26862,1
26866,1
26869,1
26871,1
26876,1
26880,2
26884,2
26889,1
26896,1
26908,1
26913,2
26919,2
26921,1
26925,1
26930,1
26936,1
26940,2
26943,1
26945,1
26954,3
26960,1
26962,1
26967,1
26969,1
26976,2
26985,2
27000,1
27002,1
27006,1
27014,1
27021,1
27023,1
27028,1
27033,1
27040,1
27043,1
27045,1
27049,1
27059,1
27064,1
27070,1
27072,1
27076,1
27079,1
27081,1
27099,1
27101,1
27115,1
27117,1
27119,1
27122,1
27140,1
27143,1
27151,1
27177,1
27180,1
27183,1
27185,1
27201,1
27209,1
27213,1
27225,1
27227,1
27232,1
27245,1
27248,1
27253,2
27259,1
27266,1
27276,1
27278,1
27282,1
27300,2
27303,1
27305,1
27311,1
27327,1
27338,1
27340,1
27344,1
27346,1
27348,1
27353,2
27360,1
27364,1
27371,1
27379,1
27383,2
27386,1
27388,1
27390,1
27395,1
27397,1
27401,1
27406,2
27409,1
27414,1
27420,1
27422,1
27427,1
27429,1
27436,1
27438,1
27444,2
27447,1
27450,1
27455,1
27460,1
27465,1
27467,1
27484,1
27488,1
27507,1
27509,1
27525,1
27527,1
27530,2
27536,1
27549,1
27552,1
27554,1
27558,1
27563,1
27569,1
27574,1
27577,1
27579,1
27581,1
27583,1
27593,1
27595,1
27597,1
27599,1
27603,1
27605,1
27607,1
27611,1
27613,1
27616,1
27618,1
27620,1
27626,2
27630,1
27634,1
27654,1
27658,1
27661,1
27663,1
27665,1
27667,1
27672,1
27676,1
27694,1
27697,1
27706,1
27711,1
27715,1
27718,1
27724,2
27727,1
27729,1
27734,1
27736,1
27746,1
27748,1
27751,1
27760,1
27773,1
27775,1
27780,1
27786,1
27791,1
27793,1
27795,1
27798,1
27800,1
27802,1
27804,1
27808,2
27811,1
27813,1
27815,1
27818,1
27822,2
27825,1
27833,2
27839,1
27841,1
27850,1
27853,1
27863,2
27875,1
27877,1
27881,1
27885,1
27897,1
27901,1
27920,1
27922,1
27929,1
27934,1
27941,1
27946,1
27964,2
27976,1
27980,1
27986,1
28001,1
28004,1
28006,1
28011,1
28026,1
28029,1
28033,1
28035,1
28043,1
28054,1
28068,1
28072,1
28082,1
28096,1
28100,1
28105,1
28108,1
28111,1
28115,1
28118,1
28120,1
28123,1
28131,1
28133,1
28135,1
28137,1
28140,1
28146,1
28148,1
28150,1
28152,1
28155,2
28163,1
28176,1
28185,1
28187,1
28190,1
28207,1
28211,2
28224,1
28239,1
28241,1
28251,1
28261,1
28270,1
28272,1
28274,1
28286,2
28297,2
28306,1
28308,1
28320,2
28328,1
28336,1
28339,2
28344,2
28347,2
28352,1
28355,1
28359,1
28362,1
28371,1
28374,2
28380,1
28382,1
28387,1
28394,1
28398,1
28400,1
28404,1
28412,1
28418,1
28423,1
28433,1
28435,1
28437,1
28441,1
28449,1
28458,1
28463,1
28465,1
28469,1
28483,1
28486,1
28489,1
28492,1
28505,1
28508,1
28514,1
28518,2
28522,2
28525,1
28536,1
28541,1
28550,1
28552,1
28556,2
28558,1
28560,1
28563,2
28565,1
28568,1
28578,1
28580,1
28583,2
28585,1
28589,1
28601,1
28607,1
28610,1
28613,1
28616,1
28628,1
28642,1
28648,1
28650,1
28655,1
28660,1
28667,1
28670,2
28675,1
28683,1
28687,1
28689,1
28706,2
28713,1
28738,1
28742,2
28753,1
28762,1
28773,2
28776,1
28778,1
28781,1
28787,1
28797,1
28804,1
28806,1
28809,1
28812,2
28821,2
28823,1
28826,1
28830,2
28848,1
28855,1
28861,1
28867,1
28874,1
28884,1
28890,1
28897,1
28902,1
28906,1
28911,1
28918,1
28922,1
28931,1
28935,1
28940,1
28943,1
28945,1
28954,1
28964,1
28969,1
28979,2
28983,1
28986,1
28994,1
29004,2
29006,1
29011,1
29013,1
29019,2
29023,1
29027,1
29033,1
29038,2
29041,1
29045,1
29048,1
29051,2
29057,1
29063,1
29072,1
29077,1
29092,1
29109,1
29113,1
29118,1
29120,1
29125,1
29130,1
29134,2
29136,1
29140,1
29150,1
29153,1
29155,1
29159,1
29163,1
29166,1
29168,1
29172,1
29182,1
29185,1
29201,1
29209,2
29213,2
29223,2
29233,1
29247,1
29254,2
29262,1
29266,1
29271,1
29278,2
29287,2
29298,1
29307,1
29318,1
29322,1
29332,1
29335,2
29339,1
29343,1
29360,1
29362,1
29365,1
29368,1
29373,1
29379,1
29390,1
29398,1
29402,1
29405,1
29408,1
29414,2
29418,1
29428,1
29434,1
29437,1
29444,1
29448,2
29450,1
29463,1
29470,1
29477,2
29483,1
29486,1
29489,1
29493,1
29495,1
29508,1
29513,2
29523,1
29526,1
29539,1
29554,1
29567,1
29573,2
29578,1
29580,1
29582,1
29584,1
29586,1
29598,1
29601,1
29607,1
29609,1
29612,2
29618,1
29621,1
29629,1
29634,1
29652,1
29654,1
29660,1
29667,2
29674,1
29679,1
29684,1
29689,1
29692,1
29697,1
29702,1
29713,1
29719,1
29730,1
29733,2
29738,1
29741,1
29743,1
29746,1
29754,1
29781,1
29784,2
29788,1
29791,2
29797,1
29799,1
29808,3
29819,1
29825,1
29829,1
29836,1
29848,1
29850,1
29856,2
29863,1
29871,2
29875,1
29886,2
29889,2
29895,1
29898,1
29900,1
29902,1
29905,2
29907,1
29910,1
29915,1
29918,2
29920,1
29925,1
29932,2
29939,1
29941,1
29944,2
29953,1
29961,1
29967,1
29979,1
29987,1
29991,2
29993,1
29997,1
30002,2
30011,1
30018,1
30028,1
30030,1
30033,1
30037,1
30042,1
30046,1
30048,1
30052,1
30063,1
30070,1
30079,1
30085,1
30091,1
30098,1
30105,1
30108,1
30110,1
30113,1
30116,1
30121,1
30139,1
30141,1
30143,1
30152,1
30162,1
30173,1
30178,1
30196,1
30200,2
30208,1
30211,1
30213,1
30230,1
30244,1
30251,1
30258,1
30264,1
30266,1
30270,1
30296,1
30307,1
30309,1
30319,2
30322,1
30330,1
30338,2
30363,1
30378,1
30391,1
30395,1
30402,1
30404,1
30411,1
30413,1
30420,2
30423,1
30427,2
30431,1
30433,1
30439,1
30443,2
30450,1
30456,1
30464,1
30466,1
30471,2
30486,2
30493,1
30495,1
30499,1
30503,1
30506,1
30510,1
30514,1
30526,1
30528,1
30537,1
30540,1
30569,1
30578,1
30581,1
30588,1
30591,1
30607,1
30609,1
30615,3
30621,2
30627,1
30631,1
30635,1
30638,1
30641,1
30653,1
30658,1
30668,1
30671,1
30676,1
30681,1
30688,1
30696,1
30700,1
30705,1
30708,2
30711,1
30713,1
30717,1
30723,1
30731,1
30734,1
30738,1
30740,1
30745,2
30748,1
30751,2
30757,1
30763,1
30765,1
30772,1
30782,1
30784,1
30786,1
30791,1
30796,1
30799,1
30802,2
30816,2
30823,1
30825,1
30835,1
30839,1
30841,1
30845,1
30852,1
30856,1
30879,1
30883,1
30885,1
30888,1
30892,2
30919,1
30923,1
30931,3
30943,1
30945,1
30947,1
30950,2
30954,1
30956,1
30959,2
30961,1
30967,1
30973,1
30980,1
30989,1
30991,1
30994,1
31006,2
31008,1
31015,2
31018,1
31021,1
31025,1
31028,1
31041,1
31067,1
31070,1
31074,1
31076,1
31079,2
31083,1
31086,1
31089,1
31097,1
31106,1
31111,1
31116,1
31118,1
31120,1
31122,1
31129,2
31139,1
31142,1
31147,1
31152,1
31164,2
31171,1
31174,1
31177,1
31183,1
31186,2
31190,1
31196,1
31200,1
31202,1
31205,1
31213,1
31216,1
31221,3
31228,1
31235,1
31243,2
31246,1
31248,1
31256,2
31258,1
31265,3
31272,1
31274,1
31280,1
31289,1
31292,1
31295,2
31304,1
31311,1
31316,1
31331,1
31334,1
31342,1
31344,1
31361,1
31365,1
31369,1
31377,1
31383,1
31387,1
31389,1
31394,1
31409,1
31421,1
31423,1
31425,1
31430,1
31433,1
31445,2
31447,1
31452,1
31456,1
31459,1
31461,1
31464,1
31467,2
31473,1
31479,1
31481,1
31484,1
31492,1
31495,1
31498,1
31512,1
31514,1
31518,1
31525,2
31527,1
31530,1
31536,1
31539,1
31546,2
31556,2
31560,2
31562,1
31564,1
31569,2
31572,1
31578,2
31580,1
31587,1
31594,1
31602,1
31610,1
31613,1
31620,1
31625,1
31629,1
31650,2
31655,2
31658,1
31671,2
31674,1
31677,1
31686,1
31691,1
31705,1
31708,1
31718,1
31725,2
31728,1
31730,1
31732,1
31736,1
31738,1
31741,1
31743,1
31748,2
31751,1
31755,1
31758,1
31779,1
31785,1
31791,1
31817,2
31819,1
31822,2
31830,1
31834,1
31840,1
31843,2
31848,1
31851,1
31862,1
31867,1
31880,1
31883,2
31895,1
31897,1
31899,1
31904,1
31907,1
31914,1
31917,1
31922,1
31927,1
31936,1
31938,1
31955,2
31968,1
31973,1
31989,1
31991,1
31997,1
32001,1
32007,1
32012,1
32014,1
32016,1
32021,1
32023,1
32026,2
32037,1
32039,1
32043,1
32056,1
32058,1
32065,1
32069,2
32075,1
32083,1
32087,1
32099,1
32104,2
32107,1
32110,2
32113,1
32116,1
32133,1
32140,1
32144,1
32147,1
32149,1
32154,2
32156,1
32160,1
32163,1
32165,1
32172,1
32189,1
32193,1
32196,1
32214,1
32221,1
32224,2
32226,1
32235,1
32238,1
32240,1
32243,2
32247,3
32249,1
32252,1
32261,1
32269,1
32275,1
32280,1
32296,1
32299,1
32305,1
32311,1
32314,1
32322,1
32337,1
32347,1
32349,1
32353,1
32362,1
32367,1
32369,1
32376,1
32380,1
32384,1
32393,1
32405,1
32415,1
32421,1
32428,1
32433,1
32460,1
32470,1
32479,1
32484,1
32499,1
32509,1
32522,1
32539,1
32553,1
32563,2
32573,1
32579,1
32584,1
32588,1
32593,2
32595,1
32597,1
32600,1
32603,1
32609,1
32613,1
32616,1
32624,1
32628,1
32630,1
32635,1
32638,1
32640,1
32646,1
32660,2
32663,2
32683,1
32685,1
32691,2
32700,1
32702,1
32710,1
32714,1
32718,2
32722,1
32727,1
32730,2
32741,1
32743,1
32745,1
32755,1
32769,1
32772,1
32777,1
32779,1
32781,1
32795,1
32818,1
32825,2
32831,1
32840,1
32844,1
32848,1
32851,1
32857,1
32866,1
32873,1
32875,1
32884,2
32886,1
32894,1
32897,1
32900,1
32906,1
32913,1
32915,1
32921,1
32924,1
32926,1
32931,1
32944,1
32948,1
32952,2
32954,1
32956,1
32959,1
32970,2
32972,1
32996,1
33009,1
33015,1
33017,1
33020,1
33030,1
33033,1
33044,1
33054,1
33057,2
33061,1
33064,1
33072,1
33074,1
33079,2
33082,1
33089,1
33092,1
33098,2
33104,1
33112,1
33116,1
33127,1
33130,1
33134,3
33137,1
33148,1
33151,1
33165,2
33168,1
33170,1
33174,1
33190,2
33193,2
33197,1
33199,1
33204,1
33216,1
33225,1
33228,1
33231,1
33236,1
33239,1
33242,1
33244,1
33247,1
33250,1
33253,1
33257,2
33259,1
33263,1
33265,1
33268,1
33272,1
33282,1
33287,1
33291,1
33294,1
33297,1
33305,1
33307,1
33309,1
33312,1
33315,1
33329,1
33335,1
33337,1
33339,1
33351,1
33355,1
33357,1
33386,1
33388,1
33390,1
33394,2
33398,1
33402,1
33405,1
33408,1
33413,1
33415,1
33422,1
33432,1
33435,1
33441,2
33456,1
33466,1
33477,1
33485,1
33488,1
33493,1
33498,2
33501,1
33511,2
33516,1
33518,1
33524,1
33534,1
33537,1
33541,2
33545,1
33553,2
33560,1
33569,1
33573,1
33581,1
33604,1
33609,1
33612,1
33614,1
33620,1
33628,1
33633,1
33637,1
33643,1
33645,1
33648,1
33658,1
33663,1
33665,1
33672,1
33678,1
33702,1
33704,1
33707,1
33711,1
33714,1
33717,1
33724,1
33735,1
33740,2
33744,1
33746,1
33758,2
33762,1
33770,1
33773,1
33776,2
33784,1
33786,1
33790,1
33798,2
33800,1
33802,1
33812,1
33815,1
33823,1
33825,1
33827,1
33833,1
33850,1
33854,1
33860,1
33871,2
33887,2
33891,1
33899,1
33904,2
33912,2
33915,1
33918,1
33931,1
33936,1
33938,1
33951,1
33962,1
33966,1
33971,1
33980,1
33985,1
33994,1
34006,1
34009,2
34019,1
34021,1
34024,2
34041,1
34047,2
34058,1
34065,1
34071,1
34076,1
34079,1
34082,1
34093,1
34095,1
34098,1
34108,1
34117,1
34120,2
34124,1
34139,1
34141,1
34147,1
34159,1
34166,1
34172,1
34183,1
34187,1
34207,1
34214,1
34224,1
34230,1
34251,1
34253,1
34255,1
34260,1
34267,1
34273,1
34282,1
34286,2
34292,1
34305,1
34307,1
34313,1
34320,1
34326,1
34329,1
34332,1
34335,2
34344,1
34351,1
34353,1
34356,1
34362,1
34374,1
34377,1
34383,1
34390,2
34394,1
34404,1
34408,1
34416,2
34421,1
34427,1
34440,1
34446,1
34455,1
34462,1
34464,1
34468,1
34476,1
34479,1
34497,1
34499,1
34503,1
34506,1
34508,1
34510,1
34520,2
34526,1
34534,1
34541,1
34544,1
34547,1
34549,1
34554,1
34556,1
34563,1
34565,1
34577,1
34582,1
34587,1
34596,1
34598,1
34605,1
34608,1
34616,1
34619,1
34623,3
34625,1
34637,1
34640,1
34646,1
34654,1
34666,1
34676,2
34682,1
34691,1
34701,2
34703,1
34705,1
34709,2
34712,1
34717,1
34723,1
34728,1
34732,1
34734,1
34740,1
34743,1
34750,2
34752,1
34759,2
34768,1
34770,1
34778,1
34786,1
34791,1
34798,1
34808,1
34815,1
34822,1
34829,1
34831,1
34837,1
34839,1
34844,1
34857,1
34860,1
34866,1
34878,1
34880,1
34883,1
34891,1
34905,1
34908,1
34914,1
34918,1
34921,1
34923,1
34929,1
34933,1
34936,1
34939,1
34942,1
34946,1
34952,1
34954,1
34956,1
34959,1
34976,1
34986,1
34996,1
35002,1
35006,1
35008,1
35012,1
35019,1
35027,1
35031,2
35054,1
35057,1
35064,1
35068,1
35073,1
35077,2
35081,1
35086,2
35088,1
35090,1
35093,2
35099,1
35107,1
35119,1
35122,1
35130,1
35132,1
35139,2
35141,1
35143,1
35149,1
35156,1
35161,1
35168,1
35171,2
35185,1
35191,1
35195,1
35197,1
35201,1
35203,1
35207,1
35211,1
35219,1
35221,1
35223,1
35225,1
35227,1
35230,1
35236,1
35252,1
35259,1
35261,1
35264,1
35266,1
35272,1
35287,2
35291,1
35293,1
35303,1
35307,1
35311,1
35314,1
35320,1
35324,1
35326,1
35328,1
35331,2
35335,1
35343,1
35350,1
35363,1
35369,2
35378,1
35388,1
35395,1
35405,1
35408,1
35412,1
35428,1
35438,1
35448,1
35455,1
35457,1
35475,1
35478,1
35483,2
35487,1
35490,1
35505,1
35513,1
35516,1
35519,1
35525,1
35535,1
35544,1
35546,1
35549,2
35557,1
35559,1
35572,1
35575,1
35583,1
35588,1
35590,1
35595,1
35600,1
35605,1
35608,1
35612,1
35621,1
35625,1
35630,1
35633,1
35637,1
35646,1
35657,2
35662,2
35669,1
35689,1
35692,2
35694,1
35696,1
35698,1
35704,1
35707,2
35710,1
35716,1
35719,1
35724,1
35730,1
35732,1
35741,2
35747,1
35749,1
35755,1
35757,1
35761,2
35764,2
35772,1
35783,1
35788,1
35790,1
35795,1
35802,1
35815,1
35827,1
35831,2
35833,1
35840,1
35847,1
35850,1
35858,1
35868,1
35871,1
35873,1
35878,1
35888,2
35901,1
35904,1
35908,1
35911,1
35914,1
35916,1
35921,1
35925,2
35934,1
35939,1
35944,1
35946,1
35954,1
35959,1
35962,1
35973,1
35997,1
36000,1
36003,2
36025,1
36040,1
36050,1
36055,1
36065,1
36083,1
36085,1
36091,1
36099,1
36103,1
36109,1
36116,1
36122,1
36129,1
36136,1
36142,1
36161,1
36163,1
36169,2
36177,1
36180,1
36190,1
36192,1
36194,1
36199,1
36204,2
36206,1
36216,1
36222,1
36228,1
36232,1
36241,1
36244,1
36247,1
36255,1
36264,1
36266,1
36272,1
36274,1
36281,1
36286,1
36293,1
36296,1
36302,1
36323,1
36333,1
36348,1
36352,1
36361,1
36364,1
36379,1
36381,1
36384,1
36388,2
36396,1
36401,1
36404,1
36409,1
36412,1
36425,1
36428,1
36431,1
36436,1
36449,1
36456,2
36460,1
36468,1
36471,2
36486,1
36489,1
36491,1
36499,1
36506,1
36510,2
36516,1
36520,2
36528,1
36530,1
36537,1
36542,1
36549,1
36552,1
36558,1
36563,1
36565,1
36571,1
36573,1
36581,1
36586,2
36591,1
36593,1
36603,2
36615,2
36621,1
36623,1
36626,1
36629,2
36635,1
36639,1
36641,1
36645,1
36649,1
36654,1
36657,1
36659,1
36665,1
36675,2
36677,1
36680,1
36683,1
36687,1
36693,1
36695,1
36702,2
36704,1
36712,1
36722,1
36724,1
36730,1
36732,1
36739,1
36744,1
36749,2
36752,1
36754,1
36758,2
36784,1
36794,1
36800,1
36806,1
36813,1
36822,1
36828,1
36832,1
36838,1
36842,1
36848,1
36851,1
36857,1
36870,1
36884,1
36894,1
36900,1
36919,1
36927,1
36929,1
36934,1
36956,1
36958,1
36960,1
36971,1
36976,1
36981,2
36984,2
36986,1
36993,1
36997,1
37012,2
37035,2
37040,2
37046,1
37048,1
37051,1
37053,1
37055,1
37069,1
37086,1
37099,1
37105,1
37110,1
37113,2
37117,1
37119,1
37122,1
37127,1
37130,1
37133,2
37135,1
37140,1
37144,1
37149,1
37152,1
37155,2
37158,1
37178,1
37185,1
37195,1
37198,1
37200,1
37214,1
37216,1
37219,1
37232,1
37237,1
37272,1
37274,1
37277,1
37284,2
37287,1
37295,1
37298,1
37301,1
37309,1
37312,1
37315,1
37321,1
37328,1
37330,1
37332,1
37343,1
37345,1
37353,1
37357,1
37364,1
37372,2
37385,1
37395,1
37402,1
37409,1
37411,1
37423,1
37425,1
37430,1
37432,1
37436,1
37453,1
37456,2
37477,1
37486,1
37489,1
37495,1
37506,1
37511,1
37517,2
37525,1
37529,1
37538,1
37548,1
37563,1
37566,1
37573,1
37578,1
37584,1
37595,1
37598,1
37600,1
37604,1
37609,1
37625,1
37631,1
37646,1
37652,2
37659,1
37666,1
37669,1
37680,1
37685,1
37687,1
37696,2
37705,1
37713,1
37716,1
37719,1
37729,1
37736,1
37739,1
37742,1
37748,1
37750,1
37755,1
37758,2
37763,1
37773,1
37778,1
37781,1
37794,1
37797,1
37799,1
37807,1
37814,1
37821,1
37827,1
37840,1
37846,1
37859,1
37874,1
37880,1
37885,1
37887,1
37892,2
37899,1
37901,1
37906,2
37923,1
37937,1
37940,1
37944,1
37949,1
37966,1
37968,1
37972,1
37980,1
37983,1
37991,1
37994,1
37996,1
38001,1
38006,1
38009,2
38015,1
38017,1
38020,1
38025,1
38029,1
38035,1
38038,1
38041,1
38048,1
38060,1
38063,1
38068,1
38070,1
38083,2
38086,1
38104,1
38108,1
38117,1
38122,1
38128,1
38137,2
38149,2
38155,1
38158,1
38162,1
38164,1
38166,1
38168,1
38170,1
38173,1
38176,1
38180,1
38182,1
38186,1
38196,1
38209,1
38212,1
38216,1
38223,1
38225,1
38229,1
38238,1
38253,1
38257,1
38259,1
38261,1
38263,1
38267,1
38272,1
38274,1
38276,1
38284,1
38286,1
38299,1
38302,1
38310,2
38320,1
38323,1
38331,1
38333,1
38335,1
38337,1
38342,1
38346,1
38354,1
38356,1
38363,1
38365,1
38369,1
38382,1
38386,1
38389,2
38397,1
38400,1
38403,1
38415,2
38417,1
38427,1
38429,1
38432,1
38436,1
38439,1
38446,1
38458,1
38460,1
38462,1
38470,1
38473,1
38475,1
38478,1
38487,1
38490,2
38493,1
38495,1
38497,1
38499,1
38509,1
38513,1
38518,1
38527,2
38532,1
38540,1
38561,1
38563,1
38567,1
38574,1
38589,1
38592,1
38598,1
38601,1
38609,1
38611,1
38617,1
38621,1
38627,1
38652,1
38659,1
38664,1
38677,1
38681,1
38692,1
38694,1
38707,1
38710,1
38712,1
38718,2
38720,1
38722,1
38728,1
38735,1
38737,1
38739,1
38745,1
38747,1
38752,1
38755,1
38757,1
38761,2
38764,1
38766,1
38778,1
38784,1
38786,1
38789,2
38798,2
38800,1
38803,1
38805,1
38809,1
38820,1
38829,1
38834,1
38836,1
38838,1
38841,1
38844,1
38848,1
38850,1
38853,2
38861,1
38865,2
38873,1
38879,1
38883,1
38888,1
38901,1
38906,1
38909,1
38919,1
38921,1
38925,2
38932,1
38953,1
38963,1
38971,1
38974,1
38978,1
38988,1
38990,1
38997,1
39005,1
39007,1
39010,1
39013,1
39020,2
39030,1
39039,2
39051,1
39056,1
39067,2
39074,1
39077,1
39080,1
39089,1
39091,1
39098,1
39103,1
39105,1
39112,1
39119,1
39123,1
39126,1
39129,1
39131,1
39133,1
39142,1
39145,1
39147,1
39149,1
39152,1
39158,1
39166,1
39173,1
39176,1
39182,1
39188,1
39192,1
39194,1
39217,2
39222,1
39225,1
39227,1
39236,1
39238,1
39242,2
39246,1
39253,1
39256,1
39261,1
39263,1
39265,1
39268,1
39287,1
39291,1
39294,1
39296,1
39298,1
39301,2
39304,1
39312,2
39315,1
39319,2
39325,2
39332,1
39338,1
39341,1
39361,1
39372,2
39375,1
39387,1
39394,1
39401,1
39407,1
39411,1
39416,1
39424,1
39426,1
39430,2
39433,1
39442,2
39445,1
39447,1
39449,1
39452,1
39456,1
39467,1
39470,1
39480,1
39484,1
39495,1
39499,2
39508,1
39511,2
39514,1
39521,2
39523,1
39533,1
39535,1
39558,1
39570,1
39577,1
39582,1
39588,2
39598,1
39616,1
39624,1
39630,1
39632,1
39636,2
39646,1
39661,1
39665,2
39667,1
39670,1
39672,1
39674,1
39676,1
39681,1
39689,1
39691,1
39693,1
39699,1
39705,1
39709,1
39718,1
39721,1
39730,2
39733,1
39742,1
39749,1
39752,1
39754,1
39759,1
39769,2
39774,1
39778,1
39781,1
39789,1
39799,1
39802,1
39805,1
39815,2
39817,1
39827,1
39830,1
39838,1
39842,1
39844,1
39848,1
39850,1
39854,2
39857,1
39861,1
39874,2
39878,1
39881,1
39886,1
39892,1
39894,1
39898,1
39906,1
39911,1
39930,1
39933,1
39936,1
39941,1
39955,1
39959,1
39964,1
39974,1
39977,1
39988,1
39990,1
39994,1
40004,2
40009,1
40016,1
40018,1
40041,1
40045,1
40049,1
40051,1
40072,1
40076,1
40078,1
40083,1
40094,1
40100,1
40105,1
40117,1
40120,1
40126,1
40129,2
40133,1
40140,1
40142,1
40157,1
40159,1
40169,1
40182,1
40186,1
40198,1
40201,1
40203,1
40208,1
40223,1
40233,1
40236,1
40239,1
40243,1
40253,1
40259,2
40264,1
40279,1
40281,1
40283,1
40291,1
40293,1
40295,1
40297,1
40302,1
40309,1
40313,1
40323,1
40328,1
40333,1
40338,1
40352,1
40355,1
40358,1
40361,1
40364,1
40374,1
40388,1
40391,2
40402,1
40407,1
40412,1
40417,2
40426,1
40429,1
40432,1
40437,1
40441,1
40446,1
40448,1
40457,1
40459,1
40461,1
40465,1
40469,1
40471,1
40476,1
40484,1
40497,1
40511,1
40537,1
40540,1
40546,1
40548,1
40556,1
40558,1
40560,1
40564,2
40567,1
40578,1
40582,1
40590,1
40595,1
40602,1
40605,1
40608,1
40618,1
40620,1
40627,1
40629,1
40633,2
40641,1
40655,1
40660,1
40664,1
40668,1
40671,1
40677,3
40684,2
40695,2
40698,1
40702,1
40708,1
40710,1
40719,1
40733,2
40735,1
40738,1
40748,1
40756,1
40758,1
40763,1
40767,1
40775,1
40777,1
40784,2
40786,1
40790,1
40793,1
40795,1
40802,1
40804,1
40807,1
40820,1
40827,1
40832,1
40834,1
40836,1
40838,1
40842,1
40847,1
40850,1
40856,1
40858,1
40865,1
40875,1
40878,1
40895,1
40910,1
40912,1
40916,1
40925,1
40939,1
40941,1
40945,2
40955,1
40957,1
40960,1
40970,1
40977,2
40989,1
40997,1
40999,1
41010,1
41018,1
41022,1
41027,1
41031,1
41039,2
41042,1
41045,1
41051,1
41070,1
41081,1
41092,1
41114,1
41129,1
41132,2
41135,1
41141,1
41149,1
41151,1
41156,1
41159,1
41162,1
41165,1
41169,1
41171,1
41173,1
41180,1
41182,1
41184,1
41188,1
41194,1
41198,2
41210,2
41241,1
41246,1
41253,1
41256,1
41273,1
41275,1
41278,2
41285,1
41289,1
41291,1
41298,1
41300,1
41303,1
41312,1
41315,1
41319,2
41321,1
41329,1
41338,1
41341,1
41349,1
41351,1
41356,1
41364,1
41371,1
41378,1
41391,1
41393,1
41396,1
41403,1
41408,1
41414,1
41419,1
41424,1
41430,1
41434,1
41436,1
41445,1
41452,1
41458,1
41466,1
41471,1
41480,1
41483,2
41486,1
41491,2
41493,1
41512,1
41515,2
41521,1
41530,1
41535,1
41546,1
41550,2
41557,1
41572,1
41584,1
41588,1
41608,1
41614,2
41620,1
41623,1
41626,1
41628,1
41638,1
41640,1
41649,1
41652,1
41656,1
41675,1
41688,1
41693,2
41700,1
41709,1
41711,1
41714,1
41716,1
41727,2
41732,1
41739,1
41743,1
41746,1
41750,1
41762,1
41778,1
41784,1
41792,1
41801,1
41804,1
41809,1
41812,1
41817,1
41822,1
41830,1
41832,1
41835,1
41838,1
41845,1
41849,1
41851,1
41864,1
41867,1
41869,1
41872,2
41875,2
41877,1
41880,1
41884,2
41886,1
41892,2
41898,1
41908,1
41911,2
41917,1
41920,1
41929,1
41931,1
41935,1
41937,1
41942,1
41948,1
41950,1
41953,1
41957,1
41973,2
41982,1
41988,1
41994,2
41997,1
42014,1
42018,1
42028,1
42030,1
42032,1
42036,1
42044,1
42048,1
42056,1
42059,1
42063,1
42065,1
42070,1
42077,1
42079,1
42086,1
42094,1
42096,1
42099,1
42114,1
42118,1
42124,1
42128,1
42131,1
42134,1
42138,1
42143,1
42147,1
42151,1
42154,1
42158,2
42166,1
42168,1
42170,1
42172,1
42175,1
42196,1
42208,1
42225,1
42238,1
42242,1
42247,2
42268,1
42277,1
42288,1
42290,1
42299,1
42312,1
42314,1
42318,1
42323,1
42326,1
42330,1
42334,1
42336,1
42338,1
42345,1
42347,1
42352,1
42355,1
42357,1
42359,1
42366,1
42370,2
42375,1
42382,1
42385,2
42387,1
42396,1
42398,1
42401,1
42411,1
42424,1
42426,1
42431,1
42441,1
42446,2
42461,1
42463,1
42469,1
42473,1
42475,1
42477,1
42483,1
42486,1
42498,1
42500,1
42515,1
42518,2
42536,1
42541,1
42548,1
42553,1
42557,2
42563,1
42567,1
42571,1
42576,1
42582,1
42589,2
42592,1
42600,1
42608,1
42617,1
42620,1
42622,1
42628,2
42637,1
42652,1
42661,1
42664,1
42680,1
42686,1
42692,1
42699,1
42703,1
42705,1
42723,1
42725,1
42728,1
42736,1
42739,2
42744,1
42748,1
42756,1
42761,1
42768,1
42774,1
42780,1
42784,1
42796,1
42802,1
42818,1
42823,1
42825,1
42828,1
42833,1
42840,1
42847,1
42851,2
42858,1
42871,1
42876,1
42883,1
42886,1
42888,1
42890,1
42901,1
42907,2
42921,1
42930,2
42932,1
42935,1
42940,1
42942,1
42946,1
42950,1
42953,2
42963,1
42972,1
42992,1
43005,1
43013,1
43027,1
43044,1
43052,1
43055,1
43057,1
43063,1
43068,1
43081,1
43102,1
43105,1
43118,1
43121,1
43124,1
43126,1
43131,1
43140,1
43143,1
43148,1
43150,1
43155,1
43157,1
43161,2
43165,2
43177,1
43184,1
43187,1
43189,1
43199,1
43202,1
43212,1
43215,1
43233,2
43238,1
43252,1
43258,1
43260,1
43273,1
43283,1
43285,1
43290,1
43292,1
43295,1
43298,2
43314,2
43316,1
43325,1
43328,2
43330,1
43337,1
43350,1
43352,1
43354,1
43359,1
43375,1
43378,1
43387,1
43389,1
43392,1
43398,2
43409,1
43411,1
43416,1
43424,1
43426,1
43460,1
43462,1
43467,2
43470,1
43472,1
43479,2
43484,1
43487,1
43499,1
43502,1
43505,1
43509,2
43523,1
43530,1
43537,1
43543,1
43547,1
43551,1
43554,1
43560,1
43567,1
43575,1
43581,1
43590,1
43593,2
43598,1
43600,1
43603,1
43605,1
43608,1
43610,1
43614,1
43616,1
43618,1
43620,1
43627,1
43635,2
43647,1
43656,2
43663,1
43665,1
43672,1
43681,2
43685,1
43693,1
43699,1
43702,1
43705,1
43709,1
43717,2
43722,1
43724,1
43727,1
43730,1
43742,1
43746,1
43753,1
43760,1
43762,1
43767,1
43770,1
43772,1
43781,1
43783,1
43787,1
43792,1
43795,1
43799,1
43803,1
43807,1
43810,1
43817,1
43819,1
43822,1
43825,1
43828,1
43836,1
43842,1
43855,1
43857,1
43864,1
43868,1
43875,1
43885,1
43888,2
43895,1
43897,1
43899,1
43903,1
43906,1
43914,1
43916,1
43922,2
43929,1
43933,1
43936,2
43940,1
43943,1
43946,1
43950,2
43953,1
43955,1
43962,1
43964,1
43966,1
43968,1
43976,1
43981,1
43984,1
43991,1
43995,1
44000,2
44002,1
44004,1
44010,1
44014,1
44020,1
44022,1
44024,1
44038,1
44044,1
44047,2
44051,1
44053,1
44058,1
44060,1
44069,1
44071,1
44075,1
44085,1
44088,1
44091,1
44094,1
44098,1
44101,1
44103,1
44118,1
44121,1
44135,1
44138,1
44143,1
44146,1
44148,1
44167,1
44174,1
44178,1
44181,1
44184,1
44191,1
44199,1
44202,1
44208,1
44222,2
44253,1
44268,1
44273,1
44278,1
44280,1
44285,2
44296,1
44299,1
44302,1
44310,2
44312,1
44316,1
44321,1
44324,2
44330,1
44337,1
44344,1
44350,1
44354,2
44359,2
44361,1
44370,1
44381,1
44391,1
44393,1
44399,2
44407,2
44412,1
44419,1
44424,1
44428,1
44432,1
44437,1
44441,1
44444,1
44446,1
44448,1
44453,2
44473,1
44475,1
44487,1
44492,1
44495,1
44500,1
44507,1
44514,1
44528,1
44542,1
44550,1
44555,1
44558,2
44562,1
44565,1
44567,1
44571,1
44573,1
44581,1
44584,1
44587,1
44594,1
44597,1
44606,1
44612,1
44620,1
44622,1
44625,1
44636,1
44642,1
44646,1
44654,1
44669,1
44671,1
44674,1
44676,1
44681,3
44683,1
44689,1
44691,1
44693,1
44702,1
44704,1
44708,1
44710,1
44717,1
44722,1
44728,1
44733,1
44741,1
44744,1
44746,1
44763,1
44766,1
44775,2
44780,1
44784,1
44786,1
44788,1
44794,1
44798,1
44800,1
44805,1
44819,1
44823,1
44831,1
44843,1
44846,1
44849,1
44858,1
44870,1
44872,1
44875,1
44877,1
44884,1
44888,1
44891,2
44894,1
44898,1
44902,1
44904,1
44906,1
44916,1
44918,1
44920,1
44924,1
44928,1
44930,1
44942,1
44947,1
44978,2
44982,1
44984,1
44992,1
44997,1
45011,1
45016,2
45020,1
45026,1
45030,3
45038,1
45040,1
45045,1
45052,1
45060,1
45069,1
45089,1
45095,1
45098,1
45106,1
45109,1
45118,1
45120,1
45134,1
45138,1
45142,1
45145,2
45147,1
45152,1
45175,1
45183,1
45187,1
45198,1
45206,1
45208,1
45210,1
45212,1
45219,1
45221,1
45224,1
45227,1
45230,1
45241,1
45243,1
45250,1
45275,1
45278,1
45280,1
45283,2
45293,1
45296,1
45299,1
45304,1
45318,1
45321,1
45328,1
45334,1
45338,1
45343,1
45346,1
45351,1
45354,2
45357,1
45360,1
45362,1
45371,1
45379,1
45384,1
45391,1
45393,1
45397,1
45402,1
45412,2
45414,1
45418,1
45422,1
45425,2
45430,1
45438,1
45444,1
45448,1
45451,1
45455,1
45459,1
45465,1
45467,1
45479,1
45481,1
45483,1
45485,1
45489,1
45497,1
45506,1
45510,1
45514,1
45554,2
45560,2
45562,1
45569,1
45575,1
45579,1
45590,1
45596,1
45614,1
45618,1
45620,1
45623,1
45625,1
45627,1
45629,1
45638,1
45645,2
45659,1
45662,1
45665,1
45669,1
45673,1
45676,1
45684,1
45690,1
45692,1
45697,1
45700,1
45703,1
45705,1
45707,1
45715,1
45724,1
45739,1
45743,1
45746,1
45748,1
45752,1
45760,1
45762,1
45774,1
45779,1
45781,1
45787,1
45790,1
45797,2
45808,1
45811,1
45819,1
45822,1
45828,1
45830,1
45835,1
45844,2
45856,1
45866,1
45876,1
45880,1
45884,1
45886,1
45889,1
45891,1
45895,1
45897,1
45903,1
45905,1
45911,1
45913,1
45920,1
45922,1
45924,1
45947,1
45950,2
45955,2
45957,1
45961,1
45963,1
45975,1
45977,1
45979,1
45987,1
45990,2
45992,1
45995,1
46011,1
46014,1
46018,2
46030,1
46035,2
46048,1
46055,1
46063,1
46065,1
46079,1
46097,1
46100,1
46106,1
46119,1
46130,1
46133,1
46155,1
46163,1
46165,1
46167,1
46175,1
46180,1
46190,1
46193,1
46196,1
46199,1
46214,1
46222,2
46225,1
46236,1
46245,1
46250,1
46271,1
46277,1
46282,1
46291,1
46301,1
46305,1
46315,1
46319,1
46321,1
46323,1
46326,2
46328,1
46330,1
46336,1
46342,1
46348,1
46352,1
46359,1
46361,1
46367,2
46369,1
46378,1
46380,1
46387,1
46396,1
46399,1
46403,1
46410,2
46412,1
46418,1
46429,1
46434,1
46441,2
46456,1
46468,1
46474,1
46477,1
46479,1
46486,1
46493,1
46498,1
46506,1
46512,1
46533,1
46536,1
46540,1
46543,2
46545,1
46552,1
46560,1
46571,1
46573,1
46575,1
46585,1
46588,1
46595,1
46598,1
46600,1
46604,1
46606,1
46608,1
46612,1
46615,1
46618,1
46621,1
46633,1
46638,1
46640,1
46659,1
46664,1
46668,1
46671,1
46679,1
46686,1
46692,2
46704,1
46707,1
46714,1
46726,1
46730,2
46745,1
46747,1
46749,1
46774,1
46777,1
46785,1
46789,1
46796,1
46808,1
46815,1
46820,1
46824,1
46828,1
46830,1
46835,1
46838,1
46845,1
46852,1
46866,1
46869,1
46872,1
46876,1
46879,1
46885,1
46888,1
46891,1
46893,1
46897,1
46901,2
46905,1
46911,1
46913,1
46915,1
46919,1
46931,1
46933,1
46936,1
46938,1
46948,1
46950,1
46955,1
46957,1
46966,1
46977,1
46979,1
46983,1
46986,1
46991,1
46993,1
46996,1
47003,1
47007,1
47009,1
47011,1
47015,1
47032,1
47034,1
47037,1
47040,1
47043,1
47047,1
47049,1
47053,1
47055,1
47062,2
47064,1
47066,1
47083,1
47089,1
47095,1
47100,1
47103,2
47105,1
47108,1
47110,1
47112,1
47117,1
47121,1
47124,2
47126,1
47130,1
47134,1
47138,1
47167,1
47169,1
47188,1
47190,1
47193,1
47199,1
47208,2
47220,1
47223,1
47227,1
47231,2
47234,1
47238,1
47243,1
47249,1
47254,1
47257,1
47262,1
47264,1
47267,1
47270,1
47272,1
47280,1
47284,1
47290,1
47302,1
47304,1
47307,1
47310,1
47319,1
47333,2
47340,1
47342,1
47350,1
47358,1
47365,1
47368,1
47370,1
47377,1
47380,1
47382,1
47388,1
47392,1
47394,1
47402,2
47414,1
47429,2
47431,1
47440,1
47442,1
47445,1
47451,1
47468,1
47472,1
47477,1
47486,1
47489,1
47495,1
47500,1
47502,1
47527,1
47539,1
47546,1
47556,1
47561,1
47564,1
47568,1
47573,1
47576,1
47582,1
47592,1
47594,1
47599,1
47610,1
47627,1
47630,1
47632,1
47634,1
47637,1
47643,1
47649,1
47663,1
47666,1
47668,1
47672,2
47675,1
47679,1
47684,2
47696,1
47698,1
47709,1
47715,1
47718,1
47720,1
47725,1
47732,1
47734,1
47740,1
47742,1
47744,1
47750,1
47753,1
47760,1
47763,1
47767,1
47770,2
47777,1
47786,1
47798,2
47817,1
47826,1
47829,1
47832,1
47843,1
47847,1
47849,1
47858,1
47860,1
47864,1
47867,1
47869,1
47877,2
47880,1
47894,1
47896,1
47901,1
47904,2
47906,1
47908,1
47911,2
47918,1
47920,1
47923,1
47926,1
47933,2
47944,1
47957,1
47963,1
47968,1
47983,1
47992,1
47997,2
48004,1
48007,1
48010,1
48028,1
48039,2
48041,1
48043,1
48056,1
48059,1
48067,2
48069,1
48078,1
48080,1
48085,1
48087,1
48105,1
48108,1
48112,2
48119,1
48121,1
48123,1
48136,1
48142,1
48161,1
48171,2
48173,1
48176,1
48179,1
48193,1
48200,2
48208,1
48210,1
48213,1
48215,1
48219,1
48223,1
48228,1
48232,2
48234,1
48237,2
48245,1
48247,1
48249,1
48263,1
48268,1
48272,1
48274,1
48278,1
48282,1
48289,1
48292,1
48301,1
48311,1
48322,1
48324,1
48332,1
48345,1
48348,1
48352,1
48354,1
48356,1
48376,1
48391,1
48400,1
48425,1
48428,1
48432,1
48437,1
48440,1
48444,1
48448,1
48450,1
48454,1
48460,1
48462,1
48467,1
48472,1
48485,1
48498,1
48504,1
48508,1
48525,1
48549,1
48577,1
48591,1
48593,1
48595,1
48597,1
48603,1
48612,2
48618,1
48620,1
48624,1
48629,1
48633,1
48636,1
48640,1
48650,1
48652,1
48667,1
48669,1
48686,1
48691,1
48704,1
48715,1
48718,1
48721,1
48726,1
48733,1
48736,1
48739,1
48745,1
48751,1
48756,1
48758,1
48760,1
48771,1
48785,2
48795,1
48797,1
48802,1
48805,1
48809,1
48818,1
48820,1
48824,1
48837,1
48852,1
48859,2
48864,1
48866,1
48870,1
48872,1
48879,1
48884,1
48886,1
48890,2
48894,1
48900,2
48902,1
48915,1
48924,1
48928,1
48932,1
48937,2
48944,1
48955,1
48957,1
48963,1
48966,1
48972,1
48987,1
48992,1
48995,2
49009,1
49012,1
49014,1
49017,1
49020,1
49022,1
49025,1
49030,1
49035,1
49040,2
49044,1
49055,1
49060,1
49063,1
49074,1
49081,1
49089,1
49091,1
49103,1
49108,2
49123,1
49127,1
49134,1
49146,1
49150,1
49153,1
49155,1
49161,1
49174,3
49180,1
49185,1
49199,1
49201,1
49204,2
49209,1
49219,1
49229,1
49238,1
49247,1
49249,1
49252,2
49258,1
49260,1
49270,1
49277,1
49280,1
49288,1
49293,1
49299,1
49303,1
49305,1
49312,1
49315,1
49328,2
49330,1
49336,1
49351,1
49359,1
49364,1
49367,1
49369,1
49382,1
49390,1
49395,1
49402,1
49405,1
49427,1
49429,1
49432,1
49434,1
49439,2
49445,1
49461,1
49465,1
49470,1
49472,1
49475,1
49478,2
49497,1
49502,1
49505,1
49518,1
49526,1
49531,1
49534,1
49541,1
49544,1
49547,1
49552,1
49567,1
49579,2
49595,1
49600,1
49607,1
49616,1
49626,1
49638,1
49640,1
49642,1
49644,1
49647,1
49654,1
49657,1
49659,1
49663,1
49677,1
49682,1
49686,2
49688,1
49696,1
49698,1
49703,1
49706,1
49728,1
49737,1
49740,1
49744,1
49746,1
49765,1
49786,1
49788,1
49796,1
49811,1
49816,1
49818,1
49827,1
49829,1
49831,1
49838,1
49840,1
49847,1
49850,1
49852,1
49861,1
49863,1
49869,2
49871,1
49876,1
49878,1
49882,1
49889,1
49904,1
49911,1
49929,1
49936,1
49941,1
49943,1
49946,1
49951,1
49956,1
49959,1
49961,1
49973,1
49975,1
49980,1
49987,1
49990,1
49998,1
50001,1
50005,1
50020,1
50027,1
50035,1
50041,1
50053,1
50058,1
50068,1
50070,1
50076,1
50079,1
50082,1
50085,1
50090,1
50093,1
50097,2
50101,1
50103,1
50109,1
50112,1
50125,1
50133,1
50145,1
50166,1
50168,1
50170,1
50179,1
50182,1
50189,1
50191,1
50193,1
50195,1
50197,1
50200,1
50205,1
50216,1
50226,1
50236,1
50242,1
50250,1
50252,1
50254,1
50256,1
50258,1
50260,1
50274,2
50283,1
50285,1
50287,1
50301,1
50305,1
50309,1
50320,1
50324,1
50326,1
50335,1
50338,1
50341,1
50343,1
50349,1
50352,1
50356,1
50363,1
50365,1
50368,1
50381,1
50388,2
50392,1
50395,1
50398,2
50408,1
50419,1
50422,1
50426,1
50437,1
50443,1
50449,1
50453,1
50464,1
50470,1
50478,2
50481,1
50484,1
50486,1
50494,1
50496,1
50498,1
50501,1
50506,1
50513,1
50522,1
50528,1
50535,1
50539,1
50542,1
50545,1
50558,1
50560,1
50565,1
50569,1
50573,1
50576,1
50578,1
50589,1
50604,1
50606,1
50613,1
50618,1
50622,1
50624,1
50631,1
50636,1
50653,1
50655,1
50663,1
50665,1
50667,1
50672,1
50678,1
50681,1
50683,1
50685,1
50688,1
50692,1
50696,1
50702,1
50705,1
50710,1
50713,1
50716,1
50740,1
50744,1
50755,1
50757,1
50762,1
50784,1
50788,1
50790,1
50796,1
50802,1
50810,1
50813,2
50815,1
50825,2
50831,1
50840,1
50842,1
50850,1
50858,1
50866,1
50869,1
50879,1
50887,1
50903,1
50909,1
50914,1
50924,1
50928,1
50931,1
50936,1
50941,1
50944,1
50948,1
50957,1
50959,1
50982,1
50991,1
50993,1
51000,1
51007,1
51027,1
51030,1
51049,2
51074,1
51080,1
51086,1
51088,1
51095,1
51099,1
51105,1
51112,2
51118,1
51146,1
51148,1
51154,1
51157,1
51162,1
51165,1
51169,1
51176,1
51183,1
51186,2
51191,1
51201,1
51203,1
51215,1
51225,1
51236,1
51241,1
51245,1
51251,1
51253,1
51256,1
51261,1
51266,1
51272,1
51279,1
51281,1
51297,2
51308,1
51318,1
51336,1
51339,2
51344,1
51371,1
51390,1
51392,1
51398,1
51400,1
51410,1
51414,1
51416,1
51418,1
51424,1
51428,1
51430,1
51435,2
51440,1
51448,1
51450,1
51470,3
51480,1
51488,1
51491,2
51497,1
51506,1
51511,1
51516,1
51524,1
51526,1
51528,1
51535,1
51537,1
51540,1
51547,2
51550,1
51555,1
51561,1
51573,1
51577,1
51580,1
51582,1
51593,1
51595,1
51597,1
51601,1
51606,1
51609,1
51622,1
51626,2
51630,1
51640,1
51648,2
51655,1
51662,1
51669,1
51671,1
51717,1
51722,1
51724,1
51726,1
51731,1
51737,1
51741,1
51746,1
51756,2
51766,1
51780,1
51793,1
51805,1
51807,1
51810,1
51813,1
51817,1
51824,1
51829,1
51833,2
51835,1
51837,1
51845,1
51850,1
51857,1
51860,1
51867,1
51869,1
51875,1
51883,1
51892,1
51899,1
51902,1
51908,1
51925,1
51928,1
51930,1
51937,1
51941,1
51943,1
51945,1
51953,1
51958,1
51960,1
51976,1
51995,1
51998,1
52001,2
52006,1
52008,1
52017,2
52022,1
52031,1
52036,1
52038,1
52040,1
52043,1
52045,1
52049,1
52052,1
52056,1
52061,1
52066,1
52075,1
52088,1
52094,1
52097,1
52099,1
52102,1
52105,1
52109,2
52114,1
52118,1
52134,1
52143,1
52148,1
52165,1
52168,2
52186,1
52194,1
52204,1
52211,1
52214,1
52227,2
52235,2
52241,1
52246,1
52248,1
52261,1
52263,1
52265,1
52269,1
52277,2
52281,1
52287,1
52289,1
52291,1
52304,1
52306,1
52308,1
52315,1
52318,1
52324,1
52326,1
52329,1
52332,1
52337,1
52340,1
52342,1
52356,1
52358,1
52363,1
52366,2
52382,1
52395,1
52400,1
52402,1
52411,1
52424,1
52428,1
52432,1
52435,1
52442,1
52454,1
52456,1
52459,1
52462,1
52470,1
52476,1
52479,1
52481,1
52483,1
52486,1
52492,1
52511,1
52521,1
52533,1
52551,2
52554,1
52556,1
52558,1
52562,1
52564,1
52567,1
52574,2
52577,2
52585,1
52599,1
52602,1
52608,1
52610,1
52612,1
52615,1
52617,1
52619,1
52621,1
52644,1
52646,1
52648,1
52652,1
52657,1
52659,1
52665,1
52668,1
52670,1
52674,2
52684,2
52695,1
52700,1
52710,1
52712,1
52718,1
52723,1
52739,2
52746,1
52754,1
52757,1
52766,1
52773,1
52778,2
52785,1
52793,2
52801,2
52805,1
52814,1
52817,1
52824,1
52830,1
52832,1
52839,1
52847,1
52854,1
52858,1
52866,1
52868,1
52870,1
52877,1
52888,1
52890,1
52897,1
52901,1
52911,1
52915,1
52926,1
52932,1
52936,1
52946,1
52951,1
52958,1
52964,1
52971,1
52973,1
52994,1
52997,2
53006,1
53011,1
53027,1
53042,1
53054,1
53061,1
53065,2
53069,1
53074,1
53086,1
53090,1
53099,1
53106,1
53108,1
53115,2
53117,1
53123,1
53125,1
53136,1
53139,1
53147,1
53151,1
53155,1
53158,1
53162,2
53165,1
53170,1
53172,1
53176,1
53186,1
53188,1
53198,1
53229,1
53235,1
53241,1
53243,1
53250,1
53254,1
53262,1
53266,1
53269,1
53281,2
53284,1
53288,1
53296,1
53300,1
53304,1
53315,1
53323,1
53332,1
53334,1
53350,1
53358,1
53367,1
53384,1
53387,1
53392,1
53399,1
53402,1
53408,2
53411,1
53415,1
53418,1
53429,1
53432,2
53434,1
53439,1
53442,2
53446,2
53453,1
53459,1
53465,1
53467,1
53471,1
53473,1
53475,1
53477,1
53480,1
53482,1
53485,1
53489,2
53491,1
53496,2
53498,1
53502,1
53504,1
53506,1
53509,1
53513,1
53526,2
53528,1
53534,2
53537,1
53540,1
53544,1
53549,1
53562,1
53567,1
53570,1
53578,1
53581,1
53587,1
53597,1
53599,1
53601,1
53610,1
53617,1
53622,1
53627,2
53638,1
53641,1
53644,1
53653,1
53663,1
53670,1
53677,1
53680,2
53691,1
53704,1
53712,1
53715,1
53722,1
53724,1
53728,1
53731,1
53734,1
53747,1
53750,1
53767,1
53769,1
53771,1
53773,1
53777,1
53779,1
53787,1
53790,1
53797,1
53799,1
53805,1
53811,1
53815,1
53818,1
53820,1
53822,1
53830,1
53833,2
53847,1
53852,1
53863,1
53881,1
53889,1
53898,1
53906,1
53908,1
53919,1
53932,1
53936,1
53940,1
53942,1
53944,1
53957,1
53975,1
53977,1
53984,1
53991,1
53999,1
54001,1
54003,1
54032,1
54042,1
54050,1
54056,1
54061,1
54073,1
54092,1
54100,1
54102,1
54104,1
54109,1
54118,1
54121,1
54124,1
54131,1
54133,1
54135,1
54145,1
54150,1
54153,1
54163,1
54166,1
54174,1
54181,1
54187,1
54190,1
54196,1
54198,1
54205,1
54207,1
54210,1
54217,1
54219,1
54222,1
54228,1
54236,1
54241,1
54247,1
54249,1
54251,1
54253,1
54266,1
54270,1
54274,1
54283,1
54287,2
54295,2
54311,1
54314,1
54321,1
54336,1
54341,1
54345,1
54358,1
54361,1
54364,1
54366,1
54370,1
54375,1
54377,1
54387,1
54394,1
54398,1
54401,1
54406,1
54411,1
54413,1
54415,1
54421,1
54424,1
54428,1
54430,1
54438,1
54444,1
54449,1
54463,1
54471,1
54482,1
54488,1
54495,1
54511,1
54513,1
54526,1
54529,2
54537,1
54559,1
54566,1
54573,1
54575,1
54577,1
54579,1
54590,1
54600,1
54603,1
54608,1
54610,1
54621,1
54628,1
54633,1
54637,1
54641,1
54649,1
54651,1
54675,1
54678,2
54681,1
54683,1
54691,1
54696,1
54710,1
54713,1
54730,1
54749,1
54751,1
54770,1
54779,2
54787,1
54799,2
54806,1
54810,2
54817,1
54819,1
54821,1
54824,1
54827,1
54829,1
54834,1
54839,1
54845,2
54847,1
54849,1
54860,1
54865,1
54868,1
54871,1
54874,1
54884,1
54887,1
54891,1
54900,1
54904,1
54907,1
54909,1
54924,1
54932,1
54934,1
54942,1
54945,1
54947,1
54952,1
54956,1
54960,1
54967,1
54969,1
54972,2
54980,1
54982,1
54997,1
55001,1
55010,2
55017,1
55023,1
55025,1
55030,1
55033,1
55036,1
55038,1
55045,1
55053,1
55058,1
55065,1
55071,1
55079,1
55082,1
55085,1
55087,1
55097,2
55103,1
55107,1
55116,2
55123,1
55131,1
55134,1
55137,1
55140,1
55142,1
55147,1
55155,1
55158,1
55163,1
55169,1
55171,1
55189,1
55199,1
55206,1
55208,1
55212,1
55214,1
55218,1
55220,1
55225,1
55233,1
55236,1
55246,1
55249,2
55256,1
55258,1
55261,1
55263,1
55266,2
55270,1
55277,1
55282,1
55285,1
55291,1
55304,1
55313,1
55316,1
55325,1
55331,1
55345,2
55352,1
55369,1
55372,1
55377,1
55381,1
55390,1
55395,1
55410,1
55412,1
55414,1
55416,1
55420,1
55425,1
55433,1
55438,1
55440,1
55458,1
55466,1
55469,1
55471,1
55481,1
55488,1
55492,1
55499,1
55502,1
55511,1
55514,1
55521,1
55525,1
55529,1
55532,1
55536,1
55539,2
55547,1
55551,1
55554,1
55563,1
55570,1
55574,2
55577,1
55588,1
55597,1
55600,1
55605,1
55609,1
55611,1
55618,1
55624,1
55626,1
55629,1
55637,1
55646,1
55650,1
55655,1
55680,1
55688,1
55692,1
55698,1
55703,1
55718,1
55721,1
55744,1
55756,1
55760,1
55762,1
55768,1
55780,1
55782,1
55785,1
55800,1
55815,1
55830,1
55835,1
55837,1
55845,1
55858,1
55860,1
55864,1
55873,1
55880,1
55889,1
55905,1
55920,1
55930,1
55935,1
55940,1
55948,1
55978,1
55980,1
55982,1
55990,1
56003,1
56006,1
56008,1
56016,1
56020,1
56024,1
56026,1
56029,2
56031,1
56035,1
56037,1
56040,2
56042,1
56051,1
56070,1
56073,2
56086,2
56090,1
56100,1
56105,1
56108,1
56110,1
56112,1
56114,1
56116,1
56120,1
56124,1
56127,1
56144,1
56146,1
56151,1
56155,1
56162,1
56164,1
56166,1
56174,1
56178,1
56184,1
56190,1
56196,3
56199,1
56201,1
56203,1
56211,1
56216,1
56221,1
56227,1
56233,1
56235,1
56246,1
56249,1
56252,1
56262,2
56276,1
56281,1
56287,1
56289,1
56291,1
56294,1
56297,1
56302,1
56309,1
56319,1
56327,1
56365,1
56370,1
56375,1
56380,1
56389,2
56422,1
56428,1
56434,1
56437,1
56440,1
56443,1
56451,1
56454,1
56461,1
56469,1
56471,1
56476,1
56478,1
56481,1
56486,1
56488,1
56493,2
56496,1
56501,1
56507,1
56522,2
56530,1
56539,1
56546,1
56557,1
56560,2
56568,1
56582,2
56592,1
56599,2
56615,1
56636,1
56639,1
56644,1
56649,1
56651,1
56653,1
56657,1
56660,1
56666,1
56672,1
56676,1
56691,1
56705,1
56710,1
56719,1
56722,1
56729,1
56755,1
56760,2
56763,1
56767,1
56770,1
56779,1
56782,1
56791,1
56795,1
56797,1
56804,1
56806,1
56811,1
56825,1
56831,1
56839,1
56843,1
56846,1
56854,1
56856,1
56858,1
56869,1
56876,1
56881,1
56884,1
56889,1
56893,1
56896,1
56899,1
56909,2
56924,1
56928,1
56941,1
56946,1
56948,1
56950,1
56956,1
56960,2
56970,1
56978,1
56983,1
56994,1
57000,2
57016,1
57024,1
57028,1
57033,1
57035,1
57037,1
57043,1
57048,1
57057,1
57062,1
57070,2
57079,1
57084,2
57098,1
57100,1
57104,1
57107,1
57109,1
57112,1
57116,1
57119,2
57123,1
57126,1
57130,1
57135,1
57139,1
57143,1
57148,1
57168,1
57175,1
57187,1
57198,1
57204,1
57213,1
57219,1
57221,1
57239,1
57250,1
57252,1
57264,1
57267,1
57272,1
57282,1
57284,1
57286,1
57301,1
57303,1
57310,1
57316,1
57318,1
57320,1
57327,1
57329,1
57339,1
57344,1
57346,1
57352,1
57363,1
57370,1
57373,1
57385,1
57393,1
57397,1
57399,1
57402,1
57406,1
57411,1
57416,1
57420,2
57424,1
57426,1
57431,1
57434,2
57440,1
57446,1
57449,1
57452,1
57454,1
57460,1
57465,1
57470,1
57472,1
57474,1
57476,1
57478,1
57485,1
57510,1
57523,1
57529,1
57558,1
57564,1
57570,1
57581,1
57586,1
57589,1
57594,1
57596,1
57609,1
57611,1
57622,1
57624,1
57636,1
57638,1
57644,1
57652,1
57654,1
57661,1
57668,1
57672,1
57679,1
57683,1
57688,1
57693,1
57695,1
57706,3
57718,1
57720,1
57727,1
57730,1
57733,1
57736,1
57746,1
57748,1
57751,1
57754,1
57756,1
57764,1
57767,1
57772,1
57774,1
57781,1
57784,1
57790,1
57808,1
57811,1
57824,1
57829,1
57832,1
57835,1
57844,1
57852,1
57855,1
57857,1
57860,2
57868,1
57877,1
57879,1
57886,1
57889,1
57898,1
57901,2
57905,1
57913,1
57917,1
57919,1
57928,1
57930,1
57940,2
57949,2
57954,1
57960,1
57977,1
57979,1
57986,1
57989,1
57993,1
57995,1
57997,1
58004,1
58007,1
58011,1
58014,2
58018,1
58022,1
58030,1
58034,1
58037,1
58039,1
58042,1
58046,2
58051,1
58053,1
58063,1
58066,1
58072,1
58081,1
58092,1
58096,2
58101,1
58111,1
58124,1
58128,1
58131,1
58133,1
58135,1
58142,1
58144,1
58148,2
58154,1
58156,1
58160,1
58167,2
58187,1
58192,1
58196,1
58210,1
58218,1
58230,1
58235,1
58240,1
58246,1
58251,2
58262,1
58264,1
58267,1
58269,1
58285,1
58292,1
58301,2
58320,1
58330,1
58332,1
58336,1
58345,1
58349,1
58351,1
58356,2
58363,1
58373,1
58375,1
58377,1
58379,1
58386,1
58389,1
58395,1
58399,1
58404,1
58408,1
58416,1
58435,1
58440,1
58444,1
58447,1
58449,1
58461,1
58466,1
58468,1
58476,1
58496,1
58504,1
58515,1
58521,1
58528,1
58536,1
58546,1
58551,1
58553,1
58557,1
58562,1
58565,1
58571,1
58573,1
58575,1
58579,1
58581,1
58584,2
58588,1
58590,1
58592,1
58595,1
58598,1
58606,1
58611,1
58618,1
58620,1
58625,1
58651,2
58673,1
58677,1
58684,1
58687,1
58699,1
58707,2
58713,1
58718,2
58721,1
58737,1
58742,1
58745,1
58754,1
58762,1
58774,1
58784,1
58787,1
58790,1
58798,1
58805,1
58811,1
58815,1
58817,1
58820,1
58823,1
58829,1
58831,1
58834,2
58843,1
58847,1
58850,1
58853,1
58861,1
58864,1
58874,1
58877,1
58879,1
58896,1
58899,1
58904,1
58910,1
58915,1
58928,1
58941,1
58943,1
58946,1
58963,2
58977,1
58982,1
58984,1
58995,1
59002,1
59006,1
59010,1
59036,1
59041,1
59046,1
59048,1
59054,1
59058,1
59068,1
59082,1
59085,2
59088,1
59091,1
59096,1
59107,1
59116,1
59124,1
59126,1
59143,1
59149,1
59163,1
59178,1
59180,1
59187,1
59199,1
59208,1
59211,1
59215,1
59218,1
59220,1
59236,1
59241,1
59250,3
59252,1
59254,1
59256,1
59263,1
59268,1
59272,2
59275,1
59295,2
59301,1
59313,1
59319,2
59330,1
59333,1
59338,1
59346,1
59348,1
59357,2
59362,1
59367,1
59383,1
59390,1
59394,1
59396,1
59398,1
59403,1
59409,1
59417,1
59421,1
59429,1
59433,1
59435,1
59437,1
59444,1
59459,1
59463,1
59472,1
59480,1
59485,1
59488,1
59502,1
59508,1
59511,1
59513,1
59519,1
59522,1
59541,1
59577,1
59591,1
59593,1
59596,1
59606,1
59629,1
59631,1
59638,1
59644,1
59651,1
59657,1
59666,2
59684,2
59691,1
59712,1
59717,1
59719,1
59732,1
59735,1
59738,2
59740,1
59747,1
59751,1
59753,1
59755,1
59758,2
59767,1
59771,1
59781,1
59783,1
59790,1
59793,2
59795,1
59800,1
59814,1
59824,1
59829,1
59842,1
59854,1
59856,1
59861,1
59867,2
59872,1
59882,1
59886,1
59892,1
59901,1
59903,1
59905,1
59913,1
59916,1
59922,1
59924,1
59933,1
59954,1
59960,1
59968,1
59973,1
59978,1
59981,1
59985,1
59990,1
59993,1
59995,1
60002,1
60009,1
60014,1
60022,1
60036,1
60044,1
60053,1
60068,1
60076,1
60084,1
60086,1
60090,1
60093,1
60101,1
60110,1
60114,1
60116,1
60123,1
60127,1
60136,1
60141,1
60148,1
60151,1
60156,1
60164,1
60185,1
60188,1
60192,1
60200,2
60211,1
60214,1
60222,1
60225,1
60234,2
60236,1
60257,1
60263,1
60270,1
60272,1
60287,1
60294,1
60301,1
60312,1
60318,1
60322,1
60324,1
60336,1
60341,1
60344,1
60356,1
60358,1
60360,1
60365,1
60371,1
60378,1
60386,1
60388,1
60417,1
60420,1
60426,1
60438,1
60442,1
60471,1
60483,1
60485,1
60489,2
60493,2
60497,1
60506,1
60510,1
60522,1
60530,1
60535,1
60538,1
60577,1
60584,1
60595,1
60602,1
60607,1
60618,1
60620,1
60626,2
60630,1
60637,1
60644,1
60647,1
60650,2
60657,1
60665,2
60676,1
60689,1
60696,1
60713,1
60718,1
60721,1
60733,1
60737,1
60744,1
60748,1
60755,1
60763,1
60765,1
60768,1
60776,1
60783,1
60785,1
60789,1
60797,1
60799,1
60803,1
60817,1
60819,1
60821,1
60829,1
60837,1
60839,1
60842,1
60846,1
60874,1
60877,2
60879,1
60893,1
60896,2
60902,1
60926,1
60929,1
60933,1
60948,1
60955,1
60959,1
60963,1
60965,1
60969,1
60981,1
60991,1
60993,1
61013,1
61015,1
61022,1
61030,1
61037,1
61041,1
61044,1
61059,1
61076,1
61078,1
61083,1
61126,1
61134,1
61137,1
61144,1
61151,1
61156,2
61160,1
61176,1
61185,1
61188,1
61194,1
61198,1
61201,1
61203,1
61208,1
61210,1
61212,1
61227,1
61234,2
61240,1
61253,1
61293,1
61309,1
61312,1
61319,1
61321,1
61324,1
61340,1
61355,1
61363,1
61367,1
61369,1
61376,1
61385,1
61388,1
61396,1
61412,1
61421,2
61432,1
61435,1
61441,1
61449,1
61451,1
61456,1
61463,1
61465,1
61477,1
61489,1
61492,1
61505,2
61515,1
61517,1
61524,2
61542,1
61544,1
61548,1
61558,1
61564,1
61572,1
61578,1
61580,1
61586,1
61590,1
61597,1
61611,1
61617,2
61634,1
61639,1
61642,1
61652,1
61658,1
61660,1
61669,1
61671,1
61676,1
61680,1
61687,1
61692,1
61701,1
61711,1
61715,1
61717,1
61719,1
61721,1
61725,1
61728,1
61732,1
61749,1
61751,1
61755,1
61765,1
61774,1
61783,1
61790,1
61797,1
61800,1
61804,1
61806,1
61809,2
61816,1
61825,1
61827,1
61829,1
61832,1
61834,1
61836,1
61841,1
61843,1
61849,1
61854,1
61859,1
61861,1
61865,1
61868,1
61875,1
61877,1
61899,1
61907,1
61912,1
61914,1
61918,1
61921,1
61924,1
61928,1
61942,1
61952,1
61954,1
61963,1
61969,1
61976,1
61989,1
61991,1
61997,1
62001,1
62010,1
62022,1
62025,1
62036,1
62044,2
62047,1
62049,1
62052,1
62060,1
62079,1
62085,1
62089,1
62096,1
62106,1
62108,1
62131,2
62134,1
62138,1
62141,1
62144,1
62146,1
62148,1
62150,1
62160,1
62167,1
62172,1
62185,1
62191,1
62196,1
62201,1
62214,1
62225,1
62227,1
62230,1
62232,1
62239,1
62242,1
62244,1
62247,1
62257,1
62260,1
62262,1
62271,1
62277,2
62280,1
62284,1
62291,1
62297,1
62302,2
62304,1
62307,1
62313,1
62322,1
62350,1
62355,1
62364,1
62369,1
62371,1
62384,1
62390,1
62392,1
62415,1
62423,1
62431,1
62433,1
62440,1
62444,1
62454,1
62458,1
62461,2
62463,1
62469,1
62474,1
62478,1
62482,1
62488,1
62491,1
62494,2
62496,1
62499,1
62508,1
62511,1
62516,1
62528,1
62542,1
62544,1
62548,1
62557,1
62560,1
62566,1
62572,1
62574,1
62579,1
62619,1
62627,1
62629,1
62634,1
62640,1
62644,1
62646,1
62650,1
62656,1
62679,1
62692,1
62698,1
62707,1
62709,1
62715,1
62717,1
62719,1
62726,1
62734,1
62743,1
62745,1
62754,1
62759,1
62762,1
62766,1
62769,1
62784,1
62791,1
62794,1
62799,1
62801,1
62811,1
62816,1
62818,1
62822,2
62831,1
62833,1
62835,1
62838,1
62848,1
62852,1
62855,1
62862,1
62864,1
62866,1
62868,1
62872,1
62879,1
62884,1
62890,1
62900,1
62929,1
62934,1
62954,1
62960,1
62964,1
62967,1
62972,1
62977,1
62979,1
62985,2
62997,1
63002,2
63011,1
63021,1
63025,1
63029,2
63032,1
63041,1
63058,1
63066,1
63068,1
63074,1
63085,1
63089,1
63093,1
63096,1
63102,1
63113,1
63115,1
63117,1
63131,1
63141,1
63145,1
63152,1
63154,1
63168,1
63172,1
63174,1
63188,1
63190,1
63193,1
63216,1
63218,1
63227,1
63236,1
63244,1
63257,1
63263,1
63269,1
63272,1
63280,1
63282,1
63291,1
63305,1
63322,1
63324,1
63330,1
63336,1
63339,1
63347,1
63351,1
63357,1
63368,2
63371,1
63373,1
63378,1
63383,1
63387,2
63389,1
63392,1
63404,1
63408,1
63410,1
63417,1
63420,1
63423,1
63437,1
63441,1
63445,1
63448,1
63452,1
63455,1
63465,1
63469,1
63477,1
63479,1
63482,1
63485,1
63490,1
63492,1
63495,1
63516,1
63520,1
63524,1
63541,1
63547,2
63553,1
63561,1
63566,1
63574,1
63588,1
63591,1
63593,1
63598,1
63602,1
63604,1
63611,1
63618,1
63625,1
63631,1
63634,1
63637,1
63647,1
63649,1
63653,1
63657,1
63671,2
63673,1
63678,2
63682,1
63684,1
63690,2
63701,2
63707,1
63716,1
63719,1
63727,1
63733,1
63738,1
63747,2
63749,1
63754,1
63761,1
63766,1
63771,1
63778,1
63785,1
63795,1
63801,1
63810,1
63816,1
63822,1
63833,1
63839,2
63842,1
63846,1
63851,1
63856,1
63859,1
63861,1
63867,1
63870,1
63878,1
63887,1
63894,1
63898,1
63909,1
63924,1
63928,1
63935,1
63939,1
63949,2
63955,1
63957,1
63961,1
63963,1
63971,1
63986,1
63991,2
63999,2
64009,1
64020,1
64024,2
64035,1
64038,1
64053,1
64055,1
64057,1
64068,1
64075,1
64079,1
64088,1
64092,1
64098,1
64101,1
64103,1
64110,1
64112,1
64116,1
64122,1
64137,1
64140,1
64144,1
64147,1
64149,1
64151,1
64172,1
64183,1
64190,1
64199,1
64204,1
64216,1
64230,1
64252,2
64258,1
64270,1
64277,1
64289,1
64292,1
64308,1
64311,1
64319,1
64321,1
64323,1
64329,1
64332,1
64335,1
64341,1
64346,1
64349,1
64351,1
64354,1
64359,1
64361,1
64366,1
64373,1
64377,1
64385,1
64388,1
64394,1
64402,1
64405,1
64407,1
64420,1
64425,1
64434,1
64437,1
64444,1
64449,1
64459,1
64462,1
64464,1
64472,1
64477,1
64479,1
64481,1
64483,1
64488,1
64493,1
64496,1
64509,1
64512,1
64519,1
64526,2
64528,1
64532,1
64536,2
64543,1
64545,1
64549,2
64552,1
64557,2
64564,1
64570,1
64574,2
64579,1
64589,1
64597,1
64601,1
64615,1
64634,2
64641,1
64648,1
64650,1
64659,2
64661,1
64694,3
64699,1
64703,1
64720,1
64724,1
64726,1
64732,1
64735,1
64741,1
64746,1
64760,1
64762,1
64765,1
64771,1
64773,1
64782,1
64790,1
64801,1
64803,1
64805,1
64812,1
64822,1
64824,1
64827,1
64835,1
64840,1
64855,1
64862,1
64866,1
64872,1
64880,1
64888,1
64891,1
64894,1
64905,1
64913,1
64920,1
64922,1
64930,1
64934,1
64937,1
64952,1
64960,1
64963,1
64974,1
64976,1
64981,1
64983,1
64986,1
64995,1
65000,1
65002,1
65010,1
65016,1
65018,1
65023,1
65029,1
65034,2
65037,1
65053,1
65057,1
65071,1
65075,1
65078,1
65080,1
65086,1
65100,1
65102,1
65105,1
65115,1
65117,1
65120,1
65129,1
65137,2
65147,1
65153,1
65167,1
65169,1
65175,1
65178,1
65180,1
65182,1
65185,1
65189,1
65198,2
65222,1
65226,1
65228,1
65232,1
65236,1
65242,1
65245,1
65251,1
65253,1
65256,1
65260,1
65265,1
65274,1
65276,1
65283,1
65294,2
65302,1
65306,1
65310,1
65312,1
65314,1
65318,1
65320,1
65336,1
65339,1
65344,1
65349,1
65353,1
65355,1
65359,1
65365,1
65367,1
65370,1
65379,1
65384,1
65387,1
65394,1
65396,1
65398,1
65430,1
65435,1
65457,1
65462,1
65471,2
65474,1
65478,1
65480,1
65504,1
65508,1
65530,1
65532,1
65539,1
65555,2
65557,1
65561,2
65574,1
65592,1
65598,1
65616,1
65629,1
65631,1
65634,1
65636,1
65648,1
65652,1
65658,1
65667,2
65673,1
65677,1
65680,1
65691,1
65710,2
65730,1
65735,1
65740,1
65755,1
65766,1
65769,2
65786,1
65792,1
65799,1
65804,1
65819,1
65823,1
65828,1
65830,1
65833,1
65842,1
65845,1
65848,1
65852,1
65862,1
65868,2
65871,1
65874,1
65878,1
65881,1
65890,1
65896,1
65905,2
65920,1
65931,1
65935,1
65950,1
65953,1
65960,1
65976,1
65983,1
65987,1
65991,1
65996,2
65999,1
66001,1
66017,1
66032,1
66035,1
66041,1
66053,1
66060,1
66069,1
66073,1
66075,1
66088,1
66095,1
66102,1
66108,2
66114,1
66127,1
66133,1
66148,1
66157,1
66165,1
66181,1
66186,1
66190,1
66192,1
66199,1
66206,1
66210,2
66215,1
66224,1
66233,1
66239,1
66241,1
66245,1
66284,2
66288,1
66296,1
66300,1
66305,2
66309,1
66312,2
66322,1
66331,1
66333,1
66344,1
66349,1
66355,1
66357,1
66366,1
66372,1
66374,1
66379,1
66387,1
66389,1
66401,1
66404,2
66406,1
66408,1
66415,1
66417,1
66423,1
66429,1
66431,1
66434,2
66438,1
66445,1
66447,1
66457,1
66461,1
66464,1
66470,1
66473,1
66483,1
66485,1
66492,1
66499,1
66507,1
66510,1
66513,1
66525,1
66529,1
66533,1
66535,1
66540,1
66555,1
66571,1
66576,1
66580,1
66583,1
66585,1
66587,1
66589,1
66592,1
66608,1
66614,1
66616,1
66620,1
66627,1
66635,1
66655,1
66669,1
66679,1
66686,1
66698,1
66717,1
66719,1
66721,1
66726,1
66733,1
66739,1
66744,2
66753,1
66762,1
66765,1
66773,1
66778,1
66790,2
66800,1
66802,1
66804,1
66808,1
66821,1
66827,1
66830,1
66834,2
66837,2
66839,1
66842,1
66844,1
66846,1
66850,1
66868,1
66880,1
66882,1
66902,1
66904,1
66912,1
66917,1
66923,1
66925,1
66927,1
66930,1
66934,1
66941,1
66953,1
66960,1
66973,1
66982,1
66988,1
66995,1
67000,1
67006,1
67013,1
67016,1
67020,1
67022,1
67024,1
67030,1
67037,1
67039,1
67042,1
67047,1
67054,1
67092,1
67096,1
67101,1
67103,1
67106,1
67110,1
67117,1
67120,1
67123,1
67125,1
67128,2
67132,1
67134,1
67139,1
67161,1
67164,1
67168,1
67174,1
67178,2
67180,1
67191,2
67196,1
67200,1
67207,1
67211,1
67217,1
67221,1
67223,1
67227,1
67232,1
67236,1
67239,2
67243,1
67246,1
67250,1
67252,1
67255,1
67265,1
67270,2
67272,1
67274,1
67281,1
67285,1
67289,1
67294,1
67306,1
67315,1
67318,1
67321,1
67324,1
67327,1
67329,1
67335,1
67341,1
67347,1
67351,1
67355,1
67359,1
67364,1
67366,1
67369,2
67372,2
67374,1
67388,1
67391,1
67393,1
67402,1
67405,1
67407,1
67413,1
67431,1
67439,1
67450,1
67454,1
67458,1
67460,1
67463,1
67478,1
67480,1
67482,1
67486,1
67490,1
67492,1
67506,1
67523,1
67534,1
67537,1
67540,1
67544,1
67552,1
67568,1
67571,1
67574,1
67578,1
67581,1
67595,1
67603,2
67605,1
67610,1
67612,1
67628,2
67630,1
67633,1
67639,1
67643,1
67649,1
67653,1
67669,1
67673,1
67679,1
67684,1
67702,1
67707,1
67713,1
67716,1
67725,1
67730,1
67733,1
67736,1
67747,2
67755,1
67766,1
67770,1
67792,1
67798,1
67803,1
67805,1
67809,1
67821,1
67833,1
67839,1
67841,1
67846,1
67849,1
67865,1
67870,2
67873,1
67877,1
67885,1
67899,1
67901,1
67907,1
67923,1
67934,1
67943,1
67955,1
67959,1
67972,1
67975,1
67978,1
67984,1
67992,1
68005,1
68013,1
68016,1
68024,1
68030,2
68052,1
68064,1
68068,1
68071,1
68078,1
68093,1
68106,1
68112,1
68117,1
68132,1
68135,1
68140,2
68144,1
68146,1
68151,1
68156,1
68162,1
68169,1
68179,1
68183,1
68185,1
68193,1
68195,1
68201,1
68204,1
68207,1
68212,1
68218,1
68227,1
68231,1
68233,1
68238,1
68244,1
68247,1
68257,1
68273,1
68297,1
68299,1
68302,1
68307,1
68318,2
68325,1
68336,1
68344,1
68351,1
68354,1
68362,1
68367,1
68377,1
68383,1
68386,1
68396,1
68399,1
68410,1
68413,1
68415,1
68418,1
68431,1
68437,1
68449,1
68452,1
68454,1
68458,1
68460,1
68463,1
68468,1
68476,1
68481,1
68483,1
68485,1
68488,1
68509,1
68512,1
68514,1
68523,1
68528,1
68531,1
68533,1
68537,1
68543,1
68550,1
68558,1
68566,1
68581,1
68587,1
68592,1
68594,1
68611,1
68625,1
68628,1
68643,1
68648,1
68665,1
68668,1
68676,1
68681,1
68697,1
68702,1
68704,1
68707,1
68719,2
68722,1
68724,1
68731,1
68735,1
68744,1
68756,1
68763,1
68769,1
68774,1
68777,1
68780,1
68788,1
68808,1
68813,1
68815,1
68824,1
68833,1
68838,1
68845,1
68861,1
68882,1
68884,1
68892,1
68908,1
68913,1
68915,1
68922,1
68933,1
68939,1
68943,1
68950,1
68966,1
68971,1
68980,2
68985,1
68988,1
68995,1
69004,1
69007,1
69009,1
69016,2
69018,1
69027,2
69042,1
69045,1
69055,2
69058,1
69071,1
69078,1
69090,1
69092,1
69099,2
69102,1
69111,1
69114,1
69118,1
69122,1
69124,1
69127,1
69130,1
69133,1
69137,1
69141,1
69147,1
69151,1
69156,1
69182,1
69195,1
69201,2
69217,1
69229,1
69234,1
69238,1
69246,1
69249,1
69255,1
69259,1
69261,1
69267,1
69278,1
69292,1
69298,1
69302,1
69306,1
69316,1
69328,1
69332,1
69338,1
69340,1
69355,1
69363,1
69365,1
69371,1
69374,1
69382,2
69389,1
69406,1
69413,1
69416,1
69420,1
69422,1
69426,1
69429,1
69431,1
69454,1
69461,1
69466,1
69477,1
69485,1
69488,1
69490,1
69493,1
69496,2
69501,1
69505,1
69507,1
69514,1
69533,1
69540,1
69549,1
69554,1
69560,1
69569,1
69571,1
69579,1
69581,1
69583,1
69585,1
69594,1
69598,1
69600,1
69602,1
69607,1
69612,1
69617,1
69620,1
69623,1
69626,1
69631,1
69640,1
69644,1
69660,1
69671,1
69675,1
69686,1
69708,1
69714,2
69724,1
69726,1
69731,1
69733,1
69736,2
69738,1
69742,1
69746,1
69762,1
69769,1
69772,1
69781,1
69787,1
69795,1
69803,1
69817,1
69822,1
69827,1
69829,1
69831,1
69833,1
69836,1
69838,1
69841,1
69847,1
69849,1
69854,1
69872,1
69877,1
69883,1
69885,1
69892,1
69902,2
69904,1
69915,1
69924,1
69926,1
69930,2
69939,1
69941,1
69943,1
69946,1
69967,1
69976,1
69988,1
69992,1
70000,1
70003,1
70007,1
70010,1
70013,1
70017,1
70034,1
70038,1
70044,1
70067,1
70069,1
70072,1
70078,1
70091,1
70101,1
70106,1
70108,1
70111,1
70128,1
70136,1
70141,1
70143,1
70148,1
70157,1
70160,2
70171,2
70177,1
70190,1
70196,2
70200,1
70202,1
70206,1
70209,1
70214,1
70220,1
70223,1
70226,1
70228,1
70248,1
70253,1
70258,1
70274,1
70279,1
70305,1
70307,1
70311,1
70318,1
70323,1
70325,1
70330,1
70335,1
70342,1
70348,1
70363,1
70375,1
70377,1
70390,1
70396,1
70408,1
70412,1
70418,1
70420,1
70424,1
70426,1
70442,1
70449,2
70460,1
70462,1
70470,1
70473,1
70475,1
70478,1
70484,1
70489,1
70492,1
70494,1
70500,1
70503,1
70506,1
70508,1
70511,1
70514,1
70516,1
70518,1
70521,1
70532,1
70538,2
70549,1
70551,1
70559,1
70564,1
70567,2
70570,1
70578,1
70580,1
70582,1
70587,1
70590,1
70598,1
70602,1
70609,1
70618,1
70626,1
70637,1
70639,1
70646,1
70648,1
70650,1
70654,1
70656,1
70663,1
70670,1
70673,1
70675,1
70680,1
70682,1
70686,1
70692,1
70703,1
70717,2
70723,1
70730,1
70737,1
70748,1
70752,1
70760,2
70771,1
70778,1
70783,1
70786,1
70789,1
70804,1
70806,1
70812,1
70817,1
70827,1
70829,1
70835,1
70845,1
70850,1
70853,1
70855,1
70858,1
70862,1
70869,1
70873,2
70880,1
70882,1
70885,1
70890,1
70894,1
70896,1
70898,1
70902,1
70910,2
70931,2
70942,1
70945,1
70948,1
70952,1
70966,1
70972,1
70984,1
70986,1
71000,1
71007,1
71017,1
71037,1
71044,1
71049,1
71051,1
71061,1
71064,1
71066,1
71069,1
71072,1
71076,1
71078,1
71100,1
71107,1
71124,1
71126,1
71137,1
71142,1
71146,1
71154,1
71156,1
71158,1
71169,1
71178,1
71181,1
71184,2
71213,1
71222,1
71224,1
71244,1
71250,1
71253,2
71262,1
71267,1
71269,1
71287,1
71291,1
71297,1
71299,1
71304,1
71307,1
71310,1
71313,1
71325,2
71329,1
71332,1
71336,1
71345,1
71354,1
71358,1
71364,1
71375,1
71379,1
71386,1
71390,1
71396,1
71403,1
71411,1
71419,1
71427,1
71432,1
71434,1
71438,1
71440,1
71445,1
71453,1
71455,1
71459,1
71464,1
71478,1
71481,1
71508,1
71520,1
71532,1
71547,1
71554,1
71560,1
71562,1
71572,1
71581,1
71586,1
71589,1
71598,1
71600,1
71618,1
71621,1
71626,1
71643,1
71647,1
71655,1
71664,1
71674,1
71685,1
71692,1
71700,1
71711,1
71713,1
71721,1
71727,1
71732,2
71737,1
71743,2
71746,1
71759,1
71762,1
71765,1
71767,1
71772,1
71779,1
71781,1
71786,2
71792,1
71799,1
71808,1
71813,1
71817,1
71820,1
71823,1
71826,1
71849,1
71855,1
71860,1
71874,1
71877,1
71900,2
71902,1
71906,1
71908,1
71913,1
71915,1
71918,1
71922,1
71931,1
71933,1
71939,1
71941,1
71947,1
71958,1
71972,1
71978,1
71986,1
71988,1
72005,1
72007,1
72010,1
72018,1
72021,1
72026,1
72028,1
72031,1
72044,1
72054,1
72056,1
72059,1
72063,1
72068,1
72072,1
72077,2
72080,1
72085,1
72094,2
72103,1
72106,1
72108,1
72119,1
72121,1
72129,1
72151,1
72154,1
72168,1
72177,1
72179,1
72182,1
72194,1
72197,1
72202,1
72204,1
72207,1
72210,1
72212,1
72215,1
72225,1
72231,1
72238,1
72251,1
72256,1
72258,1
72269,1
72276,1
72279,1
72283,1
72288,1
72297,1
72312,1
72322,2
72325,1
72327,1
72329,1
72332,1
72334,1
72345,1
72347,1
72349,1
72354,2
72356,1
72360,2
72372,1
72380,1
72385,1
72391,1
72395,1
72402,1
72404,1
72406,1
72412,1
72416,1
72418,1
72429,1
72450,1
72452,1
72456,1
72464,1
72467,1
72472,1
72474,1
72483,1
72486,1
72488,1
72491,1
72498,1
72503,1
72505,1
72513,1
72519,1
72521,1
72524,1
72528,1
72530,1
72539,1
72544,1
72547,1
72552,1
72554,1
72558,1
72564,1
72567,1
72572,1
72580,1
72594,1
72600,1
72602,1
72611,1
72616,1
72631,1
72633,1
72635,1
72641,1
72645,1
72650,1
72655,1
72658,1
72660,1
72668,1
72671,1
72689,1
72699,1
72702,1
72710,1
72716,1
72735,1
72752,1
72759,1
72762,1
72764,1
72768,1
72775,1
72781,1
72785,1
72790,1
72797,2
72802,1
72808,1
72819,1
72821,1
72825,1
72828,1
72837,2
72839,1
72844,1
72850,1
72858,2
72863,1
72878,1
72880,1
72895,1
72898,1
72902,1
72918,1
72921,1
72926,1
72933,1
72936,1
72938,1
72943,2
72946,1
72948,1
72956,1
72965,1
72971,1
72974,1
72976,1
72978,1
72981,1
72984,1
72999,1
73004,1
73006,1
73009,1
73011,1
73020,1
73022,1
73032,1
73039,1
73043,1
73048,1
73064,1
73075,1
73081,1
73085,1
73088,1
73091,1
73098,1
73107,1
73112,1
73117,1
73126,1
73133,1
73153,1
73156,1
73161,1
73165,1
73172,1
73182,1
73186,1
73188,1
73198,1
73205,1
73217,1
73219,1
73221,1
73223,1
73243,1
73249,1
73251,1
73255,1
73257,1
73259,1
73266,1
73271,1
73277,1
73282,1
73285,1
73287,1
73289,1
73297,1
73308,1
73311,1
73321,1
73323,1
73326,1
73335,1
73348,1
73352,1
73354,1
73361,2
73364,1
73378,1
73394,1
73403,1
73406,1
73411,1
73418,1
73430,1
73448,1
73451,1
73456,1
73458,1
73461,1
73472,1
73474,1
73489,1
73509,1
73513,1
73515,1
73517,1
73521,1
73527,1
73535,2
73544,1
73554,1
73562,1
73586,1
73590,1
73597,1
73605,1
73608,1
73614,1
73619,1
73625,1
73629,1
73637,1
73652,1
73654,1
73657,1
73660,1
73667,1
73673,2
73678,1
73696,1
73703,1
73717,1
73740,1
73751,1
73753,1
73756,1
73760,1
73766,1
73770,1
73772,1
73774,1
73777,1
73779,1
73782,1
73785,2
73789,2
73793,1
73798,1
73804,1
73813,1
73826,1
73834,1
73843,1
73852,1
73856,2
73858,1
73860,1
73862,1
73867,1
73871,1
73878,1
73882,1
73884,1
73886,1
73893,1
73897,1
73899,1
73902,1
73907,1
73915,1
73917,1
73919,1
73922,1
73925,1
73930,1
73932,1
73935,1
73938,1
73943,1
73947,1
73950,1
73954,1
73962,1
73971,1
73977,1
73981,1
73985,1
73993,1
74000,1
74003,1
74012,1
74014,1
74033,1
74037,1
74039,1
74044,1
74049,1
74056,1
74059,1
74062,1
74064,1
74067,1
74070,1
74073,1
74075,1
74083,1
74088,1
74093,1
74096,1
74099,1
74102,1
74106,1
74110,1
74113,1
74116,1
74126,1
74140,1
74142,1
74154,1
74158,1
74162,1
74165,1
74191,1
74194,1
74196,1
74199,1
74201,1
74206,1
74210,1
74215,1
74225,1
74234,1
74236,1
74238,1
74242,1
74248,1
74252,1
74255,1
74258,1
74261,1
74266,1
74269,1
74272,1
74276,1
74281,1
74283,1
74287,1
74297,1
74299,1
74311,1
74318,1
74322,2
74324,1
74326,1
74338,1
74340,1
74346,1
74354,2
74362,1
74371,1
74382,1
74384,1
74386,1
74392,1
74397,1
74400,1
74402,1
74407,1
74410,1
74412,1
74421,1
74424,1
74431,1
74433,1
74446,1
74456,1
74459,1
74468,1
74477,1
74485,1
74488,1
74496,1
74498,1
74500,1
74502,1
74506,1
74514,1
74525,1
74528,2
74531,1
74538,2
74550,1
74561,1
74578,1
74584,1
74588,1
74593,1
74600,1
74602,1
74604,1
74609,1
74612,1
74615,1
74618,1
74620,1
74622,1
74624,1
74630,1
74647,1
74651,1
74670,1
74675,1
74678,1
74682,1
74687,2
74692,1
74697,1
74700,2
74703,1
74708,1
74710,1
74720,1
74724,1
74739,1
74744,1
74766,1
74773,1
74781,1
74792,1
74797,1
74802,1
74812,1
74816,1
74820,1
74824,1
74826,1
74829,1
74834,1
74837,1
74842,1
74848,1
74855,1
74875,1
74883,1
74891,1
74898,1
74905,1
74914,1
74924,1
74931,1
74933,1
74937,1
74940,1
74948,1
74954,1
74967,1
74973,1
74975,1
74994,1
74997,1
75003,1
75005,1
75012,1
75014,1
75021,1
75054,1
75062,1
75068,1
75073,1
75077,1
75080,1
75082,1
75089,1
75093,1
75095,1
75103,1
75109,1
75112,1
75118,1
75126,1
75129,1
75134,1
75136,1
75147,1
75151,1
75158,1
75166,1
75169,1
75171,1
75194,1
75200,1
75208,1
75213,1
75217,1
75222,1
75228,1
75232,1
75243,1
75258,1
75265,1
75269,1
75271,1
75287,1
75294,1
75311,1
75315,1
75319,1
75326,1
75334,1
75338,1
75340,1
75345,1
75349,1
75353,1
75357,1
75359,1
75363,1
75366,1
75392,1
75404,1
75412,1
75414,1
75417,1
75419,1
75428,1
75433,1
75452,1
75458,1
75466,1
75505,1
75520,1
75523,1
75526,1
75530,1
75533,1
75542,1
75550,1
75557,1
75559,1
75567,2
75573,1
75575,1
75580,1
75584,1
75587,1
75590,1
75592,1
75598,1
75603,1
75608,1
75610,1
75614,1
75623,1
75627,1
75629,1
75632,2
75636,1
75641,1
75644,1
75655,1
75659,1
75673,1
75685,1
75689,1
75701,1
75710,1
75712,1
75714,1
75716,1
75719,1
75721,1
75724,1
75726,1
75728,1
75731,1
75737,1
75740,1
75745,1
75747,1
75753,1
75755,1
75758,1
75761,1
75765,1
75768,1
75773,1
75775,1
75780,1
75794,1
75796,1
75798,1
75806,1
75808,1
75814,1
75816,1
75823,1
75825,1
75828,1
75831,1
75833,1
75836,2
75838,1
75840,1
75842,1
75848,1
75853,1
75858,1
75860,1
75862,1
75865,1
75869,1
75872,1
75874,1
75876,1
75882,1
75887,1
75897,1
75901,1
75903,1
75909,2
75915,1
75927,1
75935,1
75940,1
75948,1
75951,1
75962,1
75964,1
75980,1
75995,1
76009,1
76012,1
76014,1
76024,1
76036,1
76041,1
76048,1
76055,1
76057,1
76060,1
76063,1
76072,1
76074,1
76082,1
76088,1
76090,1
76094,1
76103,1
76105,1
76110,1
76112,1
76116,1
76118,1
76122,1
76128,1
76130,1
76139,1
76144,1
76148,1
76152,1
76168,1
76171,1
76173,1
76175,1
76185,1
76190,1
76192,1
76197,1
76202,1
76204,1
76214,1
76216,1
76218,1
76226,1
76232,1
76238,1
76260,1
76267,1
76270,2
76275,1
76279,1
76284,1
76286,1
76291,1
76295,1
76305,1
76313,1
76316,1
76320,1
76324,1
76328,2
76332,1
76336,1
76347,1
76353,1
76359,1
76362,1
76365,1
76367,1
76411,1
76424,1
76427,1
76438,2
76440,1
76443,2
76445,1
76448,1
76452,1
76454,1
76457,1
76462,1
76465,1
76478,1
76493,1
76501,1
76514,1
76521,1
76528,1
76551,1
76553,1
76567,1
76569,1
76577,1
76584,1
76595,1
76602,1
76605,1
76611,1
76621,1
76631,1
76636,1
76647,1
76652,1
76656,1
76665,1
76672,1
76678,1
76680,1
76684,1
76687,1
76689,1
76691,1
76698,1
76703,1
76723,1
76728,1
76735,1
76744,1
76746,1
76749,1
76754,1
76760,1
76765,1
76767,1
76772,1
76774,1
76779,1
76787,1
76791,1
76797,1
76800,1
76802,1
76812,1
76815,1
76817,1
76821,1
76824,1
76826,1
76833,1
76835,1
76842,1
76848,1
76860,1
76869,1
76886,1
76891,1
76901,1
76904,1
76910,1
76912,1
76915,1
76922,1
76924,1
76930,1
76940,1
76948,1
76950,1
76952,1
76958,1
76962,1
76971,1
76987,1
76989,1
76995,1
76997,1
77001,1
77004,1
77013,1
77018,1
77024,1
77048,1
77053,1
77057,1
77061,1
77070,1
77082,1
77088,1
77094,1
77115,1
77118,1
77128,1
77136,2
77138,1
77142,1
77156,1
77158,1
77163,1
77167,1
77176,1
77180,1
77183,1
77186,1
77188,1
77193,1
77200,1
77205,1
77210,1
77225,1
77234,1
77250,1
77253,1
77255,1
77269,1
77284,1
77287,1
77291,1
77299,2
77307,1
77313,1
77320,1
77329,1
77341,1
77351,1
77360,1
77368,1
77380,1
77385,1
77395,1
77400,1
77404,1
77407,1
77417,1
77421,1
77423,1
77425,1
77428,1
77431,1
77440,1
77450,1
77452,1
77458,1
77463,1
77466,1
77473,1
77478,1
77482,1
77484,1
77496,1
77498,1
77502,1
77505,1
77510,1
77517,1
77519,1
77521,1
77535,1
77539,1
77548,1
77553,1
77557,2
77559,1
77561,1
77564,2
77567,1
77580,1
77584,1
77589,1
77596,1
77600,1
77609,1
77613,1
77618,1
77629,1
77632,1
77641,1
77651,1
77663,1
77667,1
77674,1
77693,1
77706,1
77709,1
77726,1
77728,1
77730,1
77733,1
77736,1
77750,1
77758,1
77763,1
77766,2
77771,1
77773,1
77775,1
77778,1
77786,1
77791,1
77794,1
77796,1
77799,1
77811,1
77819,1
77825,1
77827,1
77832,1
77836,1
77838,1
77849,1
77857,1
77860,1
77863,1
77866,1
77877,1
77881,1
77883,1
77892,1
77898,1
77903,1
77912,1
77915,1
77918,1
77920,1
77928,1
77930,1
77936,1
77939,1
77941,1
77948,1
77950,1
77955,1
77959,1
77962,1
77968,1
77970,1
77972,1
77976,1
77980,1
77985,1
77989,1
78009,1
78013,1
78015,1
78017,1
78022,1
78024,1
78029,1
78031,1
78042,1
78051,1
78053,1
78055,1
78063,1
78066,1
78072,1
78076,1
78088,1
78092,1
78094,1
78123,1
78129,1
78141,1
78150,1
78160,1
78165,1
78168,1
78170,1
78175,1
78177,1
78182,1
78185,1
78189,1
78192,1
78204,2
78206,1
78208,1
78211,2
78220,1
78226,1
78228,1
78230,1
78243,2
78251,1
78254,1
78259,1
78263,1
78266,1
78273,1
78282,1
78284,1
78291,1
78296,1
78301,1
78304,1
78308,1
78314,1
78316,1
78318,1
78327,1
78332,1
78336,1
78340,1
78346,1
78348,1
78354,1
78357,1
78362,1
78370,1
78379,1
78387,1
78401,1
78412,1
78414,1
78417,1
78421,1
78423,1
78429,1
78442,1
78483,1
78486,1
78489,1
78500,1
78503,1
78505,1
78542,1
78550,1
78562,1
78565,1
78569,1
78573,1
78582,1
78585,1
78590,1
78593,1
78607,1
78612,1
78623,1
78636,1
78642,1
78644,1
78647,1
78649,1
78652,2
78657,1
78659,1
78662,1
78666,1
78669,1
78673,1
78676,1
78679,1
78682,2
78687,1
78695,1
78701,1
78713,1
78718,1
78720,1
78726,1
78728,1
78737,1
78743,1
78751,1
78758,1
78766,1
78770,1
78774,1
78776,1
78780,1
78782,1
78784,1
78786,1
78791,1
78794,1
78796,1
78798,1
78809,2
78812,1
78817,1
78819,1
78821,1
78835,1
78837,1
78840,1
78845,1
78850,1
78852,1
78854,1
78856,1
78864,1
78869,1
78877,1
78888,1
78892,2
78904,1
78907,1
78911,2
78925,1
78946,1
78950,2
78966,1
78968,1
78999,1
79003,1
79016,1
79020,1
79029,1
79036,1
79039,1
79042,1
79053,1
79060,1
79062,1
79064,1
79069,1
79071,1
79082,1
79098,1
79106,1
79115,1
79124,1
79134,1
79140,1
79144,1
79149,1
79155,1
79158,1
79163,1
79171,1
79176,2
79180,1
79182,1
79192,1
79197,1
79210,1
79212,1
79217,1
79222,1
79230,1
79235,1
79237,1
79244,1
79247,1
79251,1
79258,1
79266,1
79269,1
79274,1
79282,1
79284,1
79288,1
79291,2
79293,1
79309,1
79312,2
79317,1
79337,2
79341,1
79347,1
79349,1
79356,1
79360,1
79364,1
79371,1
79384,1
79394,1
79399,1
79403,2
79409,1
79428,2
79430,1
79438,1
79440,1
79443,1
79453,1
79455,1
79461,1
79465,1
79474,2
79476,1
79479,1
79481,1
79486,1
79494,1
79503,1
79515,1
79519,1
79521,1
79527,1
79530,1
79533,1
79536,1
79540,1
79545,1
79547,1
79553,1
79568,1
79571,1
79573,1
79577,1
79579,1
79581,1
79591,1
79593,1
79596,1
79602,1
79605,1
79611,1
79615,1
79618,1
79624,1
79630,1
79634,1
79642,1
79652,1
79667,1
79674,1
79679,1
79682,1
79689,1
79693,1
79695,1
79698,1
79707,1
79714,2
79721,1
79723,1
79733,1
79739,1
79746,1
79754,1
79765,1
79781,1
79789,1
79794,1
79802,1
79812,1
79820,1
79822,1
79829,1
79846,1
79849,1
79854,1
79857,1
79861,1
79869,1
79878,1
79886,1
79888,1
79890,1
79893,2
79898,1
79911,1
79921,1
79929,1
79933,1
79937,1
79942,1
79953,1
79959,1
79963,1
79966,1
79975,1
79978,1
79989,1
79991,1
79999,1
80001,1
80012,1
80014,1
80016,1
80027,1
80029,1
80033,1
80037,1
80050,1
80054,1
80064,1
80073,1
80075,1
80077,1
80080,1
80088,1
80093,1
80106,1
80110,1
80114,1
80122,1
80126,1
80130,2
80133,1
80143,1
80145,1
80166,2
80181,1
80186,1
80195,1
80202,1
80212,1
80221,1
80227,1
80232,1
80238,1
80247,2
80254,1
80259,1
80264,1
80266,1
80274,1
80289,2
80294,1
80296,1
80301,1
80309,1
80315,1
80317,1
80345,1
80356,1
80359,1
80372,1
80374,1
80377,1
80391,1
80395,1
80409,1
80425,1
80432,1
80434,1
80446,1
80460,1
80463,1
80469,1
80475,1
80477,1
80486,1
80490,1
80503,1
80505,1
80508,1
80524,1
80527,2
80533,2
80536,1
80550,1
80560,1
80565,1
80567,1
80572,1
80574,1
80576,1
80578,1
80580,1
80584,1
80586,1
80589,1
80595,1
80605,1
80615,1
80634,1
80636,1
80642,1
80649,1
80655,1
80661,1
80663,1
80674,1
80677,1
80679,1
80682,1
80691,1
80695,1
80699,1
80701,1
80704,1
80715,1
80719,1
80721,1
80727,1
80733,1
80735,1
80740,1
80769,1
80771,1
80776,1
80779,1
80794,1
80801,1
80805,1
80808,2
80810,1
80818,2
80829,1
80833,1
80841,1
80844,1
80847,1
80853,1
80866,1
80869,1
80871,1
80878,1
80886,2
80888,1
80891,1
80907,1
80910,1
80922,1
80924,1
80940,1
80957,1
80959,1
80963,1
80974,1
80993,1
80999,1
81017,1
81022,1
81024,1
81036,1
81043,1
81051,1
81055,1
81067,2
81071,1
81076,1
81080,1
81082,1
81099,1
81108,2
81126,1
81129,1
81141,1
81153,1
81155,1
81169,1
81177,1
81185,1
81187,1
81189,1
81192,1
81205,1
81207,1
81212,1
81221,1
81224,1
81227,1
81230,1
81239,1
81245,1
81247,1
81250,1
81252,1
81263,1
81279,1
81282,1
81287,1
81300,1
81305,1
81309,1
81317,1
81324,1
81327,1
81336,1
81341,2
81348,2
81363,1
81368,1
81372,1
81376,1
81378,1
81385,1
81388,1
81405,1
81414,2
81416,1
81423,1
81435,1
81451,1
81460,1
81466,1
81470,1
81481,2
81489,1
81492,1
81499,1
81505,1
81508,1
81511,1
81517,1
81529,1
81537,1
81544,1
81552,1
81566,1
81569,1
81581,1
81601,1
81607,1
81615,1
81625,1
81643,1
81653,1
81655,1
81667,1
81670,1
81677,1
81687,1
81694,1
81700,1
81704,1
81706,1
81741,1
81751,1
81763,1
81777,1
81786,1
81792,1
81795,1
81797,1
81799,1
81807,2
81817,1
81819,1
81821,1
81832,1
81835,1
81840,1
81850,1
81874,1
81888,1
81894,1
81900,1
81902,1
81911,1
81920,2
81924,1
81935,1
81948,1
81972,1
81979,1
81983,1
81986,1
81993,1
81995,1
82003,1
82005,1
82009,1
82011,1
82015,1
82022,1
82024,1
82031,1
82036,1
82038,1
82048,1
82051,1
82056,1
82061,1
82070,1
82072,1
82074,1
82085,1
82089,1
82094,1
82097,1
82100,1
82102,1
82106,1
82111,2
82125,1
82127,1
82133,1
82141,1
82144,2
82146,1
82148,1
82154,1
82159,2
82167,2
82176,1
82180,1
82182,1
82186,1
82192,1
82195,1
82209,1
82217,1
82222,1
82225,1
82230,1
82235,1
82238,1
82240,1
82246,1
82256,1
82263,1
82274,1
82290,1
82292,1
82295,2
82297,1
82300,1
82312,2
82314,1
82316,1
82318,1
82326,1
82333,1
82341,1
82347,1
82351,1
82358,1
82365,1
82378,1
82384,1
82393,2
82404,1
82413,1
82418,1
82425,1
82429,1
82433,1
82436,1
82439,1
82441,1
82449,1
82456,1
82464,1
82476,1
82481,1
82485,1
82487,1
82503,1
82516,1
82519,1
82521,1
82523,1
82525,1
82527,1
82538,1
82540,1
82545,1
82561,1
82566,1
82569,1
82573,1
82578,1
82589,1
82592,1
82614,1
82617,1
82635,1
82642,1
82645,1
82648,1
82659,1
82663,1
82675,1
82678,1
82681,1
82689,1
82695,1
82707,1
82711,1
82731,1
82740,1
82743,1
82745,1
82747,1
82749,1
82751,1
82757,2
82772,2
82780,1
82782,1
82786,1
82791,1
82793,1
82795,1
82806,1
82809,1
82812,2
82820,1
82825,1
82829,1
82840,1
82842,1
82849,1
82857,1
82865,1
82878,1
82880,1
82902,2
82912,1
82920,1
82937,1
82953,1
82958,2
82985,1
82989,1
82993,1
82996,1
82999,1
83001,1
83008,1
83010,1
83018,1
83020,1
83022,1
83030,1
83032,1
83036,1
83039,1
83049,1
83052,1
83055,1
83058,1
83060,1
83064,1
83071,1
83094,1
83102,1
83106,1
83111,1
83113,1
83116,1
83118,1
83128,1
83132,1
83143,1
83152,1
83154,1
83158,1
83165,1
83170,1
83184,1
83191,1
83198,1
83201,1
83205,1
83207,1
83212,1
83223,1
83231,1
83235,1
83242,1
83245,1
83255,1
83258,1
83265,1
83276,1
83286,2
83294,1
83304,1
83306,1
83311,1
83316,1
83320,2
83323,1
83327,1
83344,1
83347,1
83351,1
83354,1
83358,1
83360,1
83365,1
83370,1
83378,1
83383,1
83391,1
83394,1
83396,1
83398,1
83408,1
83419,1
83425,1
83433,1
83441,1
83453,1
83468,2
83471,1
83480,1
83483,1
83487,1
83494,1
83497,1
83504,1
83509,1
83511,1
83518,1
83529,1
83544,1
83550,1
83553,1
83556,1
83562,1
83565,1
83567,1
83569,1
83574,1
83577,1
83583,1
83589,2
83594,1
83608,1
83620,1
83622,1
83624,1
83626,1
83629,2
83632,2
83638,1
83651,1
83655,1
83661,1
83664,1
83668,1
83672,1
83675,1
83682,1
83687,2
83699,1
83702,1
83704,1
83719,1
83725,2
83735,1
83738,1
83741,1
83747,1
83756,1
83759,1
83773,1
83778,1
83788,1
83793,1
83797,1
83800,1
83804,1
83812,1
83814,1
83817,1
83824,1
83827,1
83841,1
83852,1
83865,1
83868,1
83870,1
83876,1
83880,1
83891,1
83900,1
83906,1
83908,1
83912,1
83924,1
83926,1
83929,1
83939,1
83942,1
83949,1
83953,1
83958,1
83963,1
83965,1
83971,1
83980,1
83985,1
83987,1
83992,1
83996,1
84002,1
84008,1
84015,1
84021,1
84024,1
84026,1
84033,1
84035,1
84041,1
84051,1
84054,1
84056,1
84066,1
84078,1
84083,1
84087,1
84093,1
84097,1
84099,1
84110,1
84117,1
84120,1
84126,1
84140,1
84147,1
84151,1
84155,1
84158,1
84160,1
84167,1
84169,1
84176,1
84178,1
84180,1
84182,1
84186,1
84197,1
84205,1
84207,1
84213,1
84215,1
84218,1
84227,1
84230,1
84232,1
84235,1
84241,1
84246,1
84256,2
84263,1
84266,1
84268,1
84281,1
84289,1
84291,1
84293,1
84295,1
84302,2
84307,1
84319,1
84322,1
84326,1
84334,1
84341,1
84347,1
84363,1
84366,1
84384,1
84386,1
84392,1
84401,1
84403,1
84417,1
84421,1
84425,1
84435,1
84444,2
84447,1
84454,1
84458,1
84462,1
84464,1
84467,1
84477,1
84481,1
84486,1
84492,1
84495,1
84497,1
84500,1
84506,1
84515,1
84517,1
84522,1
84526,1
84529,1
84533,1
84538,1
84543,2
84551,1
84554,1
84562,1
84565,1
84568,1
84577,2
84588,1
84590,1
84605,1
84609,1
84615,1
84619,1
84622,1
84628,1
84641,1
84668,1
84683,1
84688,1
84693,1
84695,1
84703,1
84707,1
84721,1
84730,2
84742,1
84753,1
84760,1
84767,1
84790,1
84793,1
84822,1
84832,1
84835,1
84838,1
84841,1
84844,1
84868,1
84873,1
84885,1
84895,1
84897,1
84899,1
84912,1
84914,1
84929,1
84933,1
84936,1
84956,1
84960,1
84970,1
84973,1
84975,1
84977,1
84980,1
84987,1
84990,1
84993,1
84997,1
85015,1
85024,1
85030,1
85034,1
85045,1
85051,1
85067,1
85069,1
85073,1
85081,1
85085,1
85089,1
85093,1
85105,1
85143,1
85149,1
85160,1
85162,1
85176,1
85201,1
85205,1
85211,1
85218,1
85252,1
85258,2
85267,1
85274,1
85277,2
85279,1
85285,1
85287,1
85310,1
85316,1
85325,1
85329,1
85334,1
85336,1
85352,1
85355,1
85367,1
85374,2
85390,1
85399,1
85408,1
85412,1
85427,2
85437,1
85439,1
85442,1
85444,1
85453,2
85472,1
85476,1
85480,1
85487,1
85495,1
85504,1
85510,1
85524,1
85540,1
85554,1
85563,2
85577,1
85582,1
85599,1
85603,1
85605,1
85619,2
85627,2
85635,1
85637,1
85650,1
85656,2
85659,1
85670,1
85675,1
85693,1
85696,1
85708,1
85714,1
85716,1
85719,1
85725,1
85730,1
85737,1
85744,1
85752,1
85758,1
85773,1
85776,1
85795,1
85799,1
85809,1
85814,1
85817,1
85821,1
85823,1
85829,2
85850,1
85863,1
85866,2
85870,1
85882,1
85885,1
85898,1
85900,1
85911,1
85920,1
85922,1
85943,1
85965,1
85973,1
85975,1
85994,1
85998,1
86003,1
86010,1
86012,1
86015,1
86025,1
86027,1
86034,1
86037,1
86039,1
86043,1
86045,1
86060,1
86068,1
86072,1
86078,1
86090,1
86108,1
86112,1
86116,1
86122,1
86124,1
86127,1
86134,2
86138,1
86144,1
86147,1
86164,1
86175,1
86203,1
86206,1
86225,1
86231,1
86238,1
86242,1
86254,1
86263,1
86266,1
86273,1
86276,1
86288,1
86301,1
86308,1
86310,1
86323,2
86333,1
86335,1
86367,1
86383,1
86395,1
86404,1
86411,1
86421,2
86436,1
86445,1
86448,1
86459,1
86462,1
86465,1
86469,1
86480,1
86483,1
86494,1
86496,1
86498,1
86509,1
86511,1
86514,1
86528,1
86534,1
86537,1
86542,1
86546,1
86558,1
86565,1
86573,2
86581,1
86591,1
86605,1
86608,1
86610,1
86612,1
86620,1
86626,1
86630,1
86641,1
86661,1
86675,1
86681,1
86689,1
86693,1
86697,1
86699,1
86702,1
86708,1
86723,1
86725,1
86732,1
86735,1
86739,1
86742,2
86748,1
86753,1
86755,1
86758,1
86760,1
86768,1
86776,1
86779,2
86788,1
86791,1
86795,1
86797,1
86800,1
86810,1
86813,1
86823,1
86825,1
86830,1
86832,1
86841,1
86846,1
86848,1
86859,1
86863,1
86873,1
86886,2
86889,1
86893,1
86896,1
86908,1
86911,1
86914,1
86921,1
86923,1
86929,1
86932,1
86943,1
86957,1
86963,1
86966,1
86968,1
86971,1
86977,1
86985,1
86987,1
86997,1
86999,1
87004,1
87006,1
87010,1
87017,1
87023,1
87033,1
87036,2
87051,1
87053,1
87060,1
87068,1
87078,1
87081,1
87083,1
87097,1
87099,1
87107,1
87111,1
87113,1
87120,1
87125,1
87127,1
87130,1
87135,1
87143,1
87158,1
87160,1
87163,1
87173,1
87175,1
87177,1
87185,1
87187,1
87193,1
87195,1
87209,1
87215,1
87230,1
87233,1
87235,1
87241,1
87261,1
87267,1
87284,1
87288,1
87300,1
87306,1
87310,1
87312,1
87322,1
87325,1
87340,1
87350,1
87355,1
87357,1
87359,1
87369,1
87371,1
87373,1
87376,1
87381,1
87391,2
87400,1
87402,1
87405,1
87419,1
87424,1
87431,1
87437,1
87439,1
87444,1
87456,1
87458,1
87471,1
87481,1
87488,1
87491,1
87496,1
87505,1
87507,1
87518,1
87521,1
87532,1
87536,1
87542,1
87569,1
87576,2
87581,1
87585,1
87591,1
87601,1
87606,1
87613,1
87615,1
87629,1
87631,1
87638,1
87649,2
87662,1
87677,1
87686,1
87699,1
87707,1
87717,1
87725,1
87729,1
87740,1
87761,1
87765,2
87771,1
87777,1
87784,1
87798,1
87801,1
87803,1
87814,1
87816,1
87828,1
87841,1
87844,1
87846,1
87857,1
87860,1
87869,1
87872,1
87877,1
87881,1
87883,1
87886,1
87905,1
87907,1
87915,2
87921,1
87925,1
87928,1
87938,1
87952,1
87955,1
87957,1
87969,1
87973,1
87977,1
87979,1
87988,1
87998,1
88007,1
88009,1
88016,1
88021,1
88033,1
88041,1
88046,1
88051,1
88055,1
88064,1
88071,1
88090,1
88117,1
88120,1
88125,1
88134,1
88142,1
88144,1
88157,1
88160,1
88164,1
88169,1
88184,1
88190,1
88196,1
88198,1
88205,1
88238,1
88241,1
88272,1
88281,1
88300,2
88310,1
88313,1
88318,1
88335,1
88348,1
88357,1
88367,1
88373,1
88401,1
88403,1
88406,1
88408,1
88413,1
88422,1
88428,1
88431,2
88439,1
88444,1
88447,1
88452,1
88471,1
88473,1
88480,1
88488,1
88492,1
88494,1
88509,1
88524,1
88545,1
88554,1
88561,1
88571,1
88591,1
88597,1
88600,1
88609,1
88620,1
88628,1
88635,1
88639,1
88642,1
88645,1
88649,1
88655,1
88657,1
88664,1
88666,1
88669,1
88671,1
88676,1
88690,1
88694,1
88696,1
88712,1
88715,1
88717,1
88722,1
88730,1
88733,1
88735,1
88743,1
88745,1
88754,2
88764,1
88770,1
88774,1
88777,1
88780,1
88792,2
88807,1
88812,1
88814,1
88822,1
88827,1
88829,1
88832,1
88834,1
88842,1
88845,1
88849,1
88854,1
88864,1
88867,1
88871,1
88875,1
88877,1
88886,1
88893,1
88900,1
88906,1
88916,1
88920,1
88922,1
88926,1
88934,1
88939,1
88943,1
88957,1
88965,1
88989,1
88994,1
89000,1
89016,1
89019,1
89022,1
89029,1
89041,1
89048,1
89055,1
89061,1
89065,1
89077,1
89083,1
89087,1
89097,1
89099,1
89103,1
89117,1
89135,1
89147,1
89151,1
89163,1
89170,1
89177,1
89186,1
89190,1
89209,1
89213,1
89225,1
89227,1
89240,1
89244,1
89261,1
89263,1
89265,1
89271,1
89275,1
89282,1
89289,1
89291,1
89313,1
89317,1
89337,1
89341,1
89344,1
89350,1
89358,1
89366,1
89370,1
89372,1
89385,1
89399,1
89407,1
89416,1
89419,1
89432,1
89435,1
89444,1
89459,1
89461,1
89466,1
89476,1
89480,1
89495,1
89510,1
89519,1
89522,1
89529,1
89532,1
89538,1
89548,1
89563,1
89570,1
89574,1
89577,1
89579,1
89583,1
89588,1
89591,2
89594,1
89604,1
89616,1
89621,1
89624,1
89627,1
89629,1
89637,1
89642,1
89644,1
89646,1
89650,1
89663,1
89665,1
89669,1
89681,1
89686,1
89697,1
89700,1
89702,1
89706,2
89708,1
89721,1
89728,1
89733,1
89735,1
89740,1
89748,1
89755,1
89757,1
89771,1
89775,1
89788,1
89805,1
89810,1
89814,1
89816,1
89822,1
89827,1
89844,1
89846,1
89854,1
89870,1
89875,1
89890,1
89892,1
89902,1
89910,1
89925,1
89927,1
89932,1
89935,1
89947,1
89949,1
89951,1
89962,1
89967,1
89977,1
89985,1
89992,1
90003,1
90012,1
90014,1
90021,1
90024,1
90029,2
90046,1
90052,1
90056,1
90071,1
90075,1
90077,1
90082,1
90092,1
90101,1
90104,1
90114,1
90118,1
90121,1
90129,1
90137,2
90139,1
90143,1
90149,1
90156,1
90160,1
90164,1
90166,1
90174,1
90176,1
90180,1
90197,1
90212,1
90216,1
90233,1
90236,1
90247,1
90265,1
90272,2
90274,1
90289,1
90294,1
90299,1
90303,1
90306,1
90319,1
90329,1
90344,1
90346,1
90349,1
90352,1
90358,1
90365,1
90380,1
90384,1
90396,1
90399,1
90403,2
90405,1
90407,1
90413,1
90418,1
90424,1
90426,1
90429,1
90434,1
90441,1
90443,1
90451,1
90459,1
90461,1
90463,1
90466,1
90471,1
90475,1
90491,1
90496,1
90498,1
90502,1
90506,1
90513,1
90531,1
90537,1
90541,1
90552,1
90560,1
90566,1
90570,1
90574,1
90576,1
90579,1
90582,1
90584,1
90589,1
90592,1
90599,1
90605,1
90609,1
90612,1
90615,2
90621,1
90635,1
90638,1
90644,1
90652,1
90654,1
90663,1
90672,1
90677,1
90686,1
90695,1
90705,1
90710,1
90712,1
90728,1
90730,1
90738,1
90743,1
90748,1
90762,1
90782,1
90787,1
90789,1
90796,1
90802,1
90809,1
90814,1
90819,1
90822,1
90834,1
90837,1
90840,1
90843,1
90847,1
90850,1
90855,1
90858,1
90860,1
90869,1
90874,1
90893,1
90916,1
90918,1
90930,1
90936,1
90961,1
90967,1
90980,1
90988,1
90991,1
90994,1
91006,1
91008,1
91011,1
91018,1
91022,1
91033,1
91040,1
91047,1
91051,1
91053,1
91059,1
91061,1
91075,1
91083,1
91089,1
91092,1
91104,1
91108,1
91115,2
91118,1
91123,1
91146,1
91149,1
91165,1
91167,1
91175,1
91179,1
91185,1
91201,1
91203,1
91206,1
91211,1
91223,1
91225,1
91227,1
91231,1
91238,1
91241,1
91252,1
91256,1
91258,1
91261,1
91263,1
91275,1
91277,1
91283,1
91291,1
91295,1
91300,1
91302,1
91310,1
91317,1
91330,1
91333,1
91337,1
91353,1
91355,1
91363,1
91365,1
91369,1
91375,1
91395,1
91412,1
91414,1
91436,1
91442,1
91452,1
91484,1
91487,1
91499,1
91501,1
91509,1
91519,1
91525,1
91527,1
91536,1
91543,1
91556,1
91559,1
91577,1
91579,1
91595,1
91598,1
91602,1
91604,1
91617,1
91623,1
91626,1
91631,1
91634,1
91644,1
91650,1
91657,1
91661,2
91669,1
91671,1
91676,1
91678,1
91691,1
91698,1
91701,1
91717,1
91727,1
91731,1
91733,1
91736,1
91742,1
91746,1
91757,1
91764,1
91773,2
91783,1
91785,1
91808,1
91843,1
91851,1
91859,1
91867,1
91883,1
91906,1
91912,1
91916,1
91924,1
91935,1
91939,1
91945,1
91958,1
91962,1
91965,1
91982,1
91994,1
91997,1
92002,1
92004,1
92009,1
92014,1
92017,1
92022,1
92026,1
92036,1
92038,1
92040,1
92042,1
92049,1
92055,1
92058,1
92062,1
92070,1
92074,1
92086,1
92091,1
92095,1
92103,1
92105,1
92115,1
92121,1
92127,1
92129,1
92131,1
92133,1
92136,1
92140,1
92151,1
92157,1
92171,1
92175,1
92178,1
92183,1
92191,1
92194,1
92196,1
92204,1
92206,1
92217,1
92221,1
92224,1
92233,1
92235,1
92242,1
92244,1
92247,1
92250,1
92256,1
92272,1
92281,1
92286,1
92298,1
92301,1
92320,1
92324,1
92337,1
92339,1
92341,1
92356,1
92364,1
92366,1
92370,1
92389,1
92392,1
92397,1
92400,2
92405,1
92408,1
92412,1
92430,1
92436,1
92442,1
92449,1
92451,1
92460,1
92477,1
92481,1
92488,1
92495,1
92501,1
92503,1
92513,1
92518,1
92529,1
92535,1
92543,1
92565,1
92579,1
92588,1
92590,1
92610,1
92620,1
92623,1
92626,1
92634,1
92651,1
92660,1
92669,1
92671,1
92685,1
92689,1
92691,1
92702,1
92708,1
92713,1
92716,1
92719,1
92726,1
92737,1
92749,1
92761,1
92769,1
92777,1
92808,1
92818,1
92828,1
92855,1
92862,1
92869,1
92874,2
92890,1
92901,1
92907,1
92911,1
92924,1
92959,1
92961,1
92968,1
92971,1
92979,1
92988,1
92997,1
93003,1
93005,1
93015,1
93018,1
93030,1
93034,1
93038,2
93054,1
93075,1
93078,1
93083,1
93085,1
93090,1
93103,1
93108,1
93110,1
93113,1
93118,1
93121,1
93136,1
93150,1
93153,1
93160,1
93164,1
93184,1
93195,1
93198,1
93209,1
93218,1
93220,1
93223,1
93227,1
93239,1
93246,1
93252,1
93259,1
93271,1
93274,1
93289,1
93299,1
93306,1
93310,1
93315,1
93325,1
93337,1
93340,1
93360,1
93362,1
93386,1
93392,1
93417,1
93419,1
93423,1
93426,1
93436,1
93439,1
93445,1
93455,1
93458,1
93466,1
93469,1
93474,1
93477,1
93483,1
93491,1
93494,1
93498,1
93502,1
93519,1
93522,1
93540,1
93550,1
93578,1
93592,1
93598,1
93616,1
93625,1
93636,1
93646,1
93649,1
93651,1
93659,1
93666,1
93681,1
93683,1
93685,1
93694,1
93705,1
93720,1
93722,1
93724,1
93733,1
93739,1
93742,1
93745,1
93757,1
93766,1
93774,1
93782,1
93797,1
93810,1
93812,1
93833,1
93843,1
93854,1
93857,1
93862,1
93875,1
93883,1
93904,1
93912,1
93915,2
93922,1
93940,1
93944,1
93947,1
93950,1
93952,1
93954,1
93959,1
93967,1
94003,1
94008,1
94010,1
94020,1
94030,1
94034,1
94038,1
94041,1
94067,1
94069,1
94077,1
94080,1
94084,1
94096,1
94100,1
94102,1
94105,1
94118,1
94120,1
94131,1
94135,1
94175,1
94180,1
94183,1
94196,1
94198,1
94203,1
94225,1
94234,1
94261,1
94267,1
94272,1
94276,1
94287,1
94294,1
94296,1
94310,1
94312,1
94329,1
94335,1
94349,1
94357,1
94369,1
94373,1
94377,1
94384,1
94388,1
94392,1
94408,1
94424,1
94435,1
94445,1
94451,1
94456,1
94462,1
94474,1
94480,1
94486,1
94494,1
94500,1
94510,1
94513,1
94517,1
94524,1
94530,1
94541,1
94543,1
94557,1
94567,1
94574,1
94591,1
94610,2
94613,1
94625,1
94629,1
94633,1
94636,1
94638,1
94640,1
94648,1
94651,1
94654,1
94657,1
94663,1
94667,1
94679,1
94685,1
94697,1
94700,1
94707,1
94715,1
94724,1
94729,1
94739,1
94759,1
94761,1
94767,1
94770,2
94772,1
94777,1
94789,1
94793,1
94801,1
94804,1
94808,1
94821,1
94831,1
94845,1
94847,1
94855,1
94857,1
94861,1
94864,1
94875,1
94880,1
94883,1
94885,1
94900,1
94902,1
94923,1
94936,1
94939,1
94948,1
94952,1
94973,1
94982,1
94988,1
94997,1
95006,1
95010,1
95015,1
95017,1
95020,1
95028,1
95031,1
95033,1
95038,1
95042,1
95045,1
95050,1
95052,1
95056,1
95060,1
95072,1
95075,1
95080,1
95086,1
95088,1
95096,1
95105,1
95110,1
95123,1
95125,1
95138,1
95155,1
95166,1
95176,1
95185,1
95199,1
95204,1
95220,1
95225,1
95233,1
95242,1
95254,1
95264,1
95268,2
95274,1
95276,1
95292,1
95307,1
95311,1
95315,1
95318,1
95326,1
95330,1
95339,1
95356,1
95373,1
95375,1
95384,1
95389,1
95396,1
95419,1
95422,1
95429,1
95431,1
95433,1
95435,1
95452,1
95470,1
95481,1
95484,1
95490,1
95498,1
95504,1
95507,1
95511,1
95522,1
95531,1
95537,1
95551,1
95556,1
95566,1
95589,1
95601,1
95612,1
95618,1
95624,1
95626,1
95632,1
95635,1
95639,1
95665,1
95670,1
95683,1
95708,1
95717,1
95747,1
95749,1
95752,1
95755,1
95763,1
95767,1
95774,1
95785,1
95794,1
95796,1
95805,1
95826,1
95834,1
95843,1
95847,1
95849,1
95852,1
95856,1
95868,1
95878,1
95889,1
95896,1
95917,1
95928,1
95934,1
95936,1
95941,1
95944,1
95947,1
95960,1
95968,1
95983,1
95991,1
95996,1
96009,1
96012,1
96017,1
96021,1
96025,1
96027,1
96041,1
96048,1
96054,1
96059,1
96078,1
96081,1
96089,1
96092,1
96097,1
96101,1
96106,1
96109,1
96113,1
96116,1
96122,1
96129,1
96131,1
96143,1
96146,1
96158,1
96161,1
96169,1
96174,1
96185,1
96189,1
96201,1
96207,1
96209,1
96211,1
96213,1
96218,1
96222,1
96225,1
96228,1
96231,1
96234,1
96236,1
96242,1
96247,1
96256,1
96263,1
96269,1
96272,1
96280,1
96297,1
96306,1
96330,1
96335,1
96341,1
96345,1
96370,1
96391,1
96403,1
96406,1
96415,1
96421,1
96428,1
96442,1
96451,1
96454,1
96457,1
96459,1
96476,1
96478,1
96482,1
96487,1
96505,1
96515,1
96517,1
96519,1
96534,1
96538,1
96547,1
96554,1
96562,1
96573,1
96576,1
96591,1
96611,1
96614,1
96621,1
96637,1
96639,1
96648,1
96658,1
96662,1
96667,1
96671,1
96676,1
96678,1
96685,1
96689,1
96704,1
96706,1
96708,1
96715,1
96719,1
96722,1
96727,1
96735,1
96738,1
96746,1
96748,1
96755,1
96762,1
96765,1
96771,1
96780,1
96783,1
96797,1
96800,1
96802,1
96811,1
96816,1
96821,1
96823,1
96836,1
96856,1
96874,1
96889,1
96894,1
96903,1
96908,1
96912,1
96927,1
96934,2
96940,1
96943,1
96945,1
96947,1
96960,1
96963,1
96965,1
97018,1
97027,1
97030,1
97045,1
97047,1
97050,1
97069,1
97072,1
97077,1
97084,1
97086,1
97090,1
97093,1
97102,1
97104,1
97107,1
97113,1
97122,1
97127,1
97139,1
97141,1
97144,1
97151,1
97159,1
97164,1
97168,1
97176,1
97178,1
97181,1
97184,1
97205,1
97210,1
97228,1
97238,1
97247,1
97251,1
97264,1
97283,1
97286,1
97297,1
97299,1
97301,1
97305,1
97308,1
97320,1
97327,1
97333,1
97336,1
97338,1
97342,1
97349,1
97359,1
97373,1
97375,1
97380,1
97384,1
97406,1
97408,1
97412,1
97416,1
97418,1
97421,1
97424,1
97428,1
97431,1
97435,1
97442,1
97447,1
97450,1
97463,1
97470,1
97473,1
97482,1
97487,1
97489,1
97504,1
97510,1
97512,1
97517,1
97527,1
97531,1
97536,1
97539,1
97541,1
97545,1
97553,1
97562,1
97586,1
97590,1
97599,1
97608,1
97627,1
97631,1
97635,1
97639,1
97646,1
97648,1
97651,1
97685,1
97690,1
97693,1
97695,1
97706,1
97708,1
97724,1
97727,1
97731,1
97745,1
97751,1
97754,1
97767,1
97773,1
97786,1
97791,2
97800,1
97813,1
97815,1
97819,1
97824,1
97828,1
97837,1
97840,1
97847,1
97872,1
97885,1
97896,1
97903,1
97910,1
97916,1
97925,1
97931,1
97937,1
97941,1
97949,1
97953,1
97963,1
97965,1
97969,1
97972,1
97975,1
97981,1
97983,1
97991,1
97998,1
98001,1
98005,1
98010,1
98013,1
98018,1
98022,1
98027,1
98032,1
98035,1
98039,1
98042,1
98046,1
98052,1
98065,1
98080,1
98088,1
98093,1
98096,1
98101,1
98104,1
98112,1
98126,1
98131,1
98137,1
98151,1
98153,1
98170,1
98175,1
98180,1
98205,1
98207,1
98216,1
98222,1
98250,1
98255,2
98259,1
98270,1
98277,1
98287,1
98290,1
98312,1
98314,1
98317,1
98322,1
98327,1
98329,1
98345,1
98348,1
98360,1
98363,1
98365,1
98367,1
98369,1
98377,1
98379,1
98381,1
98383,1
98387,1
98391,1
98397,1
98399,1
98401,1
98423,1
98427,1
98433,1
98435,1
98438,1
98443,1
98446,1
98453,1
98460,1
98471,1
98475,1
98490,1
98496,1
98536,1
98548,1
98551,1
98553,1
98558,1
98571,1
98577,1
98579,1
98581,1
98586,1
98588,1
98594,1
98598,1
98600,1
98616,1
98618,1
98622,1
98628,1
98632,1
98649,1
98653,1
98659,1
98662,1
98667,1
98673,1
98676,1
98678,1
98680,1
98682,1
98685,1
98691,1
98694,1
98704,1
98710,1
98712,1
98722,1
98724,1
98732,1
98737,1
98745,1
98751,1
98755,1
98767,1
98771,1
98776,1
98779,1
98781,1
98786,1
98796,1
98810,1
98820,1
98824,1
98826,1
98835,1
98839,1
98850,1
98854,1
98860,1
98864,1
98866,1
98877,1
98894,1
98897,2
98899,1
98901,1
98907,1
98924,1
98927,1
98940,1
98946,1
98948,1
98950,1
98953,2
98960,1
98963,1
98965,1
98970,1
98979,1
98985,1
98990,1
98996,1
99005,2
99007,1
99012,1
99018,1
99024,1
99027,1
99029,1
99039,1
99055,1
99057,1
99061,1
99063,1
99068,1
99082,1
99088,1
99107,1
99111,1
99121,1
99126,1
99134,1
99147,1
99150,1
99164,1
99171,1
99177,1
99182,1
99188,1
99191,1
99196,2
99199,1
99213,1
99217,1
99223,1
99227,1
99229,1
99232,1
99237,2
99241,1
99255,1
99257,1
99262,1
99266,1
99268,1
99276,1
99307,1
99315,1
99320,1
99329,1
99331,1
99334,1
99340,1
99348,1
99350,1
99374,1
99384,1
99401,1
99405,1
99425,1
99437,1
99439,1
99441,1
99455,1
99462,1
99475,1
99489,1
99503,1
99511,1
99517,1
99519,1
99524,1
99527,1
99536,1
99550,1
99554,1
99556,1
99558,1
99560,1
99583,1
99589,1
99593,1
99598,1
99601,1
99604,1
99611,1
99616,1
99624,1
99631,1
99634,1
99636,1
99643,1
99659,1
99665,1
99668,1
99670,1
99672,1
99675,2
99683,1
99685,1
99689,1
99693,1
99700,1
99704,1
99722,1
99725,1
99728,1
99736,1
99741,1
99750,1
99770,1
99772,1
99784,1
99798,1
99802,1
99814,2
99819,1
99830,1
99843,1
99860,1
99866,1
99870,1
99874,1
99878,1
99888,1
99896,1
99898,1
99901,1
99907,1
99916,1
99924,1
99927,1
99935,1
99938,1
99940,1
99948,1
99959,1
99963,1
99966,1
99969,1
99973,1
99976,1
99980,1
99984,1
200007,1
200010,1
200012,1
200016,1
200026,1
200031,1
200033,1
200041,1
200044,1
200046,1
200048,1
200050,1
200057,1
200069,1
200078,1
200082,1
200086,1
200091,1
200100,1
200104,1
200108,1
200110,1
200117,1
200119,1
200121,1
200126,1
200147,2
200152,1
200155,1
200163,1
200166,1
200172,1
200177,1
200181,1
200184,1
200186,1
200194,1
200200,1
200209,2
200212,1
200215,1
200218,1
200220,1
200228,1
200233,1
200243,1
200247,1
200258,1
200265,1
200272,1
200276,1
200278,1
200281,1
200283,1
200290,1
200294,1
200299,1
200305,1
200311,1
200318,1
200335,1
200341,1
200344,1
200348,1
200357,1
200360,1
200364,1
200367,2
200375,1
200379,1
200385,1
200390,1
200393,1
200396,1
200398,1
200401,1
200405,1
200418,1
200423,1
200425,1
200431,1
200436,1
200438,1
200441,1
200444,2
200446,1
200450,1
200460,1
200466,1
200472,1
200474,1
200477,2
200482,1
200488,1
200507,1
200514,1
200516,1
200520,1
200525,1
200535,1
200537,1
200540,1
200545,1
200554,1
200556,1
200559,1
200562,1
200567,1
200571,1
200574,1
200581,1
200585,1
200597,1
200613,1
200616,1
200628,1
200630,1
200647,1
200665,1
200679,1
200681,1
200693,1
200695,1
200724,1
200733,1
200751,1
200753,1
200755,1
200760,1
200764,1
200770,1
200774,1
200786,1
200796,1
200798,1
200803,1
200805,1
200810,1
200814,1
200829,1
200839,1
200852,1
200855,1
200859,1
200863,1
200867,1
200871,1
200874,1
200880,1
200888,1
200895,1
200898,1
200907,1
200911,1
200913,1
200916,1
200925,1
200932,1
200942,1
200946,1
200949,1
200952,1
200961,2
200978,1
200991,1
201002,1
201007,1
201010,1
201017,1
201038,1
201042,1
201045,1
201047,1
201050,1
201056,1
201062,1
201065,1
201075,1
201079,1
201083,1
201086,1
201088,1
201092,1
201094,1
201105,1
201125,1
201127,1
201141,1
201146,1
201155,1
201158,1
201160,1
201167,1
201174,2
201179,1
201199,1
201215,1
201219,1
201226,1
201230,1
201239,1
201251,1
201254,1
201256,1
201258,1
201261,1
201263,1
201268,1
201270,1
201272,1
201279,1
201287,1
201295,1
201310,1
201313,1
201315,1
201318,1
201338,1
201345,1
201349,1
201357,1
201369,1
201378,1
201382,1
201385,1
201400,1
201406,1
201408,1
201411,1
201418,1
201423,1
201425,1
201433,1
201439,1
201443,1
201445,1
201449,1
201458,1
201462,1
201466,1
201469,1
201473,1
201475,1
201486,1
201513,1
201517,1
201526,1
201535,1
201545,1
201554,1
201560,1
201567,1
201573,1
201597,1
201601,1
201606,1
201608,1
201610,1
201620,2
201622,1
201624,1
201631,1
201634,1
201644,1
201671,1
201674,1
201681,1
201692,1
201694,1
201712,1
201715,1
201718,1
201724,1
201726,1
201741,1
201749,1
201753,1
201765,1
201767,1
201771,1
201779,1
201784,1
201788,1
201801,1
201803,1
201805,1
201811,2
201825,1
201827,1
201836,1
201840,1
201847,2
201855,1
201881,1
201883,1
201899,1
201908,1
201912,1
201919,1
201927,1
201931,1
201937,1
201941,1
201944,1
201967,1
201976,1
201978,1
201981,1
201989,1
202012,1
202033,1
202051,1
202062,1
202072,1
202080,2
202088,1
202092,1
202095,1
202099,1
202110,1
202114,1
202120,1
202126,1
202131,1
202137,1
202141,1
202150,1
202152,1
202157,1
202159,1
202164,1
202166,1
202168,1
202171,1
202175,1
202180,1
202185,1
202187,1
202189,1
202210,1
202224,1
202226,1
202228,1
202233,1
202235,1
202241,1
202244,1
202248,1
202253,1
202263,1
202279,1
202282,1
202295,1
202299,1
202308,1
202318,1
202326,1
202328,1
202332,1
202337,1
202350,1
202354,1
202356,1
202367,1
202370,1
202384,1
202400,1
202407,1
202410,1
202416,2
202420,1
202431,1
202433,1
202445,1
202463,1
202484,1
202489,1
202505,1
202508,1
202513,1
202517,1
202520,1
202529,1
202533,1
202552,1
202556,1
202566,1
202584,1
202588,1
202598,1
202601,1
202603,1
202606,1
202618,1
202620,1
202622,1
202624,1
202628,1
202642,1
202650,1
202654,1
202657,1
202661,1
202668,1
202687,1
202695,1
202697,1
202701,2
202703,1
202707,1
202710,1
202718,1
202720,1
202724,1
202733,1
202736,1
202741,1
202752,1
202764,1
202766,1
202775,1
202779,1
202784,1
202789,1
202794,1
202797,1
202800,1
202812,1
202824,1
202827,1
202845,1
202855,1
202861,1
202865,1
202868,1
202875,2
202879,1
202881,1
202889,1
202892,1
202905,1
202907,1
202910,1
202913,1
202921,1
202927,1
202931,1
202945,1
202953,1
202961,1
202968,1
202983,1
202993,2
202998,1
203022,1
203035,1
203039,1
203048,1
203057,1
203059,1
203067,1
203078,1
203090,1
203093,1
203100,1
203102,1
203108,1
203115,1
203118,1
203120,1
203122,1
203125,1
203152,1
203154,1
203171,1
203174,1
203178,1
203184,1
203190,1
203208,1
203211,1
203213,1
203216,1
203230,1
203239,1
203242,1
203249,1
203253,1
203256,1
203271,1
203285,1
203287,1
203290,1
203293,1
203295,1
203305,1
203314,1
203321,1
203324,1
203327,1
203334,1
203339,1
203341,1
203346,1
203352,1
203364,1
203372,1
203376,1
203380,1
203384,1
203390,1
203392,1
203402,1
203406,1
203420,1
203423,1
203458,1
203468,1
203473,1
203477,1
203480,1
203485,1
203487,1
203492,1
203500,1
203504,1
203517,1
203519,1
203523,1
203525,1
203531,1
203535,1
203551,1
203555,1
203570,1
203575,1
203591,1
203619,1
203626,1
203630,1
203636,1
203639,1
203651,1
203664,1
203675,1
203690,1
203704,1
203708,1
203712,1
203714,1
203720,1
203722,1
203728,1
203733,1
203751,1
203759,1
203761,1
203805,1
203809,1
203818,1
203822,1
203825,1
203827,1
203829,1
203840,1
203851,1
203855,1
203859,1
203862,1
203865,1
203868,1
203875,1
203879,1
203892,1
203911,1
203914,1
203917,1
203920,1
203922,1
203930,1
203933,1
203939,2
203948,1
203955,1
203960,1
203965,1
203969,1
203988,1
203994,1
204011,1
204013,1
204028,1
204047,1
204054,1
204057,1
204066,1
204068,1
204070,1
204078,1
204111,1
204118,1
204125,1
204139,1
204147,1
204161,1
204181,1
204185,1
204207,1
204216,1
204219,1
204224,2
204228,1
204237,1
204240,1
204255,1
204266,1
204272,1
204276,1
204280,1
204283,1
204310,1
204316,1
204330,1
204334,1
204346,1
204349,1
204351,1
204353,1
204355,1
204357,1
204359,1
204370,1
204372,1
204382,1
204388,1
204390,1
204392,1
204395,1
204397,1
204407,1
204424,1
204430,1
204436,1
204441,1
204444,1
204451,1
204461,1
204463,1
204470,1
204472,1
204483,1
204485,1
204492,1
204501,1
204503,1
204519,1
204523,1
204553,1
204565,1
204571,1
204573,1
204579,1
204596,1
204599,1
204612,1
204634,1
204637,1
204673,1
204678,1
204696,2
204711,1
204714,1
204721,1
204740,1
204748,1
204752,2
204755,1
204759,1
204762,1
204764,1
204769,1
204772,1
204775,1
204784,1
204787,1
204793,1
204801,1
204804,1
204808,1
204839,1
204843,1
204846,1
204848,1
204866,2
204869,1
204872,1
204881,1
204883,1
204885,1
204890,1
204901,1
204905,1
204908,1
204916,1
204922,1
204937,1
204956,1
204959,1
204963,1
204974,1
204976,1
204978,1
204981,1
204994,1
204996,1
205026,1
205035,1
205037,1
205041,1
205056,1
205068,1
205077,1
205079,1
205083,1
205095,1
205099,1
205105,1
205112,1
205117,1
205127,1
205129,1
205132,1
205135,1
205143,1
205148,1
205155,1
205157,1
205160,1
205168,1
205171,1
205186,2
205189,1
205202,1
205204,1
205208,1
205210,1
205212,1
205224,1
205242,1
205269,1
205271,1
205274,1
205284,1
205290,1
205299,1
205304,1
205307,1
205320,2
205324,1
205326,1
205335,1
205343,1
205355,1
205358,1
205360,1
205369,1
205377,1
205383,1
205400,1
205406,1
205414,1
205416,1
205419,1
205423,1
205439,1
205451,1
205454,1
205457,1
205476,1
205485,1
205488,1
205493,1
205507,1
205510,1
205515,1
205531,1
205533,1
205545,1
205548,1
205553,1
205556,1
205565,1
205569,1
205572,1
205580,1
205584,1
205586,1
205588,1
205590,1
205595,2
205602,1
205620,1
205624,1
205628,1
205657,1
205661,1
205674,1
205683,1
205688,1
205696,1
205700,1
205703,1
205718,2
205721,1
205724,1
205727,1
205738,1
205741,1
205744,1
205755,1
205760,1
205769,1
205773,1
205778,1
205792,1
205799,1
205814,1
205818,1
205827,1
205830,1
205832,1
205835,1
205837,1
205845,1
205847,1
205850,1
205852,1
205858,1
205868,1
205872,1
205875,1
205887,1
205889,1
205894,1
205896,1
205904,1
205908,1
205910,1
205915,1
205925,1
205940,1
205944,1
205946,1
205953,1
205981,1
205986,1
205989,1
206002,1
206015,1
206019,1
206026,1
206035,1
206045,1
206061,1
206072,1
206076,1
206095,1
206102,1
206108,1
206116,1
206122,1
206135,1
206142,1
206149,1
206155,1
206157,1
206175,1
206180,1
206188,1
206202,1
206209,1
206211,1
206214,1
206217,1
206222,1
206226,1
206231,1
206239,1
206248,1
206252,1
206265,1
206267,1
206270,1
206285,1
206287,1
206290,1
206294,1
206297,1
206307,1
206331,1
206346,1
206359,1
206380,1
206385,1
206400,1
206402,1
206407,1
206424,1
206430,2
206439,1
206446,1
206449,1
206458,1
206462,2
206467,1
206469,1
206477,1
206481,1
206498,1
206500,1
206511,1
206513,1
206519,1
206538,1
206547,1
206551,1
206569,1
206572,1
206590,1
206594,1
206610,1
206618,1
206624,1
206628,1
206646,1
206650,1
206654,1
206656,1
206664,1
206672,1
206674,1
206676,1
206688,1
206695,1
206703,1
206706,1
206715,1
206722,1
206729,1
206740,1
206745,1
206747,1
206752,1
206762,1
206769,1
206778,1
206801,1
206807,1
206819,1
206830,1
206845,1
206853,1
206857,1
206872,1
206875,1
206882,1
206891,1
206893,1
206920,1
206935,1
206939,2
206942,1
206954,1
206958,1
206963,1
206971,2
206973,1
206989,1
206991,1
206993,1
206995,1
207001,1
207006,1
207008,1
207018,2
207026,1
207032,1
207035,1
207047,1
207049,1
207052,1
207062,1
207065,1
207070,1
207074,1
207076,1
207087,1
207089,1
207093,1
207103,1
207111,1
207129,1
207135,1
207137,1
207139,1
207144,1
207147,1
207161,2
207164,1
207166,1
207177,1
207182,1
207184,1
207189,1
207198,1
207218,1
207223,1
207235,1
207237,1
207242,1
207256,1
207259,1
207262,1
207264,1
207267,1
207269,1
207272,1
207282,1
207295,1
207313,1
207319,1
207326,1
207330,1
207336,1
207339,1
207347,1
207352,1
207354,1
207359,1
207361,1
207381,1
207387,1
207389,1
207392,1
207396,1
207399,1
207416,1
207425,1
207432,1
207443,1
207446,1
207451,1
207457,1
207463,1
207465,1
207467,1
207479,1
207481,1
207500,1
207503,1
207505,1
207508,1
207511,1
207513,1
207520,1
207522,1
207524,1
207526,1
207532,1
207542,1
207544,1
207546,1
207549,1
207575,1
207581,1
207584,1
207586,1
207598,1
207602,1
207604,1
207607,1
207614,1
207616,1
207618,1
207621,1
207623,1
207626,1
207629,1
207635,1
207641,1
207649,1
207656,1
207658,1
207663,1
207667,1
207676,1
207685,1
207693,1
207696,1
207712,1
207734,1
207744,1
207748,1
207754,1
207759,1
207770,1
207778,2
207787,1
207791,1
207797,1
207813,1
207824,1
207849,1
207853,1
207855,1
207878,1
207893,1
207903,1
207937,1
207940,1
207955,1
207958,1
207963,1
207981,1
207983,1
207988,1
207992,1
207994,1
207996,1
207999,1
208006,1
208017,1
208024,1
208027,1
208029,1
208034,1
208036,1
208056,1
208060,1
208078,1
208096,1
208109,1
208113,1
208118,1
208126,1
208131,1
208138,1
208142,1
208148,1
208153,1
208157,1
208173,1
208186,1
208202,1
208240,1
208252,2
208262,1
208268,1
208273,1
208286,1
208293,1
208297,1
208302,1
208312,1
208318,1
208331,1
208339,1
208359,1
208363,1
208370,1
208375,1
208387,1
208394,1
208396,1
208399,1
208403,1
208415,1
208431,1
208434,1
208440,1
208450,1
208456,1
208458,1
208467,1
208471,1
208479,1
208486,1
208508,1
208520,1
208528,1
208535,1
208546,1
208563,1
208566,1
208572,1
208589,1
208603,1
208606,1
208617,1
208622,1
208659,1
208667,1
208680,1
208687,1
208699,2
208701,1
208705,1
208707,1
208710,1
208713,1
208719,1
208721,1
208737,1
208748,1
208751,1
208754,1
208760,1
208765,2
208769,1
208772,1
208774,1
208778,1
208782,1
208788,1
208794,1
208798,1
208806,1
208811,1
208814,1
208818,1
208820,1
208822,1
208824,1
208832,1
208834,1
208838,1
208851,1
208866,1
208869,1
208873,1
208877,1
208889,1
208895,1
208942,1
208944,1
208946,1
208953,1
208963,1
208980,1
209001,1
209007,1
209009,1
209029,1
209042,1
209044,1
209046,1
209050,1
209059,1
209062,1
209066,1
209068,1
209071,1
209079,1
209083,1
209095,1
209098,1
209100,1
209105,1
209109,1
209111,1
209114,1
209128,1
209135,1
209148,1
209173,1
209190,1
209209,1
209218,1
209229,1
209247,1
209250,1
209254,1
209256,1
209258,1
209265,1
209268,1
209273,1
209278,2
209284,1
209288,1
209291,1
209299,1
209309,1
209322,1
209329,1
209331,1
209352,1
209362,1
209367,1
209370,1
209387,1
209400,1
209403,1
209411,1
209420,1
209422,1
209428,1
209442,1
209445,1
209455,1
209460,1
209465,1
209468,1
209478,2
209495,1
209497,1
209500,1
209507,1
209521,1
209540,1
209543,1
209554,1
209558,1
209561,1
209565,1
209591,1
209597,1
209600,1
209621,1
209623,1
209628,1
209630,1
209634,2
209636,1
209640,1
209646,1
209651,1
209657,2
209660,1
209669,1
209680,1
209685,1
209695,1
209703,1
209711,1
209724,1
209729,1
209731,1
209740,1
209748,1
209753,1
209758,1
209767,1
209769,1
209772,1
209781,1
209783,1
209790,1
209800,1
209802,1
209813,1
209817,1
209819,1
209821,1
209833,1
209841,1
209846,1
209852,1
209857,1
209861,1
209863,1
209865,1
209873,1
209878,1
209885,1
209895,1
209900,1
209910,1
209912,1
209919,1
209921,1
209926,1
209934,1
209940,1
209948,1
209951,1
209959,1
209969,1
209975,1
209978,2
209992,1
209994,1
210023,1
210025,1
210028,1
210031,1
210038,1
210050,1
210055,1
210071,1
210075,1
210085,1
210088,1
210094,1
210109,1
210121,1
210129,1
210131,1
210141,1
210151,1
210159,1
210169,1
210177,1
210180,1
210187,1
210211,1
210224,1
210241,1
210252,1
210255,1
210262,1
210272,1
210281,1
210292,1
210297,1
210303,1
210317,1
210321,2
210338,1
210355,1
210364,1
210371,1
210374,1
210380,1
210389,1
210404,1
210407,1
210413,1
210415,1
210425,1
210429,1
210444,1
210452,1
210464,1
210480,1
210482,1
210492,1
210502,1
210505,1
210510,2
210516,1
210524,1
210530,1
210540,1
210545,1
210547,1
210549,1
210559,1
210562,1
210576,1
210578,1
210611,1
210622,1
210641,1
210658,1
210663,1
210675,1
210678,1
210682,1
210689,1
210694,1
210696,1
210701,1
210706,1
210713,1
210718,1
210720,1
210722,1
210729,1
210732,1
210735,1
210740,1
210748,1
210750,1
210757,1
210761,1
210766,1
210771,1
210778,1
210791,1
210796,1
210805,1
210807,1
210812,1
210816,1
210822,1
210824,1
210833,1
210836,1
210842,1
210853,1
210861,1
210864,1
210870,1
210882,1
210884,1
210886,1
210889,1
210893,1
210896,1
210906,1
210920,1
210922,1
210927,1
210935,1
210939,1
210945,1
210947,1
210949,1
210958,1
210961,1
210963,1
210970,2
211004,1
211015,1
211024,1
211031,1
211034,1
211044,1
211055,1
211076,1
211090,1
211098,1
211114,1
211121,1
211129,1
211132,1
211136,1
211139,1
211148,1
211153,1
211155,1
211165,1
211171,1
211175,1
211177,1
211193,1
211196,1
211208,1
211213,1
211222,1
211224,1
211226,1
211235,1
211275,1
211288,1
211306,1
211323,1
211328,2
211338,1
211344,1
211359,1
211362,1
211364,1
211367,1
211376,1
211379,2
211382,1
211387,1
211391,1
211403,1
211406,1
211411,1
211413,1
211418,1
211426,2
211430,1
211436,1
211446,1
211461,2
211470,1
211476,2
211482,1
211489,1
211495,1
211498,1
211505,1
211509,1
211511,1
211516,1
211519,1
211521,1
211535,1
211544,1
211552,1
211556,1
211563,1
211566,1
211568,1
211570,1
211576,1
211583,1
211597,1
211600,1
211604,1
211617,1
211621,1
211632,1
211637,1
211641,1
211646,1
211648,1
211652,1
211661,1
211663,1
211678,1
211684,1
211689,1
211691,1
211694,1
211702,1
211714,1
211717,1
211721,1
211726,1
211728,1
211737,1
211744,1
211754,1
211757,1
211761,1
211773,1
211776,1
211793,1
211801,1
211816,1
211820,1
211823,1
211831,1
211850,1
211864,1
211868,1
211870,1
211879,1
211889,1
211914,1
211924,1
211935,1
211943,1
211946,1
211948,1
211960,1
211962,1
211966,1
211971,1
211973,1
211975,1
211978,1
211981,1
211983,1
211987,1
211989,1
211992,1
211996,1
212002,1
212006,1
212015,1
212023,1
212030,1
212041,1
212050,1
212064,1
212077,1
212079,1
212081,1
212083,1
212086,1
212092,2
212099,1
212102,1
212110,2
212119,1
212121,1
212127,1
212136,1
212151,1
212154,1
212156,1
212163,1
212171,1
212176,1
212186,1
212195,1
212208,1
212213,1
212219,1
212228,1
212232,1
212234,1
212244,1
212250,1
212255,1
212257,1
212263,1
212287,1
212289,1
212298,1
212300,1
212302,1
212306,1
212327,1
212338,1
212345,1
212348,1
212353,1
212356,1
212362,1
212372,1
212375,1
212379,1
212385,1
212388,1
212399,2
212405,1
212413,1
212421,1
212423,1
212426,1
212430,1
212432,1
212440,1
212443,1
212447,1
212462,1
212467,1
212476,1
212489,1
212493,1
212497,1
212499,1
212501,1
212515,1
212532,1
212535,1
212538,1
212549,1
212556,1
212569,1
212573,1
212576,1
212596,1
212602,1
212611,1
212614,1
212618,1
212640,1
212644,1
212646,1
212655,1
212668,1
212677,1
212684,1
212687,1
212690,1
212701,2
212707,1
212709,1
212718,1
212723,1
212730,1
212752,1
212755,1
212758,1
212767,1
212772,1
212787,1
212801,1
212803,1
212807,1
212810,1
212816,1
212822,2
212841,1
212856,1
212858,1
212862,1
212874,1
212879,1
212886,1
212888,1
212911,1
212920,1
212923,1
212926,1
212929,1
212933,1
212935,1
212938,1
212940,1
212944,2
212959,1
212963,1
212967,1
212969,1
212976,1
212979,1
212983,1
212990,1
212992,1
213004,1
213010,2
213016,1
213023,1
213046,1
213048,1
213058,1
213066,1
213068,1
213070,1
213095,1
213100,1
213104,1
213106,1
213108,1
213110,1
213117,2
213123,1
213126,1
213129,1
213141,1
213143,1
213145,1
213153,1
213158,1
213162,1
213167,1
213178,1
213181,1
213183,1
213185,1
213189,2
213201,1
213212,1
213215,1
213220,1
213224,1
213228,1
213234,1
213238,1
213241,1
213249,1
213253,1
213257,1
213259,1
213262,1
213266,2
213274,1
213276,1
213279,1
213283,1
213293,1
213295,1
213303,1
213306,1
213317,1
213319,1
213331,1
213346,1
213350,1
213352,1
213368,1
213378,1
213385,1
213390,1
213394,1
213426,1
213435,1
213461,1
213473,1
213475,1
213489,1
213497,1
213503,1
213506,1
213508,1
213514,1
213526,1
213531,1
213539,1
213541,1
213545,1
213547,1
213556,1
213565,1
213569,1
213575,1
213577,1
213590,1
213602,1
213604,1
213610,1
213616,1
213619,1
213622,1
213635,1
213646,1
213659,1
213662,1
213672,1
213684,1
213688,1
213693,1
213706,1
213709,1
213712,1
213720,1
213729,1
213733,1
213736,1
213738,1
213740,1
213743,1
213745,1
213755,1
213757,1
213761,1
213767,1
213787,1
213794,1
213829,1
213843,1
213857,1
213860,1
213866,1
213878,1
213882,1
213900,1
213902,1
213906,1
213918,1
213925,1
213938,1
213941,1
213944,1
213962,1
213965,1
213974,1
213977,1
213979,1
213981,1
213984,1
213992,1
214011,1
214014,1
214016,1
214019,1
214032,1
214040,1
214051,1
214058,1
214071,1
214082,1
214097,1
214108,1
214110,1
214112,1
214115,1
214119,1
214129,1
214134,1
214136,1
214143,1
214149,1
214156,1
214161,1
214171,1
214180,1
214187,1
214191,1
214193,1
214209,1
214220,1
214224,1
214226,1
214246,1
214248,1
214262,1
214264,1
214280,1
214283,1
214288,1
214299,1
214317,1
214343,1
214371,1
214377,1
214384,1
214392,1
214394,1
214396,1
214399,1
214406,1
214424,1
214429,1
214436,1
214447,1
214450,1
214453,1
214458,1
214470,1
214473,1
214479,1
214483,1
214491,1
214507,1
214510,1
214517,1
214525,1
214529,1
214534,1
214536,1
214546,1
214549,1
214562,1
214566,1
214571,1
214583,1
214587,1
214611,1
214629,1
214643,1
214647,1
214657,1
214661,1
214666,1
214679,1
214682,1
214686,1
214701,1
214708,1
214718,1
214723,1
214725,1
214738,1
214743,1
214748,1
214758,1
214763,1
214797,1
214800,1
214845,1
214851,1
214855,1
214866,1
214869,1
214876,1
214887,1
214889,1
214891,1
214895,1
214907,1
214916,1
214924,1
214927,2
214934,1
214946,1
214949,1
214952,1
214954,1
214965,1
214967,1
214980,1
214991,1
214993,1
215002,1
215006,1
215009,1
215022,1
215025,1
215035,1
215037,1
215050,1
215077,1
215079,1
215085,1
215098,1
215103,1
215114,1
215120,1
215123,1
215126,1
215142,1
215155,1
215159,1
215172,1
215188,1
215201,1
215206,1
215210,1
215212,1
215215,1
215229,1
215238,1
215247,1
215249,1
215255,1
215270,2
215274,1
215288,1
215290,1
215294,2
215302,1
215307,1
215309,1
215323,1
215326,1
215330,1
215342,1
215349,1
215352,1
215357,1
215364,1
215366,1
215368,1
215406,1
215420,1
215422,1
215425,1
215427,1
215437,1
215443,1
215451,1
215457,1
215463,1
215467,1
215469,1
215478,1
215480,1
215486,1
215490,1
215502,1
215507,1
215523,1
215527,1
215534,1
215536,1
215541,1
215552,1
215556,1
215571,1
215573,1
215579,1
215589,1
215591,1
215594,2
215596,1
215600,1
215602,1
215612,1
215615,1
215626,1
215630,1
215636,1
215641,1
215648,1
215650,1
215652,1
215664,1
215668,1
215670,1
215673,1
215676,1
215679,1
215686,1
215692,1
215694,1
215707,1
215729,1
215732,1
215740,1
215763,1
215771,1
215777,1
215783,1
215789,2
215791,1
215810,1
215818,1
215821,1
215831,1
215836,1
215839,1
215841,1
215845,1
215848,1
215855,1
215858,1
215863,1
215867,1
215871,1
215875,1
215878,1
215880,1
215882,1
215886,1
215892,1
215897,1
215900,1
215903,1
215912,1
215917,2
215920,1
215928,1
215933,1
215936,1
215940,1
215953,1
215955,1
215957,1
215960,1
215963,1
215966,1
215973,1
215975,1
215977,1
215980,1
215988,1
216005,1
216017,1
216026,1
216029,1
216034,1
216042,1
216053,1
216058,1
216061,1
216066,1
216070,1
216085,1
216091,1
216094,1
216103,1
216112,2
216132,1
216143,1
216158,1
216166,1
216168,1
216174,1
216178,1
216182,1
216186,1
216193,1
216201,1
216204,1
216207,1
216218,1
216220,1
216224,2
216226,1
216230,1
216237,1
216243,1
216255,1
216269,1
216273,1
216275,1
216294,1
216312,1
216314,1
216320,1
216329,2
216332,1
216334,1
216336,1
216338,1
216342,1
216353,1
216355,1
216366,1
216369,1
216373,1
216377,1
216380,1
216392,1
216396,1
216407,1
216412,1
216414,1
216417,1
216419,1
216427,1
216431,1
216444,1
216447,1
216453,1
216457,1
216464,1
216466,1
216468,1
216478,1
216484,1
216487,1
216490,1
216494,1
216503,1
216506,1
216508,1
216520,1
216523,1
216529,1
216540,1
216542,1
216552,2
216560,1
216564,1
216568,1
216570,1
216580,1
216582,1
216584,1
216592,1
216595,1
216600,1
216614,1
216620,1
216623,1
216631,1
216636,1
216651,1
216664,1
216671,1
216675,1
216678,1
216681,1
216683,1
216694,1
216696,1
216705,1
216711,1
216720,1
216722,1
216736,1
216745,1
216747,1
216756,1
216760,1
216771,1
216774,1
216777,1
216779,1
216787,1
216795,1
216805,1
216807,1
216810,1
216813,1
216820,1
216823,1
216825,1
216827,1
216830,1
216832,1
216836,1
216845,1
216858,1
216862,1
216864,1
216866,1
216880,1
216884,1
216902,1
216923,1
216929,1
216936,1
216942,1
216944,1
216947,1
216949,1
216963,1
216971,1
216975,1
216978,1
216980,1
216992,1
216994,1
216998,1
217003,1
217006,1
217015,1
217020,1
217023,1
217031,1
217035,1
217039,1
217050,1
217054,1
217056,1
217068,1
217071,1
217089,1
217109,1
217111,1
217114,1
217118,1
217128,1
217134,2
217139,1
217142,1
217154,1
217166,1
217168,1
217173,1
217176,1
217187,1
217190,1
217201,1
217205,1
217207,1
217209,1
217211,1
217224,1
217233,1
217248,1
217260,1
217264,1
217266,1
217279,1
217284,1
217292,1
217300,1
217307,1
217319,1
217323,1
217329,1
217340,1
217342,1
217344,1
217356,1
217359,1
217375,1
217380,1
217385,1
217400,1
217415,1
217418,1
217421,1
217425,1
217435,1
217437,1
217451,1
217465,1
217468,1
217474,1
217489,1
217495,2
217499,1
217510,1
217547,1
217560,1
217579,1
217585,1
217593,1
217596,1
217611,1
217628,1
217641,1
217660,1
217663,1
217676,1
217681,1
217695,1
217703,1
217711,1
217719,1
217731,1
217736,1
217757,1
217760,1
217764,1
217773,1
217776,1
217810,1
217813,1
217829,1
217836,1
217840,1
217848,1
217853,1
217856,1
217859,1
217872,1
217885,1
217887,1
217890,1
217892,1
217899,1
217906,1
217909,1
217929,1
217936,1
217947,1
217951,1
217965,1
218004,1
218006,1
218011,1
218013,1
218021,1
218024,1
218031,1
218038,1
218040,1
218043,1
218047,1
218051,1
218064,1
218074,1
218081,1
218084,1
218093,1
218096,1
218100,1
218105,1
218115,1
218127,1
218129,1
218136,1
218140,1
218143,1
218152,1
218159,1
218168,1
218172,1
218193,1
218199,1
218227,1
218230,1
218238,1
218240,1
218267,1
218269,1
218276,1
218287,1
218304,1
218313,1
218315,1
218323,1
218329,1
218331,1
218335,1
218342,1
218347,1
218361,1
218370,1
218396,1
218398,1
218406,1
218428,1
218441,1
218450,1
218460,1
218462,1
218468,1
218476,1
218489,1
218494,1
218496,1
218498,1
218500,1
218503,1
218508,1
218520,1
218531,1
218538,1
218542,1
218544,1
218548,1
218554,1
218558,1
218572,1
218574,1
218588,1
218591,1
218596,1
218627,1
218642,1
218650,1
218664,1
218669,1
218699,1
218702,1
218708,1
218722,1
218726,1
218732,1
218748,1
218754,1
218767,1
218783,1
218785,1
218800,1
218812,1
218817,1
218820,1
218824,1
218829,1
218838,1
218857,1
218859,1
218863,1
218871,1
218875,1
218879,1
218882,1
218892,1
218898,1
218912,1
218917,1
218922,1
218924,1
218938,1
218969,1
218983,1
218988,1
218992,1
218999,1
219020,1
219031,1
219043,1
219048,1
219051,1
219055,1
219059,1
219065,1
219071,2
219076,1
219086,1
219088,1
219093,1
219106,1
219112,1
219120,1
219124,1
219131,1
219134,1
219149,1
219159,1
219170,1
219173,1
219179,1
219181,1
219193,1
219205,1
219207,1
219226,1
219231,1
219235,1
219239,1
219241,1
219247,1
219251,2
219255,1
219258,1
219265,1
219279,1
219281,1
219285,1
219295,1
219301,1
219309,1
219319,1
219338,1
219347,1
219352,1
219355,1
219368,1
219378,1
219387,1
219392,1
219394,1
219398,1
219407,1
219423,1
219430,1
219436,1
219443,1
219446,1
219449,1
219452,1
219457,1
219463,1
219468,1
219471,1
219490,1
219504,1
219509,1
219511,1
219521,1
219527,1
219531,1
219543,1
219545,1
219547,1
219553,1
219558,1
219564,1
219567,1
219570,1
219582,1
219584,1
219595,1
219598,1
219606,1
219619,1
219622,1
219635,1
219638,1
219640,1
219650,1
219658,1
219662,1
219670,1
219673,1
219675,1
219677,1
219684,1
219698,1
219702,1
219710,1
219714,1
219716,1
219722,1
219730,1
219733,1
219742,1
219744,1
219748,1
219750,1
219760,1
219770,1
219773,1
219787,1
219792,1
219794,1
219804,1
219808,1
219813,1
219817,1
219822,1
219825,1
219830,1
219836,1
219845,1
219851,1
219853,1
219868,1
219870,1
219874,1
219882,1
219886,1
219890,1
219900,1
219902,1
219908,1
219911,1
219914,1
219927,1
219932,1
219936,1
219938,1
219944,1
219946,1
219950,1
219956,1
219963,1
219968,1
219970,1
219977,1
219980,1
219988,1
219996,1
220000,1
220004,1
220014,1
220035,1
220050,1
220054,1
220056,1
220062,1
220070,1
220080,1
220083,1
220089,1
220098,1
220105,1
220120,1
220127,1
220131,1
220141,1
220154,1
220159,2
220163,1
220168,1
220178,2
220185,1
220193,1
220198,1
220212,1
220222,1
220247,1
220250,1
220253,1
220261,1
220267,1
220271,1
220279,1
220283,1
220298,1
220303,1
220316,1
220345,1
220347,1
220376,1
220379,1
220402,1
220405,1
220412,1
220417,1
220423,1
220435,1
220442,1
220444,1
220451,1
220458,1
220465,1
220470,1
220474,1
220479,1
220481,1
220489,1
220519,1
220525,1
220527,1
220538,1
220542,1
220546,1
220548,1
220556,1
220566,1
220571,1
220574,1
220576,1
220593,1
220602,1
220619,1
220631,1
220676,1
220706,1
220716,1
220725,1
220735,1
220743,1
220754,1
220760,1
220764,1
220766,1
220771,1
220776,1
220779,1
220782,1
220786,1
220793,1
220800,1
220803,1
220805,1
220812,1
220823,1
220831,1
220835,1
220844,1
220851,1
220867,1
220881,1
220891,1
220903,1
220906,1
220926,1
220930,1
220934,1
220937,1
220943,1
220948,1
220969,1
220971,1
220974,1
220986,1
220990,1
220993,1
221000,1
221007,1
221013,1
221015,1
221018,1
221022,1
221031,1
221039,1
221043,1
221055,1
221061,1
221070,1
221072,1
221074,1
221081,1
221086,1
221105,1
221115,1
221130,2
221134,1
221136,1
221142,1
221187,1
221189,1
221194,1
221203,1
221223,1
221228,1
221238,1
221248,1
221252,1
221272,1
221281,1
221284,1
221286,1
221288,1
221290,1
221294,1
221306,1
221320,1
221322,1
221324,1
221336,1
221348,1
221353,1
221363,1
221374,1
221381,1
221390,1
221394,2
221406,1
221411,1
221420,1
221424,1
221426,1
221428,1
221433,2
221467,1
221474,1
221482,1
221487,1
221507,1
221512,1
221517,1
221523,1
221532,1
221539,1
221551,1
221562,1
221571,1
221575,1
221582,1
221592,1
221598,1
221607,1
221610,1
221626,1
221637,1
221642,1
221653,1
221656,1
221658,1
221661,1
221691,1
221695,1
221705,1
221723,1
221750,1
221760,1
221771,1
221781,1
221804,1
221810,1
221820,1
221826,1
221836,2
221841,1
221845,1
221849,1
221857,1
221866,1
221868,1
221875,1
221902,1
221904,1
221912,1
221917,1
221924,1
221947,1
221951,1
221967,1
221975,1
221984,1
221991,1
221997,1
222005,1
222009,1
222012,1
222019,1
222027,1
222032,1
222036,1
222055,1
222058,1
222064,1
222068,1
222079,1
222085,1
222100,1
222124,1
222153,1
222176,1
222180,1
222192,1
222205,1
222207,1
222209,1
222216,1
222220,1
222228,1
222235,1
222243,1
222254,1
222262,1
222264,1
222269,1
222290,1
222294,1
222298,1
222326,1
222332,1
222334,1
222363,1
222365,1
222380,1
222389,1
222397,1
222413,1
222419,1
222425,1
222430,1
222433,1
222437,1
222441,2
222443,1
222448,1
222450,1
222462,1
222464,1
222472,1
222481,1
222486,1
222497,1
222499,1
222502,1
222513,1
222517,1
222521,1
222532,1
222536,1
222539,1
222545,1
222551,1
222558,1
222567,1
222572,1
222580,1
222583,1
222588,1
222590,1
222593,1
222597,1
222599,1
222614,1
222626,1
222632,1
222636,1
222646,1
222648,1
222654,1
222657,1
222663,1
222667,1
222674,1
222680,1
222684,1
222692,1
222700,1
222704,1
222724,1
222729,1
222740,1
222746,1
222751,1
222757,1
222761,1
222763,1
222767,1
222776,1
222786,1
222797,1
222804,1
222810,1
222817,1
222827,1
222830,1
222835,1
222856,1
222861,1
222869,1
222871,1
222876,1
222878,1
222880,1
222885,1
222890,1
222893,1
222896,1
222908,1
222915,1
222918,1
222921,1
222929,1
222933,1
222939,1
222942,1
222950,1
222955,1
222960,1
222972,1
222974,1
222986,1
222989,1
222998,1
223006,1
223011,1
223013,1
223022,1
223024,1
223039,1
223042,1
223051,1
223065,1
223072,1
223076,1
223082,1
223087,1
223091,1
223093,1
223097,1
223102,1
223104,1
223116,1
223120,1
223122,1
223124,1
223131,1
223133,1
223155,1
223158,1
223160,1
223166,1
223169,1
223178,1
223184,1
223186,1
223195,1
223200,1
223204,1
223209,1
223217,1
223219,1
223223,1
223231,1
223236,1
223241,1
223272,1
223274,1
223287,1
223301,1
223310,1
223315,1
223320,1
223333,1
223338,1
223344,2
223350,1
223355,1
223363,1
223369,1
223373,1
223379,1
223403,1
223416,1
223431,1
223435,1
223446,1
223450,1
223460,1
223464,1
223467,1
223478,1
223485,1
223501,1
223509,1
223519,1
223523,1
223537,1
223543,1
223554,1
223556,1
223558,1
223568,1
223592,1
223598,1
223605,1
223617,1
223621,1
223625,1
223636,1
223643,1
223650,1
223658,1
223664,1
223673,1
223675,1
223678,1
223682,1
223686,1
223691,1
223695,1
223709,1
223713,1
223720,1
223728,1
223732,1
223765,1
223767,1
223770,1
223772,1
223775,1
223781,1
223787,1
223803,1
223811,1
223817,1
223840,1
223845,1
223848,1
223850,1
223855,1
223859,1
223865,1
223867,1
223870,1
223876,1
223883,1
223888,1
223891,1
223904,1
223913,1
223917,1
223922,1
223929,1
223935,1
223945,1
223949,1
223953,1
223956,1
223965,1
223969,1
224003,1
224012,1
224017,1
224020,1
224023,1
224026,1
224035,1
224038,1
224049,1
224055,1
224074,1
224080,1
224093,1
224096,2
224108,1
224111,1
224115,1
224125,1
224138,1
224143,1
224151,1
224159,1
224164,1
224168,1
224170,1
224177,1
224179,1
224187,1
224206,1
224214,1
224225,1
224231,1
224236,1
224242,1
224245,1
224248,1
224266,1
224274,1
224277,1
224279,1
224281,1
224290,1
224292,1
224295,1
224300,1
224302,1
224305,1
224313,1
224321,1
224337,1
224342,1
224347,1
224359,1
224363,1
224373,1
224379,1
224394,1
224397,1
224399,1
224408,1
224410,1
224416,1
224424,1
224435,1
224437,1
224441,1
224445,1
224447,1
224457,1
224463,1
224470,1
224473,1
224475,1
224482,1
224485,1
224489,1
224493,1
224497,1
224506,1
224508,1
224514,1
224530,1
224537,1
224541,1
224544,1
224547,1
224550,1
224552,1
224555,1
224561,1
224578,1
224580,1
224583,1
224596,1
224599,1
224601,1
224607,1
224609,1
224611,1
224626,1
224628,1
224644,1
224661,1
224664,1
224674,1
224681,1
224685,1
224695,1
224699,1
224703,1
224721,1
224725,1
224735,1
224739,1
224741,1
224743,1
224746,1
224750,1
224754,1
224759,1
224762,1
224766,1
224771,1
224774,1
224777,1
224781,2
224786,1
224789,1
224821,1
224824,1
224832,1
224835,1
224852,1
224865,1
224872,1
224875,1
224880,1
224882,1
224887,1
224892,1
224895,1
224898,1
224902,1
224905,1
224924,1
224933,1
224946,1
224951,1
224961,1
224963,1
224968,1
224974,1
224980,1
224984,1
224988,1
224993,1
225001,1
225005,1
225007,1
225009,1
225012,1
225022,1
225026,1
225028,1
225036,1
225042,1
225045,1
225056,1
225069,1
225078,1
225095,1
225100,1
225104,1
225117,1
225129,1
225141,1
225146,1
225148,1
225156,1
225159,1
225174,1
225181,1
225191,1
225194,1
225197,2
225202,1
225212,1
225217,1
225220,1
225232,1
225234,1
225236,1
225251,1
225256,2
225262,1
225268,1
225271,1
225273,1
225288,1
225292,1
225295,1
225297,1
225302,1
225304,1
225309,1
225311,1
225314,1
225316,1
225325,1
225341,1
225383,1
225386,1
225390,1
225398,1
225414,1
225418,1
225424,1
225434,1
225439,1
225443,1
225451,1
225453,1
225455,1
225466,1
225474,1
225477,1
225480,1
225485,1
225491,1
225499,1
225508,1
225515,1
225520,1
225528,1
225531,1
225543,1
225554,1
225558,1
225566,1
225570,1
225576,1
225585,1
225597,1
225607,1
225625,1
225628,1
225633,1
225647,1
225650,1
225652,1
225661,1
225669,1
225684,1
225689,1
225692,1
225695,1
225703,1
225716,1
225719,1
225722,1
225727,1
225737,1
225743,1
225746,1
225749,1
225759,1
225761,1
225763,1
225769,1
225772,2
225779,1
225785,1
225795,1
225797,1
225804,1
225807,1
225822,1
225830,1
225832,1
225841,1
225847,1
225858,1
225864,1
225877,1
225880,1
225889,1
225894,1
225898,1
225912,1
225919,1
225931,1
225935,1
225937,1
225952,1
225965,1
225972,1
225974,1
225981,1
225991,1
225995,1
226000,1
226013,1
226015,1
226017,1
226019,1
226030,1
226032,1
226034,1
226038,1
226042,1
226049,1
226051,1
226056,1
226071,1
226073,1
226085,1
226091,1
226100,1
226106,1
226126,1
226128,1
226140,1
226142,1
226147,1
226152,1
226155,1
226165,1
226170,1
226176,1
226180,1
226185,1
226188,1
226192,1
226205,1
226212,1
226218,1
226220,1
226222,1
226233,1
226238,1
226241,1
226250,1
226258,1
226263,2
226274,1
226278,1
226290,1
226296,1
226299,1
226301,1
226314,1
226317,1
226321,1
226331,1
226338,1
226346,1
226348,1
226352,1
226359,1
226366,1
226370,1
226373,1
226377,2
226383,1
226385,1
226391,1
226394,1
226409,2
226411,1
226413,1
226415,1
226417,1
226420,1
226435,1
226439,1
226450,1
226453,1
226455,1
226458,1
226467,1
226470,1
226473,1
226476,1
226480,1
226501,1
226516,1
226522,1
226530,1
226539,1
226543,1
226560,1
226562,1
226565,1
226576,1
226583,1
226592,1
226596,1
226598,1
226602,1
226606,1
226614,1
226618,1
226620,1
226636,1
226645,1
226657,1
226661,1
226673,1
226692,1
226695,1
226698,1
226707,1
226713,1
226717,1
226719,1
226721,1
226732,1
226734,1
226744,1
226749,1
226759,1
226768,1
226770,1
226772,1
226776,1
226783,1
226792,1
226796,1
226808,1
226812,1
226828,1
226830,1
226844,1
226853,1
226858,1
226863,1
226867,1
226870,1
226874,2
226876,1
226886,1
226893,1
226902,1
226906,1
226923,1
226934,1
226941,1
226944,1
226948,1
226955,1
226960,1
226963,1
226965,1
226967,1
226981,2
226998,1
227000,1
227013,1
227016,1
227036,1
227038,1
227048,1
227055,1
227059,1
227062,1
227073,1
227076,1
227078,1
227083,2
227094,1
227109,1
227114,1
227117,1
227126,1
227128,1
227130,1
227134,1
227136,1
227139,1
227152,1
227161,1
227167,1
227170,1
227184,1
227189,1
227204,1
227206,1
227211,1
227213,1
227224,1
227243,1
227245,1
227257,1
227268,1
227279,1
227283,1
227286,1
227288,1
227292,1
227298,1
227300,1
227302,1
227305,1
227311,1
227317,1
227322,1
227324,1
227326,1
227333,1
227335,1
227351,1
227361,1
227365,1
227372,1
227375,1
227379,1
227381,1
227383,1
227398,1
227400,1
227414,1
227435,1
227442,1
227453,1
227456,1
227462,1
227470,1
227474,2
227479,2
227494,1
227509,1
227520,1
227524,1
227529,1
227532,1
227534,1
227537,1
227548,1
227552,1
227555,1
227562,1
227569,1
227571,1
227575,1
227586,1
227589,1
227591,1
227602,1
227605,1
227607,1
227609,1
227613,1
227618,1
227631,1
227641,1
227644,1
227647,1
227651,1
227673,1
227681,1
227687,1
227689,1
227692,1
227701,1
227705,1
227719,1
227726,1
227729,1
227736,1
227744,1
227747,1
227757,1
227759,1
227771,1
227775,1
227782,1
227784,1
227787,1
227797,1
227800,1
227802,1
227817,1
227822,1
227824,1
227826,1
227829,1
227848,1
227851,1
227855,1
227857,1
227870,1
227873,1
227881,1
227888,1
227893,1
227898,1
227906,1
227910,1
227913,1
227929,2
227933,1
227938,1
227946,1
227949,1
227952,1
227954,1
227958,1
227966,1
227968,1
227972,1
227980,1
227986,1
227989,1
227999,1
228005,1
228024,1
228029,1
228035,1
228043,1
228050,1
228065,1
228079,1
228081,1
228084,1
228087,1
228102,1
228116,1
228121,1
228132,1
228135,1
228152,1
228158,1
228160,1
228164,1
228171,1
228194,1
228199,1
228209,1
228211,1
228217,1
228229,1
228233,1
228237,1
228246,1
228248,1
228250,1
228254,1
228265,1
228290,1
228293,1
228302,1
228304,1
228306,1
228309,1
228325,1
228333,1
228335,1
228345,1
228348,1
228350,1
228362,1
228365,2
228392,1
228407,1
228412,1
228418,1
228423,1
228429,1
228455,1
228460,1
228463,1
228471,1
228478,1
228482,1
228496,1
228498,1
228505,1
228516,1
228521,1
228525,1
228531,1
228536,1
228551,1
228553,1
228557,1
228563,1
228568,1
228573,1
228575,1
228582,2
228586,1
228593,1
228602,1
228605,1
228614,1
228620,1
228629,1
228645,1
228647,1
228651,1
228653,1
228659,1
228662,1
228668,1
228674,1
228680,1
228689,1
228703,1
228713,1
228726,1
228739,1
228742,1
228755,2
228766,1
228770,2
228776,1
228780,1
228801,1
228809,1
228814,1
228827,1
228830,1
228836,1
228862,1
228866,1
228893,1
228897,1
228909,1
228916,1
228922,1
228939,1
228948,1
228956,1
228962,1
228972,1
228974,1
228977,1
228986,1
228989,1
228993,1
228998,1
229001,1
229007,1
229009,1
229012,1
229018,2
229020,1
229029,2
229032,1
229034,1
229037,1
229047,1
229051,1
229064,1
229066,1
229069,1
229071,1
229077,1
229081,1
229087,1
229105,1
229109,1
229114,1
229116,1
229124,1
229126,1
229130,1
229164,1
229167,1
229178,1
229184,1
229197,1
229200,1
229208,1
229223,1
229228,1
229230,1
229240,1
229245,1
229260,1
229270,1
229277,1
229291,1
229294,1
229302,1
229316,1
229318,1
229320,1
229324,1
229332,1
229335,1
229343,1
229351,1
229353,1
229358,1
229360,1
229367,1
229380,1
229388,1
229391,1
229413,1
229424,1
229442,1
229457,1
229459,1
229468,1
229477,1
229483,1
229490,1
229523,1
229533,1
229543,1
229551,1
229556,1
229560,1
229562,1
229575,1
229581,1
229586,1
229591,1
229599,1
229603,1
229605,1
229615,1
229621,1
229628,1
229636,1
229639,1
229642,1
229645,1
229651,1
229653,1
229655,1
229659,1
229662,1
229675,1
229679,2
229682,1
229684,1
229702,1
229715,1
229729,1
229733,1
229739,1
229743,1
229756,1
229758,1
229765,1
229770,2
229772,1
229775,1
229781,1
229789,1
229796,1
229813,1
229829,1
229834,1
229849,2
229864,1
229866,1
229881,1
229889,1
229898,1
229912,1
229925,1
229929,1
229931,1
229943,1
229952,1
229956,1
229959,1
229961,1
229963,1
229968,1
229983,1
229993,1
230011,1
230015,1
230017,1
230019,1
230030,1
230033,1
230036,1
230039,1
230045,1
230056,1
230074,1
230076,1
230083,1
230111,1
230120,1
230128,1
230132,1
230138,1
230144,1
230146,1
230148,1
230150,1
230159,1
230161,1
230166,1
230172,1
230174,1
230177,1
230189,1
230193,1
230208,1
230210,1
230214,1
230226,1
230234,1
230243,1
230251,1
230266,1
230269,1
230273,1
230288,1
230293,1
230303,1
230320,1
230325,1
230341,1
230344,1
230348,1
230351,1
230362,1
230370,1
230376,1
230379,1
230383,1
230385,1
230396,1
230401,1
230413,1
230417,1
230421,1
230427,1
230429,1
230436,1
230439,1
230452,1
230455,1
230462,1
230464,1
230466,1
230475,2
230482,1
230508,1
230510,1
230521,1
230527,1
230529,1
230531,1
230537,1
230548,1
230562,1
230567,1
230572,1
230583,1
230585,1
230589,1
230595,1
230604,1
230609,1
230613,1
230627,1
230640,1
230645,1
230651,1
230655,1
230660,1
230663,1
230670,1
230674,1
230678,1
230684,2
230686,1
230689,1
230691,1
230693,1
230702,1
230708,1
230714,1
230723,1
230737,1
230745,1
230755,1
230758,1
230760,1
230767,1
230775,1
230778,1
230780,1
230782,1
230785,1
230799,1
230802,2
230812,1
230814,1
230817,1
230829,1
230831,1
230835,1
230838,1
230842,1
230846,1
230850,1
230853,1
230857,1
230861,1
230866,1
230870,1
230874,1
230891,1
230913,1
230917,1
230933,1
230944,1
230948,1
230951,1
230962,1
230969,1
230984,1
231003,1
231008,1
231010,1
231013,1
231017,1
231024,1
231031,1
231039,1
231045,1
231053,1
231056,1
231064,1
231071,1
231074,1
231076,1
231080,1
231086,1
231109,1
231113,1
231115,1
231120,1
231123,1
231125,1
231130,1
231139,1
231141,1
231146,1
231154,1
231156,1
231158,1
231160,1
231164,1
231176,1
231183,1
231192,1
231196,1
231209,1
231217,1
231227,1
231237,1
231242,1
231244,1
231270,1
231286,1
231289,1
231291,1
231296,1
231311,1
231323,1
231325,1
231333,1
231354,1
231362,1
231367,1
231380,1
231384,1
231389,1
231400,1
231403,1
231408,1
231418,1
231422,1
231425,1
231427,1
231443,1
231445,1
231457,1
231460,1
231462,1
231470,1
231478,1
231495,1
231502,1
231509,1
231521,1
231550,1
231556,1
231567,1
231573,1
231599,1
231606,1
231608,1
231611,1
231622,1
231629,1
231636,1
231641,1
231650,1
231652,1
231655,1
231658,1
231668,1
231684,1
231688,1
231693,1
231701,1
231709,1
231711,1
231715,1
231723,1
231726,1
231728,1
231731,1
231737,1
231745,1
231755,1
231759,1
231763,1
231766,1
231769,1
231780,1
231782,1
231790,1
231803,1
231805,1
231816,1
231818,1
231822,1
231837,1
231839,1
231844,1
231848,1
231855,1
231857,1
231859,1
231863,1
231875,1
231883,1
231886,1
231907,1
231912,1
231914,1
231919,1
231925,1
231927,1
231945,1
231948,1
231959,1
231963,1
231973,1
231975,1
231977,1
231996,1
232000,1
232016,1
232059,1
232065,1
232071,1
232080,1
232088,1
232090,1
232092,1
232098,1
232100,1
232106,1
232113,1
232124,1
232135,1
232145,1
232154,1
232162,1
232166,1
232180,1
232184,1
232195,1
232199,1
232202,1
232219,1
232222,1
232224,1
232229,1
232237,1
232239,1
232259,1
232270,1
232273,1
232277,1
232299,1
232319,1
232345,1
232352,1
232368,1
232375,1
232380,1
232384,1
232395,1
232401,1
232410,1
232412,1
232414,1
232428,1
232431,1
232434,1
232436,1
232441,1
232452,1
232455,1
232464,1
232471,1
232501,1
232511,1
232519,1
232524,1
232529,2
232545,1
232560,1
232563,1
232566,1
232577,1
232587,1
232591,1
232594,1
232606,1
232609,1
232618,1
232620,1
232622,1
232630,1
232648,1
232655,1
232660,1
232662,1
232664,1
232675,1
232677,1
232680,1
232688,1
232694,1
232696,1
232711,1
232716,1
232727,1
232736,1
232745,1
232751,1
232756,1
232764,1
232770,1
232777,1
232782,1
232787,1
232789,1
232793,1
232795,1
232800,1
232804,1
232814,1
232828,1
232831,1
232845,1
232848,1
232851,1
232863,1
232868,1
232872,1
232880,1
232898,1
232900,1
232905,1
232910,1
232921,1
232927,1
232935,1
232943,1
232946,1
232970,1
232984,1
232997,1
233000,1
233002,1
233015,1
233019,1
233033,1
233070,1
233077,1
233086,1
233094,1
233097,1
233109,1
233115,1
233122,1
233125,1
233132,1
233135,1
233137,1
233144,1
233167,1
233191,1
233205,1
233217,1
233228,1
233246,1
233256,1
233260,1
233268,1
233277,1
233285,1
233287,1
233305,1
233307,1
233316,1
233321,1
233326,1
233338,1
233343,1
233347,1
233354,1
233357,1
233364,1
233382,1
233385,1
233390,1
233395,1
233399,1
233403,1
233415,1
233418,1
233436,1
233440,1
233448,1
233452,1
233455,1
233462,1
233465,1
233485,1
233489,1
233494,1
233496,1
233498,1
233504,1
233513,1
233516,1
233521,1
233537,1
233561,1
233573,1
233609,1
233621,1
233641,1
233646,1
233649,1
233661,1
233678,1
233684,1
233686,1
233691,1
233718,1
233722,1
233734,1
233737,1
233749,1
233761,1
233772,1
233776,1
233778,1
233788,1
233790,1
233792,1
233794,1
233797,1
233800,1
233802,1
233805,1
233809,1
233811,1
233815,1
233821,1
233824,1
233830,1
233832,1
233836,1
233855,1
233877,1
233884,1
233886,1
233892,1
233897,1
233913,1
233915,1
233919,1
233934,1
233947,1
233951,1
233965,1
233969,1
233972,1
233985,1
233989,1
233999,1
234009,1
234012,1
234016,1
234022,1
234025,1
234036,1
234039,1
234042,1
234047,1
234050,1
234059,1
234073,1
234080,1
234086,1
234092,1
234104,1
234121,1
234124,1
234138,1
234140,1
234143,1
234153,1
234171,1
234175,1
234181,1
234185,1
234188,1
234190,1
234196,1
234198,1
234206,1
234216,1
234220,1
234229,1
234232,1
234235,1
234238,2
234240,1
234244,1
234251,1
234253,1
234255,1
234261,1
234273,1
234277,1
234292,1
234304,1
234314,1
234326,1
234332,1
234342,1
234345,1
234353,2
234357,1
234364,1
234369,1
234373,1
234375,1
234377,1
234391,1
234394,1
234401,1
234412,1
234416,1
234419,1
234424,1
234426,1
234429,1
234431,1
234437,1
234445,1
234447,1
234465,1
234469,1
234484,1
234496,1
234501,1
234503,1
234520,1
234522,1
234534,1
234553,1
234577,1
234579,1
234589,1
234592,1
234620,1
234636,2
234648,1
234650,1
234659,1
234661,1
234669,1
234676,2
234686,1
234693,1
234695,1
234705,1
234720,1
234723,1
234728,1
234733,1
234748,1
234760,1
234763,1
234765,1
234767,1
234769,1
234774,1
234784,1
234789,1
234819,1
234821,1
234826,1
234828,1
234840,1
234867,1
234872,1
234877,1
234886,2
234902,1
234911,1
234921,1
234925,1
234934,1
234953,1
234967,1
234971,1
234995,1
234997,1
235008,1
235015,1
235033,1
235035,1
235042,1
235053,1
235066,1
235073,1
235085,1
235092,1
235121,1
235126,1
235130,1
235145,1
235149,1
235162,1
235170,1
235179,1
235182,1
235187,1
235201,1
235207,1
235215,1
235217,1
235226,1
235230,1
235238,1
235264,1
235266,1
235271,1
235275,1
235277,1
235283,1
235287,1
235314,1
235316,1
235321,1
235324,1
235339,1
235341,1
235352,1
235356,1
235359,1
235362,1
235370,1
235378,1
235384,1
235395,1
235397,1
235401,1
235414,1
235416,1
235420,1
235430,1
235434,1
235442,1
235452,1
235464,1
235467,1
235472,1
235476,1
235482,1
235495,2
235498,1
235510,1
235522,1
235526,1
235530,1
235534,1
235542,1
235550,1
235566,1
235569,1
235577,1
235585,1
235588,1
235593,1
235602,1
235606,1
235635,1
235641,1
235643,1
235654,1
235656,1
235669,1
235682,1
235688,1
235700,1
235711,1
235718,1
235728,1
235733,1
235737,1
235739,1
235748,1
235750,1
235753,1
235757,1
235759,1
235763,1
235765,1
235773,1
235775,1
235779,1
235784,1
235795,2
235798,1
235804,1
235814,1
235825,1
235833,1
235846,1
235853,1
235881,1
235907,1
235918,1
235922,1
235924,1
235926,1
235928,1
235937,1
235946,1
235959,2
235963,1
235969,1
235972,1
235981,1
235983,1
235988,1
236002,1
236004,1
236009,1
236022,1
236028,1
236040,1
236042,1
236054,1
236060,1
236073,1
236081,1
236083,1
236100,2
236104,1
236113,1
236118,1
236133,1
236144,1
236165,1
236171,1
236174,1
236177,1
236187,1
236193,1
236196,1
236199,1
236204,1
236221,1
236229,1
236238,1
236241,1
236250,1
236252,1
236260,1
236275,1
236292,1
236303,1
236309,1
236314,1
236318,1
236324,1
236327,1
236329,1
236340,1
236349,1
236356,1
236361,1
236366,1
236376,1
236384,2
236391,1
236397,1
236413,1
236427,1
236435,1
236446,1
236451,1
236457,1
236470,1
236478,1
236489,1
236496,1
236516,1
236524,1
236530,1
236534,1
236536,1
236539,1
236546,1
236570,1
236573,1
236577,1
236592,1
236606,1
236616,1
236630,1
236632,1
236636,2
236648,1
236651,1
236669,1
236683,1
236685,1
236688,1
236699,1
236701,1
236706,1
236710,1
236713,1
236719,1
236736,1
236740,1
236746,2
236753,1
236768,1
236781,1
236787,1
236790,1
236794,1
236802,1
236805,1
236819,1
236823,1
236835,1
236837,1
236840,1
236842,1
236852,1
236858,1
236861,1
236864,1
236870,1
236875,1
236879,1
236886,1
236895,1
236897,1
236905,1
236909,1
236911,1
236913,1
236917,1
236921,1
236924,1
236933,1
236936,1
236939,1
236955,1
236968,1
236973,1
236986,1
236990,1
236992,1
236995,1
237007,1
237009,1
237011,1
237013,1
237018,1
237023,1
237027,1
237034,1
237040,1
237052,1
237057,1
237059,1
237067,1
237086,1
237094,1
237101,1
237103,1
237106,1
237109,1
237115,1
237125,1
237143,1
237159,1
237163,1
237176,1
237178,1
237180,1
237184,1
237188,1
237195,1
237198,1
237200,1
237203,1
237205,1
237219,1
237236,1
237254,1
237261,1
237273,1
237275,1
237277,1
237290,1
237295,1
237309,1
237327,1
237330,1
237340,1
237350,1
237352,1
237354,1
237370,1
237386,1
237390,1
237402,1
237424,1
237429,1
237437,1
237440,1
237445,1
237450,2
237463,1
237465,1
237470,1
237474,1
237483,1
237487,1
237492,1
237501,1
237508,1
237520,1
237542,1
237554,1
237561,1
237566,1
237570,1
237577,1
237581,1
237585,1
237593,1
237598,1
237600,1
237604,1
237618,1
237633,1
237636,1
237641,1
237643,1
237650,1
237657,1
237660,1
237673,1
237679,1
237686,1
237692,1
237694,1
237696,1
237700,1
237711,1
237727,1
237732,1
237738,1
237743,1
237750,1
237753,1
237761,1
237771,1
237775,1
237778,1
237784,1
237786,1
237789,2
237791,1
237796,1
237799,1
237810,1
237812,1
237828,1
237838,1
237845,1
237851,1
237853,1
237866,1
237868,1
237874,1
237883,1
237886,1
237893,1
237901,1
237903,1
237907,1
237915,1
237917,1
237923,1
237925,1
237929,1
237933,1
237935,1
237938,1
237943,1
237945,1
237959,1
237964,1
237971,1
237975,1
237980,1
237982,1
237987,1
237998,1
238004,1
238011,1
238017,1
238020,1
238028,1
238036,1
238041,1
238053,1
238056,1
238071,1
238086,1
238090,1
238093,1
238100,1
238102,1
238127,1
238133,1
238147,1
238150,1
238158,1
238165,1
238167,1
238190,1
238196,1
238203,1
238210,2
238221,1
238236,1
238244,1
238249,1
238298,1
238308,1
238318,1
238320,1
238323,1
238327,1
238334,1
238341,1
238346,1
238353,1
238358,1
238360,1
238363,1
238369,1
238372,1
238377,1
238383,1
238394,1
238397,1
238399,1
238408,1
238413,1
238420,2
238433,1
238451,2
238459,1
238467,1
238475,1
238488,1
238490,1
238492,1
238495,1
238499,1
238504,1
238510,1
238512,1
238515,1
238532,2
238537,1
238544,1
238546,1
238565,1
238568,1
238579,1
238584,1
238588,1
238606,1
238608,1
238611,1
238615,1
238622,1
238627,1
238633,1
238645,1
238656,1
238661,1
238664,1
238666,1
238671,1
238673,1
238689,1
238702,1
238705,2
238717,1
238719,1
238738,1
238741,1
238755,1
238758,1
238761,1
238765,1
238772,1
238777,1
238792,1
238798,1
238807,1
238816,2
238823,1
238828,1
238830,1
238837,1
238853,1
238859,2
238861,1
238867,1
238870,1
238874,1
238876,1
238893,1
238908,1
238916,1
238927,1
238929,1
238932,2
238941,1
238953,1
238960,1
238979,1
238981,1
238986,1
238988,1
238998,1
239004,1
239006,1
239019,1
239023,1
239025,1
239039,1
239042,1
239045,1
239047,1
239052,1
239055,1
239058,1
239065,1
239068,1
239071,1
239080,1
239091,1
239094,1
239097,1
239109,1
239122,1
239142,1
239152,1
239158,1
239169,1
239174,1
239179,2
239183,1
239190,1
239197,1
239213,1
239219,1
239226,1
239231,1
239235,1
239251,1
239256,1
239267,1
239270,1
239282,1
239287,1
239297,1
239299,1
239322,1
239325,1
239331,1
239334,1
239348,1
239352,1
239363,1
239365,1
239379,1
239382,1
239384,1
239386,1
239388,1
239395,1
239397,1
239402,1
239404,1
239407,1
239409,1
239416,1
239421,1
239426,1
239430,1
239439,1
239456,1
239477,2
239479,1
239481,1
239485,1
239500,1
239502,1
239506,1
239520,1
239523,1
239553,1
239556,1
239567,1
239593,1
239598,1
239606,1
239614,1
239627,1
239637,1
239645,1
239657,1
239663,1
239672,1
239676,1
239683,1
239687,1
239703,1
239706,1
239723,1
239727,1
239739,1
239752,1
239757,1
239764,1
239769,1
239772,1
239786,1
239798,1
239802,1
239805,1
239807,1
239813,1
239818,1
239820,1
239825,1
239834,1
239844,1
239863,1
239866,1
239879,1
239884,1
239898,1
239904,1
239911,1
239918,1
239923,1
239937,1
239955,1
239970,1
239972,1
239975,1
239983,1
240005,1
240017,1
240027,1
240032,1
240038,1
240041,1
240043,1
240057,1
240061,1
240066,1
240073,1
240082,1
240087,1
240089,1
240092,1
240098,1
240105,1
240114,1
240118,1
240121,1
240123,1
240131,1
240143,1
240147,1
240156,1
240175,1
240177,1
240182,1
240193,1
240220,1
240222,1
240233,1
240238,1
240243,1
240263,1
240273,1
240277,1
240281,1
240291,1
240295,1
240304,1
240310,1
240319,2
240324,1
240337,1
240351,1
240368,1
240373,1
240375,1
240385,1
240394,1
240399,1
240428,1
240431,1
240439,1
240451,1
240460,1
240468,1
240484,1
240487,1
240491,1
240495,1
240501,1
240506,1
240513,1
240532,1
240560,1
240562,1
240564,1
240572,1
240575,1
240581,1
240600,1
240602,1
240604,1
240612,1
240616,1
240619,1
240623,2
240626,1
240646,1
240648,1
240674,1
240680,1
240695,1
240697,1
240711,1
240715,1
240717,1
240722,1
240732,1
240736,1
240746,1
240750,1
240758,1
240766,1
240773,1
240775,1
240780,1
240784,1
240789,1
240795,2
240809,1
240814,1
240824,1
240827,1
240835,1
240844,1
240846,1
240851,1
240853,1
240862,1
240867,1
240869,1
240872,1
240877,1
240889,1
240897,1
240904,1
240906,1
240915,1
240917,1
240926,1
240929,1
240931,1
240941,1
240943,1
240945,1
240947,1
240949,1
240964,1
240976,1
241000,1
241002,1
241008,1
241014,1
241016,1
241018,1
241020,1
241023,1
241026,2
241029,1
241033,1
241036,1
241041,1
241044,1
241049,1
241059,1
241065,1
241069,1
241076,1
241078,1
241082,1
241084,1
241086,1
241091,1
241100,1
241111,1
241118,1
241122,1
241126,1
241131,1
241140,1
241152,1
241154,1
241169,1
241171,1
241175,1
241194,1
241218,1
241228,1
241244,1
241248,1
241250,1
241256,1
241262,1
241264,1
241268,1
241270,1
241284,1
241289,1
241305,1
241307,1
241322,1
241326,1
241337,1
241339,1
241344,1
241347,1
241351,1
241355,1
241359,1
241363,1
241366,1
241368,1
241372,1
241379,1
241383,1
241385,1
241401,1
241409,1
241411,1
241418,1
241420,1
241426,1
241454,1
241457,1
241463,1
241465,1
241503,1
241508,1
241513,1
241517,2
241521,1
241526,1
241529,1
241550,1
241556,1
241571,1
241575,1
241578,1
241589,1
241591,1
241593,1
241599,1
241609,1
241626,1
241632,1
241634,1
241642,1
241649,1
241665,1
241677,1
241684,1
241692,1
241704,1
241729,1
241736,1
241751,1
241761,1
241763,1
241768,1
241784,1
241786,1
241793,1
241800,1
241802,1
241804,1
241814,1
241817,1
241819,1
241821,1
241836,1
241846,1
241852,1
241857,1
241860,1
241863,1
241870,1
241873,1
241879,1
241893,1
241907,1
241919,1
241932,1
241948,1
241950,1
241955,1
241963,1
241985,1
241989,1
241994,1
242014,1
242023,1
242027,1
242031,1
242036,1
242055,1
242060,1
242064,1
242068,2
242113,1
242117,1
242146,1
242148,1
242161,1
242167,1
242177,1
242180,1
242182,1
242199,1
242206,1
242217,1
242236,1
242245,1
242254,1
242256,1
242259,1
242261,1
242276,2
242293,1
242307,1
242312,1
242318,1
242328,1
242330,1
242333,1
242345,1
242349,1
242360,1
242363,1
242371,1
242390,1
242395,1
242406,1
242409,1
242411,1
242425,1
242428,1
242431,1
242440,1
242453,1
242461,1
242466,1
242472,1
242482,1
242484,1
242488,1
242499,1
242502,1
242508,1
242517,1
242537,1
242541,1
242544,1
242548,1
242559,1
242562,1
242570,1
242580,1
242584,1
242600,1
242603,1
242605,1
242608,1
242611,1
242616,1
242621,1
242627,1
242634,1
242644,1
242655,1
242662,1
242671,1
242678,1
242682,1
242692,1
242702,1
242708,1
242712,1
242720,1
242723,1
242732,1
242736,1
242745,1
242751,1
242769,1
242776,1
242783,1
242786,1
242792,1
242799,1
242802,1
242808,1
242814,1
242830,1
242834,1
242838,1
242843,1
242848,1
242861,1
242864,1
242870,1
242897,1
242902,1
242905,1
242915,1
242922,1
242935,1
242940,1
242948,1
242960,1
242963,1
242968,1
242975,1
242980,1
242992,1
243013,1
243016,1
243029,1
243042,1
243054,1
243057,1
243074,1
243084,1
243091,1
243100,1
243108,1
243111,1
243124,1
243130,1
243132,1
243144,1
243149,1
243162,1
243167,1
243183,1
243198,1
243208,1
243214,1
243224,1
243230,1
243237,1
243261,1
243263,1
243266,1
243279,1
243284,1
243317,1
243339,1
243341,1
243343,1
243357,1
243374,2
243377,1
243379,1
243382,1
243385,1
243390,1
243398,1
243401,1
243411,1
243414,1
243422,1
243436,1
243451,1
243453,1
243455,1
243461,1
243471,1
243488,1
243491,1
243493,1
243505,1
243511,1
243523,1
243528,1
243552,1
243565,1
243590,1
243595,1
243602,1
243610,1
243618,1
243636,1
243640,1
243644,1
243646,1
243661,1
243668,1
243684,1
243696,1
243702,1
243705,1
243710,1
243719,1
243731,1
243734,1
243738,1
243763,1
243783,1
243790,1
243796,1
243798,1
243803,1
243814,1
243818,1
243826,1
243828,1
243853,1
243869,1
243873,1
243880,1
243887,1
243893,1
243897,1
243925,1
243930,1
243946,1
243951,1
243979,1
243993,1
243995,1
244003,1
244014,1
244024,1
244027,1
244038,1
244043,1
244049,1
244057,1
244066,1
244068,1
244081,1
244083,1
244118,1
244130,1
244140,1
244156,1
244171,1
244175,1
244178,1
244190,1
244194,1
244197,1
244213,1
244228,1
244243,1
244269,1
244271,1
244276,1
244287,1
244291,1
244294,1
244302,1
244309,1
244311,1
244328,1
244330,1
244372,1
244381,1
244383,1
244386,1
244395,1
244399,1
244406,1
244422,1
244456,1
244458,1
244460,1
244463,1
244466,1
244473,1
244478,1
244487,1
244494,1
244499,1
244504,1
244509,1
244516,1
244523,1
244532,1
244537,1
244539,1
244550,1
244554,1
244558,1
244570,1
244572,1
244588,1
244590,1
244593,1
244596,1
244600,1
244608,1
244619,1
244631,1
244637,1
244651,1
244654,1
244684,1
244690,1
244696,1
244709,1
244726,1
244736,1
244739,1
244746,1
244764,1
244774,1
244784,1
244787,1
244794,1
244799,1
244801,1
244803,1
244805,1
244815,1
244817,1
244827,1
244829,1
244841,1
244847,1
244853,1
244855,1
244859,1
244875,1
244893,1
244899,1
244915,1
244918,1
244922,1
244929,1
244934,1
244940,1
244955,1
244957,1
244972,1
244993,1
244997,1
245008,1
245017,1
245026,1
245048,1
245050,1
245054,1
245062,1
245071,1
245075,1
245089,1
245098,1
245103,1
245106,1
245124,1
245128,1
245142,1
245147,1
245155,1
245163,1
245167,1
245185,1
245187,1
245199,1
245206,1
245215,1
245233,1
245242,1
245252,1
245257,1
245261,1
245273,1
245275,1
245279,1
245282,1
245292,1
245294,1
245299,1
245301,1
245305,1
245311,1
245315,1
245317,1
245320,1
245328,1
245332,1
245334,1
245339,1
245343,1
245355,1
245363,1
245367,1
245376,1
245392,1
245395,1
245420,1
245424,1
245430,1
245434,1
245437,1
245449,2
245453,1
245456,1
245461,1
245467,1
245472,1
245487,1
245489,1
245496,1
245502,1
245504,1
245511,1
245517,1
245522,1
245536,1
245576,1
245584,1
245593,1
245598,1
245612,1
245622,1
245637,1
245655,1
245658,1
245670,1
245673,1
245690,1
245698,1
245703,1
245711,1
245713,1
245715,1
245717,1
245720,1
245730,1
245754,1
245757,1
245770,1
245776,1
245783,1
245789,1
245792,1
245803,1
245808,1
245810,1
245812,1
245814,1
245818,1
245824,1
245844,1
245848,1
245851,1
245860,1
245869,1
245884,1
245887,1
245913,1
245922,1
245924,1
245927,1
245929,1
245941,1
245956,1
245963,1
245969,1
245971,1
245976,1
245981,1
245993,1
245998,1
246003,1
246011,1
246020,1
246026,1
246038,1
246041,1
246048,1
246057,1
246075,1
246082,1
246092,1
246094,1
246099,1
246112,1
246115,1
246118,1
246121,1
246132,1
246135,1
246137,1
246139,1
246148,1
246150,1
246155,1
246164,1
246169,1
246172,1
246174,1
246177,1
246179,1
246182,1
246188,1
246190,1
246194,1
246196,1
246205,1
246209,1
246214,1
246223,1
246226,1
246228,1
246230,1
246233,1
246237,1
246239,1
246247,1
246249,1
246251,1
246259,1
246261,1
246285,1
246288,1
246297,1
246303,1
246307,1
246319,1
246321,1
246326,1
246338,1
246340,1
246344,1
246353,1
246358,1
246363,1
246398,1
246401,1
246417,1
246419,1
246421,1
246433,1
246435,1
246437,1
246441,1
246443,1
246451,1
246457,1
246460,1
246468,1
246472,1
246477,1
246480,1
246485,1
246490,1
246494,1
246497,1
246499,1
246512,1
246514,1
246517,1
246524,1
246529,1
246539,1
246553,2
246558,1
246566,1
246574,1
246577,1
246590,1
246593,1
246604,1
246609,1
246630,1
246645,1
246650,1
246662,1
246679,1
246683,1
246686,1
246688,1
246697,1
246703,1
246716,1
246727,2
246738,1
246745,1
246758,1
246762,1
246776,1
246782,1
246784,1
246798,1
246816,1
246831,1
246833,1
246837,1
246840,1
246853,1
246855,1
246857,1
246865,1
246867,1
246870,1
246872,1
246878,1
246893,1
246900,1
246906,1
246916,1
246928,1
246930,1
246935,2
246948,1
246952,1
246969,1
246989,1
247009,1
247020,1
247040,1
247049,1
247056,1
247059,1
247069,1
247078,1
247080,1
247095,1
247102,1
247106,1
247116,1
247122,1
247124,1
247130,1
247139,1
247143,1
247150,1
247160,1
247167,1
247174,1
247210,1
247212,1
247234,1
247254,1
247256,1
247269,1
247275,1
247286,1
247288,1
247294,1
247296,1
247308,1
247313,1
247324,1
247328,1
247334,1
247336,1
247343,1
247350,1
247353,1
247365,1
247370,1
247372,1
247377,1
247380,1
247387,1
247391,1
247426,1
247428,1
247440,1
247453,1
247475,1
247493,1
247501,1
247504,1
247509,1
247516,1
247518,1
247525,1
247535,1
247540,1
247559,1
247577,1
247579,1
247581,1
247591,1
247596,1
247607,1
247635,1
247637,1
247647,1
247649,1
247652,1
247659,2
247662,1
247670,1
247672,1
247676,1
247682,1
247686,1
247702,1
247710,1
247712,1
247714,1
247724,1
247744,1
247748,1
247759,1
247770,1
247779,1
247786,1
247789,1
247792,1
247802,1
247806,1
247808,1
247824,1
247827,1
247834,1
247839,1
247841,1
247847,1
247859,1
247862,1
247864,1
247866,1
247879,1
247881,1
247884,1
247886,1
247896,1
247898,1
247901,1
247915,1
247920,1
247922,1
247934,1
247942,1
247952,1
247960,1
247976,1
247993,1
247996,1
248009,1
248016,1
248032,1
248036,1
248044,1
248055,1
248069,1
248072,1
248074,1
248076,1
248083,1
248088,1
248091,1
248093,1
248098,1
248103,1
248108,1
248121,1
248132,1
248140,1
248161,1
248168,1
248170,1
248180,1
248197,1
248206,1
248214,1
248223,1
248226,2
248228,1
248238,1
248242,1
248247,2
248250,1
248277,1
248283,1
248296,1
248302,1
248311,1
248314,1
248319,1
248323,1
248330,1
248340,1
248355,1
248359,1
248372,1
248385,1
248391,1
248397,1
248401,1
248410,1
248423,1
248425,1
248429,1
248432,1
248446,1
248455,1
248473,1
248480,1
248486,1
248495,1
248510,2
248513,1
248521,1
248529,1
248531,1
248555,1
248557,1
248561,1
248566,1
248569,1
248571,1
248580,1
248582,1
248584,1
248587,1
248589,1
248599,1
248604,1
248608,1
248612,1
248639,1
248644,1
248648,2
248660,1
248663,1
248679,1
248683,1
248685,1
248694,1
248697,1
248699,1
248720,1
248728,1
248731,1
248737,1
248742,1
248753,1
248762,1
248769,1
248775,1
248777,1
248779,1
248785,1
248787,1
248795,1
248804,1
248813,1
248818,1
248821,1
248825,1
248829,1
248833,1
248835,1
248839,1
248846,1
248852,1
248859,1
248864,1
248870,1
248873,1
248883,1
248885,1
248890,1
248892,1
248897,1
248901,1
248908,1
248914,1
248918,1
248920,1
248925,1
248930,1
248933,1
248938,1
248940,1
248960,1
248964,1
248968,1
248978,1
248982,1
248994,1
248998,1
249007,1
249010,1
249031,1
249034,1
249040,1
249042,1
249046,1
249048,1
249063,1
249079,1
249092,1
249098,1
249100,1
249110,1
249117,1
249122,1
249128,1
249136,1
249141,1
249144,1
249157,1
249169,1
249179,1
249183,1
249191,1
249193,1
249197,1
249209,1
249215,1
249218,1
249247,1
249250,1
249253,1
249269,1
249278,1
249284,1
249286,1
249288,1
249301,1
249304,1
249306,1
249312,1
249316,1
249321,1
249328,1
249343,1
249353,1
249358,1
249382,1
249384,1
249387,1
249392,1
249405,1
249407,1
249410,1
249412,1
249418,1
249423,1
249425,1
249433,1
249437,1
249441,1
249444,1
249449,1
249456,1
249459,1
249462,1
249470,1
249474,1
249476,1
249480,1
249487,1
249504,1
249516,1
249518,1
249524,1
249551,1
249553,1
249559,1
249573,1
249588,1
249592,1
249594,1
249599,1
249608,1
249614,1
249623,1
249629,1
249638,1
249644,1
249650,1
249666,1
249678,1
249684,1
249688,1
249704,1
249708,1
249720,1
249726,1
249748,1
249752,1
249758,1
249765,1
249767,1
249776,1
249782,1
249784,1
249799,1
249803,1
249813,1
249820,1
249835,1
249839,1
249845,1
249859,1
249876,1
249889,1
249892,1
249900,1
249914,1
249916,1
249918,1
249929,1
249934,1
249942,1
249944,1
249949,1
249951,1
249954,1
249956,1
249958,1
249961,1
249965,1
249971,1
249973,1
249985,1
249991,1
249994,1
250007,1
250011,1
250020,1
250032,1
250043,1
250047,1
250059,1
250068,1
250108,1
250112,1
250141,1
250157,1
250160,1
250165,1
250190,1
250200,1
250203,1
250208,1
250216,1
250218,1
250221,1
250223,1
250231,1
250237,1
250255,1
250260,1
250273,1
250277,1
250290,1
250308,1
250310,1
250317,1
250332,1
250335,1
250347,1
250353,1
250366,1
250368,1
250372,1
250383,1
250389,1
250392,1
250395,1
250406,1
250409,1
250411,1
250417,1
250424,1
250427,1
250430,1
250443,1
250466,1
250468,1
250487,1
250497,1
250499,1
250505,1
250519,1
250522,1
250539,1
250541,1
250544,1
250559,1
250563,1
250577,1
250580,1
250596,1
250598,1
250612,1
250618,1
250621,1
250631,1
250635,1
250639,1
250651,1
250658,1
250666,1
250669,1
250678,1
250691,1
250693,1
250708,1
250716,2
250723,1
250726,1
250730,1
250732,1
250735,1
250737,1
250748,1
250750,1
250753,1
250771,1
250775,1
250779,1
250807,1
250811,1
250815,1
250819,1
250821,1
250823,1
250831,1
250838,1
250846,1
250856,1
250862,1
250880,1
250896,1
250900,1
250904,1
250906,1
250909,1
250919,1
250921,1
250923,1
250934,1
250943,1
250952,1
250954,1
250957,1
250973,1
250990,1
250998,1
251001,1
251038,1
251053,1
251055,1
251072,1
251088,1
251099,1
251104,1
251111,1
251114,1
251117,1
251120,1
251127,1
251131,1
251143,1
251145,1
251148,1
251157,1
251167,1
251170,1
251174,1
251185,1
251190,2
251192,1
251201,1
251208,1
251222,1
251226,1
251229,1
251239,1
251244,1
251246,1
251258,1
251261,1
251263,1
251265,1
251276,1
251292,1
251300,1
251305,1
251310,1
251316,1
251318,1
251321,1
251350,1
251353,2
251355,1
251358,1
251361,1
251364,1
251370,1
251375,1
251380,1
251394,1
251402,1
251417,1
251424,1
251428,1
251436,1
251439,1
251445,1
251454,1
251456,1
251471,1
251474,1
251484,1
251489,1
251493,1
251498,1
251501,1
251505,1
251512,1
251527,1
251530,1
251544,1
251548,1
251551,1
251566,1
251582,1
251601,1
251608,1
251610,1
251614,1
251624,1
251638,1
251678,1
251682,1
251697,1
251719,1
251726,1
251739,1
251748,1
251754,1
251765,1
251772,1
251777,2
251779,1
251789,1
251792,1
251794,1
251797,1
251802,1
251811,1
251813,1
251819,2
251825,1
251828,1
251833,1
251838,1
251850,1
251853,1
251857,1
251865,1
251868,1
251877,1
251881,1
251893,1
251911,1
251922,1
251926,1
251930,1
251933,1
251937,1
251945,1
251953,1
251961,1
251971,1
251974,1
251978,1
251982,1
251984,1
251986,1
251988,1
251991,1
251993,1
251999,1
252003,1
252010,1
252028,1
252037,1
252057,1
252062,1
252074,1
252077,1
252082,1
252089,1
252094,1
252098,1
252104,1
252114,1
252116,1
252119,1
252122,1
252128,1
252134,1
252138,1
252143,1
252151,1
252153,1
252157,1
252160,1
252172,1
252176,1
252183,1
252197,1
252202,1
252225,1
252229,1
252233,1
252235,1
252251,1
252277,1
252286,1
252292,1
252297,1
252303,1
252339,1
252341,1
252355,1
252361,1
252367,1
252374,1
252386,1
252389,1
252396,1
252405,1
252408,1
252419,1
252425,2
252428,1
252431,1
252438,1
252460,1
252471,1
252477,1
252490,1
252495,1
252501,1
252512,1
252520,1
252523,1
252526,1
252534,1
252539,1
252541,1
252551,1
252556,1
252560,1
252567,1
252574,1
252580,1
252604,1
252650,1
252656,1
252670,1
252674,1
252690,1
252692,1
252722,1
252725,1
252727,1
252729,1
252742,1
252744,1
252748,1
252755,1
252764,1
252771,1
252774,1
252777,1
252786,1
252800,1
252803,1
252813,1
252820,1
252831,1
252836,1
252839,1
252851,1
252854,1
252865,1
252870,1
252873,1
252875,1
252882,1
252913,1
252917,1
252920,1
252937,1
252950,1
252955,1
252962,1
252968,1
252974,1
252986,1
252991,1
252994,1
253016,1
253024,1
253028,1
253033,1
253038,1
253044,1
253048,1
253061,1
253069,1
253081,1
253089,1
253113,1
253129,1
253134,1
253146,1
253148,1
253156,1
253166,1
253172,1
253183,1
253189,1
253200,1
253234,1
253239,1
253247,1
253252,1
253257,1
253259,1
253262,1
253269,2
253274,1
253276,1
253279,1
253292,1
253299,1
253306,1
253308,1
253321,1
253331,1
253338,1
253355,1
253377,1
253388,1
253391,1
253393,1
253395,1
253409,1
253412,1
253423,1
253425,1
253428,1
253431,1
253438,1
253440,1
253444,1
253448,1
253450,1
253465,1
253468,1
253471,1
253486,1
253499,1
253507,1
253509,1
253528,1
253543,1
253559,1
253564,1
253586,1
253602,1
253639,1
253657,1
253670,1
253689,1
253695,1
253697,1
253703,1
253710,1
253715,1
253718,1
253727,1
253746,1
253752,1
253772,1
253790,1
253809,1
253862,1
253881,1
253884,1
253887,1
253889,1
253898,1
253901,1
253908,1
253916,1
253925,1
253930,1
253936,1
253959,1
253963,1
253972,1
253981,1
253991,1
254001,1
254004,1
254011,1
254018,1
254023,1
254039,1
254043,1
254057,1
254067,1
254076,1
254095,1
254108,1
254113,1
254115,1
254118,1
254129,1
254135,1
254145,1
254150,1
254161,1
254163,1
254167,1
254175,1
254187,1
254191,1
254199,1
254207,1
254224,1
254229,1
254231,1
254243,1
254247,1
254265,1
254267,1
254294,1
254297,1
254302,1
254306,1
254313,1
254342,1
254359,1
254361,1
254375,1
254419,1
254428,1
254431,1
254445,1
254458,1
254467,1
254475,1
254477,1
254480,1
254490,1
254495,1
254504,1
254519,1
254531,1
254533,1
254547,1
254563,1
254572,1
254588,1
254590,1
254599,1
254604,1
254608,1
254612,1
254618,1
254625,1
254635,1
254645,1
254647,1
254658,1
254677,1
254684,1
254694,1
254709,1
254714,1
254719,1
254722,1
254727,1
254730,1
254733,1
254736,1
254760,1
254771,1
254807,1
254815,1
254817,1
254824,1
254831,1
254834,1
254840,1
254856,1
254865,1
254868,1
254874,1
254885,1
254889,1
254894,1
254904,1
254909,1
254912,1
254941,1
254946,1
254948,1
254955,1
254962,1
254969,1
254978,1
254981,1
255007,1
255009,1
255016,1
255019,1
255021,1
255029,1
255044,1
255047,1
255052,1
255056,1
255074,1
255086,1
255090,1
255093,1
255095,1
255097,1
255106,1
255108,1
255112,1
255121,1
255123,1
255126,1
255129,1
255140,1
255142,1
255146,1
255159,1
255163,1
255201,1
255230,1
255237,1
255243,1
255250,1
255252,1
255255,1
255263,1
255271,1
255284,1
255287,1
255290,1
255298,1
255305,1
255316,1
255321,1
255335,1
255340,1
255342,1
255352,1
255364,1
255369,1
255376,1
255384,1
255387,1
255395,1
255408,1
255411,1
255422,1
255428,1
255443,1
255483,1
255491,1
255507,1
255520,1
255525,1
255530,1
255533,1
255539,1
255544,1
255550,1
255556,1
255560,1
255570,1
255575,1
255578,1
255585,1
255589,1
255599,1
255611,1
255622,1
255627,1
255631,1
255635,1
255638,1
255647,1
255651,1
255664,1
255666,1
255671,1
255674,1
255683,1
255692,1
255701,1
255705,1
255719,1
255721,1
255747,1
255750,1
255755,1
255762,1
255766,1
255773,1
255785,1
255789,1
255795,1
255798,1
255804,1
255811,1
255817,1
255819,1
255825,1
255830,1
255845,1
255852,1
255854,1
255858,1
255880,1
255900,1
255909,1
255920,1
255925,1
255935,1
255937,1
255939,1
255954,1
255965,1
255974,1
255978,1
256014,1
256033,1
256048,1
256052,1
256059,1
256063,1
256073,1
256109,1
256120,1
256122,1
256127,1
256130,1
256138,1
256146,1
256148,1
256151,1
256165,1
256170,1
256172,1
256174,1
256176,1
256201,1
256204,1
256220,1
256231,1
256240,1
256265,1
256273,1
256282,1
256290,1
256295,1
256303,1
256318,2
256327,1
256331,1
256337,1
256339,1
256366,1
256374,1
256385,1
256395,1
256402,1
256411,1
256418,1
256432,1
256434,1
256456,1
256462,1
256466,1
256469,1
256474,1
256481,1
256484,1
256491,1
256501,1
256531,1
256544,1
256565,1
256576,1
256578,1
256581,1
256594,1
256596,1
256600,1
256621,1
256623,1
256635,1
256645,1
256647,1
256651,1
256654,1
256659,1
256669,1
256679,1
256689,1
256709,1
256714,1
256719,1
256723,1
256725,1
256731,1
256739,1
256745,1
256753,1
256758,1
256762,1
256767,1
256777,1
256787,1
256795,1
256797,1
256804,1
256812,1
256814,1
256830,1
256841,1
256847,1
256855,1
256870,1
256877,1
256880,1
256886,1
256890,1
256892,1
256899,1
256905,1
256911,1
256929,1
256932,2
256939,1
256942,1
256945,1
256952,1
256956,1
256966,1
256975,1
256981,1
256992,1
256996,1
257002,1
257006,1
257024,1
257031,1
257036,1
257043,1
257055,1
257068,1
257070,1
257085,1
257089,1
257113,1
257116,1
257133,1
257152,1
257162,1
257166,1
257173,1
257177,1
257198,1
257202,1
257204,1
257208,1
257213,1
257220,1
257233,1
257235,1
257237,1
257240,1
257248,1
257264,1
257272,1
257274,1
257283,1
257299,1
257305,1
257318,1
257334,1
257338,1
257358,1
257360,1
257367,1
257373,1
257397,1
257404,1
257415,1
257430,1
257436,1
257448,1
257456,1
257465,1
257468,1
257470,1
257480,1
257484,1
257515,1
257519,1
257528,1
257538,1
257545,1
257551,1
257557,1
257561,1
257572,1
257594,1
257596,1
257620,1
257640,1
257642,1
257653,1
257659,1
257662,1
257673,1
257677,1
257682,1
257689,1
257693,1
257702,1
257716,1
257718,1
257720,1
257729,1
257735,1
257737,1
257754,1
257784,1
257804,1
257861,1
257866,1
257880,1
257902,1
257904,1
257913,1
257915,1
257918,1
257921,1
257931,1
257943,1
257960,1
257965,1
257969,1
257980,1
257982,1
257988,1
257994,1
257997,1
258005,1
258019,1
258037,1
258056,1
258070,1
258075,1
258087,1
258105,1
258114,1
258128,1
258136,1
258144,1
258147,1
258155,1
258169,1
258183,1
258185,1
258195,1
258203,1
258218,1
258222,1
258231,1
258244,1
258249,1
258255,1
258261,1
258263,1
258268,1
258271,1
258280,1
258287,1
258297,1
258318,1
258324,1
258330,1
258337,1
258345,1
258347,1
258359,1
258363,1
258365,1
258384,1
258386,1
258394,1
258404,1
258406,1
258415,1
258420,1
258422,1
258425,1
258431,1
258435,1
258439,1
258442,1
258447,1
258461,1
258464,1
258470,1
258487,1
258489,1
258494,1
258498,1
258506,1
258532,1
258546,1
258566,1
258570,1
258584,1
258597,1
258602,1
258617,1
258621,1
258648,1
258660,1
258663,1
258667,1
258670,1
258674,1
258680,1
258684,1
258688,1
258700,1
258705,1
258716,1
258726,1
258735,1
258738,1
258742,1
258753,1
258755,1
258758,1
258761,1
258771,1
258778,1
258784,1
258801,1
258817,1
258828,1
258836,1
258840,1
258845,1
258851,1
258854,1
258857,1
258868,1
258872,1
258876,1
258879,1
258888,1
258890,1
258901,1
258903,1
258907,1
258910,1
258912,1
258915,1
258922,1
258929,1
258934,1
258937,1
258946,1
258948,1
258952,1
258962,1
258964,1
258978,1
258984,1
258987,1
259023,1
259031,1
259036,1
259045,1
259049,1
259066,1
259077,1
259094,1
259103,1
259107,1
259120,1
259135,1
259140,1
259142,1
259145,1
259166,1
259168,1
259171,1
259176,1
259181,1
259184,1
259188,1
259194,1
259197,1
259200,1
259203,1
259209,1
259213,1
259235,1
259266,1
259276,1
259288,1
259306,1
259311,1
259324,1
259326,1
259332,1
259343,1
259345,1
259349,1
259357,1
259364,1
259379,1
259399,1
259409,1
259414,1
259428,1
259431,1
259436,1
259445,1
259457,1
259459,1
259463,1
259467,1
259476,1
259479,1
259493,1
259505,1
259509,1
259520,1
259535,1
259542,1
259551,1
259556,1
259558,1
259570,1
259572,1
259574,1
259588,1
259591,1
259593,1
259612,1
259631,1
259645,1
259648,1
259654,1
259657,1
259667,1
259674,1
259676,1
259684,1
259688,1
259690,1
259693,1
259703,1
259712,1
259723,1
259725,1
259728,1
259736,1
259743,1
259751,1
259760,1
259762,1
259775,1
259777,1
259783,1
259788,1
259795,1
259797,1
259806,1
259810,1
259817,1
259837,1
259856,1
259864,1
259894,1
259901,1
259903,1
259911,1
259915,1
259928,1
259935,1
259947,1
259951,1
259957,1
259961,1
259972,1
259978,1
259980,1
259991,1
259993,1
259996,1
260007,1
260010,1
260016,1
260028,1
260037,1
260046,1
260053,1
260058,1
260064,1
260068,1
260072,1
260077,1
260090,1
260096,1
260098,1
260104,1
260106,1
260110,1
260124,1
260133,1
260139,1
260159,1
260169,1
260188,1
260194,1
260198,1
260202,1
260207,1
260209,1
260220,1
260224,1
260226,1
260229,1
260233,1
260237,1
260242,1
260254,1
260265,1
260273,1
260284,1
260294,1
260301,1
260312,1
260314,1
260320,1
260329,1
260355,1
260369,1
260375,1
260379,1
260389,1
260397,1
260400,1
260402,1
260405,1
260410,1
260412,1
260419,1
260436,1
260444,1
260452,1
260457,1
260466,1
260509,1
260520,1
260523,1
260540,1
260550,1
260557,1
260561,1
260569,1
260578,1
260586,1
260597,1
260603,1
260605,1
260611,1
260628,1
260635,1
260641,1
260650,1
260655,1
260657,1
260668,1
260682,1
260684,1
260692,1
260694,1
260702,1
260704,1
260720,1
260729,1
260731,1
260741,1
260743,1
260750,1
260759,1
260765,1
260768,1
260782,1
260787,1
260796,1
260800,1
260804,1
260807,1
260809,1
260811,1
260819,1
260821,1
260827,1
260833,1
260841,1
260847,1
260852,1
260862,1
260872,1
260880,1
260882,1
260885,1
260897,1
260902,1
260904,1
260910,1
260913,1
260921,1
260925,1
260929,1
260934,1
260940,1
260942,1
260948,1
260952,1
260956,1
260962,1
260967,1
260980,1
260989,1
260995,1
260998,1
261013,1
261017,1
261023,1
261026,1
261045,1
261076,1
261089,2
261094,1
261101,1
261117,1
261135,1
261148,1
261156,1
261173,1
261196,1
261204,1
261207,1
261211,1
261215,1
261221,1
261226,1
261250,1
261253,1
261257,1
261265,1
261280,1
261287,1
261298,1
261303,2
261311,1
261320,1
261329,1
261333,1
261340,1
261344,1
261351,1
261356,1
261372,1
261380,1
261385,1
261388,1
261400,1
261402,1
261407,1
261412,1
261420,1
261434,1
261437,1
261441,1
261444,1
261453,1
261466,1
261475,1
261481,1
261489,1
261498,1
261513,1
261527,1
261529,1
261531,1
261535,1
261537,1
261548,1
261565,1
261567,1
261579,1
261588,1
261591,1
261595,1
261604,1
261607,1
261612,1
261616,1
261632,1
261634,1
261642,1
261646,1
261662,1
261671,1
261680,1
261682,1
261699,1
261715,1
261720,1
261742,1
261756,1
261776,1
261784,1
261794,1
261796,1
261802,1
261805,1
261814,1
261817,1
261820,1
261822,1
261824,1
261833,1
261835,1
261838,1
261842,1
261847,1
261857,1
261862,1
261864,1
261873,1
261876,1
261885,1
261888,1
261900,1
261909,1
261928,1
261934,1
261945,1
261957,1
261971,1
261985,1
262006,1
262020,1
262022,1
262036,1
262051,1
262068,1
262080,1
262087,1
262089,1
262099,1
262117,1
262133,1
262136,1
262146,1
262148,1
262156,1
262158,1
262165,1
262174,1
262176,1
262182,1
262192,1
262201,1
262217,1
262221,1
262232,1
262234,1
262238,1
262244,1
262251,1
262253,1
262255,1
262259,1
262267,1
262272,1
262288,1
262291,1
262293,1
262303,1
262308,1
262310,1
262317,1
262325,1
262327,1
262331,1
262336,1
262342,1
262348,1
262357,1
262363,1
262369,1
262373,1
262388,1
262396,1
262403,1
262421,1
262430,1
262448,1
262460,1
262466,1
262478,1
262496,1
262501,1
262508,1
262519,1
262547,1
262555,1
262559,1
262564,1
262574,1
262580,1
262595,1
262599,1
262610,1
262613,1
262615,1
262618,1
262641,1
262647,1
262651,1
262659,1
262661,1
262670,1
262688,1
262695,1
262701,1
262709,1
262712,1
262716,1
262718,1
262728,1
262737,1
262745,1
262748,1
262751,1
262763,1
262766,1
262780,1
262794,1
262797,1
262799,1
262803,1
262812,1
262815,1
262820,1
262824,1
262844,1
262855,1
262866,1
262868,1
262898,1
262904,1
262915,1
262932,1
262936,1
262939,1
262967,1
262971,1
262975,1
262978,1
262983,1
262986,1
262992,1
263027,1
263037,1
263052,1
263056,1
263092,1
263094,1
263106,1
263108,1
263114,1
263129,1
263132,1
263143,1
263146,1
263151,1
263167,1
263169,1
263182,1
263198,1
263200,1
263202,1
263226,1
263233,1
263242,1
263246,1
263251,1
263261,1
263284,1
263295,1
263300,1
263306,1
263316,1
263319,1
263327,1
263361,1
263372,1
263380,1
263391,1
263398,1
263409,1
263416,2
263435,1
263445,1
263449,1
263456,1
263466,1
263471,1
263473,1
263475,1
263483,1
263491,1
263502,1
263507,1
263518,1
263524,1
263541,1
263567,1
263571,1
263580,1
263583,1
263586,1
263590,1
263592,1
263603,1
263614,1
263617,1
263628,1
263634,1
263638,1
263658,1
263660,1
263674,1
263677,1
263679,1
263685,1
263695,1
263698,1
263703,1
263713,1
263715,1
263719,1
263723,1
263725,1
263736,1
263738,1
263740,1
263765,1
263771,1
263773,1
263777,1
263788,1
263790,1
263792,1
263810,1
263816,1
263826,1
263829,1
263832,1
263848,1
263853,1
263866,1
263901,1
263908,1
263914,1
263925,1
263928,1
263940,1
263943,1
263952,1
263961,1
263963,1
263968,1
263978,1
263981,1
263989,1
263998,1
264000,1
264007,1
264018,1
264022,1
264035,1
264039,1
264043,1
264045,1
264055,1
264058,1
264060,1
264073,1
264150,1
264156,1
264160,1
264187,1
264208,1
264225,1
264236,1
264245,1
264253,1
264268,1
264286,1
264304,1
264322,1
264331,1
264344,1
264360,1
264362,1
264367,1
264374,1
264380,1
264386,1
264389,1
264396,1
264400,1
264420,1
264435,1
264444,1
264455,1
264459,1
264461,1
264476,1
264478,1
264492,1
264495,1
264512,1
264514,1
264518,1
264522,1
264524,1
264539,1
264546,1
264559,1
264570,1
264573,1
264577,1
264580,1
264582,1
264591,1
264599,1
264605,1
264607,1
264664,1
264673,1
264682,1
264690,1
264702,1
264706,1
264711,1
264730,1
264748,1
264761,1
264769,1
264817,1
264838,1
264841,2
264844,1
264859,1
264877,1
264882,1
264890,1
264894,1
264899,1
264902,1
264912,1
264917,1
264926,1
264946,1
264957,1
264968,1
264970,1
265006,1
265008,1
265021,1
265025,1
265035,1
265068,1
265085,2
265090,1
265094,1
265102,1
265106,1
265126,1
265129,1
265135,1
265140,1
265143,1
265146,1
265151,1
265160,1
265165,1
265174,1
265176,1
265180,1
265185,1
265195,1
265198,1
265200,1
265204,1
265216,1
265222,1
265227,1
265242,1
265254,1
265260,1
265274,1
265278,1
265293,1
265295,1
265301,1
265310,1
265312,1
265317,1
265320,1
265331,1
265355,1
265371,1
265402,1
265412,1
265415,1
265433,1
265445,1
265478,1
265482,1
265498,1
265509,1
265525,1
265537,1
265540,1
265561,1
265574,1
265578,1
265584,1
265598,1
265612,1
265615,1
265629,1
265632,1
265635,1
265646,1
265651,1
265654,1
265661,1
265664,1
265671,1
265674,1
265689,2
265692,1
265697,1
265709,1
265714,1
265729,1
265732,1
265748,1
265750,1
265766,1
265769,1
265776,1
265786,1
265794,1
265802,1
265843,1
265846,1
265862,1
265865,1
265867,1
265881,1
265885,1
265889,1
265896,1
265905,1
265908,1
265921,1
265925,1
265928,1
265939,1
265942,1
265950,1
265960,2
265974,1
265976,1
265981,1
265984,1
265997,1
266000,1
266011,1
266016,1
266021,1
266023,1
266025,1
266035,1
266037,1
266040,1
266056,1
266064,1
266070,1
266083,1
266086,1
266110,1
266117,1
266124,1
266129,1
266142,1
266147,1
266163,1
266166,1
266169,1
266173,1
266177,1
266185,1
266187,1
266200,1
266203,1
266206,1
266209,1
266211,1
266223,1
266230,1
266233,1
266243,1
266248,1
266253,1
266263,1
266268,1
266270,1
266285,1
266295,1
266306,1
266316,1
266318,1
266320,1
266322,1
266324,1
266334,1
266337,1
266339,1
266345,1
266347,1
266356,1
266358,1
266362,1
266375,1
266385,1
266392,1
266396,1
266412,1
266417,1
266430,1
266432,1
266434,1
266437,1
266454,1
266459,1
266472,1
266475,1
266498,1
266511,1
266514,1
266546,1
266548,1
266553,1
266564,1
266569,1
266573,1
266586,1
266592,1
266604,1
266609,1
266622,1
266630,1
266632,1
266642,1
266648,1
266660,1
266669,1
266681,1
266685,1
266695,1
266698,1
266701,1
266723,1
266735,1
266738,1
266741,1
266744,1
266756,1
266758,1
266765,1
266775,1
266780,1
266791,1
266794,1
266802,1
266811,1
266818,1
266830,1
266832,1
266834,1
266838,1
266841,1
266852,1
266857,1
266865,1
266869,1
266872,1
266877,1
266886,1
266895,1
266906,1
266912,1
266927,1
266944,1
266949,1
266953,1
266964,1
266970,1
266976,1
266982,1
266985,1
266988,2
266999,1
267003,1
267012,1
267028,1
267058,1
267062,1
267068,1
267095,1
267098,1
267103,1
267121,1
267134,1
267145,1
267155,1
267158,1
267175,1
267177,1
267185,1
267194,1
267218,1
267232,1
267241,1
267243,1
267261,1
267269,1
267272,1
267287,1
267292,1
267312,1
267324,1
267343,1
267346,1
267360,1
267366,1
267369,1
267371,1
267385,1
267390,1
267398,1
267402,1
267427,1
267438,1
267442,1
267444,1
267477,1
267492,1
267497,1
267499,1
267512,1
267520,1
267523,1
267535,1
267537,1
267539,1
267541,1
267544,1
267557,1
267563,1
267570,1
267572,1
267575,1
267580,1
267589,1
267592,1
267594,1
267598,1
267601,1
267609,1
267613,1
267616,1
267618,1
267621,1
267631,1
267633,1
267636,1
267646,1
267651,1
267657,1
267668,1
267670,1
267693,1
267705,1
267707,1
267713,1
267722,1
267726,1
267729,1
267739,1
267742,1
267745,1
267747,1
267749,1
267758,1
267762,1
267764,1
267766,1
267772,1
267798,1
267803,1
267805,1
267819,1
267821,1
267835,1
267837,1
267841,1
267857,1
267859,1
267862,2
267866,1
267874,1
267879,1
267885,1
267897,1
267907,1
267919,1
267921,1
267933,1
267935,1
267937,1
267950,1
267954,1
267958,1
267961,1
267970,1
267972,1
267978,1
267981,1
267990,1
267993,1
268001,1
268009,1
268017,1
268027,1
268031,1
268035,1
268048,1
268050,1
268055,1
268065,1
268067,1
268086,1
268090,1
268102,1
268123,1
268129,1
268143,1
268150,1
268158,1
268163,1
268167,1
268170,1
268180,1
268182,1
268185,1
268187,1
268198,1
268201,1
268216,1
268218,1
268220,1
268228,1
268237,1
268252,1
268256,1
268259,1
268265,1
268268,1
268278,1
268280,1
268285,1
268293,1
268320,1
268336,1
268351,1
268354,1
268367,1
268369,1
268371,1
268373,1
268378,1
268386,1
268390,1
268393,1
268397,1
268407,1
268414,1
268424,1
268428,1
268430,1
268432,1
268434,1
268446,1
268449,1
268452,1
268455,1
268467,1
268482,1
268485,1
268491,1
268513,1
268518,1
268520,1
268525,1
268527,1
268533,1
268539,1
268542,1
268545,1
268547,1
268550,1
268560,1
268563,1
268578,1
268592,1
268595,1
268617,1
268620,1
268622,1
268626,1
268639,1
268642,1
268646,1
268657,1
268672,1
268674,1
268696,1
268698,1
268701,1
268712,1
268716,1
268732,1
268734,1
268747,1
268750,1
268752,1
268756,1
268760,1
268770,1
268785,1
268787,1
268789,1
268792,1
268795,1
268806,1
268809,1
268815,1
268824,1
268827,1
268829,1
268831,1
268843,1
268847,1
268853,1
268856,1
268863,1
268865,1
268867,1
268874,1
268882,1
268885,1
268887,1
268895,1
268905,1
268934,1
268949,1
268957,1
268961,1
268974,1
268980,2
268984,1
268989,1
268999,1
269001,1
269012,1
269024,1
269039,1
269041,1
269044,1
269070,1
269074,1
269076,1
269092,1
269094,1
269111,1
269119,1
269165,1
269169,1
269175,1
269177,1
269186,1
269196,1
269204,1
269207,1
269209,1
269211,1
269213,1
269224,1
269227,1
269229,1
269241,1
269246,2
269266,1
269268,1
269283,1
269286,1
269288,1
269292,1
269300,1
269305,1
269309,1
269311,1
269321,1
269323,1
269335,1
269344,1
269356,1
269360,1
269366,1
269373,1
269377,1
269382,1
269387,1
269397,1
269414,1
269417,1
269422,1
269425,1
269436,1
269451,1
269459,1
269473,1
269492,1
269506,1
269512,1
269529,1
269531,1
269535,1
269538,1
269549,1
269552,1
269554,1
269557,1
269567,1
269570,1
269578,1
269581,1
269584,1
269596,1
269603,1
269605,1
269608,1
269611,1
269624,1
269626,1
269642,1
269644,1
269652,1
269659,1
269662,1
269664,1
269667,1
269671,1
269677,1
269684,1
269699,1
269701,1
269719,1
269735,1
269737,1
269739,1
269744,1
269760,1
269766,1
269776,1
269794,1
269796,1
269799,1
269817,2
269819,1
269822,1
269825,1
269835,1
269837,1
269857,1
269860,1
269874,1
269898,1
269909,1
269911,1
269918,1
269948,1
269981,1
270000,1
270005,1
270012,1
270024,1
270032,1
270037,1
270076,1
270080,1
270090,1
270093,1
270103,1
270113,1
270119,1
270121,1
270136,1
270138,1
270141,1
270153,1
270158,1
270170,1
270173,1
270179,1
270182,1
270196,1
270212,1
270216,2
270272,1
270276,1
270290,1
270306,1
270315,1
270327,1
270329,1
270332,1
270354,1
270360,1
270365,1
270369,2
270377,1
270383,1
270388,2
270390,1
270410,1
270422,1
270424,1
270435,1
270443,1
270446,1
270451,1
270475,1
270480,1
270483,1
270517,1
270524,1
270538,2
270556,1
270558,1
270564,1
270584,1
270596,1
270599,1
270613,1
270627,1
270629,1
270639,1
270646,1
270652,1
270668,1
270673,1
270676,1
270689,1
270692,2
270697,1
270699,1
270709,1
270711,1
270713,1
270726,1
270728,1
270733,1
270745,1
270748,1
270754,1
270765,1
270771,1
270782,1
270784,1
270786,1
270789,1
270803,1
270812,1
270814,1
270828,1
270837,1
270842,1
270846,1
270849,1
270863,1
270871,1
270878,1
270881,1
270885,1
270891,1
270906,1
270913,1
270919,1
270936,1
270943,1
270958,1
270973,1
270976,2
270993,1
270995,1
271009,1
271011,1
271026,1
271030,1
271032,1
271067,1
271085,1
271096,1
271126,1
271145,1
271156,1
271161,1
271166,1
271186,1
271189,1
271202,1
271204,1
271220,1
271237,1
271261,1
271278,1
271283,1
271297,1
271305,1
271319,1
271321,1
271333,1
271336,1
271339,1
271350,1
271371,1
271374,1
271409,1
271428,1
271430,1
271448,1
271451,1
271453,1
271471,1
271483,1
271485,1
271488,1
271496,1
271501,1
271506,1
271520,1
271525,1
271527,1
271531,1
271541,1
271545,1
271551,1
271560,1
271565,1
271582,1
271585,1
271597,1
271602,1
271610,1
271612,1
271619,1
271627,1
271632,1
271636,1
271641,1
271649,1
271661,1
271672,1
271677,1
271695,1
271699,1
271714,1
271716,1
271721,1
271733,1
271736,1
271738,1
271741,1
271752,1
271754,1
271758,1
271760,1
271769,1
271772,1
271774,1
271777,1
271779,1
271789,1
271793,1
271810,1
271813,1
271824,1
271835,1
271847,1
271850,1
271852,1
271871,1
271882,1
271886,1
271894,1
271900,1
271902,1
271912,1
271923,1
271925,1
271931,1
271945,1
271954,1
271959,1
271963,1
271971,1
271983,1
272001,1
272018,1
272021,2
272025,1
272039,1
272044,1
272047,1
272057,1
272059,1
272074,1
272076,1
272088,1
272104,1
272106,1
272114,1
272119,1
272121,1
272131,1
272133,1
272136,1
272138,1
272142,1
272144,1
272153,1
272156,1
272165,1
272171,1
272176,1
272181,1
272188,1
272191,1
272199,1
272201,1
272205,1
272209,1
272211,1
272213,1
272225,1
272228,1
272230,1
272233,1
272238,1
272247,1
272264,1
272266,1
272270,2
272285,1
272288,1
272301,1
272304,1
272310,1
272325,1
272331,1
272347,2
272359,1
272362,1
272370,1
272380,1
272382,1
272387,1
272391,1
272401,2
272405,1
272420,1
272427,1
272436,1
272442,1
272444,1
272454,1
272459,1
272474,1
272487,1
272490,1
272493,1
272495,1
272497,1
272502,1
272504,1
272513,1
272515,1
272535,1
272552,1
272563,1
272570,1
272574,1
272588,1
272591,1
272604,1
272606,1
272612,1
272623,1
272626,1
272629,1
272644,1
272649,1
272663,1
272666,1
272673,1
272677,1
272686,1
272692,2
272702,1
272713,1
272719,1
272728,1
272730,1
272741,1
272753,1
272755,1
272757,1
272764,1
272767,1
272795,1
272797,1
272803,1
272821,1
272834,1
272837,1
272841,1
272844,1
272855,1
272857,1
272862,1
272869,1
272874,1
272879,1
272909,1
272929,1
272935,1
272938,1
272951,1
272969,1
272971,1
272985,1
272987,1
272993,1
272996,1
273004,1
273007,1
273029,1
273035,1
273048,1
273051,1
273063,1
273069,2
273073,1
273083,1
273086,1
273091,1
273104,1
273110,1
273121,1
273123,1
273127,1
273132,1
273140,1
273142,1
273145,1
273147,1
273158,1
273161,1
273166,1
273174,1
273177,1
273179,1
273182,1
273184,1
273203,1
273213,1
273215,1
273234,1
273237,1
273251,1
273254,1
273258,1
273264,1
273272,1
273274,1
273276,1
273279,1
273290,1
273294,1
273296,1
273301,1
273322,1
273329,1
273332,1
273344,1
273347,1
273350,1
273355,1
273368,1
273370,1
273385,1
273387,1
273403,1
273407,1
273423,1
273428,1
273442,1
273444,1
273460,1
273462,1
273480,1
273484,1
273499,1
273501,1
273503,1
273505,1
273521,2
273529,1
273531,1
273539,1
273542,1
273565,1
273569,1
273573,1
273578,1
273580,1
273583,1
273594,1
273596,1
273606,1
273610,1
273620,1
273623,1
273652,1
273656,1
273678,1
273687,1
273697,1
273709,1
273711,1
273715,1
273728,1
273730,1
273750,1
273757,1
273766,1
273768,1
273771,1
273777,1
273786,1
273802,1
273806,1
273810,1
273826,1
273839,1
273843,2
273845,1
273849,1
273851,1
273862,1
273864,1
273866,1
273871,1
273880,1
273886,1
273895,1
273898,1
273901,1
273909,1
273911,1
273924,1
273932,1
273937,1
273941,1
273949,1
273959,1
273977,2
273980,1
273994,1
274000,1
274012,1
274014,1
274016,1
274018,1
274023,1
274033,1
274039,1
274051,1
274054,1
274068,1
274079,1
274089,1
274104,1
274112,1
274114,1
274127,1
274130,1
274136,1
274144,1
274146,1
274160,1
274165,1
274167,1
274171,1
274182,1
274187,1
274190,1
274202,1
274204,1
274220,1
274233,1
274237,1
274241,1
274260,1
274265,2
274268,1
274281,1
274285,1
274287,1
274293,1
274297,1
274301,1
274305,1
274312,1
274319,1
274327,1
274330,1
274336,1
274338,1
274345,1
274353,1
274356,1
274360,1
274376,2
274378,1
274392,1
274394,1
274396,1
274401,1
274411,1
274413,1
274415,1
274418,1
274430,1
274432,1
274435,1
274446,1
274454,1
274458,1
274460,1
274469,1
274472,1
274474,1
274482,1
274489,2
274491,1
274506,1
274508,1
274510,1
274518,1
274524,1
274527,1
274532,1
274541,1
274547,1
274557,1
274584,1
274616,1
274623,1
274625,1
274629,1
274631,1
274634,1
274643,1
274650,1
274654,1
274662,1
274669,1
274676,1
274685,1
274700,1
274705,1
274710,1
274713,1
274717,1
274719,1
274724,1
274732,1
274734,1
274737,1
274752,1
274755,1
274759,1
274773,1
274788,1
274791,1
274795,1
274814,1
274819,1
274830,1
274833,1
274847,1
274849,1
274851,1
274853,1
274862,1
274869,1
274873,1
274884,1
274886,1
274888,1
274890,1
274893,1
274906,1
274921,1
274928,1
274936,1
274942,1
274945,1
274952,1
274961,1
274964,1
274976,1
274979,1
274983,1
274986,1
274989,1
275003,1
275016,1
275019,1
275023,1
275030,1
275034,1
275039,1
275041,1
275053,1
275056,1
275064,1
275066,1
275074,1
275077,1
275079,1
275089,1
275123,1
275133,1
275135,1
275155,1
275162,1
275167,1
275173,2
275178,1
275190,1
275192,1
275197,1
275207,1
275211,1
275214,1
275221,1
275228,1
275231,1
275247,1
275252,1
275264,1
275266,1
275282,1
275284,1
275292,1
275299,1
275304,1
275311,1
275315,1
275324,1
275326,1
275330,1
275341,1
275357,1
275360,1
275363,1
275365,1
275375,1
275381,1
275386,1
275398,1
275401,1
275405,1
275420,1
275427,1
275438,1
275441,1
275444,1
275446,1
275448,1
275450,1
275453,1
275461,2
275465,1
275471,1
275476,1
275480,1
275483,1
275485,1
275489,1
275501,1
275505,1
275512,1
275514,1
275520,1
275532,1
275534,1
275545,1
275551,1
275553,1
275559,1
275567,1
275570,1
275572,1
275574,1
275578,1
275589,1
275602,1
275607,1
275611,1
275614,1
275638,1
275643,1
275646,1
275652,1
275663,1
275666,1
275682,1
275684,1
275704,2
275710,1
275722,1
275739,1
275744,1
275759,1
275761,1
275779,1
275797,1
275815,1
275827,1
275835,1
275840,1
275843,1
275856,1
275872,1
275888,1
275896,2
275905,1
275910,1
275914,1
275921,1
275932,1
275954,1
275957,1
275969,1
275984,1
275991,1
275996,1
276021,1
276025,1
276034,1
276045,1
276052,1
276060,1
276065,1
276075,1
276097,1
276104,1
276107,1
276110,1
276112,1
276117,1
276121,1
276124,1
276126,1
276139,1
276143,1
276154,1
276159,1
276161,1
276164,1
276179,2
276184,1
276197,1
276210,1
276215,1
276220,1
276230,1
276232,1
276238,1
276242,1
276245,1
276249,1
276256,1
276258,1
276268,1
276274,1
276289,1
276292,1
276295,1
276300,1
276312,1
276323,1
276329,1
276347,1
276350,1
276352,1
276370,1
276380,1
276387,1
276420,1
276424,1
276429,1
276443,1
276446,1
276459,1
276462,1
276481,1
276484,1
276494,1
276507,1
276517,1
276530,1
276538,1
276541,1
276547,1
276576,1
276594,1
276613,1
276616,1
276634,1
276636,1
276644,1
276654,2
276657,1
276660,1
276670,1
276673,1
276676,1
276678,1
276691,1
276703,1
276708,1
276720,1
276723,1
276731,1
276744,1
276748,1
276755,1
276761,1
276772,1
276780,1
276782,1
276788,1
276791,1
276798,1
276804,1
276806,1
276809,2
276841,1
276843,1
276861,1
276879,1
276883,1
276885,1
276901,1
276917,1
276920,1
276934,1
276941,1
276943,1
276949,1
276953,1
276966,1
276976,1
276993,1
277008,1
277014,1
277026,1
277033,1
277041,1
277064,1
277081,1
277096,1
277109,1
277127,1
277140,1
277159,1
277168,1
277173,1
277178,1
277186,1
277188,1
277203,1
277219,1
277239,1
277244,2
277257,1
277263,1
277279,1
277298,1
277305,1
277311,1
277320,1
277326,1
277340,1
277351,1
277353,1
277360,1
277363,1
277373,1
277375,1
277378,1
277384,1
277397,1
277410,1
277414,1
277434,1
277443,1
277445,1
277451,1
277453,1
277455,1
277458,1
277471,1
277485,1
277488,1
277491,1
277508,1
277522,1
277535,1
277542,1
277548,2
277557,1
277561,1
277568,1
277570,1
277585,1
277589,1
277593,1
277597,1
277605,1
277612,1
277623,2
277633,1
277635,1
277639,1
277643,1
277649,1
277658,1
277662,2
277667,1
277679,1
277681,1
277691,1
277699,1
277712,1
277714,1
277717,1
277719,1
277735,1
277749,1
277763,1
277769,1
277771,1
277777,1
277781,1
277789,1
277803,1
277805,1
277811,1
277814,1
277839,1
277850,1
277876,1
277888,1
277917,1
277926,1
277933,1
277937,1
277946,1
277950,1
277954,1
277964,1
277966,1
277982,1
278004,1
278017,1
278022,1
278040,1
278052,1
278059,1
278065,1
278077,1
278079,1
278096,1
278115,1
278118,1
278134,1
278138,2
278145,1
278156,1
278172,1
278174,1
278189,1
278193,1
278197,1
278205,1
278211,1
278214,2
278257,1
278264,1
278269,1
278284,1
278288,1
278309,1
278311,1
278327,2
278331,1
278340,1
278346,1
278355,1
278362,1
278364,1
278377,1
278381,1
278384,1
278411,1
278413,1
278420,1
278422,1
278441,1
278453,1
278456,1
278460,1
278482,1
278491,1
278496,1
278498,1
278511,1
278516,2
278534,1
278549,1
278553,1
278561,1
278572,1
278574,1
278596,1
278626,1
278628,1
278651,1
278657,1
278667,1
278669,1
278702,1
278720,1
278724,1
278741,1
278743,1
278747,1
278759,1
278763,1
278776,1
278781,1
278798,1
278800,1
278803,1
278806,1
278814,1
278818,1
278822,1
278825,1
278829,1
278832,1
278838,1
278842,1
278845,1
278848,1
278852,1
278860,2
278870,1
278876,1
278879,1
278885,1
278895,1
278916,1
278918,1
278920,1
278932,1
278935,1
278937,1
278946,1
278953,1
278955,1
278957,1
278974,1
278983,1
279009,1
279043,1
279051,1
279057,1
279068,1
279083,1
279085,1
279101,1
279122,1
279138,1
279140,1
279147,1
279161,1
279166,1
279171,1
279175,1
279181,1
279183,1
279192,1
279199,1
279207,1
279210,1
279235,1
279237,1
279248,1
279251,1
279256,1
279258,1
279260,1
279276,1
279291,1
279293,1
279318,1
279329,1
279332,1
279336,1
279351,1
279363,1
279367,1
279372,1
279375,1
279384,1
279389,1
279391,1
279409,1
279425,1
279429,2
279444,1
279446,1
279452,1
279459,1
279461,1
279470,1
279473,1
279475,1
279482,1
279486,1
279499,1
279501,1
279512,1
279556,1
279578,1
279584,1
279599,1
279617,2
279633,1
279635,1
279637,1
279646,1
279653,1
279656,1
279669,1
279674,1
279677,1
279688,1
279708,1
279713,2
279727,1
279731,1
279733,1
279748,1
279751,2
279789,1
279803,1
279807,1
279810,1
279812,1
279826,1
279844,1
279861,1
279866,1
279884,1
279903,1
279917,1
279921,1
279938,1
279941,1
279946,1
279951,1
279960,1
279982,1
280016,2
280027,1
280037,1
280053,1
280066,1
280070,1
280074,1
280099,1
280106,1
280109,1
280111,1
280113,1
280115,1
280125,1
280131,1
280146,1
280148,1
280150,1
280185,1
280187,1
280200,1
280205,1
280218,1
280221,1
280243,1
280250,1
280262,1
280264,1
280267,1
280269,1
280282,1
280285,2
280300,1
280325,1
280335,1
280356,1
280409,1
280414,1
280417,1
280422,1
280431,1
280444,1
280449,1
280452,1
280454,1
280463,1
280468,1
280471,1
280473,1
280475,1
280490,1
280494,1
280505,1
280509,1
280512,1
280515,1
280529,1
280541,1
280543,1
280548,1
280551,1
280554,1
280557,1
280568,1
280581,1
280588,1
280598,1
280601,1
280607,1
280617,1
280623,1
280633,1
280637,1
280644,1
280659,1
280662,1
280692,1
280700,1
280711,1
280718,1
280736,1
280738,1
280745,1
280774,1
280788,1
280794,1
280807,1
280811,1
280814,1
280817,1
280830,1
280833,1
280850,1
280859,1
280877,1
280889,1
280892,1
280905,1
280909,1
280912,1
280922,1
280929,1
280932,1
280934,1
280946,1
280949,1
280962,1
280965,1
280968,2
280979,1
280985,1
281003,1
281023,1
281029,1
281041,1
281045,1
281056,1
281061,1
281063,1
281074,1
281079,1
281094,1
281104,1
281116,1
281118,1
281120,1
281128,1
281151,1
281154,1
281168,1
281174,1
281176,1
281192,1
281208,1
281211,1
281216,1
281218,1
281231,1
281234,1
281247,1
281255,1
281269,1
281273,1
281284,1
281289,1
281292,1
281307,1
281312,1
281342,1
281345,1
281362,1
281365,1
281383,1
281400,1
281420,1
281422,1
281433,1
281439,1
281441,1
281449,1
281460,1
281474,1
281476,1
281482,1
281489,1
281512,1
281516,1
281522,1
281526,1
281536,1
281538,1
281550,1
281554,1
281556,1
281560,1
281571,1
281573,1
281575,1
281590,1
281593,1
281629,1
281632,1
281637,1
281641,1
281651,1
281654,1
281669,1
281672,1
281698,1
281703,1
281708,2
281720,1
281725,1
281727,1
281729,1
281733,1
281746,1
281750,1
281763,1
281778,1
281780,1
281782,1
281784,1
281787,1
281803,2
281819,1
281822,1
281839,1
281857,1
281873,1
281880,2
281890,1
281894,1
281912,1
281914,1
281917,1
281927,1
281952,1
281954,1
281975,1
281985,1
281992,1
281994,1
282010,1
282046,1
282048,1
282054,1
282067,1
282079,1
282084,1
282088,1
282099,2
282107,1
282111,1
282126,1
282141,1
282143,1
282145,1
282157,1
282161,1
282163,1
282165,1
282167,1
282171,1
282182,1
282195,1
282197,1
282199,1
282203,1
282217,1
282220,1
282237,1
282241,1
282255,1
282257,1
282259,1
282261,1
282276,1
282290,1
282292,1
282297,1
282311,1
282315,1
282333,1
282348,1
282351,1
282357,1
282367,1
282372,1
282374,1
282385,1
282389,1
282391,1
282393,1
282402,1
282411,2
282428,1
282447,1
282452,1
282462,1
282465,1
282468,1
282509,1
282531,1
282541,1
282544,1
282549,1
282559,1
282561,1
282564,1
282578,1
282581,1
282596,1
282598,1
282600,1
282608,1
282619,1
282633,1
282635,1
282637,1
282639,1
282646,1
282657,1
282675,1
282693,1
282710,1
282714,1
282728,1
282732,1
282747,1
282751,1
282766,1
282788,1
282792,1
282810,1
282813,1
282825,1
282853,1
282863,1
282865,1
282867,1
282869,1
282883,1
282924,1
282931,1
282941,1
282973,1
282979,1
282982,1
282988,1
283000,1
283017,2
283035,1
283038,1
283054,1
283073,1
283078,1
283093,1
283096,1
283109,1
283112,1
283114,1
283116,1
283124,1
283133,2
283153,1
283164,1
283168,1
283172,1
283187,1
283190,1
283200,1
283208,1
283222,1
283226,1
283246,1
283263,1
283279,1
283287,1
283301,1
283304,2
283306,1
283320,1
283335,1
283340,1
283353,1
283356,1
283360,1
283390,1
283415,1
283419,1
283435,1
283437,1
283455,1
283459,1
283472,1
283474,1
283477,1
283487,1
283494,2
283510,1
283514,1
283528,1
283531,1
283534,1
283541,1
283548,1
283551,1
283556,1
283567,1
283578,1
283582,1
283584,1
283587,1
283591,1
283604,1
283617,1
283621,1
283626,1
283636,1
283645,1
283653,1
283664,1
283697,1
283701,1
283723,1
283739,1
283767,1
283796,1
283800,1
283815,1
283834,1
283837,1
283851,1
283857,1
283872,1
283887,1
283889,1
283892,1
283896,1
283928,1
283931,1
283937,1
283940,1
283953,1
283970,1
283986,1
283990,1
284001,1
284006,1
284009,1
284042,1
284063,1
284065,1
284082,1
284097,1
284101,2
284104,1
284120,1
284137,1
284151,1
284154,1
284158,1
284175,1
284177,1
284194,1
284212,1
284214,1
284218,1
284229,1
284232,1
284236,1
284239,1
284250,1
284252,1
284254,1
284258,1
284268,1
284272,1
284277,1
284285,1
284290,1
284292,1
284304,1
284307,1
284320,1
284328,1
284330,1
284333,1
284347,1
284363,1
284366,1
284392,1
284404,1
284421,1
284424,1
284439,1
284441,1
284443,1
284457,1
284462,1
284465,1
284475,1
284479,1
284482,1
284494,1
284515,1
284517,1
284519,1
284536,1
284555,1
284557,1
284561,1
284576,1
284581,1
284593,1
284595,1
284598,2
284600,1
284631,1
284637,1
284648,1
284652,1
284667,1
284670,1
284686,1
284693,2
284706,1
284741,1
284755,1
284765,1
284778,1
284785,1
284791,1
284803,1
284822,1
284840,1
284856,1
284860,1
284875,1
284878,1
284880,1
284882,1
284893,1
284915,1
284917,1
284919,1
284931,1
284933,1
284936,1
284938,1
284940,1
284942,1
284954,1
284957,1
284973,1
284977,1
284989,1
284993,1
284995,1
284997,1
285009,1
285013,1
285029,1
285031,1
285046,1
285050,1
285066,1
285069,1
285090,1
285120,1
285125,1
285127,1
285129,1
285131,1
285145,1
285148,2
285168,1
285183,1
285186,1
285193,1
285195,1
285202,1
285206,1
285220,1
285235,1
285242,1
285256,1
285259,1
285263,1
285291,1
285297,1
285316,1
285334,1
285337,1
285352,1
285355,1
285369,1
285373,1
285386,1
285388,1
285395,1
285406,1
285408,1
285414,1
285428,1
285441,1
285458,1
285467,1
285470,1
285480,1
285488,1
285504,1
285507,1
285542,1
285544,1
285548,1
285561,1
285564,1
285566,1
285581,1
285583,1
285597,1
285602,2
285618,1
285620,1
285623,1
285634,1
285642,1
285645,1
285653,1
285656,1
285659,1
285662,2
285668,1
285680,1
285695,1
285699,1
285712,1
285716,1
285719,2
285729,1
285734,1
285736,1
285751,1
285753,1
285766,1
285769,1
285773,1
285776,2
285790,1
285792,1
285802,1
285808,1
285818,1
285825,1
285831,1
285833,1
285846,1
285849,1
285862,1
285865,1
285867,1
285880,1
285886,1
285898,1
285901,1
285910,1
285915,1
285926,1
285936,1
285940,1
285944,1
285958,1
285981,1
285997,1
285999,1
286004,1
286019,1
286032,1
286037,1
286039,1
286046,1
286056,1
286058,1
286071,1
286074,1
286078,1
286080,1
286087,1
286096,1
286114,1
286152,1
286172,1
286188,1
286190,1
286243,1
286245,1
286249,1
286252,1
286262,1
286267,1
286280,1
286295,1
286304,1
286319,1
286323,1
286337,1
286341,1
286343,1
286345,1
286358,1
286360,1
286363,1
286381,1
286385,1
286395,1
286400,1
286416,1
286437,1
286467,1
286473,1
286476,1
286509,1
286511,1
286513,1
286515,1
286532,1
286554,2
286606,1
286611,1
286621,1
286624,1
286631,1
286633,1
286644,1
286647,1
286652,1
286665,1
286684,1
286688,1
286698,1
286722,1
286735,1
286740,1
286742,1
286756,1
286758,1
286760,1
286762,1
286764,1
286768,1
286778,1
286798,1
286811,1
286817,1
286819,1
286821,1
286836,1
286842,1
286862,1
286874,1
286881,1
286903,1
286913,1
286926,1
286928,1
286931,1
286933,1
286939,1
286951,1
286971,1
286990,1
287005,1
287025,1
287030,1
287042,1
287047,1
287053,1
287064,1
287066,1
287076,1
287082,1
287084,1
287087,1
287089,1
287101,1
287105,1
287117,1
287137,1
287158,1
287160,1
287170,1
287177,1
287181,2
287195,1
287198,1
287215,1
287233,1
287238,1
287255,1
287289,1
287291,1
287293,1
287317,1
287325,1
287329,1
287334,1
287348,1
287351,1
287364,1
287367,1
287370,1
287381,1
287387,1
287390,1
287403,1
287406,1
287408,1
287425,1
287439,1
287441,1
287443,1
287454,1
287462,1
287465,1
287476,1
287479,1
287484,1
287507,1
287515,1
287517,1
287520,1
287523,1
287525,1
287528,1
287540,1
287562,1
287568,1
287579,1
287584,1
287595,1
287598,1
287612,1
287615,1
287617,1
287622,1
287632,1
287635,1
287641,1
287651,1
287655,1
287668,1
287671,1
287673,1
287680,1
287682,1
287689,1
287698,1
287703,1
287707,1
287711,1
287714,1
287729,1
287735,1
287749,1
287786,1
287802,1
287804,1
287809,1
287815,1
287824,1
287826,1
287838,1
287840,1
287845,1
287858,1
287861,1
287864,1
287874,1
287883,1
287904,1
287936,1
287939,1
287952,1
287955,1
287959,1
287988,1
288010,1
288015,1
288025,1
288029,1
288031,1
288034,1
288040,1
288050,1
288054,1
288066,1
288076,1
288086,1
288092,1
288104,1
288110,1
288122,1
288124,1
288126,1
288132,1
288162,1
288167,1
288172,1
288183,1
288185,1
288187,1
288190,2
288193,1
288204,1
288222,1
288237,1
288239,1
288258,1
288267,1
288281,1
288293,1
288298,1
288320,1
288338,1
288346,1
288350,1
288357,1
288360,1
288363,1
288371,1
288377,1
288382,1
288393,1
288395,1
288397,1
288402,1
288432,1
288451,1
288465,1
288468,1
288472,1
288484,1
288489,1
288492,1
288496,1
288502,1
288505,1
288509,1
288512,1
288534,1
288537,1
288548,1
288560,1
288563,1
288571,1
288585,1
288587,1
288596,1
288599,1
288621,1
288623,1
288642,1
288646,1
288656,1
288660,1
288663,1
288665,1
288676,1
288680,1
288700,1
288728,1
288737,1
288741,1
288755,1
288757,1
288769,1
288773,1
288776,1
288788,1
288792,1
288794,1
288797,1
288801,1
288809,1
288811,1
288815,1
288818,1
288829,1
288833,1
288835,1
288838,1
288844,1
288851,1
288853,1
288856,2
288866,1
288869,1
288886,1
288888,1
288890,1
288892,1
288895,1
288907,1
288910,1
288925,1
288927,1
288940,1
288943,1
288945,1
288950,2
288962,1
288966,1
288969,1
288982,1
288985,1
288987,1
289015,1
289023,1
289027,1
289040,1
289056,1
289071,1
289076,1
289078,1
289082,1
289108,1
289114,1
289116,1
289119,1
289129,1
289138,1
289148,1
289153,1
289163,1
289165,1
289173,1
289177,1
289212,1
289216,1
289231,1
289246,1
289266,1
289270,1
289306,1
289321,1
289330,1
289341,1
289345,1
289347,1
289349,1
289351,1
289363,1
289366,1
289379,1
289382,1
289384,1
289398,1
289401,1
289404,1
289422,1
289431,1
289436,1
289439,1
289442,1
289446,1
289448,1
289458,1
289462,1
289484,1
289493,1
289495,1
289499,1
289517,1
289520,1
289529,1
289532,1
289536,1
289541,1
289551,1
289570,1
289575,1
289578,1
289596,1
289613,1
289615,1
289630,1
289632,1
289634,1
289647,1
289652,1
289667,1
289682,1
289684,1
289689,1
289740,1
289743,1
289745,1
289751,1
289758,1
289760,1
289766,1
289768,1
289771,1
289777,1
289781,1
289796,1
289816,1
289818,1
289822,1
289841,1
289848,1
289854,1
289860,1
289862,1
289876,1
289878,1
289899,1
289906,1
289912,1
289917,1
289920,1
289933,1
289935,1
289943,1
289946,1
289950,1
289952,1
289957,1
289971,1
289986,1
289992,1
289995,1
290003,1
290007,1
290011,1
290022,1
290025,1
290028,1
290030,1
290032,1
290035,1
290048,1
290062,1
290065,1
290067,1
290077,1
290082,1
290084,1
290087,1
290090,1
290093,1
290110,1
290122,1
290124,1
290128,1
290140,1
290153,1
290178,1
290182,1
290186,1
290202,1
290213,1
290215,1
290218,1
290229,1
290232,1
290240,1
290244,1
290271,1
290292,1
290296,1
290300,1
290310,1
290314,1
290318,1
290332,1
290335,1
290351,1
290356,1
290365,1
290369,1
290371,1
290375,1
290404,1
290415,1
290429,1
290432,1
290448,1
290456,1
290458,1
290462,1
290464,1
290469,1
290476,1
290484,1
290487,1
290492,2
290501,1
290504,1
290508,1
290525,1
290538,1
290547,1
290552,1
290559,1
290561,1
290565,1
290577,1
290580,1
290582,1
290614,1
290617,1
290620,1
290623,1
290630,1
290638,1
290653,1
290655,1
290671,1
290690,1
290704,1
290708,1
290716,1
290719,1
290724,1
290765,1
290767,1
290772,1
290776,1
290784,1
290792,1
290798,1
290808,1
290811,1
290813,1
290828,1
290843,1
290845,1
290862,1
290864,1
290870,1
290883,1
290893,1
290900,1
290916,1
290921,1
290925,1
290942,1
290960,1
290963,1
290966,1
290968,1
290979,1
290981,1
291014,1
291017,1
291032,1
291034,1
291038,1
291041,1
291053,1
291057,1
291061,1
291083,1
291099,1
291109,1
291127,1
291132,1
291143,1
291164,1
291169,1
291172,1
291176,1
291183,1
291186,1
291189,1
291193,1
291205,1
291223,1
291231,1
291234,1
291240,1
291250,1
291265,1
291274,1
291284,1
291296,1
291301,1
291305,1
291309,1
291318,1
291322,1
291325,1
291335,1
291339,1
291341,1
291356,1
291362,1
291374,1
291380,1
291383,1
291398,1
291400,1
291413,1
291416,1
291440,1
291451,1
291458,1
291465,1
291472,1
291474,1
291476,1
291478,1
291484,1
291490,1
291493,1
291497,1
291505,1
291509,1
291515,1
291522,1
291527,1
291533,1
291545,1
291552,1
291571,1
291576,1
291584,1
291590,1
291607,1
291634,1
291645,1
291659,1
291664,1
291677,1
291679,1
291684,1
291688,1
291701,1
291704,1
291712,1
291717,1
291719,1
291742,1
291752,1
291758,1
291761,1
291777,1
291782,1
291786,1
291793,1
291814,1
291828,1
291835,1
291849,1
291853,1
291863,1
291868,1
291871,1
291887,1
291890,1
291899,1
291916,1
291927,1
291929,1
291935,1
291944,1
291963,1
291970,1
291977,1
291979,1
291984,1
291987,1
291989,1
291994,1
292003,1
292008,1
292022,1
292027,1
292029,1
292040,1
292044,1
292073,1
292079,1
292083,1
292085,1
292093,1
292097,1
292099,1
292101,1
292106,1
292116,1
292121,1
292123,1
292126,1
292129,1
292137,1
292141,1
292153,1
292156,1
292161,1
292164,1
292173,1
292180,1
292209,1
292218,1
292220,1
292222,1
292235,1
292237,1
292239,1
292243,1
292247,1
292253,1
292256,1
292267,1
292272,1
292277,1
292282,1
292293,1
292304,1
292307,1
292314,1
292316,1
292320,1
292330,1
292346,1
292350,1
292358,1
292360,1
292369,1
292383,1
292385,1
292388,1
292393,1
292399,1
292403,1
292407,1
292420,1
292423,1
292437,1
292444,1
292446,1
292459,1
292464,1
292469,1
292473,1
292479,1
292483,1
292485,1
292487,1
292495,1
292498,1
292540,1
292558,1
292561,1
292563,1
292572,1
292582,1
292593,1
292595,1
292602,1
292612,1
292628,1
292634,1
292636,1
292642,1
292654,1
292668,1
292670,1
292673,1
292700,1
292706,1
292711,1
292721,1
292725,1
292728,1
292730,1
292737,1
292743,1
292750,1
292752,1
292755,1
292764,1
292767,1
292769,1
292780,1
292783,1
292786,1
292790,1
292803,1
292819,1
292824,1
292826,1
292837,1
292842,1
292846,1
292849,1
292857,1
292859,1
292864,1
292885,1
292889,1
292895,1
292914,1
292919,1
292921,1
292924,1
292935,1
292937,1
292941,1
292958,1
292973,1
292977,1
292981,1
292990,1
292995,1
292999,1
293003,1
293010,1
293013,1
293020,1
293026,1
293051,1
293053,1
293057,1
293064,1
293066,1
293068,1
293078,1
293089,1
293092,1
293103,1
293109,1
293112,1
293121,1
293124,1
293128,1
293131,1
293134,1
293139,1
293144,1
293148,1
293160,1
293162,1
293170,1
293179,1
293185,1
293201,1
293209,1
293215,1
293221,1
293223,1
293239,1
293243,1
293246,1
293251,1
293256,1
293261,1
293263,1
293272,1
293277,1
293280,1
293284,1
293287,1
293290,1
293300,1
293302,1
293313,1
293317,1
293320,1
293330,1
293340,1
293344,1
293376,1
293386,1
293393,1
293397,1
293399,1
293412,1
293419,1
293431,1
293438,1
293443,1
293450,1
293456,1
293467,1
293470,1
293472,1
293478,1
293485,1
293490,1
293493,1
293504,1
293510,1
293518,1
293520,1
293525,1
293542,1
293548,1
293559,1
293561,1
293566,1
293580,1
293582,1
293587,1
293601,1
293606,1
293609,1
293615,1
293623,1
293627,1
293640,1
293642,1
293646,1
293657,1
293671,1
293681,1
293683,1
293686,1
293702,1
293712,1
293717,1
293729,1
293740,1
293755,1
293771,1
293773,1
293776,1
293791,1
293793,1
293805,1
293808,1
293815,1
293817,1
293831,1
293833,1
293843,1
293850,1
293854,1
293862,1
293864,1
293868,1
293871,1
293875,1
293879,1
293885,1
293900,1
293903,1
293905,1
293910,1
293913,1
293918,1
293931,1
293937,1
293945,1
293949,1
293960,1
293981,1
293991,1
293994,1
293999,1
294001,1
294018,1
294022,1
294031,1
294038,1
294044,1
294053,1
294056,1
294058,1
294061,1
294079,1
294093,1
294097,1
294101,1
294118,1
294130,1
294132,1
294139,1
294148,1
294151,1
294156,1
294160,1
294170,1
294175,1
294188,1
294190,1
294192,1
294209,1
294215,1
294230,1
294233,1
294246,1
294248,1
294251,1
294257,1
294263,1
294265,1
294268,1
294270,1
294284,1
294294,1
294298,1
294300,1
294304,1
294311,1
294322,1
294329,1
294340,1
294367,1
294374,1
294377,1
294382,1
294399,1
294416,1
294424,1
294427,1
294457,1
294461,1
294476,1
294480,1
294483,1
294507,1
294515,1
294518,1
294533,1
294554,1
294570,1
294580,1
294583,1
294593,1
294597,1
294609,1
294614,1
294625,1
294630,1
294633,1
294641,1
294644,1
294647,1
294650,1
294656,1
294663,1
294668,1
294671,1
294677,1
294683,1
294688,2
294692,1
294695,1
294698,1
294705,1
294707,1
294721,1
294728,1
294731,1
294745,1
294747,1
294762,1
294776,1
294779,1
294784,1
294789,1
294796,1
294798,1
294806,1
294814,1
294822,1
294825,1
294830,1
294839,1
294853,1
294857,1
294859,1
294868,1
294877,1
294881,1
294898,1
294901,1
294906,1
294910,1
294913,1
294945,1
294953,1
294969,1
294973,1
294981,1
294984,1
295005,1
295007,1
295009,1
295017,1
295023,1
295025,1
295042,1
295049,1
295063,1
295068,1
295072,1
295082,1
295096,1
295100,1
295124,1
295141,1
295155,1
295159,1
295161,1
295164,1
295178,1
295180,1
295183,1
295196,1
295200,1
295202,1
295214,1
295216,1
295219,1
295222,1
295230,1
295234,1
295238,1
295247,1
295252,1
295257,1
295262,1
295274,1
295278,1
295280,1
295296,1
295298,1
295302,1
295310,1
295314,1
295317,1
295347,1
295351,1
295354,1
295356,1
295367,1
295371,1
295383,1
295386,1
295389,1
295393,1
295401,1
295411,1
295426,1
295435,1
295441,1
295445,1
295456,1
295467,1
295475,1
295480,1
295486,1
295498,1
295501,1
295519,1
295521,1
295525,1
295541,1
295563,1
295565,1
295577,1
295581,1
295583,1
295606,1
295611,1
295614,1
295631,1
295635,1
295655,1
295657,1
295672,1
295674,1
295689,1
295691,1
295694,1
295696,1
295710,1
295717,1
295725,1
295730,1
295736,1
295750,1
295753,1
295764,1
295769,1
295771,1
295788,1
295793,1
295799,1
295807,1
295811,1
295826,1
295830,1
295842,1
295844,1
295850,1
295857,1
295866,1
295893,1
295897,1
295900,1
295906,1
295917,1
295920,1
295933,1
295942,1
295945,1
295954,1
295958,1
295962,2
295966,1
295974,1
295978,1
295980,1
295985,1
295999,1
296002,1
296012,1
296019,1
296026,1
296038,1
296053,1
296069,1
296089,1
296094,1
296115,1
296125,1
296127,1
296129,1
296135,1
296150,1
296164,1
296168,1
296172,2
296174,1
296176,1
296187,1
296202,1
296210,1
296221,1
296225,1
296228,1
296241,1
296251,1
296260,1
296262,1
296278,1
296286,1
296305,1
296309,1
296319,1
296336,1
296338,1
296341,1
296352,1
296355,1
296357,1
296366,1
296371,1
296379,1
296382,1
296388,1
296399,1
296413,1
296415,1
296418,1
296427,1
296430,1
296432,1
296434,1
296436,1
296440,1
296450,1
296454,1
296458,1
296467,1
296474,1
296478,2
296492,1
296496,1
296510,1
296512,1
296522,1
296527,1
296529,1
296535,1
296544,1
296555,1
296563,1
296569,1
296584,1
296588,1
296596,1
296602,1
296607,1
296610,1
296645,1
296648,1
296651,1
296672,1
296678,1
296700,1
296702,1
296705,1
296716,1
296732,1
296738,1
296740,1
296744,1
296751,1
296756,1
296762,1
296767,1
296773,1
296778,1
296780,1
296788,1
296791,1
296805,1
296811,1
296828,1
296836,1
296851,1
296853,1
296857,1
296871,1
296875,1
296882,1
296888,1
296893,1
296905,1
296911,1
296914,1
296918,1
296925,1
296931,1
296941,1
296944,1
296950,1
296953,1
296961,1
296968,1
296971,1
296979,1
296984,1
297000,1
297004,1
297007,1
297029,1
297031,1
297043,1
297046,1
297054,1
297057,1
297065,2
297069,1
297079,1
297081,1
297096,1
297101,1
297103,1
297108,1
297113,1
297117,1
297122,1
297125,1
297134,1
297149,1
297152,1
297160,2
297177,1
297179,1
297195,1
297213,1
297234,1
297241,1
297250,1
297271,1
297282,1
297286,1
297290,1
297293,1
297295,1
297302,1
297306,1
297314,1
297323,1
297327,1
297330,1
297334,1
297341,1
297348,1
297350,1
297353,1
297362,1
297386,1
297389,1
297397,1
297406,1
297408,1
297415,1
297419,1
297425,2
297439,1
297457,1
297462,1
297464,1
297478,1
297482,1
297492,1
297496,1
297498,1
297523,2
297525,1
297530,1
297533,1
297541,1
297554,1
297558,1
297560,1
297567,1
297580,2
297592,1
297608,1
297617,1
297624,1
297630,1
297651,1
297655,1
297667,1
297670,1
297672,1
297678,1
297685,1
297688,1
297694,1
297706,1
297712,1
297718,1
297724,1
297727,1
297731,1
297733,1
297740,1
297745,1
297749,1
297751,1
297767,1
297774,1
297781,1
297785,1
297800,1
297811,1
297816,1
297818,1
297821,1
297835,1
297837,1
297843,1
297851,1
297856,1
297858,1
297877,1
297882,1
297892,1
297897,1
297902,1
297913,1
297915,1
297919,1
297932,1
297938,1
297946,1
297956,1
297968,1
297974,1
298022,1
298024,1
298026,1
298031,1
298036,1
298043,1
298045,1
298053,1
298066,2
298070,1
298072,1
298075,1
298081,1
298104,1
298106,1
298110,1
298131,1
298145,1
298148,1
298166,1
298173,1
298182,1
298186,1
298203,1
298213,1
298217,1
298225,2
298242,1
298250,1
298272,1
298310,1
298313,1
298315,1
298327,1
298331,1
298339,1
298351,1
298369,1
298374,1
298390,1
298395,1
298424,2
298429,1
298469,1
298487,1
298489,1
298504,1
298509,1
298524,1
298526,1
298529,1
298547,1
298551,1
298567,1
298569,1
298580,1
298583,1
298586,1
298600,1
298604,1
298612,1
298618,1
298620,1
298624,1
298630,1
298643,1
298675,1
298681,1
298685,1
298701,1
298705,1
298709,1
298734,1
298737,1
298739,1
298758,1
298772,1
298775,1
298786,1
298797,1
298799,1
298806,1
298815,1
298830,1
298833,1
298848,1
298863,1
298879,1
298884,1
298889,1
298903,1
298906,1
298920,1
298922,1
298927,1
298934,1
298942,1
298946,1
298957,1
298962,1
298971,1
298978,1
298980,1
298985,1
298998,1
299012,1
299021,1
299031,1
299033,1
299038,1
299043,1
299049,1
299058,1
299062,1
299070,1
299074,2
299076,1
299088,1
299098,1
299104,1
299108,1
299128,1
299130,1
299136,1
299143,1
299147,1
299151,1
299153,1
299158,1
299163,1
299181,1
299183,1
299192,1
299202,1
299204,1
299212,1
299226,1
299228,1
299233,1
299248,1
299264,1
299288,1
299296,1
299300,1
299314,1
299324,1
299334,1
299336,1
299339,1
299341,1
299343,1
299345,1
299352,1
299362,1
299364,1
299371,1
299382,1
299384,1
299396,1
299402,1
299406,1
299414,1
299422,1
299430,1
299456,1
299460,1
299469,1
299478,1
299486,1
299490,1
299497,1
299502,1
299512,1
299535,1
299541,1
299552,1
299569,1
299578,1
299584,1
299586,1
299588,1
299599,1
299604,1
299611,1
299620,1
299622,1
299626,1
299632,1
299634,1
299638,1
299647,1
299663,1
299677,1
299687,1
299700,1
299711,1
299723,1
299753,1
299761,1
299769,1
299771,1
299778,1
299780,1
299782,1
299784,1
299796,1
299806,1
299816,1
299822,1
299835,1
299839,1
299849,1
299858,1
299860,1
299867,1
299869,1
299885,1
299889,2
299892,1
299907,1
299909,1
299917,1
299928,1
299931,1
299935,1
299946,1
299963,1
299968,1
299974,1
299979,1
299990,1
299998,1
400002,1
400009,1
400011,1
400023,1
400030,1
400032,1
400034,1
400043,1
400046,1
400049,1
400051,1
400063,1
400069,1
400078,1
400085,1
400095,1
400113,1
400116,1
400124,1
400129,1
400141,1
400143,1
400145,1
400150,1
400153,1
400163,1
400166,1
400172,1
400176,1
400180,1
400187,1
400193,1
400198,1
400201,1
400203,1
400207,1
400214,1
400218,1
400226,1
400238,1
400243,1
400256,1
400258,1
400263,1
400267,1
400274,1
400277,1
400279,1
400283,1
400289,1
400291,1
400293,1
400297,1
400300,1
400314,1
400339,1
400345,1
400357,1
400360,1
400366,1
400368,1
400370,1
400376,1
400383,1
400391,1
400393,1
400396,1
400398,1
400400,1
400406,1
400408,1
400413,2
400420,1
400428,1
400430,1
400432,1
400448,1
400455,1
400462,1
400466,1
400474,1
400481,1
400497,1
400501,1
400504,1
400510,1
400512,1
400515,1
400519,1
400521,1
400530,1
400535,1
400541,1
400545,1
400547,1
400549,1
400552,1
400558,1
400574,1
400581,1
400588,1
400596,1
400600,1
400605,1
400610,1
400612,1
400618,1
400620,1
400634,1
400639,1
400643,1
400649,1
400654,1
400656,1
400660,2
400671,1
400676,1
400678,1
400680,1
400687,1
400690,1
400692,1
400699,1
400708,1
400747,1
400750,1
400752,1
400766,1
400777,1
400784,1
400788,1
400791,1
400797,1
400803,1
400806,1
400812,1
400816,1
400820,1
400825,1
400827,1
400835,1
400843,1
400849,1
400851,1
400859,1
400867,1
400872,1
400879,1
400881,1
400886,1
400896,1
400910,1
400921,1
400933,1
400941,1
400948,1
400954,1
400956,1
400965,1
400972,1
400979,1
400982,1
400986,1
400998,1
401011,2
401019,1
401029,1
401037,1
401042,1
401055,1
401066,1
401073,1
401094,1
401096,1
401104,1
401110,1
401122,1
401132,1
401134,1
401153,1
401157,1
401164,1
401167,1
401172,1
401174,1
401180,1
401183,1
401188,1
401195,1
401200,1
401223,1
401230,1
401238,1
401240,1
401248,1
401260,1
401276,1
401285,1
401289,1
401295,1
401302,1
401304,1
401313,1
401316,1
401319,1
401322,1
401335,1
401340,1
401348,1
401352,2
401354,1
401364,1
401368,1
401373,1
401386,1
401396,1
401404,1
401435,1
401439,1
401455,1
401472,1
401486,1
401506,1
401517,1
401523,1
401535,1
401552,1
401567,1
401572,1
401583,1
401587,1
401589,1
401609,1
401624,1
401629,1
401638,1
401643,1
401646,1
401656,1
401659,1
401675,1
401684,1
401696,1
401699,1
401711,1
401718,1
401722,1
401726,1
401729,1
401740,1
401742,1
401745,1
401758,1
401767,1
401771,1
401773,1
401778,1
401782,1
401784,1
401804,1
401809,1
401815,1
401846,1
401858,1
401863,1
401865,1
401879,1
401883,1
401887,1
401896,1
401913,1
401921,1
401930,1
401946,1
401951,1
401960,1
401964,1
401968,1
401970,1
401973,1
401975,1
401981,1
402004,1
402024,1
402034,1
402044,1
402064,1
402076,1
402080,1
402083,1
402087,1
402093,1
402101,1
402103,1
402108,1
402112,1
402120,1
402123,1
402126,1
402134,1
402137,1
402140,1
402146,1
402150,1
402153,1
402205,1
402212,1
402215,1
402226,1
402230,1
402235,1
402256,1
402270,1
402275,1
402283,1
402291,2
402312,1
402344,1
402349,1
402370,1
402376,1
402378,1
402385,1
402407,1
402412,1
402421,1
402428,1
402450,1
402460,1
402464,1
402466,1
402469,1
402482,1
402486,1
402495,1
402518,1
402521,1
402529,1
402532,1
402540,1
402544,1
402555,1
402558,1
402565,1
402574,1
402579,1
402587,1
402597,1
402599,1
402607,1
402637,1
402644,1
402661,1
402675,1
402678,1
402682,1
402693,1
402708,1
402711,1
402715,1
402728,1
402731,1
402745,1
402757,1
402766,1
402770,1
402775,1
402782,1
402784,1
402795,1
402811,1
402814,1
402822,1
402826,1
402830,1
402834,1
402836,1
402843,1
402845,1
402848,1
402855,1
402862,1
402869,1
402871,1
402884,1
402887,1
402889,1
402894,1
402900,1
402902,1
402904,1
402917,1
402932,1
402934,1
402939,1
402942,1
402950,1
402961,1
402965,1
402974,1
402982,1
402986,1
402992,1
402996,1
402998,1
403014,1
403029,1
403032,1
403034,1
403045,1
403048,1
403050,1
403053,1
403057,1
403074,1
403080,1
403088,1
403090,1
403093,1
403106,1
403108,1
403124,1
403128,1
403138,1
403156,1
403167,1
403169,1
403184,1
403193,1
403201,1
403205,1
403218,1
403222,2
403225,1
403229,1
403235,1
403260,1
403263,1
403278,1
403282,1
403301,1
403308,1
403339,1
403352,1
403357,1
403360,1
403367,1
403371,1
403375,1
403383,1
403385,1
403396,1
403398,1
403403,1
403411,1
403416,1
403431,1
403433,1
403441,1
403448,1
403454,1
403460,1
403485,1
403487,1
403489,1
403493,1
403505,1
403507,1
403511,1
403519,1
403523,1
403525,1
403527,1
403530,1
403539,1
403550,1
403556,1
403558,1
403569,1
403571,1
403583,1
403586,1
403589,1
403592,1
403605,1
403622,1
403624,1
403639,1
403656,1
403658,1
403670,1
403676,1
403680,1
403683,1
403694,1
403698,1
403710,1
403716,1
403733,1
403744,1
403755,1
403759,1
403765,1
403771,1
403774,1
403778,1
403792,1
403794,1
403801,1
403812,1
403826,1
403838,1
403883,1
403889,1
403891,1
403904,1
403908,1
403915,1
403923,1
403927,1
403941,1
403945,1
403947,1
403953,1
403960,1
403963,1
403965,1
403968,1
403970,1
403980,1
403982,1
403998,1
404016,1
404025,1
404033,1
404046,1
404055,1
404059,1
404062,1
404069,1
404081,1
404083,1
404094,1
404098,1
404101,1
404109,1
404116,1
404125,1
404133,1
404150,1
404156,1
404158,1
404172,1
404189,1
404194,1
404207,1
404226,1
404230,1
404238,1
404249,1
404251,1
404258,1
404268,1
404294,1
404302,1
404309,1
404324,1
404332,1
404344,1
404359,1
404365,1
404370,1
404382,1
404400,1
404404,2
404418,1
404421,1
404438,2
404442,1
404446,1
404456,1
404463,1
404470,1
404484,1
404486,1
404488,1
404494,1
404497,1
404511,1
404521,1
404525,1
404529,1
404544,1
404551,1
404553,1
404556,1
404564,1
404571,1
404576,1
404583,1
404589,1
404595,1
404597,1
404610,1
404615,1
404626,1
404631,1
404647,1
404666,1
404687,1
404721,1
404723,1
404726,2
404729,1
404743,1
404746,1
404760,1
404762,1
404776,1
404779,1
404785,1
404798,1
404801,1
404835,1
404837,1
404847,1
404853,1
404859,1
404863,1
404875,1
404880,1
404892,1
404896,1
404899,1
404912,1
404914,1
404917,1
404929,1
404931,1
404937,1
404950,1
404952,1
404955,1
404962,1
404964,1
404974,2
404992,1
405024,1
405028,1
405030,1
405032,1
405045,1
405061,1
405065,1
405076,1
405086,1
405088,1
405099,1
405105,1
405107,1
405116,1
405123,1
405132,1
405143,1
405145,1
405156,1
405158,1
405164,1
405178,1
405181,2
405195,1
405202,1
405204,1
405211,1
405215,1
405218,1
405220,1
405229,1
405233,1
405237,1
405240,1
405249,1
405254,1
405258,1
405260,1
405264,1
405273,1
405289,1
405295,1
405301,1
405312,1
405314,1
405322,1
405327,1
405335,1
405343,1
405347,1
405349,1
405352,1
405354,1
405358,1
405360,1
405363,1
405370,1
405381,1
405388,1
405392,2
405407,1
405410,1
405419,1
405421,1
405427,1
405429,1
405437,1
405444,1
405450,1
405453,1
405463,1
405466,1
405468,1
405480,1
405486,1
405491,1
405493,1
405504,1
405520,1
405523,1
405525,1
405531,1
405542,1
405544,1
405546,1
405560,1
405563,1
405572,1
405580,1
405601,1
405608,1
405618,1
405633,1
405635,1
405638,1
405641,1
405648,1
405650,1
405654,1
405656,1
405661,2
405669,1
405672,1
405678,1
405697,1
405703,1
405715,1
405728,1
405731,1
405733,1
405747,1
405758,1
405771,1
405783,1
405790,1
405805,1
405807,1
405816,1
405827,1
405830,1
405843,1
405846,1
405848,1
405863,1
405868,1
405902,1
405910,1
405921,1
405923,1
405931,1
405937,1
405941,1
405943,1
405946,1
405954,1
405958,1
405961,1
405980,1
406012,1
406016,1
406019,1
406050,1
406054,1
406059,1
406076,1
406083,1
406091,1
406093,1
406095,1
406123,1
406132,1
406134,1
406145,1
406151,1
406165,1
406167,1
406172,1
406183,1
406202,1
406216,1
406224,1
406241,1
406245,1
406255,1
406260,1
406267,1
406270,1
406281,1
406283,1
406285,1
406287,1
406301,1
406316,1
406329,1
406331,1
406343,1
406356,1
406360,1
406375,1
406378,1
406393,1
406399,1
406405,1
406413,1
406415,1
406420,1
406422,1
406432,1
406436,1
406442,1
406450,1
406456,1
406459,1
406468,1
406510,1
406529,1
406547,1
406552,1
406566,1
406568,1
406570,1
406585,1
406587,1
406589,1
406597,1
406613,1
406626,1
406629,1
406643,1
406647,1
406659,1
406661,1
406663,1
406683,1
406696,1
406703,1
406707,1
406709,1
406716,1
406718,1
406724,1
406737,1
406739,1
406751,1
406753,1
406756,1
406759,1
406766,1
406774,1
406779,1
406785,1
406788,1
406798,1
406811,1
406814,1
406817,1
406834,1
406845,1
406851,1
406854,1
406856,1
406867,1
406870,1
406874,1
406876,1
406886,1
406906,1
406910,1
406932,1
406944,2
406949,1
406951,1
406969,1
406993,1
407001,1
407006,1
407009,1
407024,1
407037,1
407046,1
407069,1
407081,1
407093,1
407101,1
407104,1
407109,1
407113,1
407116,1
407121,1
407129,1
407135,1
407137,1
407141,1
407149,1
407155,1
407163,1
407167,1
407176,1
407181,1
407193,1
407214,1
407226,1
407232,1
407234,1
407236,1
407248,1
407253,1
407265,1
407290,1
407296,1
407309,1
407311,1
407321,1
407346,1
407385,1
407389,1
407401,1
407403,1
407406,1
407408,1
407420,1
407424,1
407429,1
407456,1
407462,1
407471,1
407490,1
407499,1
407517,1
407519,1
407534,1
407538,1
407555,1
407561,1
407569,1
407576,1
407605,1
407613,1
407615,1
407622,1
407634,1
407641,1
407647,1
407650,1
407653,1
407656,1
407670,1
407672,1
407690,1
407705,1
407712,1
407725,1
407727,1
407729,1
407731,1
407740,1
407744,1
407748,1
407767,1
407770,1
407776,1
407781,1
407783,1
407802,1
407804,1
407820,1
407830,1
407839,1
407841,1
407843,1
407848,1
407860,1
407875,1
407880,1
407883,1
407887,1
407912,1
407917,1
407934,1
407937,1
407939,1
407944,1
407956,1
407958,1
407969,1
407973,1
407976,2
407981,1
407988,1
407992,1
407998,1
408012,1
408030,1
408050,1
408064,1
408067,1
408071,1
408086,1
408091,1
408097,1
408103,1
408111,1
408121,1
408126,1
408129,1
408137,1
408145,1
408159,1
408164,1
408176,1
408179,1
408184,1
408186,1
408201,1
408203,1
408212,1
408222,1
408234,1
408240,1
408242,1
408250,1
408259,1
408271,1
408290,1
408297,1
408309,1
408317,1
408330,1
408336,1
408373,1
408386,1
408392,1
408410,1
408413,1
408425,1
408433,1
408447,1
408450,1
408456,1
408467,1
408469,1
408480,1
408486,1
408498,1
408504,1
408507,1
408511,1
408517,1
408526,1
408543,1
408552,1
408555,1
408558,1
408564,1
408567,1
408569,1
408574,1
408580,1
408584,1
408599,1
408602,1
408611,1
408619,1
408622,1
408626,1
408628,1
408637,1
408640,1
408642,1
408644,1
408650,1
408659,1
408663,1
408684,1
408686,1
408698,1
408728,1
408733,1
408735,1
408743,1
408748,1
408754,1
408769,1
408773,1
408783,1
408790,1
408792,1
408795,1
408808,1
408810,1
408814,1
408821,1
408823,1
408828,1
408832,1
408841,1
408848,1
408851,2
408867,1
408869,1
408886,1
408905,1
408923,1
408936,1
408941,1
408943,1
408946,1
408958,1
408964,1
408971,1
408978,1
408984,1
408993,1
409001,1
409017,1
409036,1
409055,1
409057,1
409059,1
409071,1
409075,1
409077,1
409079,1
409092,1
409095,1
409111,1
409113,1
409132,1
409148,1
409151,1
409153,1
409166,1
409170,1
409173,1
409194,1
409209,1
409211,1
409214,1
409246,1
409253,1
409264,1
409282,1
409284,1
409288,1
409318,1
409323,1
409336,1
409343,1
409353,1
409364,1
409367,1
409369,1
409381,1
409383,1
409396,1
409417,1
409420,1
409438,1
409441,1
409455,1
409465,1
409470,1
409474,1
409476,1
409478,1
409493,1
409504,1
409507,1
409511,1
409513,1
409516,1
409518,1
409520,1
409532,1
409536,1
409543,1
409552,1
409557,1
409568,1
409570,1
409583,1
409587,1
409595,1
409600,1
409603,1
409610,1
409626,1
409630,1
409648,1
409660,1
409666,1
409681,1
409685,1
409700,1
409705,1
409710,1
409725,1
409727,1
409732,1
409735,1
409742,1
409746,1
409748,1
409758,1
409768,1
409772,1
409778,1
409780,1
409783,1
409791,1
409798,1
409807,1
409816,1
409819,1
409822,1
409831,1
409838,2
409852,1
409858,1
409873,1
409876,1
409891,1
409894,1
409907,1
409914,1
409925,1
409928,1
409932,1
409936,1
409943,1
409946,1
409950,1
409953,1
409966,1
409968,1
409971,1
410000,1
410021,1
410027,1
410043,1
410045,1
410053,1
410064,1
410077,1
410083,1
410100,1
410102,1
410114,1
410121,1
410138,1
410159,1
410163,1
410172,1
410177,1
410179,1
410193,1
410205,1
410233,1
410239,1
410256,2
410271,1
410273,1
410291,1
410305,1
410323,1
410330,1
410347,1
410350,1
410365,1
410368,1
410381,1
410383,1
410390,1
410406,1
410422,1
410443,1
410455,1
410481,1
410498,1
410502,2
410519,1
410521,1
410531,1
410539,1
410544,1
410547,1
410562,1
410576,1
410593,1
410598,1
410606,1
410630,1
410633,1
410635,1
410653,2
410667,1
410671,1
410675,1
410690,1
410707,1
410709,1
410727,1
410730,1
410744,1
410766,1
410775,1
410785,1
410787,1
410789,1
410791,1
410804,1
410806,1
410820,1
410823,1
410827,1
410829,1
410839,1
410844,1
410859,1
410861,1
410867,1
410875,1
410878,1
410881,1
410884,1
410888,1
410892,1
410896,1
410898,1
410902,1
410904,1
410910,1
410913,1
410916,1
410919,1
410921,1
410926,1
410930,1
410933,1
410938,1
410946,1
410948,1
410957,1
410960,1
410962,1
410965,1
410971,1
410979,1
410986,1
410993,1
410996,1
410999,1
411001,1
411011,1
411014,1
411024,1
411033,1
411045,1
411049,1
411062,1
411065,1
411073,1
411086,1
411090,1
411095,1
411100,1
411103,1
411111,1
411124,1
411132,1
411136,1
411141,1
411143,1
411150,1
411164,1
411166,1
411180,1
411183,1
411185,1
411188,1
411196,1
411199,1
411202,1
411205,1
411222,1
411224,1
411231,1
411234,1
411243,1
411248,1
411258,1
411262,1
411264,1
411275,1
411279,1
411281,1
411296,1
411305,1
411312,1
411315,1
411320,1
411331,1
411333,1
411338,1
411340,1
411348,1
411370,1
411373,1
411394,1
411396,1
411399,1
411403,1
411415,1
411429,1
411431,1
411433,1
411444,1
411450,1
411457,1
411466,1
411471,1
411485,1
411489,1
411491,1
411503,1
411525,1
411529,1
411538,1
411540,1
411545,1
411547,1
411549,1
411551,1
411560,1
411565,1
411567,1
411579,1
411582,1
411585,1
411589,1
411601,1
411603,1
411606,1
411608,1
411619,1
411622,1
411625,1
411636,1
411641,1
411645,1
411652,1
411659,1
411661,1
411665,1
411676,1
411681,1
411715,1
411717,1
411719,1
411728,1
411735,1
411737,1
411739,1
411752,1
411755,1
411758,1
411768,1
411771,1
411774,1
411776,1
411792,1
411795,1
411806,1
411811,1
411825,1
411829,1
411831,1
411834,1
411842,1
411845,1
411848,1
411854,1
411865,1
411869,1
411891,1
411907,1
411909,1
411919,1
411926,1
411928,1
411936,1
411940,1
411945,1
411954,1
411957,1
411960,1
411964,1
411966,1
411969,1
411984,1
411992,1
412001,1
412007,1
412018,1
412022,1
412038,1
412040,1
412044,1
412055,1
412063,1
412072,1
412078,1
412085,1
412091,1
412094,1
412096,1
412100,1
412102,1
412104,1
412111,1
412127,1
412130,1
412132,1
412134,1
412138,2
412155,1
412157,1
412162,1
412167,1
412169,1
412177,1
412189,1
412194,2
412199,1
412204,1
412208,1
412212,1
412216,1
412218,1
412225,1
412241,1
412246,1
412250,1
412255,1
412266,1
412269,1
412297,1
412300,1
412302,1
412308,1
412319,1
412324,1
412326,1
412335,1
412342,1
412344,1
412355,1
412360,1
412381,1
412399,1
412402,1
412404,1
412414,1
412419,1
412422,1
412432,1
412437,1
412439,1
412441,1
412444,1
412451,1
412460,1
412470,1
412474,1
412476,1
412489,1
412491,1
412495,1
412498,1
412504,1
412511,1
412516,1
412528,1
412532,1
412538,1
412540,1
412545,1
412555,1
412557,1
412565,1
412568,1
412577,2
412582,1
412590,1
412610,1
412628,1
412631,1
412648,1
412650,1
412664,1
412666,1
412669,1
412688,1
412704,1
412706,1
412708,1
412726,1
412740,1
412743,1
412756,1
412759,1
412761,1
412780,1
412782,1
412784,1
412789,1
412803,1
412815,1
412819,1
412840,1
412850,1
412858,1
412864,1
412874,1
412876,1
412911,1
412915,1
412925,1
412929,1
412949,1
412963,1
412974,1
412984,1
412989,1
412991,1
412993,1
412995,1
413001,1
413008,1
413013,1
413027,1
413029,1
413040,1
413045,1
413058,1
413060,1
413064,1
413066,1
413069,1
413071,1
413081,1
413086,1
413098,1
413104,1
413106,1
413110,1
413121,1
413123,1
413125,1
413127,1
413155,1
413160,1
413172,1
413174,1
413179,1
413182,1
413184,1
413187,1
413200,1
413215,1
413217,1
413221,1
413233,1
413236,1
413238,1
413263,1
413266,1
413304,1
413311,1
413313,1
413316,1
413331,1
413343,1
413348,1
413369,1
413371,1
413377,1
413380,1
413382,1
413390,1
413393,1
413407,2
413416,1
413422,1
413424,1
413431,1
413453,1
413465,1
413475,1
413481,1
413496,1
413501,1
413504,1
413511,1
413520,1
413522,1
413525,1
413535,1
413552,1
413560,1
413577,1
413581,1
413594,1
413596,1
413600,1
413602,1
413609,1
413628,1
413635,1
413638,1
413648,1
413652,1
413655,1
413657,1
413659,1
413668,1
413670,1
413677,1
413690,1
413692,1
413694,1
413698,1
413704,1
413706,1
413713,1
413715,1
413724,1
413727,1
413729,1
413731,1
413734,1
413748,1
413752,1
413763,1
413770,1
413787,1
413798,1
413806,1
413808,1
413810,1
413821,1
413825,1
413846,1
413855,1
413861,1
413865,1
413874,1
413881,1
413884,1
413895,1
413901,1
413917,1
413923,1
413926,1
413933,1
413939,1
413941,1
413962,1
413964,1
413966,1
413974,1
413980,1
413991,1
413996,1
413998,1
414000,1
414014,1
414017,1
414019,1
414033,1
414036,1
414054,2
414056,1
414065,1
414068,1
414073,1
414078,1
414085,1
414103,1
414112,1
414114,1
414130,1
414145,1
414147,1
414150,1
414155,1
414162,1
414167,1
414169,1
414171,1
414182,1
414188,1
414204,1
414222,1
414227,1
414229,1
414238,1
414244,1
414247,1
414257,1
414265,1
414272,1
414280,1
414302,1
414304,1
414315,1
414320,1
414323,1
414333,1
414336,1
414342,1
414347,1
414350,1
414358,1
414368,1
414371,1
414373,1
414380,1
414383,1
414392,1
414398,1
414410,1
414414,1
414416,1
414428,1
414434,1
414436,1
414447,1
414452,1
414455,1
414464,1
414474,1
414480,1
414483,1
414485,1
414488,1
414491,1
414493,1
414496,1
414500,1
414507,1
414510,1
414512,1
414521,1
414531,1
414546,1
414548,1
414563,1
414565,1
414568,1
414584,1
414597,1
414599,1
414612,1
414620,1
414623,1
414625,1
414627,1
414629,1
414637,1
414639,1
414644,1
414646,1
414656,1
414658,1
414661,1
414663,1
414665,1
414668,1
414676,1
414681,1
414700,1
414702,1
414721,1
414732,1
414736,1
414739,1
414746,1
414754,1
414756,1
414758,1
414763,1
414775,1
414779,1
414786,1
414794,1
414797,1
414807,1
414811,1
414813,1
414816,1
414831,1
414834,1
414845,1
414851,1
414853,1
414863,1
414868,1
414871,1
414873,1
414887,1
414890,1
414900,1
414908,1
414910,1
414912,1
414924,1
414930,1
414944,1
414955,1
414964,1
414967,1
414969,1
414980,1
414988,1
414992,1
415003,1
415005,1
415011,1
415021,1
415039,1
415060,1
415072,1
415079,1
415081,1
415084,1
415094,1
415099,1
415113,1
415117,1
415119,1
415125,1
415136,1
415160,1
415172,1
415176,1
415188,1
415195,1
415211,1
415225,1
415229,1
415233,1
415243,1
415251,1
415270,1
415281,1
415286,1
415290,1
415292,1
415300,1
415309,1
415325,1
415327,1
415333,1
415341,1
415344,1
415347,1
415351,2
415362,1
415367,1
415377,1
415388,1
415401,1
415403,1
415406,1
415422,1
415429,1
415435,1
415440,1
415442,1
415444,1
415447,1
415450,1
415458,1
415460,1
415463,1
415476,1
415479,1
415497,1
415533,1
415537,1
415539,1
415541,1
415557,1
415564,1
415567,1
415573,1
415577,1
415588,1
415593,1
415595,1
415609,1
415612,1
415617,1
415624,1
415628,1
415632,1
415634,1
415643,1
415648,1
415652,1
415662,1
415668,1
415670,1
415682,1
415696,1
415701,1
415708,1
415725,1
415735,1
415741,1
415745,1
415747,1
415761,1
415766,1
415768,1
415823,1
415839,1
415841,1
415854,1
415857,1
415876,1
415878,1
415880,1
415915,1
415934,1
415941,1
415951,1
415953,1
415959,1
415969,1
415987,1
415989,1
415991,1
415994,1
415996,1
416000,1
416008,1
416013,1
416046,1
416049,1
416055,1
416061,1
416074,1
416086,1
416088,1
416105,1
416107,1
416123,1
416125,1
416130,1
416141,1
416143,1
416146,1
416158,1
416162,1
416164,1
416167,1
416173,1
416177,1
416182,1
416185,1
416194,1
416197,1
416215,1
416217,1
416219,1
416221,1
416223,1
416231,1
416249,1
416253,1
416256,1
416260,1
416276,1
416296,1
416303,1
416311,1
416316,1
416321,1
416329,1
416334,1
416336,1
416343,1
416355,1
416358,1
416361,1
416373,1
416375,1
416381,1
416393,1
416400,1
416406,1
416409,1
416411,1
416413,1
416423,1
416428,1
416431,1
416443,1
416446,1
416449,1
416463,1
416465,1
416469,1
416482,1
416496,1
416500,1
416507,1
416517,1
416523,1
416525,1
416529,1
416538,1
416544,1
416557,1
416561,1
416563,1
416580,1
416584,1
416586,1
416598,1
416600,1
416612,1
416615,1
416617,1
416621,1
416625,1
416652,1
416657,1
416664,1
416667,1
416675,1
416678,1
416681,1
416694,1
416713,1
416715,1
416719,1
416735,1
416750,1
416753,1
416768,1
416772,1
416781,1
416793,1
416796,1
416804,1
416809,1
416811,1
416817,1
416826,1
416831,1
416833,1
416847,1
416865,1
416867,1
416885,1
416902,1
416904,1
416907,2
416922,1
416924,1
416939,1
416942,1
416954,1
416962,1
416965,1
416980,1
416991,1
416997,1
417001,1
417005,1
417018,1
417034,1
417037,1
417039,1
417053,1
417057,1
417070,1
417076,1
417085,1
417095,1
417100,1
417110,1
417114,1
417131,1
417133,1
417146,1
417155,1
417162,1
417188,1
417191,1
417194,1
417206,1
417210,1
417227,1
417235,1
417242,1
417248,1
417250,1
417265,1
417279,1
417296,1
417298,1
417302,1
417305,1
417310,1
417315,1
417322,1
417324,1
417351,1
417357,1
417361,1
417365,1
417376,1
417380,1
417383,1
417397,1
417399,1
417403,1
417407,1
417410,1
417415,1
417417,1
417420,1
417426,1
417436,1
417448,1
417452,1
417454,1
417469,1
417473,1
417478,2
417487,1
417491,1
417494,1
417496,1
417506,1
417508,1
417514,1
417519,1
417528,1
417532,1
417540,1
417567,1
417569,1
417573,1
417589,1
417601,1
417604,1
417607,1
417610,1
417613,1
417626,1
417642,1
417659,1
417681,1
417699,1
417717,1
417720,1
417722,1
417725,1
417737,1
417741,1
417746,1
417754,1
417760,1
417764,1
417778,1
417791,1
417797,1
417802,1
417808,1
417817,1
417823,1
417829,1
417835,1
417837,1
417842,1
417845,1
417847,1
417854,1
417864,1
417869,1
417872,1
417875,1
417886,1
417900,1
417907,1
417909,1
417912,1
417914,1
417917,1
417929,1
417932,1
417948,1
417984,1
417986,1
417988,1
417993,1
418003,1
418008,1
418026,1
418031,1
418044,1
418058,1
418061,1
418063,1
418065,1
418071,1
418097,1
418101,1
418105,1
418113,1
418117,1
418122,1
418124,1
418136,1
418148,1
418151,1
418159,1
418172,1
418177,1
418184,1
418194,1
418197,1
418209,1
418215,1
418227,1
418233,1
418240,1
418252,1
418254,1
418258,1
418269,1
418273,1
418275,1
418290,2
418303,1
418306,1
418313,1
418324,1
418328,1
418330,1
418344,1
418347,1
418356,1
418359,1
418367,1
418369,1
418381,1
418402,1
418404,1
418406,1
418418,1
418420,1
418424,1
418428,1
418430,1
418439,1
418445,1
418452,1
418459,1
418468,1
418479,1
418481,1
418483,1
418487,1
418500,1
418515,1
418537,1
418551,1
418557,1
418573,1
418577,1
418579,1
418593,1
418608,1
418614,1
418620,1
418624,1
418628,1
418636,1
418638,1
418645,1
418651,1
418654,1
418658,1
418661,1
418666,1
418673,1
418675,1
418687,1
418708,1
418721,1
418726,1
418739,1
418741,1
418743,1
418745,1
418750,1
418762,1
418766,1
418770,1
418775,1
418777,1
418779,1
418781,1
418789,1
418800,1
418803,1
418824,1
418840,1
418843,1
418856,1
418860,1
418862,1
418872,1
418874,1
418877,1
418882,1
418893,1
418901,1
418903,1
418917,1
418919,1
418935,1
418939,1
418953,1
418962,1
418970,1
418974,1
418977,1
418981,1
418988,1
418992,1
418996,1
419001,1
419008,1
419015,1
419019,1
419034,1
419052,1
419066,1
419069,1
419071,1
419082,1
419087,1
419092,1
419103,1
419107,1
419113,1
419126,1
419134,1
419140,1
419147,1
419149,1
419163,1
419166,1
419168,1
419183,1
419185,1
419199,2
419203,1
419223,1
419227,1
419235,1
419241,1
419243,1
419246,1
419254,1
419256,1
419260,1
419262,1
419268,1
419272,1
419282,1
419288,1
419304,1
419314,1
419317,1
419319,1
419334,1
419337,1
419347,1
419357,1
419369,1
419371,1
419373,1
419381,1
419385,1
419392,1
419395,1
419408,1
419414,1
419419,1
419432,1
419443,1
419449,1
419454,1
419465,1
419468,1
419485,1
419488,1
419495,1
419501,1
419507,1
419509,1
419511,1
419522,1
419543,1
419545,1
419549,1
419558,1
419565,1
419569,1
419577,1
419582,1
419585,1
419587,1
419598,1
419602,1
419604,1
419608,1
419617,1
419622,1
419627,1
419631,1
419637,1
419640,1
419645,2
419659,1
419665,1
419674,1
419695,1
419698,1
419716,1
419720,1
419733,1
419749,1
419754,1
419758,1
419769,1
419771,1
419782,1
419792,1
419813,1
419820,1
419826,1
419832,1
419835,1
419849,1
419887,1
419891,1
419899,1
419907,1
419923,1
419926,1
419928,1
419941,1
419959,1
419963,1
419976,1
419983,1
419986,1
420001,1
420015,1
420019,1
420021,1
420036,1
420040,1
420044,1
420059,1
420072,1
420076,1
420078,1
420083,1
420089,1
420092,1
420096,1
420099,1
420107,1
420114,1
420117,1
420120,1
420128,1
420136,1
420150,1
420160,1
420170,1
420172,1
420174,1
420185,1
420189,1
420192,1
420201,1
420206,1
420209,1
420226,1
420230,1
420240,1
420247,1
420250,1
420253,1
420260,1
420269,1
420287,1
420301,1
420304,1
420308,1
420311,1
420317,1
420326,1
420341,1
420374,1
420379,1
420395,1
420399,1
420401,1
420406,1
420412,1
420414,1
420417,1
420424,1
420432,1
420438,1
420440,1
420456,1
420458,1
420477,1
420489,1
420495,1
420509,1
420512,1
420531,1
420533,1
420535,1
420541,1
420548,1
420551,1
420557,1
420560,1
420565,1
420567,1
420570,1
420578,1
420582,1
420587,1
420591,1
420594,1
420598,1
420600,1
420605,1
420607,1
420609,1
420612,1
420615,1
420625,1
420628,1
420632,1
420635,1
420642,1
420644,1
420650,1
420658,1
420660,1
420669,1
420672,1
420676,1
420682,1
420689,1
420694,1
420704,1
420716,1
420725,1
420728,1
420742,1
420746,1
420751,1
420763,1
420773,1
420778,1
420780,1
420783,1
420786,1
420799,1
420823,1
420837,1
420840,1
420842,1
420854,1
420856,1
420858,1
420875,1
420895,1
420907,1
420916,1
420932,1
420934,1
420945,1
420950,1
420963,1
420965,1
420970,1
420986,1
420990,1
421008,1
421021,1
421026,1
421028,1
421030,1
421044,1
421059,1
421065,1
421098,1
421103,1
421105,1
421115,1
421121,1
421138,1
421144,1
421160,1
421162,1
421179,1
421181,1
421196,1
421198,1
421203,1
421215,1
421217,1
421220,1
421244,1
421256,2
421275,1
421282,1
421294,1
421310,1
421345,1
421349,1
421352,1
421363,1
421365,1
421370,1
421372,1
421385,1
421388,1
421404,1
421408,1
421426,1
421428,1
421441,1
421444,1
421446,1
421448,1
421451,1
421466,1
421480,1
421484,1
421488,1
421496,1
421501,1
421504,1
421506,1
421520,1
421536,1
421539,1
421542,1
421544,1
421554,1
421557,1
421560,1
421573,1
421577,1
421580,1
421582,1
421593,1
421598,1
421608,1
421615,1
421620,1
421630,1
421634,1
421636,1
421652,1
421655,1
421657,1
421670,1
421673,1
421690,1
421694,1
421707,1
421714,1
421721,1
421724,1
421742,1
421749,1
421751,1
421763,1
421769,1
421789,1
421791,1
421793,1
421802,1
421809,1
421817,1
421826,1
421829,2
421856,1
421862,1
421880,1
421884,1
421886,1
421896,1
421901,1
421904,1
421919,1
421921,1
421931,1
421934,1
421941,1
421945,1
421956,1
421960,1
421974,1
421978,1
421990,1
422017,1
422026,1
422035,1
422043,1
422047,1
422052,1
422056,1
422072,1
422074,1
422077,1
422086,1
422095,2
422108,1
422113,1
422129,1
422141,1
422146,1
422150,1
422153,1
422159,1
422164,1
422170,1
422183,1
422187,1
422197,1
422207,1
422209,1
422219,1
422223,1
422227,1
422244,1
422249,1
422254,1
422256,1
422265,1
422280,1
422282,1
422293,1
422301,1
422313,1
422321,1
422331,1
422336,1
422340,1
422349,1
422358,1
422366,1
422370,1
422378,1
422391,1
422397,1
422411,1
422413,1
422417,1
422434,1
422453,1
422473,2
422475,1
422485,1
422494,2
422510,1
422530,1
422541,1
422543,1
422549,1
422558,1
422562,1
422567,1
422569,1
422571,1
422578,1
422586,1
422588,1
422603,1
422605,1
422615,1
422617,1
422625,1
422636,1
422643,1
422645,1
422647,1
422649,1
422664,1
422670,1
422680,1
422683,1
422687,1
422691,1
422693,1
422696,1
422702,1
422704,1
422708,1
422712,1
422715,1
422726,1
422755,1
422757,1
422767,1
422793,1
422795,1
422806,1
422812,1
422815,1
422828,1
422830,1
422835,1
422846,1
422850,1
422862,1
422872,1
422882,1
422890,1
422907,1
422910,1
422921,1
422928,1
422939,1
422942,1
422945,1
422949,2
422951,1
422961,1
422966,1
422982,1
422988,1
422990,1
423004,1
423021,1
423024,1
423030,1
423038,1
423042,1
423044,1
423052,1
423057,1
423059,1
423063,1
423075,1
423081,1
423084,1
423086,1
423093,1
423101,1
423109,1
423118,1
423136,1
423149,1
423153,1
423157,1
423162,1
423174,1
423176,1
423183,1
423189,1
423191,1
423196,1
423210,1
423217,1
423225,1
423227,1
423233,1
423244,1
423246,1
423251,1
423253,1
423263,1
423266,1
423271,1
423282,1
423284,1
423289,1
423291,1
423293,1
423302,1
423306,1
423310,1
423319,1
423321,1
423326,1
423330,1
423334,1
423339,1
423342,1
423348,1
423354,1
423361,1
423365,1
423367,1
423373,1
423382,1
423385,1
423398,1
423402,1
423405,1
423416,1
423424,1
423427,1
423429,1
423443,1
423458,1
423460,1
423473,1
423480,1
423495,1
423498,1
423511,1
423517,1
423534,1
423536,1
423547,1
423573,1
423603,1
423610,1
423626,1
423630,1
423650,1
423682,1
423687,1
423689,1
423691,1
423694,1
423702,1
423709,1
423724,1
423726,1
423739,1
423760,1
423766,1
423777,1
423782,1
423798,1
423802,1
423816,1
423818,1
423838,1
423849,1
423851,1
423860,1
423874,1
423889,1
423896,1
423899,1
423911,1
423917,1
423954,1
423966,1
423989,1
423992,1
423997,1
424005,1
424012,1
424025,1
424028,1
424031,1
424042,1
424049,1
424056,1
424062,1
424068,1
424071,1
424073,1
424081,1
424088,1
424103,1
424106,1
424118,1
424124,1
424126,1
424129,1
424138,1
424143,1
424162,1
424177,1
424182,1
424186,1
424202,1
424216,1
424239,1
424250,1
424255,1
424259,1
424276,1
424279,1
424296,1
424300,1
424335,1
424345,1
424353,1
424372,1
424385,1
424390,1
424392,1
424402,1
424408,1
424410,1
424415,1
424447,1
424454,2
424484,1
424487,1
424503,1
424522,1
424536,1
424543,1
424555,1
424561,1
424563,1
424575,1
424579,1
424582,1
424594,1
424596,1
424599,1
424602,1
424606,1
424615,1
424619,1
424621,1
424635,1
424638,1
424651,1
424653,1
424656,1
424658,1
424660,1
424670,1
424674,1
424690,1
424694,1
424696,1
424703,1
424714,1
424722,1
424728,1
424731,1
424734,1
424736,1
424748,1
424752,1
424764,1
424767,1
424772,1
424789,1
424792,1
424798,1
424808,1
424810,1
424822,1
424847,1
424849,1
424860,1
424864,1
424867,1
424871,1
424884,1
424886,1
424902,1
424904,1
424922,1
424924,1
424931,1
424940,1
424942,1
424944,1
424955,1
424960,1
424962,1
424977,1
424983,1
424993,1
424998,1
425000,1
425012,1
425021,1
425031,1
425034,1
425039,1
425047,1
425052,1
425054,1
425059,1
425066,1
425069,1
425074,1
425083,1
425096,1
425101,1
425114,1
425118,1
425135,2
425137,1
425153,1
425173,1
425183,1
425190,1
425193,1
425207,1
425222,1
425224,1
425229,1
425235,1
425247,1
425253,1
425265,1
425267,1
425282,1
425284,1
425286,1
425296,1
425303,1
425314,1
425339,1
425341,1
425358,1
425361,1
425374,1
425377,1
425380,1
425382,1
425397,1
425401,1
425415,1
425417,1
425420,1
425422,1
425439,1
425442,1
425452,1
425456,1
425458,1
425463,2
425474,1
425478,1
425490,1
425493,1
425497,1
425507,1
425513,1
425525,1
425529,1
425535,2
425548,1
425550,1
425553,1
425568,1
425570,1
425585,1
425589,1
425607,2
425621,1
425623,1
425629,1
425635,1
425641,1
425646,1
425656,1
425661,1
425664,1
425667,1
425672,1
425678,1
425685,2
425692,1
425701,1
425704,1
425719,1
425735,1
425740,1
425743,1
425752,1
425759,1
425775,1
425779,1
425793,1
425797,1
425809,1
425818,2
425820,1
425822,1
425836,1
425853,1
425857,2
425886,1
425891,1
425893,1
425903,1
425907,1
425910,1
425913,1
425923,1
425927,1
425930,1
425978,1
425994,1
425999,1
426006,1
426008,1
426019,1
426042,1
426044,1
426046,1
426056,1
426063,1
426075,1
426079,1
426085,1
426099,1
426103,1
426121,1
426124,1
426133,1
426141,1
426153,1
426156,1
426158,1
426160,1
426176,1
426180,1
426192,1
426196,1
426215,1
426250,1
426254,1
426269,1
426289,1
426309,1
426341,1
426362,1
426366,1
426368,1
426385,1
426393,1
426407,1
426417,1
426421,1
426425,1
426441,1
426445,1
426454,1
426463,1
426477,1
426480,1
426493,1
426500,1
426518,1
426534,1
426546,1
426549,1
426559,1
426574,1
426576,1
426586,1
426593,1
426595,1
426598,1
426634,1
426637,1
426639,1
426651,1
426662,1
426669,1
426672,1
426686,1
426690,1
426700,1
426703,1
426713,1
426722,1
426726,1
426731,1
426749,1
426762,1
426764,1
426766,1
426770,1
426781,1
426788,1
426796,1
426803,1
426805,1
426809,2
426816,1
426822,1
426825,1
426828,1
426841,1
426845,1
426855,1
426858,1
426862,1
426877,1
426879,1
426892,1
426898,1
426900,1
426917,1
426932,1
426942,1
426954,1
426978,1
427009,1
427020,1
427030,1
427048,2
427053,1
427064,1
427070,1
427072,1
427075,1
427087,1
427089,1
427107,1
427111,1
427138,1
427145,1
427147,1
427160,1
427177,1
427180,1
427182,1
427189,1
427204,1
427214,1
427220,1
427223,1
427236,1
427241,1
427255,1
427261,1
427263,1
427271,1
427279,1
427295,1
427298,1
427312,1
427317,1
427320,1
427352,1
427355,1
427369,1
427372,1
427376,2
427391,1
427400,1
427408,1
427411,1
427414,1
427419,1
427429,1
427445,1
427448,1
427452,1
427465,1
427467,1
427471,1
427486,1
427488,1
427504,1
427508,1
427510,1
427524,1
427542,1
427548,1
427563,1
427579,1
427583,1
427588,1
427600,1
427615,1
427621,1
427637,1
427650,1
427672,1
427676,1
427711,1
427715,1
427720,1
427731,1
427735,1
427737,1
427749,1
427752,1
427754,1
427757,1
427776,1
427807,1
427810,1
427812,1
427827,1
427830,1
427832,1
427847,1
427852,1
427863,1
427878,1
427886,1
427891,1
427903,1
427906,1
427917,1
427925,1
427928,1
427930,1
427941,1
427954,1
427962,1
427964,1
427967,1
427979,1
427984,1
427998,1
428000,1
428006,1
428017,1
428021,1
428036,1
428038,1
428041,1
428055,1
428079,1
428095,1
428098,1
428113,1
428117,1
428129,1
428132,1
428135,1
428140,1
428172,1
428174,1
428188,1
428191,1
428193,1
428209,1
428232,1
428242,1
428247,1
428260,1
428263,1
428273,1
428285,1
428288,1
428301,1
428337,1
428340,1
428347,1
428362,1
428374,1
428394,1
428400,1
428419,1
428436,1
428443,2
428454,1
428456,1
428458,1
428476,1
428479,1
428489,1
428495,1
428509,1
428511,1
428514,1
428526,1
428534,1
428542,1
428550,1
428554,1
428567,1
428569,1
428571,1
428574,1
428590,1
428603,1
428611,1
428619,1
428625,1
428629,1
428640,1
428646,1
428665,1
428684,1
428703,1
428707,1
428718,1
428721,1
428724,1
428726,1
428736,1
428741,1
428745,1
428756,1
428760,1
428763,1
428768,1
428775,1
428780,1
428786,1
428807,1
428814,1
428819,1
428833,1
428847,1
428854,1
428871,1
428876,1
428892,1
428906,1
428908,1
428924,1
428930,1
428934,1
428948,1
428952,1
428954,1
428963,1
428969,1
428972,1
428979,1
428990,1
429003,1
429013,1
429021,1
429025,1
429028,1
429030,1
429039,1
429043,1
429046,1
429058,1
429065,1
429081,1
429083,1
429086,2
429089,1
429097,1
429100,1
429102,1
429106,1
429110,1
429126,1
429128,1
429142,1
429158,1
429160,1
429162,1
429179,2
429192,1
429195,1
429198,1
429203,1
429209,1
429215,1
429232,1
429235,1
429247,1
429252,1
429256,1
429258,1
429273,1
429289,1
429292,1
429307,1
429309,1
429314,1
429329,1
429343,1
429346,1
429361,1
429365,1
429367,1
429370,1
429373,1
429388,1
429390,1
429404,1
429410,2
429416,1
429427,1
429429,1
429431,1
429444,1
429446,1
429460,1
429469,1
429476,1
429480,1
429484,1
429554,1
429563,1
429587,1
429604,1
429615,1
429620,1
429640,1
429653,1
429658,1
429664,1
429668,1
429672,1
429674,1
429680,1
429686,1
429709,1
429726,1
429745,1
429747,1
429756,1
429766,1
429768,1
429780,1
429802,1
429806,1
429809,1
429817,1
429842,1
429856,1
429858,1
429868,1
429883,1
429890,1
429895,1
429898,1
429902,1
429919,1
429921,1
429926,1
429934,1
429938,1
429941,1
429944,1
429956,1
429958,1
429971,1
430009,1
430013,1
430015,1
430030,1
430034,1
430045,1
430049,1
430053,1
430075,1
430084,1
430087,1
430095,1
430107,1
430110,1
430129,1
430166,1
430172,1
430174,1
430186,1
430204,1
430216,1
430223,1
430258,1
430260,1
430263,1
430265,1
430278,1
430292,1
430297,1
430313,1
430321,1
430327,1
430340,2
430366,1
430375,1
430406,1
430414,1
430426,1
430430,1
430433,1
430443,1
430449,1
430451,1
430456,2
430458,1
430461,1
430471,1
430479,1
430489,1
430506,1
430508,1
430524,1
430526,1
430528,1
430532,1
430540,1
430545,1
430549,1
430554,1
430579,1
430581,1
430584,1
430587,1
430591,1
430599,1
430602,1
430606,1
430627,1
430635,1
430641,1
430643,1
430659,1
430676,1
430695,1
430699,1
430703,1
430714,2
430716,1
430718,1
430721,1
430734,1
430736,1
430739,1
430750,1
430754,1
430759,1
430773,1
430780,1
430794,1
430807,1
430824,1
430829,1
430845,1
430852,1
430857,1
430865,1
430869,1
430871,1
430883,1
430885,1
430888,1
430890,1
430892,1
430905,1
430908,1
430910,1
430924,1
430926,1
430959,1
430964,1
430966,1
430975,1
430982,1
430990,1
430996,1
431015,1
431025,1
431030,1
431035,1
431054,1
431059,1
431073,1
431076,1
431093,1
431097,1
431099,1
431105,1
431111,1
431115,1
431130,1
431134,1
431142,1
431151,1
431155,1
431166,1
431191,1
431204,1
431211,1
431228,1
431242,1
431246,1
431251,1
431274,1
431287,1
431289,1
431306,1
431321,1
431329,1
431333,1
431355,1
431362,1
431364,1
431396,1
431400,1
431403,1
431408,1
431422,1
431436,1
431439,1
431443,1
431452,1
431476,1
431486,1
431516,1
431528,1
431532,1
431540,1
431549,1
431551,1
431553,1
431556,1
431568,1
431590,1
431594,1
431624,1
431627,1
431630,1
431660,1
431668,1
431681,1
431686,1
431690,1
431702,1
431706,1
431722,1
431724,1
431740,1
431742,1
431780,1
431784,1
431795,1
431801,1
431811,1
431820,1
431830,1
431837,2
431840,1
431853,1
431856,1
431859,1
431874,1
431890,1
431892,1
431896,1
431911,1
431914,1
431929,1
431934,1
431944,1
431951,1
431966,1
431970,1
431972,1
431974,1
431988,1
431991,1
431994,1
432007,1
432022,1
432025,1
432028,1
432030,1
432033,1
432043,1
432057,1
432068,1
432077,1
432084,1
432086,1
432088,1
432100,1
432137,1
432139,1
432143,1
432147,1
432156,1
432161,1
432167,1
432174,1
432177,1
432179,1
432182,1
432184,1
432200,1
432202,1
432205,1
432232,1
432244,1
432252,1
432257,1
432269,1
432276,1
432289,1
432292,1
432296,1
432313,1
432315,1
432324,1
432326,1
432330,1
432335,1
432346,1
432350,1
432353,1
432358,1
432367,1
432371,1
432380,1
432382,1
432384,1
432391,1
432395,1
432404,1
432409,1
432421,1
432440,1
432446,1
432463,1
432465,1
432481,1
432484,1
432500,1
432519,1
432523,1
432526,1
432536,1
432555,1
432558,1
432574,1
432591,1
432594,1
432637,1
432654,1
432666,1
432671,1
432673,1
432677,2
432680,1
432690,1
432693,1
432697,1
432706,1
432708,1
432714,1
432724,1
432727,1
432729,1
432734,1
432749,1
432758,1
432767,1
432771,1
432785,1
432789,1
432805,1
432809,1
432812,1
432818,1
432822,1
432826,1
432829,1
432837,1
432843,1
432847,1
432849,1
432862,1
432877,1
432883,1
432897,1
432904,1
432914,1
432916,1
432920,1
432923,1
432926,1
432936,1
432940,1
432942,1
432954,1
432977,1
432995,1
433009,1
433013,1
433017,1
433028,1
433032,1
433036,1
433048,1
433069,1
433073,1
433087,1
433090,1
433093,1
433095,1
433098,1
433106,1
433112,1
433114,1
433117,1
433126,1
433129,1
433133,1
433143,1
433165,1
433167,1
433171,1
433186,1
433202,1
433205,1
433208,1
433211,1
433221,1
433224,1
433229,1
433240,1
433243,1
433245,1
433248,1
433261,1
433266,1
433275,1
433279,1
433284,1
433296,1
433305,1
433331,1
433357,1
433391,1
433393,1
433402,1
433414,1
433429,1
433435,1
433437,1
433440,1
433450,1
433452,1
433457,1
433470,1
433472,1
433485,1
433489,1
433507,1
433509,1
433511,1
433520,1
433526,1
433530,1
433544,1
433546,1
433549,1
433557,1
433569,1
433582,1
433593,1
433600,1
433611,1
433618,1
433626,1
433636,1
433645,1
433648,1
433680,1
433683,1
433685,1
433693,1
433699,1
433701,1
433719,1
433732,1
433736,1
433742,1
433760,1
433768,1
433777,1
433782,1
433787,1
433809,1
433816,1
433818,1
433831,1
433834,1
433845,1
433848,1
433853,1
433856,1
433859,1
433863,1
433888,1
433891,1
433908,1
433925,1
433944,1
433967,1
433969,1
433985,1
434000,1
434004,1
434006,1
434020,1
434023,1
434028,1
434038,1
434043,1
434045,1
434048,1
434055,1
434060,1
434063,1
434077,1
434083,1
434092,1
434097,1
434100,1
434102,1
434117,1
434130,1
434133,1
434137,1
434140,1
434143,1
434159,1
434161,1
434170,1
434193,1
434200,1
434213,1
434215,1
434230,1
434232,1
434235,1
434247,1
434272,1
434282,1
434286,1
434291,1
434300,1
434307,1
434309,1
434316,1
434329,1
434332,1
434336,1
434347,1
434352,1
434359,1
434375,1
434385,1
434387,1
434389,1
434402,1
434422,1
434438,1
434456,1
434463,1
434466,1
434481,1
434495,1
434499,1
434538,1
434562,1
434569,1
434579,1
434589,1
434592,1
434597,1
434604,1
434607,1
434610,1
434618,1
434646,1
434648,1
434651,1
434656,1
434667,1
434670,1
434673,1
434688,1
434696,1
434704,1
434708,1
434711,1
434723,1
434727,1
434738,1
434743,1
434761,1
434764,1
434779,1
434799,1
434802,1
434818,1
434836,1
434844,1
434855,1
434860,1
434871,1
434875,1
434877,1
434880,1
434882,1
434886,1
434914,1
434917,1
434932,1
434950,1
434953,1
434959,1
434973,1
434988,1
435006,1
435027,1
435033,1
435035,1
435064,1
435066,1
435082,1
435089,1
435091,1
435097,1
435107,1
435122,1
435124,1
435127,1
435141,1
435155,1
435164,1
435173,1
435187,1
435197,1
435202,1
435219,1
435234,1
435237,1
435261,1
435271,1
435278,1
435281,1
435290,1
435293,1
435309,1
435313,1
435315,1
435319,1
435327,1
435331,1
435333,1
435336,1
435338,1
435347,1
435352,1
435359,1
435369,1
435373,1
435387,1
435392,1
435400,1
435414,1
435437,1
435440,1
435445,1
435451,1
435467,1
435485,1
435503,1
435507,1
435516,1
435527,1
435538,1
435540,1
435557,1
435561,1
435564,1
435579,1
435586,1
435595,1
435610,1
435614,1
435617,1
435622,1
435637,1
435639,1
435641,1
435663,1
435691,1
435700,1
435704,1
435712,1
435720,1
435735,1
435749,1
435753,1
435755,1
435757,1
435769,1
435783,1
435785,1
435789,1
435813,1
435815,1
435826,1
435829,1
435831,1
435848,1
435860,1
435864,1
435875,1
435887,1
435902,1
435906,1
435916,1
435932,1
435934,1
435950,1
435959,1
435964,1
435968,1
435984,1
435992,1
436004,1
436014,1
436016,1
436019,1
436022,1
436025,1
436036,1
436038,1
436048,1
436053,1
436067,1
436073,1
436077,1
436088,1
436095,1
436101,1
436103,1
436109,1
436111,1
436114,1
436117,1
436119,1
436132,1
436134,1
436138,1
436144,1
436147,1
436152,1
436155,1
436169,1
436180,1
436186,1
436191,1
436210,1
436225,1
436228,1
436244,1
436257,1
436281,1
436283,1
436286,1
436301,1
436303,1
436314,1
436321,1
436333,1
436337,1
436343,1
436356,1
436358,1
436394,1
436404,1
436425,1
436433,1
436438,1
436453,1
436460,1
436477,1
436483,1
436485,1
436491,1
436503,1
436510,1
436527,1
436547,1
436551,1
436561,1
436566,1
436569,1
436573,1
436581,1
436583,1
436591,1
436598,1
436606,1
436618,1
436620,1
436624,1
436633,1
436638,1
436641,1
436644,1
436648,1
436651,1
436656,1
436663,1
436667,1
436670,1
436673,1
436682,1
436695,1
436708,1
436713,1
436719,1
436726,1
436729,1
436734,1
436755,1
436758,1
436771,1
436787,1
436789,1
436812,1
436816,1
436822,1
436826,1
436829,1
436831,1
436839,1
436851,1
436853,1
436865,1
436883,1
436886,1
436890,1
436899,1
436904,1
436911,1
436922,1
436928,1
436932,1
436937,1
436942,1
436948,1
436952,1
436954,1
436962,1
436984,1
436988,1
436990,1
437004,1
437007,1
437023,1
437039,1
437054,1
437061,1
437063,1
437068,1
437071,1
437079,1
437083,1
437093,1
437099,1
437101,1
437104,1
437108,1
437119,1
437121,1
437124,1
437127,1
437133,1
437136,1
437138,1
437141,1
437144,1
437150,1
437158,1
437170,1
437176,1
437179,1
437190,1
437195,1
437200,1
437205,1
437207,1
437210,1
437216,1
437245,1
437253,1
437283,1
437285,1
437302,1
437307,1
437311,1
437313,1
437319,1
437357,1
437366,1
437370,1
437385,1
437391,1
437398,1
437403,1
437408,1
437416,1
437422,1
437430,1
437433,1
437447,1
437451,1
437453,1
437461,1
437472,1
437488,1
437507,1
437509,1
437513,1
437531,1
437545,1
437554,1
437561,1
437564,1
437568,1
437577,1
437580,1
437595,1
437597,1
437612,1
437624,1
437630,1
437632,1
437636,1
437645,1
437647,1
437652,1
437661,1
437668,1
437679,1
437699,1
437704,1
437707,1
437712,1
437721,1
437726,1
437756,1
437763,1
437798,1
437800,1
437803,1
437815,1
437820,1
437831,1
437838,1
437852,1
437858,1
437868,1
437872,1
437877,1
437880,1
437889,1
437892,1
437918,1
437920,1
437927,1
437934,1
437937,1
437948,1
437952,1
437958,1
437971,1
437974,1
437992,1
438001,1
438021,1
438034,1
438047,1
438050,1
438054,1
438063,1
438069,1
438100,1
438107,1
438115,1
438120,1
438151,1
438163,1
438180,1
438195,1
438199,1
438214,1
438221,1
438229,1
438232,1
438240,1
438252,1
438258,1
438268,1
438270,1
438274,1
438287,1
438294,1
438301,1
438303,1
438310,1
438331,1
438336,1
438338,1
438346,1
438350,1
438354,1
438364,1
438367,1
438381,1
438390,1
438393,1
438400,1
438404,1
438407,1
438429,1
438437,1
438447,1
438464,1
438475,1
438480,1
438486,1
438493,1
438499,1
438506,1
438509,1
438512,1
438514,1
438519,1
438522,1
438526,1
438544,1
438561,1
438574,1
438578,1
438582,1
438587,1
438595,1
438600,1
438602,1
438612,1
438617,1
438627,1
438631,1
438637,1
438648,1
438651,1
438666,1
438669,1
438683,1
438693,1
438695,1
438708,1
438713,1
438726,1
438738,1
438743,1
438746,1
438762,1
438787,1
438797,1
438799,1
438803,1
438809,1
438825,1
438831,1
438834,1
438841,1
438843,1
438847,1
438856,1
438858,1
438868,1
438874,1
438885,1
438890,1
438904,1
438916,1
438921,1
438926,1
438929,1
438936,1
438944,1
438952,1
438955,1
438957,1
438962,1
438967,1
438969,1
438974,1
438999,1
439008,1
439011,1
439028,1
439030,1
439038,1
439044,1
439049,1
439051,1
439058,1
439064,1
439070,1
439075,1
439090,1
439096,1
439102,1
439108,1
439110,1
439114,1
439125,1
439140,1
439153,1
439164,1
439169,1
439174,1
439178,1
439184,1
439199,1
439233,1
439239,1
439246,1
439254,1
439257,1
439260,1
439268,1
439272,1
439283,1
439285,1
439288,1
439298,1
439311,1
439318,1
439325,1
439335,1
439340,1
439352,1
439379,1
439407,1
439410,1
439415,1
439418,1
439430,1
439445,1
439466,1
439474,1
439484,1
439488,2
439493,1
439497,1
439503,1
439511,1
439529,1
439540,1
439544,1
439551,1
439554,1
439559,1
439568,1
439574,1
439586,1
439600,1
439605,1
439616,1
439620,1
439624,1
439630,1
439638,1
439640,1
439655,1
439659,1
439664,1
439675,1
439690,1
439693,1
439715,1
439729,1
439732,1
439734,1
439739,1
439745,1
439753,1
439769,1
439781,1
439790,1
439807,1
439809,1
439824,1
439828,1
439842,1
439846,1
439865,1
439883,1
439885,1
439892,1
439902,1
439906,1
439912,1
439921,1
439926,1
439928,1
439930,1
439934,1
439937,1
439940,1
439960,1
439965,1
439970,1
439999,1
440004,1
440012,1
440019,1
440025,1
440028,1
440038,1
440042,1
440055,1
440060,1
440064,1
440079,1
440099,1
440101,1
440111,1
440115,1
440130,1
440133,1
440147,1
440151,1
440158,1
440164,1
440167,1
440171,1
440205,1
440208,1
440231,1
440249,1
440254,1
440258,1
440266,1
440271,1
440273,1
440276,1
440285,1
440287,1
440289,1
440305,2
440317,1
440323,1
440334,1
440337,1
440353,1
440358,1
440362,1
440366,1
440371,1
440381,1
440389,1
440398,1
440406,1
440408,1
440415,1
440418,1
440429,1
440431,1
440437,1
440439,1
440444,1
440456,1
440470,1
440473,1
440475,1
440486,1
440496,1
440517,1
440529,1
440532,2
440542,1
440546,1
440551,1
440566,1
440569,1
440588,1
440601,1
440603,1
440606,1
440616,1
440624,1
440642,1
440644,1
440647,1
440660,1
440665,1
440675,1
440679,1
440683,1
440686,1
440693,1
440701,1
440708,1
440713,1
440716,1
440735,1
440737,1
440748,1
440752,1
440771,1
440779,1
440792,1
440799,2
440805,1
440817,1
440834,1
440873,1
440875,1
440891,1
440893,1
440899,1
440902,1
440909,1
440913,1
440920,1
440928,1
440941,1
440945,1
440947,1
440968,1
440983,1
440987,1
441004,1
441013,1
441022,1
441026,1
441044,1
441055,1
441063,1
441065,1
441081,1
441083,1
441092,1
441096,1
441101,1
441103,1
441105,1
441131,1
441139,1
441147,1
441153,1
441158,1
441161,1
441173,1
441179,1
441189,1
441216,1
441231,1
441233,1
441236,1
441253,1
441264,1
441287,1
441291,1
441293,1
441323,1
441330,1
441347,1
441362,1
441365,1
441369,1
441387,1
441399,1
441402,1
441404,1
441407,1
441415,1
441421,1
441427,1
441434,1
441440,1
441444,1
441446,1
441451,1
441461,1
441463,1
441472,1
441476,1
441497,1
441501,1
441513,1
441520,1
441528,1
441539,1
441574,1
441577,1
441593,1
441610,1
441613,1
441629,1
441633,1
441641,1
441643,1
441647,1
441655,1
441662,1
441664,1
441671,1
441674,1
441679,1
441682,1
441691,1
441717,1
441722,1
441730,1
441739,1
441747,1
441753,1
441762,1
441768,1
441780,1
441782,1
441785,1
441788,1
441801,1
441803,1
441814,1
441819,1
441822,1
441826,1
441839,1
441841,1
441843,1
441845,1
441857,1
441862,1
441875,1
441880,1
441890,1
441897,1
441901,1
441919,2
441924,1
441934,1
441938,1
441953,1
441968,1
441976,1
441993,1
442013,1
442027,1
442031,1
442043,1
442049,1
442053,1
442062,1
442066,1
442070,1
442088,1
442090,1
442097,1
442103,1
442105,1
442109,1
442112,1
442120,1
442124,1
442128,1
442130,1
442139,1
442144,1
442147,1
442153,1
442160,1
442164,1
442168,1
442170,1
442178,1
442200,1
442219,1
442221,1
442224,1
442229,1
442242,1
442266,1
442271,1
442281,1
442289,1
442299,1
442317,1
442320,1
442325,1
442336,1
442338,1
442353,1
442362,1
442375,1
442391,1
442395,1
442444,1
442449,1
442466,1
442470,1
442489,1
442506,1
442523,1
442527,1
442540,1
442547,1
442555,1
442559,1
442577,2
442582,1
442586,2
442592,1
442602,1
442606,1
442635,1
442637,1
442639,1
442643,1
442656,1
442659,1
442671,1
442674,1
442680,1
442690,1
442694,1
442696,1
442719,1
442731,1
442736,1
442752,1
442755,1
442770,1
442773,1
442776,1
442784,1
442789,1
442792,1
442795,1
442800,1
442806,1
442811,1
442830,1
442838,1
442847,1
442851,1
442865,1
442869,1
442886,1
442888,1
442900,1
442902,1
442918,1
442923,1
442928,1
442933,1
442943,1
442946,1
442959,1
442963,1
442965,1
442980,1
442994,1
443001,1
443012,1
443021,1
443027,1
443030,1
443040,1
443057,1
443059,1
443075,1
443078,1
443093,1
443110,1
443116,1
443135,1
443140,1
443153,1
443172,1
443189,1
443191,1
443193,1
443210,1
443247,1
443267,1
443269,1
443281,1
443283,1
443288,1
443292,1
443306,1
443308,1
443323,1
443325,1
443337,1
443343,1
443345,1
443357,1
443362,1
443380,1
443382,1
443400,1
443420,1
443429,1
443439,1
443444,1
443454,1
443460,1
443473,1
443477,1
443490,1
443511,1
443515,1
443517,1
443533,1
443548,1
443553,1
443567,1
443574,1
443588,1
443591,1
443599,1
443607,1
443624,1
443626,1
443637,1
443641,1
443643,1
443648,1
443650,1
443652,1
443658,1
443664,1
443668,1
443672,1
443678,1
443687,1
443698,1
443728,1
443732,1
443738,1
443745,1
443748,2
443755,1
443759,1
443764,1
443777,1
443788,1
443800,1
443815,1
443817,1
443820,1
443838,1
443849,1
443854,1
443857,1
443859,1
443871,1
443891,1
443897,1
443903,1
443909,1
443930,1
443949,1
443970,1
443984,1
443988,1
443990,1
444004,1
444009,1
444025,1
444028,1
444045,1
444048,1
444055,1
444063,1
444067,1
444069,1
444074,1
444085,1
444088,1
444102,1
444105,1
444107,1
444122,1
444140,1
444159,1
444175,1
444180,1
444198,1
444235,1
444237,1
444263,1
444294,1
444304,1
444313,1
444315,1
444319,1
444322,1
444328,1
444335,2
444348,1
444350,1
444384,1
444401,1
444408,1
444413,1
444428,1
444431,1
444435,1
444440,1
444447,1
444450,1
444452,1
444465,1
444497,1
444502,1
444504,1
444509,1
444522,1
444525,1
444540,1
444553,1
444562,1
444578,1
444593,1
444615,1
444622,1
444636,1
444673,1
444710,1
444712,1
444722,1
444731,1
444744,1
444748,1
444750,1
444757,1
444770,1
444779,1
444785,1
444787,1
444791,1
444802,1
444807,1
444813,1
444816,1
444818,1
444828,1
444840,1
444843,1
444845,1
444847,1
444851,1
444855,1
444858,1
444877,1
444884,1
444901,1
444904,1
444920,1
444922,1
444938,1
444941,1
444946,1
444959,1
444962,1
444993,1
444997,1
444999,1
445005,1
445013,1
445019,1
445023,1
445029,1
445056,2
445061,1
445069,1
445075,1
445082,1
445091,1
445095,1
445106,1
445121,1
445130,1
445132,1
445137,1
445143,1
445149,1
445152,1
445167,1
445182,1
445185,1
445188,1
445193,1
445207,1
445212,1
445215,1
445226,1
445233,1
445235,1
445241,1
445247,1
445253,1
445257,1
445269,1
445283,1
445286,1
445296,1
445302,1
445307,1
445324,1
445337,1
445339,1
445341,1
445358,1
445376,1
445378,1
445382,1
445397,1
445401,1
445415,1
445418,2
445435,1
445450,1
445453,1
445475,1
445485,1
445492,1
445509,1
445525,1
445530,1
445535,1
445547,1
445553,1
445568,1
445571,1
445589,1
445612,1
445625,2
445636,1
445640,1
445661,1
445678,1
445695,1
445697,1
445712,1
445720,1
445730,1
445734,1
445738,1
445740,1
445743,1
445748,1
445750,1
445756,1
445760,1
445765,1
445772,1
445780,1
445793,1
445811,1
445815,1
445828,1
445837,1
445840,1
445850,1
445852,1
445856,1
445860,1
445869,1
445873,1
445875,1
445890,1
445894,1
445906,1
445909,1
445912,2
445919,1
445921,1
445928,1
445944,1
445948,1
445952,1
445964,1
445983,1
446003,1
446006,1
446020,1
446038,1
446043,1
446058,1
446062,1
446075,1
446080,1
446095,1
446100,1
446114,1
446131,1
446145,1
446156,1
446159,1
446163,1
446183,1
446195,1
446198,1
446202,1
446215,1
446218,1
446226,1
446229,1
446233,1
446241,1
446253,1
446267,1
446288,1
446290,1
446296,1
446306,1
446311,1
446316,1
446328,1
446330,1
446334,1
446342,1
446348,1
446350,1
446353,1
446355,1
446364,1
446374,1
446398,1
446422,1
446429,1
446448,1
446458,1
446460,1
446464,1
446468,1
446485,1
446495,1
446497,1
446501,1
446503,1
446509,1
446517,1
446520,1
446524,1
446535,1
446542,1
446552,1
446557,1
446561,1
446596,1
446633,1
446647,1
446650,1
446652,1
446658,1
446664,1
446725,1
446727,1
446729,1
446741,1
446745,1
446747,1
446750,1
446764,1
446766,1
446774,1
446781,1
446789,1
446792,1
446802,1
446808,1
446820,1
446825,1
446838,1
446843,1
446856,1
446859,1
446875,1
446881,1
446898,1
446911,1
446916,1
446933,1
446948,1
446953,1
446957,1
446971,1
446993,1
447012,1
447018,1
447031,1
447047,1
447050,1
447052,1
447057,1
447062,1
447065,1
447070,1
447076,1
447090,1
447096,1
447107,1
447109,1
447114,1
447130,1
447145,1
447159,1
447162,1
447179,1
447192,1
447201,1
447234,1
447237,1
447240,1
447242,1
447246,1
447249,1
447251,1
447255,1
447261,1
447264,1
447273,1
447279,1
447282,1
447297,1
447305,1
447315,1
447317,1
447362,1
447372,1
447379,1
447390,1
447397,1
447399,1
447409,1
447413,1
447420,1
447431,1
447486,1
447495,1
447505,1
447516,1
447522,1
447532,1
447554,1
447556,1
447569,1
447577,1
447583,1
447589,1
447604,1
447606,1
447619,1
447623,1
447626,1
447630,1
447638,1
447643,1
447647,1
447656,1
447664,1
447677,1
447696,1
447701,1
447703,1
447713,1
447717,1
447719,1
447732,1
447737,1
447739,1
447758,1
447773,1
447788,1
447790,1
447793,1
447800,1
447805,1
447810,1
447818,1
447825,1
447835,1
447856,1
447861,1
447873,1
447875,1
447888,1
447891,1
447895,1
447905,1
447909,1
447912,1
447922,1
447928,1
447933,1
447946,1
447959,1
447963,1
448023,1
448036,1
448039,1
448043,1
448046,1
448057,1
448060,1
448062,1
448077,1
448082,1
448096,1
448119,1
448130,1
448172,1
448177,1
448187,1
448192,1
448197,1
448222,1
448227,1
448235,1
448247,1
448255,1
448271,1
448287,1
448291,1
448302,1
448313,1
448328,1
448336,1
448340,1
448349,1
448363,1
448365,1
448371,1
448377,1
448390,1
448406,1
448408,1
448416,1
448426,2
448430,1
448437,1
448442,1
448451,1
448462,1
448474,1
448484,1
448493,1
448501,1
448510,1
448518,1
448522,1
448531,1
448536,1
448555,1
448571,1
448584,1
448586,1
448594,1
448602,1
448628,1
448633,1
448637,1
448652,1
448654,1
448664,1
448668,1
448672,1
448674,1
448679,1
448681,1
448686,1
448690,1
448693,1
448700,1
448712,1
448718,1
448729,1
448732,1
448738,1
448742,1
448746,1
448752,1
448760,1
448767,1
448784,1
448798,1
448803,1
448816,1
448820,1
448824,1
448833,1
448835,1
448840,1
448849,1
448852,1
448860,1
448865,1
448867,1
448872,1
448874,1
448891,1
448896,1
448901,1
448911,1
448955,1
448971,1
448975,1
448977,1
448992,1
448995,1
448997,1
449000,1
449008,1
449013,1
449015,1
449023,1
449029,1
449031,1
449066,1
449088,1
449092,1
449100,1
449110,1
449120,1
449126,1
449146,1
449157,1
449162,1
449168,1
449176,1
449185,1
449197,1
449203,1
449217,1
449221,1
449223,1
449234,1
449258,1
449261,1
449289,1
449296,1
449315,1
449319,1
449342,1
449345,1
449348,1
449355,1
449359,1
449361,1
449374,1
449386,1
449395,1
449408,1
449412,1
449424,1
449430,1
449432,1
449435,1
449445,1
449450,1
449452,1
449460,1
449480,1
449500,1
449508,1
449510,1
449526,2
449531,1
449537,1
449547,1
449580,1
449607,1
449611,1
449622,1
449630,1
449636,1
449641,1
449644,1
449647,1
449649,1
449660,1
449666,1
449668,1
449674,1
449694,1
449710,1
449716,1
449731,1
449738,1
449751,1
449766,1
449768,1
449774,1
449782,1
449789,1
449793,1
449813,1
449826,1
449829,1
449840,1
449851,1
449859,1
449863,1
449865,1
449871,1
449877,1
449881,1
449885,1
449889,1
449893,1
449895,1
449904,1
449909,1
449915,1
449931,1
449942,1
449946,1
449963,1
449973,1
449980,1
449983,1
449987,1
449998,1
450016,1
450026,1
450032,1
450035,1
450039,1
450043,1
450052,1
450054,1
450060,1
450065,1
450072,1
450076,1
450079,1
450091,1
450094,1
450110,1
450117,1
450129,1
450134,1
450150,1
450155,1
450163,1
450170,1
450185,1
450188,1
450191,1
450206,1
450236,1
450239,1
450246,1
450251,1
450266,1
450282,1
450285,1
450293,1
450297,1
450304,1
450345,1
450354,1
450364,1
450371,1
450387,1
450397,1
450401,1
450411,1
450419,1
450421,1
450435,1
450438,1
450453,1
450455,1
450459,1
450470,1
450476,1
450479,1
450488,1
450490,1
450493,1
450497,1
450499,1
450509,1
450515,1
450525,1
450529,1
450533,1
450536,1
450539,1
450546,1
450548,1
450552,1
450563,1
450567,1
450571,1
450573,1
450593,1
450599,1
450606,1
450608,1
450619,1
450627,1
450640,1
450642,1
450645,1
450647,1
450652,1
450659,1
450665,1
450667,1
450680,1
450686,1
450705,1
450707,1
450724,1
450726,1
450730,1
450740,1
450743,1
450752,1
450756,1
450762,1
450773,1
450775,1
450778,1
450782,1
450795,1
450799,1
450810,1
450812,1
450816,1
450821,1
450831,1
450835,1
450848,1
450852,1
450856,1
450861,1
450873,1
450875,1
450883,1
450892,1
450899,1
450907,1
450912,1
450930,1
450945,1
450949,2
450960,1
450970,1
450987,1
450992,1
451006,1
451010,1
451012,1
451018,1
451026,1
451029,1
451037,1
451042,1
451044,1
451046,1
451048,1
451051,1
451065,1
451067,1
451070,1
451076,1
451078,1
451081,1
451085,1
451088,1
451090,1
451116,1
451122,1
451125,1
451135,1
451141,1
451157,1
451168,1
451176,1
451183,1
451191,1
451201,1
451214,1
451224,1
451234,1
451236,1
451238,1
451240,1
451249,1
451255,1
451271,1
451283,1
451285,1
451290,1
451292,1
451307,1
451311,1
451314,1
451316,1
451329,1
451333,1
451344,1
451349,1
451351,1
451363,1
451368,1
451370,1
451373,1
451383,1
451388,1
451398,1
451404,1
451406,1
451409,1
451414,1
451435,1
451448,1
451456,1
451462,1
451479,1
451484,1
451493,1
451501,1
451505,1
451514,1
451524,1
451533,1
451538,1
451544,1
451547,1
451559,1
451561,1
451573,1
451578,1
451593,1
451608,1
451612,1
451616,1
451620,1
451629,1
451632,1
451638,1
451651,1
451654,1
451666,1
451669,1
451675,1
451690,1
451692,1
451704,1
451707,1
451720,1
451723,1
451728,1
451732,1
451746,1
451751,1
451759,1
451771,1
451775,1
451779,1
451788,1
451802,1
451819,1
451825,2
451838,1
451840,1
451842,1
451846,1
451853,1
451879,1
451884,1
451890,1
451896,1
451899,1
451902,1
451904,1
451907,1
451915,1
451918,1
451922,1
451935,1
451937,1
451939,1
451953,1
451957,1
451967,1
451971,1
451973,1
451976,1
451981,1
451987,1
451992,1
451996,1
451999,1
452007,1
452011,1
452016,1
452046,1
452051,1
452067,1
452092,1
452100,1
452102,1
452126,1
452129,1
452135,1
452140,1
452161,1
452165,1
452176,1
452182,1
452184,1
452188,1
452190,1
452192,1
452201,1
452204,1
452206,1
452221,1
452224,1
452227,1
452230,1
452235,1
452238,1
452251,1
452266,1
452268,1
452280,1
452283,1
452286,1
452299,1
452302,1
452306,1
452317,1
452320,1
452324,1
452327,1
452332,1
452335,1
452337,1
452340,1
452368,1
452370,1
452378,1
452387,1
452392,1
452404,1
452409,1
452413,1
452416,1
452423,1
452431,1
452447,1
452484,1
452486,1
452499,1
452501,1
452505,1
452510,1
452513,1
452518,1
452523,1
452526,1
452530,1
452534,1
452537,1
452541,1
452547,2
452550,1
452555,1
452558,1
452564,1
452582,1
452590,1
452598,1
452608,1
452614,1
452631,1
452634,1
452641,1
452644,1
452647,1
452652,1
452656,1
452660,1
452662,1
452665,1
452669,1
452678,1
452680,1
452688,1
452696,1
452707,1
452713,1
452719,1
452721,1
452724,1
452728,1
452741,1
452783,1
452788,1
452795,1
452803,1
452820,1
452830,1
452832,1
452849,1
452851,1
452853,1
452861,1
452867,1
452870,1
452873,1
452875,1
452879,1
452883,1
452889,1
452906,1
452917,1
452920,1
452926,1
452931,1
452948,1
452956,1
452959,1
452963,1
452967,1
452973,1
452975,1
452982,1
452985,1
453000,1
453005,1
453008,1
453012,1
453025,1
453042,1
453053,1
453057,1
453060,1
453062,1
453075,1
453096,1
453108,1
453111,1
453119,1
453126,1
453133,1
453138,1
453143,1
453162,1
453172,1
453178,1
453187,1
453191,1
453196,1
453207,1
453213,1
453215,1
453224,1
453226,1
453236,1
453243,1
453245,1
453248,1
453254,1
453268,1
453276,1
453288,1
453302,1
453316,1
453318,1
453323,1
453328,1
453331,1
453335,1
453344,1
453347,1
453361,1
453364,1
453367,1
453380,1
453415,1
453422,1
453429,1
453433,1
453435,1
453438,1
453444,1
453465,1
453477,1
453496,1
453511,1
453513,1
453518,1
453527,1
453532,1
453536,1
453550,1
453553,1
453569,1
453574,1
453579,1
453585,1
453589,1
453591,1
453595,1
453603,1
453609,1
453612,1
453620,1
453624,1
453627,1
453631,1
453637,1
453639,1
453647,1
453651,1
453655,1
453663,1
453667,2
453677,1
453689,1
453694,1
453703,1
453707,1
453714,1
453717,1
453723,1
453728,1
453741,1
453745,1
453773,1
453778,1
453783,1
453785,1
453788,1
453793,1
453800,1
453813,1
453819,1
453821,1
453837,1
453840,1
453854,1
453864,1
453874,1
453885,1
453888,1
453892,1
453898,1
453906,1
453909,1
453914,1
453917,1
453925,1
453933,1
453935,1
453937,1
453939,1
453950,1
453953,1
453955,1
453957,1
453962,1
453970,1
453975,1
453984,1
453990,1
453992,1
454002,1
454017,1
454025,1
454031,1
454035,1
454039,1
454058,1
454064,1
454068,1
454071,1
454074,1
454077,1
454084,1
454096,1
454103,1
454105,1
454110,1
454120,1
454123,1
454140,1
454151,1
454156,1
454164,1
454166,1
454171,1
454175,1
454184,1
454196,1
454198,1
454206,1
454215,1
454219,1
454227,1
454229,1
454232,1
454237,1
454240,1
454243,1
454255,1
454258,1
454264,1
454270,1
454273,1
454276,1
454280,1
454286,1
454293,1
454298,1
454323,1
454329,1
454334,1
454350,1
454353,1
454361,1
454373,1
454385,1
454391,1
454406,1
454416,1
454422,1
454425,1
454431,1
454447,1
454454,1
454466,1
454473,1
454480,1
454483,1
454487,1
454489,1
454496,1
454505,1
454515,1
454520,1
454523,1
454525,1
454538,1
454540,1
454544,1
454556,1
454562,1
454571,1
454576,1
454581,1
454588,1
454599,1
454614,1
454633,1
454637,1
454650,1
454652,1
454655,1
454658,1
454663,1
454668,1
454670,1
454682,1
454693,1
454696,1
454701,1
454710,1
454715,1
454729,1
454731,1
454733,1
454742,1
454749,1
454753,1
454765,1
454767,1
454771,1
454774,1
454782,1
454785,1
454787,1
454804,1
454809,1
454813,1
454815,1
454819,1
454825,1
454829,1
454844,1
454846,1
454857,1
454860,1
454868,1
454877,1
454880,1
454882,1
454887,1
454893,1
454896,1
454900,1
454920,1
454923,1
454928,1
454937,1
454948,1
454950,1
454960,1
454963,1
454970,1
454977,1
454981,1
454987,1
454991,1
454995,1
454997,1
455002,1
455010,1
455012,1
455016,1
455020,1
455026,1
455031,1
455033,1
455038,1
455040,1
455048,1
455054,1
455056,1
455068,1
455087,1
455092,1
455094,1
455096,1
455113,1
455116,1
455132,1
455139,1
455144,1
455163,1
455184,1
455188,1
455190,1
455197,1
455204,1
455209,1
455215,1
455220,1
455227,1
455231,1
455241,1
455245,1
455247,1
455261,1
455264,1
455266,1
455278,1
455280,1
455283,1
455286,1
455298,1
455307,1
455311,1
455313,1
455336,1
455340,1
455347,1
455354,1
455361,1
455377,1
455388,1
455390,1
455394,1
455396,1
455400,1
455402,1
455406,1
455411,1
455427,1
455444,1
455449,1
455452,2
455458,1
455470,1
455472,1
455474,1
455476,1
455482,1
455491,1
455501,1
455503,1
455507,1
455510,1
455515,1
455521,1
455525,1
455536,1
455544,1
455551,1
455576,1
455583,1
455589,1
455593,1
455596,1
455608,1
455622,1
455624,1
455626,1
455641,1
455646,1
455653,1
455662,1
455666,1
455672,1
455677,1
455679,1
455685,1
455699,1
455711,1
455718,1
455720,1
455723,1
455725,1
455731,1
455733,1
455736,1
455740,1
455744,1
455754,1
455757,1
455759,1
455784,1
455792,1
455800,1
455821,1
455827,1
455831,1
455837,1
455846,1
455853,1
455863,1
455868,1
455879,1
455884,1
455886,1
455889,1
455895,1
455903,1
455905,1
455912,1
455919,1
455929,1
455937,1
455946,1
455950,1
455965,1
455973,1
455978,1
455984,1
455988,1
456001,1
456004,1
456006,1
456019,1
456022,1
456026,1
456033,1
456041,1
456044,1
456052,1
456059,1
456061,1
456065,1
456075,1
456077,1
456089,1
456094,1
456109,1
456111,1
456114,1
456121,1
456126,1
456129,1
456132,1
456141,1
456156,1
456158,1
456167,1
456169,1
456171,1
456174,1
456178,1
456180,1
456183,1
456186,1
456188,1
456194,1
456196,1
456202,1
456208,1
456217,1
456223,1
456243,1
456249,1
456267,1
456285,1
456289,1
456292,1
456302,1
456305,1
456308,1
456313,1
456332,1
456338,1
456341,1
456344,1
456348,1
456351,1
456353,1
456356,1
456367,1
456369,1
456373,1
456384,1
456394,1
456413,1
456439,1
456443,1
456446,1
456449,1
456451,1
456460,1
456462,1
456465,1
456473,1
456477,1
456486,1
456488,1
456491,1
456502,1
456511,1
456519,1
456526,1
456530,1
456536,1
456539,1
456550,1
456559,1
456565,1
456571,1
456574,1
456583,1
456589,1
456593,1
456601,1
456611,1
456616,1
456624,1
456626,1
456632,1
456637,1
456640,1
456642,1
456653,1
456666,1
456669,1
456671,1
456686,1
456689,1
456691,1
456698,1
456702,1
456708,2
456730,1
456735,1
456738,1
456744,1
456746,1
456754,1
456779,1
456799,1
456803,1
456807,1
456814,1
456817,1
456824,1
456831,1
456838,1
456841,1
456846,1
456851,1
456855,1
456859,1
456874,1
456878,1
456886,1
456889,1
456895,1
456901,1
456906,1
456917,1
456924,1
456932,1
456935,1
456938,1
456953,1
456963,1
456968,1
456974,1
456985,1
457000,1
457016,1
457018,1
457029,1
457033,1
457035,1
457042,1
457047,1
457051,1
457059,1
457064,1
457068,1
457079,1
457088,1
457092,1
457095,1
457109,1
457114,1
457120,1
457126,1
457130,2
457162,1
457166,1
457173,1
457189,1
457196,1
457225,1
457227,1
457230,1
457243,1
457247,1
457260,1
457266,1
457269,1
457278,1
457284,1
457288,1
457295,1
457312,1
457316,1
457325,1
457331,1
457337,1
457344,1
457347,1
457351,1
457355,1
457363,1
457369,1
457374,1
457384,1
457388,1
457399,1
457402,1
457412,1
457417,1
457441,1
457447,1
457451,1
457459,1
457463,1
457468,1
457475,1
457478,1
457489,2
457503,1
457519,1
457525,1
457533,1
457538,1
457541,1
457547,1
457554,1
457565,1
457600,1
457608,1
457620,1
457622,1
457636,1
457639,1
457646,1
457656,1
457658,1
457664,1
457667,1
457672,1
457679,1
457691,1
457693,1
457696,1
457706,1
457713,1
457717,1
457729,1
457733,1
457741,1
457746,1
457756,1
457758,1
457761,1
457763,1
457775,1
457787,1
457791,1
457805,1
457807,1
457810,1
457812,1
457821,1
457824,1
457832,1
457844,1
457851,1
457856,1
457875,1
457883,1
457894,1
457896,1
457899,1
457919,1
457925,1
457939,1
457944,1
457951,1
457958,1
457963,1
457986,1
458007,1
458014,1
458023,1
458028,1
458034,1
458043,1
458050,1
458055,1
458065,1
458071,1
458078,1
458086,1
458102,1
458119,1
458121,1
458134,1
458142,1
458162,1
458167,1
458179,1
458191,1
458197,1
458207,1
458210,1
458216,1
458226,1
458235,1
458244,1
458251,1
458262,1
458267,1
458292,1
458303,1
458311,1
458328,1
458346,1
458349,1
458404,1
458406,1
458410,1
458418,1
458421,1
458426,1
458429,2
458432,1
458436,1
458439,1
458443,1
458464,1
458470,1
458475,1
458477,1
458492,1
458496,1
458512,1
458517,1
458522,1
458525,1
458530,1
458535,1
458539,1
458542,1
458544,1
458553,1
458559,1
458569,1
458576,1
458586,1
458594,1
458596,1
458605,1
458615,1
458626,1
458634,1
458643,1
458647,1
458654,1
458663,1
458693,1
458700,1
458711,1
458728,1
458740,1
458748,1
458761,1
458766,1
458777,1
458779,1
458782,1
458785,1
458787,1
458789,1
458797,1
458800,1
458811,1
458817,1
458821,1
458828,1
458837,1
458844,1
458855,1
458861,1
458864,1
458880,1
458890,1
458892,1
458896,2
458903,1
458909,1
458918,1
458922,1
458932,1
458949,1
458957,1
458966,1
458970,1
458972,1
459012,1
459017,1
459033,1
459049,1
459052,1
459063,1
459066,1
459070,1
459072,1
459097,1
459127,1
459134,1
459140,1
459142,1
459165,1
459170,1
459172,1
459177,1
459182,1
459189,1
459196,1
459204,1
459222,1
459254,1
459260,1
459282,1
459287,1
459296,1
459300,1
459304,1
459318,1
459320,1
459331,1
459339,1
459345,1
459358,1
459374,1
459376,1
459388,1
459390,1
459400,1
459407,1
459429,1
459432,1
459454,1
459471,1
459483,1
459491,1
459507,1
459514,1
459522,1
459524,1
459529,1
459540,1
459567,1
459574,1
459601,1
459606,1
459611,1
459617,1
459619,1
459632,1
459642,1
459661,1
459663,1
459692,1
459699,1
459706,1
459709,1
459723,1
459731,1
459736,1
459745,1
459753,1
459759,1
459768,1
459775,1
459779,1
459785,1
459794,1
459809,1
459811,1
459815,1
459817,1
459823,1
459826,1
459829,1
459833,1
459837,1
459844,1
459850,1
459857,1
459860,1
459885,1
459888,1
459895,1
459906,1
459911,1
459915,1
459920,1
459922,1
459930,1
459932,1
459935,1
459939,1
459964,1
459966,1
459976,1
459978,1
459982,1
459986,1
459997,1
460002,1
460021,1
460041,1
460047,1
460059,1
460100,1
460109,1
460133,1
460156,1
460160,1
460168,1
460176,1
460178,1
460181,1
460184,1
460189,1
460195,1
460198,1
460210,1
460214,1
460222,1
460225,1
460232,1
460235,1
460242,1
460248,1
460260,1
460264,1
460271,1
460286,1
460292,1
460304,1
460307,1
460315,1
460322,1
460340,1
460347,1
460351,1
460363,1
460366,1
460382,1
460384,1
460391,1
460395,1
460398,1
460402,1
460406,1
460423,1
460429,1
460434,1
460439,1
460452,1
460458,1
460462,1
460468,1
460472,1
460475,1
460481,1
460484,1
460487,1
460507,1
460532,1
460534,1
460555,1
460563,1
460566,1
460571,1
460582,1
460584,1
460613,1
460631,1
460647,1
460650,1
460655,1
460660,2
460672,1
460682,1
460687,1
460690,1
460692,1
460698,1
460702,1
460707,1
460721,1
460726,1
460744,1
460746,1
460762,1
460766,1
460794,1
460804,1
460822,1
460839,1
460857,1
460859,1
460882,1
460890,1
460895,1
460898,1
460901,1
460949,1
460955,1
460958,1
460963,1
460966,1
460974,1
460978,2
460982,1
460993,1
460999,1
461013,1
461026,1
461029,1
461035,1
461039,1
461050,1
461058,1
461065,1
461070,1
461075,1
461078,1
461081,1
461089,1
461091,1
461107,1
461113,1
461118,1
461136,1
461144,1
461148,1
461151,1
461154,1
461165,1
461175,1
461181,1
461183,1
461189,1
461202,1
461218,1
461222,1
461277,1
461294,1
461304,1
461339,1
461354,1
461379,1
461392,1
461414,1
461418,1
461428,1
461430,1
461434,1
461438,1
461446,1
461451,1
461457,1
461475,1
461491,1
461501,1
461508,1
461523,1
461525,1
461528,1
461532,1
461539,1
461542,1
461544,1
461548,1
461558,1
461561,1
461563,1
461565,1
461567,1
461573,1
461586,1
461590,1
461593,1
461601,1
461605,1
461637,1
461639,1
461654,1
461656,1
461659,1
461666,1
461674,1
461677,1
461682,1
461689,1
461691,1
461698,1
461702,1
461711,1
461715,1
461718,2
461737,1
461742,1
461754,1
461758,1
461770,1
461772,1
461774,1
461776,1
461789,1
461791,1
461793,1
461795,1
461808,1
461812,1
461825,1
461828,1
461831,1
461833,1
461867,1
461880,1
461884,1
461887,1
461904,1
461919,1
461923,1
461933,1
461941,1
461945,1
461954,1
461961,1
461963,1
461972,1
461981,1
461995,1
461999,1
462001,1
462017,1
462019,1
462036,1
462038,1
462043,1
462055,1
462059,1
462063,1
462066,1
462072,1
462078,1
462086,1
462090,1
462110,1
462113,1
462116,1
462120,1
462122,1
462131,1
462137,1
462141,1
462151,1
462153,1
462188,1
462191,1
462196,1
462216,1
462246,1
462249,1
462252,1
462255,1
462264,1
462268,1
462277,1
462284,1
462292,1
462302,1
462305,1
462320,1
462326,1
462338,1
462340,1
462345,1
462349,1
462352,1
462359,1
462377,1
462380,1
462386,1
462392,1
462401,1
462405,1
462408,1
462419,1
462437,1
462473,1
462477,1
462483,1
462490,1
462495,1
462517,1
462532,1
462548,1
462551,1
462568,1
462570,1
462578,1
462586,1
462588,1
462592,1
462598,1
462600,1
462608,1
462625,1
462628,1
462634,1
462642,1
462644,1
462647,1
462649,1
462654,1
462665,1
462667,1
462672,2
462682,1
462684,1
462687,1
462692,1
462703,1
462705,1
462707,1
462710,1
462720,1
462723,1
462730,1
462738,1
462759,1
462780,1
462784,1
462798,1
462804,1
462815,1
462817,1
462822,1
462842,1
462854,1
462857,1
462860,1
462871,1
462875,2
462877,1
462883,1
462885,1
462893,1
462895,1
462897,1
462910,1
462912,1
462932,1
462935,1
462949,1
462953,1
462956,1
462958,1
462963,1
462969,1
462976,1
462986,1
462990,1
462995,1
463005,1
463021,1
463023,1
463032,1
463034,1
463043,1
463045,1
463056,1
463059,1
463065,1
463069,1
463082,1
463084,1
463101,1
463121,1
463140,1
463156,1
463158,1
463176,1
463192,1
463199,1
463203,1
463216,1
463219,1
463230,1
463232,1
463234,1
463237,1
463239,1
463249,1
463254,1
463258,1
463267,1
463271,1
463273,1
463279,1
463291,1
463308,1
463316,1
463328,1
463332,1
463345,1
463348,1
463350,1
463355,1
463364,1
463368,1
463376,1
463384,1
463388,1
463397,1
463404,1
463407,1
463412,1
463421,1
463423,1
463441,1
463445,1
463447,1
463457,1
463463,1
463482,1
463489,1
463495,1
463501,1
463503,1
463514,1
463517,1
463521,1
463527,1
463535,1
463540,1
463545,1
463555,1
463559,1
463571,1
463576,1
463579,1
463584,1
463593,1
463597,1
463602,1
463612,1
463616,1
463620,1
463631,1
463635,1
463647,1
463651,1
463690,1
463692,1
463700,1
463703,1
463708,1
463712,1
463717,1
463728,1
463730,1
463742,1
463747,1
463755,1
463764,2
463769,1
463774,1
463777,1
463787,1
463790,1
463796,1
463802,1
463809,1
463813,1
463815,1
463825,1
463835,1
463841,1
463849,1
463858,1
463863,1
463867,1
463878,1
463887,1
463898,1
463901,1
463915,1
463926,1
463938,1
463975,1
463977,1
463995,1
464009,1
464039,1
464046,1
464052,1
464058,1
464070,1
464072,1
464076,1
464090,1
464092,1
464106,1
464144,1
464148,1
464162,1
464166,1
464173,1
464186,1
464188,1
464194,1
464202,1
464205,1
464214,1
464217,1
464222,1
464237,1
464246,1
464248,1
464255,1
464258,1
464262,1
464266,1
464269,1
464281,1
464289,1
464296,1
464303,1
464318,1
464333,1
464337,1
464359,1
464363,1
464372,1
464374,1
464377,1
464381,1
464383,1
464391,1
464396,1
464408,1
464414,1
464431,1
464436,1
464439,1
464449,1
464453,1
464487,1
464494,1
464509,1
464514,1
464530,1
464542,1
464546,1
464565,1
464582,1
464603,1
464616,1
464618,1
464620,1
464624,1
464637,1
464640,1
464644,1
464660,1
464666,1
464676,1
464679,1
464703,1
464714,1
464717,1
464719,1
464722,1
464724,1
464726,1
464734,1
464740,1
464752,1
464773,1
464779,1
464792,1
464799,1
464809,1
464814,1
464819,1
464829,1
464831,1
464833,1
464840,1
464846,1
464848,1
464850,1
464853,1
464873,1
464887,1
464923,1
464932,1
464941,1
464946,1
464950,1
464963,1
464965,1
464981,1
464997,1
465000,1
465003,1
465007,1
465019,1
465022,1
465035,1
465038,1
465040,1
465042,1
465048,1
465058,1
465066,1
465074,1
465076,1
465079,1
465088,1
465097,1
465103,1
465116,1
465131,1
465137,1
465154,1
465160,1
465162,1
465173,1
465175,1
465181,1
465207,1
465211,1
465217,1
465225,1
465227,1
465231,1
465238,1
465265,1
465267,1
465269,1
465283,1
465285,1
465289,2
465295,1
465300,1
465305,1
465307,1
465311,1
465318,1
465325,1
465330,1
465336,1
465339,1
465341,1
465343,1
465345,1
465354,1
465366,1
465375,1
465382,1
465391,1
465393,1
465400,1
465417,1
465421,1
465426,1
465432,1
465438,1
465441,1
465446,1
465455,1
465457,1
465460,1
465467,1
465475,1
465477,1
465492,1
465501,1
465511,1
465515,1
465517,1
465522,1
465533,1
465536,1
465538,1
465553,1
465556,1
465577,1
465592,1
465602,1
465610,1
465614,1
465626,1
465629,1
465634,1
465645,1
465649,1
465662,1
465665,1
465673,1
465684,1
465688,1
465701,1
465703,1
465710,1
465722,1
465731,1
465740,1
465776,1
465797,1
465799,1
465801,1
465809,1
465817,1
465820,2
465835,1
465840,1
465845,1
465854,1
465858,1
465866,1
465872,1
465875,1
465877,1
465891,1
465899,1
465910,1
465915,1
465932,1
465948,1
465952,1
465964,1
465971,1
465973,1
465987,1
465990,1
465995,1
465998,1
466007,1
466009,1
466012,1
466026,1
466028,1
466044,1
466062,1
466069,1
466072,1
466080,1
466082,1
466085,1
466087,1
466118,1
466124,1
466130,1
466142,1
466157,1
466161,2
466177,1
466179,1
466181,1
466189,1
466198,1
466206,1
466211,1
466220,1
466223,1
466225,1
466228,1
466236,1
466239,1
466241,1
466255,2
466270,1
466274,1
466277,1
466285,1
466292,1
466295,1
466302,1
466309,1
466312,2
466316,1
466321,1
466334,1
466348,1
466384,1
466395,1
466400,1
466405,1
466410,1
466424,1
466437,1
466441,1
466445,1
466449,1
466453,1
466455,1
466461,1
466465,1
466494,1
466498,1
466502,1
466519,1
466521,1
466528,1
466538,1
466545,1
466548,1
466550,1
466558,1
466562,1
466571,1
466576,1
466580,1
466589,1
466593,1
466598,2
466600,1
466602,1
466609,1
466615,1
466618,1
466624,1
466627,1
466633,1
466636,1
466662,1
466668,1
466693,1
466706,1
466708,1
466712,1
466727,1
466737,1
466744,1
466747,1
466752,1
466765,1
466768,1
466771,1
466791,1
466803,1
466813,1
466821,1
466827,1
466841,1
466878,1
466883,1
466899,1
466910,1
466917,1
466922,1
466932,1
466939,1
466941,1
466957,1
466970,1
466974,1
466976,1
466983,1
466999,1
467011,1
467017,2
467021,1
467023,1
467025,1
467039,1
467043,1
467050,1
467053,1
467055,1
467060,1
467070,1
467076,1
467082,1
467089,1
467093,1
467098,1
467101,1
467111,1
467122,1
467126,1
467133,1
467147,1
467149,1
467165,1
467167,1
467188,1
467203,1
467207,1
467224,1
467226,1
467241,1
467244,1
467259,1
467263,1
467275,1
467283,1
467299,1
467307,1
467317,1
467334,1
467339,1
467353,1
467357,1
467360,1
467378,1
467384,1
467393,1
467395,1
467397,1
467411,1
467417,1
467428,1
467430,1
467434,1
467442,1
467450,1
467452,1
467459,1
467466,1
467468,1
467471,1
467473,1
467475,1
467478,1
467481,1
467489,1
467491,1
467493,1
467513,1
467517,1
467526,1
467530,1
467533,1
467545,1
467548,1
467563,1
467565,1
467581,1
467599,1
467602,1
467604,1
467659,1
467662,1
467667,1
467673,1
467679,1
467682,1
467689,1
467695,1
467698,1
467700,1
467704,1
467706,1
467708,1
467721,1
467733,1
467737,1
467739,1
467745,1
467755,1
467761,1
467772,1
467777,1
467793,1
467809,1
467814,1
467816,1
467822,1
467828,1
467834,1
467852,1
467861,1
467866,1
467869,1
467873,1
467885,1
467890,2
467894,1
467907,1
467910,1
467917,1
467926,1
467940,1
467942,1
467948,1
467950,1
467953,1
467956,1
467961,1
467963,1
467969,1
467995,1
468015,1
468021,1
468028,1
468039,1
468041,1
468043,1
468045,1
468055,1
468061,1
468069,1
468079,1
468094,1
468096,1
468102,1
468111,1
468119,1
468125,1
468136,1
468143,1
468156,1
468163,1
468175,1
468181,1
468190,1
468192,1
468194,1
468197,1
468209,1
468212,1
468217,1
468229,1
468231,1
468239,1
468246,1
468249,1
468265,1
468274,1
468282,1
468288,1
468290,1
468296,1
468306,1
468308,1
468327,1
468330,1
468345,1
468361,1
468379,1
468382,1
468384,1
468400,1
468417,1
468423,1
468429,1
468436,1
468458,1
468474,1
468476,1
468486,1
468499,1
468511,1
468515,1
468521,1
468524,1
468528,1
468536,2
468538,1
468541,1
468544,1
468551,1
468554,1
468556,1
468560,1
468567,1
468571,1
468574,1
468606,1
468612,1
468626,1
468629,1
468639,1
468647,1
468665,1
468669,1
468701,1
468705,1
468707,1
468712,1
468716,1
468720,1
468722,1
468728,1
468731,1
468742,1
468752,1
468758,1
468760,1
468762,1
468765,1
468768,1
468772,1
468781,1
468794,1
468797,1
468800,1
468802,1
468817,1
468823,1
468833,1
468835,1
468840,1
468855,1
468857,1
468863,1
468876,1
468892,1
468894,1
468896,1
468900,1
468902,1
468914,1
468918,2
468941,1
468950,1
468955,1
468962,1
468972,1
468987,1
468994,1
469000,1
469011,1
469018,1
469026,1
469028,1
469030,1
469032,1
469043,1
469047,1
469055,1
469057,1
469065,1
469080,1
469086,1
469088,1
469095,1
469105,1
469122,1
469124,1
469129,1
469140,1
469143,1
469145,1
469152,1
469175,1
469182,1
469214,1
469226,1
469236,1
469238,1
469257,1
469265,1
469271,1
469275,1
469279,1
469282,1
469284,1
469292,1
469298,1
469309,1
469312,1
469315,1
469333,1
469338,1
469360,1
469370,1
469376,1
469386,1
469388,1
469391,1
469410,1
469414,1
469424,1
469429,1
469442,1
469446,1
469461,1
469467,1
469473,1
469486,1
469499,1
469502,1
469505,1
469513,1
469538,1
469560,1
469568,1
469577,1
469579,1
469581,1
469587,1
469597,1
469599,1
469601,1
469609,1
469632,1
469634,1
469637,1
469641,1
469657,1
469671,1
469674,1
469692,1
469709,1
469726,1
469732,1
469744,1
469747,1
469750,1
469765,1
469769,1
469772,1
469777,1
469788,1
469790,1
469794,1
469805,1
469807,1
469809,1
469827,2
469840,1
469842,1
469844,1
469849,1
469861,1
469878,1
469880,1
469882,1
469887,1
469892,1
469901,1
469911,1
469920,1
469922,1
469925,1
469957,1
469959,1
469974,1
469978,1
469981,1
469988,1
469995,1
469997,1
470000,1
470006,1
470017,1
470019,1
470025,1
470047,1
470053,1
470070,1
470073,1
470090,1
470092,1
470101,1
470110,1
470119,1
470126,1
470130,1
470137,1
470149,1
470154,1
470164,1
470168,1
470170,1
470183,1
470185,1
470188,1
470193,1
470197,1
470206,1
470213,1
470222,1
470242,1
470244,1
470262,1
470264,1
470281,1
470290,1
470299,2
470301,1
470304,1
470309,1
470336,1
470338,1
470356,1
470358,1
470375,1
470377,1
470393,1
470395,1
470412,1
470415,1
470432,1
470434,1
470439,1
470442,1
470453,1
470460,1
470468,1
470474,1
470477,1
470489,1
470492,1
470499,1
470506,1
470519,1
470527,1
470529,1
470531,1
470535,1
470539,1
470548,1
470552,1
470565,1
470568,1
470589,1
470594,1
470602,1
470605,1
470608,1
470612,1
470614,1
470625,1
470630,1
470638,1
470644,1
470659,1
470662,1
470669,1
470678,1
470680,1
470683,1
470685,1
470696,1
470700,1
470705,1
470708,1
470716,1
470719,1
470727,1
470740,1
470756,1
470772,1
470776,1
470790,1
470794,1
470796,1
470805,1
470816,1
470831,1
470848,1
470885,1
470890,1
470908,1
470927,1
470942,1
470956,1
470985,1
470990,1
470992,1
471001,1
471005,1
471007,1
471012,1
471022,1
471024,1
471028,1
471038,1
471042,1
471050,1
471053,1
471063,1
471080,1
471084,1
471086,1
471100,1
471118,1
471121,1
471136,1
471138,1
471140,1
471154,1
471156,1
471158,1
471160,1
471168,1
471175,1
471177,1
471179,1
471192,1
471195,1
471201,1
471214,1
471230,1
471232,1
471248,1
471250,1
471252,1
471257,1
471259,1
471262,1
471264,1
471272,1
471274,1
471278,1
471287,1
471289,1
471293,1
471306,1
471323,1
471335,1
471348,1
471354,1
471361,1
471381,1
471401,1
471403,1
471407,1
471411,1
471424,2
471430,1
471439,1
471441,1
471444,1
471452,1
471468,1
471473,1
471479,1
471484,1
471497,1
471499,1
471515,1
471517,1
471520,1
471526,1
471536,1
471538,1
471543,1
471554,1
471556,1
471559,1
471573,1
471585,1
471589,1
471592,1
471603,1
471605,1
471628,1
471630,1
471633,1
471639,1
471650,1
471665,1
471668,1
471671,1
471679,1
471689,2
471696,1
471707,1
471713,1
471728,1
471734,1
471741,1
471746,1
471767,1
471782,1
471784,1
471787,1
471790,1
471800,1
471802,1
471804,1
471806,1
471817,1
471820,1
471824,1
471836,1
471840,1
471842,1
471856,1
471859,1
471886,1
471894,1
471897,1
471900,1
471903,1
471921,1
471929,1
471931,1
471934,1
471936,1
471939,1
471946,1
471954,1
471960,1
471963,1
471969,1
471974,1
471977,1
471979,1
471983,1
471985,1
471991,1
471993,1
471996,2
472009,1
472015,1
472032,1
472045,1
472048,1
472050,1
472058,1
472065,1
472069,1
472085,1
472100,1
472110,1
472115,1
472123,1
472130,1
472142,1
472150,1
472163,1
472171,1
472181,1
472184,1
472197,1
472202,1
472210,1
472237,1
472242,1
472249,1
472251,1
472258,1
472260,1
472262,1
472265,1
472268,1
472277,1
472279,1
472293,1
472295,1
472300,1
472315,1
472317,1
472332,1
472334,1
472351,1
472359,1
472362,1
472386,1
472391,1
472398,1
472408,1
472411,1
472424,1
472427,1
472429,1
472444,1
472446,1
472449,1
472454,1
472468,1
472472,1
472478,1
472485,1
472487,1
472489,1
472502,1
472505,1
472509,1
472513,1
472523,1
472525,1
472529,1
472579,1
472589,1
472597,1
472600,1
472602,1
472607,1
472621,1
472636,1
472646,1
472653,1
472657,1
472659,1
472675,1
472683,1
472691,1
472695,1
472703,1
472711,1
472717,1
472732,1
472734,1
472738,1
472740,1
472752,1
472755,2
472769,1
472787,1
472789,1
472804,1
472807,1
472810,1
472818,1
472845,1
472864,1
472881,1
472884,1
472886,1
472897,1
472904,1
472919,1
472923,1
472925,1
472942,1
472976,1
472978,1
472982,1
472984,1
473001,1
473003,1
473015,1
473017,1
473021,2
473023,1
473037,1
473040,1
473052,1
473054,1
473060,1
473072,1
473076,1
473087,1
473093,1
473113,1
473119,1
473129,1
473133,1
473141,1
473150,1
473186,1
473191,1
473195,1
473208,1
473242,1
473263,1
473265,1
473288,1
473303,1
473305,1
473320,1
473322,1
473336,1
473340,1
473348,1
473357,1
473359,1
473367,1
473374,1
473377,1
473380,1
473382,1
473385,1
473399,1
473401,1
473405,1
473416,1
473418,1
473421,1
473425,1
473429,1
473437,1
473441,1
473450,1
473463,1
473473,1
473492,1
473501,1
473510,1
473518,1
473527,1
473537,1
473548,1
473550,1
473555,1
473559,1
473568,1
473584,1
473587,1
473591,1
473596,1
473604,1
473607,1
473609,1
473621,1
473625,1
473638,1
473644,1
473648,1
473658,1
473664,1
473673,1
473681,1
473683,1
473691,1
473706,1
473711,1
473718,1
473723,1
473726,1
473737,1
473742,1
473756,1
473758,1
473760,1
473767,1
473773,1
473777,1
473783,1
473787,1
473804,1
473811,1
473817,1
473834,1
473838,1
473852,1
473854,1
473862,1
473870,1
473873,1
473889,1
473898,1
473907,1
473909,1
473922,1
473930,1
473938,1
473947,1
473955,1
473969,1
473979,1
473983,1
473985,1
473987,1
473989,1
473994,1
474001,1
474008,1
474010,1
474015,1
474024,1
474041,1
474043,1
474047,1
474061,1
474067,1
474106,1
474118,1
474120,1
474125,1
474128,1
474139,1
474154,1
474156,1
474159,1
474162,1
474165,1
474172,1
474180,1
474193,1
474195,1
474208,1
474214,1
474219,1
474222,1
474232,1
474249,1
474252,1
474264,1
474271,1
474283,1
474288,1
474306,1
474323,1
474325,1
474329,1
474333,1
474346,1
474348,1
474363,1
474365,1
474380,1
474385,1
474388,1
474391,1
474403,1
474406,1
474409,1
474422,1
474424,1
474429,1
474439,1
474441,1
474446,1
474451,1
474458,1
474464,1
474480,1
474499,1
474504,1
474518,1
474548,1
474553,1
474561,1
474569,1
474574,1
474577,1
474582,1
474593,1
474595,1
474597,1
474610,1
474620,1
474631,1
474633,1
474635,1
474648,1
474652,1
474661,1
474666,1
474676,1
474688,1
474690,1
474695,1
474704,1
474709,1
474722,1
474726,1
474731,1
474746,1
474785,1
474804,1
474806,1
474820,1
474823,1
474835,1
474842,1
474884,1
474899,1
474901,1
474905,1
474908,1
474918,1
474930,1
474934,1
474937,1
474941,1
474944,1
474949,1
474957,1
474970,1
474972,1
474975,1
475008,1
475014,1
475019,1
475041,1
475050,1
475053,1
475057,1
475071,1
475075,1
475078,1
475088,1
475090,1
475092,1
475095,1
475097,1
475105,1
475110,2
475124,1
475136,1
475147,1
475158,1
475160,1
475164,1
475166,1
475168,1
475175,1
475182,1
475184,1
475189,1
475196,1
475198,1
475204,1
475207,1
475220,1
475223,1
475231,1
475240,1
475255,1
475257,1
475261,1
475277,1
475295,1
475311,1
475352,1
475354,1
475366,1
475371,1
475407,1
475430,1
475432,1
475446,1
475448,1
475451,1
475469,1
475488,1
475492,1
475508,1
475510,1
475524,1
475526,1
475540,1
475543,1
475545,1
475559,1
475562,1
475565,1
475578,1
475585,1
475598,1
475615,1
475618,1
475660,1
475678,1
475690,1
475695,1
475697,1
475712,1
475731,1
475734,2
475757,1
475771,1
475774,1
475777,1
475791,1
475793,1
475806,1
475809,1
475812,1
475814,1
475821,1
475828,1
475841,1
475851,1
475857,1
475867,1
475869,1
475882,1
475885,1
475890,1
475903,1
475911,1
475923,1
475926,1
475943,1
475958,1
475960,1
475976,1
475982,1
476001,1
476017,1
476021,1
476036,1
476054,1
476056,1
476059,1
476062,1
476075,1
476098,1
476111,1
476124,1
476131,1
476133,1
476137,1
476140,1
476152,1
476154,1
476156,1
476158,1
476173,1
476187,1
476189,1
476206,1
476226,1
476228,1
476249,1
476264,1
476269,1
476282,1
476284,1
476286,1
476306,1
476309,1
476320,1
476327,1
476342,2
476357,1
476360,1
476367,1
476380,1
476382,1
476398,1
476423,1
476428,1
476449,1
476455,1
476459,1
476465,1
476472,1
476495,1
476503,1
476508,1
476511,1
476513,1
476515,1
476517,1
476528,1
476533,2
476535,1
476537,1
476540,1
476547,1
476549,1
476555,2
476557,1
476559,1
476574,1
476587,1
476605,1
476609,1
476612,1
476624,1
476627,1
476629,1
476658,1
476662,1
476665,1
476671,1
476685,1
476700,1
476705,1
476707,1
476709,1
476720,1
476723,1
476736,1
476739,1
476745,1
476760,1
476762,1
476779,1
476794,1
476803,1
476816,1
476819,1
476834,1
476836,1
476852,1
476865,1
476872,1
476877,1
476881,1
476892,1
476894,1
476909,1
476914,1
476927,1
476929,1
476931,1
476935,1
476959,1
476966,1
476968,1
476972,1
477008,1
477024,1
477026,1
477038,1
477042,1
477051,1
477059,1
477063,1
477065,1
477079,1
477085,1
477089,1
477104,1
477106,1
477140,2
477143,1
477147,1
477159,1
477169,1
477177,2
477191,1
477193,1
477197,1
477200,1
477203,1
477206,1
477216,1
477230,1
477235,1
477238,1
477243,1
477250,1
477252,1
477255,1
477259,1
477266,1
477277,1
477285,1
477291,1
477297,1
477306,1
477316,1
477319,1
477334,1
477351,1
477370,1
477384,1
477386,1
477389,1
477404,1
477441,1
477448,1
477461,1
477463,1
477468,1
477479,1
477488,1
477498,1
477506,1
477514,1
477522,1
477541,1
477544,1
477558,1
477563,1
477575,1
477578,1
477581,1
477595,1
477599,1
477613,1
477626,1
477631,1
477633,1
477636,1
477638,1
477640,1
477644,1
477651,1
477654,1
477656,1
477665,1
477670,1
477672,1
477684,1
477686,1
477691,1
477694,1
477697,1
477705,1
477708,1
477711,1
477715,1
477717,1
477723,1
477728,1
477730,1
477733,1
477735,1
477742,1
477748,1
477764,1
477766,1
477777,1
477785,1
477791,1
477800,1
477804,1
477807,1
477822,1
477838,1
477848,1
477852,1
477861,1
477865,1
477877,1
477881,1
477883,1
477899,1
477901,1
477904,1
477935,1
477938,1
477955,1
477959,1
477974,1
477976,1
477979,1
477992,1
478002,1
478012,1
478018,1
478033,1
478049,1
478052,1
478056,1
478068,1
478086,1
478088,1
478093,1
478114,1
478119,1
478124,1
478126,1
478129,1
478132,1
478144,1
478149,1
478160,1
478165,1
478167,1
478182,1
478186,1
478190,1
478192,1
478203,1
478216,1
478221,1
478223,1
478228,1
478231,1
478233,1
478243,1
478247,1
478252,1
478260,1
478262,1
478295,1
478298,1
478301,1
478306,1
478315,1
478318,1
478320,1
478323,1
478343,1
478350,1
478355,1
478358,1
478361,1
478374,1
478379,1
478391,1
478394,2
478398,1
478413,1
478417,1
478429,1
478431,1
478433,1
478438,1
478450,1
478454,1
478468,1
478490,1
478494,1
478507,1
478510,1
478530,1
478536,1
478547,1
478549,1
478553,1
478562,1
478571,1
478584,2
478598,1
478600,1
478605,1
478611,1
478621,1
478626,1
478628,1
478637,1
478641,1
478658,1
478673,1
478677,1
478682,1
478696,1
478698,1
478701,1
478716,1
478737,1
478749,1
478754,1
478774,1
478776,1
478780,1
478791,1
478793,1
478796,2
478798,1
478811,1
478818,1
478829,1
478833,1
478841,1
478848,1
478850,1
478865,1
478867,1
478873,1
478884,1
478896,1
478904,1
478906,1
478924,1
478927,1
478939,1
478944,1
478949,1
478963,1
478969,1
478983,1
478987,1
479004,1
479019,1
479026,1
479035,1
479039,1
479041,1
479047,1
479063,1
479069,1
479077,1
479090,1
479112,1
479114,1
479118,1
479120,1
479131,1
479134,1
479137,1
479152,1
479168,1
479176,1
479192,1
479207,1
479209,1
479212,1
479229,1
479253,1
479259,1
479266,1
479272,1
479286,1
479288,1
479302,1
479305,1
479323,1
479329,1
479338,1
479343,1
479356,1
479364,1
479372,1
479376,1
479387,1
479396,1
479404,1
479408,1
479436,1
479443,1
479456,1
479493,1
479502,1
479511,1
479515,1
479526,1
479549,1
479554,1
479559,1
479577,1
479582,1
479590,1
479592,1
479595,1
479609,1
479611,1
479635,1
479641,1
479664,1
479681,1
479702,1
479704,1
479712,1
479720,1
479724,1
479734,1
479739,1
479742,1
479750,1
479761,1
479778,1
479794,1
479804,1
479812,1
479816,1
479819,1
479821,1
479832,1
479851,1
479855,1
479857,1
479859,1
479864,1
479877,1
479883,1
479885,1
479887,1
479896,1
479899,1
479905,1
479912,1
479915,1
479930,1
479932,1
479934,1
479939,1
479988,1
479993,1
480004,1
480008,1
480015,1
480022,1
480024,1
480027,1
480030,1
480033,1
480045,1
480049,1
480053,1
480066,1
480083,1
480101,1
480103,1
480122,1
480127,1
480129,1
480140,1
480142,1
480145,1
480159,1
480161,1
480165,1
480179,1
480196,1
480198,1
480201,1
480215,1
480219,1
480223,1
480236,1
480239,1
480243,1
480252,1
480258,2
480275,1
480277,1
480280,1
480285,1
480295,1
480302,1
480309,1
480311,1
480313,1
480315,1
480332,1
480336,1
480352,1
480356,1
480368,1
480370,1
480372,1
480387,1
480390,1
480405,1
480407,1
480413,1
480442,1
480444,1
480453,1
480463,1
480481,1
480483,1
480492,1
480499,1
480501,1
480506,1
480509,1
480515,1
480523,1
480535,1
480538,1
480542,2
480557,1
480560,1
480562,1
480567,1
480594,1
480613,1
480617,1
480622,1
480636,1
480639,1
480652,1
480655,1
480670,1
480680,1
480688,1
480693,1
480696,1
480711,1
480724,1
480730,1
480738,1
480748,1
480766,1
480769,1
480783,1
480804,1
480806,1
480819,1
480823,1
480825,1
480828,1
480843,1
480846,2
480850,1
480862,1
480865,1
480880,1
480894,1
480896,1
480899,1
480903,1
480918,1
480929,1
480937,1
480940,1
480942,1
480956,1
480958,1
480969,1
480971,1
480974,1
480977,1
480995,1
480997,1
481003,1
481013,1
481016,1
481018,1
481021,1
481034,1
481036,1
481048,1
481050,1
481054,1
481069,1
481073,1
481080,1
481093,1
481097,1
481106,1
481109,1
481112,1
481115,1
481143,1
481145,1
481148,1
481151,1
481184,1
481186,1
481188,1
481206,2
481222,1
481232,1
481244,1
481249,1
481252,1
481261,1
481265,1
481284,2
481299,1
481301,1
481303,1
481307,1
481334,1
481340,1
481346,1
481354,1
481364,1
481377,1
481389,1
481396,1
481400,1
481410,1
481416,1
481418,1
481432,1
481435,1
481464,1
481474,1
481491,1
481506,1
481509,1
481511,1
481527,1
481529,1
481533,1
481545,1
481548,1
481550,1
481564,1
481566,1
481569,2
481580,1
481588,1
481601,1
481605,1
481621,1
481623,1
481625,1
481639,1
481643,1
481658,1
481660,1
481664,1
481675,1
481677,1
481680,1
481682,1
481684,1
481687,1
481696,1
481701,1
481717,1
481719,1
481733,1
481739,1
481746,1
481754,1
481756,1
481759,1
481765,1
481771,1
481778,2
481782,1
481786,1
481794,1
481798,1
481813,1
481833,2
481852,1
481865,1
481870,1
481872,1
481876,1
481888,1
481891,1
481906,1
481911,1
481914,1
481929,1
481944,1
481947,1
481960,1
481966,1
482004,1
482020,1
482023,1
482038,1
482042,1
482059,1
482061,1
482075,1
482080,1
482113,1
482117,1
482119,1
482134,1
482136,1
482138,1
482155,1
482174,1
482190,1
482193,1
482195,1
482206,1
482209,1
482212,1
482215,1
482229,1
482232,1
482234,1
482251,1
482268,1
482270,1
482285,1
482288,1
482290,1
482298,1
482305,1
482327,1
482342,1
482345,1
482347,1
482362,1
482365,1
482379,1
482381,1
482384,1
482386,1
482400,1
482403,1
482415,1
482420,1
482423,1
482438,1
482441,1
482454,1
482457,1
482473,1
482476,1
482478,1
482481,1
482491,1
482499,1
482508,1
482511,1
482523,1
482535,1
482538,1
482549,1
482552,1
482555,1
482557,1
482567,1
482570,1
482593,1
482601,1
482609,1
482612,1
482615,1
482628,1
482631,1
482644,1
482647,1
482650,1
482652,1
482667,1
482670,1
482687,1
482702,1
482705,1
482708,1
482724,1
482727,2
482740,1
482742,1
482745,1
482748,1
482750,1
482767,2
482776,1
482783,1
482786,1
482800,1
482802,1
482815,1
482827,1
482834,1
482840,1
482842,1
482859,1
482877,2
482896,1
482898,1
482914,1
482929,1
482935,1
482948,1
482954,1
482957,1
482973,1
482990,1
482993,2
483003,1
483011,1
483027,1
483030,1
483047,1
483051,1
483061,1
483066,1
483070,1
483072,1
483087,1
483103,1
483105,1
483120,1
483125,1
483142,1
483156,1
483158,1
483164,1
483166,1
483177,1
483180,1
483184,1
483211,1
483222,1
483224,1
483238,1
483240,1
483250,1
483254,1
483257,1
483260,1
483270,1
483275,1
483279,1
483281,1
483293,1
483295,1
483314,1
483316,1
483328,1
483333,1
483349,1
483351,1
483354,1
483369,1
483373,2
483386,1
483389,1
483392,1
483394,1
483407,1
483428,1
483445,1
483448,1
483451,1
483464,1
483468,1
483477,1
483484,1
483487,1
483500,1
483506,1
483508,1
483524,1
483538,1
483540,1
483553,1
483557,1
483562,1
483565,1
483597,1
483614,1
483617,1
483620,1
483622,1
483634,1
483637,1
483640,1
483655,1
483658,1
483672,1
483674,1
483676,1
483690,1
483692,1
483694,1
483697,1
483710,1
483712,1
483727,1
483730,1
483745,1
483749,1
483753,1
483766,1
483768,1
483772,1
483774,1
483789,1
483792,2
483795,1
483825,1
483827,1
483830,1
483841,1
483844,1
483848,1
483850,1
483863,1
483875,1
483879,1
483884,1
483889,1
483904,1
483907,1
483922,1
483928,1
483940,1
483956,1
483958,1
483961,1
483965,1
483975,1
483981,1
484002,1
484015,1
484018,1
484020,1
484052,1
484055,1
484075,1
484077,1
484094,1
484097,1
484110,1
484112,1
484116,1
484125,1
484130,1
484146,1
484148,1
484150,1
484152,1
484156,1
484167,1
484190,1
484204,1
484206,1
484210,1
484212,1
484222,1
484230,1
484243,1
484246,1
484264,1
484268,1
484280,1
484287,1
484300,1
484303,1
484318,1
484321,1
484325,1
484337,1
484339,1
484342,1
484344,1
484356,1
484361,2
484376,1
484379,1
484382,1
484390,1
484397,1
484399,1
484403,1
484412,1
484414,1
484419,1
484432,1
484434,1
484455,1
484470,1
484472,1
484475,1
484478,1
484489,1
484492,1
484495,1
484508,1
484510,1
484512,1
484522,1
484528,1
484557,1
484560,1
484569,1
484581,1
484584,1
484588,1
484603,1
484622,1
484626,1
484666,1
484681,1
484683,1
484685,1
484718,1
484721,1
484725,1
484731,1
484736,1
484740,1
484757,1
484777,1
484790,1
484815,1
484852,1
484855,1
484858,1
484871,1
484873,1
484891,1
484894,1
484908,1
484911,1
484925,1
484929,1
484934,1
484954,1
484965,1
484968,1
484982,1
484986,1
484998,1
485005,1
485019,1
485024,1
485026,1
485041,1
485044,1
485059,1
485062,1
485067,1
485069,1
485079,1
485086,1
485098,1
485101,1
485104,1
485119,1
485125,1
485135,1
485138,1
485144,1
485157,1
485172,1
485180,1
485187,1
485193,1
485197,1
485208,1
485211,1
485214,1
485216,1
485221,1
485231,1
485249,1
485252,1
485267,1
485271,1
485290,1
485294,1
485309,1
485344,1
485346,1
485348,1
485351,1
485366,1
485383,1
485390,1
485407,1
485422,1
485424,1
485442,1
485459,1
485461,1
485477,1
485480,1
485496,1
485499,1
485503,1
485509,1
485513,1
485517,1
485521,1
485535,1
485544,1
485556,1
485575,1
485588,1
485591,1
485595,1
485616,1
485631,1
485633,1
485635,1
485650,1
485652,1
485664,1
485671,1
485692,1
485705,1
485709,1
485726,1
485728,1
485745,1
485753,1
485762,1
485764,1
485771,1
485781,1
485786,1
485788,1
485790,1
485800,1
485802,1
485815,1
485820,1
485824,2
485827,1
485840,1
485846,1
485860,1
485873,1
485876,1
485879,1
485881,1
485897,1
485899,1
485915,1
485921,1
485935,1
485937,1
485951,1
485974,1
485977,1
485982,1
485993,1
485996,2
486026,1
486031,1
486043,1
486050,1
486054,1
486066,1
486070,1
486085,1
486103,1
486107,1
486122,1
486126,1
486142,1
486145,1
486148,1
486161,1
486164,1
486167,2
486169,1
486184,1
486217,1
486220,1
486222,1
486225,1
486238,1
486256,1
486259,1
486262,1
486269,1
486277,1
486279,1
486281,1
486283,1
486299,1
486311,1
486316,1
486332,1
486353,1
486357,1
486371,1
486374,1
486390,1
486407,1
486410,1
486427,1
486430,1
486449,1
486454,1
486463,1
486470,2
486485,1
486505,1
486523,1
486525,1
486528,1
486544,1
486560,1
486579,1
486582,1
486586,1
486599,1
486618,1
486620,1
486655,1
486658,1
486674,1
486676,1
486681,1
486694,1
486715,1
486718,1
486738,1
486747,1
486752,1
486755,1
486759,1
486772,1
486788,1
486790,1
486792,1
486808,1
486825,1
486828,1
486830,1
486833,1
486839,1
486850,1
486864,1
486866,1
486873,1
486884,1
486891,1
486904,1
486906,1
486939,1
486943,1
486946,1
486960,1
486965,2
486978,1
486987,1
486998,1
487016,1
487019,1
487036,1
487038,1
487041,1
487055,1
487068,1
487074,1
487076,1
487082,1
487093,1
487096,1
487098,1
487110,1
487113,1
487127,1
487129,1
487132,1
487135,1
487150,1
487168,1
487171,1
487188,1
487203,1
487207,1
487225,1
487244,1
487246,1
487263,1
487266,1
487281,1
487283,1
487301,1
487303,1
487305,1
487320,1
487325,1
487342,1
487376,1
487379,1
487397,1
487399,1
487413,1
487416,1
487418,1
487420,1
487423,1
487435,1
487438,1
487462,1
487472,1
487475,1
487477,1
487492,1
487496,1
487506,1
487514,1
487537,1
487543,1
487552,1
487567,1
487569,1
487571,1
487586,1
487588,1
487591,1
487605,1
487607,1
487612,1
487624,1
487627,1
487629,1
487643,1
487646,1
487649,1
487661,1
487663,1
487667,1
487683,1
487697,1
487700,1
487704,1
487719,1
487722,1
487737,1
487756,1
487758,1
487776,1
487779,1
487793,1
487795,1
487800,1
487803,1
487815,1
487817,1
487821,1
487836,1
487853,1
487855,1
487874,1
487890,1
487911,1
487915,1
487928,1
487931,1
487935,1
487947,1
487951,1
487966,1
487974,1
487984,1
487986,1
487990,1
488006,1
488027,1
488045,1
488049,1
488069,1
488082,1
488084,1
488099,1
488118,1
488138,1
488142,1
488176,1
488178,1
488194,1
488196,1
488213,1
488232,1
488237,1
488254,1
488268,1
488272,1
488289,1
488291,1
488293,1
488297,1
488309,1
488328,1
488330,1
488332,1
488347,1
488350,1
488364,1
488368,1
488385,1
488400,1
488402,1
488406,1
488408,1
488436,1
488439,1
488442,1
488446,1
488449,2
488456,1
488463,1
488465,1
488498,1
488500,1
488502,1
488506,1
488517,1
488519,1
488521,1
488523,1
488534,1
488537,1
488540,1
488554,1
488556,1
488560,1
488575,1
488577,1
488592,1
488612,1
488614,1
488616,1
488634,1
488645,1
488651,1
488669,1
488673,1
488687,1
488691,1
488704,1
488707,1
488709,1
488712,1
488716,1
488726,1
488729,1
488731,1
488743,1
488745,1
488750,1
488765,1
488767,1
488783,1
488787,1
488804,1
488806,1
488821,1
488827,1
488844,1
488859,1
488861,1
488863,1
488878,1
488916,1
488918,1
488921,1
488935,1
488938,1
488944,1
488947,1
488956,1
488963,1
488975,1
488977,1
488983,1
488992,1
488994,1
488997,1
489011,1
489013,1
489030,1
489049,1
489052,1
489069,1
489086,1
489090,1
489100,1
489110,1
489124,1
489129,1
489145,1
489147,1
489168,1
489180,1
489185,1
489187,1
489204,1
489210,1
489223,1
489225,1
489242,1
489252,1
489259,1
489261,1
489263,1
489267,1
489279,1
489288,1
489313,1
489332,1
489334,1
489337,1
489339,1
489354,1
489356,1
489367,1
489373,2
489381,1
489388,1
489409,1
489414,1
489435,1
489449,1
489507,1
489526,1
489543,1
489547,1
489563,1
489565,1
489581,1
489583,1
489586,1
489589,1
489601,1
489603,1
489615,1
489618,1
489621,1
489624,1
489627,1
489642,1
489644,1
489652,1
489658,1
489661,1
489676,1
489691,1
489694,1
489698,1
489700,1
489718,2
489729,1
489734,1
489738,1
489748,1
489752,1
489754,1
489757,1
489771,1
489788,1
489791,1
489798,1
489808,1
489811,1
489814,1
489856,1
489861,1
489871,1
489884,1
489886,1
489888,1
489892,1
489906,1
489909,1
489922,1
489926,1
489928,1
489931,1
489945,1
489948,1
489959,1
489965,1
489980,1
490000,1
490002,1
490015,1
490018,1
490020,1
490037,1
490057,1
490069,1
490072,1
490076,1
490080,1
490082,1
490092,1
490094,1
490098,1
490110,1
490115,1
490118,1
490135,1
490172,1
490208,1
490211,1
490227,1
490229,1
490245,1
490249,1
490267,1
490288,1
490305,1
490307,1
490320,1
490328,1
490336,1
490341,1
490351,1
490359,1
490361,1
490366,1
490376,1
490382,1
490395,1
490431,1
490436,1
490438,1
490443,1
490455,1
490458,1
490460,1
490465,1
490469,1
490478,1
490495,1
490497,1
490506,1
490511,1
490529,1
490534,1
490537,1
490541,1
490543,1
490553,1
490556,1
490571,1
490608,1
490610,1
490626,1
490628,1
490631,1
490634,2
490645,1
490648,1
490663,1
490681,1
490685,1
490704,1
490706,1
490722,1
490725,1
490739,1
490741,1
490744,1
490759,1
490761,1
490764,1
490778,1
490781,1
490784,1
490797,1
490799,1
490805,1
490817,1
490822,1
490837,1
490841,1
490849,1
490870,1
490876,1
490882,1
490892,1
490895,1
490918,1
490928,1
490932,1
490934,1
490949,1
490951,1
490953,1
490956,1
490968,1
490975,1
490984,1
490986,1
490989,1
490992,1
490995,1
491007,1
491009,1
491021,1
491023,1
491031,1
491045,1
491047,1
491060,1
491064,1
491066,1
491085,1
491101,1
491121,1
491123,1
491141,1
491143,1
491154,1
491159,1
491161,1
491163,1
491165,1
491176,1
491179,1
491182,1
491187,1
491192,1
491196,1
491200,1
491207,1
491213,1
491216,1
491218,1
491220,1
491223,2
491226,1
491236,1
491249,1
491252,1
491256,1
491259,1
491277,1
491311,1
491331,1
491349,1
491352,1
491367,1
491375,2
491405,1
491408,1
491424,1
491441,1
491444,1
491449,1
491458,1
491464,1
491466,1
491468,1
491480,1
491483,1
491498,1
491507,1
491523,1
491534,1
491541,1
491545,1
491550,1
491560,1
491575,1
491577,1
491579,1
491582,1
491584,1
491612,1
491614,1
491618,1
491632,1
491635,1
491653,1
491656,1
491658,1
491671,1
491676,1
491689,1
491694,2
491707,1
491711,1
491714,1
491717,1
491728,1
491732,1
491745,1
491750,1
491753,1
491771,1
491781,1
491785,1
491787,1
491790,1
491798,1
491804,1
491806,1
491820,1
491823,1
491826,1
491829,1
491831,1
491838,1
491841,1
491844,1
491848,1
491857,1
491861,1
491863,1
491866,1
491881,1
491883,1
491885,1
491898,1
491902,1
491904,1
491918,1
491923,1
491932,1
491936,1
491956,1
491996,1
491999,1
492015,1
492020,1
492029,1
492042,1
492050,1
492058,1
492072,1
492074,1
492104,1
492108,1
492129,1
492132,1
492148,1
492166,1
492170,1
492186,1
492189,1
492197,1
492206,1
492220,1
492224,1
492226,1
492230,1
492245,1
492256,1
492262,1
492267,1
492279,1
492281,1
492285,1
492298,1
492300,1
492303,1
492308,1
492316,1
492333,1
492340,1
492344,1
492356,1
492371,1
492391,1
492394,1
492409,1
492429,1
492450,1
492456,1
492469,1
492472,1
492508,1
492512,1
492528,1
492547,1
492561,1
492564,1
492582,1
492585,1
492599,1
492601,1
492605,1
492619,1
492623,1
492627,1
492638,1
492641,1
492658,1
492661,1
492675,1
492677,1
492679,1
492681,1
492685,1
492695,1
492702,1
492713,1
492718,1
492727,1
492738,1
492754,1
492756,1
492772,1
492774,1
492777,1
492790,1
492792,1
492794,1
492799,1
492807,1
492809,1
492813,1
492817,1
492845,1
492849,1
492867,1
492869,1
492872,1
492875,1
492887,1
492903,1
492907,1
492944,1
492946,1
492961,1
492964,1
492966,1
492977,1
492980,1
492983,1
492990,1
492999,1
493002,1
493017,1
493020,1
493022,1
493036,1
493038,1
493040,1
493048,1
493054,1
493061,1
493075,1
493078,1
493080,1
493084,1
493111,1
493116,1
493118,1
493133,1
493153,1
493170,1
493178,1
493193,1
493196,1
493212,1
493227,1
493229,1
493244,1
493247,1
493287,1
493302,1
493305,1
493311,2
493321,1
493324,1
493326,1
493329,1
493334,1
493342,1
493344,1
493353,1
493367,1
493376,1
493383,1
493385,1
493396,1
493401,1
493403,1
493434,1
493436,1
493439,1
493446,2
493454,1
493460,1
493473,1
493475,1
493480,1
493495,1
493508,1
493511,1
493522,1
493526,1
493537,1
493552,1
493556,1
493586,1
493603,1
493629,1
493635,1
493652,1
493666,1
493702,1
493705,1
493721,1
493739,1
493744,1
493746,1
493759,1
493774,1
493783,1
493799,1
493801,1
493816,1
493829,1
493832,1
493836,1
493838,1
493873,1
493888,1
493892,1
493900,1
493913,1
493917,1
493924,1
493950,1
493989,1
493992,1
493995,1
494008,1
494012,1
494025,1
494047,1
494056,1
494058,1
494067,1
494079,1
494083,1
494086,1
494089,1
494100,1
494103,1
494117,1
494122,1
494124,1
494128,1
494141,1
494143,1
494158,1
494176,2
494192,1
494214,1
494218,1
494222,1
494228,1
494236,1
494239,1
494241,1
494253,1
494255,1
494263,1
494271,1
494294,1
494301,1
494310,1
494315,1
494319,1
494321,1
494346,1
494359,1
494372,1
494387,1
494422,1
494425,1
494460,1
494463,1
494474,1
494481,1
494486,1
494489,1
494506,1
494515,1
494520,1
494525,1
494530,1
494538,1
494542,1
494551,1
494558,1
494574,1
494592,1
494595,1
494598,1
494610,1
494617,1
494633,1
494635,1
494637,1
494639,1
494653,1
494655,1
494657,1
494670,1
494672,1
494675,1
494686,1
494690,2
494692,1
494696,1
494706,1
494710,1
494716,2
494727,1
494729,1
494737,1
494745,1
494751,1
494753,1
494765,1
494783,1
494786,1
494788,1
494790,1
494795,1
494804,1
494809,1
494824,1
494827,1
494829,1
494835,1
494837,1
494842,1
494845,1
494848,1
494851,1
494860,1
494870,1
494874,1
494879,1
494887,1
494901,1
494903,1
494911,1
494915,1
494924,1
494934,1
494939,1
494941,1
494959,1
494962,1
494975,1
494977,1
494980,1
494993,1
495009,1
495013,1
495034,1
495057,1
495064,1
495071,1
495075,1
495086,1
495090,1
495093,1
495127,1
495131,1
495136,1
495142,1
495151,1
495163,1
495166,1
495168,1
495179,1
495186,1
495191,1
495193,1
495197,1
495204,1
495207,1
495210,1
495218,1
495241,1
495243,1
495247,1
495260,1
495277,1
495282,1
495314,1
495317,1
495321,1
495335,1
495344,1
495349,1
495356,1
495362,1
495374,1
495391,1
495394,1
495397,1
495402,1
495410,1
495414,1
495418,1
495430,1
495432,1
495434,1
495442,1
495451,1
495453,1
495469,1
495486,1
495490,1
495492,1
495508,1
495543,1
495548,1
495551,1
495556,1
495564,1
495567,1
495569,1
495571,1
495598,1
495601,1
495623,1
495657,1
495676,1
495679,1
495682,1
495686,1
495698,1
495700,1
495705,1
495715,1
495717,1
495719,1
495721,1
495723,1
495732,1
495737,1
495755,1
495759,1
495774,1
495777,1
495795,1
495798,1
495811,1
495814,1
495829,1
495833,1
495836,1
495849,1
495867,1
495872,1
495875,1
495888,1
495903,1
495905,1
495909,1
495919,1
495929,1
495937,1
495945,1
495949,1
495951,1
495963,1
495965,1
495986,1
495989,1
496001,1
496003,1
496006,1
496009,1
496020,1
496023,1
496027,1
496038,1
496040,1
496057,1
496060,1
496063,1
496076,1
496078,1
496087,1
496095,1
496097,1
496100,1
496102,1
496105,1
496115,1
496117,1
496120,1
496127,1
496134,1
496170,1
496191,1
496195,1
496210,1
496212,1
496216,1
496228,1
496230,1
496234,1
496245,1
496248,1
496250,1
496265,1
496268,1
496271,1
496276,1
496286,1
496322,1
496326,1
496334,1
496343,1
496346,1
496359,1
496362,1
496367,1
496380,1
496382,1
496390,1
496396,1
496400,1
496406,1
496413,1
496429,1
496437,1
496452,1
496476,1
496479,1
496492,1
496512,1
496514,1
496518,1
496532,1
496534,1
496537,1
496551,1
496554,1
496558,1
496568,1
496570,1
496574,1
496583,1
496590,1
496595,1
496627,1
496630,1
496644,1
496650,1
496667,1
496670,1
496684,1
496701,1
496704,1
496706,1
496711,1
496716,1
496727,1
496737,1
496739,1
496741,1
496747,1
496755,1
496766,1
496768,1
496781,1
496795,1
496801,1
496816,1
496835,1
496853,1
496861,1
496892,1
496895,1
496898,1
496905,1
496913,1
496918,1
496933,2
496950,1
496954,1
496958,1
496966,1
496970,1
496973,1
496976,1
496983,1
496993,1
497005,1
497007,1
497010,1
497013,1
497019,1
497027,1
497048,1
497053,1
497069,1
497082,1
497087,1
497103,1
497105,1
497114,1
497126,1
497138,1
497142,1
497159,1
497171,1
497182,1
497196,1
497199,1
497210,1
497217,1
497235,1
497253,1
497256,1
497259,1
497261,1
497273,1
497276,1
497279,1
497295,2
497297,1
497311,1
497313,1
497316,1
497321,1
497332,1
497335,1
497337,1
497349,1
497351,1
497360,1
497368,1
497375,1
497388,1
497394,2
497409,1
497413,1
497426,2
497428,1
497431,1
497444,1
497447,1
497449,1
497464,1
497466,1
497476,1
497482,1
497499,1
497516,1
497522,1
497524,1
497526,1
497540,1
497559,1
497575,1
497580,1
497591,1
497598,1
497608,1
497614,1
497618,1
497622,1
497626,1
497636,1
497639,1
497652,1
497658,1
497673,1
497677,1
497683,1
497691,1
497711,1
497717,1
497729,1
497732,1
497751,1
497769,1
497781,1
497787,2
497792,1
497813,1
497827,1
497829,1
497832,1
497844,1
497847,1
497862,1
497879,1
497883,1
497886,1
497894,1
497900,1
497905,1
497917,1
497920,1
497923,1
497937,1
497942,1
497975,1
497978,1
497981,1
497995,1
498013,1
498017,1
498039,1
498046,1
498050,1
498053,1
498055,1
498057,1
498059,1
498061,1
498072,1
498089,1
498094,1
498103,1
498110,1
498114,1
498128,1
498142,1
498146,1
498148,1
498150,1
498153,1
498155,1
498167,1
498170,1
498183,1
498185,1
498188,1
498196,1
498204,1
498207,1
498215,1
498222,1
498224,1
498240,1
498266,1
498283,1
498301,1
498303,1
498323,1
498336,1
498354,1
498376,1
498391,1
498394,1
498397,1
498399,1
498401,1
498414,1
498416,1
498418,1
498431,1
498433,1
498450,1
498454,1
498472,1
498491,1
498494,1
498505,1
498509,1
498511,1
498514,1
498522,1
498528,1
498544,1
498548,1
498582,1
498588,1
498591,1
498596,1
498603,1
498605,1
498608,1
498619,1
498623,1
498627,1
498641,1
498645,1
498659,1
498664,1
498694,1
498697,1
498702,1
498705,1
498717,1
498721,1
498732,1
498737,2
498741,1
498756,1
498758,1
498773,1
498779,1
498788,1
498793,1
498797,1
498812,1
498815,1
498830,1
498854,1
498871,1
498878,1
498888,1
498890,1
498907,1
498911,1
498944,1
498949,1
498980,1
498982,1
498986,1
498998,1
499003,1
499024,1
499035,1
499040,1
499043,1
499053,1
499059,1
499068,1
499078,1
499080,1
499084,1
499093,1
499097,1
499099,1
499101,1
499111,1
499116,1
499118,1
499123,1
499129,1
499140,1
499154,1
499157,1
499171,1
499178,1
499191,1
499194,1
499196,1
499211,1
499228,1
499233,1
499238,1
499253,1
499256,1
499268,1
499285,1
499288,1
499291,1
499311,1
499323,1
499326,1
499328,1
499345,2
499347,1
499349,1
499366,2
499369,1
499396,1
499398,1
499403,1
499420,1
499422,1
499425,1
499431,1
499440,1
499448,1
499458,1
499479,1
499495,1
499498,1
499503,1
499515,1
499520,1
499533,1
499537,1
499552,1
499558,1
499566,1
499572,1
499576,1
499587,1
499591,2
499610,1
499627,1
499630,1
499648,1
499652,1
499667,1
499670,1
499686,1
499702,1
499709,1
499714,1
499720,1
499726,1
499729,1
499742,1
499778,1
499783,1
499800,1
499815,1
499837,1
499840,1
499842,1
499857,1
499860,1
499876,1
499882,1
499894,1
499898,1
499911,1
499923,1
499933,1
499936,1
499939,1
499970,1
499972,1
499974,1
499989,1
499991,1
499993,1
499995,1
600000,1
600010,1
600041,1
600049,1
600054,1
600067,1
600085,1
600087,1
600122,1
600128,1
600137,1
600142,1
600145,1
600151,1
600156,1
600162,1
600169,1
600181,1
600199,2
600202,1
600205,1
600218,1
600220,1
600223,1
600236,1
600255,1
600257,1
600272,1
600275,1
600278,1
600294,1
600300,1
600303,1
600314,1
600331,1
600335,1
600341,1
600350,1
600359,1
600374,1
600388,1
600392,1
600394,1
600409,1
600413,1
600428,1
600451,1
600464,1
600468,1
600500,1
600503,1
600507,1
600509,1
600522,1
600528,2
600530,1
600541,1
600545,1
600558,1
600561,1
600566,1
600574,1
600579,1
600595,1
600598,1
600615,1
600619,1
600631,1
600636,1
600674,2
600692,1
600709,1
600711,1
600716,1
600718,1
600724,1
600748,1
600752,1
600756,1
600769,1
600773,1
600788,1
600795,1
600825,1
600829,1
600832,1
600845,1
600849,1
600864,1
600882,1
600900,1
600919,1
600921,1
600925,1
600927,1
600929,1
600943,2
600958,1
600976,1
600978,1
601014,1
601052,1
601058,1
601073,1
601090,1
601095,1
601098,1
601112,2
601130,1
601147,1
601152,1
601155,1
601169,1
601172,1
601177,1
601180,1
601189,1
601203,1
601207,2
601209,1
601216,1
601226,1
601263,1
601284,1
601290,1
601301,1
601315,1
601319,1
601323,1
601336,1
601343,1
601359,1
601400,1
601414,1
601430,1
601508,1
601510,1
601528,1
601532,1
601547,1
601566,1
601572,1
601586,1
601603,1
601611,1
601620,1
601628,1
601638,1
601644,1
601652,1
601663,2
601679,1
601681,1
601685,1
601702,1
601711,1
601718,1
601720,1
601730,1
601737,1
601742,1
601745,1
601750,1
601758,1
601760,1
601762,1
601776,1
601779,1
601797,1
601813,1
601815,1
601842,1
601852,2
601856,1
601870,1
601873,2
601875,1
601877,1
601892,1
601904,1
601908,1
601911,1
601937,1
601943,1
601947,1
601951,1
601953,1
601956,1
601967,1
601979,1
601984,1
602013,1
602017,1
602023,1
602037,1
602041,1
602043,1
602059,1
602064,1
602066,1
602088,1
602097,1
602101,2
602107,1
602122,1
602137,1
602154,1
602175,1
602192,1
602207,1
602212,1
602222,1
602238,1
602247,1
602252,1
602259,1
602282,1
602290,1
602292,1
602296,1
602309,1
602325,1
602349,1
602360,1
602383,1
602386,1
602397,1
602403,1
602421,1
602439,1
602464,1
602467,1
602469,1
602495,1
602497,1
602499,1
602505,1
602507,1
602517,1
602525,1
602545,1
602555,1
602561,1
602573,1
602575,1
602590,1
602593,1
602602,1
602611,1
602617,1
602631,1
602636,1
602664,1
602669,1
602676,1
602687,1
602706,1
602725,1
602732,1
602734,1
602763,1
602771,1
602773,1
602803,1
602817,1
602839,1
602853,1
602859,1
602870,1
602877,1
602882,1
602914,1
602916,1
602933,1
602935,1
602948,1
602953,1
602955,1
602970,1
602972,1
602974,1
602990,1
602992,1
602997,1
603010,1
603012,1
603025,1
603032,1
603047,1
603049,1
603056,1
603067,1
603069,1
603086,1
603104,1
603113,1
603125,1
603131,1
603133,1
603151,1
603162,1
603165,2
603179,1
603200,1
603219,1
603229,1
603238,1
603240,1
603246,1
603249,1
603259,1
603265,1
603276,1
603278,1
603294,1
603296,1
603313,1
603316,1
603329,1
603334,1
603351,1
603353,1
603370,1
603372,1
603381,1
603390,1
603409,1
603416,1
603429,1
603446,1
603448,1
603456,1
603472,1
603484,1
603487,1
603500,1
603505,1
603510,1
603517,1
603524,1
603526,1
603542,1
603562,1
603580,1
603595,1
603602,2
603619,1
603639,2
603655,1
603658,1
603662,1
603676,1
603681,1
603694,1
603696,1
603699,1
603714,1
603743,1
603752,1
603755,1
603776,1
603785,1
603791,1
603808,1
603812,1
603828,1
603832,1
603844,1
603848,1
603859,1
603866,1
603877,1
603886,1
603896,1
603905,1
603922,1
603942,1
603960,1
603967,1
603970,1
603977,1
603992,1
603996,1
604000,1
604017,1
604021,1
604024,1
604054,1
604056,1
604065,1
604067,1
604095,1
604102,1
604114,1
604124,1
604132,1
604169,1
604195,1
604197,1
604209,1
604215,1
604246,1
604252,1
604262,1
604266,1
604283,1
604293,1
604303,1
604308,1
604322,1
604339,1
604341,1
604349,1
604360,1
604378,1
604388,1
604399,1
604435,1
604438,2
604444,1
604448,1
604457,1
604472,1
604474,1
604492,1
604498,1
604512,1
604533,1
604550,1
604587,1
604592,1
604607,1
604613,1
604626,1
604664,1
604681,1
604683,1
604701,1
604739,1
604747,1
604758,1
604761,2
604764,1
604779,1
604784,1
604788,1
604798,1
604815,1
604818,1
604835,1
604841,1
604853,1
604855,1
604860,1
604862,1
604864,1
604876,2
604879,1
604885,1
604894,1
604900,1
604911,1
604924,1
604948,1
604967,1
604986,1
604993,1
605006,1
605024,1
605056,1
605063,1
605071,1
605082,1
605098,1
605101,1
605104,1
605121,1
605138,1
605155,1
605158,1
605160,1
605177,1
605196,1
605215,1
605233,1
605252,2
605254,1
605261,1
605273,1
605275,1
605309,1
605328,1
605347,1
605385,1
605397,1
605405,1
605423,1
605435,1
605459,1
605480,1
605488,1
605500,1
605532,1
605538,1
605555,1
605575,1
605593,1
605595,1
605603,1
605614,1
605633,1
605651,1
605669,1
605689,1
605691,1
605696,1
605710,1
605721,1
605728,1
605741,1
605752,1
605766,1
605768,1
605783,1
605786,1
605822,1
605831,1
605843,1
605850,1
605879,1
605882,1
605891,1
605899,1
605901,1
605903,1
605937,2
605959,1
605990,1
605994,1
606002,1
606004,1
606008,1
606015,1
606030,1
606050,1
606053,1
606059,1
606071,1
606088,1
606096,1
606107,1
606111,2
606127,1
606149,1
606163,1
606165,1
606168,1
606173,1
606184,1
606190,1
606202,1
606204,1
606212,1
606216,1
606224,1
606237,1
606240,1
606242,1
606260,1
606263,1
606278,1
606280,1
606297,1
606317,1
606319,1
606336,1
606353,1
606355,1
606373,1
606375,1
606392,1
606400,1
606412,1
606429,1
606449,1
606452,1
606467,1
606469,1
606471,1
606487,1
606502,1
606506,1
606525,1
606538,1
606542,1
606545,1
606549,1
606554,1
606565,1
606568,1
606582,1
606601,1
606620,1
606623,1
606640,1
606658,1
606660,1
606696,1
606712,1
606716,1
606726,1
606746,1
606749,1
606755,1
606758,1
606762,1
606774,1
606791,1
606803,1
606810,1
606819,1
606830,1
606846,1
606851,1
606868,1
606883,1
606886,1
606888,1
606901,1
606904,1
606907,1
606910,1
606914,1
606925,1
606927,1
606943,1
606950,1
606980,1
606989,1
607000,1
607002,1
607020,1
607033,1
607038,1
607040,1
607057,1
607072,1
607076,1
607078,1
607095,1
607112,1
607114,1
607116,1
607129,1
607134,1
607147,1
607151,1
607153,1
607168,1
607173,1
607189,1
607191,1
607193,1
607209,1
607211,1
607227,1
607229,1
607235,1
607248,1
607251,1
607266,1
607285,1
607303,1
607307,1
607312,1
607314,1
607326,1
607342,1
607344,1
607352,1
607375,1
607380,1
607384,1
607400,1
607459,1
607494,1
607502,1
607533,1
607540,1
607569,1
607577,1
607581,1
607591,1
607594,1
607608,1
607610,1
607627,1
607645,1
607649,1
607657,1
607667,1
607701,1
607704,1
607706,1
607716,1
607723,1
607725,1
607740,1
607742,1
607745,1
607747,1
607751,1
607762,1
607776,1
607780,1
607801,2
607806,1
607819,1
607822,1
607837,1
607853,1
607855,1
607857,1
607864,1
607866,1
607876,1
607912,1
607931,2
607950,1
607952,1
607954,1
607969,1
607988,1
608000,1
608007,1
608009,1
608023,1
608026,1
608028,1
608031,1
608043,1
608047,1
608063,1
608065,1
608067,1
608101,1
608105,1
608114,1
608122,1
608140,1
608143,1
608150,1
608160,1
608178,1
608196,1
608198,1
608200,1
608231,1
608233,1
608235,1
608237,1
608249,1
608253,1
608258,1
608265,1
608270,1
608275,1
608277,1
608290,1
608292,1
608294,1
608300,1
608304,1
608306,1
608313,1
608327,1
608331,1
608333,1
608351,2
608367,1
608404,1
608424,1
608427,1
608442,1
608444,1
608447,1
608463,1
608465,1
608480,1
608482,1
608485,2
608499,1
608505,1
608518,1
608521,1
608523,1
608525,1
608539,1
608541,1
608559,2
608596,1
608614,1
608637,1
608652,1
608655,1
608688,1
608693,1
608707,1
608710,1
608712,1
608731,1
608748,1
608765,1
608767,1
608785,1
608787,1
608789,1
608805,1
608823,1
608825,1
608842,1
608860,1
608863,1
608865,1
608898,1
608929,1
608931,1
608938,1
608943,1
608945,1
608966,1
608975,1
608979,1
608993,1
609012,1
609015,1
609017,1
609045,1
609052,1
609056,1
609068,1
609071,1
609089,1
609104,1
609107,1
609111,1
609131,1
609146,1
609148,1
609150,1
609163,1
609166,1
609170,2
609187,2
609205,1
609215,1
609222,1
609227,1
609246,1
609260,1
609262,1
609264,1
609280,1
609297,1
609301,1
609319,1
609339,1
609354,1
609356,1
609377,1
609396,1
609412,1
609414,1
609425,1
609431,1
609433,1
609436,1
609439,2
609441,1
609453,1
609465,1
609472,2
609505,1
609511,1
609527,1
609537,1
609545,1
609548,1
609555,1
609565,1
609568,1
609570,1
609584,1
609586,1
609602,1
609620,1
609623,1
609625,1
609641,1
609644,1
609662,1
609678,1
609695,1
609699,1
609706,1
609718,1
609735,1
609754,1
609771,1
609774,1
609776,1
609778,1
609793,1
609795,1
609810,1
609812,1
609830,1
609832,1
609848,1
609850,1
609864,1
609866,1
609869,1
609883,1
609888,1
609890,1
609900,1
609911,1
609919,1
609925,1
609943,1
609945,1
609948,1
609964,1
609967,1
609982,1
610001,1
610004,1
610006,1
610020,1
610023,1
610039,1
610042,1
610056,1
610058,1
610080,1
610097,1
610114,1
610116,1
610123,1
610135,1
610142,1
610153,1
610155,1
610157,1
610190,1
610195,1
610211,1
610228,1
610230,1
610247,1
610253,1
610255,1
610267,1
610270,1
610285,1
610287,1
610290,1
610305,1
610307,1
610319,1
610324,1
610327,1
610330,1
610340,1
610344,1
610346,1
610350,1
610362,1
610365,1
610380,1
610382,1
610397,1
610401,2
610405,1
610419,1
610422,1
610424,1
610438,1
610440,1
610447,1
610459,1
610476,1
610493,1
610495,1
610499,1
610511,1
610516,1
610558,1
610571,1
610573,1
610588,1
610590,1
610592,1
610594,1
610604,1
610609,1
610612,1
610627,1
610633,1
610647,1
610666,1
610703,1
610706,1
610723,1
610740,1
610760,1
610762,1
610778,1
610799,1
610817,1
610819,1
610836,1
610856,1
610871,1
610875,1
610877,1
610881,1
610894,1
610912,1
610914,1
610918,1
610920,1
610933,1
610935,1
610950,1
610953,1
610988,1
610990,1
610994,1
611005,1
611009,1
611024,1
611027,1
611029,1
611045,1
611047,1
611061,1
611082,1
611085,1
611103,1
611121,1
611140,1
611147,1
611159,1
611161,1
611163,1
611174,1
611181,2
611191,1
611198,1
611201,1
611218,1
611226,1
611236,1
611242,1
611254,1
611257,1
611273,1
611290,1
611295,1
611311,1
611332,1
611335,1
611350,1
611366,1
611383,1
611388,1
611390,1
611404,1
611407,1
611419,1
611422,1
611427,1
611429,1
611442,1
611446,1
611449,1
611461,1
611464,1
611467,1
611482,1
611484,1
611501,1
611517,1
611520,1
611523,1
611535,1
611541,1
611543,1
611557,1
611559,1
611574,1
611578,1
611594,1
611600,1
611617,1
611621,1
611636,1
611653,1
611656,1
611671,1
611673,1
611675,1
611678,1
611692,1
611700,1
611747,1
611750,1
611757,1
611764,1
611769,1
611771,1
611786,1
611788,1
611800,1
611804,1
611807,1
611809,1
611824,1
611829,1
611843,1
611846,1
611862,1
611864,1
611884,1
611887,1
611901,1
611903,1
611919,2
611921,1
611923,1
611925,1
611940,1
611957,1
611960,1
611972,1
611977,1
611993,1
611996,1
612014,1
612017,1
612027,1
612035,1
612057,1
612073,1
612091,1
612109,1
612127,1
612147,1
612149,1
612152,1
612166,1
612169,1
612185,1
612201,1
612204,1
612223,1
612225,1
612242,1
612250,1
612261,1
612263,1
612265,1
612267,1
612281,1
612284,1
612299,1
612318,1
612320,1
612337,1
612356,1
612376,1
612394,1
612396,1
612406,1
612411,1
612415,1
612418,1
612425,1
612430,1
612435,1
612446,1
612450,1
612453,1
612473,1
612477,1
612479,1
612491,1
612497,1
612508,1
612511,1
612525,1
612529,1
612545,1
612548,1
612561,1
612568,1
612602,1
612605,1
612618,1
612623,1
612625,1
612640,1
612642,1
612660,1
612663,1
612679,1
612681,1
612698,1
612716,1
612719,1
612722,1
612736,1
612738,1
612740,1
612755,1
612757,1
612765,1
612772,1
612779,1
612790,1
612815,1
612831,1
612833,1
612867,1
612870,1
612872,1
612888,1
612890,1
612892,1
612904,1
612908,1
612910,1
612914,1
612925,1
612927,1
612929,1
612931,1
612967,1
613000,1
613003,1
613020,1
613038,1
613041,1
613056,1
613061,1
613080,1
613097,1
613105,1
613119,1
613152,1
613154,1
613158,1
613173,1
613175,1
613190,1
613195,1
613211,1
613213,1
613223,1
613232,1
613236,2
613244,1
613249,1
613252,1
613269,1
613277,1
613287,1
613289,1
613297,1
613307,1
613322,1
613326,1
613337,1
613345,1
613347,1
613351,1
613364,1
613367,1
613382,1
613385,1
613401,1
613410,1
613421,1
613423,1
613433,1
613441,1
613443,1
613456,1
613459,1
613462,1
613478,1
613493,1
613496,1
613499,1
613516,1
613528,1
613534,1
613536,1
613538,1
613554,1
613571,1
613573,1
613575,1
613592,1
613607,1
613610,1
613612,1
613614,1
613627,1
613631,1
613647,1
613649,1
613651,1
613668,1
613671,1
613686,1
613688,1
613690,1
613706,1
613718,1
613720,1
613725,1
613727,1
613729,1
613739,1
613745,1
613760,1
613762,1
613779,1
613782,1
613799,1
613802,1
613819,1
613821,1
613835,1
613839,1
613855,1
613858,1
613861,1
613876,1
613894,1
613896,1
613899,1
613914,1
613932,1
613934,1
613938,1
613952,1
613970,1
613972,1
613975,1
613990,1
613992,1
614007,1
614010,1
614014,1
614028,1
614030,1
614046,1
614050,2
614066,1
614069,1
614082,1
614089,1
614105,1
614110,1
614122,1
614125,1
614132,1
614143,1
614149,1
614160,1
614162,1
614164,1
614179,1
614181,1
614196,1
614198,1
614200,1
614202,1
614204,1
614219,1
614232,1
614237,1
614239,1
614253,1
614257,1
614274,1
614291,1
614294,1
614296,1
614298,1
614311,1
614315,1
614317,1
614336,1
614343,1
614352,1
614354,1
614369,1
614372,2
614376,1
614388,1
614391,1
614393,1
614407,1
614409,1
614412,1
614423,1
614428,1
614430,1
614438,1
614440,1
614447,1
614449,1
614467,1
614485,1
614501,1
614503,1
614505,1
614521,1
614523,1
614540,1
614542,1
614560,1
614564,1
614578,1
614580,1
614597,1
614600,2
614602,1
614617,1
614619,1
614621,1
614625,2
614638,1
614655,1
614678,1
614689,1
614693,1
614696,1
614709,1
614711,1
614714,1
614728,1
614746,1
614751,1
614754,1
614769,1
614772,1
614794,1
614804,1
614810,1
614822,1
614827,1
614829,1
614845,1
614850,1
614865,1
614870,1
614883,1
614885,1
614887,1
614892,1
614903,1
614909,1
614925,1
614941,2
614945,1
614971,1
614977,1
614979,1
614984,1
614998,1
615015,1
615017,1
615034,1
615036,1
615054,1
615071,1
615073,1
615076,2
615087,1
615091,1
615093,1
615095,1
615097,1
615099,1
615111,1
615114,2
615129,1
615150,2
615166,1
615170,1
615188,2
615206,1
615211,1
615241,1
615243,1
615247,2
615263,1
615266,1
615268,1
615281,1
615283,1
615286,2
615301,1
615303,1
615321,2
615338,1
615340,1
615342,1
615344,1
615359,1
615376,1
615378,1
615397,2
615414,1
615416,1
615418,1
615420,1
615436,2
615453,1
615455,1
615474,1
615491,1
615493,1
615503,1
615514,1
615528,1
615530,1
615532,1
615546,1
615549,1
615563,1
615567,1
615569,1
615586,1
615601,1
615605,1
615607,1
615624,1
615642,1
615659,1
615663,1
615670,1
615681,1
615700,1
615719,1
615722,1
615737,1
615739,1
615741,1
615743,1
615758,1
615776,1
615778,1
615790,1
615815,1
615833,1
615849,1
615852,1
615854,1
615871,1
615873,1
615887,1
615889,1
615906,1
615908,1
615911,1
615924,1
615946,1
615966,1
615985,1
616003,1
616022,1
616024,1
616044,1
616047,2
616050,1
616065,1
616067,1
616081,1
616084,1
616098,1
616100,1
616102,1
616119,2
616134,1
616138,1
616142,1
616144,1
616157,1
616177,1
616196,2
616212,1
616214,1
616216,1
616230,1
616233,1
616246,1
616248,1
616252,1
616255,1
616257,1
616269,1
616272,1
616284,1
616287,1
616290,1
616292,1
616329,1
616344,1
616347,1
616362,1
616365,1
616370,1
616385,1
616400,1
616403,1
616406,1
616422,1
616438,1
616441,1
616446,1
616456,1
616461,1
616463,1
616477,1
616480,1
616497,1
616511,1
616517,1
616520,1
616522,1
616524,1
616528,1
616539,1
616548,1
616554,1
616556,1
616558,1
616572,1
616574,1
616577,2
616593,1
616595,1
616598,1
616612,1
616615,2
616621,1
616631,1
616633,1
616650,1
616662,1
616670,1
616672,1
616707,1
616727,1
616747,2
616763,1
616765,1
616780,1
616783,1
616785,1
616792,1
616803,1
616820,1
616838,1
616840,1
616843,2
616862,1
616864,1
616870,1
616879,1
616881,1
616895,1
616898,1
616900,1
616916,1
616921,1
616931,1
616933,1
616935,1
616937,1
616939,1
616941,1
616954,1
616970,1
616973,1
616975,1
616992,1
617067,1
617069,1
617104,1
617106,1
617110,1
617116,1
617126,1
617141,1
617143,1
617145,1
617147,1
617165,1
617168,2
617183,1
617189,1
617195,1
617201,1
617203,1
617220,1
617237,1
617247,1
617255,1
617260,1
617281,1
617296,1
617333,1
617335,1
617353,1
617370,1
617372,1
617409,1
617414,1
617428,1
617431,2
617444,1
617446,1
617448,1
617450,1
617452,1
617454,1
617460,1
617468,1
617487,1
617489,1
617492,1
617494,1
617507,1
617520,1
617523,1
617525,1
617559,1
617581,1
617597,1
617600,1
617618,1
617620,1
617627,1
617639,1
617646,1
617657,1
617696,2
617712,1
617715,1
617748,1
617752,1
617770,1
617772,1
617787,1
617800,1
617810,1
617816,1
617827,1
617829,1
617845,1
617865,1
617886,1
617901,1
617904,1
617907,2
617918,1
617933,1
617941,1
617943,1
617959,1
617962,1
617967,1
617982,2
617987,1
618002,2
618021,1
618035,1
618044,1
618055,1
618057,1
618060,1
618074,1
618076,1
618079,1
618094,1
618102,1
618113,1
618127,1
618151,1
618153,1
618159,1
618161,1
618170,1
618172,1
618174,1
618193,1
618206,1
618209,1
618215,1
618224,1
618226,1
618228,1
618230,1
618244,1
618247,1
618264,1
618267,1
618283,1
618290,1
618300,1
618303,1
618305,1
618321,1
618343,1
618345,1
618359,1
618361,1
618374,1
618378,1
618380,1
618405,1
618414,1
618418,1
618420,1
618425,1
618435,1
618437,1
618441,1
618443,1
618448,1
618453,1
618457,1
618461,2
618491,1
618493,1
618497,1
618501,1
618517,1
618534,1
618536,1
618570,1
618574,1
618600,1
618606,1
618608,1
618621,1
618648,1
618664,1
618666,1
618670,1
618673,1
618676,1
618685,1
618697,1
618701,1
618719,1
618723,1
618737,1
618740,1
618742,1
618744,1
618750,1
618759,1
618761,1
618774,1
618777,1
618794,1
618796,1
618798,1
618812,1
618816,1
618818,1
618833,1
618835,1
618839,1
618842,1
618854,1
618856,1
618859,1
618872,1
618890,1
618892,1
618894,1
618928,1
618930,1
618947,1
618965,1
618967,1
618969,1
618985,1
619006,1
619010,1
619024,1
619026,1
619029,1
619041,1
619044,1
619046,1
619054,1
619059,1
619061,1
619064,1
619066,1
619069,1
619072,1
619082,1
619087,1
619100,1
619102,1
619107,1
619117,1
619122,1
619124,1
619138,1
619159,1
619174,1
619176,1
619178,1
619186,1
619200,1
619205,1
619209,1
619217,1
619220,1
619223,1
619236,1
619239,1
619252,1
619254,1
619259,1
619262,1
619270,1
619274,1
619277,1
619285,1
619291,1
619293,1
619301,1
619311,2
619326,1
619329,1
619331,1
619337,1
619341,1
619348,1
619352,1
619365,1
619371,1
619383,1
619404,1
619408,1
619421,1
619425,1
619428,1
619439,1
619443,1
619451,1
619468,1
619477,1
619481,1
619484,1
619487,1
619499,1
619502,1
619515,1
619517,1
619538,1
619542,1
619554,1
619559,1
619576,1
619579,2
619589,1
619593,1
619596,1
619599,1
619608,1
619612,1
619630,1
619671,1
619675,1
619689,1
619692,1
619710,1
619727,1
619730,1
619743,1
619747,1
619753,1
619756,1
619766,1
619769,1
619780,1
619786,1
619801,1
619803,1
619819,1
619836,1
619838,1
619845,1
619847,1
619861,1
619863,1
619884,2
619900,1
619917,1
619919,1
619937,1
619940,1
619952,1
619955,1
619958,1
619960,1
619963,1
619966,1
619976,1
619978,1
619980,1
619990,1
619992,1
619995,1
619997,1
620025,1
620027,1
620031,1
620035,1
620050,1
620055,1
620058,1
620068,1
620070,1
620074,1
620076,1
620079,1
620114,1
620126,1
620128,1
620134,1
620144,1
620148,1
620157,1
620167,1
620169,1
620171,1
620174,1
620185,1
620187,1
620190,1
620195,1
620204,1
620206,1
620219,1
620228,1
620244,1
620267,1
620276,1
620314,1
620317,1
620322,1
620336,1
620338,1
620341,1
620354,1
620357,1
620361,1
620390,1
620395,1
620409,1
620413,1
620433,1
620436,1
620453,1
620455,1
620470,1
620472,1
620487,1
620491,1
620493,1
620507,1
620510,1
620527,2
620529,1
620545,1
620550,1
620565,1
620569,1
620584,1
620599,1
620604,2
620608,1
620619,1
620624,1
620640,1
620643,1
620647,1
620675,1
620681,1
620686,1
620695,1
620699,1
620701,1
620703,1
620717,1
620731,1
620737,1
620753,1
620755,1
620787,1
620789,1
620794,1
620798,1
620812,1
620818,1
620824,1
620835,1
620849,1
620854,1
620860,1
620866,1
620873,1
620902,1
620909,1
620912,1
620915,1
620919,1
620929,1
620940,1
620945,1
620963,1
620981,1
620991,1
621001,1
621003,1
621026,1
621038,1
621042,1
621044,1
621047,1
621058,1
621060,1
621062,1
621076,1
621091,1
621096,1
621099,1
621114,1
621116,1
621121,1
621136,1
621138,1
621157,1
621163,1
621173,1
621175,1
621179,1
621190,1
621207,1
621213,1
621224,1
621231,1
621243,1
621249,1
621302,1
621309,1
621317,1
621325,1
621327,1
621357,1
621360,1
621363,1
621368,1
621370,1
621382,1
621384,1
621396,1
621400,1
621421,1
621426,1
621439,1
621476,1
621490,1
621495,1
621533,1
621541,1
621552,1
621554,1
621569,1
621585,1
621589,1
621594,1
621608,1
621610,1
621628,2
621630,1
621635,1
621688,1
621691,1
621723,1
621742,1
621757,1
621762,1
621766,1
621780,1
621786,1
621794,1
621800,1
621802,1
621805,1
621818,1
621825,1
621834,1
621836,1
621840,1
621843,1
621854,1
621860,1
621873,1
621877,1
621879,1
621882,1
621897,1
621916,1
621931,1
621935,1
621937,1
621940,1
621942,1
621950,1
621957,1
621971,1
621973,1
621975,1
621986,1
621990,1
621994,1
622003,1
622010,1
622023,1
622026,1
622031,1
622035,1
622046,1
622050,1
622054,1
622064,1
622069,1
622082,1
622086,1
622098,1
622105,1
622108,1
622111,1
622124,1
622129,1
622141,1
622149,1
622165,1
622175,1
622181,1
622184,1
622196,1
622200,1
622205,1
622217,1
622219,1
622222,1
622230,1
622235,1
622241,2
622272,1
622276,1
622288,1
622309,1
622315,1
622333,1
622336,1
622351,2
622353,1
622355,1
622369,1
622373,1
622375,1
622389,1
622401,1
622406,1
622415,1
622425,1
622428,1
622431,1
622443,1
622446,1
622448,1
622450,1
622452,1
622460,1
622466,1
622468,1
622481,1
622486,1
622521,1
622524,1
622535,1
622542,1
622553,1
622558,1
622576,1
622580,1
622592,1
622605,1
622623,1
622636,1
622639,1
622655,1
622658,1
622662,1
622674,1
622676,1
622678,1
622700,1
622710,1
622715,1
622727,1
622732,1
622734,1
622738,1
622748,1
622752,1
622756,1
622765,1
622771,1
622789,1
622806,1
622808,1
622826,1
622828,1
622838,1
622841,1
622845,1
622847,1
622853,1
622860,1
622863,1
622868,1
622871,1
622878,1
622882,1
622887,1
622903,1
622916,1
622922,1
622925,1
622928,1
622940,1
622943,1
622954,1
622958,1
622979,1
622997,1
623010,1
623012,1
623019,1
623031,1
623040,1
623057,1
623066,1
623076,1
623091,1
623110,1
623113,1
623127,1
623129,1
623133,1
623146,1
623151,1
623155,1
623169,1
623174,1
623189,1
623214,1
623224,1
623231,1
623244,1
623247,1
623249,1
623260,1
623262,1
623268,2
623275,1
623283,1
623286,1
623315,1
623322,1
623325,1
623334,1
623341,1
623343,1
623346,1
623354,1
623360,1
623363,1
623374,1
623377,1
623381,1
623411,1
623414,1
623417,1
623419,1
623428,1
623434,1
623451,1
623453,1
623455,1
623457,1
623460,1
623472,1
623474,1
623476,1
623490,1
623492,1
623497,1
623500,1
623509,1
623514,1
623519,1
623527,1
623532,1
623537,1
623542,1
623550,1
623556,2
623569,1
623572,1
623575,1
623588,1
623593,1
623606,1
623621,1
623624,1
623627,1
623629,1
623642,1
623645,1
623662,1
623672,1
623698,1
623703,1
623721,1
623734,1
623742,1
623769,1
623773,1
623775,1
623785,1
623790,1
623794,1
623804,1
623810,1
623813,1
623815,1
623821,1
623826,1
623830,1
623836,1
623847,1
623853,1
623856,1
623868,1
623877,1
623888,1
623892,1
623896,1
623914,2
623928,1
623948,1
623963,1
623968,1
623978,1
623986,1
624003,1
624020,1
624044,1
624061,1
624063,1
624080,1
624110,1
624116,1
624139,1
624157,1
624160,1
624167,1
624176,1
624191,1
624194,1
624197,1
624210,1
624212,1
624224,1
624229,1
624236,1
624251,1
624269,1
624286,1
624290,1
624294,1
624297,1
624303,1
624340,1
624349,1
624366,1
624381,1
624385,1
624394,1
624398,1
624434,1
624442,1
624446,1
624457,1
624462,1
624464,1
624477,1
624485,1
624500,2
624513,1
624521,1
624533,1
624541,1
624556,1
624564,1
624596,1
624601,1
624627,1
624629,1
624631,1
624635,1
624642,1
624650,1
624653,1
624655,1
624658,1
624665,1
624671,1
624674,1
624676,1
624689,1
624704,1
624706,1
624722,1
624727,1
624742,1
624746,1
624757,1
624760,1
624764,1
624766,1
624768,1
624771,1
624781,1
624790,1
624802,1
624821,1
624824,1
624839,1
624857,1
624882,1
624918,1
624934,1
624936,1
624948,1
624955,1
624967,1
624971,1
624977,1
624992,1
624994,1
624996,1
625007,1
625014,2
625019,1
625027,1
625032,1
625045,1
625050,1
625052,1
625054,1
625065,1
625067,1
625071,1
625075,1
625083,1
625090,1
625096,1
625108,1
625126,1
625128,1
625145,1
625153,1
625172,1
625189,1
625205,1
625216,1
625222,1
625224,1
625240,1
625258,1
625261,1
625268,1
625279,1
625293,1
625297,1
625304,1
625311,1
625313,1
625320,1
625325,1
625336,1
625354,1
625356,1
625373,1
625375,1
625379,1
625393,1
625419,1
625421,1
625433,1
625449,1
625452,1
625464,1
625469,1
625486,1
625488,1
625501,1
625507,1
625515,1
625522,1
625526,1
625528,1
625550,1
625562,1
625564,1
625583,1
625596,1
625598,1
625603,1
625605,1
625609,1
625627,1
625633,1
625637,1
625641,1
625653,1
625655,1
625660,1
625667,1
625671,1
625673,1
625702,1
625717,1
625728,1
625737,1
625739,1
625761,1
625768,1
625773,1
625794,1
625809,1
625811,1
625818,1
625822,1
625829,1
625831,1
625835,1
625837,1
625859,1
625866,1
625870,1
625875,1
625880,1
625884,1
625889,1
625905,1
625907,1
625913,1
625917,1
625921,1
625926,1
625928,1
625931,1
625941,1
625944,1
625949,1
625953,1
625956,1
625965,1
625969,1
625981,1
625984,1
625999,1
626001,1
626003,1
626020,1
626031,1
626034,1
626047,1
626052,1
626055,1
626086,1
626098,1
626104,1
626116,1
626134,1
626155,1
626170,1
626172,1
626174,1
626199,1
626208,1
626210,1
626214,1
626227,1
626244,1
626246,1
626250,1
626266,1
626278,1
626285,1
626287,1
626309,1
626314,1
626326,1
626347,1
626378,1
626380,1
626382,1
626394,1
626398,1
626408,1
626417,1
626419,1
626472,1
626475,1
626483,1
626488,1
626495,1
626512,1
626514,1
626526,1
626533,1
626546,1
626551,1
626555,1
626589,1
626607,1
626621,1
626630,1
626644,1
626647,1
626649,1
626655,1
626663,1
626667,1
626678,1
626682,1
626685,1
626689,1
626720,1
626723,1
626725,1
626736,1
626742,1
626744,1
626759,1
626761,1
626796,1
626799,1
626816,1
626818,1
626831,1
626835,1
626838,1
626855,2
626893,1
626895,1
626898,1
626908,1
626914,1
626929,1
626949,1
626967,1
626970,1
626984,1
626987,1
626990,1
627007,1
627026,1
627063,1
627080,1
627095,1
627103,1
627119,1
627137,1
627140,1
627159,1
627178,1
627195,1
627198,1
627212,1
627217,1
627234,1
627236,1
627252,1
627255,1
627266,1
627271,1
627273,1
627275,1
627292,1
627309,1
627312,1
627327,1
627349,1
627365,1
627384,1
627420,1
627425,1
627427,1
627444,1
627460,1
627462,1
627465,1
627477,1
627502,1
627506,1
627518,1
627522,1
627540,1
627551,1
627556,1
627559,1
627561,1
627564,1
627577,1
627579,1
627595,1
627633,1
627635,1
627651,1
627672,1
627684,1
627692,1
627703,1
627720,1
627729,1
627731,1
627742,1
627745,1
627749,1
627751,1
627760,1
627764,1
627769,1
627784,1
627786,1
627798,1
627806,1
627824,1
627881,1
627898,1
627901,1
627935,1
627958,1
627962,1
627975,1
627978,1
627993,1
627995,1
627997,1
628011,1
628015,1
628032,1
628034,1
628050,1
628053,1
628067,1
628071,1
628073,1
628076,1
628078,1
628092,1
628108,1
628129,1
628146,1
628161,1
628167,1
628184,1
628188,1
628205,1
628222,1
628224,1
628241,1
628243,1
628260,1
628264,1
628279,1
628283,2
628286,1
628301,1
628318,1
628329,1
628336,1
628338,1
628358,2
628373,1
628376,1
628378,1
628395,1
628409,1
628413,1
628415,1
628432,1
628436,2
628451,1
628470,1
628472,1
628487,1
628490,1
628499,1
628508,1
628520,1
628528,1
628530,1
628541,1
628547,1
628553,1
628559,1
628565,1
628567,1
628584,1
628588,1
628601,1
628605,1
628622,1
628640,1
628644,1
628660,1
628662,1
628665,1
628677,1
628681,1
628695,1
628697,1
628754,1
628774,1
628790,1
628794,1
628810,1
628830,1
628834,1
628848,1
628852,1
628865,1
628872,2
628882,1
628886,1
628890,1
628894,1
628907,1
628909,1
628924,1
628927,1
628941,1
628944,1
628946,1
628964,1
628979,1
628983,1
628985,1
628988,1
628999,1
629001,1
629005,1
629013,1
629015,1
629022,1
629040,1
629052,1
629058,1
629060,1
629062,1
629068,1
629078,1
629080,1
629093,1
629096,1
629113,1
629117,1
629128,1
629131,1
629136,1
629138,1
629153,1
629155,1
629160,1
629175,1
629191,1
629193,1
629207,1
629211,1
629215,1
629225,1
629230,1
629233,1
629247,1
629250,1
629267,1
629286,1
629298,1
629307,1
629323,1
629326,1
629342,1
629345,1
629359,1
629364,1
629380,1
629383,1
629396,1
629400,1
629403,1
629416,1
629418,1
629421,1
629439,1
629456,1
629459,1
629465,1
629468,1
629470,1
629481,1
629495,1
629508,1
629516,1
629532,1
629535,1
629552,1
629554,1
629568,1
629591,1
629610,1
629628,1
629631,1
629647,1
629666,1
629686,1
629704,1
629706,1
629723,1
629742,1
629744,1
629760,1
629763,1
629780,1
629796,1
629799,1
629802,1
629819,1
629833,1
629836,1
629840,1
629851,1
629869,1
629875,1
629895,1
629909,1
629915,1
629934,1
629950,1
629952,1
629967,1
629972,1
629988,1
629991,1
630009,1
630027,1
630030,1
630047,1
630065,1
630071,1
630076,1
630087,1
630090,1
630104,1
630106,1
630108,1
630121,1
630126,1
630130,1
630144,1
630152,1
630162,1
630167,1
630180,1
630183,1
630197,1
630199,1
630201,1
630216,1
630221,1
630238,1
630254,1
630256,1
630258,1
630273,1
630276,1
630292,1
630294,1
630313,1
630329,1
630332,1
630334,1
630336,1
630351,1
630361,1
630364,1
630371,1
630373,1
630390,1
630407,1
630426,1
630446,1
630465,1
630467,1
630470,1
630485,1
630487,1
630496,1
630503,1
630505,1
630521,1
630524,1
630539,1
630542,1
630545,1
630550,1
630553,1
630562,1
630617,1
630638,1
630641,1
630666,1
630675,1
630692,1
630695,1
630708,1
630712,1
630722,1
630726,1
630732,1
630745,1
630749,1
630751,1
630754,1
630770,1
630779,1
630782,1
630786,1
630790,1
630792,1
630796,1
630808,1
630825,1
630827,1
630843,1
630846,1
630856,1
630863,1
630865,1
630868,1
630874,1
630883,1
630885,1
630887,1
630902,1
630919,1
630923,1
630940,1
630956,1
630958,1
630961,1
630963,1
630965,1
630967,1
630970,1
630983,1
630996,1
631015,1
631017,1
631026,1
631034,1
631038,1
631056,2
631072,1
631075,1
631092,1
631095,1
631110,1
631113,1
631128,1
631130,1
631132,1
631148,1
631150,1
631162,1
631168,1
631171,1
631176,1
631180,1
631190,1
631199,1
631223,1
631227,1
631234,1
631243,1
631247,1
631261,1
631263,1
631265,1
631275,1
631284,1
631298,1
631301,1
631304,1
631336,1
631340,1
631355,1
631359,1
631375,1
631391,1
631393,1
631398,1
631407,1
631409,1
631417,1
631427,1
631434,1
631448,1
631452,1
631460,1
631463,1
631465,1
631467,1
631473,1
631477,1
631491,1
631508,1
631511,1
631528,1
631545,1
631547,1
631587,1
631603,1
631607,1
631618,1
631636,1
631643,1
631653,1
631662,1
631665,1
631680,1
631687,1
631718,1
631721,1
631737,1
631739,1
631747,1
631756,1
631759,1
631761,1
631774,1
631776,1
631779,1
631785,1
631797,1
631814,1
631816,1
631825,1
631842,1
631850,1
631854,1
631868,1
631876,1
631883,1
631904,1
631910,1
631912,1
631918,1
631936,1
631938,1
631945,1
631950,1
631966,1
631983,1
631986,1
631994,1
632006,1
632009,1
632014,1
632019,1
632028,2
632032,1
632057,1
632062,1
632064,1
632078,1
632080,1
632084,1
632098,1
632100,1
632115,1
632134,1
632138,1
632172,1
632194,1
632202,1
632211,1
632213,1
632216,1
632223,1
632228,1
632267,1
632271,1
632287,1
632301,1
632305,1
632312,1
632329,1
632331,1
632336,1
632349,1
632363,1
632372,1
632384,1
632387,1
632402,1
632405,1
632420,1
632422,1
632434,1
632441,1
632445,1
632451,1
632453,1
632459,1
632464,1
632468,1
632470,1
632479,1
632486,1
632498,1
632502,1
632516,1
632520,1
632535,1
632537,1
632552,1
632567,1
632572,1
632589,1
632601,1
632603,1
632612,1
632614,1
632629,1
632631,1
632635,1
632647,1
632649,1
632659,1
632666,1
632678,1
632686,1
632691,1
632693,1
632697,1
632715,1
632718,1
632727,1
632730,1
632740,1
632745,1
632747,1
632755,1
632785,1
632800,1
632804,1
632806,1
632810,1
632821,1
632824,1
632839,1
632842,1
632851,1
632858,1
632877,1
632886,1
632895,1
632897,1
632915,1
632923,1
632935,1
632952,1
632971,1
632973,1
632983,1
632992,1
633007,1
633020,1
633031,1
633034,1
633048,1
633055,1
633071,1
633106,1
633114,1
633124,1
633143,1
633160,1
633165,1
633167,1
633181,1
633185,1
633200,1
633203,1
633211,1
633213,1
633222,1
633234,1
633245,1
633275,1
633290,1
633293,1
633297,1
633312,1
633316,1
633319,1
633333,1
633341,1
633350,1
633353,1
633359,1
633371,1
633375,1
633381,1
633387,1
633404,1
633427,1
633433,1
633457,1
633459,1
633463,1
633465,1
633468,1
633472,1
633480,1
633493,1
633520,1
633541,1
633552,1
633562,1
633583,1
633589,1
633598,1
633601,1
633614,1
633622,1
633640,1
633655,1
633659,1
633680,1
633686,1
633695,1
633714,1
633734,1
633736,1
633751,1
633754,1
633756,1
633770,1
633772,1
633775,1
633788,1
633790,1
633794,1
633807,1
633809,1
633827,1
633831,1
633846,1
633849,1
633851,1
633859,1
633869,1
633882,1
633897,1
633899,1
633905,1
633910,1
633916,1
633923,1
633931,1
633939,1
633943,1
633961,1
633975,1
633988,1
633998,1
634003,1
634018,1
634021,1
634028,1
634035,1
634038,1
634042,1
634055,1
634065,1
634078,1
634091,1
634093,1
634098,1
634103,1
634106,1
634110,1
634114,1
634118,1
634128,1
634133,1
634140,1
634142,1
634146,1
634150,1
634153,1
634158,1
634168,1
634173,1
634179,1
634186,1
634204,1
634221,1
634224,1
634229,1
634247,1
634256,1
634264,1
634267,1
634270,1
634276,1
634282,1
634285,1
634288,1
634290,1
634294,1
634302,1
634305,1
634327,1
634338,1
634344,1
634358,1
634362,1
634377,1
634389,1
634395,1
634400,1
634415,1
634419,1
634433,1
634437,1
634440,1
634454,1
634458,1
634471,1
634475,1
634492,1
634495,1
634501,1
634507,1
634512,1
634525,1
634530,1
634535,1
634545,1
634549,1
634553,1
634566,1
634584,1
634589,1
634595,1
634607,1
634611,1
634615,1
634625,1
634642,1
634659,1
634661,1
634663,1
634668,1
634678,1
634682,1
634685,1
634688,1
634699,1
634702,1
634719,1
634729,1
634737,1
634740,1
634744,1
634758,1
634766,1
634774,1
634776,1
634783,1
634796,1
634800,1
634816,1
634833,1
634852,2
634857,1
634872,1
634889,1
634894,1
634909,1
634926,1
634946,1
634951,1
634985,1
634992,1
634998,1
635005,1
635009,1
635031,1
635034,1
635042,1
635044,1
635049,1
635053,1
635062,1
635076,1
635110,1
635136,1
635147,1
635152,1
635173,1
635176,1
635181,1
635186,1
635195,1
635213,1
635220,1
635222,1
635226,1
635228,1
635234,1
635236,1
635242,1
635250,1
635258,1
635270,1
635277,1
635288,1
635308,1
635319,1
635324,1
635327,1
635329,1
635355,1
635357,1
635364,1
635368,1
635382,1
635386,1
635402,1
635414,1
635422,1
635440,1
635452,1
635460,1
635462,1
635466,1
635471,1
635480,1
635495,1
635498,1
635505,1
635515,1
635518,1
635542,1
635554,1
635556,1
635559,1
635573,1
635575,1
635585,1
635590,1
635592,1
635594,1
635604,1
635606,1
635610,1
635612,1
635615,1
635623,1
635631,1
635638,1
635657,1
635669,1
635687,1
635705,1
635707,1
635724,1
635763,1
635801,1
635819,1
635836,1
635840,1
635856,1
635871,1
635873,1
635877,1
635889,1
635898,1
635907,1
635912,1
635917,1
635924,1
635926,1
635930,1
635944,1
635946,1
635953,1
635956,1
635959,1
635972,1
635988,1
635992,1
636001,1
636004,1
636006,1
636014,1
636023,1
636030,1
636045,1
636048,1
636060,1
636068,1
636076,1
636079,1
636085,1
636089,1
636100,1
636104,1
636107,1
636117,1
636124,1
636135,1
636144,1
636154,1
636162,1
636164,1
636173,1
636176,1
636182,1
636185,1
636198,1
636203,1
636207,1
636215,1
636233,1
636239,1
636242,1
636252,1
636255,1
636259,1
636269,1
636273,1
636275,1
636278,1
636295,1
636297,1
636309,1
636316,1
636326,1
636333,1
636345,1
636351,1
636353,1
636365,1
636371,1
636373,1
636383,1
636389,1
636392,1
636401,1
636404,1
636408,1
636411,1
636413,1
636422,1
636429,1
636431,1
636441,1
636444,1
636447,1
636449,1
636451,1
636460,1
636470,1
636479,1
636481,1
636484,1
636489,1
636502,1
636506,1
636522,1
636533,1
636539,1
636543,1
636546,1
636554,1
636558,1
636561,1
636564,1
636573,1
636578,1
636581,1
636583,1
636595,1
636600,1
636609,1
636620,1
636664,1
636667,1
636677,1
636694,1
636712,1
636724,1
636728,1
636731,1
636734,1
636737,1
636744,1
636749,1
636752,1
636755,1
636765,1
636770,1
636772,1
636775,1
636782,1
636791,2
636807,1
636809,1
636817,1
636827,1
636829,1
636841,1
636844,1
636847,1
636849,1
636865,1
636882,1
636897,1
636901,1
636906,1
636920,1
636923,1
636935,1
636939,1
636943,1
636955,1
636959,1
636961,1
636964,1
636972,1
636977,1
636980,1
636982,1
636996,1
636999,1
637011,1
637017,1
637019,1
637033,1
637035,1
637051,1
637053,1
637069,1
637071,1
637075,1
637077,1
637093,1
637128,1
637143,1
637145,1
637149,1
637152,1
637154,1
637162,1
637166,1
637169,1
637187,1
637194,1
637201,1
637208,1
637243,1
637247,1
637261,1
637263,1
637278,1
637282,1
637284,1
637288,1
637300,1
637303,1
637317,1
637321,1
637334,1
637352,1
637357,1
637360,1
637377,1
637393,1
637395,1
637398,1
637411,1
637415,1
637417,1
637420,1
637432,1
637437,1
637449,1
637451,1
637454,1
637460,1
637474,2
637479,2
637494,1
637508,1
637514,1
637528,1
637532,1
637544,1
637548,1
637566,1
637568,1
637579,1
637585,1
637590,1
637601,1
637604,1
637608,1
637622,1
637625,1
637640,1
637642,1
637645,1
637657,1
637660,1
637664,1
637703,1
637718,1
637739,1
637772,1
637778,1
637790,1
637794,1
637797,1
637809,1
637816,1
637818,1
637854,1
637870,1
637884,1
637900,1
637910,1
637923,1
637927,1
637929,1
637931,1
637943,1
637946,1
637951,1
637962,1
637969,1
637982,1
637986,1
637992,1
637999,1
638004,1
638009,2
638021,1
638024,1
638026,1
638040,1
638043,1
638059,1
638062,1
638080,1
638095,1
638101,1
638114,1
638120,1
638136,1
638154,1
638157,1
638165,1
638174,1
638176,1
638178,1
638188,1
638193,1
638196,1
638206,1
638211,1
638215,1
638228,1
638233,1
638236,2
638248,1
638255,1
638269,1
638271,1
638288,1
638290,1
638306,1
638309,1
638325,1
638327,1
638329,1
638343,1
638346,1
638348,1
638353,1
638364,1
638366,1
638368,1
638382,1
638403,1
638421,1
638423,1
638428,1
638436,1
638441,1
638444,1
638459,1
638461,1
638477,1
638479,1
638481,1
638483,1
638496,1
638498,1
638501,1
638509,1
638534,1
638537,1
638553,1
638555,1
638557,1
638573,1
638590,1
638592,1
638595,1
638611,1
638613,1
638619,1
638630,1
638633,1
638651,1
638666,1
638668,1
638671,1
638686,1
638688,1
638690,1
638701,1
638706,1
638708,1
638710,1
638716,1
638726,1
638729,1
638742,1
638745,1
638747,1
638759,1
638763,1
638765,1
638767,1
638773,1
638779,1
638784,1
638800,1
638803,1
638818,1
638822,1
638841,1
638860,1
638876,1
638878,1
638880,1
638893,1
638896,1
638898,1
638913,1
638919,1
638935,1
638950,1
638953,1
638956,1
638958,1
638965,1
638972,1
638974,1
638976,1
638990,1
639003,1
639009,1
639011,1
639014,1
639027,1
639030,1
639046,1
639049,1
639051,1
639066,1
639068,1
639070,1
639085,1
639088,1
639104,1
639107,1
639123,1
639126,1
639142,1
639145,1
639147,1
639162,1
639165,1
639177,1
639181,1
639184,1
639198,1
639201,1
639203,1
639209,1
639217,1
639220,1
639222,1
639224,1
639235,1
639237,1
639239,1
639242,1
639254,1
639258,1
639260,1
639274,1
639277,1
639279,1
639295,1
639297,1
639312,1
639315,1
639317,1
639350,1
639353,1
639356,1
639368,1
639372,1
639374,1
639389,1
639392,1
639395,1
639409,1
639411,1
639426,1
639428,1
639430,1
639432,1
639441,1
639446,1
639449,1
639452,1
639460,1
639465,1
639467,1
639469,1
639471,1
639486,1
639490,1
639503,1
639506,1
639509,1
639524,1
639541,1
639546,1
639580,1
639583,1
639598,1
639600,1
639615,1
639618,1
639635,1
639637,1
639639,1
639641,1
639644,1
639659,1
639673,1
639675,1
639678,1
639688,1
639695,1
639698,1
639712,1
639716,1
639734,1
639754,1
639772,1
639787,1
639789,1
639791,1
639793,1
639824,1
639827,1
639831,1
639843,1
639845,1
639848,1
639850,1
639864,1
639870,1
639884,1
639900,1
639904,1
639908,1
639941,1
639960,1
639963,1
639977,1
639979,1
639982,1
639998,1
640000,1
640015,1
640017,1
640020,1
640036,1
640058,1
640070,1
640074,1
640092,1
640094,1
640097,1
640111,1
640131,1
640133,1
640150,1
640152,1
640168,1
640183,1
640189,1
640207,1
640224,1
640229,1
640242,1
640245,1
640248,1
640264,1
640268,1
640273,1
640281,1
640284,1
640288,1
640301,1
640303,1
640318,1
640322,1
640327,1
640361,1
640377,1
640380,1
640397,1
640399,1
640415,1
640453,1
640456,1
640474,1
640491,1
640493,1
640495,1
640507,1
640512,1
640526,1
640529,1
640533,1
640543,1
640550,1
640552,1
640567,1
640569,1
640571,1
640604,1
640609,1
640622,1
640627,1
640641,1
640648,1
640652,1
640660,1
640663,1
640666,1
640680,1
640682,1
640684,1
640686,1
640696,1
640702,1
640717,1
640719,1
640722,1
640724,1
640740,1
640758,2
640761,1
640777,1
640780,1
640796,1
640800,1
640813,1
640815,1
640818,1
640833,1
640835,1
640837,1
640853,1
640856,1
640871,1
640874,1
640889,1
640891,1
640894,1
640896,1
640913,1
640926,1
640929,1
640931,1
640933,1
640948,1
640953,1
640971,1
640981,1
640987,1
640989,1
641001,1
641006,1
641009,1
641024,1
641037,1
641042,1
641047,1
641058,1
641081,1
641101,1
641119,1
641137,1
641139,1
641153,1
641157,1
641161,1
641171,1
641180,1
641190,1
641195,1
641197,1
641199,1
641216,1
641218,1
641230,1
641234,1
641237,1
641251,1
641254,1
641256,1
641268,1
641272,1
641275,1
641289,1
641291,1
641308,1
641327,1
641330,1
641347,1
641369,1
641384,1
641387,1
641397,1
641404,1
641406,1
641409,1
641421,1
641424,1
641426,1
641441,1
641446,1
641456,1
641461,1
641464,1
641476,1
641481,1
641483,1
641485,1
641515,1
641520,2
641523,1
641537,1
641554,1
641558,1
641560,1
641572,1
641597,1
641613,1
641615,1
641627,1
641632,1
641636,1
641651,1
641669,1
641671,1
641674,1
641686,1
641692,2
641703,1
641711,1
641715,1
641725,1
641728,1
641730,1
641737,1
641743,1
641746,1
641748,1
641750,1
641752,1
641765,1
641784,1
641802,1
641814,1
641822,1
641825,1
641827,1
641842,1
641847,1
641861,1
641863,1
641865,1
641875,1
641880,1
641882,1
641896,1
641899,1
641901,1
641918,1
641933,1
641936,1
641938,1
641940,1
641956,1
641972,1
641978,1
641988,1
641994,1
642010,1
642013,1
642015,1
642030,1
642032,1
642034,1
642036,1
642054,1
642066,1
642069,1
642078,1
642087,1
642089,1
642091,1
642093,1
642106,1
642108,1
642110,1
642125,1
642128,1
642144,1
642148,2
642163,1
642165,1
642167,1
642169,1
642183,1
642185,1
642199,1
642202,1
642219,1
642222,1
642224,1
642240,1
642242,1
642260,1
642276,1
642279,1
642296,1
642300,1
642316,1
642318,1
642333,1
642336,1
642340,1
642353,1
642369,1
642373,1
642375,1
642378,1
642392,1
642396,2
642411,2
642413,1
642428,1
642432,1
642435,1
642448,1
642451,1
642467,1
642489,1
642512,1
642528,1
642542,1
642544,1
642546,1
642548,1
642563,1
642568,1
642575,1
642582,1
642585,1
642587,1
642602,1
642619,1
642626,1
642636,1
642639,1
642642,1
642658,1
642661,1
642675,1
642681,1
642690,1
642698,1
642709,1
642714,1
642716,1
642733,1
642735,1
642737,1
642739,1
642750,1
642754,1
642757,1
642769,1
642772,1
642776,1
642781,1
642793,1
642795,1
642810,1
642827,1
642832,1
642848,1
642850,1
642864,1
642868,1
642871,1
642886,1
642909,1
642924,1
642940,1
642943,1
642945,1
642962,1
642979,1
642981,1
642984,1
643016,1
643019,1
643037,1
643055,1
643058,1
643060,1
643075,1
643077,1
643094,2
643097,1
643115,1
643117,1
643137,1
643139,1
643152,1
643154,1
643156,1
643168,1
643172,1
643176,1
643189,1
643191,1
643208,1
643211,1
643228,1
643246,1
643249,1
643263,1
643267,1
643284,1
643287,1
643304,1
643322,1
643325,1
643341,1
643343,1
643345,1
643360,1
643379,1
643384,1
643399,1
643401,1
643417,1
643419,1
643433,1
643437,1
643439,1
643442,1
643444,1
643451,1
643455,1
643459,1
643461,1
643473,1
643476,1
643479,1
643493,1
643495,1
643499,1
643510,1
643513,1
643515,1
643517,1
643530,1
643532,1
643534,1
643537,1
643552,2
643563,1
643572,1
643575,2
643602,1
643606,1
643608,1
643610,1
643613,1
643628,1
643637,1
643644,1
643646,1
643648,1
643650,1
643661,1
643666,1
643668,1
643670,1
643683,1
643685,1
643690,1
643701,1
643703,1
643705,1
643707,1
643709,1
643734,1
643742,2
643747,1
643761,1
643764,1
643778,1
643780,1
643794,1
643799,1
643816,1
643819,1
643836,2
643840,1
643852,1
643856,1
643859,1
643874,1
643886,1
643893,1
643909,1
643913,1
643920,1
643932,1
643952,1
643954,1
643967,1
643969,1
643972,1
643975,1
643987,1
644004,1
644006,1
644008,1
644011,1
644031,2
644033,1
644044,1
644047,1
644049,1
644052,1
644065,1
644083,2
644101,1
644103,1
644106,1
644108,1
644120,1
644123,1
644135,1
644137,1
644141,1
644157,1
644159,1
644162,1
644165,1
644173,1
644179,1
644182,1
644195,1
644197,1
644202,1
644216,1
644232,1
644255,1
644273,1
644279,1
644295,1
644297,1
644310,1
644324,1
644331,1
644345,1
644367,1
644371,1
644386,1
644388,1
644401,1
644406,1
644421,1
644439,1
644443,1
644446,1
644449,1
644463,1
644474,1
644478,1
644483,1
644500,1
644504,1
644506,1
644519,1
644523,2
644525,1
644536,1
644541,1
644545,1
644577,1
644594,1
644596,1
644632,1
644634,1
644637,1
644648,1
644668,1
644671,1
644674,1
644678,1
644681,1
644690,1
644693,1
644695,1
644711,1
644728,1
644747,1
644750,1
644765,1
644768,1
644784,1
644787,1
644791,1
644806,1
644811,1
644823,1
644825,1
644838,1
644843,1
644845,1
644847,1
644880,1
644900,1
644916,1
644920,1
644924,1
644937,1
644939,1
644941,1
644944,1
644956,1
644960,1
644972,1
644975,1
644977,1
644995,1
644999,1
645017,1
645051,1
645053,1
645056,1
645090,1
645093,1
645109,1
645113,1
645128,1
645132,1
645147,1
645170,1
645186,1
645190,1
645204,1
645209,1
645226,1
645230,1
645243,1
645246,1
645261,1
645276,1
645280,1
645285,1
645311,1
645319,1
645324,1
645341,1
645343,1
645354,1
645357,1
645359,1
645372,1
645376,1
645395,1
645413,1
645428,1
645432,1
645436,1
645442,1
645452,1
645454,1
645456,1
645469,1
645471,1
645483,1
645487,1
645490,1
645495,1
645508,1
645512,1
645527,1
645545,1
645549,1
645559,1
645566,1
645568,1
645589,1
645604,1
645607,1
645609,1
645622,1
645625,2
645638,1
645641,1
645643,1
645646,1
645650,1
645660,1
645663,2
645665,1
645679,1
645681,1
645683,1
645697,1
645699,1
645703,1
645711,1
645717,1
645719,1
645722,1
645735,1
645738,2
645742,1
645760,1
645775,2
645777,1
645779,1
645795,1
645811,1
645828,1
645831,1
645835,1
645837,1
645851,1
645854,1
645869,1
645873,1
645884,1
645888,1
645890,1
645912,1
645926,1
645930,2
645952,1
645959,1
645962,1
645966,1
645987,1
645999,1
646002,1
646004,1
646006,1
646019,1
646022,1
646026,1
646038,1
646041,1
646046,1
646053,1
646059,1
646061,1
646065,1
646075,1
646079,1
646094,1
646096,1
646098,1
646103,1
646115,1
646131,1
646153,1
646171,1
646178,1
646192,1
646208,1
646216,1
646230,1
646232,1
646248,1
646250,1
646255,1
646271,1
646274,1
646290,2
646292,1
646304,1
646307,1
646309,1
646311,1
646324,1
646327,2
646346,1
646350,1
646362,1
646364,1
646368,1
646382,1
646386,1
646389,1
646401,1
646404,1
646406,1
646417,1
646420,1
646422,1
646427,1
646457,1
646476,1
646493,1
646495,1
646498,1
646500,1
646502,1
646513,1
646517,1
646519,1
646531,1
646534,1
646544,1
646552,1
646557,1
646572,1
646575,1
646590,1
646593,1
646606,1
646610,1
646616,1
646627,1
646631,1
646644,1
646649,1
646665,1
646671,1
646685,1
646687,1
646691,1
646705,1
646721,1
646723,1
646747,1
646761,1
646764,1
646767,1
646781,1
646796,1
646798,1
646800,1
646804,1
646817,1
646821,1
646823,1
646837,1
646844,2
646854,1
646856,1
646858,1
646873,1
646876,1
646882,1
646889,1
646896,1
646899,1
646914,1
646918,1
646932,1
646936,1
646951,1
646954,1
646958,1
646970,1
646983,1
646992,1
646996,1
647023,1
647027,1
647032,1
647044,1
647047,1
647065,1
647085,1
647095,1
647104,1
647110,1
647121,1
647123,1
647126,1
647128,1
647141,1
647143,1
647147,1
647159,1
647161,1
647164,1
647180,1
647186,1
647197,1
647199,1
647201,1
647203,1
647216,1
647219,1
647223,1
647234,1
647240,1
647255,1
647260,1
647274,1
647288,1
647294,1
647296,1
647312,1
647330,1
647348,1
647351,1
647354,1
647368,1
647371,1
647376,1
647388,1
647414,1
647424,1
647427,1
647429,1
647431,1
647444,1
647447,1
647453,1
647462,1
647465,1
647474,1
647481,1
647489,1
647492,1
647501,1
647509,1
647537,1
647541,1
647559,1
647576,1
647578,1
647595,1
647598,1
647614,1
647620,1
647622,1
647634,1
647637,1
647640,1
647654,1
647656,1
647671,1
647677,1
647689,1
647693,1
647710,1
647713,1
647716,1
647718,1
647728,1
647730,1
647733,1
647735,1
647739,1
647748,1
647751,1
647755,1
647768,1
647771,1
647787,1
647790,1
647793,1
647812,1
647840,1
647846,1
647851,1
647860,1
647863,1
647906,1
647917,1
647921,1
647926,1
647937,1
647939,1
647941,1
647943,1
647945,1
647957,1
647960,1
647977,1
647988,1
647997,1
648000,2
648003,1
648035,1
648037,1
648054,1
648056,1
648060,1
648072,1
648078,1
648090,1
648104,1
648110,1
648112,1
648148,1
648153,1
648166,1
648169,2
648172,1
648174,1
648186,1
648189,1
648204,1
648209,1
648220,1
648224,1
648226,1
648228,1
648230,1
648242,1
648244,1
648247,2
648263,1
648268,1
648281,1
648284,1
648286,1
648299,1
648302,1
648316,1
648336,1
648339,1
648344,1
648358,1
648375,1
648380,1
648382,1
648387,1
648398,1
648412,1
648418,1
648430,1
648434,1
648443,1
648445,1
648452,1
648454,1
648460,1
648468,1
648470,1
648479,1
648486,1
648490,1
648493,1
648510,1
648527,1
648534,1
648545,1
648548,1
648553,1
648565,1
648569,1
648584,1
648586,1
648589,1
648591,1
648595,1
648605,1
648608,1
648620,1
648624,1
648629,1
648633,1
648648,1
648657,1
648659,1
648661,1
648664,1
648669,1
648672,1
648680,1
648682,1
648684,1
648696,1
648699,1
648701,1
648717,1
648719,1
648724,1
648733,1
648735,1
648755,1
648771,1
648775,1
648782,1
648798,1
648800,1
648812,1
648815,1
648819,1
648827,1
648847,1
648851,1
648857,1
648870,1
648875,1
648886,1
648888,1
648891,1
648893,1
648898,1
648909,1
648916,1
648925,1
648929,1
648934,1
648945,1
648948,1
648952,1
648965,1
648969,1
648979,1
649010,1
649022,1
649028,1
649039,1
649042,1
649051,1
649057,1
649059,1
649062,1
649066,1
649068,1
649072,1
649080,1
649084,1
649098,1
649100,1
649116,1
649122,1
649136,1
649152,1
649167,1
649175,1
649178,1
649195,1
649213,1
649230,1
649232,1
649234,1
649248,1
649251,1
649263,1
649269,1
649271,1
649286,1
649289,1
649294,1
649298,1
649306,1
649308,1
649310,1
649314,1
649323,1
649327,1
649345,1
649349,1
649365,1
649398,1
649402,1
649419,1
649421,1
649438,1
649440,1
649443,1
649463,1
649479,1
649494,1
649497,1
649499,1
649517,1
649532,1
649537,2
649555,1
649565,1
649574,1
649580,1
649586,1
649594,1
649601,1
649611,1
649613,1
649627,1
649630,1
649632,1
649639,1
649674,1
649687,1
649724,1
649727,1
649744,1
649753,1
649787,1
649817,1
649827,1
649843,1
649855,1
649860,1
649865,1
649875,1
649877,1
649880,2
649895,1
649897,1
649900,1
649908,1
649917,1
649920,1
649933,1
649946,1
649953,1
649959,1
649969,1
649971,1
649978,1
649995,1
650007,1
650010,1
650012,1
650014,1
650018,1
650027,1
650031,1
650039,1
650045,1
650048,1
650050,1
650075,1
650082,1
650104,1
650106,1
650109,1
650138,1
650146,1
650149,1
650163,1
650180,1
650183,1
650195,1
650201,1
650217,1
650221,1
650255,1
650257,1
650262,1
650275,1
650277,1
650281,1
650293,1
650313,1
650350,1
650369,1
650371,1
650381,1
650389,1
650393,1
650404,1
650415,1
650420,1
650446,1
650483,1
650485,1
650495,1
650500,1
650503,1
650506,1
650513,1
650523,1
650540,1
650542,1
650560,1
650576,1
650580,1
650582,1
650585,1
650615,1
650617,1
650619,1
650631,1
650635,1
650655,1
650660,1
650675,1
650689,1
650698,1
650701,1
650714,1
650730,1
650732,1
650737,1
650746,1
650756,1
650767,1
650772,1
650788,1
650794,1
650806,1
650808,1
650810,1
650824,1
650828,1
650837,1
650844,1
650847,1
650850,1
650855,1
650865,1
650867,1
650878,1
650883,1
650895,1
650901,1
650921,1
650940,1
650949,1
650958,1
650964,1
650967,1
650980,1
650998,2
651017,1
651023,1
651035,1
651037,1
651042,1
651047,1
651051,1
651058,1
651081,1
651093,1
651107,1
651124,1
651140,1
651150,1
651163,1
651174,1
651188,1
651194,1
651201,1
651208,1
651214,1
651219,1
651236,1
651249,1
651265,2
651284,1
651293,1
651302,1
651304,1
651318,1
651320,1
651324,1
651336,1
651341,1
651349,1
651358,1
651376,1
651378,1
651388,1
651410,1
651425,1
651429,1
651439,1
651442,1
651448,1
651456,1
651460,1
651483,1
651487,1
651493,1
651504,1
651506,1
651508,1
651513,1
651527,1
651534,1
651541,1
651549,1
651551,1
651554,1
651565,1
651569,1
651573,1
651582,2
651586,1
651589,1
651591,1
651604,1
651629,1
651634,1
651640,1
651647,1
651658,1
651664,1
651667,1
651700,1
651716,1
651720,1
651738,1
651752,1
651756,1
651759,1
651777,1
651786,1
651795,1
651813,1
651849,1
651854,1
651856,1
651859,1
651873,1
651881,1
651886,1
651893,1
651915,1
651923,1
651927,1
651936,1
651941,1
651948,1
651950,1
651966,1
651972,1
651980,1
651985,1
651987,1
651989,1
651992,1
652003,1
652007,1
652019,1
652025,1
652029,1
652033,1
652044,1
652077,1
652081,1
652099,1
652108,1
652116,1
652120,1
652124,1
652134,1
652150,1
652180,1
652195,1
652212,1
652216,1
652229,1
652235,1
652250,1
652256,1
652272,1
652287,1
652289,1
652295,1
652305,1
652307,1
652329,1
652343,1
652346,1
652349,1
652354,1
652358,1
652366,1
652371,1
652380,1
652385,1
652387,1
652389,1
652395,1
652404,1
652419,1
652421,1
652430,1
652438,1
652444,1
652456,1
652467,1
652474,1
652481,1
652494,1
652498,1
652505,1
652508,1
652517,1
652520,1
652531,1
652533,1
652537,1
652539,1
652551,1
652554,1
652568,1
652574,1
652591,1
652593,1
652598,1
652607,1
652610,1
652615,1
652631,1
652634,1
652646,1
652653,1
652655,1
652669,1
652671,1
652678,1
652680,1
652685,1
652691,1
652695,1
652708,1
652712,1
652727,1
652738,1
652744,1
652760,1
652765,1
652770,1
652784,1
652802,1
652804,1
652821,1
652823,1
652828,1
652837,1
652840,1
652842,1
652844,1
652856,1
652870,1
652873,1
652878,1
652884,1
652897,1
652908,1
652914,1
652917,1
652933,1
652936,1
652944,1
652953,1
652957,1
652960,1
652966,1
652976,1
652991,1
653010,1
653012,1
653015,1
653031,1
653033,1
653059,1
653069,1
653073,1
653082,1
653090,1
653092,1
653105,1
653121,1
653125,1
653139,1
653175,1
653183,1
653198,1
653201,1
653206,1
653214,1
653222,1
653226,1
653237,1
653239,1
653253,1
653255,1
653259,1
653274,1
653280,1
653300,1
653313,1
653316,1
653334,1
653338,1
653351,1
653354,1
653359,1
653372,1
653379,1
653397,1
653406,1
653411,1
653413,1
653416,1
653427,1
653446,1
653453,1
653461,1
653483,1
653487,1
653492,1
653502,1
653530,1
653539,1
653544,1
653547,1
653551,1
653558,1
653561,1
653566,1
653572,1
653576,1
653583,1
653596,1
653615,1
653620,1
653623,1
653638,1
653653,1
653658,1
653676,1
653680,1
653691,1
653697,1
653699,1
653715,1
653731,1
653734,1
653749,1
653754,1
653759,1
653769,1
653773,1
653776,1
653790,1
653792,1
653850,1
653858,1
653868,1
653884,1
653886,1
653893,1
653901,1
653905,1
653911,1
653920,1
653924,1
653938,1
653940,1
653944,1
653946,1
653960,1
653963,1
653967,1
653979,1
653982,1
653998,1
654077,1
654083,1
654096,1
654101,1
654113,1
654115,1
654127,1
654129,1
654132,1
654147,1
654159,1
654171,1
654173,1
654190,1
654203,1
654209,1
654246,1
654264,1
654270,1
654280,1
654282,1
654287,1
654289,1
654295,1
654307,2
654342,1
654344,1
654349,1
654358,1
654363,1
654368,1
654380,1
654384,1
654387,1
654389,1
654397,1
654400,1
654403,1
654406,1
654416,1
654419,1
654422,1
654432,1
654435,1
654440,1
654453,1
654456,1
654460,1
654471,1
654478,1
654480,1
654493,1
654496,1
654512,1
654515,2
654532,1
654536,1
654545,1
654550,1
654553,1
654566,1
654571,1
654589,1
654592,1
654597,1
654605,1
654610,1
654612,1
654623,1
654628,1
654644,1
654646,1
654649,1
654683,1
654687,1
654698,1
654700,1
654705,1
654709,1
654712,1
654719,1
654724,1
654728,1
654735,1
654740,1
654743,1
654755,1
654759,1
654773,1
654779,1
654782,1
654786,1
654799,1
654804,1
654811,1
654818,1
654822,1
654834,1
654837,1
654852,1
654855,1
654857,1
654860,1
654869,1
654871,1
654874,1
654877,1
654880,1
654886,1
654905,1
654908,1
654910,1
654916,2
654921,1
654932,1
654935,1
654938,1
654947,1
654952,1
654966,1
654984,1
654989,1
654992,1
654995,1
654998,1
655006,1
655010,1
655024,1
655031,1
655044,1
655046,1
655054,1
655062,1
655068,1
655087,1
655089,1
655103,1
655123,1
655141,1
655145,1
655154,1
655163,1
655176,1
655178,1
655180,1
655186,1
655194,1
655199,1
655203,1
655218,1
655228,1
655230,1
655235,1
655239,1
655258,1
655273,1
655289,1
655308,1
655312,1
655326,1
655328,1
655334,1
655343,1
655349,1
655352,1
655364,1
655382,1
655387,1
655391,1
655397,1
655403,1
655407,1
655416,1
655419,1
655428,1
655448,1
655460,1
655464,1
655466,1
655478,1
655481,1
655484,1
655489,1
655498,1
655501,1
655545,1
655547,1
655561,1
655578,1
655582,1
655594,1
655597,1
655600,1
655602,1
655608,1
655613,1
655618,1
655630,1
655639,1
655653,1
655659,1
655686,1
655691,1
655693,1
655696,1
655699,1
655711,1
655713,1
655715,1
655717,1
655729,1
655731,1
655734,1
655743,1
655750,1
655765,1
655771,1
655788,1
655806,1
655822,1
655826,1
655843,1
655854,1
655861,1
655878,1
655880,1
655882,1
655885,1
655897,1
655901,1
655903,1
655907,1
655918,1
655936,1
655940,1
655973,1
655976,1
655991,1
655995,1
656000,1
656014,1
656016,1
656020,1
656030,1
656034,1
656038,1
656045,1
656049,1
656060,1
656084,1
656088,1
656091,1
656098,1
656105,1
656113,1
656141,1
656147,1
656150,1
656154,1
656167,1
656169,1
656172,1
656185,1
656188,1
656190,1
656203,1
656208,1
656221,1
656224,1
656226,1
656228,1
656239,1
656242,1
656250,1
656259,1
656262,1
656266,1
656268,1
656282,1
656284,1
656297,1
656302,1
656317,1
656320,1
656322,1
656333,1
656339,1
656342,1
656357,1
656364,1
656378,1
656380,1
656392,1
656396,1
656411,1
656414,1
656417,1
656434,1
656436,1
656447,1
656477,1
656485,1
656493,1
656508,1
656511,1
656517,1
656522,1
656546,1
656548,1
656550,1
656563,1
656578,1
656580,1
656584,1
656588,1
656597,1
656603,1
656606,1
656620,1
656622,1
656626,1
656639,1
656642,1
656644,1
656646,1
656656,1
656663,1
656667,1
656683,1
656688,1
656691,1
656707,1
656720,1
656727,1
656738,1
656740,1
656761,1
656770,1
656777,1
656779,1
656781,1
656788,1
656798,2
656809,1
656815,1
656828,1
656833,1
656836,1
656842,1
656845,1
656851,1
656869,1
656888,1
656891,1
656898,1
656904,1
656911,1
656913,1
656932,1
656940,1
656943,1
656949,1
656951,1
656953,1
656963,1
656967,1
656969,1
656983,1
656993,1
656998,1
657005,1
657007,1
657020,1
657030,1
657042,1
657080,1
657096,1
657100,1
657117,1
657133,1
657154,1
657157,1
657187,1
657195,1
657198,1
657209,1
657213,1
657217,2
657226,1
657235,1
657246,1
657251,1
657253,1
657262,1
657266,1
657282,1
657289,1
657302,1
657310,1
657328,1
657330,1
657333,1
657344,1
657347,1
657350,1
657360,1
657364,1
657368,1
657378,1
657380,1
657387,1
657402,1
657404,1
657425,1
657440,1
657443,1
657455,1
657459,1
657462,1
657494,1
657499,1
657515,1
657518,1
657520,1
657533,1
657538,1
657548,1
657553,1
657556,1
657558,1
657573,1
657576,1
657591,1
657611,1
657613,1
657623,1
657626,1
657631,1
657636,1
657650,1
657652,1
657666,1
657670,1
657679,1
657681,1
657686,1
657690,1
657692,1
657704,1
657708,1
657725,1
657728,1
657730,1
657746,1
657758,1
657762,1
657765,1
657768,2
657781,1
657785,1
657803,1
657819,1
657821,1
657825,1
657835,1
657838,1
657841,1
657843,1
657857,1
657859,1
657872,1
657878,1
657898,1
657900,1
657916,1
657918,1
657935,1
657953,1
657968,1
657974,1
657976,1
657993,1
658009,1
658014,1
658023,1
658044,1
658048,1
658050,1
658052,1
658054,1
658063,1
658065,1
658070,1
658072,1
658084,1
658087,1
658089,1
658095,1
658099,1
658101,1
658123,1
658125,1
658140,1
658145,1
658154,1
658164,1
658178,1
658182,1
658184,1
658197,1
658200,1
658203,1
658219,1
658239,1
658258,1
658278,1
658280,1
658296,1
658298,1
658306,1
658313,1
658316,1
658318,1
658331,1
658333,1
658335,1
658346,1
658349,1
658353,1
658356,1
658368,1
658373,1
658384,1
658392,1
658401,1
658409,1
658411,1
658413,1
658427,1
658430,1
658443,1
658448,1
658450,1
658456,1
658461,1
658468,1
658470,1
658484,1
658486,1
658499,1
658501,1
658507,1
658523,1
658525,1
658538,1
658545,1
658558,1
658562,1
658574,1
658579,1
658582,1
658584,1
658586,1
658591,1
658598,1
658612,1
658618,1
658621,1
658632,1
658641,1
658650,1
658653,1
658659,1
658661,1
658676,1
658679,1
658692,1
658695,1
658697,1
658711,1
658714,1
658718,1
658730,1
658733,1
658735,1
658752,1
658771,1
658788,1
658790,1
658792,1
658808,1
658810,1
658812,1
658826,1
658829,1
658832,1
658845,1
658861,1
658866,1
658899,1
658905,1
658920,1
658942,1
658956,1
658961,1
658963,1
658967,1
658974,1
658981,1
658992,1
658999,1
659001,1
659016,1
659033,1
659038,1
659041,1
659056,1
659069,1
659074,1
659076,1
659079,1
659090,1
659094,1
659108,1
659114,1
659126,1
659132,1
659134,1
659150,1
659154,1
659168,1
659170,1
659172,1
659187,1
659208,1
659230,1
659246,1
659260,1
659265,1
659273,1
659283,1
659294,1
659299,1
659304,1
659307,1
659309,1
659323,1
659338,1
659340,1
659342,1
659352,1
659359,1
659361,1
659372,1
659392,1
659397,1
659399,1
659417,1
659433,1
659436,1
659450,1
659453,1
659456,1
659469,1
659471,1
659475,1
659484,1
659490,1
659496,1
659511,1
659529,1
659534,1
659567,1
659572,1
659589,1
659607,1
659610,1
659625,1
659628,1
659630,1
659637,1
659642,1
659645,1
659663,1
659675,1
659682,1
659702,1
659718,1
659721,1
659733,1
659736,1
659742,1
659747,1
659761,1
659778,1
659792,1
659797,1
659811,1
659814,1
659849,1
659853,1
659867,1
659872,1
659874,1
659877,1
659890,1
659892,1
659894,1
659910,1
659923,1
659939,1
659943,1
659954,1
659986,1
660001,1
660009,1
660015,1
660019,1
660022,1
660026,1
660029,1
660042,1
660074,1
660082,1
660100,1
660104,1
660113,1
660119,1
660121,1
660138,1
660148,1
660151,1
660156,1
660158,1
660162,1
660167,1
660174,1
660193,1
660195,1
660205,1
660209,1
660211,1
660216,1
660245,1
660271,1
660288,1
660291,1
660294,1
660307,1
660310,1
660324,1
660331,1
660335,1
660340,1
660348,1
660350,1
660361,1
660369,1
660384,1
660403,1
660406,1
660419,1
660423,1
660438,1
660440,1
660445,1
660461,1
660478,1
660480,1
660484,1
660513,1
660515,1
660533,1
660548,1
660553,1
660572,1
660587,1
660595,1
660599,1
660610,1
660615,1
660617,1
660625,1
660648,1
660673,1
660691,1
660707,1
660741,1
660744,1
660748,1
660751,1
660764,1
660770,1
660784,1
660790,1
660805,1
660807,1
660828,1
660862,1
660864,1
660875,1
660888,1
660894,1
660901,1
660903,1
660919,1
660934,1
660938,1
660942,1
660953,1
660959,1
660961,1
660975,1
660977,1
660994,1
661007,1
661011,1
661013,1
661016,1
661029,1
661033,1
661044,1
661050,1
661052,1
661062,1
661069,1
661072,1
661074,1
661091,1
661098,1
661105,1
661110,1
661122,1
661125,1
661140,1
661147,1
661160,1
661166,1
661168,1
661175,1
661184,1
661186,1
661188,1
661196,1
661200,1
661203,1
661205,1
661207,1
661217,1
661221,1
661231,1
661233,1
661238,1
661254,1
661261,1
661263,1
661275,1
661280,1
661290,1
661295,1
661297,1
661301,1
661305,1
661316,1
661330,1
661336,1
661338,1
661370,1
661373,1
661376,1
661390,1
661407,1
661411,1
661425,1
661432,1
661450,1
661462,1
661474,1
661479,1
661503,1
661507,1
661509,1
661518,1
661522,1
661526,1
661529,1
661532,1
661543,1
661547,1
661558,1
661561,1
661566,1
661579,1
661582,1
661586,1
661597,1
661611,1
661623,1
661651,1
661657,2
661662,1
661674,1
661681,1
661693,1
661716,1
661737,1
661750,1
661756,1
661770,1
661793,1
661803,1
661813,1
661831,1
661850,1
661862,1
661881,1
661884,1
661887,1
661890,1
661916,1
661924,1
661926,1
661928,1
661943,1
661957,1
661960,1
661965,1
661967,1
661977,1
661980,1
661984,1
662005,1
662008,1
662014,1
662017,1
662025,2
662040,1
662054,1
662070,1
662089,1
662097,1
662099,1
662109,1
662112,1
662117,1
662120,2
662131,1
662134,1
662136,1
662146,1
662149,1
662153,1
662156,1
662168,1
662170,1
662172,1
662175,1
662196,1
662198,1
662206,1
662209,1
662225,1
662231,1
662242,1
662262,1
662264,1
662270,1
662282,1
662287,1
662299,1
662311,1
662313,1
662321,1
662341,1
662344,1
662355,1
662357,1
662361,1
662365,1
662374,1
662393,1
662400,1
662403,1
662415,1
662454,1
662460,1
662462,1
662471,1
662473,1
662477,1
662480,1
662491,1
662502,1
662509,1
662515,1
662517,1
662529,1
662531,1
662534,1
662536,1
662550,1
662561,1
662568,1
662573,1
662586,1
662602,1
662605,1
662607,1
662612,1
662626,1
662629,1
662641,1
662643,1
662660,1
662678,1
662687,1
662704,1
662717,1
662722,1
662735,1
662740,1
662748,1
662758,1
662763,1
662772,1
662781,1
662786,1
662792,1
662796,1
662799,1
662803,1
662815,1
662817,1
662827,1
662836,1
662840,1
662887,1
662895,1
662946,1
662952,1
662963,1
662968,1
662971,1
662973,1
662985,1
662988,1
662993,1
663020,1
663038,1
663044,1
663048,1
663065,1
663076,1
663082,1
663086,1
663088,1
663090,1
663095,1
663103,1
663106,1
663118,1
663120,1
663126,1
663136,1
663138,1
663143,1
663145,1
663154,1
663217,1
663236,1
663247,1
663271,1
663276,1
663289,1
663309,1
663313,1
663324,1
663327,1
663333,1
663336,1
663349,1
663366,1
663369,1
663384,1
663387,1
663405,1
663408,1
663424,1
663426,1
663429,1
663441,1
663458,1
663477,1
663479,1
663485,1
663502,1
663504,1
663514,1
663519,1
663535,1
663537,1
663541,1
663551,1
663558,1
663561,1
663577,1
663581,1
663595,1
663599,1
663626,1
663636,1
663638,1
663647,1
663650,1
663653,1
663667,1
663670,1
663684,1
663692,1
663694,1
663706,1
663719,1
663731,1
663740,1
663746,1
663764,1
663768,1
663770,1
663780,1
663784,1
663805,1
663821,1
663826,1
663846,1
663850,1
663856,1
663865,1
663875,1
663882,1
663887,1
663901,1
663914,1
663917,1
663923,1
663935,1
663939,1
663954,1
663960,1
663969,1
663979,1
663992,1
663995,1
663999,1
664016,1
664029,1
664038,1
664045,1
664049,1
664051,1
664057,1
664064,1
664068,1
664085,1
664103,1
664105,1
664107,1
664111,1
664121,1
664126,1
664138,1
664140,1
664152,1
664161,1
664169,1
664181,1
664204,1
664209,1
664219,1
664222,1
664229,1
664239,1
664255,1
664257,1
664264,1
664268,1
664272,1
664279,1
664282,1
664286,1
664296,1
664302,1
664312,1
664331,1
664348,1
664372,1
664377,1
664379,1
664391,1
664408,1
664413,1
664423,1
664428,1
664432,1
664436,1
664447,1
664451,1
664455,1
664468,1
664485,1
664503,1
664511,1
664520,1
664529,1
664546,1
664559,1
664563,1
664580,1
664583,1
664597,1
664600,1
664618,1
664641,1
664643,1
664658,1
664675,1
664680,1
664683,1
664695,1
664715,1
664723,1
664728,2
664732,1
664735,1
664737,1
664741,1
664744,1
664768,1
664771,1
664775,1
664793,1
664796,1
664809,1
664813,1
664817,1
664828,1
664840,1
664850,1
664858,1
664866,1
664883,1
664888,1
664891,1
664893,1
664903,1
664905,1
664909,1
664911,1
664922,1
664925,1
664933,1
664948,1
664956,1
664959,1
664965,1
664974,1
664979,1
664982,1
664995,1
664999,1
665017,1
665036,1
665040,1
665055,1
665062,1
665072,1
665075,1
665077,1
665079,1
665109,1
665112,1
665116,1
665128,1
665140,1
665146,1
665150,1
665157,1
665171,1
665202,1
665211,1
665224,1
665227,1
665237,1
665245,1
665261,1
665272,1
665282,1
665323,1
665340,1
665342,1
665359,1
665393,1
665441,1
665455,1
665459,1
665475,1
665492,1
665531,1
665567,1
665571,1
665587,1
665600,1
665605,1
665619,1
665622,1
665641,1
665654,1
665657,1
665661,1
665665,1
665668,1
665675,1
665685,1
665691,1
665707,1
665712,1
665724,1
665733,1
665740,1
665751,1
665758,1
665768,1
665777,1
665781,1
665796,1
665811,1
665816,1
665820,1
665846,1
665856,1
665875,1
665891,1
665904,1
665925,1
665944,1
665962,1
665969,1
665972,1
665987,1
665989,1
665992,1
666006,1
666010,1
666014,1
666022,1
666024,1
666027,1
666038,1
666044,1
666049,1
666054,1
666061,1
666067,1
666081,1
666084,1
666086,1
666092,1
666102,1
666117,1
666120,1
666123,1
666139,1
666158,1
666167,1
666173,1
666183,1
666196,1
666213,1
666219,1
666227,1
666233,1
666235,1
666238,1
666240,1
666249,1
666252,1
666258,1
666267,1
666275,1
666289,1
666291,1
666301,1
666304,1
666323,1
666337,1
666345,1
666373,1
666376,1
666383,1
666387,1
666390,1
666393,1
666402,1
666414,1
666425,1
666429,1
666435,1
666438,1
666448,1
666459,1
666461,1
666464,1
666480,1
666495,1
666498,1
666501,1
666516,1
666528,1
666535,1
666583,1
666598,1
666605,1
666609,1
666614,1
666616,1
666618,1
666627,2
666630,1
666632,1
666636,1
666654,1
666670,1
666672,1
666675,1
666681,1
666683,1
666689,1
666692,1
666697,1
666707,1
666711,1
666725,1
666727,1
666729,1
666731,1
666740,1
666745,1
666751,1
666760,1
666765,1
666767,1
666769,1
666779,1
666785,1
666800,1
666813,1
666823,1
666826,1
666839,1
666853,1
666858,1
666874,1
666877,1
666881,1
666893,1
666911,1
666913,1
666915,1
666928,1
666932,1
666937,1
666950,1
666957,1
666984,1
666986,1
666989,1
666993,1
666997,1
666999,1
667007,1
667011,1
667014,1
667016,1
667025,1
667030,1
667043,1
667049,1
667054,1
667061,1
667064,1
667070,2
667079,1
667087,1
667116,1
667123,1
667127,1
667137,1
667143,1
667160,1
667166,1
667171,1
667176,1
667186,1
667194,1
667211,1
667215,1
667217,1
667236,1
667250,1
667256,1
667260,1
667263,1
667271,1
667274,1
667278,1
667295,1
667312,1
667318,1
667327,1
667336,1
667345,1
667352,1
667355,1
667357,1
667365,1
667373,1
667388,1
667391,1
667405,1
667412,1
667417,1
667422,1
667428,1
667430,1
667432,1
667440,1
667442,1
667449,1
667453,1
667485,1
667498,1
667504,1
667509,1
667518,1
667525,1
667528,1
667536,1
667541,1
667543,1
667547,1
667554,1
667568,1
667588,1
667596,1
667603,1
667606,1
667621,1
667629,1
667633,1
667635,1
667644,1
667646,1
667652,1
667655,1
667667,1
667670,1
667677,1
667692,1
667698,1
667707,1
667716,1
667731,1
667745,1
667787,1
667792,1
667795,1
667806,1
667812,1
667824,1
667840,1
667845,1
667851,1
667860,1
667863,1
667868,1
667871,1
667879,1
667900,1
667904,1
667916,1
667921,1
667926,1
667928,1
667936,1
667944,1
667946,1
667963,1
667976,1
667980,1
667993,1
667997,1
668003,1
668005,1
668039,1
668049,1
668057,1
668061,1
668085,1
668091,1
668098,1
668106,1
668117,1
668134,1
668161,1
668167,1
668169,1
668174,1
668176,1
668184,1
668208,1
668211,1
668224,1
668226,1
668231,1
668243,1
668258,1
668277,1
668283,1
668285,1
668296,1
668300,1
668308,1
668321,1
668326,1
668339,1
668354,1
668359,1
668361,1
668365,1
668373,1
668381,1
668385,1
668401,1
668414,1
668419,1
668435,1
668440,1
668449,1
668455,1
668458,1
668470,1
668473,1
668486,1
668491,1
668493,1
668498,1
668514,1
668543,1
668545,1
668550,1
668556,1
668565,1
668569,1
668582,1
668608,1
668612,1
668624,1
668628,1
668630,1
668639,1
668644,1
668647,1
668660,1
668669,1
668680,1
668695,1
668701,1
668716,1
668723,1
668734,1
668740,1
668742,1
668755,1
668758,1
668760,1
668772,1
668776,1
668779,1
668782,1
668785,1
668796,1
668801,1
668818,1
668832,1
668835,1
668851,1
668853,1
668857,1
668867,1
668872,1
668878,1
668895,1
668910,1
668929,1
668936,1
668946,1
668948,1
668965,1
668980,1
668982,1
668986,1
668990,1
668993,1
669001,1
669004,1
669008,1
669036,1
669042,1
669047,1
669057,1
669093,1
669096,1
669098,1
669123,1
669128,1
669134,1
669156,1
669161,1
669178,1
669195,1
669213,1
669217,1
669233,1
669236,1
669250,1
669254,1
669272,1
669275,1
669292,1
669306,1
669313,1
669315,1
669328,1
669342,1
669346,1
669348,1
669351,1
669354,1
669371,1
669383,1
669389,1
669396,1
669400,1
669405,1
669409,1
669424,1
669446,1
669463,1
669468,1
669482,1
669484,1
669500,1
669503,1
669515,1
669519,1
669524,1
669536,1
669540,1
669542,1
669557,1
669570,1
669576,1
669578,1
669581,1
669594,1
669607,1
669614,1
669627,1
669633,1
669639,1
669654,1
669663,1
669669,1
669672,1
669675,1
669686,1
669688,1
669691,1
669703,1
669709,1
669711,1
669717,1
669730,1
669744,1
669748,1
669757,1
669763,1
669779,1
669782,1
669798,1
669804,1
669821,1
669825,1
669839,1
669842,1
669844,1
669860,1
669875,1
669883,1
669893,1
669918,1
669931,1
669936,1
669942,1
669953,1
669960,1
669972,1
669991,1
669994,1
669996,1
669999,1
670012,1
670031,1
670047,1
670049,1
670064,1
670070,1
670087,1
670095,1
670107,1
670110,1
670112,1
670124,1
670126,1
670128,1
670131,1
670141,1
670148,1
670159,1
670163,1
670166,2
670170,1
670182,1
670184,1
670188,1
670190,1
670200,1
670202,1
670205,1
670207,1
670211,1
670219,1
670223,1
670226,1
670233,1
670238,1
670240,1
670246,1
670248,1
670257,1
670259,1
670263,1
670278,1
670293,1
670296,1
670310,1
670315,1
670331,1
670347,1
670353,1
670357,1
670359,1
670376,1
670391,1
670395,1
670411,1
670414,1
670416,1
670430,1
670433,1
670444,1
670447,1
670452,2
670454,1
670456,1
670461,1
670470,1
670473,1
670485,1
670488,1
670501,1
670503,1
670505,1
670511,1
670522,1
670528,1
670539,1
670544,1
670563,1
670580,1
670597,1
670599,1
670603,1
670607,1
670614,1
670633,1
670640,1
670646,1
670648,1
670658,1
670662,1
670695,1
670701,1
670711,1
670713,1
670716,1
670720,1
670722,1
670735,1
670737,1
670750,1
670753,1
670761,1
670776,1
670787,1
670791,1
670794,1
670797,1
670811,1
670816,1
670825,1
670829,1
670835,1
670847,1
670863,1
670865,1
670867,1
670890,1
670902,1
670905,1
670921,1
670940,1
670944,1
670946,1
670948,1
670961,1
670964,1
670966,1
670978,1
670981,1
670984,1
670997,1
671002,1
671015,1
671018,1
671023,1
671034,1
671041,1
671043,1
671057,1
671060,1
671076,1
671092,1
671097,1
671113,1
671117,1
671129,1
671131,1
671133,1
671138,1
671150,1
671154,2
671156,1
671158,1
671173,1
671177,1
671187,1
671189,1
671193,1
671195,1
671203,1
671208,1
671212,1
671217,1
671222,1
671228,1
671230,1
671238,1
671247,1
671250,1
671259,1
671270,1
671283,1
671287,1
671294,1
671305,1
671328,1
671333,1
671337,1
671339,1
671345,1
671353,1
671361,1
671365,1
671382,1
671396,1
671399,1
671402,1
671417,1
671422,1
671440,1
671455,1
671478,1
671493,1
671496,1
671500,1
671513,1
671517,1
671553,1
671568,1
671571,1
671573,1
671576,1
671586,1
671590,1
671594,1
671602,1
671605,1
671607,1
671617,1
671623,1
671627,1
671631,1
671637,1
671664,1
671672,1
671682,1
671687,1
671700,1
671705,1
671725,1
671740,1
671743,1
671745,1
671751,1
671758,1
671761,1
671764,1
671766,1
671777,1
671779,1
671781,1
671783,1
671789,1
671794,1
671796,1
671798,1
671801,1
671810,1
671817,1
671820,1
671822,1
671825,1
671832,1
671836,1
671840,1
671843,1
671855,1
671885,1
671895,1
671913,1
671916,1
671935,1
671964,1
671967,1
671970,1
671973,1
671977,1
671986,1
671991,1
672001,1
672003,1
672011,1
672014,1
672020,1
672026,1
672043,1
672045,1
672061,1
672066,1
672068,1
672081,1
672084,1
672088,1
672104,1
672110,1
672115,1
672123,1
672126,1
672128,1
672132,1
672142,1
672144,1
672157,1
672160,1
672169,1
672176,1
672182,1
672194,1
672198,1
672201,1
672213,1
672218,1
672236,2
672250,1
672272,1
672291,1
672294,1
672310,1
672313,1
672315,1
672330,1
672347,1
672351,1
672367,1
672380,1
672386,1
672398,1
672404,1
672410,1
672412,1
672416,1
672418,1
672428,1
672430,1
672432,1
672445,1
672448,1
672463,1
672479,1
672482,1
672486,1
672497,1
672502,1
672505,1
672520,1
672522,1
672533,1
672537,1
672541,1
672553,1
672558,1
672560,1
672573,1
672578,1
672580,1
672590,1
672592,1
672600,1
672602,1
672608,1
672616,1
672618,1
672631,1
672637,1
672654,1
672656,1
672659,1
672670,1
672674,1
672679,1
672685,1
672691,1
672694,1
672708,1
672710,1
672719,1
672727,1
672737,1
672746,1
672749,1
672751,1
672767,1
672781,1
672796,1
672805,1
672809,1
672811,1
672823,1
672832,1
672843,1
672846,1
672849,1
672858,1
672865,2
672878,1
672880,1
672883,1
672910,1
672913,1
672921,1
672929,1
672938,1
672941,1
672944,1
672946,1
672958,1
672961,1
672992,1
672995,1
672997,1
673012,1
673018,1
673023,1
673027,1
673030,1
673033,1
673037,1
673039,1
673043,1
673045,1
673056,1
673070,1
673072,1
673087,1
673090,1
673093,1
673097,1
673110,1
673126,1
673145,1
673147,1
673157,1
673165,1
673171,1
673186,1
673194,1
673209,1
673220,1
673223,1
673226,1
673228,1
673242,1
673250,1
673262,1
673270,1
673276,1
673297,1
673299,1
673302,1
673308,1
673317,1
673327,1
673332,1
673334,1
673341,1
673348,1
673356,1
673358,1
673360,1
673362,1
673372,1
673381,1
673389,1
673394,1
673397,2
673405,1
673431,1
673436,1
673448,1
673453,1
673469,1
673471,1
673485,1
673489,1
673493,1
673507,1
673518,1
673526,1
673548,1
673554,1
673565,1
673568,1
673582,1
673584,1
673603,1
673611,1
673621,1
673623,1
673627,1
673649,1
673657,1
673664,1
673669,1
673679,1
673682,1
673684,1
673687,1
673700,1
673708,1
673714,1
673724,1
673737,1
673745,1
673755,1
673757,1
673764,1
673775,1
673780,1
673787,1
673795,1
673803,1
673811,1
673813,1
673831,1
673838,1
673849,1
673851,1
673859,1
673866,1
673870,1
673876,1
673878,1
673887,1
673890,1
673894,1
673897,1
673906,1
673910,1
673913,1
673926,1
673932,1
673934,1
673948,2
673955,1
673965,1
673971,1
673987,1
674000,1
674021,1
674023,1
674025,1
674039,1
674041,1
674044,1
674050,1
674055,1
674104,1
674114,1
674117,1
674126,1
674142,1
674146,1
674154,1
674159,1
674163,1
674175,1
674192,1
674197,1
674211,1
674213,1
674218,1
674221,1
674226,1
674233,1
674237,1
674248,1
674253,1
674257,1
674269,1
674271,1
674285,1
674288,1
674301,1
674306,1
674309,1
674323,1
674326,1
674333,1
674336,1
674344,1
674346,1
674352,1
674363,1
674369,1
674381,1
674383,1
674386,1
674394,1
674401,1
674403,1
674411,1
674419,1
674424,1
674427,1
674439,1
674441,1
674455,1
674477,1
674485,1
674495,1
674501,1
674514,1
674517,1
674524,1
674532,1
674535,1
674538,1
674545,1
674553,1
674562,1
674564,1
674572,1
674576,1
674580,1
674591,1
674608,1
674615,1
674617,1
674629,1
674632,1
674634,1
674637,1
674640,1
674646,1
674650,1
674653,2
674655,1
674664,1
674681,1
674687,1
674694,1
674696,1
674705,1
674708,1
674713,1
674725,1
674729,1
674742,1
674750,1
674763,1
674766,1
674783,1
674786,1
674799,1
674801,1
674807,1
674835,1
674844,1
674856,1
674858,1
674863,1
674865,1
674880,1
674883,1
674887,1
674890,1
674895,1
674898,1
674901,1
674907,1
674911,1
674923,1
674931,1
674936,1
674952,1
674956,1
674958,1
674964,1
674971,1
674977,1
674990,1
674998,1
675001,1
675008,1
675011,1
675034,1
675040,1
675047,1
675050,1
675055,1
675066,1
675068,1
675071,1
675082,1
675085,1
675087,1
675102,1
675106,1
675124,1
675128,1
675142,1
675167,1
675183,1
675215,1
675218,1
675228,1
675236,1
675246,1
675254,1
675256,1
675263,1
675265,1
675297,1
675299,1
675301,1
675305,1
675307,1
675314,1
675317,1
675320,1
675324,1
675332,1
675350,1
675368,1
675371,1
675377,1
675381,1
675384,1
675389,1
675397,1
675400,2
675416,1
675419,1
675428,1
675431,1
675437,1
675445,1
675453,1
675455,1
675473,1
675477,1
675484,1
675492,1
675508,1
675511,1
675528,1
675541,1
675544,1
675548,1
675550,1
675578,1
675580,1
675585,1
675587,1
675590,1
675597,1
675603,1
675608,1
675621,1
675626,1
675636,1
675640,1
675643,1
675645,1
675649,1
675657,1
675661,1
675676,1
675698,1
675711,1
675715,1
675737,1
675748,1
675757,1
675776,1
675788,1
675794,1
675805,1
675809,1
675813,1
675830,1
675846,1
675868,1
675871,1
675885,1
675904,1
675912,1
675919,1
675922,1
675930,1
675933,1
675939,1
675947,1
675949,1
675963,1
675976,1
675980,1
675983,1
675986,1
675992,1
675998,1
676000,1
676002,1
676004,1
676018,1
676023,1
676039,1
676046,1
676056,1
676061,1
676071,1
676075,1
676080,1
676082,1
676095,1
676099,1
676108,1
676112,1
676115,1
676118,1
676120,1
676133,1
676136,1
676143,1
676150,1
676152,1
676154,1
676164,1
676167,1
676170,1
676173,1
676175,1
676178,1
676187,1
676189,1
676192,1
676196,1
676207,1
676213,1
676216,1
676227,1
676232,1
676262,1
676269,1
676271,1
676286,1
676288,1
676290,1
676320,1
676325,1
676328,1
676345,1
676360,1
676380,1
676382,1
676385,1
676399,1
676405,1
676416,1
676421,1
676441,1
676443,1
676458,1
676460,1
676474,1
676490,1
676494,1
676496,1
676499,1
676501,1
676516,1
676529,1
676535,1
676537,1
676551,1
676553,1
676567,1
676570,1
676574,1
676579,1
676592,1
676595,1
676609,1
676611,1
676613,1
676627,1
676645,1
676662,1
676666,1
676669,1
676671,1
676684,1
676688,1
676701,1
676705,1
676707,1
676713,1
676723,1
676726,1
676742,1
676746,1
676760,1
676762,1
676764,1
676798,1
676802,1
676816,1
676833,1
676837,1
676840,1
676855,1
676858,1
676871,1
676874,1
676877,1
676891,1
676914,1
676929,1
676971,1
676988,1
676991,1
676993,1
677004,1
677010,1
677012,1
677027,1
677041,1
677043,1
677050,1
677052,1
677080,1
677084,1
677086,1
677088,1
677104,1
677108,1
677120,1
677122,1
677139,1
677143,1
677158,1
677161,1
677163,1
677169,1
677172,1
677177,1
677181,1
677184,1
677195,1
677197,1
677217,1
677221,1
677224,1
677236,1
677240,1
677272,1
677277,1
677288,1
677313,1
677315,1
677331,1
677347,1
677350,1
677354,1
677369,1
677371,1
677387,1
677389,1
677391,1
677405,1
677408,1
677411,1
677422,1
677425,1
677427,1
677430,1
677433,2
677444,1
677450,1
677456,1
677463,1
677466,1
677469,1
677482,1
677500,1
677504,1
677506,1
677524,1
677538,1
677541,1
677543,1
677549,1
677557,1
677560,1
677562,1
677575,1
677578,1
677582,1
677588,1
677592,1
677596,1
677599,1
677601,1
677613,1
677616,1
677618,1
677620,1
677634,1
677636,1
677653,1
677657,1
677671,1
677675,1
677691,1
677693,1
677710,1
677713,1
677729,1
677767,1
677771,1
677776,1
677789,1
677805,1
677807,1
677823,1
677828,1
677843,1
677847,1
677861,1
677881,1
677885,1
677900,1
677906,1
677920,2
677930,1
677938,1
677943,1
677950,1
677958,1
677962,1
677975,1
677979,1
677982,1
677994,1
677996,1
678009,1
678013,1
678019,1
678025,1
678032,1
678041,1
678052,1
678057,1
678074,1
678076,1
678090,1
678092,1
678095,1
678109,1
678113,1
678124,1
678127,1
678129,1
678131,1
678134,1
678139,1
678141,1
678145,1
678151,1
678154,1
678163,1
678166,1
678185,1
678205,1
678207,1
678224,1
678242,2
678246,1
678262,1
678265,1
678280,1
678284,1
678296,1
678302,1
678304,1
678317,1
678320,1
678323,1
678338,2
678341,1
678357,1
678360,1
678371,1
678376,1
678394,1
678396,1
678398,1
678414,1
678431,1
678433,1
678436,1
678450,1
678453,1
678455,1
678470,1
678472,1
678507,1
678527,1
678530,1
678549,1
678551,1
678566,1
678582,1
678585,1
678588,1
678607,1
678622,1
678627,1
678634,1
678642,1
678654,1
678659,1
678664,1
678677,1
678681,1
678683,1
678697,1
678699,1
678713,1
678721,1
678723,1
678732,1
678737,1
678739,1
678751,1
678757,1
678761,1
678776,1
678793,1
678798,1
678810,1
678831,1
678834,1
678850,1
678867,1
678870,2
678874,1
678885,1
678889,1
678891,1
678894,1
678900,1
678909,1
678920,1
678944,1
678949,1
678964,1
678972,1
678983,1
678989,1
679000,1
679021,1
679023,1
679025,1
679041,1
679054,1
679060,1
679094,1
679097,1
679116,1
679131,1
679136,1
679162,1
679173,1
679177,1
679193,2
679196,1
679210,1
679214,1
679218,1
679231,2
679249,1
679255,1
679268,1
679272,1
679279,1
679288,1
679309,1
679325,1
679340,1
679346,2
679349,1
679362,1
679365,1
679381,1
679386,1
679397,1
679421,1
679424,1
679439,1
679441,1
679444,1
679458,1
679475,1
679477,1
679485,1
679497,1
679501,1
679507,1
679515,1
679517,1
679520,1
679533,1
679535,1
679537,1
679539,1
679551,1
679555,1
679558,1
679573,1
679604,1
679608,1
679610,1
679612,1
679616,1
679627,1
679631,1
679633,1
679641,1
679651,2
679654,1
679663,1
679687,1
679690,1
679697,1
679701,1
679722,1
679724,1
679742,1
679746,1
679762,1
679766,1
679781,1
679783,1
679818,1
679836,1
679838,1
679842,1
679857,1
679875,1
679887,1
679896,1
679900,1
679907,1
679928,1
679933,1
679935,1
679937,1
679952,1
679971,1
679974,1
679992,2
680014,1
680028,1
680046,1
680064,1
680066,1
680070,1
680080,1
680087,1
680089,1
680105,1
680123,1
680135,1
680141,1
680144,1
680146,1
680148,1
680180,1
680182,1
680199,1
680202,1
680214,1
680218,1
680220,1
680232,1
680236,1
680238,1
680246,1
680275,1
680293,1
680295,1
680313,1
680338,1
680349,1
680351,1
680354,1
680357,1
680370,1
680388,1
680391,1
680393,1
680409,1
680446,1
680451,1
680469,1
680484,1
680486,1
680503,1
680521,1
680525,1
680537,1
680546,2
680552,1
680562,1
680577,1
680579,1
680582,1
680598,1
680600,1
680617,1
680635,1
680654,1
680656,1
680673,1
680675,1
680692,1
680694,1
680698,1
680705,1
680713,1
680718,1
680727,1
680732,1
680736,1
680750,1
680768,1
680772,1
680785,1
680789,1
680792,1
680805,1
680808,1
680831,1
680845,1
680881,1
680884,1
680888,1
680891,1
680894,1
680899,1
680906,2
680919,1
680922,1
680926,1
680930,1
680941,1
680947,1
680959,1
680977,1
680981,1
680987,1
680998,1
681000,1
681016,1
681019,1
681035,1
681071,1
681073,1
681077,1
681092,1
681095,1
681111,1
681128,1
681145,1
681150,1
681160,1
681167,1
681169,1
681205,1
681209,1
681225,1
681244,1
681263,1
681278,1
681282,1
681286,1
681294,1
681301,1
681303,1
681308,1
681318,1
681321,1
681324,1
681338,1
681340,1
681342,1
681360,1
681376,1
681392,1
681397,1
681399,1
681402,1
681416,1
681431,1
681434,1
681437,2
681440,1
681470,1
681473,1
681483,1
681491,1
681499,1
681502,1
681506,1
681524,1
681527,1
681533,1
681586,1
681608,1
681624,1
681631,1
681640,1
681644,1
681646,1
681654,1
681661,1
681663,1
681665,1
681667,1
681671,1
681680,1
681683,1
681698,1
681701,1
681705,1
681709,1
681719,1
681722,1
681726,1
681736,1
681739,1
681744,1
681757,1
681759,1
681772,1
681777,1
681798,1
681813,1
681815,1
681817,1
681832,1
681834,1
681853,1
681870,1
681872,1
681874,1
681891,1
681908,1
681910,1
681912,1
681929,1
681931,1
681946,1
681948,1
681984,1
681987,1
682010,1
682040,1
682042,1
682050,1
682064,1
682078,1
682081,1
682083,1
682085,1
682096,1
682100,1
682102,1
682116,1
682119,1
682122,1
682137,1
682139,1
682154,1
682157,1
682169,1
682176,1
682179,1
682184,1
682196,1
682212,1
682214,1
682216,1
682220,1
682230,1
682237,1
682251,1
682291,1
682308,1
682310,1
682327,1
682333,1
682349,1
682365,1
682381,1
682384,1
682387,1
682394,1
682402,1
682405,1
682407,1
682411,1
682422,1
682424,1
682426,1
682432,1
682457,1
682460,1
682463,1
682466,1
682483,1
682496,1
682499,1
682516,1
682535,1
682538,1
682542,1
682556,1
682572,1
682574,1
682577,1
682592,1
682608,1
682613,1
682617,1
682632,1
682645,1
682649,1
682651,1
682658,1
682675,1
682687,1
682692,1
682705,1
682709,1
682725,1
682727,1
682741,1
682748,1
682755,1
682764,1
682766,1
682768,1
682782,1
682784,1
682802,1
682808,1
682812,1
682840,1
682858,1
682860,1
682862,1
682869,1
682879,1
682886,1
682898,1
682900,1
682905,1
682918,1
682942,1
682973,1
682992,1
682994,1
682996,1
683009,1
683012,1
683014,1
683016,1
683022,1
683029,1
683032,1
683051,1
683086,1
683100,1
683105,1
683107,1
683110,1
683112,1
683141,1
683145,1
683148,1
683182,1
683184,1
683187,1
683201,1
683203,1
683205,1
683219,1
683221,1
683236,1
683240,1
683243,1
683246,1
683260,1
683293,1
683296,1
683299,1
683301,1
683316,1
683318,1
683332,1
683335,1
683350,1
683353,1
683374,1
683391,1
683393,1
683410,1
683425,1
683429,1
683432,1
683462,1
683468,1
683471,1
683487,1
683502,1
683506,1
683521,1
683523,1
683525,1
683528,1
683531,1
683541,1
683545,1
683547,1
683549,1
683562,1
683564,1
683566,1
683580,1
683582,1
683595,1
683614,1
683616,1
683620,1
683623,1
683638,1
683641,1
683647,1
683659,1
683661,1
683664,1
683677,1
683693,1
683696,1
683746,1
683754,1
683757,1
683773,1
683789,1
683794,1
683808,1
683818,1
683829,1
683831,1
683835,1
683864,1
683866,1
683870,1
683887,1
683900,1
683905,1
683921,1
683924,1
683928,1
683944,1
683946,1
683956,1
683963,1
683966,1
683980,1
683985,1
683990,1
684000,1
684019,1
684054,1
684056,1
684070,1
684073,1
684079,1
684082,1
684093,1
684095,1
684098,1
684108,1
684112,1
684115,1
684118,1
684129,1
684133,1
684136,1
684147,1
684149,1
684153,1
684157,1
684169,1
684171,1
684174,1
684187,1
684190,1
684193,1
684203,1
684207,1
684210,1
684212,1
684225,1
684228,1
684261,1
684263,1
684266,1
684268,1
684272,1
684286,1
684300,1
684324,1
684327,1
684337,1
684340,1
684344,1
684348,1
684359,1
684361,1
684376,1
684381,1
684394,1
684396,1
684401,1
684415,1
684417,1
684420,2
684432,1
684436,1
684439,1
684442,1
684454,1
684475,1
684480,1
684485,1
684492,1
684495,1
684498,1
684500,1
684514,1
684525,1
684530,1
684532,1
684535,1
684537,1
684551,1
684571,1
684573,1
684585,1
684588,1
684590,1
684593,1
684604,1
684606,1
684617,1
684624,1
684630,1
684643,1
684647,1
684663,1
684665,1
684681,1
684687,1
684706,1
684720,1
684722,1
684724,1
684728,1
684741,1
684779,1
684801,1
684816,1
684820,1
684835,1
684837,1
684853,1
684855,1
684859,1
684870,1
684873,1
684876,1
684890,1
684893,1
684896,1
684909,1
684911,1
684914,1
684918,1
684927,1
684931,1
684933,1
684935,1
684939,1
684951,1
684965,1
684968,1
684983,1
685006,1
685008,1
685024,1
685026,1
685063,1
685065,1
685082,1
685090,1
685102,1
685118,1
685135,1
685138,1
685141,1
685156,1
685158,1
685174,1
685177,1
685181,1
685192,1
685202,1
685214,1
685217,1
685219,1
685249,1
685254,1
685258,1
685270,1
685274,1
685276,1
685287,1
685291,1
685293,1
685295,1
685309,1
685327,1
685343,1
685345,1
685351,1
685353,1
685369,1
685384,1
685391,1
685402,1
685406,1
685408,1
685422,1
685426,1
685440,1
685443,1
685446,1
685448,1
685465,1
685478,1
685482,1
685519,1
685523,1
685539,1
685556,1
685576,1
685585,1
685593,1
685597,1
685601,1
685620,1
685670,1
685673,1
685675,1
685692,1
685706,1
685721,1
685731,1
685744,1
685749,1
685781,1
685785,1
685788,1
685790,1
685806,1
685841,1
685843,1
685846,1
685861,1
685865,1
685881,1
685914,1
685920,1
685932,1
685963,1
685976,1
685987,1
685994,1
686012,1
686026,1
686032,1
686034,1
686037,1
686050,1
686052,1
686054,1
686068,1
686071,1
686075,1
686088,1
686090,1
686092,1
686106,1
686109,1
686113,1
686126,1
686131,1
686145,1
686148,1
686165,1
686167,1
686185,1
686192,1
686223,1
686242,1
686244,1
686277,1
686298,1
686319,1
686336,1
686339,2
686341,1
686374,1
686378,1
686393,1
686395,1
686412,1
686430,1
686435,1
686451,1
686468,1
686470,1
686472,1
686475,1
686489,1
686492,1
686506,1
686512,1
686527,1
686530,1
686545,1
686547,1
686551,1
686563,1
686566,1
686581,1
686585,1
686604,1
686620,1
686642,1
686655,1
686661,1
686677,1
686679,1
686681,1
686716,1
686735,1
686737,1
686739,1
686750,1
686757,1
686772,1
686774,1
686788,1
686790,1
686823,1
686828,1
686832,1
686834,1
686836,1
686851,1
686867,1
686869,1
686887,1
686891,1
686909,1
686929,1
686959,1
686964,1
686985,1
687002,1
687004,1
687015,1
687022,1
687037,1
687095,1
687097,1
687100,1
687111,1
687115,1
687117,1
687119,1
687121,1
687133,1
687136,1
687139,1
687153,1
687170,1
687174,1
687176,1
687178,1
687190,1
687193,1
687195,1
687208,1
687211,1
687216,1
687227,1
687230,1
687233,1
687247,1
687249,1
687251,1
687254,1
687285,1
687299,1
687301,1
687303,1
687307,1
687311,1
687324,1
687326,1
687341,1
687343,1
687345,1
687348,1
687364,1
687368,1
687385,1
687394,1
687402,1
687405,1
687407,1
687420,1
687433,1
687437,1
687440,1
687442,1
687455,1
687460,1
687476,1
687480,1
687495,1
687502,1
687520,1
687533,1
687537,1
687553,1
687557,1
687570,1
687573,1
687585,1
687591,1
687608,1
687628,1
687630,1
687632,1
687647,1
687649,1
687653,1
687667,1
687685,1
687703,1
687705,1
687725,1
687742,1
687744,1
687746,1
687760,1
687776,1
687779,1
687797,1
687813,1
687815,1
687821,1
687836,1
687847,1
687857,1
687860,1
687877,1
687879,1
687889,1
687897,1
687909,1
687927,1
687936,1
687952,1
687955,1
687987,1
687989,1
687995,1
688004,1
688006,1
688011,1
688023,1
688026,1
688030,1
688046,1
688049,1
688058,1
688069,1
688086,1
688103,1
688105,1
688114,1
688124,1
688140,1
688143,1
688160,1
688175,1
688177,1
688181,1
688184,1
688216,1
688234,1
688237,1
688255,1
688258,1
688260,1
688269,1
688288,1
688293,1
688296,1
688311,1
688317,1
688331,1
688334,1
688336,1
688350,1
688352,1
688354,1
688369,1
688371,1
688380,1
688388,1
688391,1
688393,1
688395,1
688407,1
688409,1
688411,1
688422,1
688425,1
688429,1
688445,1
688449,1
688460,1
688466,1
688483,1
688486,1
688490,1
688501,1
688505,1
688507,1
688509,1
688521,1
688525,2
688537,1
688555,1
688561,1
688568,1
688573,1
688579,1
688584,1
688597,1
688600,1
688614,1
688616,1
688619,1
688621,1
688634,1
688638,1
688653,1
688688,1
688690,1
688693,1
688697,1
688712,1
688747,1
688753,1
688768,1
688771,1
688780,1
688791,2
688805,1
688807,1
688810,1
688813,1
688839,1
688842,1
688847,1
688874,1
688878,1
688883,1
688914,1
688920,1
688924,1
688927,1
688941,1
688952,1
688956,1
688958,1
688961,1
688963,1
688982,1
688990,1
688998,1
689000,1
689030,1
689035,1
689054,1
689066,1
689074,1
689077,1
689087,1
689092,1
689094,1
689106,1
689112,1
689128,1
689148,1
689150,1
689188,1
689193,1
689196,1
689206,1
689211,1
689224,1
689227,1
689241,1
689247,2
689266,1
689274,1
689282,1
689285,1
689297,1
689302,1
689319,1
689331,1
689338,1
689341,1
689353,1
689356,1
689360,1
689374,1
689378,1
689388,1
689394,1
689398,1
689401,1
689411,1
689418,1
689430,1
689434,1
689451,1
689453,1
689469,1
689491,1
689507,1
689519,1
689530,1
689542,1
689546,1
689550,1
689552,1
689564,1
689569,1
689578,1
689586,1
689589,1
689640,1
689644,1
689660,1
689676,1
689679,1
689682,1
689684,1
689695,1
689699,1
689702,1
689718,1
689735,1
689739,1
689752,1
689754,1
689759,1
689770,1
689778,1
689789,1
689794,1
689797,1
689812,1
689815,1
689826,1
689830,1
689834,1
689848,1
689850,1
689871,1
689873,1
689887,1
689889,1
689893,1
689909,1
689923,1
689927,1
689930,1
689944,1
689948,1
689964,1
689966,1
689968,1
689973,1
689984,1
690002,1
690013,1
690020,1
690025,1
690055,1
690059,1
690063,1
690096,1
690101,1
690104,1
690116,1
690152,1
690172,1
690174,1
690176,1
690178,1
690188,1
690191,1
690197,1
690201,1
690214,1
690228,1
690234,1
690268,1
690272,1
690274,1
690281,1
690284,1
690293,1
690305,1
690309,1
690320,1
690365,1
690380,1
690383,1
690385,1
690415,1
690421,1
690424,1
690439,1
690442,1
690480,1
690494,1
690500,1
690518,1
690532,1
690535,1
690537,1
690540,1
690542,1
690554,1
690557,1
690572,1
690607,1
690613,1
690620,1
690630,1
690638,1
690650,1
690652,1
690670,1
690685,1
690687,1
690690,1
690705,1
690708,1
690722,1
690727,1
690744,1
690762,1
690765,1
690780,1
690783,1
690785,1
690837,1
690841,1
690856,1
690878,1
690895,1
690898,1
690915,1
690917,1
690951,1
690955,1
690970,1
690974,1
690989,1
690993,1
691008,1
691012,1
691027,1
691046,1
691050,1
691065,1
691069,1
691084,1
691088,1
691101,1
691104,1
691108,1
691112,1
691121,1
691123,1
691125,1
691137,1
691141,1
691175,1
691177,1
691179,1
691182,1
691186,1
691188,1
691217,1
691222,1
691242,1
691256,1
691259,1
691263,1
691289,1
691293,1
691298,1
691301,1
691312,1
691328,1
691335,1
691340,1
691350,1
691352,1
691356,1
691368,1
691372,1
691374,1
691387,1
691389,1
691392,1
691403,1
691407,1
691412,1
691415,1
691422,1
691428,1
691446,1
691449,1
691451,1
691468,1
691477,1
691484,1
691488,1
691503,1
691525,1
691555,1
691581,1
691598,1
691601,1
691618,1
691634,1
691638,1
691654,1
691658,1
691667,1
691671,1
691673,1
691675,1
691683,1
691693,1
691696,1
691698,1
691708,1
691712,1
691716,1
691732,1
691749,1
691755,1
691767,1
691773,1
691808,1
691811,1
691813,1
691827,1
691838,1
691845,1
691850,1
691860,1
691865,1
691869,1
691871,1
691880,1
691885,1
691888,1
691899,1
691904,1
691923,1
691939,1
691942,1
691974,1
691981,1
691996,1
692002,1
692013,1
692020,1
692033,1
692036,1
692040,1
692054,1
692056,1
692070,1
692075,1
692079,1
692093,1
692103,1
692110,1
692116,1
692126,1
692128,1
692135,1
692141,1
692146,1
692156,1
692160,1
692163,1
692166,1
692176,1
692184,1
692190,1
692196,1
692203,1
692225,1
692228,1
692242,1
692246,1
692264,2
692268,1
692280,1
692286,1
692288,1
692302,1
692337,1
692357,1
692361,1
692371,1
692375,1
692381,1
692396,1
692406,1
692427,1
692448,1
692450,1
692459,1
692465,1
692494,1
692504,1
692513,1
692549,1
692580,1
692586,1
692602,1
692607,1
692623,1
692625,1
692640,1
692658,1
692663,1
692666,1
692701,1
692705,1
692720,1
692759,1
692763,1
692772,1
692777,1
692780,1
692788,1
692793,1
692801,1
692831,1
692866,1
692875,1
692878,1
692883,1
692892,1
692906,1
692909,1
692914,1
692921,1
692928,1
692935,1
692937,1
692940,1
692947,1
692953,1
692961,1
692971,1
692982,1
692986,1
692998,1
693009,1
693020,1
693025,1
693028,1
693037,1
693055,1
693122,1
693138,1
693140,1
693143,1
693151,1
693159,1
693171,1
693173,1
693192,1
693199,1
693212,1
693217,1
693231,1
693233,1
693240,1
693250,1
693256,1
693268,1
693303,1
693308,1
693342,1
693369,1
693379,1
693405,1
693414,1
693421,1
693428,1
693442,1
693446,1
693451,1
693459,1
693462,1
693477,1
693511,1
693515,1
693518,1
693520,1
693524,1
693537,1
693570,1
693577,1
693581,1
693594,1
693603,1
693615,1
693649,1
693656,1
693668,1
693675,1
693686,1
693690,1
693693,1
693699,1
693709,1
693711,1
693714,1
693726,1
693731,1
693738,1
693746,1
693753,1
693762,1
693766,1
693781,1
693787,1
693801,1
693811,1
693825,1
693841,1
693844,1
693880,1
693899,1
693912,1
693917,1
693925,1
693935,1
693954,1
693971,1
693978,1
693983,1
693993,1
693998,1
694008,1
694014,1
694017,1
694027,1
694031,1
694034,1
694060,1
694091,1
694107,1
694110,1
694134,1
694148,1
694161,1
694164,1
694168,1
694178,1
694193,1
694202,1
694216,1
694220,1
694225,1
694239,1
694251,1
694259,1
694270,1
694276,1
694282,1
694290,1
694296,1
694307,1
694330,1
694333,1
694339,1
694343,1
694347,1
694358,1
694372,1
694403,1
694411,1
694415,1
694419,1
694431,1
694445,1
694448,1
694452,1
694465,1
694481,1
694487,1
694504,1
694509,1
694520,1
694525,1
694539,1
694543,1
694548,1
694553,1
694561,1
694565,1
694568,1
694579,1
694582,1
694584,1
694607,1
694613,1
694625,1
694640,1
694642,1
694648,1
694663,1
694676,1
694681,1
694690,1
694697,1
694732,1
694737,1
694742,1
694754,1
694756,1
694779,1
694787,1
694790,1
694809,1
694813,1
694817,1
694831,1
694840,1
694845,1
694851,1
694856,1
694867,1
694880,1
694889,1
694896,1
694900,1
694907,1
694921,1
694924,1
694932,1
694936,1
694940,1
694949,1
694964,1
694969,1
694978,1
694984,1
694988,1
695000,1
695011,1
695014,1
695019,1
695025,1
695059,1
695071,1
695079,1
695131,1
695136,1
695151,1
695168,1
695172,1
695177,1
695189,1
695194,1
695211,1
695228,1
695240,1
695246,1
695248,1
695252,1
695265,1
695270,1
695275,1
695287,1
695293,1
695303,1
695308,1
695315,1
695325,1
695340,1
695346,1
695356,1
695384,1
695394,1
695400,1
695403,1
695405,1
695418,1
695425,1
695436,1
695439,1
695453,1
695457,1
695461,1
695473,1
695476,1
695488,1
695491,1
695495,1
695500,1
695510,1
695515,1
695529,1
695531,1
695536,1
695550,1
695555,1
695566,1
695572,1
695590,1
695607,1
695612,1
695628,1
695632,1
695645,1
695648,1
695667,1
695681,1
695688,1
695700,1
695702,1
695705,1
695709,1
695742,1
695746,1
695759,1
695772,1
695779,1
695786,1
695789,1
695796,1
695801,1
695805,1
695809,1
695816,1
695833,1
695838,1
695841,1
695844,1
695857,1
695879,1
695882,1
695895,1
695928,1
695977,1
695989,1
696008,1
696024,1
696027,1
696033,1
696066,1
696102,1
696109,1
696122,1
696125,1
696127,1
696140,1
696148,1
696158,1
696164,1
696175,1
696178,1
696189,1
696193,1
696199,1
696212,1
696218,1
696232,1
696234,1
696247,1
696254,1
696271,1
696277,1
696289,1
696310,1
696322,1
696328,1
696335,1
696345,1
696347,1
696349,1
696360,1
696368,1
696370,1
696377,1
696381,1
696386,1
696394,1
696406,1
696414,1
696421,1
696432,1
696434,1
696436,1
696440,1
696444,1
696449,1
696453,1
696490,1
696493,1
696498,1
696504,1
696510,1
696516,1
696526,1
696528,1
696543,1
696549,1
696560,1
696563,1
696576,1
696595,1
696611,1
696619,1
696634,1
696651,1
696653,1
696676,1
696690,1
696699,1
696707,1
696717,1
696734,1
696739,1
696745,1
696753,1
696768,1
696779,1
696788,1
696791,1
696796,1
696804,1
696810,1
696822,1
696831,1
696841,1
696846,1
696852,1
696863,1
696867,1
696870,1
696882,1
696886,1
696890,1
696902,1
696908,1
696911,1
696919,1
696934,1
696939,1
696944,1
696957,1
696965,1
696970,1
696975,1
697000,1
697003,1
697006,1
697019,1
697038,1
697052,1
697055,1
697070,1
697080,1
697092,1
697107,1
697113,1
697129,1
697147,1
697151,1
697153,1
697158,1
697167,1
697169,1
697186,1
697193,1
697221,1
697227,1
697229,1
697238,1
697241,1
697245,1
697253,1
697261,1
697266,1
697279,1
697285,1
697294,1
697296,1
697300,1
697306,1
697310,1
697317,1
697321,1
697341,1
697352,1
697376,1
697384,1
697390,1
697394,1
697436,1
697443,1
697470,1
697476,1
697479,1
697490,1
697494,1
697498,1
697514,1
697524,1
697530,1
697537,1
697542,1
697548,1
697555,1
697558,1
697560,1
697575,1
697592,1
697602,1
697610,1
697618,1
697630,1
697642,1
697646,1
697648,1
697651,1
697661,1
697664,1
697667,1
697669,1
697671,1
697680,1
697683,1
697689,1
697698,1
697700,1
697705,1
697725,1
697781,1
697794,1
697801,1
697818,1
697829,1
697838,1
697855,1
697858,1
697876,1
697891,1
697929,1
697934,1
697940,1
697949,1
697952,1
697981,1
697986,1
697992,1
697997,1
698006,1
698009,1
698012,1
698023,1
698027,1
698030,1
698042,1
698047,1
698059,1
698066,1
698096,1
698116,1
698124,1
698158,1
698167,1
698197,1
698200,1
698228,1
698237,1
698244,1
698264,1
698291,1
698295,1
698311,1
698314,1
698328,1
698350,1
698353,1
698371,1
698383,1
698392,1
698408,1
698417,1
698419,1
698430,1
698445,1
698448,1
698462,1
698467,1
698474,1
698478,1
698482,1
698485,1
698488,1
698495,1
698504,1
698522,1
698531,1
698536,1
698542,1
698544,1
698550,1
698560,1
698564,1
698576,1
698578,1
698581,1
698595,1
698598,1
698609,1
698614,1
698627,1
698635,1
698638,1
698651,1
698653,1
698657,1
698674,1
698693,1
698709,1
698713,1
698720,1
698729,1
698733,1
698742,1
698751,1
698753,1
698758,1
698766,1
698770,1
698780,1
698797,1
698801,1
698808,1
698810,1
698815,1
698820,1
698836,1
698840,1
698845,1
698864,1
698881,1
698884,1
698909,1
698918,1
698923,1
698936,1
698939,1
698941,1
698943,1
698956,1
698959,1
698973,1
698977,1
698985,1
698992,1
699000,1
699003,1
699007,1
699011,1
699018,1
699020,1
699030,1
699035,1
699042,1
699049,1
699053,1
699063,1
699074,1
699099,1
699110,1
699113,1
699126,1
699130,1
699132,1
699142,1
699148,1
699151,1
699165,1
699180,1
699185,1
699200,1
699206,1
699226,1
699261,1
699265,1
699271,1
699279,1
699282,1
699286,1
699297,1
699300,1
699303,1
699315,1
699317,1
699322,1
699333,1
699336,1
699341,1
699352,1
699354,1
699360,1
699371,1
699378,1
699390,1
699395,1
699407,1
699423,1
699429,1
699435,1
699449,1
699454,1
699472,1
699475,1
699490,1
699500,1
699506,1
699513,1
699541,1
699546,1
699549,1
699561,1
699564,1
699569,1
699617,1
699625,1
699643,1
699654,1
699657,1
699684,1
699694,1
699701,1
699713,1
699718,1
699720,1
699750,1
699754,1
699758,1
699770,1
699775,1
699778,1
699790,1
699793,1
699796,1
699807,1
699810,1
699815,1
699827,1
699829,1
699832,1
699836,1
699838,1
699852,1
699856,1
699865,1
699868,1
699872,1
699885,1
699887,1
699892,1
699899,1
699909,1
699911,1
699913,1
699923,1
699928,1
699931,1
699934,1
699936,1
699946,1
699949,1
699953,1
699962,1
699966,1
699970,1
699977,1
699982,1
699987,1
699992,1
699998,1
800001,1
800003,1
800007,1
800009,1
800019,1
800022,1
800034,1
800036,1
800039,1
800045,1
800054,1
800061,1
800080,1
800094,1
800098,1
800101,1
800114,1
800118,1
800123,1
800125,1
800133,1
800136,1
800139,1
800141,1
800144,1
800152,1
800166,1
800171,1
800177,1
800189,1
800192,1
800205,1
800211,1
800227,1
800233,1
800239,1
800247,1
800253,1
800265,1
800270,1
800284,1
800288,1
800291,1
800300,1
800303,1
800310,1
800315,1
800322,1
800328,1
800344,1
800347,1
800350,1
800366,1
800369,1
800381,1
800383,1
800387,1
800398,1
800423,1
800431,1
800437,1
800443,1
800472,1
800479,1
800504,1
800530,1
800542,1
800548,1
800552,1
800558,1
800574,1
800583,1
800588,1
800594,1
800601,1
800609,1
800620,1
800622,1
800625,1
800635,1
800646,1
800651,1
800664,1
800666,1
800670,1
800672,1
800688,1
800706,1
800724,1
800727,1
800730,1
800742,1
800744,1
800747,1
800749,1
800761,1
800763,1
800766,1
800779,1
800783,1
800796,1
800801,1
800809,1
800821,1
800823,1
800836,1
800841,1
800851,1
800853,1
800855,1
800858,1
800863,1
800870,1
800874,1
800879,1
800898,1
800912,1
800918,1
800930,1
800935,1
800937,1
800973,1
800977,1
800993,1
801003,1
801010,1
801025,1
801039,1
801048,1
801051,1
801063,1
801069,1
801075,1
801107,1
801120,1
801138,1
801145,1
801155,1
801164,1
801181,1
801183,1
801186,1
801191,1
801200,1
801203,1
801205,1
801217,1
801220,1
801222,1
801228,1
801236,1
801243,1
801252,1
801256,1
801259,1
801261,1
801271,1
801274,1
801277,1
801279,1
801293,1
801297,1
801310,1
801313,1
801317,1
801331,1
801349,1
801353,1
801355,1
801366,1
801370,1
801374,1
801387,1
801391,1
801393,1
801402,1
801411,1
801425,1
801429,1
801431,1
801446,1
801448,1
801451,1
801457,1
801469,1
801487,1
801500,1
801502,1
801507,1
801522,1
801525,1
801540,1
801553,2
801561,1
801564,1
801566,1
801580,1
801591,1
801597,1
801616,1
801620,1
801636,1
801639,1
801654,1
801659,1
801674,1
801679,1
801685,1
801694,1
801697,1
801710,1
801714,1
801716,1
801734,1
801748,1
801752,1
801772,1
801785,1
801787,1
801802,1
801806,1
801811,1
801823,1
801825,1
801830,1
801842,1
801847,1
801849,1
801863,1
801866,1
801870,1
801882,1
801884,1
801887,1
801901,1
801903,1
801920,1
801924,1
801938,1
801940,1
801944,1
801961,1
801975,1
801977,1
801981,1
801995,1
802000,1
802014,1
802019,1
802035,1
802038,1
802048,1
802053,1
802055,1
802057,1
802060,1
802077,1
802108,1
802128,1
802134,1
802147,1
802150,1
802153,1
802165,1
802170,1
802173,1
802185,1
802187,1
802192,1
802205,1
802208,1
802221,1
802224,1
802229,1
802238,1
802247,1
802249,1
802261,1
802267,1
802277,1
802282,1
802285,1
802287,1
802303,1
802320,1
802336,1
802339,1
802343,1
802357,1
802361,1
802380,1
802394,1
802396,1
802399,1
802401,1
802414,1
802416,1
802419,1
802431,1
802433,1
802437,1
802439,1
802443,1
802452,1
802458,1
802471,1
802474,1
802476,1
802490,1
802494,1
802496,1
802509,1
802525,1
802527,1
802531,1
802534,1
802548,1
802551,1
802564,1
802566,1
802569,1
802584,1
802589,1
802608,1
802623,1
802626,1
802628,1
802642,1
802645,1
802659,1
802661,1
802666,1
802679,1
802683,1
802685,1
802692,1
802701,1
802705,1
802717,1
802721,1
802748,1
802755,1
802759,1
802761,1
802763,1
802772,1
802777,1
802780,1
802812,1
802817,1
802831,1
802834,1
802837,1
802853,1
802868,1
802871,1
802875,1
802888,1
802892,1
802894,1
802908,1
802924,1
802931,1
802947,1
802951,1
802965,1
802967,1
802970,1
802984,1
802989,1
803003,1
803008,1
803021,1
803025,1
803028,1
803060,1
803062,1
803065,1
803077,1
803079,1
803081,1
803084,1
803086,1
803097,1
803101,1
803113,1
803119,1
803122,1
803136,1
803140,1
803164,1
803175,1
803179,1
803193,1
803197,1
803208,1
803217,1
803229,1
803233,1
803235,1
803238,1
803251,1
803254,1
803267,1
803269,1
803272,1
803281,1
803289,1
803293,1
803306,1
803310,1
803326,1
803330,1
803345,1
803348,1
803351,1
803364,1
803367,1
803369,1
803380,1
803385,1
803389,1
803400,1
803403,1
803406,1
803408,1
803444,1
803477,1
803482,1
803497,1
803501,1
803516,1
803534,1
803537,1
803540,1
803554,1
803558,1
803572,1
803575,2
803590,1
803597,1
803610,1
803615,1
803632,1
803635,1
803672,1
803686,1
803706,1
803708,1
803711,1
803730,1
803742,1
803744,1
803749,1
803764,1
803768,1
803785,1
803787,1
803797,1
803801,1
803805,1
803819,1
803825,1
803840,1
803842,1
803845,1
803859,1
803914,1
803933,1
803952,1
803955,1
803958,1
803972,1
803976,1
803990,1
803997,1
804009,1
804015,1
804025,1
804032,1
804034,1
804037,1
804063,1
804067,1
804070,1
804072,1
804081,1
804089,1
804105,1
804110,1
804126,1
804128,1
804141,1
804147,1
804198,1
804203,1
804205,1
804222,1
804240,1
804243,1
804251,1
804262,1
804276,1
804279,1
804281,1
804290,1
804297,1
804300,1
804303,1
804314,1
804316,1
804354,1
804356,1
804372,1
804374,1
804376,1
804378,1
804381,1
804393,1
804397,1
804415,1
804421,1
804428,1
804430,1
804449,1
804466,1
804469,1
804487,1
804492,1
804503,1
804505,1
804509,1
804523,1
804540,1
804543,1
804560,1
804564,1
804566,1
804578,1
804600,1
804604,1
804621,1
804636,1
804640,1
804651,1
804658,1
804674,1
804677,1
804681,1
804696,1
804699,1
804708,1
804711,1
804719,1
804733,1
804770,1
804772,1
804776,1
804778,1
804781,1
804792,1
804796,1
804812,1
804826,1
804831,1
804834,1
804847,1
804850,1
804863,1
804865,1
804868,1
804872,1
804885,1
804906,1
804908,1
804923,1
804925,1
804927,1
804930,1
804942,1
804944,1
804946,1
804960,1
804962,1
804964,1
804970,1
804979,1
804981,1
804984,1
804998,1
805002,1
805035,1
805038,1
805041,1
805043,1
805058,1
805075,1
805080,1
805093,1
805130,1
805133,1
805135,1
805146,1
805151,1
805153,1
805155,1
805166,1
805170,1
805175,1
805192,1
805208,1
805210,1
805225,1
805244,1
805253,1
805270,1
805283,1
805285,1
805288,1
805302,1
805305,1
805322,1
805325,1
805339,1
805342,1
805345,1
805359,1
805364,1
805379,1
805381,1
805383,1
805397,1
805402,1
805423,1
805437,1
805439,1
805453,1
805456,1
805460,1
805462,1
805475,1
805477,1
805480,2
805499,1
805513,1
805515,1
805520,1
805530,1
805546,1
805550,1
805552,1
805571,1
805587,1
805606,1
805611,1
805625,1
805628,1
805630,1
805666,1
805685,1
805699,1
805701,1
805722,1
805725,1
805742,1
805759,1
805762,1
805778,1
805781,1
805798,1
805801,1
805817,1
805822,1
805835,1
805839,1
805855,1
805861,1
805873,1
805888,1
805892,1
805909,1
805930,1
805935,1
805967,1
805969,1
805972,1
805986,1
805990,1
805992,1
806006,1
806008,1
806010,1
806012,1
806023,1
806026,1
806030,2
806045,1
806051,1
806061,1
806064,1
806067,1
806081,1
806083,1
806101,1
806104,1
806108,1
806110,1
806122,1
806125,2
806128,1
806161,1
806196,1
806214,1
806233,1
806235,1
806250,1
806253,1
806257,1
806259,1
806272,1
806274,1
806276,1
806278,1
806289,1
806292,1
806294,1
806296,1
806308,1
806311,1
806316,1
806318,1
806329,1
806333,1
806350,1
806365,1
806367,1
806373,1
806387,1
806390,1
806408,1
806423,1
806426,1
806429,1
806444,1
806446,1
806462,1
806467,1
806480,1
806486,1
806498,1
806502,1
806504,1
806519,1
806522,1
806537,1
806555,1
806561,1
806563,1
806573,1
806580,1
806594,1
806597,1
806613,1
806617,1
806621,1
806634,1
806636,1
806638,1
806652,1
806654,1
806657,1
806671,1
806675,1
806689,1
806694,1
806708,1
806710,1
806713,1
806718,1
806729,1
806745,1
806766,1
806783,1
806787,1
806789,1
806791,1
806805,1
806807,1
806809,1
806822,1
806824,1
806826,1
806828,1
806843,1
806848,1
806859,1
806861,1
806863,1
806866,1
806868,1
806878,1
806882,1
806895,1
806904,1
806934,1
806937,1
806940,1
806944,1
806955,1
806958,1
806960,1
806963,1
806992,1
806996,1
806998,1
807015,1
807032,1
807037,1
807070,1
807072,1
807089,1
807092,1
807095,1
807106,1
807109,1
807111,1
807115,2
807128,1
807140,1
807170,1
807173,1
807183,1
807186,1
807189,1
807192,1
807204,1
807206,1
807221,1
807241,1
807246,1
807260,1
807263,1
807280,1
807296,1
807298,1
807300,1
807304,1
807307,1
807318,1
807322,1
807324,1
807335,1
807339,1
807355,1
807357,1
807392,1
807395,1
807414,1
807425,1
807432,1
807435,1
807437,1
807451,1
807453,1
807455,1
807467,1
807472,2
807488,1
807493,1
807511,1
807527,1
807550,1
807564,1
807568,1
807572,1
807583,1
807587,1
807600,1
807604,1
807607,1
807621,1
807623,1
807626,1
807639,1
807641,1
807644,1
807654,1
807658,1
807661,1
807663,1
807676,1
807678,1
807693,1
807696,1
807698,1
807715,1
807717,1
807720,1
807722,1
807733,1
807735,1
807737,1
807740,1
807742,1
807754,1
807758,2
807768,1
807772,1
807774,1
807776,1
807781,1
807792,1
807795,1
807807,1
807809,1
807814,1
807816,1
807830,1
807832,1
807835,1
807848,1
807850,1
807852,1
807867,1
807875,1
807884,1
807905,1
807909,1
807914,1
807933,1
807944,1
807946,1
807949,1
807962,1
807964,1
807967,1
807979,1
807983,1
807992,1
808002,1
808019,1
808032,1
808037,1
808040,1
808043,1
808046,1
808059,1
808061,1
808077,1
808082,1
808095,1
808097,1
808102,1
808112,1
808115,1
808117,1
808120,1
808132,1
808152,1
808156,1
808171,1
808191,1
808228,1
808247,1
808250,1
808264,1
808267,1
808270,1
808285,1
808287,1
808302,1
808321,1
808326,1
808338,1
808344,1
808361,1
808378,1
808382,1
808384,1
808401,1
808418,1
808424,1
808436,1
808439,1
808444,2
808455,1
808459,1
808473,1
808476,1
808479,1
808491,1
808494,1
808497,1
808501,1
808527,1
808532,1
808549,1
808551,1
808555,1
808571,1
808574,2
808587,1
808589,1
808611,1
808615,1
808624,1
808627,1
808629,1
808635,1
808646,1
808648,1
808653,1
808666,1
808683,1
808700,1
808704,1
808707,1
808709,1
808737,1
808744,1
808748,1
808750,1
808763,1
808766,1
808777,1
808781,1
808785,1
808798,1
808800,1
808803,1
808816,1
808819,1
808822,1
808836,1
808852,1
808875,1
808893,1
808911,1
808915,1
808929,1
808933,1
808935,1
808951,1
808953,1
808968,1
808970,1
808988,1
809006,1
809010,1
809014,1
809027,1
809042,1
809045,1
809049,1
809058,1
809065,1
809080,1
809083,1
809087,1
809101,1
809103,1
809123,1
809141,1
809145,1
809160,1
809163,1
809165,1
809178,1
809180,1
809192,1
809218,1
809235,1
809253,1
809272,1
809310,1
809329,1
809333,1
809336,1
809366,1
809371,1
809373,1
809386,1
809389,1
809391,1
809406,1
809413,1
809422,1
809426,1
809429,1
809462,1
809480,1
809482,1
809500,1
809504,1
809519,1
809523,1
809555,1
809557,1
809559,1
809563,1
809575,1
809597,1
809602,1
809614,1
809618,1
809620,1
809635,1
809650,1
809653,1
809658,1
809673,1
809675,1
809692,1
809695,1
809707,1
809710,1
809712,1
809715,1
809728,1
809731,1
809734,1
809746,1
809753,1
809771,1
809786,1
809805,1
809810,1
809825,1
809827,1
809843,1
809859,1
809884,1
809897,1
809918,1
809921,1
809940,1
809957,1
809975,1
809979,1
809982,1
809987,1
810000,1
810022,1
810034,1
810036,1
810038,1
810055,2
810071,1
810074,1
810078,1
810091,1
810094,1
810098,1
810104,1
810111,1
810129,1
810145,1
810148,1
810151,1
810167,1
810172,1
810185,1
810223,1
810226,1
810241,1
810243,1
810245,1
810247,1
810251,1
810262,1
810276,1
810281,1
810290,1
810299,1
810303,1
810321,1
810343,1
810355,1
810358,1
810361,1
810394,1
810398,1
810411,1
810414,1
810416,1
810418,1
810432,1
810434,1
810450,1
810453,1
810469,1
810472,1
810489,1
810510,1
810514,1
810521,1
810525,1
810531,1
810546,1
810548,1
810551,1
810565,1
810582,1
810585,1
810587,1
810622,1
810639,1
810641,1
810645,1
810661,1
810663,1
810679,1
810681,1
810696,1
810698,1
810702,1
810718,1
810720,1
810735,1
810754,1
810756,1
810758,1
810760,1
810767,1
810776,1
810783,1
810794,1
810811,1
810815,1
810817,1
810833,1
810845,1
810849,1
810851,1
810858,1
810870,1
810875,1
810888,1
810921,1
810929,1
810945,1
810948,1
810963,1
810966,2
810968,1
810983,1
810985,1
810987,1
810989,1
811003,1
811007,1
811016,1
811024,1
811027,1
811041,1
811054,1
811058,1
811060,1
811066,1
811079,1
811082,1
811085,1
811096,1
811099,1
811101,1
811104,1
811121,1
811132,1
811151,1
811154,1
811156,1
811159,1
811163,1
811175,1
811177,1
811192,1
811195,1
811210,1
811212,1
811233,1
811235,1
811250,1
811257,1
811268,1
811291,1
811306,1
811308,1
811310,1
811326,1
811329,2
811344,1
811347,1
811350,1
811362,1
811365,1
811380,1
811382,1
811418,1
811422,1
811424,1
811441,1
811465,1
811476,1
811480,1
811496,1
811498,1
811520,1
811532,1
811535,1
811539,1
811546,1
811548,1
811555,1
811557,1
811562,1
811566,1
811575,1
811578,1
811591,1
811593,1
811605,1
811610,1
811613,1
811616,1
811629,1
811632,1
811651,1
811666,1
811672,1
811686,1
811705,1
811708,1
811724,1
811727,1
811742,1
811760,1
811762,1
811765,1
811767,1
811779,1
811783,1
811785,1
811791,1
811800,1
811818,1
811821,1
811838,1
811844,1
811856,1
811860,1
811875,1
811877,1
811879,1
811888,1
811896,1
811907,1
811914,1
811917,1
811921,1
811936,1
811949,1
811959,1
811972,1
811993,1
812010,1
812026,1
812029,1
812048,1
812050,1
812066,1
812090,1
812104,1
812108,1
812123,1
812145,1
812160,1
812163,1
812172,1
812181,1
812185,1
812201,1
812217,1
812276,1
812293,1
812296,1
812311,1
812314,1
812317,1
812331,1
812351,1
812358,1
812388,1
812408,1
812445,1
812449,2
812477,1
812484,1
812488,1
812504,1
812521,1
812523,1
812540,1
812558,1
812560,1
812565,1
812582,1
812589,1
812598,1
812620,1
812635,1
812638,1
812670,1
812673,1
812677,1
812680,1
812709,1
812712,1
812714,1
812716,1
812731,1
812748,1
812751,1
812755,1
812772,1
812788,1
812804,1
812807,1
812824,1
812828,1
812836,1
812843,1
812848,1
812864,1
812868,1
812878,1
812883,1
812887,1
812902,1
812904,1
812918,1
812920,1
812923,1
812926,1
812939,1
812941,1
812958,1
812965,1
812978,1
812997,1
813000,1
813015,1
813034,1
813036,1
813052,1
813056,2
813058,1
813070,1
813073,1
813075,1
813090,1
813093,1
813097,1
813115,1
813130,1
813134,1
813146,1
813149,1
813167,1
813169,1
813173,1
813189,1
813196,1
813205,1
813207,1
813234,1
813244,1
813248,1
813260,1
813265,1
813297,1
813301,1
813304,1
813320,1
813332,1
813338,1
813340,1
813357,1
813359,1
813361,1
813380,1
813414,1
813416,1
813435,1
813437,1
813454,1
813456,1
813462,1
813473,1
813490,1
813493,1
813508,1
813510,1
813513,1
813519,1
813530,1
813535,1
813547,1
813549,1
813552,1
813567,1
813576,1
813580,1
813622,1
813634,1
813641,1
813644,1
813647,1
813662,1
813686,1
813700,1
813703,1
813719,1
813722,1
813728,1
813738,1
813743,1
813749,1
813756,1
813759,1
813761,1
813776,1
813791,1
813794,1
813813,1
813816,1
813832,1
813834,1
813836,1
813852,1
813868,1
813872,1
813875,1
813890,1
813894,1
813910,1
813916,1
813928,1
813930,1
813934,1
813946,1
813948,1
813950,1
813952,1
813966,1
813982,1
813985,1
813987,1
813991,1
814004,1
814007,1
814022,1
814037,1
814041,1
814050,1
814060,1
814062,1
814072,1
814080,1
814084,1
814103,1
814107,1
814136,1
814151,1
814156,1
814158,1
814160,1
814165,1
814192,1
814200,1
814213,1
814218,1
814231,1
814254,1
814266,1
814270,1
814276,1
814287,1
814290,1
814292,1
814295,1
814309,1
814318,1
814326,1
814333,1
814349,1
814363,1
814366,1
814368,1
814384,1
814390,1
814401,1
814404,1
814406,1
814408,1
814423,1
814438,1
814440,1
814442,1
814456,1
814460,1
814477,1
814488,1
814498,1
814518,1
814534,1
814554,1
814593,2
814597,1
814611,1
814613,1
814615,1
814618,1
814631,1
814634,1
814645,1
814650,1
814652,1
814668,1
814685,1
814692,1
814707,1
814711,1
814726,1
814745,2
814762,1
814764,1
814770,1
814783,1
814802,1
814805,1
814821,1
814826,1
814831,1
814840,1
814845,1
814861,1
814872,1
814877,1
814880,1
814882,1
814886,1
814895,1
814898,1
814904,1
814917,1
814933,1
814953,1
814955,1
814959,1
814973,1
814977,1
814990,1
814993,1
814995,1
815010,1
815015,1
815033,1
815049,1
815054,1
815084,1
815086,1
815105,1
815124,1
815129,1
815144,1
815159,1
815162,1
815165,1
815183,2
815186,1
815204,1
815220,1
815226,1
815256,1
815259,1
815276,1
815294,1
815300,1
815315,1
815318,1
815331,1
815335,1
815339,1
815353,1
815367,1
815371,1
815390,1
815394,1
815405,1
815411,1
815428,1
815440,1
815448,1
815452,1
815467,1
815472,1
815485,1
815504,1
815528,1
815543,1
815547,1
815560,1
815564,1
815571,1
815587,1
815595,1
815601,1
815618,1
815621,1
815637,1
815648,1
815657,1
815675,1
815679,1
815694,1
815696,1
815713,1
815718,1
815732,1
815737,1
815752,1
815770,1
815775,1
815789,1
815806,1
815808,1
815813,1
815821,1
815829,1
815832,1
815845,1
815849,1
815863,1
815867,1
815871,1
815873,1
815901,1
815905,1
815911,1
815923,1
815926,1
815941,1
815945,1
815947,1
815960,1
815962,1
815964,1
815966,1
815979,1
815982,2
815998,1
816017,2
816022,1
816041,1
816055,1
816058,1
816074,1
816076,1
816080,1
816095,2
816099,1
816113,1
816145,1
816151,1
816153,1
816156,1
816171,1
816187,1
816193,1
816207,1
816212,1
816231,1
816246,1
816248,1
816256,1
816270,1
816302,1
816320,1
816322,1
816326,1
816344,1
816358,1
816367,1
816376,1
816379,1
816384,1
816413,1
816433,1
816436,1
816454,1
816496,1
816510,1
816513,1
816515,1
816517,1
816531,1
816533,1
816536,1
816539,1
816551,1
816567,1
816570,1
816588,1
816592,1
816602,1
816605,1
816608,1
816642,1
816646,2
816649,1
816651,1
816669,1
816687,1
816701,1
816705,1
816720,1
816722,1
816726,1
816740,1
816742,1
816744,1
816759,1
816775,1
816777,1
816779,1
816783,1
816797,1
816812,1
816814,1
816816,1
816819,1
816834,1
816837,1
816839,1
816853,1
816855,1
816858,1
816868,1
816873,1
816881,1
816890,1
816893,1
816897,1
816911,1
816915,1
816928,1
816930,1
816934,1
816938,1
816949,1
816971,1
816986,1
817003,1
817005,1
817007,1
817018,1
817023,1
817026,1
817028,1
817031,1
817033,1
817043,1
817045,1
817048,1
817051,1
817061,1
817064,1
817067,1
817078,1
817082,1
817086,1
817117,1
817119,1
817134,1
817138,1
817143,1
817170,1
817182,1
817195,1
817199,1
817218,1
817230,1
817247,1
817265,1
817270,1
817272,1
817291,1
817297,1
817308,1
817314,1
817345,1
817347,1
817350,1
817353,1
817365,1
817369,1
817373,1
817384,1
817386,1
817388,1
817391,1
817405,1
817421,1
817423,1
817429,1
817442,1
817459,1
817475,1
817480,1
817484,1
817499,1
817513,1
817517,1
817519,1
817555,1
817557,1
817559,1
817575,1
817590,1
817593,1
817612,1
817630,1
817633,1
817637,1
817652,1
817656,1
817669,1
817672,1
817683,1
817725,1
817750,1
817765,1
817783,1
817799,1
817802,1
817807,1
817822,1
817839,1
817842,1
817860,1
817893,1
817897,1
817899,1
817903,1
817934,1
817939,1
817951,1
817968,1
817974,1
817977,1
817994,2
818002,1
818012,1
818015,1
818019,1
818021,1
818033,1
818046,1
818050,1
818053,1
818057,1
818066,1
818069,1
818071,1
818082,1
818094,1
818107,1
818125,1
818137,1
818144,1
818163,1
818165,1
818169,1
818181,1
818184,1
818237,1
818255,1
818257,1
818259,1
818261,1
818263,1
818275,1
818279,1
818292,1
818330,1
818334,1
818336,1
818338,1
818345,1
818370,1
818372,1
818375,1
818377,1
818380,1
818393,1
818406,1
818410,1
818413,1
818425,1
818430,1
818446,1
818448,1
818461,1
818469,1
818484,1
818498,1
818503,1
818523,1
818528,1
818544,1
818547,1
818551,1
818578,1
818582,1
818584,1
818602,1
818616,1
818620,1
818635,1
818638,1
818695,1
818711,1
818731,1
818738,1
818787,1
818794,1
818808,1
818813,1
818827,1
818830,1
818885,1
818920,1
818923,1
818956,1
818963,1
818976,1
818980,1
818996,1
819000,1
819018,1
819034,1
819049,1
819058,1
819112,1
819114,1
819136,1
819151,1
819169,1
819187,1
819206,1
819214,1
819241,1
819245,1
819263,1
819266,1
819268,1
819279,1
819284,1
819286,1
819320,1
819323,1
819328,1
819338,1
819343,1
819359,1
819373,1
819395,1
819398,1
819400,1
819418,1
819432,1
819436,1
819453,1
819457,1
819469,1
819480,1
819492,1
819495,1
819505,1
819511,1
819514,1
819528,1
819543,1
819567,1
819583,1
819587,1
819590,1
819606,1
819608,1
819621,1
819645,1
819647,1
819663,1
819679,1
819681,1
819685,1
819701,1
819717,1
819719,1
819723,1
819739,1
819756,1
819760,1
819775,1
819778,1
819793,1
819795,1
819799,1
819811,1
819837,2
819846,1
819852,1
819854,1
819871,1
819885,1
819890,1
819893,1
819906,1
819909,1
819911,1
819914,1
819928,1
819931,1
819947,1
819949,1
819966,1
819969,1
819984,1
819986,1
819988,1
819990,1
820004,1
820006,1
820023,1
820026,1
820042,1
820060,1
820062,1
820065,1
820081,1
820085,1
820099,1
820101,1
820103,1
820118,1
820120,1
820136,1
820142,1
820153,1
820157,1
820159,1
820161,1
820179,1
820188,1
820192,1
820195,1
820198,1
820201,1
820229,1
820232,1
820250,1
820270,1
820288,1
820311,1
820327,1
820329,1
820331,1
820347,1
820368,1
820373,1
820382,1
820386,1
820389,1
820403,1
820424,1
820460,1
820465,1
820479,1
820517,1
820536,1
820538,1
820555,1
820559,1
820575,1
820595,1
820609,1
820612,1
820615,1
820649,1
820654,1
820673,1
820701,1
820708,1
820712,1
820727,1
820736,1
820742,1
820747,1
820751,1
820764,1
820768,1
820784,1
820801,1
820807,1
820840,1
820858,1
820863,1
820877,1
820879,1
820881,1
820892,1
820898,1
820901,1
820914,1
820917,1
820936,1
820954,1
820956,1
820978,1
820992,1
820996,1
821012,1
821014,1
821030,1
821033,2
821049,1
821067,1
821069,1
821081,1
821086,1
821089,1
821092,1
821101,1
821106,1
821108,1
821121,1
821126,1
821143,1
821151,1
821164,1
821180,1
821182,1
821201,1
821204,1
821220,1
821249,1
821255,1
821259,1
821261,1
821277,1
821296,1
821310,1
821312,1
821317,1
821321,1
821332,1
821336,1
821352,1
821371,1
821377,1
821421,1
821425,1
821428,1
821432,1
821447,1
821465,1
821468,1
821471,1
821504,1
821509,1
821524,1
821526,1
821539,1
821544,1
821548,1
821550,1
821563,1
821583,2
821586,1
821600,1
821602,1
821604,1
821606,1
821620,1
821626,1
821639,1
821642,1
821656,1
821658,1
821660,1
821676,1
821680,1
821693,1
821696,1
821712,1
821714,1
821716,1
821721,1
821733,1
821735,1
821737,1
821751,1
821753,1
821755,1
821770,1
821772,1
821787,1
821790,1
821804,1
821809,1
821811,1
821828,1
821840,1
821847,1
821866,1
821883,1
821902,1
821914,1
821919,1
821923,1
821925,1
821927,1
821941,1
821943,1
821958,1
821978,1
821980,1
821998,1
822000,1
822002,1
822017,1
822019,1
822038,1
822053,1
822056,1
822074,1
822077,1
822079,1
822091,1
822095,1
822097,1
822112,1
822114,1
822129,1
822131,1
822133,1
822151,1
822167,1
822170,1
822189,1
822208,1
822225,1
822227,1
822229,1
822231,1
822239,1
822248,1
822263,1
822265,1
822270,1
822285,1
822302,1
822304,1
822310,1
822323,1
822327,1
822339,1
822343,1
822349,1
822358,1
822361,1
822378,1
822402,1
822416,1
822418,1
822436,1
822438,1
822440,1
822456,1
822471,1
822475,2
822479,1
822508,1
822527,1
822531,1
822534,1
822567,1
822569,1
822571,1
822583,1
822589,1
822592,1
822602,1
822608,1
822625,1
822627,1
822642,1
822645,1
822659,1
822663,1
822666,1
822685,2
822705,2
822721,1
822724,1
822739,1
822741,1
822743,1
822756,1
822760,1
822764,1
822796,1
822798,1
822800,1
822809,1
822816,1
822832,1
822834,1
822836,1
822852,1
822854,1
822889,1
822892,1
822907,1
822913,1
822931,1
822949,1
822966,1
822968,1
822970,1
822985,1
822988,1
822990,1
823002,1
823007,1
823019,1
823023,1
823026,1
823028,1
823043,1
823063,1
823067,1
823069,1
823086,1
823101,1
823105,1
823119,1
823157,2
823178,1
823192,1
823196,1
823200,1
823206,1
823214,1
823217,1
823230,1
823233,1
823235,1
823238,1
823253,1
823268,1
823271,1
823273,1
823288,1
823292,1
823295,1
823327,1
823330,1
823333,1
823348,1
823350,1
823365,1
823367,1
823369,1
823384,1
823386,1
823389,1
823403,1
823406,1
823409,1
823420,1
823425,1
823437,1
823442,1
823445,1
823474,1
823480,1
823482,1
823498,1
823501,1
823503,1
823517,1
823519,1
823521,1
823524,1
823526,1
823539,1
823541,1
823554,1
823556,1
823558,1
823560,1
823563,1
823575,1
823578,1
823591,1
823593,1
823598,1
823613,1
823615,1
823617,1
823630,1
823633,1
823637,1
823650,1
823667,1
823673,1
823676,1
823692,1
823706,1
823710,1
823714,1
823727,1
823729,1
823732,1
823748,2
823765,1
823782,1
823803,1
823838,1
823842,1
823858,1
823864,1
823897,1
823899,1
823901,1
823907,1
823916,1
823919,1
823935,1
823937,1
823974,1
823980,1
823992,1
823995,1
823998,1
824029,1
824051,1
824068,1
824073,1
824075,1
824085,1
824088,1
824091,1
824093,1
824106,1
824108,1
824111,1
824125,1
824128,1
824141,1
824144,1
824149,1
824165,1
824167,1
824179,1
824184,1
824190,1
824200,1
824204,1
824208,1
824222,2
824226,1
824231,1
824241,1
824244,1
824259,1
824274,1
824278,1
824315,1
824320,1
824334,1
824336,1
824340,1
824353,1
824355,1
824357,1
824359,1
824371,1
824390,1
824425,1
824430,1
824432,1
824448,1
824470,1
824474,1
824487,1
824493,1
824509,1
824525,1
824528,1
824543,1
824561,1
824563,1
824580,1
824583,1
824586,1
824602,1
824604,1
824616,1
824622,1
824624,1
824640,1
824651,1
824653,1
824656,1
824660,1
824662,1
824664,1
824667,1
824675,1
824679,1
824681,1
824685,1
824696,1
824698,1
824700,1
824710,1
824721,1
824733,1
824737,1
824751,1
824754,1
824758,1
824772,1
824776,1
824789,1
824791,1
824793,1
824797,1
824810,1
824812,1
824814,1
824829,1
824848,1
824853,1
824865,1
824869,1
824886,1
824903,1
824906,1
824910,1
824913,1
824924,1
824926,1
824929,1
824943,1
824966,1
824968,1
824970,1
824978,1
824982,1
824985,1
824987,1
825000,1
825005,1
825019,1
825021,1
825025,1
825034,1
825039,1
825043,1
825048,1
825056,1
825095,1
825114,1
825118,1
825131,1
825133,1
825135,1
825137,1
825149,1
825153,1
825176,1
825189,1
825191,1
825196,1
825198,1
825216,1
825227,1
825233,1
825245,1
825255,1
825265,1
825268,1
825272,1
825283,1
825304,1
825323,2
825327,1
825329,1
825335,1
825344,1
825349,1
825361,1
825364,1
825379,1
825381,1
825399,2
825404,1
825418,1
825436,1
825455,1
825457,1
825460,1
825471,1
825476,1
825491,1
825493,1
825495,1
825512,1
825528,1
825532,1
825537,1
825552,2
825569,1
825571,1
825575,1
825589,1
825612,1
825627,1
825645,1
825662,1
825665,1
825670,1
825684,1
825689,1
825699,1
825703,1
825709,1
825722,1
825727,1
825735,1
825742,1
825760,2
825777,1
825780,1
825793,1
825798,1
825836,1
825841,1
825854,1
825856,1
825871,1
825889,1
825892,1
825894,1
825908,1
825912,1
825929,1
825931,1
825936,1
825943,1
825952,2
825971,1
825987,1
825993,1
826005,1
826008,1
826025,1
826041,1
826044,1
826046,1
826062,1
826065,1
826070,1
826082,1
826084,1
826100,1
826102,1
826118,1
826120,1
826122,1
826137,1
826140,1
826142,1
826159,1
826176,1
826178,1
826193,1
826212,1
826214,1
826217,1
826230,1
826236,2
826253,1
826255,1
826278,1
826290,1
826293,1
826309,1
826313,2
826330,1
826340,1
826348,1
826350,1
826366,1
826368,1
826385,1
826388,1
826404,1
826407,2
826420,1
826424,1
826427,1
826441,1
826444,1
826449,1
826462,1
826464,1
826479,1
826483,2
826487,1
826500,1
826508,1
826520,1
826525,1
826538,1
826557,1
826564,1
826575,1
826577,1
826580,1
826591,1
826596,1
826606,1
826612,1
826615,1
826617,1
826623,1
826634,1
826638,1
826642,1
826653,1
826655,1
826657,1
826660,1
826672,1
826688,1
826690,1
826692,1
826697,1
826702,1
826711,1
826723,1
826726,1
826729,1
826731,1
826740,1
826744,1
826749,1
826763,1
826766,1
826768,1
826785,1
826794,1
826806,1
826811,1
826825,2
826842,1
826847,1
826852,1
826863,1
826880,1
826892,1
826898,1
826901,1
826918,1
826934,1
826937,1
826939,1
826956,1
826973,1
826975,1
826977,1
826982,1
826995,1
827009,1
827012,1
827015,1
827032,1
827047,1
827053,1
827070,1
827079,1
827089,1
827108,1
827126,1
827128,1
827147,2
827185,1
827202,1
827204,1
827222,1
827224,1
827227,1
827242,1
827259,1
827261,1
827278,1
827280,1
827283,1
827298,1
827300,1
827314,1
827319,1
827328,1
827336,1
827338,1
827355,1
827373,1
827375,1
827393,1
827414,1
827432,2
827452,1
827469,1
827485,1
827507,1
827525,1
827527,1
827544,1
827546,1
827563,1
827565,1
827579,1
827583,1
827585,1
827598,1
827603,1
827619,1
827621,1
827623,1
827638,1
827640,1
827643,2
827650,1
827661,1
827663,1
827678,1
827698,1
827715,1
827718,2
827733,1
827735,1
827738,1
827754,1
827770,1
827774,1
827792,1
827797,1
827813,1
827829,1
827832,2
827851,1
827868,1
827883,1
827888,1
827906,1
827915,1
827944,1
827965,1
827982,1
827993,1
827995,1
827997,1
828005,1
828009,1
828011,1
828022,1
828037,1
828040,1
828059,2
828076,1
828097,2
828113,1
828117,1
828119,1
828135,1
828152,1
828154,1
828170,1
828174,2
828176,1
828192,1
828194,1
828209,1
828211,1
828225,1
828243,1
828247,1
828250,1
828262,1
828266,1
828284,1
828287,1
828302,1
828324,1
828342,1
828344,1
828361,1
828364,1
828382,2
828402,2
828414,1
828421,1
828425,1
828437,1
828440,1
828458,1
828488,1
828495,1
828512,1
828515,1
828532,1
828534,1
828536,1
828553,1
828567,1
828570,1
828573,1
828606,1
828609,1
828611,1
828619,1
828629,1
828647,1
828666,1
828677,1
828684,1
828687,1
828705,1
828717,1
828722,1
828725,1
828742,1
828765,1
828782,2
828800,1
828802,1
828817,1
828819,1
828829,1
828836,1
828853,1
828874,1
828876,1
828893,1
828896,2
828913,1
828915,1
828932,1
828945,1
828969,1
828972,2
828983,1
828990,2
828992,1
828994,1
829009,1
829015,1
829025,1
829029,1
829034,1
829050,1
829064,1
829066,1
829069,2
829079,1
829089,2
829100,1
829102,1
829105,1
829108,2
829110,1
829118,1
829124,1
829138,1
829141,1
829143,1
829158,1
829161,1
829179,1
829197,1
829200,2
829214,1
829217,1
829220,1
829236,1
829251,1
829256,1
829274,1
829285,1
829291,1
829294,1
829296,1
829298,1
829313,1
829329,1
829331,1
829333,1
829347,1
829351,1
829355,1
829364,1
829368,1
829371,1
829373,1
829384,1
829387,1
829390,1
829408,1
829426,1
829438,1
829444,1
829446,1
829448,1
829463,1
829465,1
829480,1
829494,1
829501,1
829504,1
829507,1
829519,1
829523,1
829538,1
829541,1
829557,1
829559,1
829561,1
829577,1
829579,1
829594,1
829617,1
829634,1
829636,1
829652,1
829673,1
829689,1
829693,1
829710,1
829723,1
829727,1
829730,1
829750,1
829764,1
829768,1
829770,1
829785,1
829787,1
829789,1
829805,1
829807,1
829822,1
829825,1
829827,1
829839,1
829844,1
829846,1
829862,1
829882,1
829896,1
829903,1
829919,1
829921,1
829936,1
829939,1
829941,1
829957,1
829959,1
829974,1
829977,1
829979,1
829991,1
829996,1
829998,1
830012,1
830015,1
830017,1
830029,1
830033,1
830035,1
830037,1
830039,1
830051,1
830054,1
830056,1
830064,1
830074,1
830088,1
830091,1
830093,1
830109,1
830111,1
830126,1
830129,1
830131,1
830147,1
830149,1
830164,1
830167,1
830169,1
830185,1
830187,1
830202,1
830205,1
830207,1
830222,1
830224,1
830226,1
830240,1
830243,1
830246,1
830258,1
830262,1
830278,1
830281,1
830284,1
830298,1
830300,1
830302,1
830304,1
830318,1
830320,1
830324,2
830336,1
830341,1
830354,1
830358,1
830374,1
830390,1
830397,2
830412,1
830417,1
830429,1
830434,1
830454,1
830465,1
830471,1
830473,1
830489,1
830492,1
830505,1
830508,1
830510,1
830512,1
830528,1
830530,1
830544,1
830546,1
830548,1
830550,1
830552,1
830565,1
830567,1
830571,2
830583,1
830586,1
830588,1
830601,1
830606,1
830620,1
830622,1
830625,1
830629,1
830641,1
830644,1
830661,1
830663,1
830678,1
830680,1
830692,1
830697,1
830700,1
830717,1
830719,1
830736,1
830738,1
830754,1
830756,1
830758,1
830771,1
830774,1
830776,1
830778,1
830780,1
830795,1
830812,1
830831,1
830834,2
830836,1
830849,1
830852,1
830854,1
830869,1
830883,1
830890,1
830907,1
830909,1
830925,1
830927,1
830930,2
830945,1
830947,1
830949,1
830962,1
830966,1
830981,1
830983,1
830986,1
831000,1
831003,1
831005,1
831020,1
831035,1
831041,1
831043,1
831060,1
831074,1
831078,1
831082,1
831097,1
831099,1
831103,1
831114,1
831117,1
831119,1
831121,1
831135,1
831138,1
831154,1
831157,1
831173,1
831175,1
831192,1
831212,1
831214,1
831229,1
831232,1
831248,1
831250,1
831257,1
831266,1
831269,1
831288,1
831290,1
831297,1
831306,1
831308,1
831310,1
831323,1
831325,1
831327,1
831329,1
831342,1
831345,1
831362,1
831366,1
831379,1
831385,1
831399,1
831417,1
831421,1
831441,1
831455,1
831472,1
831480,1
831493,1
831498,1
831515,1
831517,1
831534,1
831552,1
831555,1
831572,1
831574,1
831590,1
831593,1
831595,1
831605,1
831613,1
831628,1
831632,1
831644,1
831650,1
831664,1
831668,1
831671,1
831684,1
831689,1
831701,1
831709,1
831726,1
831731,1
831745,1
831747,1
831759,1
831764,1
831780,1
831782,1
831801,1
831818,1
831822,1
831838,1
831840,1
831842,1
831871,1
831873,1
831879,1
831882,1
831895,1
831897,1
831899,1
831901,1
831911,1
831916,1
831918,1
831930,1
831932,1
831936,2
831951,1
831955,1
831972,1
831986,1
831990,1
831992,1
831994,1
832010,1
832026,1
832028,1
832035,1
832064,1
832066,1
832069,1
832084,1
832102,1
832105,1
832107,1
832121,1
832125,1
832141,1
832143,1
832147,1
832158,1
832162,1
832164,1
832178,1
832199,1
832201,1
832214,1
832220,1
832236,1
832239,1
832254,1
832256,1
832258,1
832260,1
832262,1
832292,1
832295,1
832304,1
832313,1
832316,1
832331,1
832333,1
832335,1
832348,1
832352,1
832354,1
832368,1
832371,1
832388,1
832391,1
832406,1
832409,1
832411,1
832425,1
832428,1
832431,2
832448,1
832451,1
832466,1
832482,1
832485,1
832505,2
832508,1
832523,1
832525,1
832541,1
832561,1
832577,1
832581,2
832590,1
832598,1
832600,1
832603,1
832617,1
832619,1
832626,1
832637,1
832656,1
832659,1
832673,1
832675,1
832677,1
832692,1
832694,1
832710,1
832714,1
832727,1
832733,1
832750,1
832768,1
832770,1
832772,1
832787,1
832790,1
832804,1
832807,1
832809,1
832828,1
832843,1
832862,1
832866,1
832881,1
832884,1
832899,1
832901,1
832903,1
832919,1
832922,1
832924,1
832937,1
832940,1
832943,1
832955,1
832959,1
832961,1
832976,1
832978,1
832981,1
832998,1
833001,1
833015,1
833018,1
833035,1
833038,1
833056,1
833070,1
833074,1
833091,1
833095,1
833112,1
833124,1
833129,1
833131,1
833133,1
833138,1
833148,1
833151,1
833153,1
833165,1
833169,1
833173,2
833184,1
833188,1
833190,1
833206,1
833209,1
833221,1
833225,1
833228,1
833241,1
833244,1
833246,1
833248,1
833263,1
833281,1
833284,1
833291,1
833300,1
833303,1
833305,1
833319,1
833321,1
833325,2
833336,1
833340,1
833350,1
833358,1
833360,1
833378,1
833395,1
833399,1
833416,1
833434,1
833450,1
833457,1
833459,1
833474,1
833488,1
833491,1
833493,1
833495,1
833504,1
833508,1
833513,1
833518,1
833530,1
833543,1
833548,1
833551,1
833562,1
833569,1
833602,1
833607,1
833609,1
833621,1
833625,1
833627,1
833639,1
833642,1
833645,1
833658,1
833662,1
833665,1
833700,1
833720,1
833722,1
833738,1
833755,1
833758,1
833794,1
833798,1
833809,1
833815,1
833818,1
833820,1
833831,1
833834,1
833839,1
833849,1
833852,1
833866,1
833869,1
833873,1
833876,1
833878,1
833893,1
833908,1
833910,1
833913,1
833929,1
833931,1
833943,1
833947,1
833950,2
833953,1
833966,1
833969,1
833996,1
834003,1
834007,1
834057,1
834060,1
834079,1
834083,2
834096,1
834100,1
834105,2
834119,1
834133,1
834136,1
834139,1
834141,1
834156,1
834171,1
834175,1
834181,1
834211,1
834214,1
834231,1
834235,1
834248,1
834251,1
834255,2
834269,1
834272,1
834289,1
834326,1
834328,1
834346,1
834365,1
834367,1
834384,1
834397,1
834401,1
834403,1
834407,1
834423,1
834425,1
834441,1
834459,1
834461,1
834478,1
834482,1
834498,1
834501,1
834535,1
834537,1
834539,1
834556,1
834558,1
834560,1
834586,1
834593,1
834596,1
834610,1
834613,1
834618,1
834628,1
834631,1
834648,1
834651,1
834656,1
834668,1
834672,1
834686,1
834689,1
834691,1
834706,1
834710,1
834712,1
834724,1
834726,1
834728,1
834730,1
834744,1
834747,1
834760,1
834768,1
834781,1
834800,1
834804,2
834820,1
834822,1
834825,1
834841,1
834852,1
834859,1
834876,1
834880,1
834894,1
834897,1
834900,1
834914,1
834917,1
834921,1
834930,1
834935,1
834955,1
834958,1
834969,1
834972,1
834974,1
834977,1
834988,1
834993,1
835007,1
835010,1
835013,1
835015,1
835027,1
835032,1
835050,1
835067,1
835072,2
835087,1
835090,1
835093,1
835104,1
835108,1
835122,1
835143,1
835145,1
835147,1
835161,1
835164,1
835167,1
835181,1
835184,1
835197,1
835201,1
835205,1
835220,1
835234,1
835239,1
835241,1
835247,1
835258,1
835277,1
835280,1
835295,1
835297,1
835299,1
835333,1
835335,1
835346,1
835353,1
835355,1
835357,1
835371,1
835390,1
835429,1
835446,1
835450,1
835468,1
835471,1
835482,1
835487,1
835490,1
835504,1
835507,1
835523,1
835541,1
835544,1
835560,1
835562,1
835574,1
835577,1
835581,1
835584,1
835586,1
835600,1
835602,1
835611,1
835621,1
835638,1
835655,1
835659,1
835661,1
835672,1
835677,1
835679,1
835693,1
835696,1
835698,1
835710,1
835714,1
835717,1
835731,1
835733,1
835736,1
835748,1
835752,1
835754,1
835768,1
835770,1
835774,1
835790,1
835807,1
835811,1
835829,1
835844,1
835846,1
835849,1
835867,1
835884,1
835887,1
835903,1
835905,1
835907,1
835922,1
835924,1
835941,1
835943,1
835946,1
835962,1
835979,1
835982,1
835998,1
836001,1
836020,1
836036,1
836038,1
836055,1
836074,1
836077,1
836094,1
836115,1
836131,1
836134,1
836146,1
836169,1
836173,1
836207,1
836227,1
836230,1
836246,1
836249,1
836265,1
836267,1
836271,1
836284,1
836288,1
836300,1
836303,1
836317,1
836322,1
836341,1
836359,1
836361,1
836363,1
836373,1
836379,1
836400,2
836404,1
836419,1
836421,1
836433,1
836437,1
836440,1
836452,1
836455,1
836459,1
836470,1
836475,1
836477,1
836491,1
836493,1
836497,1
836507,1
836511,1
836514,1
836516,1
836528,1
836532,1
836548,1
836574,1
836577,1
836588,1
836591,1
836604,1
836613,1
836623,1
836645,1
836663,1
836665,1
836681,1
836684,1
836690,1
836700,1
836703,1
836706,1
836717,1
836734,1
836738,1
836741,1
836749,1
836774,1
836780,1
836793,1
836797,1
836799,1
836815,1
836819,1
836837,1
836852,1
836855,1
836863,1
836871,1
836894,1
836929,1
836948,1
836950,1
836963,1
836968,1
836971,1
836986,1
836993,1
837001,1
837005,1
837007,1
837009,1
837012,1
837026,2
837028,1
837040,1
837044,1
837046,1
837048,1
837059,1
837063,1
837067,1
837069,1
837079,1
837083,1
837086,1
837101,1
837118,1
837120,1
837123,1
837136,1
837139,1
837141,1
837155,1
837158,1
837165,1
837173,1
837176,1
837178,1
837181,1
837191,1
837194,1
837198,1
837213,1
837215,1
837226,1
837232,1
837236,1
837250,1
837252,1
837263,1
837272,1
837275,1
837289,1
837292,1
837308,1
837314,1
837325,1
837361,1
837367,1
837371,1
837385,1
837387,1
837403,1
837419,1
837421,1
837437,1
837446,1
837461,1
837464,1
837496,1
837499,1
837502,1
837513,1
837519,1
837521,1
837537,1
837556,1
837574,1
837576,1
837580,1
837594,1
837596,1
837609,2
837614,1
837618,1
837630,1
837632,1
837635,1
837648,1
837652,1
837657,1
837670,1
837672,1
837686,1
837689,1
837694,1
837704,1
837727,1
837729,1
837742,1
837746,1
837766,1
837781,1
837784,1
837786,1
837801,1
837804,1
837819,1
837822,1
837837,1
837860,1
837875,1
837879,1
837883,1
837896,1
837904,1
837915,1
837918,1
837921,1
837936,1
837954,1
837956,1
837964,1
837974,1
837976,1
837993,1
838011,1
838030,1
838033,1
838049,1
838052,2
838069,1
838086,1
838088,1
838091,1
838107,1
838124,1
838126,1
838129,1
838145,1
838150,1
838162,1
838165,1
838169,1
838190,1
838202,1
838219,1
838221,1
838241,1
838243,1
838257,1
838260,1
838274,1
838291,1
838299,2
838316,1
838329,1
838335,1
838349,1
838354,1
838373,1
838376,1
838379,1
838389,1
838394,1
838405,1
838411,1
838417,1
838420,1
838428,1
838432,1
838442,1
838449,1
838462,1
838468,1
838486,1
838506,1
838509,1
838544,1
838548,1
838562,1
838564,1
838578,1
838580,1
838583,1
838600,1
838617,1
838621,1
838635,1
838639,1
838653,1
838658,1
838695,1
838711,1
838715,1
838733,1
838735,1
838739,1
838754,1
838766,1
838787,1
838791,1
838794,1
838798,1
838807,1
838812,1
838826,1
838830,1
838838,1
838844,1
838849,1
838852,1
838867,1
838886,2
838900,1
838906,1
838923,1
838942,1
838944,1
838961,1
838964,2
838977,1
838981,1
838984,2
838997,1
839001,1
839014,1
839019,1
839032,1
839036,1
839039,1
839058,1
839061,1
839071,1
839078,1
839083,1
839091,1
839094,1
839097,1
839107,1
839114,1
839121,1
839133,1
839137,1
839152,1
839170,1
839176,1
839190,1
839208,1
839215,1
839225,1
839229,1
839243,1
839247,1
839265,1
839271,1
839286,2
839321,1
839323,1
839326,1
839341,1
839344,2
839361,1
839384,1
839394,1
839398,1
839401,1
839406,1
839418,1
839436,1
839456,2
839469,1
839476,1
839494,2
839504,1
839528,1
839532,1
839549,1
839551,1
839557,1
839570,1
839573,1
839588,1
839591,2
839599,1
839609,1
839615,1
839646,1
839664,1
839668,1
839680,1
839685,1
839702,1
839711,1
839720,1
839723,1
839727,1
839741,1
839744,1
839758,1
839763,1
839779,1
839815,1
839817,1
839820,1
839826,1
839833,1
839838,1
839852,1
839855,1
839876,1
839890,1
839894,1
839899,1
839911,1
839913,1
839931,1
839949,1
839959,1
839969,1
839987,1
840006,1
840026,1
840044,1
840063,1
840081,1
840083,1
840087,1
840118,1
840122,2
840158,1
840177,1
840196,1
840216,1
840234,1
840253,1
840268,1
840273,1
840286,1
840288,1
840310,1
840324,1
840328,1
840331,1
840338,1
840350,1
840368,1
840372,1
840376,1
840389,2
840405,1
840407,1
840424,1
840436,1
840441,1
840446,1
840462,1
840481,1
840483,1
840501,1
840519,1
840538,1
840558,1
840576,1
840591,1
840596,1
840598,1
840633,1
840652,1
840654,1
840665,1
840672,1
840675,2
840691,1
840695,1
840709,1
840712,2
840724,1
840730,1
840732,1
840748,1
840785,1
840787,1
840805,1
840823,1
840826,1
840840,1
840845,1
840858,1
840863,2
840870,1
840883,1
840900,1
840903,2
840937,1
840939,1
840950,1
840958,1
840975,1
841014,1
841032,1
841065,1
841071,1
841073,1
841090,1
841104,1
841109,1
841128,1
841146,1
841184,1
841186,1
841194,1
841205,1
841219,1
841223,1
841242,1
841257,1
841278,1
841281,1
841299,1
841318,1
841337,1
841344,1
841356,1
841378,2
841392,1
841413,1
841431,1
841433,1
841451,1
841455,1
841470,1
841489,1
841526,1
841529,2
841545,1
841547,1
841549,1
841565,1
841568,1
841584,1
841586,1
841599,1
841604,1
841620,1
841622,1
841624,1
841641,1
841657,1
841660,1
841662,1
841679,1
841697,1
841699,1
841717,1
841719,1
841735,1
841737,1
841739,1
841755,1
841770,1
841774,1
841776,1
841787,1
841794,1
841808,1
841812,1
841814,1
841829,1
841832,1
841847,1
841850,1
841853,1
841857,1
841867,1
841871,1
841884,1
841907,1
841926,1
841944,1
841947,1
841964,1
841975,1
841983,1
841986,1
841996,1
841999,1
842004,1
842020,1
842055,1
842061,2
842068,1
842080,1
842089,1
842104,1
842116,1
842154,1
842169,1
842192,1
842211,1
842227,1
842229,1
842231,1
842233,1
842249,1
842263,1
842268,1
842270,1
842287,1
842302,1
842306,1
842309,1
842318,1
842325,1
842327,1
842337,1
842340,1
842345,1
842347,1
842349,1
842364,1
842384,1
842394,1
842402,1
842419,1
842439,1
842458,1
842476,1
842478,1
842498,1
842515,1
842533,1
842552,1
842555,1
842572,1
842590,1
842592,1
842604,1
842613,1
842628,1
842630,1
842647,1
842665,1
842668,1
842684,1
842687,1
842705,1
842707,1
842721,1
842725,1
842743,1
842762,1
842780,1
842782,1
842799,1
842818,1
842820,1
842830,1
842839,1
842856,1
842858,1
842875,1
842877,1
842889,1
842894,1
842896,1
842898,1
842930,1
842933,1
842941,1
842971,1
842988,1
842990,1
842992,1
843009,1
843026,1
843028,1
843030,1
843048,2
843066,1
843101,1
843104,1
843106,1
843110,1
843124,1
843141,1
843144,1
843160,1
843163,2
843179,1
843181,1
843183,1
843199,1
843236,1
843238,1
843245,1
843258,2
843265,1
843276,1
843279,1
843312,1
843314,1
843332,1
843336,1
843350,1
843352,1
843354,1
843356,1
843371,1
843378,1
843389,1
843403,1
843408,1
843427,1
843438,1
843442,1
843448,1
843450,1
843452,1
843467,2
843484,1
843501,1
843515,1
843520,1
843523,1
843542,2
843557,1
843561,1
843563,1
843578,1
843580,1
843594,2
843599,1
843601,1
843618,1
843634,1
843636,1
843651,1
843668,1
843675,1
843689,1
843707,1
843712,1
843714,1
843731,1
843742,1
843746,1
843768,1
843770,1
843783,1
843787,1
843801,1
843824,1
843827,1
843838,1
843865,1
843880,1
843883,1
843902,1
843915,1
843921,1
843923,1
843940,1
843976,1
843979,1
844014,1
844032,1
844054,1
844071,1
844074,1
844089,1
844093,1
844106,1
844111,1
844130,1
844166,1
844168,1
844170,1
844181,1
844188,1
844204,1
844206,1
844225,1
844242,1
844262,1
844264,1
844266,1
844281,1
844283,1
844294,1
844301,1
844303,1
844322,1
844357,1
844374,1
844378,1
844396,1
844413,1
844415,1
844417,1
844432,1
844451,1
844453,1
844464,1
844470,1
844474,1
844490,1
844492,1
844514,1
844528,1
844531,1
844548,1
844562,1
844566,1
844568,1
844579,1
844587,1
844608,1
844624,1
844627,1
844646,2
844662,1
844664,1
844673,1
844676,1
844683,1
844687,1
844695,1
844697,1
844700,1
844715,1
844720,1
844733,1
844775,1
844777,1
844779,1
844797,1
844808,1
844813,1
844815,1
844817,1
844835,1
844848,1
844851,1
844853,1
844855,1
844869,1
844872,1
844888,1
844890,1
844892,1
844909,1
844926,1
844928,1
844930,1
844947,1
844964,1
844966,1
844968,1
844982,1
844984,1
844987,1
845002,1
845004,1
845006,1
845020,1
845022,1
845025,1
845040,1
845042,1
845044,1
845058,1
845060,1
845063,1
845078,1
845080,1
845082,1
845096,1
845098,1
845101,1
845115,1
845117,1
845119,1
845134,1
845141,2
845154,1
845173,1
845176,1
845192,1
845195,1
845211,1
845232,1
845234,1
845267,1
845272,2
845281,1
845285,1
845290,1
845294,1
845304,1
845307,1
845310,1
845320,1
845326,1
845335,1
845347,1
845349,1
845366,1
845382,1
845384,1
845386,1
845441,1
845452,1
845457,1
845459,1
845463,1
845473,1
845479,1
845481,1
845499,1
845525,2
845536,1
845539,1
845542,1
845550,1
845556,1
845572,1
845590,1
845593,1
845595,1
845597,1
845605,1
845608,1
845610,1
845616,1
845626,1
845630,1
845634,1
845651,1
845654,1
845664,1
845672,1
845674,1
845684,1
845687,1
845690,1
845692,1
845703,1
845726,1
845729,1
845745,1
845747,1
845749,1
845758,1
845764,1
845766,1
845780,1
845784,1
845789,2
845800,1
845805,1
845833,1
845838,1
845855,1
845857,1
845861,1
845870,1
845873,1
845883,2
845895,1
845899,1
845914,1
845927,1
845932,1
845937,1
845950,1
845966,1
845973,1
845975,1
846007,1
846010,1
846013,1
846015,1
846031,1
846046,1
846050,1
846062,1
846065,1
846074,1
846083,1
846089,1
846099,1
846101,1
846108,1
846110,1
846127,1
846144,1
846162,1
846179,1
846184,1
846186,1
846198,1
846204,2
846221,1
846235,1
846240,1
846251,1
846277,1
846296,1
846313,1
846316,1
846332,1
846335,1
846348,1
846351,1
846353,1
846356,1
846358,1
846370,1
846382,1
846403,1
846411,1
846421,1
846426,1
846431,1
846458,1
846465,1
846469,1
846499,1
846501,1
846507,1
846509,1
846515,1
846542,1
846544,1
846558,1
846562,1
846578,1
846591,1
846600,1
846602,1
846604,1
846619,1
846636,1
846639,1
846653,1
846655,1
846668,1
846680,1
846690,1
846697,1
846713,1
846733,1
846735,1
846753,1
846759,1
846769,1
846773,1
846784,1
846804,1
846820,1
846825,1
846830,1
846839,1
846858,1
846867,1
846869,1
846875,1
846887,1
846896,1
846904,1
846913,1
846917,1
846923,1
846926,1
846940,1
846942,1
846952,1
846954,1
846963,1
846965,1
846978,1
846982,1
846988,1
846997,1
847010,1
847017,1
847021,1
847056,1
847075,1
847077,1
847086,1
847096,1
847111,1
847125,1
847132,1
847134,1
847148,1
847152,1
847162,1
847167,1
847171,1
847180,1
847191,1
847199,1
847207,1
847236,1
847248,1
847256,1
847266,1
847268,1
847276,1
847286,1
847291,1
847293,1
847303,1
847306,1
847320,1
847323,1
847326,1
847334,1
847360,1
847377,1
847380,1
847403,1
847427,1
847437,1
847489,1
847494,1
847504,1
847513,1
847521,1
847532,1
847540,1
847549,1
847553,1
847562,1
847570,1
847585,1
847603,1
847608,1
847622,1
847646,1
847664,1
847674,1
847683,1
847699,1
847702,1
847713,1
847741,1
847755,1
847760,1
847770,1
847777,1
847797,1
847812,1
847816,1
847818,1
847828,1
847833,1
847849,1
847854,1
847864,1
847867,1
847877,1
847888,1
847892,1
847901,1
847907,1
847914,1
847978,1
847986,1
847989,1
848002,1
848008,1
848026,1
848043,1
848059,1
848077,1
848082,1
848096,1
848100,1
848106,1
848132,1
848141,1
848149,1
848159,1
848169,1
848196,1
848198,1
848206,1
848209,1
848215,1
848220,2
848234,1
848253,1
848272,1
848287,1
848294,1
848304,1
848311,1
848347,1
848358,1
848360,1
848378,1
848386,1
848389,1
848396,1
848408,1
848411,1
848418,1
848428,1
848443,1
848451,1
848457,1
848465,1
848470,1
848482,1
848499,1
848520,1
848536,1
848538,1
848547,1
848572,1
848577,1
848579,1
848585,1
848595,1
848597,1
848610,1
848615,1
848623,1
848634,1
848652,1
848669,1
848674,1
848683,1
848688,1
848692,1
848694,1
848723,1
848729,1
848739,1
848749,1
848765,1
848774,1
848783,1
848809,1
848811,1
848821,1
848824,1
848828,1
848836,1
848844,1
848849,1
848859,1
848862,1
848868,1
848873,1
848884,1
848886,1
848900,1
848921,1
848925,1
848937,1
848940,1
848942,1
848964,1
848993,1
848996,1
849004,1
849009,1
849013,1
849016,1
849024,1
849034,1
849040,1
849044,1
849055,1
849060,1
849071,1
849090,1
849102,1
849109,1
849118,1
849127,1
849135,1
849154,1
849165,1
849182,1
849186,1
849192,1
849198,1
849204,1
849212,1
849223,1
849231,1
849237,1
849243,1
849251,1
849259,1
849268,1
849277,1
849279,1
849283,1
849290,1
849299,1
849305,1
849316,1
849325,1
849330,1
849339,1
849395,1
849407,1
849413,1
849430,1
849432,1
849442,1
849455,1
849459,1
849469,1
849471,1
849479,1
849482,1
849497,1
849500,1
849509,1
849515,1
849532,1
849545,1
849548,1
849554,1
849561,1
849577,1
849588,1
849592,1
849595,1
849604,1
849614,1
849627,1
849642,1
849658,1
849676,1
849680,1
849688,1
849693,1
849699,1
849706,1
849714,1
849719,1
849724,1
849735,1
849742,1
849748,1
849761,1
849763,1
849765,1
849769,1
849776,1
849781,1
849802,1
849827,1
849847,1
849875,1
849889,1
849907,1
849929,1
849944,1
849960,1
849979,1
850009,1
850013,1
850017,1
850028,1
850030,1
850059,1
850063,1
850071,1
850078,1
850084,1
850086,1
850094,1
850101,1
850115,1
850122,1
850124,1
850129,1
850141,1
850153,1
850155,1
850175,1
850177,1
850189,1
850191,1
850193,1
850201,1
850206,1
850215,1
850218,1
850220,1
850223,1
850231,1
850237,1
850240,1
850271,1
850289,1
850292,1
850296,1
850310,1
850312,1
850323,1
850327,1
850330,1
850344,1
850359,1
850365,1
850395,1
850401,1
850405,1
850425,1
850441,1
850445,1
850449,1
850460,1
850462,1
850468,1
850477,1
850479,1
850484,1
850496,1
850519,1
850526,1
850555,1
850558,1
850563,1
850576,1
850579,1
850582,1
850597,1
850599,1
850613,1
850623,1
850628,1
850658,1
850664,1
850668,1
850673,1
850676,1
850679,1
850694,1
850711,1
850715,1
850728,1
850730,1
850746,1
850761,1
850766,1
850782,1
850784,1
850787,1
850800,1
850804,1
850828,1
850835,1
850842,1
850844,1
850849,1
850851,1
850857,1
850863,1
850865,1
850868,1
850883,1
850893,1
850896,1
850900,1
850906,1
850914,1
850919,1
850922,1
850925,1
850939,1
850962,1
850976,1
850982,1
850989,1
850995,1
850998,1
851000,1
851010,1
851012,1
851017,1
851019,1
851034,1
851045,1
851051,1
851068,1
851076,1
851089,1
851093,1
851096,1
851107,1
851111,1
851127,1
851144,1
851151,1
851165,1
851170,1
851184,1
851189,1
851202,1
851207,1
851221,1
851223,1
851225,1
851230,1
851242,1
851250,1
851259,1
851273,1
851283,1
851286,1
851294,1
851300,1
851302,1
851316,1
851318,1
851320,1
851330,1
851339,1
851355,1
851366,1
851373,1
851380,1
851382,1
851394,1
851396,1
851400,1
851410,1
851414,1
851428,1
851430,1
851434,1
851437,1
851439,1
851445,1
851451,1
851456,1
851462,1
851470,1
851474,2
851489,1
851495,1
851510,1
851528,1
851533,1
851545,1
851558,1
851562,1
851570,1
851580,1
851584,1
851601,1
851607,1
851625,1
851640,1
851657,1
851663,1
851678,2
851680,1
851684,1
851699,1
851701,1
851705,1
851716,1
851719,1
851733,1
851735,1
851746,1
851753,1
851764,1
851769,1
851773,1
851775,1
851783,1
851785,1
851794,1
851798,1
851816,1
851831,1
851835,1
851849,1
851854,1
851867,1
851870,1
851873,1
851887,1
851905,1
851911,1
851913,1
851926,1
851940,1
851957,1
851969,1
851981,1
851983,1
851988,1
852005,1
852019,1
852023,1
852025,1
852027,1
852039,1
852041,1
852054,1
852057,1
852068,1
852075,1
852078,1
852084,1
852099,1
852102,1
852115,1
852119,1
852122,1
852127,1
852136,1
852150,1
852152,1
852157,1
852166,1
852170,1
852174,1
852181,1
852184,1
852205,1
852212,1
852218,1
852229,1
852235,1
852245,1
852248,1
852251,1
852262,1
852267,1
852272,1
852284,1
852286,1
852289,1
852293,1
852320,1
852326,1
852332,1
852354,1
852361,1
852377,1
852383,1
852388,1
852392,1
852405,1
852415,1
852420,1
852425,1
852427,1
852439,1
852455,1
852461,1
852468,1
852511,1
852513,1
852520,1
852533,1
852548,1
852552,1
852555,1
852569,1
852577,1
852584,1
852591,1
852593,1
852603,1
852609,1
852611,1
852614,1
852627,1
852634,1
852647,1
852649,1
852665,1
852670,1
852687,1
852692,1
852704,1
852719,1
852721,1
852729,1
852747,1
852759,1
852763,1
852765,1
852771,1
852781,1
852784,1
852796,1
852805,1
852816,1
852820,1
852836,1
852838,1
852844,1
852853,1
852857,1
852860,1
852874,1
852876,1
852879,1
852881,1
852895,1
852912,1
852929,1
852938,1
852948,1
852955,1
852958,1
852971,1
852973,1
852987,1
852990,1
852992,1
852997,1
853009,1
853024,1
853028,1
853052,1
853064,1
853067,1
853071,1
853086,2
853088,1
853090,1
853103,1
853105,1
853107,1
853127,1
853139,1
853147,1
853176,1
853180,1
853194,1
853205,1
853210,1
853217,1
853235,1
853253,1
853257,1
853262,1
853274,1
853278,1
853291,1
853297,1
853299,1
853301,1
853313,1
853328,1
853347,1
853352,1
853366,1
853371,1
853374,1
853378,1
853386,1
853389,1
853391,1
853404,1
853407,1
853409,1
853411,1
853425,1
853433,1
853446,1
853448,1
853453,1
853463,1
853467,1
853492,1
853499,1
853506,1
853509,1
853522,1
853527,1
853540,1
853542,1
853549,1
853562,1
853578,1
853596,1
853601,1
853615,1
853620,1
853635,1
853651,1
853656,1
853667,1
853673,1
853675,1
853678,1
853691,1
853693,1
853708,1
853712,1
853728,1
853731,1
853745,1
853748,1
853766,1
853769,1
853774,1
853778,1
853788,1
853790,1
853802,1
853806,1
853822,1
853827,1
853829,1
853839,1
853841,1
853844,1
853848,1
853861,1
853880,1
853883,1
853885,1
853891,1
853899,1
853902,1
853905,1
853907,1
853918,1
853927,1
853936,1
853940,1
853943,1
853948,1
853958,1
853960,1
853963,1
853974,1
853981,1
853992,1
853998,1
854012,1
854016,1
854046,1
854053,1
854060,1
854071,1
854075,1
854077,1
854090,1
854094,1
854106,1
854126,1
854130,1
854145,1
854148,1
854165,1
854169,1
854185,1
854189,1
854203,1
854207,1
854213,1
854226,1
854243,1
854247,1
854258,1
854275,1
854278,1
854282,1
854284,1
854299,1
854301,1
854313,1
854316,1
854323,1
854338,1
854341,1
854351,1
854353,1
854357,1
854361,1
854374,1
854390,1
854393,1
854397,1
854400,1
854405,1
854415,1
854417,1
854428,1
854432,1
854435,1
854439,1
854441,1
854452,1
854454,1
854457,1
854469,1
854487,1
854490,1
854506,1
854509,1
854513,1
854526,1
854530,1
854533,1
854545,1
854549,1
854557,1
854565,1
854567,1
854572,1
854583,1
854585,1
854588,1
854591,1
854602,1
854615,1
854621,1
854626,1
854643,1
854658,1
854662,1
854678,1
854695,1
854700,1
854702,1
854704,1
854712,1
854718,1
854721,1
854725,1
854736,1
854741,1
854745,1
854760,1
854775,1
854788,1
854793,1
854796,1
854800,1
854812,1
854850,1
854866,1
854869,1
854872,1
854874,1
854876,1
854890,1
854892,1
854894,1
854907,1
854914,1
854923,1
854934,1
854948,1
854950,1
854967,1
854969,1
854984,1
854986,1
854990,1
855019,1
855021,1
855025,1
855029,1
855037,1
855044,1
855059,1
855061,1
855072,1
855078,1
855082,1
855090,1
855095,1
855120,1
855134,1
855138,1
855140,1
855156,1
855172,1
855177,1
855190,1
855195,1
855208,1
855212,1
855214,1
855218,1
855220,1
855231,1
855233,1
855236,1
855248,1
855252,1
855255,1
855267,1
855270,1
855272,1
855291,1
855302,1
855308,1
855310,1
855312,1
855327,1
855342,1
855344,1
855347,1
855349,1
855351,1
855364,1
855367,1
855380,1
855384,1
855386,1
855402,1
855404,1
855408,1
855419,1
855422,1
855426,1
855430,1
855440,1
855462,1
855466,1
855472,1
855477,1
855481,1
855484,1
855496,1
855513,1
855517,1
855531,1
855534,1
855538,1
855540,1
855552,1
855556,1
855558,1
855565,1
855573,1
855575,1
855593,1
855617,1
855627,1
855633,1
855635,1
855650,1
855652,1
855668,1
855689,1
855702,1
855707,1
855709,1
855726,1
855743,1
855745,1
855747,1
855750,1
855763,1
855765,1
855780,1
855786,1
855796,1
855803,1
855818,1
855822,2
855825,1
855831,1
855838,1
855842,1
855856,1
855878,1
855880,1
855900,1
855903,1
855914,1
855918,1
855931,1
855933,1
855935,1
855939,1
855951,1
855954,1
855956,1
855960,1
855969,1
855972,1
855974,1
855978,1
855990,1
855994,1
856011,1
856029,1
856032,1
856040,1
856049,1
856051,1
856068,1
856071,1
856085,1
856087,1
856092,1
856100,1
856103,1
856106,1
856110,1
856123,1
856135,1
856139,1
856161,1
856163,1
856179,1
856184,1
856196,1
856201,1
856203,1
856220,1
856230,1
856233,1
856236,1
856240,1
856243,1
856257,1
856259,1
856274,1
856279,1
856281,1
856299,1
856318,1
856333,1
856350,1
856353,1
856356,1
856358,1
856370,1
856373,1
856378,1
856380,1
856383,1
856390,1
856395,1
856410,1
856427,1
856432,1
856448,1
856463,1
856466,1
856481,1
856487,1
856489,1
856504,1
856511,1
856522,1
856525,1
856528,1
856530,1
856544,1
856558,1
856562,1
856570,1
856581,1
856584,1
856586,1
856588,1
856616,1
856637,1
856640,1
856656,1
856658,1
856660,1
856673,1
856676,1
856693,1
856697,1
856710,1
856712,1
856715,1
856717,1
856719,1
856733,1
856735,1
856747,1
856752,1
856757,1
856772,1
856776,2
856780,1
856791,1
856793,1
856810,1
856825,1
856832,1
856847,1
856849,1
856851,1
856882,1
856884,1
856886,1
856890,1
856902,1
856905,1
856921,1
856942,1
856955,1
856962,1
856979,1
856983,1
856997,1
856999,1
857005,1
857017,1
857019,1
857022,1
857034,1
857038,1
857040,1
857056,1
857072,1
857076,1
857079,1
857093,1
857095,1
857107,1
857109,1
857113,1
857116,1
857119,1
857133,1
857146,1
857152,1
857157,1
857160,1
857166,1
857168,1
857171,1
857174,1
857178,1
857187,1
857190,1
857193,2
857196,1
857209,1
857214,1
857224,1
857228,1
857243,1
857245,1
857247,1
857249,1
857252,1
857265,1
857282,1
857289,1
857303,1
857305,1
857317,1
857323,1
857330,1
857340,1
857342,1
857349,1
857358,1
857360,1
857363,1
857365,1
857367,1
857369,1
857380,1
857382,1
857384,1
857393,1
857395,1
857399,1
857401,1
857404,1
857416,1
857418,1
857431,1
857435,2
857442,1
857455,1
857458,1
857461,1
857474,1
857477,2
857486,1
857494,1
857501,1
857519,1
857527,1
857531,1
857534,1
857536,1
857549,1
857551,1
857554,1
857556,1
857568,1
857571,1
857573,1
857585,1
857592,1
857596,1
857607,1
857610,1
857612,1
857624,1
857634,1
857650,1
857665,1
857667,1
857680,1
857683,1
857698,1
857705,1
857707,1
857724,1
857738,1
857741,1
857774,1
857795,1
857797,1
857802,1
857812,1
857814,1
857816,1
857819,1
857822,1
857833,1
857836,1
857851,1
857866,1
857871,1
857874,1
857877,1
857888,1
857893,1
857895,1
857910,1
857912,1
857916,1
857927,1
857931,1
857937,1
857948,1
857950,1
857954,1
857965,1
857969,1
857988,2
858002,1
858005,1
858010,1
858025,1
858043,1
858062,1
858067,1
858082,1
858086,1
858100,1
858119,1
858158,2
858175,1
858179,1
858193,1
858197,1
858203,1
858206,1
858212,1
858223,1
858232,1
858235,1
858238,1
858241,1
858250,1
858253,1
858256,1
858271,1
858273,1
858275,1
858277,1
858279,1
858291,1
858295,1
858308,1
858310,1
858326,1
858329,1
858345,1
858348,1
858365,1
858369,1
858386,1
858389,1
858423,1
858425,1
858445,1
858448,1
858452,1
858463,1
858465,1
858468,1
858479,1
858491,1
858502,1
858505,1
858519,1
858522,1
858524,1
858537,1
858545,1
858548,1
858558,1
858563,1
858569,1
858591,1
858594,1
858596,1
858612,1
858615,1
858630,1
858651,1
858668,1
858708,1
858727,1
858740,1
858746,1
858748,1
858767,1
858781,1
858784,1
858786,1
858802,1
858805,1
858823,1
858827,1
858842,1
858845,1
858860,1
858862,1
858864,1
858879,1
858881,1
858885,1
858900,1
858903,1
858917,1
858919,1
858932,1
858936,1
858938,1
858956,1
858969,1
858974,1
858976,1
858980,1
858994,1
858997,1
859013,1
859016,1
859031,1
859033,1
859069,1
859072,1
859090,1
859105,1
859110,1
859113,1
859127,1
859132,1
859145,1
859148,2
859164,1
859166,1
859168,1
859172,1
859183,1
859186,1
859188,1
859198,1
859202,1
859221,1
859239,1
859242,1
859259,1
859264,1
859273,1
859280,1
859282,1
859285,1
859298,1
859301,1
859315,1
859335,1
859338,1
859355,1
859357,1
859370,1
859374,1
859388,1
859398,1
859411,1
859415,1
859417,1
859432,1
859434,1
859437,1
859451,1
859487,1
859491,1
859506,1
859508,1
859513,1
859523,1
859527,1
859530,1
859543,1
859546,1
859563,1
859566,2
859580,1
859584,1
859601,1
859620,1
859638,1
859640,1
859659,1
859664,1
859681,1
859694,1
859702,1
859714,1
859717,1
859721,1
859735,1
859738,1
859757,1
859773,1
859775,1
859792,1
859794,1
859796,1
859812,1
859816,1
859828,1
859840,1
859850,1
859853,1
859869,1
859873,1
859888,1
859892,1
859895,1
859907,1
859944,1
859947,1
859950,1
859953,1
859963,1
859967,2
859970,1
859980,1
859983,1
859985,1
859988,1
860000,1
860002,1
860018,1
860024,1
860032,1
860040,1
860058,1
860075,1
860078,1
860096,1
860109,1
860115,1
860120,1
860122,1
860134,1
860136,1
860139,1
860153,1
860157,1
860190,1
860194,1
860210,1
860215,1
860227,1
860230,1
860234,1
860248,1
860266,1
860270,1
860282,1
860287,1
860291,1
860305,1
860310,1
860312,1
860320,1
860339,1
860341,1
860344,1
860360,1
860365,1
860381,1
860384,1
860386,1
860388,1
860400,1
860403,1
860407,1
860418,1
860420,1
860423,1
860437,1
860439,1
860441,1
860474,1
860476,1
860481,1
860496,1
860500,1
860504,1
860514,1
860516,1
860519,1
860529,1
860534,1
860538,1
860551,1
860553,1
860557,1
860575,1
860579,1
860587,1
860591,1
860605,1
860613,1
860627,1
860632,1
860651,1
860666,1
860668,1
860670,1
860674,1
860687,1
860702,1
860704,1
860707,1
860723,1
860740,1
860742,1
860750,1
860762,1
860766,1
860768,1
860799,1
860811,1
860819,1
860824,1
860827,1
860842,1
860855,1
860858,1
860862,1
860876,1
860882,1
860894,1
860897,1
860913,1
860930,1
860932,1
860955,1
860969,1
860972,1
860974,1
860976,1
860990,1
860992,1
861026,1
861051,1
861066,1
861082,1
861091,1
861105,2
861108,1
861111,1
861123,1
861125,1
861127,1
861129,1
861133,1
861143,1
861156,1
861163,1
861178,1
861180,1
861182,1
861184,1
861186,1
861200,1
861214,1
861217,1
861220,1
861225,1
861235,1
861238,1
861242,1
861264,1
861273,1
861292,1
861294,1
861311,1
861313,1
861319,1
861331,1
861349,1
861351,1
861356,1
861369,1
861374,1
861403,1
861408,1
861422,1
861430,1
861433,1
861446,1
861449,1
861464,1
861474,1
861488,1
861508,1
861523,2
861529,1
861540,1
861542,1
861546,1
861559,1
861562,1
861564,1
861576,1
861580,1
861596,1
861600,1
861605,1
861617,1
861628,1
861636,1
861641,1
861643,1
861655,1
861688,1
861698,1
861711,1
861715,1
861719,1
861737,1
861748,1
861750,1
861753,1
861759,1
861769,1
861786,1
861805,1
861824,1
861826,1
861843,1
861845,1
861849,1
861865,2
861883,1
861900,1
861903,1
861916,1
861931,1
861935,1
861943,1
861947,1
861959,1
861971,1
862000,1
862015,1
862018,1
862021,1
862034,1
862039,1
862047,1
862054,1
862071,1
862073,1
862075,1
862091,1
862094,1
862107,1
862110,1
862112,1
862114,1
862129,1
862131,1
862166,1
862168,1
862186,1
862204,1
862208,1
862247,1
862262,1
862264,1
862266,1
862268,1
862282,1
862294,1
862299,1
862301,1
862303,1
862305,1
862312,1
862321,1
862327,1
862336,1
862338,1
862340,1
862389,1
862392,1
862413,1
862415,1
862418,1
862434,1
862450,1
862453,1
862469,1
862472,1
862485,1
862487,1
862509,1
862523,1
862528,1
862530,1
862547,1
862562,1
862565,1
862567,1
862569,1
862572,1
862585,1
862587,1
862599,1
862603,1
862605,1
862621,1
862624,1
862641,1
862644,1
862662,2
862678,1
862681,1
862698,1
862700,1
862715,1
862718,1
862720,1
862736,1
862753,1
862755,1
862758,1
862774,1
862791,1
862795,1
862813,1
862832,2
862846,1
862851,1
862869,1
862871,1
862888,1
862890,1
862902,1
862912,1
862926,1
862929,1
862946,1
862964,1
862984,1
862986,1
863003,1
863005,1
863020,1
863023,1
863031,1
863041,1
863044,1
863059,1
863061,1
863079,1
863083,1
863097,1
863100,1
863103,1
863115,1
863136,1
863138,1
863155,1
863157,1
863163,1
863174,1
863177,1
863183,1
863191,1
863198,1
863202,1
863231,1
863249,1
863270,1
863283,1
863302,1
863308,1
863310,1
863325,1
863329,2
863331,1
863346,1
863352,1
863365,1
863372,1
863402,1
863416,1
863430,1
863442,2
863456,1
863461,1
863463,1
863472,1
863479,1
863481,1
863494,1
863496,1
863499,1
863515,1
863537,1
863553,1
863555,1
863557,1
863570,1
863576,1
863591,1
863595,1
863607,1
863610,1
863613,1
863615,1
863617,1
863631,1
863648,1
863651,1
863669,1
863672,1
863683,1
863687,1
863689,1
863705,1
863709,2
863725,1
863728,1
863730,1
863742,1
863744,1
863746,1
863749,2
863780,1
863787,1
863798,1
863802,1
863806,1
863822,1
863840,1
863855,1
863861,1
863874,1
863877,1
863881,1
863883,1
863895,1
863897,1
863899,1
863914,1
863931,1
863953,1
863955,1
863972,1
863974,1
863988,1
863992,1
863995,1
864006,1
864008,1
864010,1
864012,1
864014,1
864032,1
864046,1
864048,1
864050,1
864066,1
864071,1
864084,1
864088,1
864107,1
864123,1
864143,1
864145,1
864159,1
864162,1
864176,1
864197,1
864202,1
864215,1
864220,1
864237,1
864239,1
864246,1
864258,1
864273,1
864278,1
864280,1
864295,1
864297,1
864315,1
864331,1
864334,1
864347,1
864352,1
864369,1
864372,1
864392,1
864405,1
864426,1
864428,1
864461,1
864466,1
864503,1
864505,1
864508,1
864521,1
864523,1
864525,1
864527,1
864538,1
864541,1
864543,1
864545,1
864558,1
864560,1
864562,1
864576,1
864580,1
864582,1
864619,1
864627,1
864637,1
864651,1
864658,1
864660,1
864675,1
864687,1
864690,1
864694,1
864712,1
864717,1
864726,1
864731,1
864734,1
864736,1
864755,1
864762,1
864769,1
864792,1
864805,1
864808,1
864810,1
864825,1
864831,1
864850,1
864866,1
864881,1
864886,1
864902,1
864904,1
864906,1
864919,1
864937,1
864939,1
864944,1
864957,1
864976,1
864982,1
864995,1
864999,1
865001,1
865015,1
865018,1
865032,1
865034,1
865039,1
865051,1
865071,1
865073,1
865075,1
865090,1
865093,1
865095,1
865097,1
865116,1
865133,1
865151,1
865153,1
865164,1
865173,1
865185,1
865189,1
865207,1
865211,1
865224,1
865226,1
865229,1
865242,1
865250,1
865264,1
865273,1
865284,1
865287,1
865299,1
865301,1
865305,1
865315,1
865321,1
865323,1
865336,1
865339,1
865353,1
865355,1
865359,1
865364,1
865393,1
865395,1
865397,1
865402,1
865404,1
865407,1
865410,1
865426,1
865431,1
865445,1
865451,1
865456,1
865458,1
865474,1
865489,1
865494,1
865514,1
865527,1
865531,1
865533,1
865551,1
865553,1
865566,1
865570,1
865572,1
865584,1
865588,1
865603,1
865609,1
865622,1
865626,1
865628,1
865642,1
865647,1
865660,1
865664,1
865677,1
865679,1
865681,1
865686,1
865697,1
865704,1
865719,1
865743,1
865756,1
865760,1
865774,1
865778,1
865791,1
865798,1
865800,1
865812,1
865814,1
865816,1
865819,1
865831,1
865836,1
865857,1
865867,1
865870,1
865875,1
865905,1
865914,1
865921,1
865926,1
865928,1
865932,1
865934,1
865943,1
865950,1
865960,1
865965,1
865968,1
865971,1
865985,1
866018,1
866021,1
866026,1
866028,1
866041,1
866045,1
866060,1
866062,1
866067,1
866079,1
866094,1
866098,1
866102,1
866121,1
866139,1
866152,1
866155,1
866158,1
866160,1
866173,1
866176,1
866179,1
866192,1
866195,2
866229,1
866253,1
866255,1
866268,1
866270,1
866274,1
866286,1
866291,1
866294,1
866307,1
866309,1
866312,1
866328,1
866344,1
866362,1
866375,1
866400,1
866403,1
866444,1
866455,1
866459,1
866463,1
866465,1
866478,1
866481,1
866503,1
866516,1
866519,1
866541,1
866558,1
866560,1
866573,1
866591,1
866593,1
866608,1
866617,1
866627,1
866630,1
866635,1
866648,1
866650,1
866653,1
866665,1
866668,1
866686,1
866703,1
866706,1
866719,1
866724,1
866726,1
866731,1
866743,1
866748,1
866758,1
866768,1
866770,1
866785,1
866801,1
866803,1
866812,1
866821,1
866826,1
866835,1
866841,1
866844,1
866846,1
866859,1
866863,1
866877,1
866891,1
866895,1
866901,1
866913,1
866916,1
866919,1
866921,1
866930,1
866935,1
866937,1
866952,1
866956,1
866971,1
866977,1
866989,1
866996,1
867009,1
867011,1
867014,1
867030,2
867034,1
867048,1
867055,1
867079,1
867090,1
867105,1
867123,1
867126,1
867129,1
867148,1
867158,1
867160,1
867169,1
867186,1
867198,1
867200,1
867205,1
867216,1
867237,1
867243,1
867262,1
867274,1
867276,1
867278,1
867283,1
867285,1
867296,1
867299,1
867302,1
867315,1
867317,1
867321,1
867325,1
867334,1
867352,1
867355,1
867359,1
867388,1
867391,1
867397,1
867409,1
867415,1
867441,1
867448,1
867453,1
867455,1
867466,1
867468,1
867506,1
867527,1
867537,1
867540,1
867543,1
867545,1
867561,1
867569,1
867573,1
867587,1
867598,1
867602,1
867605,1
867656,1
867660,1
867675,1
867680,1
867712,1
867720,1
867751,1
867771,1
867775,1
867796,1
867807,1
867809,1
867812,1
867826,1
867828,1
867844,1
867846,1
867863,1
867865,1
867870,1
867884,1
867886,1
867889,1
867891,1
867903,1
867905,1
867920,1
867922,1
867926,1
867940,1
867942,1
867961,1
867976,1
867978,1
867993,1
867999,1
868015,1
868022,1
868032,1
868037,1
868040,1
868042,1
868054,1
868057,2
868074,1
868077,1
868091,1
868112,1
868117,1
868126,1
868132,1
868146,1
868151,1
868167,1
868174,1
868184,1
868189,1
868192,1
868194,1
868210,1
868241,1
868244,1
868249,1
868262,1
868264,1
868266,1
868268,1
868271,1
868280,1
868285,1
868298,1
868302,2
868320,1
868327,1
868339,1
868341,1
868355,1
868359,1
868377,1
868379,1
868382,1
868397,1
868400,1
868415,1
868453,1
868469,1
868476,1
868488,1
868493,1
868495,1
868511,1
868535,1
868549,1
868552,1
868554,1
868567,1
868573,1
868586,1
868589,1
868604,1
868620,1
868624,1
868626,1
868643,1
868648,1
868680,1
868698,1
868701,1
868705,1
868716,1
868719,1
868721,1
868723,1
868726,1
868737,1
868739,1
868741,1
868743,1
868754,1
868757,1
868759,1
868761,1
868767,1
868775,1
868778,1
868781,1
868783,1
868787,1
868795,1
868798,1
868801,1
868807,1
868812,1
868814,1
868818,1
868821,1
868833,1
868848,1
868854,2
868868,1
868871,1
868873,1
868875,1
868891,1
868903,1
868907,1
868911,1
868914,1
868929,1
868931,1
868945,1
868948,1
868983,1
869004,1
869024,1
869041,1
869043,1
869045,1
869047,1
869063,1
869079,1
869087,1
869100,1
869102,1
869104,1
869116,1
869118,1
869121,1
869123,1
869137,1
869139,1
869143,1
869155,1
869158,1
869191,1
869195,1
869231,1
869248,1
869251,1
869253,1
869271,1
869273,1
869290,1
869305,1
869309,1
869323,1
869329,1
869364,1
869366,1
869382,1
869386,1
869401,1
869405,1
869407,1
869422,1
869428,1
869432,1
869441,1
869444,1
869457,1
869461,1
869468,1
869472,1
869496,1
869499,1
869508,1
869518,1
869520,1
869534,1
869536,1
869553,1
869556,1
869559,1
869574,1
869577,1
869593,1
869596,1
869599,1
869610,1
869614,1
869628,1
869631,1
869634,1
869648,1
869652,1
869665,1
869668,1
869671,1
869702,1
869708,1
869710,1
869724,1
869727,1
869741,1
869744,1
869760,1
869762,1
869765,1
869767,1
869769,1
869780,1
869784,1
869788,1
869801,1
869804,1
869807,1
869816,1
869821,1
869823,1
869825,1
869838,1
869840,1
869842,1
869846,1
869859,1
869862,1
869875,1
869881,2
869896,1
869898,1
869900,1
869903,1
869914,1
869916,1
869919,1
869933,1
869936,1
869951,1
869954,1
869956,1
869972,1
869987,1
870007,1
870025,1
870031,1
870033,1
870051,1
870054,1
870059,1
870068,1
870071,1
870074,1
870082,1
870088,1
870098,1
870107,1
870111,1
870129,1
870156,1
870161,1
870220,1
870224,1
870239,1
870241,1
870243,1
870274,1
870276,1
870278,1
870280,1
870289,1
870294,1
870297,1
870300,1
870311,1
870317,1
870330,1
870337,2
870350,1
870353,1
870356,1
870365,1
870371,1
870376,1
870392,1
870408,1
870410,1
870413,1
870416,1
870429,1
870431,1
870434,1
870442,1
870447,1
870451,1
870463,1
870468,1
870472,1
870486,1
870488,1
870503,1
870505,1
870507,1
870528,1
870539,1
870545,1
870547,1
870564,2
870577,1
870583,1
870597,1
870601,1
870603,1
870616,1
870621,1
870635,1
870639,1
870653,1
870672,1
870677,1
870682,1
870691,1
870696,1
870698,1
870700,1
870715,1
870729,1
870749,1
870754,2
870756,1
870769,1
870805,1
870808,1
870811,1
870813,1
870815,1
870829,1
870831,1
870844,1
870846,1
870868,1
870871,1
870885,1
870889,2
870905,1
870908,1
870923,1
870925,1
870939,1
870958,1
870962,1
870981,1
870984,1
870997,1
871012,1
871020,1
871053,1
871057,1
871073,1
871089,1
871095,1
871113,1
871115,1
871149,1
871152,1
871167,1
871170,1
871172,1
871174,1
871190,1
871208,1
871212,1
871228,1
871244,1
871248,1
871265,1
871268,1
871284,1
871286,1
871303,1
871318,1
871323,1
871326,1
871329,1
871338,1
871340,1
871345,1
871347,1
871363,1
871394,1
871399,1
871402,1
871415,1
871435,1
871437,1
871451,1
871455,1
871457,1
871472,1
871475,1
871477,1
871493,1
871495,1
871511,1
871513,1
871530,1
871532,1
871534,1
871565,1
871570,1
871585,1
871589,1
871608,1
871610,1
871625,1
871628,1
871632,1
871645,1
871647,1
871661,1
871663,1
871666,1
871668,1
871683,1
871686,2
871702,1
871705,1
871720,1
871723,2
871725,1
871739,1
871743,1
871759,1
871765,1
871774,1
871780,1
871798,1
871815,1
871820,1
871870,1
871874,1
871890,1
871893,1
871912,1
871914,1
871928,1
871932,1
871949,1
871965,1
871968,1
871970,1
871976,1
871984,1
871989,1
872002,1
872007,1
872020,1
872026,1
872041,1
872063,1
872072,1
872080,1
872084,1
872097,1
872101,1
872103,1
872105,1
872120,1
872123,1
872139,1
872144,1
872158,1
872161,1
872178,1
872196,1
872199,1
872210,1
872217,1
872231,1
872240,1
872250,1
872255,1
872258,1
872270,1
872279,1
872288,1
872290,1
872295,1
872299,3
872305,1
872311,1
872316,1
872328,1
872332,1
872334,1
872350,1
872369,1
872386,1
872390,1
872403,1
872425,1
872442,1
872444,1
872446,1
872461,1
872463,1
872466,2
872482,1
872484,1
872500,1
872517,1
872519,1
872521,1
872523,1
872539,1
872554,1
872557,1
872559,1
872577,1
872594,1
872596,1
872615,1
872618,1
872634,1
872651,1
872653,1
872657,1
872670,1
872672,1
872674,1
872691,1
872709,1
872711,1
872713,1
872729,1
872745,1
872747,1
872749,1
872751,1
872767,1
872783,1
872785,1
872787,1
872801,1
872803,1
872806,1
872818,1
872824,1
872842,1
872853,1
872860,1
872862,1
872864,1
872866,1
872881,1
872898,1
872900,1
872918,1
872936,1
872938,1
872954,1
872956,1
872958,1
872960,1
872974,1
872976,1
872978,1
872980,1
872993,1
872995,1
872997,1
873010,1
873015,1
873033,1
873048,1
873053,1
873066,1
873069,1
873073,1
873075,1
873088,1
873108,1
873129,1
873146,1
873148,1
873164,1
873169,1
873184,1
873188,1
873191,2
873196,1
873203,1
873206,1
873210,1
873219,1
873225,2
873257,1
873261,1
873263,1
873276,1
873280,1
873282,1
873298,1
873314,1
873319,1
873336,1
873354,1
873357,1
873375,1
873392,1
873394,1
873409,1
873413,1
873415,1
873430,1
873432,1
873434,1
873448,1
873451,1
873469,1
873473,1
873485,1
873490,1
873492,1
873509,2
873525,1
873527,1
873529,1
873531,1
873544,1
873547,1
873560,1
873564,1
873583,1
873603,1
873621,1
873623,1
873641,2
873643,1
873660,1
873677,1
873681,1
873698,1
873700,1
873716,1
873731,1
873733,1
873735,1
873738,1
873740,1
873754,1
873756,1
873770,1
873774,1
873778,1
873792,1
873810,1
873812,1
873815,1
873831,1
873869,1
873906,1
873922,1
873925,1
873928,1
873953,1
873963,1
873965,1
873967,1
873981,1
873983,1
873986,2
873998,1
874002,1
874006,1
874020,1
874022,1
874036,1
874040,1
874043,1
874056,1
874060,2
874062,1
874075,1
874079,1
874082,1
874097,2
874099,1
874116,1
874118,1
874134,1
874148,1
874153,1
874155,1
874172,1
874174,1
874186,1
874197,1
874210,1
874228,1
874231,1
874243,1
874245,1
874250,1
874252,1
874267,1
874272,1
874280,1
874287,1
874290,1
874305,1
874321,1
874324,1
874326,1
874328,1
874341,1
874345,1
874358,1
874362,1
874398,1
874401,1
874403,1
874419,1
874435,1
874438,1
874441,1
874457,1
874459,1
874473,1
874477,1
874495,1
874498,1
874510,1
874516,1
874530,1
874533,1
874552,1
874554,1
874571,1
874573,1
874590,1
874609,1
874627,1
874629,1
874644,1
874648,1
874650,1
874661,1
874668,2
874670,1
874685,1
874687,1
874689,1
874702,1
874705,1
874708,1
874724,1
874727,1
874746,1
874761,1
874778,1
874780,1
874783,1
874785,1
874795,1
874801,2
874803,1
874817,1
874819,1
874823,2
874825,1
874842,1
874857,1
874878,1
874894,1
874912,1
874914,1
874916,1
874925,1
874932,1
874935,1
874938,1
874951,1
874970,1
874972,1
874989,1
874992,1
875007,1
875010,1
875012,1
875027,1
875031,1
875046,1
875064,1
875086,1
875103,1
875105,1
875118,1
875122,1
875124,1
875126,1
875141,1
875145,1
875160,1
875178,1
875197,1
875200,1
875217,1
875236,1
875252,1
875255,1
875258,1
875272,1
875293,1
875311,1
875315,1
875328,1
875332,1
875335,1
875350,1
875365,1
875372,1
875374,1
875406,1
875410,1
875454,1
875485,2
875487,1
875502,1
875504,1
875507,1
875521,1
875525,1
875556,1
875559,1
875561,1
875563,1
875577,1
875582,1
875593,1
875596,1
875599,1
875603,1
875615,1
875618,1
875634,1
875638,1
875652,1
875655,1
875672,1
875674,1
875691,1
875706,1
875714,1
875730,1
875733,2
875753,1
875768,1
875770,1
875784,1
875788,1
875791,1
875807,2
875809,1
875824,1
875839,1
875844,1
875847,1
875862,1
875865,1
875883,2
875901,1
875903,1
875905,1
875924,1
875939,1
875954,1
875962,1
875976,1
875978,1
875980,1
875999,1
876016,1
876018,1
876034,1
876037,1
876049,1
876054,1
876057,1
876072,1
876085,1
876088,1
876093,1
876096,1
876110,1
876112,1
876125,1
876129,1
876131,1
876134,1
876148,1
876167,1
876189,1
876206,1
876208,1
876224,1
876239,1
876262,1
876282,1
876285,1
876300,1
876304,1
876318,1
876320,1
876337,1
876341,1
876357,1
876375,1
876378,1
876410,1
876414,1
876417,1
876434,1
876436,1
876452,1
876455,1
876470,1
876472,1
876489,1
876492,1
876512,1
876528,1
876532,1
876546,1
876548,1
876566,2
876569,1
876586,1
876589,1
876604,1
876608,1
876619,1
876624,1
876627,1
876642,1
876660,1
876662,1
876681,2
876683,1
876700,1
876715,1
876718,1
876737,1
876739,1
876754,1
876761,1
876775,1
876777,1
876779,1
876795,1
876829,1
876831,1
876833,1
876836,1
876867,1
876871,2
876874,1
876890,1
876893,1
876908,1
876926,1
876943,1
876946,1
876949,1
876965,1
876983,1
877003,1
877008,1
877023,1
877026,1
877041,1
877059,1
877064,1
877079,1
877096,1
877098,1
877111,1
877117,1
877120,1
877133,1
877136,1
877138,1
877173,1
877196,1
877212,1
877215,1
877231,1
877249,1
877268,1
877271,1
877289,2
877303,1
877308,1
877310,1
877326,1
877340,1
877344,1
877346,1
877349,1
877364,1
877382,1
877401,1
877404,1
877406,1
877420,1
877423,1
877426,1
877457,1
877459,1
877461,1
877464,1
877479,1
877483,1
877497,1
877501,1
877514,1
877517,1
877532,1
877535,1
877539,2
877541,1
877556,2
877570,1
877574,1
877592,1
877610,1
877615,1
877631,1
877634,1
877647,1
877650,1
877655,1
877665,1
877687,1
877708,1
877726,1
877729,1
877740,1
877745,1
877749,1
877763,1
877768,1
877782,1
877786,1
877801,1
877819,1
877821,1
877823,1
877825,1
877840,1
877843,1
877845,1
877860,2
877877,1
877881,1
877897,2
877915,1
877918,1
877920,1
877935,1
877952,1
877957,1
877972,1
877990,1
877994,1
878010,1
878048,1
878052,1
878067,1
878072,1
878086,1
878104,1
878108,1
878122,1
878125,1
878128,1
878144,2
878162,1
878178,1
878181,1
878185,1
878199,1
878201,1
878203,1
878219,1
878237,1
878241,1
878243,1
878258,1
878276,2
878295,1
878309,1
878319,1
878331,1
878334,1
878337,1
878370,1
878373,1
878375,1
878391,1
878408,1
878413,1
878428,1
878432,1
878446,1
878449,2
878470,1
878484,1
878486,1
878505,2
878523,1
878541,1
878564,1
878581,1
878584,1
878599,1
878617,1
878620,1
878640,1
878653,1
878657,1
878661,1
878676,2
878679,1
878695,1
878712,1
878715,1
878732,1
878750,1
878753,1
878770,1
878773,1
878789,1
878807,1
878809,1
878827,1
878830,1
878845,1
878848,2
878862,1
878867,2
878869,1
878885,1
878888,1
878901,1
878903,1
878906,2
878922,1
878925,1
878929,1
878956,1
878960,1
878967,1
878979,1
879002,1
879018,2
879033,1
879037,1
879042,1
879056,1
879059,1
879070,1
879074,1
879077,2
879091,1
879093,1
879095,1
879097,1
879112,1
879115,1
879133,2
879136,1
879151,1
879168,1
879174,1
879186,1
879189,1
879194,1
879213,1
879224,1
879227,1
879231,1
879242,1
879246,1
879251,1
879262,1
879266,2
879300,1
879302,1
879305,1
879321,1
879339,1
879356,1
879359,1
879363,1
879379,1
879383,1
879396,1
879398,1
879415,1
879432,1
879435,1
879453,1
879458,1
879472,1
879474,1
879476,1
879492,1
879510,1
879529,1
879547,1
879549,1
879552,1
879569,1
879571,1
879587,1
879590,1
879592,1
879607,1
879624,1
879630,1
879644,1
879662,1
879667,1
879682,1
879700,1
879719,1
879723,1
879735,1
879740,1
879757,1
879761,1
879777,1
879781,1
879796,1
879799,1
879834,2
879838,1
879853,1
879855,1
879871,1
879876,1
879890,1
879893,2
879896,1
879911,1
879928,1
879942,1
879946,1
879948,1
879950,1
879953,1
879968,2
879985,1
879987,1
879991,1
880005,1
880008,1
880020,1
880025,1
880042,1
880045,1
880048,1
880065,2
880081,1
880088,1
880100,1
880114,1
880119,1
880136,1
880139,1
880143,1
880157,1
880160,1
880176,1
880195,1
880213,1
880218,1
880229,1
880234,1
880251,1
880265,1
880271,1
880277,1
880290,1
880293,1
880307,1
880310,1
880325,1
880329,2
880343,1
880348,1
880364,1
880366,1
880384,1
880441,1
880455,1
880461,1
880466,1
880503,1
880518,1
880522,1
880538,2
880571,1
880593,1
880598,1
880613,1
880645,1
880651,1
880668,1
880670,1
880672,1
880689,1
880706,1
880710,2
880731,1
880746,1
880749,1
880765,1
880782,1
880785,2
880803,1
880811,1
880826,1
880841,1
880855,1
880860,1
880866,1
880879,1
880892,1
880901,1
880918,2
880936,1
880954,1
880971,1
880974,1
880977,1
880979,1
880994,1
881009,1
881013,2
881030,1
881032,1
881053,1
881066,1
881070,1
881088,1
881091,2
881107,1
881125,1
881141,1
881145,1
881148,1
881164,1
881182,1
881220,1
881226,1
881244,1
881259,1
881276,1
881292,1
881297,1
881300,1
881305,1
881317,1
881335,2
881355,2
881373,1
881388,1
881395,1
881411,1
881434,1
881447,1
881450,1
881466,1
881468,1
881486,1
881493,1
881522,1
881525,1
881527,1
881544,1
881549,1
881553,1
881563,1
881565,1
881568,1
881582,1
881599,1
881602,2
881620,1
881638,1
881645,1
881656,1
881662,1
881677,1
881689,1
881696,1
881714,1
881733,1
881752,1
881771,1
881775,1
881791,1
881803,1
881810,2
881813,2
881815,1
881831,1
881847,1
881866,1
881868,1
881883,1
881887,1
881902,1
881913,1
881924,1
881926,1
881936,1
881941,1
881945,1
881960,1
881962,1
881964,1
881981,1
881998,1
882000,1
882004,1
882019,1
882025,1
882036,1
882039,1
882043,1
882057,1
882094,1
882107,1
882113,1
882115,1
882135,1
882152,1
882154,1
882170,1
882188,1
882190,1
882192,1
882208,1
882210,1
882225,1
882228,1
882232,1
882248,1
882263,1
882266,1
882279,1
882284,1
882286,1
882288,1
882316,1
882322,1
882325,2
882342,1
882359,1
882361,1
882377,1
882380,1
882382,1
882414,1
882416,1
882420,2
882436,1
882438,1
882440,1
882452,1
882472,1
882485,1
882494,1
882496,1
882513,1
882529,1
882532,1
882549,1
882551,1
882553,1
882597,1
882607,1
882609,1
882644,1
882650,1
882681,1
882685,1
882703,1
882722,2
882741,1
882745,1
882760,1
882778,1
882797,1
882816,1
882818,1
882835,1
882837,1
882846,1
882852,1
882855,1
882857,1
882872,1
882874,1
882928,1
882948,1
882950,1
882965,1
882986,1
882988,1
882990,1
883006,1
883008,1
883040,1
883063,1
883066,1
883083,1
883101,1
883103,1
883119,1
883122,1
883139,1
883154,1
883156,1
883160,1
883177,1
883180,1
883193,1
883198,1
883215,1
883231,1
883235,1
883237,1
883254,1
883291,1
883294,1
883308,1
883312,1
883322,1
883330,1
883347,1
883349,1
883351,1
883368,1
883371,1
883405,1
883443,1
883460,1
883462,1
883464,1
883466,1
883482,1
883498,1
883519,1
883522,1
883575,1
883577,1
883580,1
883597,2
883614,1
883616,1
883634,1
883637,1
883689,1
883693,1
883695,1
883709,1
883712,2
883720,1
883728,1
883733,2
883751,1
883766,1
883769,2
883784,1
883787,1
883798,1
883805,1
883823,1
883827,1
883838,1
883843,1
883846,2
883860,1
883879,1
883881,1
883884,1
883900,1
883918,1
883937,1
883940,1
883956,1
883959,2
883973,1
883978,1
883981,1
883984,1
883996,1
884010,1
884013,1
884015,1
884032,1
884050,1
884052,1
884069,1
884071,1
884080,1
884089,1
884103,1
884109,1
884112,1
884129,2
884147,1
884161,1
884165,1
884184,1
884202,1
884221,1
884223,1
884225,1
884241,1
884243,1
884252,1
884260,1
884262,1
884278,1
884282,1
884285,1
884298,1
884301,2
884317,1
884320,1
884324,1
884336,1
884338,1
884346,1
884355,1
884370,1
884378,1
884406,1
884410,1
884412,1
884414,1
884416,1
884422,1
884427,1
884433,1
884451,1
884453,1
884467,1
884470,1
884486,1
884488,1
884507,1
884522,1
884525,1
884541,1
884545,1
884547,1
884549,1
884561,1
884567,1
884579,1
884584,1
884604,1
884619,1
884622,1
884659,1
884697,1
884754,1
884793,1
884796,1
884836,1
884868,1
884887,1
884907,1
884910,1
884925,1
884927,1
884942,1
884946,1
884960,1
884964,1
884966,1
884979,1
884984,1
884987,1
885002,1
885018,1
885039,1
885077,1
885091,1
885093,1
885098,1
885117,2
885135,1
885138,1
885155,1
885157,1
885174,1
885185,1
885192,1
885206,1
885211,1
885228,1
885230,1
885233,1
885249,1
885252,1
885263,1
885269,1
885284,1
885286,1
885305,1
885323,1
885327,1
885338,1
885346,2
885348,1
885365,1
885367,1
885383,1
885386,1
885399,1
885403,1
885420,1
885436,1
885439,1
885454,1
885458,1
885476,1
885478,1
885513,1
885517,1
885534,1
885550,1
885553,1
885571,1
885575,1
885588,1
885592,1
885626,1
885638,1
885645,1
885649,1
885653,1
885664,1
885668,1
885685,1
885690,1
885703,1
885723,1
885742,1
885758,1
885762,1
885766,1
885780,1
885782,1
885784,1
885799,1
885802,1
885813,1
885818,1
885820,1
885822,1
885835,1
885856,1
885859,1
885874,1
885876,1
885892,1
885894,1
885898,1
885911,1
885914,1
885918,2
885932,1
885934,1
885936,1
885939,1
885953,1
885967,1
885971,1
886004,1
886027,1
886065,1
886069,1
886072,1
886085,1
886087,1
886089,1
886105,1
886123,1
886137,1
886146,1
886159,1
886161,1
886177,1
886180,1
886182,1
886185,1
886198,1
886201,1
886214,1
886217,1
886232,1
886237,1
886240,1
886256,1
886259,1
886272,1
886274,1
886280,1
886296,1
886313,1
886315,1
886330,1
886334,1
886337,1
886354,2
886366,1
886374,1
886376,1
886390,1
886407,1
886424,1
886447,1
886449,1
886464,1
886466,1
886468,1
886482,1
886484,1
886491,1
886500,1
886503,1
886522,1
886536,1
886541,1
886544,1
886577,1
886580,1
886582,1
886598,1
886600,1
886612,1
886617,1
886619,1
886635,1
886638,1
886656,1
886673,1
886675,1
886689,1
886695,1
886713,1
886731,1
886734,1
886749,1
886752,1
886769,1
886772,1
886788,1
886790,1
886792,1
886806,1
886812,1
886828,1
886845,1
886881,1
886884,1
886886,1
886903,1
886917,1
886934,1
886939,1
886942,1
886944,1
886977,1
886979,1
886995,1
886997,1
887016,1
887018,1
887040,1
887055,1
887069,1
887073,1
887078,1
887091,1
887096,1
887112,1
887151,1
887168,1
887185,1
887188,1
887205,1
887207,1
887210,2
887222,1
887225,1
887228,1
887244,1
887246,1
887262,1
887265,1
887282,1
887299,1
887303,1
887321,1
887334,1
887340,1
887344,1
887357,1
887362,1
887374,1
887376,1
887380,1
887382,1
887397,1
887413,1
887434,1
887436,1
887453,1
887455,1
887471,1
887473,1
887477,1
887490,1
887494,2
887510,1
887514,1
887530,1
887544,1
887546,1
887550,1
887568,1
887581,1
887583,1
887586,1
887590,1
887605,1
887625,1
887627,1
887638,1
887644,1
887648,2
887660,1
887662,1
887681,1
887695,1
887719,1
887736,1
887739,1
887741,1
887757,1
887759,1
887774,1
887777,1
887790,1
887795,1
887798,1
887812,1
887814,1
887820,1
887833,1
887836,1
887852,1
887868,1
887875,1
887892,1
887945,1
887947,1
887949,1
887951,1
887963,1
887965,1
887969,1
887984,1
888004,1
888007,1
888022,1
888024,1
888027,2
888037,1
888043,1
888045,1
888049,1
888061,1
888064,2
888070,1
888080,1
888082,1
888101,1
888116,1
888121,2
888141,1
888171,1
888191,1
888197,1
888214,1
888231,1
888248,1
888252,1
888254,1
888272,1
888286,1
888291,2
888295,1
888309,1
888326,1
888328,1
888332,1
888347,1
888382,1
888384,1
888387,1
888393,1
888404,1
888407,2
888422,1
888440,1
888457,1
888461,1
888463,1
888472,1
888480,1
888493,1
888495,1
888500,1
888505,1
888512,1
888536,1
888540,1
888549,1
888557,1
888567,1
888574,1
888576,1
888588,1
888594,1
888597,1
888611,1
888613,1
888615,1
888637,1
888648,1
888653,2
888669,1
888672,1
888687,1
888691,1
888706,1
888712,1
888725,1
888727,1
888743,1
888746,1
888748,1
888763,1
888778,1
888781,1
888785,1
888790,1
888803,1
888819,1
888822,1
888839,1
888841,1
888859,1
888861,1
888863,1
888877,1
888879,1
888896,1
888899,1
888915,1
888933,1
888935,1
888938,1
888954,1
888956,1
888964,1
888991,1
888995,1
889006,1
889013,1
889029,1
889032,1
889035,2
889062,1
889070,1
889079,1
889084,1
889088,1
889106,1
889108,1
889125,1
889127,1
889145,1
889150,1
889163,1
889166,1
889183,1
889198,1
889201,1
889205,1
889207,1
889218,1
889221,1
889223,1
889225,1
889235,1
889240,1
889246,1
889250,1
889263,1
889278,1
889294,1
889314,1
889327,1
889337,1
889347,1
889353,1
889355,1
889357,1
889371,1
889376,1
889378,1
889391,1
889393,1
889409,1
889414,1
889427,1
889430,1
889434,1
889449,1
889454,1
889465,1
889468,1
889471,1
889483,1
889486,1
889490,1
889493,1
889500,1
889505,1
889507,1
889522,1
889525,1
889527,1
889530,1
889542,1
889545,1
889547,1
889560,1
889562,1
889574,1
889581,1
889596,1
889617,1
889619,1
889622,1
889637,1
889652,1
889657,1
889660,1
889672,1
889681,1
889695,1
889699,1
889713,1
889715,1
889731,1
889733,1
889737,1
889747,1
889756,1
889789,1
889791,1
889793,1
889795,1
889810,1
889826,1
889842,1
889847,1
889855,1
889862,1
889866,1
889880,1
889882,1
889886,1
889897,1
889904,1
889908,1
889917,1
889921,1
889940,1
889956,1
889960,1
889977,1
889980,1
889984,1
889997,1
890000,1
890002,1
890005,1
890015,1
890019,1
890033,1
890054,1
890057,1
890060,1
890071,1
890076,1
890090,1
890093,1
890096,1
890098,1
890101,1
890109,1
890115,1
890125,1
890130,1
890133,1
890150,1
890154,1
890168,1
890188,1
890194,1
890224,1
890227,1
890232,1
890246,1
890260,1
890265,1
890270,1
890281,1
890288,1
890301,1
890303,1
890306,2
890309,1
890319,1
890323,1
890325,1
890329,1
890343,1
890355,1
890360,1
890363,1
890365,1
890373,1
890380,1
890393,1
890397,1
890414,1
890416,1
890418,1
890422,1
890436,1
890439,1
890451,1
890470,1
890472,1
890479,1
890487,1
890494,1
890511,1
890516,1
890525,1
890529,1
890532,1
890534,1
890537,1
890549,1
890563,1
890568,1
890570,1
890574,1
890588,1
890603,1
890606,1
890613,1
890623,1
890626,1
890628,1
890631,1
890641,1
890645,1
890648,1
890650,1
890653,1
890660,1
890666,1
890668,1
890680,1
890686,1
890695,1
890701,1
890703,1
890719,1
890725,1
890741,1
890746,1
890758,1
890765,1
890773,1
890777,1
890780,1
890812,1
890815,1
890820,1
890853,1
890857,1
890869,1
890874,1
890889,1
890897,1
890915,1
890926,1
890929,1
890932,1
890937,1
890947,1
890949,1
890954,1
890960,1
890966,1
890969,1
890974,1
890987,1
891004,1
891010,1
891025,1
891039,1
891042,1
891063,1
891069,1
891087,1
891096,1
891102,1
891106,1
891125,1
891133,1
891140,1
891144,1
891157,1
891161,1
891163,1
891174,1
891178,1
891189,1
891195,1
891202,1
891215,1
891219,1
891229,1
891234,1
891238,1
891250,1
891254,1
891256,1
891258,1
891268,1
891270,1
891273,1
891275,1
891277,1
891281,1
891290,1
891292,1
891303,1
891306,1
891311,1
891314,1
891322,1
891331,1
891344,1
891349,1
891353,1
891355,1
891367,1
891369,1
891381,1
891384,1
891387,1
891392,1
891404,1
891409,1
891424,1
891440,1
891443,1
891449,1
891460,1
891463,1
891476,1
891481,1
891486,1
891497,1
891500,1
891518,1
891524,1
891559,1
891571,1
891574,1
891578,1
891582,1
891594,1
891596,1
891599,1
891601,1
891613,1
891615,1
891617,1
891631,1
891649,1
891656,1
891671,1
891675,1
891687,1
891710,1
891722,1
891727,1
891734,1
891751,1
891765,1
891769,1
891771,1
891781,1
891785,1
891788,1
891793,1
891803,1
891806,2
891824,1
891828,1
891839,1
891843,1
891857,1
891859,1
891861,1
891867,1
891871,1
891878,1
891885,1
891900,1
891902,1
891917,1
891919,1
891925,1
891934,1
891936,1
891938,1
891942,1
891944,1
891954,1
891957,1
891959,1
891961,1
891969,1
891973,1
891976,1
891979,2
891991,1
891993,1
891995,1
892001,1
892026,1
892029,1
892036,1
892039,1
892052,1
892055,1
892057,1
892070,1
892072,1
892077,1
892087,1
892089,1
892092,1
892094,1
892107,1
892109,1
892123,1
892125,1
892132,1
892135,1
892146,1
892149,1
892152,1
892178,1
892182,1
892187,1
892191,1
892201,1
892206,2
892226,1
892241,1
892245,1
892260,1
892266,1
892279,1
892296,1
892303,1
892317,1
892327,1
892332,1
892335,1
892337,1
892339,1
892341,1
892344,1
892354,1
892356,1
892358,1
892372,1
892374,1
892378,1
892380,1
892392,1
892395,1
892399,1
892409,1
892413,1
892415,1
892418,1
892430,1
892432,1
892446,1
892449,1
892452,1
892457,1
892466,1
892469,1
892471,1
892479,1
892487,1
892493,1
892506,1
892508,1
892544,1
892549,1
892551,1
892563,1
892565,1
892568,1
892570,1
892581,1
892597,1
892602,1
892606,1
892608,1
892619,1
892626,1
892637,1
892641,1
892643,1
892651,1
892657,1
892660,1
892696,1
892702,1
892715,1
892718,1
892733,1
892743,1
892753,1
892758,1
892777,1
892783,1
892790,1
892793,1
892795,1
892797,1
892810,1
892827,1
892831,1
892835,1
892848,1
892851,1
892853,1
892868,1
892874,1
892886,1
892901,1
892905,1
892908,1
892918,1
892924,1
892927,1
892961,1
892965,1
892971,1
892979,1
893006,1
893014,1
893019,1
893023,1
893027,1
893040,1
893055,1
893059,1
893076,1
893082,1
893094,1
893098,1
893101,1
893116,1
893124,1
893131,1
893140,1
893149,1
893155,1
893157,1
893169,1
893172,1
893175,1
893177,1
893189,1
893193,1
893197,1
893210,1
893226,1
893230,1
893245,1
893247,1
893250,1
893290,1
893302,1
893304,1
893308,1
893326,1
893332,1
893342,1
893346,1
893356,1
893362,1
893364,1
893368,1
893378,1
893382,1
893384,1
893387,1
893407,1
893418,1
893452,1
893458,1
893493,1
893496,1
893501,1
893511,1
893513,1
893518,1
893520,1
893531,1
893534,1
893546,1
893548,1
893566,1
893569,1
893572,1
893574,1
893578,1
893587,1
893591,1
893603,1
893610,1
893618,1
893630,1
893642,1
893646,1
893650,1
893666,1
893682,1
893684,1
893687,1
893700,1
893723,1
893728,1
893739,1
893742,1
893745,1
893758,1
893760,1
893763,1
893765,1
893782,1
893798,1
893801,1
893804,1
893818,1
893820,1
893825,1
893837,1
893839,1
893843,1
893854,1
893856,1
893859,1
893869,1
893875,1
893890,1
893894,1
893913,1
893929,1
893932,1
893949,1
893952,1
893966,1
893968,1
893972,1
894004,1
894026,1
894028,1
894043,1
894065,1
894067,1
894081,1
894085,1
894091,1
894102,1
894106,1
894116,1
894129,1
894144,1
894160,1
894174,1
894183,1
894193,1
894195,1
894200,1
894202,1
894215,1
894217,1
894219,1
894225,1
894233,1
894238,1
894245,1
894260,1
894270,1
894275,1
894277,1
894310,1
894331,1
894347,1
894351,1
894353,1
894364,1
894371,1
894384,1
894387,1
894389,1
894391,1
894403,1
894408,1
894410,1
894422,1
894428,1
894439,1
894445,1
894447,1
894461,1
894464,1
894475,1
894480,1
894484,1
894486,1
894499,1
894501,1
894504,1
894506,1
894522,1
894536,1
894539,1
894542,1
894556,1
894559,1
894561,1
894573,1
894575,1
894578,1
894581,1
894595,1
894600,1
894629,1
894636,1
894651,1
894654,1
894656,1
894668,1
894672,1
894675,1
894688,1
894692,1
894707,1
894709,1
894713,1
894725,1
894729,1
894745,1
894749,1
894751,1
894768,1
894784,1
894788,1
894802,1
894804,1
894808,1
894810,1
894821,1
894825,1
894829,1
894840,1
894846,1
894861,1
894864,1
894869,1
894878,1
894880,1
894883,1
894886,1
894911,1
894921,1
894924,1
894940,1
894953,1
894957,1
894959,1
894961,1
894974,1
894976,1
894978,1
894991,1
894997,1
895016,1
895023,1
895033,1
895036,1
895038,1
895053,1
895067,1
895074,1
895084,1
895092,1
895105,1
895109,1
895112,1
895128,1
895141,1
895146,1
895150,1
895166,1
895168,1
895170,1
895182,1
895188,1
895204,1
895207,1
895218,1
895223,1
895226,1
895242,1
895252,1
895262,1
895265,1
895278,1
895283,1
895300,1
895303,1
895315,1
895320,1
895326,1
895333,1
895340,1
895355,1
895357,1
895371,1
895380,1
895392,1
895430,1
895434,1
895446,1
895450,1
895469,1
895472,1
895475,1
895490,1
895492,1
895505,1
895510,1
895525,1
895527,1
895537,1
895543,1
895549,1
895564,1
895567,1
895581,1
895584,1
895619,1
895624,1
895657,1
895662,1
895681,1
895691,1
895701,1
895718,1
895733,1
895736,1
895756,1
895758,1
895771,1
895777,1
895808,1
895811,1
895815,1
895830,1
895833,1
895835,1
895847,1
895853,1
895870,1
895884,1
895892,1
895906,1
895909,1
895912,1
895923,1
895929,1
895949,1
895964,1
895966,1
895968,1
895990,1
896001,1
896005,1
896012,1
896033,1
896038,1
896042,1
896046,1
896051,1
896060,1
896075,1
896079,1
896090,1
896100,1
896105,1
896112,1
896117,1
896119,1
896121,1
896123,1
896149,1
896155,1
896157,1
896169,1
896174,1
896176,1
896178,1
896189,1
896194,1
896196,1
896210,1
896215,1
896218,1
896232,1
896234,1
896248,1
896251,1
896264,1
896273,1
896302,1
896307,1
896327,1
896346,1
896361,1
896363,1
896366,1
896378,1
896382,1
896384,1
896398,1
896404,1
896416,1
896422,1
896425,1
896433,1
896442,1
896459,1
896469,1
896480,1
896482,1
896495,1
896497,1
896500,1
896503,1
896514,1
896518,1
896524,1
896532,1
896534,1
896538,1
896549,1
896555,1
896570,1
896575,1
896585,1
896587,1
896593,1
896597,1
896610,1
896612,1
896614,1
896646,1
896651,1
896662,1
896670,1
896687,1
896691,1
896706,1
896708,1
896737,1
896744,1
896747,1
896759,1
896765,1
896781,1
896783,1
896799,1
896803,1
896818,1
896822,1
896824,1
896835,1
896857,1
896859,1
896873,1
896876,1
896879,1
896895,1
896898,1
896911,1
896916,1
896919,1
896932,1
896936,1
896953,1
896959,1
896967,1
896974,1
896991,1
897010,1
897024,1
897028,1
897048,1
897061,1
897068,1
897087,1
897089,1
897106,1
897125,2
897147,1
897161,1
897181,1
897199,1
897202,1
897214,1
897220,1
897222,1
897225,1
897235,1
897237,1
897243,1
897246,1
897259,1
897280,1
897296,1
897313,1
897315,1
897332,1
897335,1
897349,1
897354,2
897356,1
897367,1
897374,1
897377,1
897391,1
897406,1
897417,1
897429,1
897431,1
897446,1
897449,1
897462,1
897467,1
897480,1
897484,1
897487,1
897489,1
897499,1
897501,1
897507,1
897520,1
897523,1
897525,1
897538,1
897543,1
897559,1
897578,1
897582,2
897584,1
897594,1
897602,1
897616,1
897619,1
897632,1
897638,1
897655,1
897678,1
897691,1
897695,1
897697,1
897711,1
897714,1
897717,1
897719,1
897733,1
897735,1
897749,1
897752,1
897787,1
897790,1
897802,1
897809,1
897811,1
897823,1
897827,1
897831,2
897841,1
897848,1
897862,1
897866,1
897868,1
897886,1
897897,1
897902,1
897925,1
897928,1
897940,1
897944,1
897960,1
897975,1
897993,1
897998,1
898000,1
898002,1
898005,1
898018,1
898054,1
898069,1
898093,1
898113,1
898128,1
898132,1
898135,1
898149,1
898153,1
898159,1
898166,1
898171,1
898187,1
898207,1
898224,1
898244,1
898246,1
898260,1
898282,1
898303,1
898305,1
898323,2
898325,1
898341,1
898343,1
898359,1
898361,1
898364,1
898378,1
898381,1
898390,1
898397,1
898399,1
898415,1
898434,1
898437,1
898453,1
898456,1
898469,1
898491,1
898493,1
898512,1
898514,1
898532,1
898549,1
898565,1
898570,1
898572,1
898582,1
898590,1
898602,1
898605,1
898608,1
898612,1
898627,1
898640,1
898646,1
898664,1
898666,1
898678,1
898683,1
898700,1
898723,1
898734,1
898740,1
898743,1
898756,1
898762,1
898772,1
898776,1
898780,1
898783,1
898815,1
898818,1
898846,1
898854,1
898889,1
898893,1
898911,1
898913,1
898930,1
898933,1
898948,1
898950,1
898966,1
898968,1
898972,1
898988,1
899006,1
899009,1
899025,1
899041,1
899044,1
899047,1
899055,1
899059,1
899063,1
899066,1
899081,1
899102,1
899104,1
899120,1
899122,1
899138,1
899143,1
899153,1
899159,1
899173,1
899175,1
899179,1
899189,1
899196,1
899231,1
899233,1
899235,1
899251,1
899272,1
899276,1
899290,1
899293,1
899299,1
899315,1
899328,1
899330,1
899332,1
899334,1
899349,1
899361,1
899366,1
899368,1
899370,1
899373,1
899403,1
899424,1
899443,1
899464,1
899483,2
899499,1
899502,1
899518,1
899535,1
899539,1
899541,1
899558,1
899571,1
899577,1
899581,1
899589,1
899597,1
899612,1
899615,1
899649,1
899653,1
899655,1
899657,1
899669,1
899674,1
899689,1
899691,1
899711,1
899729,1
899741,1
899747,1
899749,1
899763,1
899767,1
899769,1
899784,1
899787,1
899803,1
899805,1
899841,1
899844,1
899846,1
899884,1
899903,1
899938,1
899956,1
899992,1
899995,1
899997,1
1000013,1
1000015,1
1000032,1
1000045,1
1000052,2
1000055,1
1000072,1
1000090,2
1000096,1
1000112,1
1000114,1
1000127,1
1000130,1
1000146,1
1000156,1
1000168,1
1000184,1
1000186,1
1000188,1
1000204,1
1000221,1
1000241,1
1000279,1
1000297,1
1000317,1
1000319,1
1000336,1
1000338,1
1000354,1
1000356,1
1000376,1
1000393,1
1000395,1
1000399,1
1000410,1
1000413,1
1000431,1
1000434,1
1000450,1
1000452,1
1000467,1
1000470,1
1000474,1
1000487,1
1000489,1
1000491,1
1000494,1
1000508,1
1000513,1
1000526,1
1000528,1
1000545,1
1000566,1
1000569,1
1000585,1
1000596,1
1000604,2
1000608,1
1000622,1
1000625,1
1000641,1
1000659,1
1000663,1
1000678,1
1000680,1
1000697,1
1000703,1
1000711,1
1000713,1
1000718,1
1000720,1
1000722,1
1000724,1
1000734,1
1000738,1
1000752,1
1000791,1
1000793,1
1000795,1
1000813,1
1000817,1
1000820,1
1000850,1
1000853,1
1000868,1
1000871,1
1000886,1
1000888,1
1000892,1
1000906,1
1000908,1
1000925,1
1000944,1
1000946,1
1000963,1
1000968,1
1000982,1
1000986,1
1000999,1
1001003,1
1001010,1
1001020,1
1001041,1
1001057,1
1001063,1
1001078,1
1001095,1
1001104,1
1001119,1
1001134,1
1001136,1
1001153,1
1001155,1
1001162,1
1001173,1
1001175,1
1001192,1
1001195,1
1001211,1
1001220,1
1001228,1
1001233,1
1001249,1
1001268,1
1001272,1
1001287,1
1001290,1
1001292,1
1001305,1
1001307,1
1001310,1
1001325,1
1001341,1
1001363,1
1001365,1
1001382,1
1001384,1
1001401,2
1001407,1
1001439,1
1001441,1
1001459,1
1001464,1
1001477,1
1001495,1
1001497,1
1001499,1
1001516,1
1001518,1
1001522,1
1001534,1
1001537,1
1001569,1
1001572,1
1001576,1
1001590,1
1001592,1
1001609,1
1001624,1
1001629,1
1001633,1
1001636,1
1001651,1
1001666,1
1001668,1
1001685,1
1001703,1
1001705,1
1001711,1
1001723,1
1001727,1
1001729,1
1001742,1
1001746,1
1001762,1
1001780,1
1001782,1
1001789,1
1001816,1
1001822,2
1001825,1
1001844,1
1001857,1
1001868,1
1001873,1
1001875,1
1001877,1
1001885,1
1001894,1
1001897,1
1001914,1
1001916,1
1001932,1
1001951,1
1001960,1
1001971,1
1001988,1
1002012,1
1002018,1
1002027,1
1002048,2
1002067,1
1002070,1
1002089,1
1002101,1
1002103,1
1002122,1
1002124,1
1002139,1
1002144,1
1002146,1
1002163,2
1002165,1
1002198,1
1002215,1
1002221,1
1002234,1
1002240,1
1002253,1
1002256,1
1002259,1
1002263,2
1002265,1
1002268,1
1002270,1
1002278,1
1002281,1
1002283,1
1002295,1
1002298,1
1002310,1
1002313,1
1002315,1
1002329,1
1002332,1
1002336,1
1002338,1
1002354,1
1002407,1
1002413,1
1002427,1
1002434,1
1002443,1
1002445,1
1002454,1
1002467,1
1002469,1
1002483,1
1002493,1
1002505,1
1002507,1
1002509,1
1002521,1
1002525,1
1002536,1
1002541,1
1002545,1
1002558,1
1002579,1
1002596,1
1002600,1
1002616,1
1002619,2
1002635,1
1002642,1
1002653,1
1002669,1
1002672,1
1002677,1
1002710,1
1002717,1
1002729,1
1002732,1
1002734,1
1002736,1
1002739,1
1002751,1
1002753,1
1002755,1
1002768,1
1002771,1
1002773,1
1002787,1
1002827,1
1002833,1
1002847,1
1002849,1
1002864,1
1002868,1
1002880,1
1002884,1
1002893,1
1002903,1
1002917,1
1002926,2
1002941,1
1002959,1
1002973,1
1002981,1
1002983,1
1002996,1
1002999,1
1003001,1
1003004,1
1003017,1
1003020,1
1003031,1
1003039,1
1003055,1
1003058,1
1003061,1
1003074,1
1003077,1
1003089,1
1003093,1
1003096,1
1003098,1
1003110,1
1003115,1
1003129,2
1003153,1
1003156,1
1003188,1
1003191,1
1003206,1
1003209,1
1003226,1
1003237,1
1003243,1
1003264,1
1003266,1
1003282,1
1003285,1
1003303,1
1003318,1
1003324,1
1003336,1
1003341,1
1003343,1
1003356,1
1003361,1
1003364,1
1003366,1
1003379,1
1003381,1
1003394,1
1003396,1
1003399,1
1003402,1
1003415,1
1003433,1
1003436,1
1003438,1
1003456,1
1003470,1
1003476,1
1003491,1
1003494,1
1003497,1
1003504,1
1003511,1
1003527,1
1003532,1
1003539,1
1003552,1
1003570,1
1003588,1
1003609,1
1003627,1
1003637,1
1003642,1
1003646,1
1003648,1
1003655,1
1003662,1
1003680,1
1003683,1
1003699,1
1003701,1
1003704,1
1003717,1
1003721,1
1003738,1
1003740,1
1003743,1
1003759,1
1003773,1
1003780,1
1003795,1
1003798,1
1003812,1
1003815,1
1003818,1
1003832,1
1003836,1
1003869,1
1003874,1
1003889,1
1003891,1
1003894,1
1003908,1
1003913,1
1003926,1
1003930,1
1003933,1
1003945,1
1003950,1
1003964,1
1003967,1
1003982,1
1003986,1
1003989,1
1004005,1
1004016,1
1004023,1
1004027,1
1004044,1
1004054,1
1004057,1
1004063,1
1004067,1
1004081,1
1004083,1
1004099,1
1004101,1
1004103,1
1004118,1
1004120,1
1004138,1
1004142,1
1004156,1
1004178,1
1004193,1
1004214,1
1004235,1
1004254,1
1004270,1
1004274,1
1004289,1
1004293,1
1004309,1
1004311,1
1004314,1
1004325,1
1004328,1
1004331,1
1004345,1
1004347,1
1004351,1
1004377,1
1004381,1
1004385,1
1004389,1
1004403,1
1004405,1
1004421,1
1004439,1
1004441,1
1004445,1
1004457,1
1004461,1
1004464,1
1004476,1
1004481,1
1004501,1
1004517,1
1004553,1
1004558,1
1004562,1
1004573,1
1004586,1
1004593,1
1004606,1
1004610,1
1004618,1
1004627,1
1004637,1
1004642,1
1004652,1
1004654,1
1004688,1
1004691,1
1004706,1
1004726,1
1004729,1
1004744,1
1004748,1
1004764,1
1004767,1
1004782,1
1004787,1
1004799,1
1004803,1
1004806,1
1004820,1
1004824,1
1004873,1
1004881,1
1004897,1
1004915,1
1004935,1
1004937,1
1004952,1
1004956,1
1004958,1
1004974,1
1004978,1
1004992,1
1004994,1
1005010,1
1005014,1
1005029,1
1005032,1
1005034,1
1005071,1
1005099,1
1005105,1
1005111,1
1005117,1
1005135,1
1005145,1
1005166,1
1005178,1
1005198,1
1005203,1
1005216,1
1005219,1
1005223,1
1005225,1
1005237,1
1005240,1
1005243,1
1005255,1
1005259,1
1005261,1
1005263,1
1005273,1
1005282,1
1005295,1
1005297,1
1005310,1
1005316,1
1005320,1
1005331,1
1005333,1
1005338,1
1005347,1
1005354,1
1005376,1
1005393,1
1005409,1
1005411,1
1005413,1
1005426,1
1005430,1
1005433,1
1005446,1
1005448,1
1005468,1
1005505,2
1005526,1
1005542,1
1005565,1
1005579,1
1005584,1
1005615,1
1005620,1
1005632,1
1005656,1
1005661,1
1005663,1
1005675,1
1005692,1
1005696,1
1005708,1
1005717,1
1005720,1
1005734,1
1005745,1
1005751,1
1005770,1
1005773,1
1005790,1
1005792,1
1005807,1
1005810,1
1005826,1
1005830,1
1005847,1
1005864,1
1005868,1
1005885,1
1005888,1
1005908,1
1005917,1
1005922,1
1005945,1
1005959,1
1005963,1
1005984,1
1005997,1
1006002,1
1006020,2
1006023,1
1006039,1
1006041,1
1006053,1
1006055,1
1006069,1
1006074,1
1006076,1
1006082,1
1006091,1
1006097,1
1006113,1
1006127,1
1006131,1
1006134,1
1006152,1
1006167,1
1006170,1
1006187,1
1006191,1
1006194,1
1006198,1
1006207,1
1006210,1
1006224,1
1006227,1
1006231,1
1006246,1
1006248,1
1006263,1
1006266,1
1006282,1
1006285,1
1006314,1
1006316,1
1006320,1
1006324,1
1006327,1
1006343,1
1006356,1
1006376,1
1006383,1
1006394,1
1006415,1
1006417,1
1006432,1
1006435,1
1006439,1
1006444,1
1006449,1
1006457,1
1006459,1
1006469,1
1006472,1
1006477,1
1006493,1
1006498,1
1006510,1
1006515,2
1006525,1
1006527,1
1006530,1
1006534,1
1006537,1
1006565,1
1006589,1
1006608,1
1006610,1
1006619,1
1006622,1
1006629,1
1006639,1
1006644,1
1006655,1
1006659,1
1006668,1
1006680,1
1006682,1
1006685,1
1006687,1
1006699,1
1006703,1
1006715,1
1006719,1
1006721,1
1006734,1
1006756,1
1006762,1
1006769,1
1006771,1
1006791,1
1006798,1
1006813,1
1006830,1
1006846,1
1006849,1
1006853,1
1006859,1
1006867,1
1006874,1
1006877,1
1006890,1
1006900,1
1006906,1
1006912,1
1006915,1
1006929,1
1006945,1
1006947,1
1006965,1
1006984,1
1006986,1
1006990,1
1007001,1
1007004,1
1007019,1
1007026,1
1007044,1
1007062,1
1007065,1
1007111,1
1007119,1
1007135,1
1007141,1
1007153,1
1007175,1
1007192,1
1007200,1
1007213,1
1007216,1
1007229,1
1007231,1
1007233,1
1007246,1
1007249,1
1007272,1
1007282,1
1007284,1
1007290,1
1007292,1
1007311,1
1007324,1
1007329,1
1007343,1
1007345,1
1007347,1
1007362,1
1007372,1
1007380,1
1007382,1
1007397,1
1007405,1
1007407,1
1007422,1
1007429,1
1007438,1
1007440,1
1007442,1
1007475,1
1007485,1
1007501,1
1007512,1
1007517,1
1007521,1
1007531,1
1007534,1
1007536,1
1007539,1
1007551,1
1007554,1
1007568,1
1007570,1
1007575,1
1007579,1
1007587,1
1007593,1
1007609,1
1007612,1
1007621,1
1007624,1
1007629,1
1007646,1
1007648,1
1007655,1
1007665,1
1007670,1
1007673,1
1007686,1
1007690,1
1007706,1
1007724,1
1007732,1
1007742,1
1007744,1
1007747,1
1007762,1
1007779,1
1007782,1
1007797,1
1007799,1
1007803,1
1007815,1
1007817,1
1007826,1
1007836,1
1007838,1
1007842,1
1007859,1
1007877,1
1007883,1
1007894,1
1007896,1
1007910,1
1007916,1
1007921,1
1007932,1
1007941,1
1007944,1
1007951,1
1007953,1
1007959,1
1007965,1
1007970,1
1007972,1
1007976,1
1007979,1
1007982,1
1007989,1
1007992,1
1007995,1
1008008,1
1008010,1
1008012,1
1008014,1
1008027,1
1008035,1
1008043,1
1008050,1
1008058,1
1008070,1
1008087,1
1008102,1
1008104,1
1008107,1
1008121,1
1008123,1
1008125,1
1008139,1
1008145,1
1008175,1
1008178,1
1008181,1
1008184,1
1008198,1
1008200,1
1008203,1
1008210,1
1008216,1
1008218,1
1008233,1
1008237,1
1008246,1
1008254,1
1008257,1
1008273,1
1008275,1
1008279,1
1008290,1
1008296,1
1008327,1
1008331,1
1008335,1
1008353,1
1008366,1
1008368,1
1008372,1
1008386,1
1008388,1
1008403,1
1008405,1
1008414,1
1008424,1
1008430,1
1008442,1
1008448,1
1008463,1
1008480,1
1008483,1
1008496,1
1008501,1
1008503,1
1008508,1
1008518,1
1008520,1
1008528,1
1008535,1
1008544,1
1008552,1
1008579,1
1008611,1
1008615,1
1008619,1
1008637,1
1008673,2
1008688,1
1008692,1
1008722,1
1008727,1
1008747,1
1008749,1
1008752,1
1008765,1
1008801,1
1008808,1
1008816,1
1008824,1
1008829,1
1008842,1
1008859,1
1008864,1
1008872,1
1008881,1
1008883,1
1008885,1
1008898,1
1008913,1
1008918,1
1008922,1
1008925,1
1008927,1
1008957,1
1008974,1
1008977,1
1008983,1
1008991,1
1008995,1
1008998,1
1009001,1
1009007,1
1009014,1
1009018,1
1009031,1
1009035,1
1009049,1
1009053,1
1009057,1
1009061,1
1009070,1
1009075,1
1009088,1
1009092,1
1009107,1
1009109,1
1009113,1
1009129,1
1009145,1
1009148,1
1009164,1
1009169,1
1009204,1
1009206,1
1009218,1
1009222,1
1009225,1
1009228,1
1009243,1
1009259,1
1009263,1
1009266,1
1009281,1
1009283,1
1009298,1
1009300,1
1009302,1
1009319,1
1009334,1
1009337,1
1009353,1
1009355,1
1009378,1
1009388,1
1009395,1
1009398,1
1009405,1
1009414,1
1009432,1
1009447,1
1009451,1
1009453,1
1009470,1
1009472,1
1009485,1
1009489,1
1009505,1
1009512,1
1009526,1
1009544,1
1009549,2
1009566,1
1009568,1
1009583,1
1009585,1
1009587,1
1009589,1
1009600,1
1009608,1
1009621,1
1009623,1
1009625,1
1009641,1
1009646,1
1009662,1
1009664,1
1009679,1
1009681,1
1009696,1
1009698,1
1009701,1
1009716,1
1009719,1
1009773,1
1009776,1
1009792,1
1009795,1
1009798,1
1009813,1
1009828,1
1009830,1
1009832,1
1009835,1
1009850,1
1009863,1
1009866,1
1009870,1
1009873,1
1009886,1
1009891,1
1009906,1
1009908,1
1009914,1
1009926,1
1009943,1
1009945,1
1009965,1
1009968,1
1009970,1
1009984,1
1009986,1
1010002,1
1010018,1
1010022,1
1010037,1
1010040,1
1010056,1
1010062,1
1010080,1
1010097,1
1010099,1
1010116,1
1010120,1
1010135,1
1010137,1
1010172,1
1010175,1
1010177,1
1010193,1
1010195,1
1010211,1
1010248,1
1010266,1
1010269,1
1010275,1
1010287,1
1010304,1
1010309,1
1010326,1
1010343,1
1010347,1
1010349,1
1010364,1
1010366,1
1010383,1
1010394,1
1010398,1
1010402,1
1010412,1
1010419,1
1010422,1
1010425,1
1010435,1
1010440,1
1010459,1
1010461,1
1010497,1
1010516,1
1010534,1
1010557,1
1010572,1
1010592,1
1010607,1
1010628,1
1010630,1
1010634,1
1010648,1
1010667,1
1010682,1
1010687,1
1010724,1
1010742,1
1010757,1
1010763,1
1010781,1
1010799,1
1010818,1
1010820,1
1010822,1
1010824,1
1010838,1
1010841,1
1010843,1
1010857,1
1010874,1
1010877,1
1010888,1
1010895,1
1010900,1
1010913,1
1010918,1
1010933,1
1010935,1
1010964,1
1010968,1
1010972,1
1010988,1
1010990,1
1010993,1
1010996,1
1011009,1
1011015,1
1011025,1
1011029,1
1011031,1
1011033,1
1011043,1
1011047,1
1011050,1
1011065,1
1011082,1
1011086,1
1011100,1
1011105,1
1011124,1
1011141,1
1011154,1
1011159,1
1011170,1
1011181,1
1011196,1
1011199,1
1011214,1
1011218,1
1011220,1
1011235,1
1011238,1
1011255,1
1011272,1
1011294,1
1011312,1
1011328,1
1011351,1
1011354,1
1011371,1
1011389,2
1011408,1
1011410,1
1011427,1
1011445,1
1011465,1
1011467,1
1011486,1
1011491,1
1011503,1
1011507,1
1011522,1
1011524,1
1011541,1
1011546,1
1011563,1
1011577,1
1011580,1
1011585,1
1011598,1
1011602,1
1011617,1
1011620,1
1011655,1
1011673,1
1011683,1
1011694,1
1011711,1
1011728,1
1011731,1
1011733,1
1011737,1
1011751,1
1011754,1
1011767,1
1011770,1
1011787,1
1011789,1
1011793,1
1011805,1
1011810,2
1011813,1
1011826,1
1011828,1
1011830,1
1011832,1
1011843,1
1011863,1
1011879,1
1011882,1
1011888,1
1011903,1
1011905,1
1011920,1
1011922,1
1011925,1
1011957,1
1011977,1
1011995,1
1011997,1
1011999,1
1012026,1
1012033,1
1012037,1
1012039,1
1012054,1
1012058,1
1012071,1
1012074,1
1012085,1
1012090,1
1012096,1
1012098,1
1012112,1
1012114,1
1012130,1
1012133,1
1012149,1
1012167,1
1012170,1
1012181,1
1012188,1
1012190,1
1012206,1
1012225,1
1012247,1
1012263,1
1012267,1
1012279,1
1012284,2
1012301,1
1012304,1
1012306,1
1012319,1
1012322,1
1012357,1
1012359,1
1012361,1
1012363,1
1012379,1
1012389,1
1012396,1
1012401,1
1012433,1
1012435,1
1012453,1
1012471,1
1012474,1
1012491,1
1012509,1
1012512,1
1012529,1
1012551,1
1012567,1
1012569,1
1012586,1
1012605,1
1012609,1
1012624,1
1012664,1
1012679,1
1012682,1
1012684,1
1012700,1
1012703,1
1012722,1
1012738,1
1012752,1
1012758,1
1012762,1
1012776,1
1012791,1
1012796,1
1012799,1
1012815,1
1012870,1
1012875,1
1012890,1
1012892,1
1012909,1
1012925,1
1012928,1
1012931,1
1012947,1
1012953,1
1012963,1
1012967,1
1012985,1
1012988,1
1013004,1
1013022,1
1013040,1
1013060,1
1013079,1
1013082,1
1013099,1
1013101,1
1013117,1
1013119,1
1013136,1
1013155,1
1013174,1
1013177,1
1013193,1
1013212,1
1013217,1
1013232,1
1013235,1
1013288,1
1013291,1
1013308,1
1013310,1
1013327,1
1013332,1
1013334,1
1013347,1
1013365,1
1013383,1
1013386,1
1013403,1
1013406,1
1013422,1
1013425,1
1013481,1
1013501,1
1013535,1
1013539,1
1013558,1
1013573,1
1013575,1
1013611,1
1013614,1
1013632,1
1013649,1
1013668,1
1013687,1
1013689,1
1013691,1
1013708,1
1013725,1
1013728,1
1013745,1
1013747,1
1013764,1
1013766,1
1013783,1
1013799,1
1013802,1
1013805,1
1013821,1
1013840,1
1013844,1
1013859,1
1013865,1
1013877,1
1013879,1
1013882,1
1013897,1
1013899,1
1013916,1
1013920,1
1013933,1
1013936,1
1013939,1
1013950,1
1013955,1
1013957,1
1013973,1
1013991,1
1013994,1
1013996,1
1014009,1
1014013,1
1014028,1
1014030,1
1014033,1
1014037,1
1014050,1
1014065,1
1014068,1
1014073,2
1014088,1
1014106,1
1014124,1
1014143,1
1014145,1
1014147,1
1014163,1
1014181,1
1014187,1
1014201,1
1014204,1
1014220,1
1014222,1
1014239,1
1014242,1
1014258,1
1014262,1
1014264,1
1014278,1
1014282,1
1014296,1
1014314,1
1014317,1
1014334,1
1014353,1
1014356,1
1014390,1
1014392,1
1014395,1
1014397,1
1014412,1
1014429,2
1014438,1
1014451,1
1014467,1
1014469,1
1014472,1
1014490,1
1014504,1
1014506,1
1014524,1
1014542,1
1014545,1
1014562,1
1014564,1
1014581,1
1014595,1
1014598,1
1014602,1
1014604,1
1014608,1
1014624,1
1014639,2
1014641,1
1014658,1
1014676,1
1014680,1
1014694,1
1014696,1
1014714,1
1014731,1
1014735,1
1014742,1
1014752,1
1014756,1
1014773,1
1014790,1
1014795,1
1014812,1
1014828,1
1014830,1
1014883,1
1014886,1
1014888,1
1014904,1
1014906,1
1014915,1
1014927,1
1014942,1
1014950,1
1014959,1
1014962,1
1014965,1
1014981,1
1014999,1
1015020,1
1015023,1
1015025,1
1015040,1
1015042,1
1015055,1
1015057,1
1015060,1
1015075,1
1015077,1
1015081,1
1015095,1
1015110,1
1015112,1
1015117,1
1015129,1
1015134,1
1015149,1
1015151,1
1015154,1
1015170,1
1015172,1
1015176,1
1015189,1
1015191,1
1015193,1
1015208,1
1015211,1
1015217,1
1015228,1
1015245,1
1015266,1
1015283,1
1015303,1
1015305,1
1015309,1
1015323,1
1015340,1
1015343,1
1015361,1
1015378,1
1015381,1
1015386,1
1015399,1
1015401,1
1015405,1
1015417,1
1015419,1
1015421,1
1015423,1
1015436,1
1015438,1
1015440,1
1015458,1
1015460,1
1015475,1
1015496,1
1015512,1
1015515,1
1015519,1
1015532,1
1015538,1
1015550,1
1015553,1
1015555,1
1015570,1
1015577,1
1015588,1
1015590,1
1015593,1
1015595,1
1015607,1
1015609,1
1015613,2
1015627,1
1015641,1
1015646,1
1015648,1
1015662,1
1015665,1
1015669,1
1015683,1
1015706,1
1015721,1
1015723,1
1015740,1
1015744,1
1015760,2
1015762,1
1015767,1
1015778,1
1015780,1
1015782,1
1015797,1
1015799,1
1015833,1
1015835,1
1015837,1
1015855,1
1015872,1
1015874,1
1015876,1
1015882,1
1015894,1
1015896,1
1015912,1
1015916,1
1015930,1
1015932,1
1015937,1
1015951,1
1015956,1
1015968,1
1015971,1
1015973,1
1015979,1
1015989,1
1015991,1
1016004,1
1016007,1
1016013,1
1016025,1
1016027,1
1016029,1
1016045,1
1016061,1
1016063,1
1016067,1
1016071,1
1016083,1
1016087,1
1016101,1
1016106,1
1016138,1
1016141,1
1016146,1
1016159,1
1016176,1
1016178,1
1016181,1
1016185,1
1016198,1
1016201,1
1016213,1
1016228,1
1016233,1
1016235,1
1016265,1
1016272,1
1016275,1
1016284,1
1016290,1
1016293,1
1016298,1
1016309,1
1016315,1
1016329,1
1016332,1
1016346,1
1016349,1
1016356,1
1016368,1
1016371,1
1016384,1
1016387,1
1016421,1
1016426,1
1016428,1
1016454,1
1016462,1
1016468,1
1016478,1
1016482,1
1016485,1
1016487,1
1016501,1
1016512,1
1016520,1
1016530,1
1016534,1
1016539,1
1016552,1
1016557,1
1016560,1
1016576,1
1016594,1
1016597,1
1016599,1
1016601,1
1016616,1
1016632,1
1016638,1
1016652,1
1016654,1
1016657,1
1016673,1
1016691,1
1016695,1
1016709,1
1016712,1
1016729,1
1016746,1
1016767,1
1016771,1
1016786,1
1016791,1
1016804,1
1016809,1
1016817,1
1016822,1
1016825,1
1016831,1
1016842,1
1016860,1
1016863,1
1016865,1
1016881,1
1016883,1
1016898,1
1016900,1
1016917,1
1016921,1
1016937,1
1016943,1
1016956,1
1016972,1
1016980,1
1016994,1
1016998,1
1017010,1
1017014,1
1017026,1
1017032,1
1017035,1
1017037,1
1017040,1
1017052,1
1017056,1
1017070,1
1017083,1
1017094,1
1017108,1
1017111,1
1017128,2
1017130,1
1017137,1
1017149,1
1017153,1
1017166,2
1017184,1
1017190,1
1017203,1
1017228,2
1017242,1
1017245,1
1017248,1
1017264,1
1017277,1
1017297,1
1017300,1
1017303,1
1017317,1
1017319,1
1017336,1
1017339,1
1017342,1
1017356,1
1017373,1
1017377,1
1017380,1
1017394,1
1017396,1
1017407,1
1017413,1
1017429,1
1017431,1
1017436,1
1017451,1
1017453,1
1017455,1
1017470,1
1017487,1
1017493,1
1017506,1
1017512,1
1017526,1
1017528,1
1017530,1
1017546,1
1017563,1
1017566,1
1017583,1
1017601,1
1017621,1
1017642,1
1017645,1
1017647,1
1017661,1
1017676,1
1017678,1
1017681,1
1017683,1
1017698,1
1017714,1
1017716,1
1017719,1
1017722,1
1017737,1
1017753,1
1017755,1
1017758,1
1017805,1
1017810,1
1017813,1
1017816,1
1017818,1
1017832,1
1017847,1
1017849,1
1017866,1
1017885,1
1017888,1
1017890,1
1017892,1
1017894,1
1017906,1
1017909,1
1017912,1
1017924,1
1017926,1
1017929,1
1017943,1
1017946,1
1017948,1
1017951,1
1017965,1
1017981,1
1017983,1
1017990,1
1018003,1
1018021,1
1018024,1
1018026,1
1018039,1
1018041,1
1018043,1
1018054,1
1018059,1
1018062,1
1018065,1
1018079,1
1018082,1
1018100,1
1018115,1
1018133,1
1018135,1
1018154,1
1018164,1
1018171,1
1018173,1
1018178,1
1018192,1
1018196,2
1018211,1
1018213,1
1018215,1
1018231,1
1018246,1
1018248,1
1018253,1
1018255,1
1018265,1
1018270,1
1018272,1
1018274,1
1018279,1
1018289,1
1018305,1
1018309,1
1018312,1
1018318,1
1018326,1
1018329,1
1018343,1
1018347,1
1018362,1
1018364,1
1018366,1
1018382,1
1018387,2
1018400,1
1018404,1
1018406,1
1018408,1
1018422,1
1018435,1
1018443,1
1018454,1
1018459,1
1018476,1
1018480,1
1018495,1
1018498,1
1018507,1
1018532,1
1018537,1
1018553,1
1018556,1
1018560,1
1018573,1
1018575,1
1018589,1
1018592,2
1018594,1
1018597,1
1018604,1
1018612,1
1018627,1
1018630,1
1018633,1
1018648,1
1018665,1
1018669,1
1018672,1
1018685,1
1018688,1
1018704,1
1018710,1
1018721,1
1018724,1
1018735,1
1018740,1
1018743,1
1018747,2
1018750,1
1018752,1
1018761,1
1018776,1
1018782,2
1018800,1
1018805,1
1018819,1
1018822,1
1018836,1
1018839,1
1018841,1
1018856,1
1018858,1
1018860,1
1018862,1
1018880,1
1018890,1
1018895,1
1018898,1
1018912,1
1018915,1
1018919,1
1018932,1
1018935,1
1018937,1
1018941,1
1018953,1
1018969,1
1018989,1
1019008,1
1019013,1
1019027,1
1019042,1
1019046,1
1019048,1
1019051,1
1019063,1
1019067,1
1019069,1
1019078,1
1019086,1
1019102,1
1019122,1
1019139,1
1019142,1
1019144,1
1019146,1
1019148,1
1019163,1
1019180,2
1019195,1
1019200,1
1019217,1
1019235,1
1019237,1
1019239,1
1019242,1
1019244,1
1019257,1
1019260,1
1019274,1
1019276,1
1019278,1
1019294,1
1019310,1
1019312,1
1019317,1
1019332,1
1019346,1
1019350,1
1019352,1
1019354,1
1019371,1
1019388,1
1019426,1
1019428,1
1019445,1
1019450,1
1019452,1
1019463,1
1019483,1
1019517,1
1019522,1
1019524,1
1019540,1
1019542,1
1019545,1
1019556,1
1019560,1
1019562,1
1019579,1
1019584,1
1019597,1
1019599,1
1019602,1
1019615,1
1019619,2
1019649,1
1019661,1
1019672,1
1019675,1
1019693,1
1019699,1
1019710,1
1019713,1
1019717,1
1019731,1
1019748,1
1019750,1
1019754,1
1019769,1
1019772,1
1019785,1
1019806,1
1019808,1
1019817,1
1019827,1
1019842,1
1019845,1
1019859,1
1019861,1
1019865,1
1019901,1
1019918,1
1019923,1
1019935,1
1019941,1
1019958,1
1019977,1
1019997,1
1020014,1
1020016,1
1020034,1
1020037,1
1020054,1
1020059,1
1020074,1
1020092,1
1020108,1
1020111,1
1020114,1
1020130,1
1020137,1
1020148,1
1020150,1
1020153,1
1020168,1
1020180,1
1020186,1
1020188,1
1020191,1
1020206,1
1020223,1
1020225,1
1020228,1
1020245,2
1020262,1
1020264,1
1020279,1
1020282,1
1020298,1
1020300,1
1020306,1
1020316,1
1020320,1
1020322,1
1020325,1
1020339,1
1020343,1
1020359,2
1020399,1
1020409,1
1020415,1
1020417,1
1020419,1
1020435,2
1020439,1
1020453,1
1020456,2
1020458,1
1020466,1
1020474,1
1020486,1
1020491,1
1020495,1
1020505,1
1020514,1
1020524,1
1020526,1
1020530,1
1020532,1
1020534,1
1020547,1
1020550,2
1020567,1
1020570,1
1020588,2
1020590,1
1020606,1
1020610,1
1020625,2
1020643,1
1020646,1
1020664,2
1020680,1
1020682,1
1020684,1
1020694,1
1020702,2
1020718,1
1020720,1
1020723,1
1020739,2
1020741,1
1020755,1
1020759,1
1020775,1
1020793,1
1020795,1
1020798,1
1020814,1
1020817,1
1020832,1
1020834,1
1020851,1
1020869,1
1020871,1
1020875,1
1020890,1
1020910,1
1020920,1
1020929,1
1020935,1
1020937,1
1020947,1
1020949,1
1020951,1
1020962,1
1020967,1
1020983,1
1020985,1
1020987,1
1021004,1
1021021,1
1021023,1
1021041,1
1021045,1
1021060,1
1021062,1
1021079,1
1021099,1
1021102,1
1021118,1
1021137,1
1021141,1
1021158,2
1021172,1
1021177,1
1021209,1
1021214,1
1021217,1
1021231,1
1021234,2
1021236,1
1021239,1
1021269,1
1021288,1
1021306,1
1021308,1
1021311,1
1021326,1
1021328,1
1021330,1
1021364,1
1021382,1
1021384,1
1021397,1
1021403,1
1021420,1
1021422,1
1021440,1
1021458,1
1021460,1
1021478,1
1021496,1
1021498,1
1021501,1
1021535,1
1021557,1
1021574,1
1021581,1
1021591,1
1021594,1
1021610,1
1021612,1
1021615,1
1021626,1
1021629,1
1021632,1
1021635,2
1021637,1
1021648,1
1021651,1
1021654,2
1021669,1
1021675,1
1021684,1
1021689,1
1021704,1
1021725,1
1021731,1
1021748,1
1021764,1
1021782,1
1021787,1
1021795,1
1021803,1
1021818,1
1021821,1
1021843,1
1021859,1
1021877,1
1021896,1
1021900,1
1021915,1
1021918,2
1021923,1
1021939,1
1021941,1
1021955,1
1021972,1
1021978,1
1021992,1
1021996,1
1022008,1
1022012,1
1022015,1
1022030,1
1022032,1
1022035,1
1022050,1
1022058,1
1022067,1
1022070,2
1022087,1
1022090,1
1022107,1
1022110,1
1022119,1
1022127,2
1022133,1
1022145,1
1022163,1
1022180,1
1022183,1
1022199,1
1022202,1
1022204,1
1022219,1
1022221,1
1022224,1
1022239,1
1022243,1
1022258,1
1022276,1
1022295,1
1022314,1
1022348,1
1022353,1
1022371,1
1022390,1
1022409,1
1022427,1
1022430,1
1022448,1
1022464,1
1022467,1
1022478,1
1022486,1
1022488,1
1022505,1
1022521,1
1022524,1
1022542,1
1022561,1
1022574,1
1022581,1
1022599,1
1022618,1
1022638,2
1022640,1
1022658,1
1022674,1
1022676,1
1022694,1
1022713,1
1022718,1
1022733,1
1022748,1
1022752,1
1022755,1
1022772,2
1022790,1
1022806,1
1022809,1
1022831,1
1022847,1
1022850,1
1022866,1
1022883,1
1022886,2
1022904,1
1022923,1
1022927,1
1022942,1
1022959,1
1022962,1
1022964,1
1022966,1
1022981,1
1022997,1
1022999,1
1023002,1
1023015,1
1023019,1
1023021,1
1023036,1
1023039,2
1023055,1
1023057,1
1023063,1
1023073,1
1023076,1
1023091,1
1023093,1
1023096,1
1023099,1
1023112,1
1023114,1
1023127,1
1023133,1
1023139,1
1023152,1
1023170,1
1023185,1
1023190,2
1023208,1
1023210,1
1023226,1
1023230,2
1023243,1
1023247,1
1023265,1
1023280,1
1023284,1
1023300,1
1023303,1
1023318,1
1023322,1
1023325,1
1023339,1
1023342,1
1023359,1
1023378,1
1023382,1
1023398,1
1023415,1
1023417,1
1023420,1
1023437,1
1023452,1
1023455,1
1023465,1
1023474,1
1023491,1
1023493,1
1023511,1
1023530,1
1023549,1
1023555,1
1023566,1
1023570,1
1023587,1
1023589,1
1023592,1
1023608,1
1023624,1
1023626,1
1023630,1
1023641,1
1023646,1
1023663,1
1023685,1
1023695,1
1023703,1
1023707,1
1023719,1
1023722,1
1023735,1
1023737,1
1023741,1
1023747,1
1023759,1
1023777,1
1023795,1
1023797,1
1023800,1
1023816,2
1023819,2
1023837,1
1023853,1
1023859,1
1023866,1
1023874,1
1023877,1
1023892,1
1023908,1
1023911,1
1023946,1
1023949,1
1023984,1
1023987,1
1024005,1
1024011,1
1024023,1
1024027,2
1024044,1
1024056,1
1024081,1
1024087,1
1024100,1
1024102,1
1024119,1
1024121,1
1024139,1
1024157,1
1024169,1
1024177,1
1024180,1
1024194,1
1024197,1
1024214,1
1024220,1
1024232,1
1024247,1
1024255,1
1024272,1
1024274,1
1024282,1
1024292,1
1024308,1
1024310,1
1024325,1
1024329,1
1024332,1
1024345,1
1024349,1
1024366,1
1024383,1
1024386,1
1024404,1
1024421,1
1024424,1
1024426,1
1024443,1
1024461,1
1024463,1
1024467,1
1024479,1
1024484,2
1024498,1
1024501,1
1024506,1
1024555,1
1024557,1
1024576,2
1024595,1
1024613,1
1024632,1
1024651,1
1024658,1
1024671,1
1024689,1
1024706,1
1024709,1
1024727,1
1024743,1
1024747,1
1024766,1
1024784,1
1024787,1
1024804,1
1024821,1
1024823,1
1024841,1
1024848,1
1024860,1
1024863,2
1024878,1
1024881,1
1024896,1
1024899,1
1024935,1
1024937,1
1024952,1
1024956,1
1024972,1
1024975,1
1024993,1
1024998,1
1025014,1
1025029,1
1025032,1
1025050,1
1025066,1
1025070,1
1025088,1
1025107,1
1025124,1
1025127,1
1025145,1
1025164,1
1025181,1
1025184,1
1025202,1
1025205,1
1025222,1
1025240,1
1025257,1
1025260,1
1025264,1
1025276,1
1025280,1
1025314,1
1025317,1
1025320,1
1025338,1
1025355,1
1025357,1
1025374,1
1025383,1
1025393,1
1025409,1
1025412,1
1025431,2
1025450,1
1025468,1
1025470,1
1025488,1
1025505,1
1025508,2
1025544,1
1025564,2
1025583,1
1025596,1
1025602,1
1025608,1
1025614,1
1025622,1
1025638,1
1025640,1
1025659,2
1025696,1
1025715,1
1025721,1
1025735,1
1025751,1
1025754,1
1025772,1
1025791,1
1025805,1
1025811,1
1025829,1
1025836,1
1025849,1
1025867,1
1025886,1
1025899,1
1025906,1
1025922,1
1025943,1
1025947,1
1025994,1
1025999,1
1026004,2
1026020,1
1026035,1
1026037,1
1026040,1
1026054,1
1026058,1
1026071,1
1026076,1
1026078,1
1026093,1
1026096,1
1026113,1
1026115,1
1026131,1
1026134,1
1026149,1
1026152,1
1026154,1
1026171,1
1026189,1
1026191,1
1026195,1
1026247,1
1026251,1
1026263,1
1026267,1
1026270,1
1026272,1
1026286,1
1026302,1
1026304,1
1026306,1
1026310,1
1026324,1
1026362,2
1026373,1
1026399,1
1026418,1
1026451,1
1026458,2
1026466,1
1026477,1
1026493,1
1026495,1
1026508,1
1026514,1
1026531,1
1026533,1
1026546,1
1026570,1
1026586,1
1026590,1
1026598,1
1026607,1
1026610,1
1026627,1
1026662,1
1026666,1
1026684,1
1026696,1
1026704,1
1026721,1
1026724,2
1026742,1
1026781,1
1026810,1
1026814,1
1026819,1
1026835,1
1026840,2
1026842,1
1026846,1
1026855,1
1026859,1
1026872,1
1026875,1
1026882,1
1026890,1
1026895,1
1026909,1
1026913,1
1026932,1
1026950,1
1026967,1
1026985,1
1026989,1
1027008,1
1027026,1
1027036,1
1027044,1
1027047,1
1027064,1
1027096,1
1027104,2
1027117,1
1027123,1
1027130,1
1027141,1
1027160,1
1027177,1
1027179,1
1027197,1
1027214,1
1027228,1
1027235,1
1027252,1
1027273,1
1027293,1
1027311,1
1027331,1
1027349,1
1027387,1
1027403,1
1027407,1
1027422,1
1027426,1
1027441,1
1027445,1
1027449,1
1027462,1
1027465,1
1027480,1
1027489,1
1027494,1
1027503,1
1027520,1
1027522,1
1027533,1
1027540,1
1027542,1
1027558,1
1027595,1
1027597,1
1027615,1
1027632,1
1027635,1
1027651,1
1027654,1
1027668,1
1027673,1
1027683,1
1027690,1
1027693,1
1027710,1
1027725,1
1027728,1
1027731,1
1027733,1
1027745,1
1027755,1
1027768,1
1027774,1
1027786,1
1027788,1
1027803,1
1027805,1
1027807,1
1027821,1
1027825,1
1027840,1
1027842,1
1027845,1
1027847,1
1027858,1
1027860,1
1027864,1
1027867,2
1027876,1
1027878,1
1027882,1
1027886,2
1027896,1
1027901,1
1027903,1
1027912,1
1027917,1
1027921,1
1027938,1
1027957,1
1027975,1
1027977,1
1027994,1
1028010,1
1028016,1
1028018,1
1028034,1
1028048,1
1028053,1
1028070,1
1028072,1
1028088,1
1028091,1
1028108,1
1028110,1
1028112,1
1028130,1
1028145,1
1028147,1
1028149,1
1028168,1
1028181,1
1028187,1
1028205,2
1028217,1
1028220,1
1028227,1
1028231,1
1028240,1
1028256,1
1028261,1
1028275,1
1028279,1
1028281,1
1028285,1
1028296,1
1028299,1
1028302,1
1028311,1
1028316,1
1028319,1
1028321,1
1028330,1
1028335,1
1028338,1
1028340,1
1028354,1
1028360,1
1028375,1
1028393,1
1028395,1
1028430,1
1028433,1
1028462,1
1028468,1
1028472,1
1028476,1
1028490,1
1028506,1
1028510,1
1028526,1
1028528,1
1028544,1
1028558,1
1028564,1
1028566,1
1028568,1
1028582,1
1028585,1
1028602,1
1028604,1
1028620,1
1028639,1
1028641,1
1028643,1
1028659,1
1028661,1
1028676,1
1028678,1
1028681,1
1028693,1
1028700,1
1028711,1
1028714,1
1028718,1
1028720,1
1028722,1
1028737,1
1028749,1
1028755,1
1028758,1
1028773,1
1028775,1
1028790,1
1028792,1
1028809,1
1028813,1
1028830,1
1028846,1
1028850,1
1028852,1
1028866,1
1028868,1
1028871,1
1028903,1
1028922,1
1028943,1
1028958,1
1028965,1
1028967,1
1028982,1
1029002,1
1029007,1
1029021,1
1029039,1
1029041,1
1029078,1
1029080,1
1029085,1
1029099,1
1029114,1
1029118,1
1029129,1
1029135,1
1029146,1
1029151,1
1029156,1
1029164,1
1029171,1
1029175,1
1029184,1
1029193,1
1029208,1
1029210,1
1029212,1
1029214,1
1029228,1
1029231,1
1029244,1
1029247,1
1029267,1
1029269,1
1029286,1
1029288,1
1029304,1
1029307,1
1029323,1
1029325,1
1029345,1
1029360,1
1029383,1
1029418,1
1029421,1
1029438,1
1029457,1
1029460,1
1029476,1
1029481,1
1029494,1
1029514,1
1029534,1
1029551,1
1029555,1
1029558,1
1029575,1
1029590,1
1029593,1
1029602,1
1029609,1
1029611,1
1029613,1
1029628,1
1029630,1
1029643,1
1029648,1
1029685,1
1029687,1
1029703,1
1029706,1
1029726,1
1029741,1
1029744,1
1029760,1
1029762,1
1029778,1
1029782,1
1029797,1
1029800,1
1029802,1
1029817,1
1029820,1
1029837,1
1029839,1
1029850,1
1029856,1
1029859,1
1029874,1
1029876,1
1029891,1
1029905,1
1029931,1
1029937,1
1029950,1
1029953,1
1029972,1
1029990,1
1029994,1
1030011,1
1030023,1
1030025,1
1030028,1
1030033,2
1030045,1
1030049,1
1030052,1
1030054,1
1030061,1
1030067,1
1030070,1
1030082,1
1030088,1
1030101,1
1030103,1
1030106,1
1030108,1
1030123,1
1030128,1
1030135,1
1030145,1
1030161,1
1030163,1
1030195,1
1030200,1
1030208,1
1030223,1
1030236,1
1030238,1
1030256,1
1030273,1
1030276,1
1030292,1
1030294,1
1030313,1
1030330,1
1030334,2
1030347,1
1030351,1
1030353,1
1030368,1
1030370,1
1030374,1
1030377,1
1030381,1
1030387,1
1030389,1
1030393,1
1030397,1
1030406,1
1030409,1
1030417,1
1030428,1
1030442,1
1030446,1
1030462,1
1030465,1
1030467,1
1030484,1
1030503,1
1030519,1
1030528,1
1030540,1
1030542,1
1030557,1
1030579,1
1030596,1
1030633,1
1030636,1
1030638,1
1030655,1
1030670,1
1030672,1
1030675,1
1030693,1
1030695,1
1030707,1
1030714,2
1030725,1
1030733,1
1030748,1
1030751,1
1030761,1
1030766,1
1030771,1
1030786,1
1030789,2
1030793,1
1030805,1
1030810,1
1030825,1
1030827,1
1030840,1
1030845,1
1030857,1
1030860,1
1030863,1
1030898,1
1030916,1
1030922,1
1030939,1
1030941,1
1030958,1
1030973,1
1030998,1
1031016,1
1031033,1
1031035,1
1031052,1
1031054,1
1031070,1
1031074,1
1031091,1
1031093,1
1031104,1
1031111,1
1031127,1
1031131,1
1031133,1
1031150,1
1031167,1
1031187,1
1031203,1
1031207,1
1031223,1
1031225,1
1031238,1
1031263,1
1031283,2
1031300,1
1031302,1
1031305,1
1031321,1
1031337,1
1031340,1
1031360,1
1031378,1
1031396,1
1031412,1
1031415,1
1031419,1
1031453,1
1031472,1
1031510,1
1031512,1
1031514,1
1031530,1
1031544,1
1031559,1
1031568,1
1031585,1
1031591,2
1031610,1
1031625,1
1031645,1
1031657,1
1031663,1
1031695,1
1031715,1
1031720,1
1031734,1
1031738,1
1031753,1
1031757,1
1031759,1
1031761,1
1031777,1
1031794,1
1031797,1
1031812,1
1031815,1
1031828,1
1031833,1
1031835,1
1031852,1
1031870,1
1031891,1
1031905,1
1031909,1
1031928,1
1031946,1
1031965,1
1031968,2
1031970,1
1031986,1
1031989,1
1032002,1
1032004,1
1032006,1
1032018,1
1032020,1
1032024,1
1032027,1
1032033,1
1032045,1
1032057,1
1032064,2
1032082,2
1032100,1
1032117,1
1032121,1
1032123,1
1032138,1
1032153,1
1032156,1
1032158,1
1032175,1
1032193,1
1032211,1
1032214,1
1032231,1
1032247,1
1032251,1
1032253,1
1032255,1
1032263,1
1032272,1
1032284,1
1032289,1
1032291,1
1032306,1
1032309,1
1032326,1
1032382,1
1032386,2
1032404,1
1032420,1
1032423,1
1032440,1
1032442,1
1032458,1
1032460,1
1032462,1
1032464,1
1032495,1
1032497,1
1032500,1
1032517,1
1032520,1
1032534,1
1032536,1
1032539,1
1032552,1
1032556,1
1032559,1
1032573,1
1032575,1
1032577,1
1032579,1
1032590,1
1032595,1
1032613,1
1032631,1
1032634,1
1032644,1
1032651,1
1032653,1
1032680,1
1032688,1
1032690,1
1032704,1
1032708,1
1032725,1
1032729,1
1032742,1
1032764,1
1032782,1
1032785,1
1032787,1
1032803,1
1032805,1
1032821,1
1032823,1
1032840,1
1032870,1
1032879,1
1032897,1
1032935,1
1032954,1
1032962,1
1032968,1
1032974,1
1032976,1
1032992,1
1033002,1
1033009,1
1033012,1
1033014,1
1033016,1
1033024,1
1033032,1
1033048,1
1033068,1
1033070,1
1033083,1
1033090,1
1033100,1
1033106,1
1033108,1
1033124,1
1033144,1
1033182,1
1033197,1
1033202,1
1033206,1
1033214,1
1033222,1
1033239,1
1033258,1
1033274,1
1033279,2
1033289,1
1033295,1
1033299,1
1033315,1
1033330,1
1033336,1
1033352,1
1033354,1
1033366,1
1033371,1
1033373,1
1033375,1
1033377,1
1033392,1
1033407,1
1033424,1
1033430,1
1033442,1
1033467,1
1033486,1
1033489,1
1033495,1
1033507,1
1033524,1
1033530,1
1033541,1
1033543,1
1033546,1
1033561,1
1033563,1
1033580,1
1033582,1
1033584,1
1033586,1
1033601,1
1033605,2
1033619,1
1033621,1
1033633,1
1033636,1
1033640,1
1033644,1
1033656,1
1033660,1
1033676,1
1033685,1
1033691,1
1033696,1
1033699,1
1033704,1
1033713,1
1033715,1
1033717,1
1033719,1
1033733,1
1033735,1
1033747,1
1033751,1
1033754,1
1033770,1
1033772,1
1033805,1
1033809,1
1033811,1
1033827,1
1033844,1
1033846,1
1033849,1
1033851,1
1033862,1
1033868,1
1033875,1
1033883,1
1033886,1
1033888,1
1033892,1
1033896,1
1033905,1
1033907,1
1033922,1
1033924,1
1033944,1
1033962,1
1033980,1
1033998,1
1034018,1
1034034,1
1034037,1
1034039,1
1034052,1
1034055,1
1034074,1
1034076,1
1034080,1
1034093,1
1034096,1
1034098,1
1034113,1
1034115,1
1034123,1
1034134,1
1034150,1
1034152,1
1034168,1
1034185,1
1034206,1
1034225,1
1034228,1
1034230,1
1034244,1
1034248,1
1034283,1
1034285,1
1034287,1
1034297,1
1034306,2
1034319,1
1034324,1
1034340,1
1034342,1
1034358,1
1034361,1
1034363,1
1034379,1
1034381,1
1034399,2
1034419,1
1034435,1
1034437,1
1034439,1
1034456,1
1034473,1
1034475,1
1034488,1
1034490,1
1034493,1
1034496,1
1034498,1
1034513,1
1034529,1
1034531,1
1034533,1
1034551,1
1034566,1
1034571,1
1034573,1
1034589,1
1034603,1
1034609,1
1034626,1
1034642,1
1034644,1
1034664,1
1034666,1
1034684,1
1034701,1
1034721,1
1034741,1
1034744,1
1034749,1
1034761,1
1034776,1
1034780,1
1034796,1
1034798,1
1034810,1
1034813,1
1034818,1
1034821,1
1034836,1
1034852,1
1034855,1
1034876,1
1034888,1
1034894,1
1034909,1
1034912,1
1034922,1
1034926,1
1034928,1
1034933,1
1034942,1
1034947,1
1034966,1
1035023,1
1035026,1
1035029,1
1035045,1
1035061,1
1035064,1
1035082,1
1035117,1
1035121,1
1035140,1
1035156,1
1035159,1
1035176,1
1035178,1
1035188,1
1035197,1
1035212,1
1035215,1
1035217,1
1035219,1
1035229,1
1035236,1
1035252,1
1035255,2
1035271,1
1035274,1
1035286,1
1035292,1
1035300,1
1035307,1
1035309,1
1035313,1
1035331,1
1035340,1
1035350,1
1035367,1
1035386,1
1035389,1
1035405,1
1035408,2
1035421,1
1035426,1
1035443,1
1035446,1
1035459,1
1035464,1
1035480,1
1035482,1
1035496,1
1035501,1
1035504,1
1035519,1
1035522,2
1035533,1
1035537,1
1035540,1
1035543,2
1035558,1
1035573,1
1035575,1
1035578,1
1035591,1
1035593,1
1035600,1
1035615,1
1035632,1
1035635,2
1035652,1
1035654,1
1035656,1
1035665,1
1035673,1
1035687,1
1035691,1
1035728,1
1035747,1
1035761,1
1035767,1
1035785,1
1035804,1
1035815,1
1035824,1
1035832,1
1035840,1
1035853,1
1035863,2
1035881,1
1035895,1
1035901,1
1035915,1
1035934,1
1035938,1
1035940,1
1035955,1
1035958,1
1035966,1
1035975,1
1035978,2
1035996,1
1036013,1
1036024,1
1036032,1
1036034,1
1036036,1
1036052,1
1036066,1
1036071,1
1036075,1
1036081,1
1036089,1
1036093,2
1036109,1
1036127,1
1036141,1
1036146,1
1036148,1
1036150,1
1036154,1
1036167,1
1036179,1
1036181,1
1036195,1
1036200,1
1036205,1
1036221,1
1036240,1
1036243,1
1036255,1
1036261,1
1036277,1
1036280,1
1036283,1
1036294,1
1036300,1
1036318,1
1036331,1
1036336,1
1036355,1
1036358,1
1036375,1
1036377,1
1036408,1
1036412,1
1036428,1
1036431,1
1036433,1
1036435,1
1036448,1
1036470,1
1036487,1
1036507,1
1036523,1
1036527,1
1036544,1
1036546,1
1036560,1
1036565,1
1036580,1
1036584,1
1036587,1
1036601,1
1036604,1
1036620,1
1036622,1
1036662,1
1036679,1
1036695,1
1036697,1
1036700,2
1036712,1
1036716,1
1036727,1
1036736,1
1036750,1
1036755,1
1036757,1
1036774,1
1036791,1
1036793,1
1036812,1
1036825,1
1036831,1
1036848,1
1036868,1
1036882,1
1036887,1
1036895,1
1036903,1
1036909,1
1036922,1
1036926,1
1036942,1
1036945,1
1036958,1
1036982,1
1037003,1
1037022,1
1037035,1
1037039,1
1037041,1
1037050,1
1037055,1
1037062,1
1037078,1
1037090,1
1037098,1
1037111,1
1037118,1
1037131,1
1037135,1
1037137,1
1037148,1
1037154,1
1037170,1
1037173,1
1037175,1
1037186,1
1037189,1
1037193,1
1037195,1
1037210,1
1037219,1
1037232,1
1037247,1
1037250,1
1037258,1
1037266,1
1037269,1
1037282,1
1037285,1
1037288,1
1037290,1
1037301,1
1037305,1
1037308,1
1037311,1
1037321,1
1037325,1
1037327,1
1037329,1
1037333,1
1037340,1
1037344,1
1037348,2
1037355,1
1037359,1
1037364,1
1037367,1
1037376,1
1037383,1
1037391,1
1037398,1
1037418,1
1037421,1
1037435,1
1037440,1
1037453,1
1037455,1
1037458,1
1037460,1
1037472,1
1037489,1
1037514,1
1037516,1
1037518,1
1037533,1
1037536,1
1037548,1
1037550,1
1037554,1
1037556,1
1037560,1
1037568,1
1037589,1
1037591,1
1037611,1
1037613,1
1037631,1
1037646,1
1037648,1
1037663,1
1037670,1
1037685,1
1037705,1
1037738,1
1037741,1
1037743,1
1037746,1
1037748,1
1037759,1
1037775,1
1037778,1
1037780,1
1037784,1
1037800,1
1037820,1
1037822,1
1037832,1
1037836,1
1037841,1
1037855,1
1037867,1
1037873,1
1037876,1
1037881,1
1037911,1
1037915,1
1037930,1
1037933,1
1037952,1
1037969,1
1037972,1
1037987,1
1037991,1
1038006,1
1038010,1
1038025,1
1038029,1
1038047,1
1038050,1
1038056,1
1038064,1
1038067,1
1038070,1
1038084,1
1038092,1
1038104,1
1038106,1
1038119,1
1038123,1
1038133,1
1038142,1
1038144,1
1038156,1
1038161,1
1038178,1
1038180,1
1038182,1
1038189,1
1038195,1
1038198,1
1038202,1
1038216,1
1038218,1
1038235,1
1038244,1
1038252,1
1038255,1
1038260,1
1038272,1
1038277,1
1038282,1
1038292,1
1038296,1
1038299,1
1038303,1
1038314,1
1038316,1
1038318,1
1038320,1
1038330,1
1038335,1
1038348,1
1038350,1
1038353,1
1038364,1
1038368,1
1038372,1
1038391,1
1038405,1
1038409,1
1038413,1
1038424,1
1038427,1
1038435,1
1038443,1
1038449,1
1038454,1
1038466,1
1038468,1
1038475,1
1038480,1
1038501,1
1038503,1
1038519,1
1038529,1
1038536,1
1038541,1
1038550,1
1038558,1
1038561,1
1038572,1
1038577,1
1038579,1
1038581,1
1038595,1
1038598,1
1038614,1
1038618,1
1038630,1
1038636,1
1038639,1
1038644,1
1038656,1
1038674,1
1038677,1
1038689,1
1038692,1
1038710,1
1038712,1
1038715,1
1038726,1
1038729,1
1038735,1
1038750,1
1038753,1
1038757,1
1038767,1
1038771,1
1038785,1
1038787,1
1038789,1
1038803,1
1038811,1
1038824,1
1038838,1
1038843,1
1038847,1
1038862,1
1038871,1
1038879,1
1038883,1
1038915,1
1038923,1
1038934,1
1038937,1
1038958,1
1038960,1
1038965,1
1038977,1
1038994,1
1038997,1
1039003,1
1039010,1
1039014,1
1039019,1
1039036,1
1039042,1
1039051,1
1039059,1
1039069,1
1039071,1
1039076,1
1039079,1
1039088,1
1039094,1
1039110,1
1039114,1
1039131,1
1039148,1
1039164,1
1039168,1
1039171,1
1039187,1
1039190,1
1039192,1
1039196,1
1039202,1
1039205,1
1039210,1
1039215,1
1039224,1
1039226,1
1039237,1
1039243,1
1039245,1
1039248,1
1039253,1
1039256,1
1039264,1
1039267,1
1039270,1
1039280,1
1039284,1
1039287,1
1039296,1
1039299,1
1039303,1
1039309,1
1039317,1
1039322,1
1039326,1
1039335,1
1039353,1
1039359,1
1039362,1
1039394,1
1039397,1
1039421,1
1039431,1
1039436,1
1039440,1
1039443,1
1039455,1
1039459,1
1039474,1
1039486,1
1039492,1
1039494,1
1039498,1
1039506,1
1039511,1
1039518,1
1039524,1
1039527,1
1039533,1
1039544,1
1039549,1
1039560,1
1039563,1
1039567,1
1039585,1
1039598,1
1039600,1
1039603,1
1039606,1
1039614,1
1039629,1
1039639,1
1039643,1
1039652,1
1039657,1
1039663,1
1039667,1
1039670,1
1039683,1
1039685,1
1039700,1
1039705,1
1039708,1
1039717,1
1039723,1
1039738,1
1039740,1
1039742,1
1039756,1
1039760,1
1039762,1
1039790,1
1039797,1
1039813,1
1039821,1
1039832,1
1039851,1
1039889,1
1039892,1
1039915,1
1039917,1
1039928,1
1039930,1
1039945,1
1039952,1
1039956,1
1039960,1
1039967,1
1039973,1
1039983,1
1039986,1
1039990,1
1039993,1
1040002,1
1040005,1
1040007,1
1040013,1
1040018,1
1040022,1
1040025,1
1040031,1
1040041,1
1040048,1
1040050,1
1040054,1
1040065,1
1040067,1
1040070,1
1040080,1
1040082,1
1040086,1
1040089,1
1040099,2
1040104,1
1040106,1
1040110,1
1040117,1
1040122,1
1040127,1
1040138,1
1040144,1
1040150,1
1040154,1
1040161,1
1040165,1
1040167,1
1040171,1
1040177,1
1040179,1
1040183,1
1040188,1
1040194,1
1040196,1
1040198,1
1040218,1
1040230,1
1040238,1
1040252,1
1040268,1
1040271,1
1040275,1
1040287,1
1040289,1
1040297,1
1040302,1
1040306,1
1040310,1
1040324,1
1040365,1
1040384,1
1040391,1
1040402,1
1040404,1
1040416,1
1040422,1
1040425,1
1040435,1
1040442,1
1040466,1
1040479,1
1040482,1
1040487,1
1040504,1
1040533,1
1040536,1
1040538,1
1040544,1
1040546,1
1040554,1
1040558,1
1040577,1
1040593,1
1040596,1
1040600,1
1040613,1
1040629,1
1040632,1
1040649,1
1040651,1
1040657,1
1040663,1
1040670,1
1040685,1
1040689,1
1040706,1
1040727,1
1040732,1
1040740,1
1040745,1
1040747,1
1040749,1
1040754,1
1040762,1
1040765,1
1040777,1
1040784,1
1040797,1
1040827,1
1040840,1
1040843,1
1040847,1
1040849,1
1040861,1
1040866,1
1040877,1
1040879,1
1040900,1
1040903,1
1040912,1
1040917,1
1040919,1
1040921,1
1040927,1
1040935,1
1040937,1
1040954,1
1040973,1
1040993,1
1041010,1
1041012,1
1041018,1
1041022,1
1041032,1
1041045,1
1041050,1
1041057,1
1041069,1
1041086,1
1041089,1
1041092,1
1041096,1
1041098,1
1041103,1
1041105,1
1041111,1
1041115,1
1041123,1
1041126,1
1041132,1
1041136,1
1041146,1
1041153,1
1041165,1
1041173,1
1041182,1
1041201,1
1041214,1
1041237,1
1041239,1
1041254,1
1041260,1
1041267,1
1041277,1
1041280,1
1041292,1
1041297,1
1041299,1
1041305,1
1041314,1
1041317,1
1041323,1
1041330,1
1041335,1
1041337,1
1041342,1
1041351,1
1041355,1
1041360,1
1041372,1
1041379,1
1041392,1
1041410,1
1041435,1
1041437,1
1041450,1
1041467,1
1041476,1
1041486,1
1041488,1
1041494,1
1041505,1
1041507,1
1041512,1
1041524,1
1041526,1
1041531,1
1041537,1
1041542,1
1041546,1
1041556,1
1041558,1
1041563,1
1041566,1
1041581,1
1041583,1
1041588,1
1041600,1
1041602,1
1041618,1
1041622,2
1041627,1
1041633,1
1041639,1
1041641,1
1041643,1
1041657,1
1041662,1
1041675,1
1041678,1
1041695,1
1041728,1
1041733,1
1041735,1
1041742,1
1041746,1
1041751,1
1041755,1
1041765,1
1041767,1
1041775,1
1041779,1
1041792,1
1041806,1
1041809,1
1041817,1
1041829,1
1041836,1
1041848,1
1041860,1
1041865,1
1041868,1
1041886,1
1041904,1
1041923,1
1041930,1
1041942,1
1041944,1
1041949,1
1041958,1
1041963,1
1041969,1
1041981,1
1042001,2
1042008,1
1042018,1
1042021,1
1042037,1
1042048,1
1042057,1
1042071,1
1042076,1
1042086,1
1042093,1
1042096,1
1042103,1
1042115,1
1042120,1
1042128,1
1042135,2
1042146,1
1042153,1
1042167,1
1042172,1
1042178,1
1042181,1
1042192,1
1042209,1
1042225,1
1042228,1
1042234,1
1042247,1
1042253,1
1042266,1
1042290,1
1042305,1
1042312,1
1042320,1
1042324,1
1042338,1
1042342,1
1042360,1
1042368,1
1042380,1
1042399,2
1042405,1
1042420,2
1042426,1
1042430,1
1042436,1
1042440,1
1042445,1
1042455,1
1042474,1
1042486,1
1042494,1
1042519,1
1042521,1
1042525,1
1042535,1
1042550,1
1042588,1
1042607,1
1042614,1
1042626,1
1042628,1
1042632,1
1042645,1
1042648,2
1042659,1
1042666,1
1042691,1
1042704,1
1042710,1
1042715,1
1042739,1
1042741,1
1042755,1
1042760,1
1042778,1
1042798,1
1042815,1
1042817,1
1042823,1
1042836,1
1042842,1
1042855,1
1042870,1
1042874,1
1042889,1
1042893,1
1042900,1
1042902,1
1042913,1
1042929,1
1042932,1
1042943,1
1042950,1
1042968,1
1042970,1
1042983,2
1042989,1
1043004,1
1043008,1
1043015,1
1043027,2
1043040,1
1043045,1
1043049,1
1043063,1
1043071,1
1043083,1
1043120,1
1043127,1
1043129,1
1043140,1
1043143,2
1043155,1
1043166,1
1043178,1
1043186,1
1043192,1
1043198,1
1043205,1
1043216,1
1043224,1
1043233,1
1043236,1
1043248,1
1043254,1
1043259,1
1043263,1
1043269,1
1043272,1
1043276,1
1043288,1
1043292,1
1043299,1
1043328,1
1043330,1
1043341,1
1043348,1
1043351,1
1043353,1
1043368,1
1043375,1
1043384,1
1043388,1
1043390,1
1043393,1
1043407,1
1043423,1
1043425,1
1043437,1
1043443,1
1043445,1
1043448,1
1043452,1
1043454,1
1043456,1
1043466,1
1043482,1
1043484,1
1043489,1
1043518,1
1043520,1
1043540,1
1043556,1
1043558,1
1043561,1
1043565,1
1043578,1
1043597,1
1043614,1
1043630,1
1043639,1
1043645,1
1043651,1
1043655,1
1043687,1
1043691,1
1043710,2
1043713,1
1043715,1
1043729,1
1043732,1
1043747,1
1043765,1
1043803,1
1043841,1
1043843,1
1043846,1
1043864,1
1043879,1
1043914,1
1043916,1
1043920,1
1043928,1
1043938,1
1043956,1
1043975,1
1043979,1
1043994,1
1043996,1
1044016,1
1044030,1
1044034,1
1044047,1
1044052,1
1044060,1
1044070,1
1044072,1
1044075,1
1044091,1
1044096,1
1044103,1
1044105,1
1044122,1
1044126,1
1044129,1
1044147,1
1044162,1
1044166,1
1044203,1
1044215,1
1044218,1
1044224,1
1044238,1
1044259,1
1044261,1
1044276,1
1044280,1
1044299,1
1044301,1
1044314,1
1044316,1
1044329,1
1044333,1
1044336,1
1044338,1
1044340,1
1044352,1
1044371,1
1044391,1
1044394,1
1044411,1
1044413,1
1044416,1
1044428,1
1044430,1
1044450,1
1044469,1
1044487,1
1044489,1
1044507,1
1044524,1
1044527,1
1044545,1
1044563,1
1044565,1
1044568,1
1044585,2
1044604,1
1044621,1
1044640,1
1044660,1
1044677,1
1044679,1
1044685,1
1044698,1
1044714,1
1044716,1
1044719,1
1044721,1
1044731,1
1044735,1
1044738,1
1044750,1
1044752,1
1044771,1
1044774,1
1044792,1
1044811,1
1044845,1
1044848,1
1044851,1
1044868,1
1044878,1
1044882,1
1044890,1
1044906,1
1044908,1
1044910,1
1044920,1
1044927,1
1044934,1
1044945,1
1044951,1
1044964,1
1044967,1
1044996,1
1045002,1
1045004,1
1045021,1
1045039,1
1045062,1
1045078,1
1045096,1
1045101,1
1045115,1
1045117,1
1045134,1
1045145,1
1045151,1
1045155,1
1045159,1
1045168,1
1045174,1
1045188,1
1045192,1
1045211,1
1045215,1
1045231,1
1045245,1
1045248,1
1045251,2
1045264,1
1045269,1
1045272,1
1045277,1
1045288,1
1045303,1
1045306,1
1045324,1
1045326,1
1045328,1
1045344,1
1045347,1
1045356,1
1045363,1
1045366,2
1045369,1
1045382,1
1045384,1
1045398,1
1045401,1
1045415,1
1045419,1
1045424,1
1045439,1
1045455,1
1045458,1
1045491,1
1045501,1
1045510,1
1045514,1
1045516,1
1045518,1
1045532,1
1045534,1
1045537,1
1045544,1
1045555,1
1045568,1
1045572,1
1045574,1
1045587,1
1045589,1
1045591,1
1045593,1
1045595,1
1045606,1
1045610,1
1045628,1
1045655,1
1045667,1
1045685,1
1045702,1
1045719,1
1045724,1
1045743,1
1045757,1
1045762,1
1045767,1
1045790,1
1045800,1
1045818,1
1045831,1
1045834,1
1045853,1
1045857,1
1045859,1
1045873,1
1045878,1
1045889,1
1045896,1
1045910,1
1045915,1
1045929,1
1045952,1
1045970,1
1045993,1
1046009,1
1046011,1
1046025,1
1046029,1
1046043,1
1046047,1
1046065,1
1046068,1
1046072,1
1046086,1
1046099,1
1046104,1
1046107,1
1046126,1
1046140,1
1046143,1
1046146,1
1046181,1
1046184,1
1046187,1
1046201,1
1046205,1
1046218,1
1046224,1
1046236,1
1046238,1
1046274,1
1046293,1
1046298,1
1046313,1
1046328,1
1046332,1
1046334,1
1046348,1
1046352,1
1046365,1
1046370,1
1046374,1
1046389,1
1046402,1
1046408,1
1046464,1
1046478,1
1046486,1
1046503,1
1046520,1
1046522,1
1046536,1
1046542,1
1046545,1
1046561,1
1046593,1
1046596,1
1046599,1
1046616,1
1046630,1
1046635,1
1046637,1
1046653,1
1046658,1
1046669,1
1046671,1
1046678,2
1046691,1
1046695,1
1046705,1
1046710,1
1046713,1
1046715,1
1046718,1
1046744,1
1046750,1
1046752,1
1046754,1
1046759,1
1046769,1
1046774,2
1046789,1
1046795,1
1046805,1
1046808,1
1046811,1
1046821,1
1046829,2
1046846,1
1046860,1
1046865,1
1046883,1
1046886,1
1046897,1
1046904,2
1046921,1
1046928,1
1046940,1
1046993,1
1046998,1
1047014,1
1047017,1
1047034,1
1047047,1
1047074,1
1047079,1
1047093,1
1047109,1
1047116,1
1047121,1
1047128,1
1047136,1
1047150,1
1047164,1
1047174,1
1047189,1
1047207,1
1047223,1
1047227,1
1047244,1
1047264,1
1047266,1
1047301,1
1047316,1
1047320,1
1047322,1
1047324,1
1047340,1
1047355,1
1047357,1
1047360,1
1047374,1
1047392,1
1047395,1
1047398,1
1047400,1
1047413,1
1047417,1
1047432,1
1047435,1
1047450,1
1047453,1
1047473,1
1047476,1
1047489,1
1047493,1
1047499,1
1047510,1
1047512,1
1047514,1
1047527,1
1047548,1
1047564,1
1047569,1
1047589,1
1047594,1
1047602,1
1047605,1
1047607,1
1047609,1
1047623,1
1047625,1
1047628,1
1047632,1
1047644,1
1047646,1
1047661,1
1047663,1
1047678,1
1047681,1
1047698,1
1047701,1
1047714,1
1047720,1
1047725,1
1047735,1
1047740,1
1047754,1
1047760,2
1047771,1
1047778,1
1047815,1
1047833,1
1047848,1
1047853,1
1047855,1
1047857,1
1047868,1
1047873,1
1047886,1
1047889,1
1047892,1
1047902,1
1047910,1
1047933,1
1047952,1
1047967,1
1047986,1
1047989,1
1048004,1
1048006,1
1048022,1
1048024,1
1048032,1
1048080,1
1048086,1
1048096,1
1048101,1
1048104,1
1048116,1
1048120,1
1048133,1
1048138,1
1048157,1
1048159,1
1048163,1
1048173,1
1048178,1
1048195,1
1048209,1
1048214,1
1048233,1
1048251,1
1048268,1
1048271,1
1048289,1
1048308,1
1048327,1
1048344,1
1048347,1
1048361,1
1048366,1
1048369,1
1048380,1
1048383,1
1048387,1
1048393,1
1048402,1
1048405,1
1048413,1
1048419,1
1048423,1
1048436,1
1048443,1
1048462,1
1048479,1
1048496,1
1048499,1
1048501,1
1048514,1
1048520,1
1048535,1
1048537,1
1048550,1
1048556,1
1048569,1
1048571,1
1048575,1
1048577,1
1048588,1
1048595,1
1048614,1
1048633,2
1048635,1
1048669,1
1048675,1
1048687,1
1048693,1
1048709,1
1048723,1
1048746,1
1048760,1
1048800,1
1048803,1
1048805,1
1048818,1
1048822,1
1048824,1
1048841,2
1048863,1
1048867,1
1048877,1
1048880,1
1048883,2
1048888,1
1048893,1
1048901,1
1048916,1
1048931,1
1048954,1
1048971,1
1048974,1
1048988,1
1048992,1
1048994,1
1048996,1
1049013,1
1049026,1
1049030,1
1049032,1
1049048,1
1049050,1
1049062,1
1049070,1
1049073,1
1049086,1
1049099,1
1049106,1
1049108,1
1049114,1
1049122,1
1049127,1
1049159,1
1049164,1
1049180,1
1049198,1
1049216,1
1049219,1
1049222,1
1049225,1
1049235,1
1049237,1
1049242,1
1049254,1
1049258,1
1049273,1
1049278,1
1049287,1
1049296,1
1049298,1
1049301,1
1049316,1
1049331,1
1049333,1
1049336,1
1049349,1
1049354,1
1049371,1
1049373,1
1049383,1
1049388,1
1049393,1
1049409,1
1049411,1
1049428,1
1049430,1
1049432,1
1049448,1
1049450,1
1049462,1
1049466,1
1049468,1
1049470,1
1049481,1
1049485,1
1049487,1
1049489,1
1049500,1
1049506,1
1049523,1
1049525,1
1049538,1
1049542,1
1049545,1
1049547,1
1049562,1
1049564,1
1049575,1
1049578,1
1049583,1
1049597,1
1049600,1
1049612,1
1049615,1
1049621,1
1049624,1
1049634,1
1049640,1
1049654,1
1049657,1
1049676,1
1049694,1
1049696,1
1049714,1
1049727,1
1049733,1
1049753,1
1049764,1
1049771,1
1049773,1
1049788,1
1049791,1
1049807,1
1049809,1
1049813,1
1049824,1
1049830,1
1049848,2
1049866,1
1049868,1
1049870,1
1049886,1
1049915,1
1049923,1
1049925,1
1049929,1
1049932,1
1049940,1
1049945,1
1049948,1
1049954,1
1049962,1
1049964,1
1049973,1
1049981,1
1049997,1
1049999,1
1050002,1
1050019,1
1050033,1
1050053,1
1050058,1
1050070,1
1050075,1
1050089,1
1050093,1
1050096,1
1050099,1
1050107,1
1050109,1
1050115,1
1050117,1
1050124,1
1050128,1
1050132,1
1050136,2
1050151,1
1050154,1
1050163,1
1050167,1
1050172,1
1050188,1
1050208,1
1050221,1
1050244,1
1050259,1
1050261,1
1050267,1
1050286,1
1050289,1
1050296,1
1050304,1
1050306,1
1050317,1
1050320,1
1050324,1
1050341,1
1050344,1
1050353,1
1050357,1
1050362,1
1050379,1
1050393,1
1050395,1
1050400,1
1050418,1
1050438,1
1050449,1
1050455,1
1050492,1
1050494,1
1050496,1
1050503,1
1050514,1
1050525,1
1050529,1
1050532,1
1050543,1
1050547,1
1050552,1
1050564,1
1050568,1
1050571,1
1050573,1
1050588,1
1050591,1
1050600,1
1050603,1
1050608,1
1050611,1
1050614,1
1050626,1
1050629,1
1050640,1
1050644,1
1050648,2
1050664,1
1050668,1
1050677,1
1050702,1
1050715,1
1050721,1
1050723,1
1050725,1
1050736,1
1050742,1
1050752,1
1050757,1
1050760,1
1050770,1
1050772,1
1050780,1
1050789,1
1050792,1
1050800,1
1050813,1
1050816,1
1050831,1
1050835,1
1050854,1
1050857,2
1050867,1
1050872,1
1050875,1
1050878,1
1050888,1
1050892,1
1050894,1
1050896,1
1050903,1
1050909,1
1050913,1
1050915,1
1050923,1
1050927,1
1050932,1
1050942,1
1050953,1
1050960,1
1050982,1
1050987,1
1050995,1
1051008,1
1051036,1
1051044,1
1051046,1
1051081,2
1051084,1
1051098,1
1051102,1
1051117,1
1051138,1
1051152,1
1051156,1
1051179,1
1051215,1
1051221,1
1051232,1
1051235,1
1051238,1
1051248,1
1051265,1
1051272,1
1051275,1
1051291,1
1051297,1
1051307,1
1051314,1
1051331,1
1051386,1
1051389,1
1051403,1
1051405,1
1051407,1
1051410,1
1051412,1
1051421,1
1051426,1
1051428,1
1051430,1
1051438,1
1051440,1
1051445,1
1051447,1
1051456,1
1051460,1
1051464,1
1051467,1
1051472,1
1051478,1
1051493,1
1051514,1
1051516,1
1051519,1
1051523,1
1051551,1
1051558,1
1051578,1
1051595,1
1051617,1
1051633,1
1051651,1
1051653,1
1051672,1
1051685,1
1051690,1
1051707,1
1051712,1
1051719,1
1051724,1
1051730,1
1051747,1
1051749,1
1051761,1
1051777,1
1051785,1
1051787,1
1051790,1
1051800,1
1051820,1
1051823,1
1051826,1
1051836,1
1051844,1
1051860,1
1051862,1
1051864,1
1051874,1
1051883,1
1051894,1
1051898,1
1051901,1
1051903,1
1051911,1
1051918,1
1051920,1
1051922,1
1051930,1
1051939,1
1051947,1
1051951,1
1051960,1
1051966,1
1051972,1
1051988,1
1051997,1
1052007,1
1052014,1
1052016,1
1052027,1
1052032,1
1052049,1
1052053,1
1052060,1
1052069,1
1052082,1
1052087,1
1052108,1
1052116,1
1052128,1
1052136,1
1052141,1
1052149,1
1052164,1
1052174,1
1052182,1
1052186,1
1052188,1
1052198,1
1052205,1
1052231,1
1052243,1
1052253,1
1052262,1
1052271,1
1052274,1
1052281,1
1052299,1
1052301,1
1052316,1
1052319,1
1052321,1
1052326,1
1052336,1
1052339,1
1052354,1
1052371,1
1052375,1
1052377,1
1052379,1
1052389,1
1052391,1
1052395,1
1052398,2
1052410,1
1052424,1
1052428,1
1052434,1
1052442,1
1052445,1
1052452,1
1052460,1
1052465,1
1052468,1
1052473,1
1052481,1
1052491,1
1052498,1
1052508,1
1052511,1
1052513,1
1052521,1
1052529,1
1052545,1
1052548,1
1052557,1
1052566,1
1052568,1
1052581,1
1052585,1
1052614,1
1052619,1
1052624,1
1052639,1
1052656,1
1052661,1
1052673,1
1052679,1
1052682,2
1052705,1
1052710,1
1052715,1
1052720,1
1052732,1
1052748,1
1052752,1
1052775,1
1052784,1
1052791,1
1052794,1
1052796,1
1052806,1
1052820,1
1052828,1
1052830,1
1052833,1
1052835,1
1052866,1
1052870,1
1052873,1
1052880,1
1052891,2
1052899,1
1052910,1
1052924,1
1052928,1
1052942,1
1052947,1
1052972,1
1052978,1
1052986,1
1052995,1
1053010,1
1053020,1
1053022,1
1053025,1
1053027,1
1053031,1
1053035,1
1053043,1
1053048,1
1053056,1
1053063,1
1053072,1
1053078,1
1053080,1
1053094,1
1053100,1
1053106,1
1053109,1
1053135,1
1053141,1
1053148,1
1053154,1
1053158,1
1053160,1
1053164,1
1053168,1
1053170,1
1053175,1
1053178,1
1053182,1
1053192,1
1053194,1
1053198,1
1053203,1
1053208,1
1053213,1
1053217,1
1053220,1
1053224,1
1053233,1
1053249,1
1053257,1
1053259,1
1053268,1
1053270,1
1053287,1
1053291,1
1053312,1
1053327,1
1053336,1
1053338,1
1053345,1
1053347,1
1053352,1
1053361,1
1053379,1
1053384,1
1053394,1
1053410,1
1053417,1
1053422,1
1053436,1
1053440,1
1053461,1
1053463,1
1053469,1
1053472,1
1053480,1
1053486,1
1053499,1
1053504,1
1053518,1
1053529,1
1053534,1
1053537,1
1053539,1
1053544,1
1053554,1
1053561,1
1053566,1
1053573,1
1053581,1
1053587,1
1053590,1
1053596,1
1053601,1
1053605,1
1053611,1
1053614,1
1053630,1
1053636,1
1053647,1
1053649,1
1053671,1
1053673,1
1053676,1
1053679,1
1053683,1
1053685,1
1053690,1
1053694,1
1053705,1
1053709,2
1053717,1
1053721,1
1053749,1
1053768,1
1053800,1
1053802,1
1053805,1
1053821,1
1053838,1
1053841,1
1053847,1
1053849,1
1053853,1
1053859,1
1053861,1
1053863,1
1053865,1
1053876,1
1053879,1
1053883,1
1053886,1
1053892,1
1053899,1
1053916,1
1053925,1
1053941,1
1053953,1
1053958,1
1053961,1
1053968,1
1053976,1
1053979,1
1053985,1
1053993,1
1053998,1
1054008,1
1054011,1
1054014,1
1054019,1
1054021,1
1054031,1
1054040,1
1054054,1
1054056,1
1054069,1
1054077,1
1054088,1
1054090,1
1054094,1
1054098,1
1054107,1
1054109,1
1054113,1
1054115,1
1054125,1
1054133,1
1054142,1
1054146,1
1054168,1
1054170,1
1054174,1
1054186,1
1054191,1
1054200,1
1054203,1
1054205,1
1054207,1
1054210,1
1054213,1
1054226,1
1054228,1
1054235,1
1054241,1
1054247,1
1054260,1
1054264,1
1054267,1
1054275,1
1054278,1
1054281,1
1054286,1
1054289,1
1054298,1
1054300,1
1054302,1
1054322,1
1054334,1
1054338,1
1054341,1
1054350,1
1054355,1
1054357,1
1054362,1
1054365,1
1054373,1
1054376,1
1054380,1
1054391,1
1054395,1
1054398,1
1054411,1
1054414,1
1054418,1
1054421,1
1054433,1
1054437,1
1054453,1
1054456,1
1054468,1
1054474,1
1054477,1
1054489,2
1054494,1
1054507,1
1054509,1
1054514,1
1054525,1
1054529,1
1054534,1
1054562,1
1054565,1
1054570,2
1054576,1
1054587,1
1054589,1
1054603,1
1054627,1
1054643,1
1054653,1
1054658,1
1054661,1
1054693,1
1054695,1
1054702,1
1054716,1
1054720,1
1054731,1
1054735,1
1054739,1
1054742,1
1054753,1
1054759,1
1054764,1
1054769,1
1054773,1
1054775,1
1054778,1
1054782,1
1054794,1
1054796,1
1054799,1
1054805,1
1054811,1
1054814,1
1054816,1
1054818,1
1054830,1
1054834,1
1054836,1
1054840,1
1054852,1
1054854,1
1054857,1
1054868,1
1054873,1
1054880,1
1054886,1
1054888,1
1054893,1
1054895,1
1054906,1
1054908,1
1054923,1
1054925,1
1054929,1
1054931,1
1054944,1
1054946,1
1054949,1
1054960,1
1054966,1
1054969,1
1054973,1
1054982,1
1054984,1
1054987,1
1054989,1
1055002,1
1055006,1
1055016,1
1055022,1
1055024,1
1055026,1
1055045,1
1055053,1
1055061,1
1055063,1
1055071,1
1055077,1
1055079,1
1055083,1
1055093,1
1055098,1
1055100,1
1055102,1
1055108,1
1055121,1
1055138,1
1055144,1
1055153,1
1055157,1
1055160,1
1055190,1
1055192,1
1055194,1
1055196,1
1055198,1
1055212,1
1055215,1
1055227,1
1055229,1
1055234,1
1055242,1
1055251,1
1055253,1
1055266,1
1055270,1
1055272,1
1055285,1
1055290,1
1055305,1
1055308,1
1055310,1
1055322,1
1055328,1
1055344,1
1055346,1
1055360,1
1055364,1
1055380,1
1055385,1
1055403,1
1055419,1
1055422,1
1055424,1
1055437,1
1055442,1
1055456,1
1055459,1
1055461,1
1055464,2
1055475,1
1055478,1
1055482,1
1055499,1
1055509,1
1055517,1
1055519,1
1055525,1
1055534,1
1055538,1
1055551,1
1055553,1
1055570,1
1055575,1
1055594,1
1055608,1
1055613,1
1055629,1
1055632,1
1055635,2
1055651,1
1055667,1
1055670,1
1055685,1
1055689,1
1055700,1
1055702,1
1055705,1
1055710,1
1055716,1
1055724,1
1055726,1
1055729,1
1055741,1
1055746,1
1055750,1
1055758,1
1055763,1
1055767,1
1055784,1
1055799,1
1055803,1
1055822,1
1055840,1
1055859,1
1055879,2
1055889,1
1055894,1
1055896,1
1055899,1
1055902,1
1055905,1
1055916,1
1055918,1
1055935,1
1055946,1
1055952,1
1055956,1
1055973,1
1055982,1
1055990,1
1055995,2
1055997,1
1056009,1
1056015,2
1056031,1
1056049,1
1056079,1
1056087,1
1056089,1
1056103,1
1056106,1
1056111,2
1056123,1
1056127,1
1056142,1
1056145,1
1056163,1
1056183,2
1056195,2
1056204,1
1056222,1
1056232,1
1056241,1
1056257,1
1056260,2
1056297,1
1056302,1
1056304,1
1056318,2
1056333,1
1056336,1
1056372,1
1056389,1
1056392,1
1056407,1
1056411,1
1056426,1
1056444,1
1056448,1
1056451,2
1056465,1
1056487,1
1056500,1
1056506,1
1056509,1
1056518,1
1056526,1
1056538,1
1056540,1
1056545,1
1056562,1
1056565,2
1056581,1
1056583,1
1056597,1
1056606,1
1056614,1
1056638,1
1056640,1
1056649,1
1056664,2
1056666,1
1056675,1
1056679,1
1056690,1
1056697,2
1056699,1
1056707,1
1056717,1
1056731,1
1056733,1
1056735,1
1056751,1
1056753,1
1056756,1
1056772,1
1056786,1
1056807,1
1056810,1
1056813,1
1056825,1
1056829,1
1056831,1
1056840,1
1056846,1
1056850,2
1056855,1
1056862,1
1056869,1
1056882,1
1056885,2
1056888,1
1056890,1
1056908,2
1056924,1
1056936,1
1056944,2
1056960,1
1056963,1
1056974,1
1056979,1
1056982,1
1056985,1
1057000,1
1057018,1
1057056,1
1057068,1
1057077,2
1057080,1
1057095,1
1057097,1
1057113,1
1057135,1
1057151,1
1057154,2
1057169,1
1057174,1
1057182,1
1057189,1
1057192,1
1057195,1
1057207,1
1057211,2
1057218,1
1057227,1
1057230,1
1057246,1
1057262,1
1057267,1
1057282,1
1057285,1
1057297,1
1057307,1
1057323,1
1057335,1
1057342,1
1057347,1
1057359,1
1057362,1
1057364,1
1057375,1
1057380,1
1057382,1
1057399,2
1057417,1
1057420,2
1057437,1
1057440,1
1057454,1
1057457,1
1057459,1
1057471,1
1057475,1
1057478,2
1057494,1
1057497,1
1057506,1
1057515,2
1057529,1
1057533,1
1057548,1
1057552,2
1057571,2
1057588,1
1057590,1
1057592,1
1057608,1
1057625,1
1057628,2
1057646,1
1057649,1
1057658,1
1057666,1
1057678,1
1057682,1
1057686,2
1057700,1
1057704,1
1057721,1
1057725,1
1057740,1
1057742,1
1057756,1
1057759,1
1057761,1
1057772,1
1057778,1
1057780,1
1057782,1
1057798,1
1057815,1
1057817,1
1057826,1
1057835,1
1057837,1
1057841,1
1057854,1
1057856,1
1057871,1
1057874,1
1057891,1
1057894,1
1057912,1
1057929,1
1057931,1
1057940,1
1057950,1
1057967,1
1057970,1
1057988,1
1058025,1
1058029,1
1058045,1
1058062,1
1058064,1
1058067,1
1058082,1
1058084,1
1058087,1
1058104,2
1058111,1
1058121,1
1058123,1
1058125,1
1058139,1
1058141,1
1058144,1
1058150,1
1058158,1
1058162,2
1058169,1
1058179,1
1058181,1
1058190,1
1058197,1
1058199,1
1058213,1
1058216,1
1058218,1
1058222,1
1058238,1
1058254,1
1058267,1
1058272,1
1058274,1
1058278,1
1058290,1
1058293,1
1058295,1
1058311,1
1058315,1
1058330,1
1058367,1
1058369,1
1058386,1
1058388,1
1058404,1
1058407,2
1058425,1
1058429,1
1058443,1
1058445,1
1058460,1
1058482,1
1058485,1
1058502,2
1058505,1
1058522,2
1058525,1
1058535,1
1058541,1
1058545,1
1058557,1
1058559,1
1058576,1
1058582,1
1058594,1
1058596,1
1058598,1
1058613,1
1058616,1
1058619,1
1058633,1
1058636,2
1058638,1
1058654,1
1058671,1
1058675,1
1058690,1
1058692,1
1058709,1
1058726,1
1058729,1
1058747,1
1058749,1
1058751,1
1058764,1
1058768,1
1058784,1
1058786,1
1058804,1
1058807,1
1058824,1
1058880,1
1058922,1
1058942,1
1058958,2
1058974,1
1058981,1
1058995,1
1059010,1
1059014,1
1059016,1
1059018,1
1059034,1
1059068,1
1059072,1
1059087,1
1059090,1
1059094,1
1059105,1
1059108,1
1059110,1
1059112,1
1059114,1
1059128,1
1059147,1
1059165,1
1059169,1
1059183,1
1059189,1
1059204,1
1059222,1
1059242,1
1059245,1
1059259,1
1059262,1
1059266,1
1059278,1
1059282,2
1059285,1
1059298,1
1059301,1
1059317,1
1059319,1
1059323,1
1059336,1
1059338,1
1059341,2
1059345,1
1059358,1
1059373,1
1059376,1
1059391,1
1059393,1
1059396,1
1059398,1
1059414,2
1059416,1
1059431,1
1059433,1
1059438,1
1059451,1
1059468,1
1059470,1
1059472,1
1059474,1
1059480,1
1059491,1
1059506,1
1059508,1
1059524,1
1059527,1
1059544,1
1059546,1
1059565,1
1059567,1
1059583,1
1059585,1
1059602,1
1059620,1
1059625,1
1059641,1
1059659,1
1059664,1
1059676,1
1059680,1
1059682,1
1059697,1
1059699,1
1059702,1
1059706,1
1059715,1
1059719,1
1059731,1
1059738,1
1059740,1
1059752,1
1059756,1
1059771,1
1059773,1
1059795,1
1059811,1
1059816,1
1059831,1
1059848,1
1059850,1
1059853,1
1059865,1
1059886,1
1059891,1
1059907,1
1059909,1
1059925,1
1059927,1
1059931,1
1059945,1
1059960,1
1059963,1
1059965,1
1059968,1
1059979,1
1059986,2
1060000,1
1060002,1
1060005,1
1060007,1
1060020,1
1060022,1
1060024,1
1060038,1
1060042,2
1060063,1
1060079,2
1060114,1
1060119,1
1060133,1
1060136,1
1060139,1
1060147,1
1060154,1
1060159,1
1060173,1
1060177,1
1060191,1
1060194,1
1060209,1
1060211,1
1060213,1
1060229,1
1060247,1
1060253,1
1060267,1
1060271,1
1060304,1
1060309,1
1060323,1
1060345,2
1060362,1
1060366,1
1060368,1
1060382,1
1060385,1
1060419,1
1060423,1
1060438,1
1060457,1
1060459,1
1060475,1
1060477,1
1060479,1
1060481,1
1060496,1
1060500,1
1060512,1
1060515,1
1060517,1
1060519,1
1060534,1
1060537,1
1060552,1
1060555,1
1060557,1
1060572,1
1060576,1
1060608,1
1060610,1
1060613,1
1060629,1
1060631,1
1060633,1
1060648,1
1060650,1
1060653,1
1060667,1
1060684,1
1060689,1
1060704,1
1060707,2
1060710,1
1060724,1
1060727,1
1060729,1
1060743,1
1060759,1
1060761,1
1060766,1
1060785,1
1060799,1
1060817,1
1060821,1
1060837,1
1060841,1
1060856,1
1060858,1
1060860,1
1060876,1
1060893,1
1060913,1
1060915,1
1060932,1
1060934,1
1060936,1
1060952,1
1060955,1
1060970,1
1060972,1
1060989,1
1060993,1
1061008,1
1061011,1
1061028,1
1061045,1
1061065,1
1061067,1
1061085,1
1061102,1
1061104,1
1061121,1
1061125,1
1061141,1
1061143,1
1061145,1
1061162,2
1061178,1
1061180,1
1061184,1
1061199,1
1061213,1
1061218,1
1061222,1
1061236,1
1061255,1
1061259,1
1061274,1
1061276,1
1061278,1
1061294,1
1061311,1
1061316,1
1061332,1
1061335,1
1061351,1
1061366,1
1061369,1
1061372,1
1061377,1
1061421,1
1061427,1
1061429,1
1061432,1
1061446,1
1061448,1
1061464,1
1061474,1
1061483,1
1061488,1
1061502,1
1061504,1
1061524,1
1061539,1
1061541,1
1061558,1
1061560,1
1061578,1
1061582,1
1061595,1
1061598,1
1061600,1
1061602,1
1061611,1
1061618,1
1061634,1
1061653,1
1061655,1
1061658,1
1061673,1
1061675,1
1061677,1
1061695,1
1061729,1
1061733,1
1061741,1
1061750,1
1061753,1
1061756,1
1061769,1
1061771,1
1061785,1
1061788,1
1061792,1
1061806,1
1061810,2
1061824,1
1061826,1
1061829,1
1061845,1
1061861,1
1061863,1
1061881,1
1061883,1
1061886,1
1061897,1
1061902,1
1061905,2
1061920,1
1061925,1
1061939,1
1061943,1
1061958,1
1061960,1
1061971,1
1061977,1
1061990,1
1062001,1
1062015,1
1062017,1
1062019,1
1062033,1
1062035,1
1062037,1
1062052,1
1062054,1
1062069,1
1062072,1
1062075,1
1062077,1
1062088,1
1062092,1
1062094,1
1062096,1
1062108,1
1062111,1
1062113,1
1062128,1
1062133,1
1062147,1
1062149,1
1062166,1
1062168,1
1062183,1
1062186,1
1062189,1
1062191,1
1062205,1
1062207,1
1062223,1
1062225,1
1062240,1
1062242,1
1062244,1
1062246,1
1062249,1
1062256,1
1062262,1
1062266,1
1062280,1
1062298,1
1062301,1
1062304,1
1062306,1
1062320,1
1062338,1
1062355,1
1062357,1
1062359,1
1062362,1
1062377,1
1062379,1
1062394,1
1062396,1
1062398,1
1062414,1
1062431,1
1062433,1
1062436,1
1062452,1
1062471,1
1062474,1
1062476,1
1062491,1
1062509,1
1062528,2
1062545,1
1062548,1
1062565,1
1062581,1
1062585,1
1062588,1
1062591,1
1062605,1
1062608,1
1062619,1
1062624,1
1062627,1
1062642,1
1062645,1
1062660,1
1062662,1
1062664,1
1062680,1
1062698,1
1062717,1
1062721,1
1062723,1
1062755,1
1062758,2
1062760,1
1062774,1
1062777,1
1062793,1
1062798,1
1062813,1
1062815,1
1062832,1
1062835,1
1062837,1
1062850,1
1062853,1
1062855,1
1062871,2
1062887,1
1062890,1
1062907,1
1062924,1
1062929,1
1062946,1
1062951,1
1062963,1
1062967,1
1062969,1
1062984,1
1062987,1
1063002,1
1063004,1
1063021,1
1063027,1
1063040,1
1063044,1
1063059,1
1063080,1
1063084,1
1063086,1
1063099,1
1063115,1
1063118,1
1063121,1
1063136,1
1063140,1
1063142,1
1063154,1
1063160,1
1063178,1
1063193,1
1063197,1
1063211,1
1063213,1
1063233,2
1063236,1
1063251,1
1063267,1
1063269,1
1063272,1
1063287,1
1063289,1
1063291,1
1063307,1
1063323,1
1063343,1
1063345,1
1063351,1
1063364,1
1063368,2
1063375,1
1063383,1
1063385,1
1063387,1
1063390,1
1063421,1
1063424,1
1063426,1
1063441,1
1063443,1
1063458,1
1063460,1
1063477,1
1063480,1
1063496,1
1063499,1
1063532,1
1063535,1
1063537,1
1063539,1
1063555,1
1063570,1
1063577,1
1063579,1
1063609,1
1063611,1
1063613,1
1063615,1
1063630,1
1063633,1
1063648,1
1063650,1
1063667,1
1063669,1
1063671,1
1063674,1
1063688,1
1063691,2
1063705,1
1063707,1
1063710,1
1063725,1
1063727,1
1063738,1
1063744,1
1063746,1
1063748,1
1063750,1
1063765,2
1063767,1
1063783,1
1063800,1
1063804,1
1063809,1
1063820,1
1063822,1
1063824,1
1063827,1
1063840,1
1063843,1
1063857,1
1063859,1
1063861,1
1063877,1
1063881,1
1063883,1
1063895,1
1063897,1
1063900,2
1063902,1
1063916,1
1063919,1
1063934,1
1063938,1
1063952,1
1063954,1
1063956,1
1063990,1
1063994,1
1064010,1
1064012,1
1064027,1
1064033,1
1064042,1
1064049,1
1064068,1
1064072,1
1064086,1
1064103,1
1064106,1
1064122,1
1064125,1
1064127,1
1064130,1
1064147,1
1064163,2
1064180,1
1064182,1
1064185,1
1064200,1
1064202,1
1064218,1
1064237,1
1064275,1
1064279,1
1064295,1
1064297,1
1064333,1
1064337,1
1064351,1
1064354,1
1064366,1
1064373,1
1064384,1
1064395,1
1064408,1
1064428,1
1064447,1
1064449,1
1064483,1
1064485,1
1064488,1
1064504,1
1064521,1
1064523,1
1064526,1
1064528,1
1064542,1
1064545,1
1064561,1
1064582,1
1064618,1
1064659,1
1064677,2
1064699,1
1064713,1
1064731,1
1064733,1
1064735,1
1064751,1
1064753,1
1064757,1
1064772,2
1064789,1
1064792,1
1064808,1
1064810,1
1064845,1
1064863,1
1064881,1
1064903,1
1064908,1
1064923,1
1064927,1
1064959,1
1064961,1
1064967,1
1064979,1
1064982,1
1064992,1
1064998,1
1065000,1
1065016,1
1065019,1
1065036,1
1065053,1
1065055,1
1065058,1
1065093,1
1065097,1
1065099,1
1065116,1
1065119,1
1065137,1
1065150,1
1065152,1
1065169,1
1065187,1
1065190,1
1065193,1
1065208,1
1065225,1
1065245,1
1065249,1
1065266,1
1065268,1
1065283,1
1065285,1
1065303,1
1065321,1
1065343,1
1065360,1
1065396,1
1065399,1
1065416,1
1065418,1
1065434,1
1065437,2
1065454,1
1065491,1
1065493,1
1065495,1
1065524,1
1065529,1
1065531,1
1065547,1
1065549,1
1065551,1
1065566,1
1065569,1
1065585,1
1065587,1
1065592,1
1065606,1
1065608,1
1065624,1
1065626,1
1065629,1
1065636,1
1065644,1
1065646,1
1065648,1
1065663,1
1065679,1
1065683,1
1065686,1
1065703,2
1065720,1
1065738,1
1065757,1
1065760,1
1065777,1
1065780,1
1065796,1
1065815,2
1065834,1
1065852,1
1065867,1
1065872,1
1065890,1
1065909,1
1065928,1
1065931,1
1065948,1
1065957,1
1065967,1
1065970,1
1065985,1
1065988,2
1066002,1
1066006,1
1066024,1
1066026,1
1066061,1
1066080,1
1066082,1
1066100,1
1066119,2
1066123,1
1066139,1
1066143,1
1066159,1
1066172,1
1066178,1
1066195,2
1066232,1
1066235,1
1066252,1
1066270,1
1066274,1
1066285,1
1066291,1
1066309,2
1066324,1
1066346,1
1066348,1
1066385,1
1066391,1
1066404,1
1066406,1
1066458,1
1066461,1
1066482,1
1066486,1
1066500,1
1066503,1
1066537,1
1066555,1
1066575,1
1066593,1
1066612,1
1066614,1
1066631,1
1066634,2
1066651,1
1066668,1
1066670,1
1066672,1
1066683,1
1066691,2
1066705,1
1066709,1
1066712,1
1066728,2
1066734,1
1066747,1
1066765,1
1066771,1
1066784,1
1066803,1
1066808,1
1066822,1
1066826,1
1066842,2
1066860,1
1066878,1
1066881,1
1066902,1
1066916,1
1066919,2
1066921,1
1066928,1
1066944,1
1066955,1
1066959,1
1066973,1
1066975,1
1066991,1
1066994,2
1067003,1
1067013,1
1067019,1
1067032,1
1067049,1
1067068,1
1067071,1
1067088,1
1067094,1
1067108,2
1067126,1
1067143,1
1067145,1
1067149,1
1067164,1
1067180,1
1067183,1
1067186,1
1067202,1
1067222,2
1067240,1
1067258,1
1067277,1
1067298,1
1067315,1
1067330,1
1067335,1
1067338,1
1067354,1
1067372,1
1067391,1
1067410,1
1067429,1
1067448,1
1067466,1
1067468,1
1067470,1
1067487,1
1067505,1
1067524,1
1067543,1
1067563,2
1067565,1
1067583,1
1067600,1
1067619,1
1067638,1
1067641,1
1067660,1
1067677,1
1067686,1
1067696,1
1067699,1
1067715,1
1067733,1
1067744,1
1067747,1
1067754,1
1067771,1
1067784,1
1067792,2
1067797,1
1067811,1
1067831,1
1067848,1
1067850,1
1067867,1
1067884,1
1067891,1
1067897,1
1067906,1
1067924,1
1067927,1
1067940,1
1067944,1
1067961,1
1067976,1
1067981,1
1067984,1
1068000,1
1068004,1
1068016,1
1068020,1
1068024,1
1068038,1
1068056,1
1068068,1
1068077,2
1068095,1
1068113,1
1068132,1
1068151,1
1068156,1
1068170,1
1068173,2
1068185,1
1068191,1
1068197,1
1068208,1
1068210,1
1068215,1
1068228,1
1068247,2
1068255,1
1068267,1
1068271,1
1068285,1
1068304,2
1068323,1
1068328,1
1068342,1
1068365,1
1068399,2
1068418,1
1068423,1
1068437,1
1068455,1
1068462,1
1068475,1
1068494,1
1068506,1
1068514,1
1068518,1
1068532,1
1068537,1
1068551,1
1068565,1
1068570,1
1068581,1
1068589,1
1068606,1
1068609,2
1068623,1
1068628,1
1068645,1
1068658,1
1068666,2
1068685,2
1068704,2
1068722,1
1068727,1
1068741,1
1068783,1
1068798,1
1068810,1
1068817,1
1068824,1
1068837,2
1068849,1
1068856,1
1068860,1
1068874,1
1068884,1
1068893,1
1068911,1
1068930,1
1068949,1
1068953,1
1068964,1
1068966,1
1068971,1
1068987,1
1068990,1
1068996,1
1069025,1
1069045,2
1069064,1
1069080,1
1069083,1
1069087,1
1069102,1
1069106,1
1069121,1
1069136,1
1069140,1
1069158,1
1069162,1
1069178,1
1069197,2
1069216,1
1069234,1
1069239,1
1069250,1
1069255,1
1069272,1
1069274,1
1069284,1
1069293,1
1069309,1
1069311,1
1069313,1
1069330,1
1069335,1
1069358,1
1069368,1
1069386,1
1069405,1
1069407,1
1069426,1
1069444,2
1069460,1
1069464,1
1069470,1
1069480,1
1069484,2
1069497,1
1069502,1
1069506,1
1069519,1
1069521,1
1069539,2
1069558,1
1069576,1
1069581,1
1069590,1
1069597,1
1069614,1
1069629,1
1069634,1
1069652,1
1069661,1
1069674,2
1069691,1
1069705,1
1069710,1
1069717,1
1069729,1
1069749,1
1069785,1
1069804,1
1069823,1
1069834,1
1069843,1
1069861,1
1069899,1
1069910,1
1069918,1
1069921,2
1069938,1
1069957,1
1069963,1
1069976,1
1069994,1
1070030,1
1070033,1
1070071,1
1070084,1
1070091,1
1070108,1
1070110,1
1070113,1
1070147,1
1070185,2
1070204,1
1070211,1
1070217,1
1070220,1
1070228,1
1070239,1
1070243,1
1070258,1
1070261,1
1070279,1
1070295,1
1070299,1
1070314,1
1070317,1
1070320,2
1070324,1
1070336,1
1070339,1
1070349,1
1070356,1
1070364,1
1070375,1
1070394,1
1070413,1
1070431,1
1070457,1
1070470,1
1070507,1
1070524,1
1070527,1
1070540,1
1070543,1
1070570,1
1070581,1
1070585,1
1070599,1
1070603,1
1070613,1
1070621,1
1070624,2
1070627,1
1070643,1
1070659,1
1070678,1
1070697,1
1070714,1
1070727,1
1070732,1
1070751,1
1070755,1
1070792,1
1070810,1
1070813,2
1070828,1
1070849,1
1070868,1
1070904,1
1070907,1
1070925,1
1070935,1
1070943,1
1070946,1
1070982,1
1070988,1
1070997,1
1071003,1
1071005,1
1071020,1
1071022,1
1071039,1
1071058,1
1071073,1
1071078,1
1071091,1
1071097,1
1071107,1
1071116,1
1071135,1
1071150,1
1071172,1
1071191,1
1071204,1
1071211,1
1071229,1
1071239,1
1071267,1
1071286,1
1071302,1
1071306,1
1071325,1
1071341,1
1071380,1
1071382,1
1071396,1
1071403,1
1071438,1
1071457,1
1071463,1
1071477,1
1071492,1
1071496,1
1071509,1
1071518,1
1071535,1
1071552,1
1071571,1
1071590,1
1071629,1
1071643,1
1071647,1
1071649,1
1071666,1
1071684,1
1071686,1
1071719,1
1071722,1
1071725,1
1071742,1
1071759,1
1071762,1
1071770,1
1071781,1
1071800,1
1071835,1
1071838,1
1071855,1
1071859,1
1071870,1
1071874,1
1071891,1
1071894,1
1071897,2
1071906,1
1071912,1
1071916,1
1071932,1
1071951,1
1071970,1
1071981,1
1071987,1
1071991,1
1072008,1
1072028,1
1072047,2
1072056,1
1072067,1
1072084,1
1072103,1
1072105,1
1072115,1
1072123,1
1072125,1
1072139,1
1072141,1
1072143,1
1072153,1
1072160,1
1072162,1
1072174,1
1072181,1
1072191,1
1072198,1
1072200,1
1072215,1
1072218,1
1072235,1
1072253,1
1072255,1
1072257,1
1072272,1
1072294,1
1072298,1
1072329,1
1072331,1
1072333,1
1072379,1
1072388,1
1072390,1
1072419,1
1072428,2
1072444,1
1072448,1
1072474,1
1072483,1
1072485,1
1072521,1
1072539,1
1072541,1
1072559,1
1072597,1
1072635,1
1072655,2
1072675,1
1072692,1
1072705,1
1072722,1
1072730,1
1072732,1
1072750,2
1072768,1
1072770,1
1072786,1
1072788,1
1072807,1
1072824,1
1072826,1
1072828,1
1072843,1
1072846,1
1072862,1
1072900,1
1072902,1
1072920,1
1072933,1
1072939,1
1072942,2
1072944,1
1072952,1
1072959,1
1072962,1
1072976,1
1072978,1
1072992,1
1072997,1
1073000,1
1073017,2
1073033,1
1073036,1
1073050,1
1073054,1
1073057,1
1073071,1
1073074,1
1073086,1
1073091,1
1073093,1
1073108,1
1073111,1
1073128,1
1073130,1
1073143,1
1073149,1
1073187,1
1073207,1
1073209,1
1073211,1
1073224,1
1073227,1
1073231,1
1073243,1
1073246,2
1073263,1
1073265,1
1073282,1
1073297,1
1073301,1
1073319,1
1073331,1
1073339,1
1073357,1
1073376,1
1073395,1
1073397,1
1073416,1
1073432,1
1073450,1
1073471,1
1073490,1
1073493,1
1073508,1
1073511,1
1073528,1
1073548,1
1073550,1
1073567,1
1073577,1
1073581,1
1073586,1
1073588,1
1073604,1
1073607,1
1073622,1
1073625,1
1073642,1
1073685,1
1073700,1
1073717,1
1073719,1
1073730,1
1073736,1
1073739,1
1073746,1
1073754,1
1073758,1
1073775,1
1073790,1
1073814,1
1073832,1
1073835,1
1073851,1
1073853,1
1073870,1
1073887,1
1073890,1
1073892,1
1073909,1
1073946,1
1073949,1
1073965,1
1073967,1
1073969,1
1073985,1
1074001,1
1074022,1
1074042,1
1074045,1
1074061,1
1074082,1
1074098,1
1074104,1
1074120,1
1074136,1
1074139,1
1074155,1
1074157,1
1074159,1
1074173,1
1074176,1
1074194,1
1074199,1
1074214,2
1074218,1
1074231,1
1074235,1
1074248,1
1074252,1
1074254,1
1074257,1
1074268,1
1074272,1
1074275,1
1074289,1
1074305,1
1074308,1
1074325,1
1074327,1
1074337,1
1074359,1
1074365,1
1074374,1
1074384,1
1074401,1
1074403,1
1074406,1
1074422,1
1074424,1
1074439,1
1074441,1
1074443,1
1074459,1
1074478,1
1074480,1
1074483,1
1074500,1
1074518,1
1074535,1
1074539,1
1074554,1
1074556,1
1074569,1
1074575,2
1074592,1
1074611,1
1074627,1
1074630,1
1074649,1
1074667,1
1074687,1
1074691,1
1074706,1
1074709,1
1074726,1
1074743,1
1074763,1
1074782,1
1074820,1
1074838,1
1074858,1
1074876,1
1074896,1
1074914,1
1074917,1
1074926,1
1074935,1
1074939,1
1074943,1
1074957,1
1074970,1
1074973,1
1074989,1
1075003,1
1075008,1
1075011,1
1075014,1
1075017,1
1075032,1
1075052,1
1075067,1
1075086,1
1075102,1
1075105,1
1075108,1
1075110,1
1075126,1
1075146,1
1075163,2
1075182,1
1075218,1
1075220,1
1075223,1
1075239,1
1075241,1
1075258,2
1075276,1
1075296,1
1075317,1
1075337,1
1075352,1
1075354,1
1075362,1
1075372,1
1075390,1
1075393,1
1075410,1
1075413,1
1075446,1
1075449,1
1075467,1
1075483,1
1075485,1
1075506,2
1075508,1
1075510,1
1075529,1
1075542,1
1075544,1
1075561,1
1075581,1
1075620,1
1075637,1
1075656,1
1075658,1
1075672,1
1075676,1
1075685,1
1075694,1
1075697,1
1075713,1
1075732,1
1075734,1
1075751,1
1075762,1
1075770,1
1075787,1
1075790,1
1075806,1
1075811,2
1075829,1
1075846,1
1075852,1
1075865,1
1075868,1
1075885,1
1075888,1
1075898,1
1075903,1
1075906,1
1075922,1
1075960,1
1075962,1
1075964,1
1075968,1
1075982,1
1075997,1
1076005,1
1076018,1
1076027,1
1076037,1
1076045,1
1076056,1
1076067,1
1076075,1
1076092,1
1076111,1
1076114,2
1076117,1
1076133,1
1076136,1
1076150,1
1076152,1
1076164,1
1076170,1
1076187,1
1076190,1
1076194,1
1076209,1
1076225,1
1076227,1
1076235,1
1076246,1
1076265,1
1076284,2
1076303,1
1076321,1
1076329,1
1076341,1
1076359,1
1076379,1
1076392,1
1076398,1
1076407,1
1076413,1
1076418,1
1076422,1
1076426,1
1076437,1
1076444,1
1076457,1
1076473,1
1076490,1
1076493,1
1076511,1
1076522,1
1076532,1
1076550,2
1076558,1
1076570,1
1076587,1
1076607,2
1076614,1
1076627,1
1076644,1
1076663,1
1076683,2
1076702,1
1076720,1
1076724,1
1076740,1
1076758,1
1076778,2
1076797,1
1076815,1
1076819,1
1076834,1
1076837,2
1076848,1
1076852,1
1076857,2
1076875,2
1076891,1
1076910,1
1076929,1
1076948,1
1076965,1
1076968,1
1076986,1
1076990,1
1076994,1
1077007,1
1077015,1
1077025,1
1077029,1
1077044,1
1077062,1
1077081,1
1077100,1
1077105,1
1077120,1
1077138,1
1077157,1
1077176,1
1077184,1
1077196,1
1077214,1
1077233,1
1077242,1
1077253,1
1077259,1
1077272,1
1077290,1
1077299,1
1077311,2
1077314,1
1077330,1
1077347,1
1077353,1
1077366,1
1077369,2
1077386,1
1077405,2
1077412,1
1077419,1
1077426,1
1077430,1
1077436,1
1077444,1
1077448,1
1077450,1
1077463,1
1077480,1
1077488,1
1077500,1
1077518,1
1077527,1
1077538,1
1077542,1
1077557,1
1077575,1
1077583,1
1077595,1
1077613,1
1077626,1
1077633,1
1077642,1
1077652,1
1077670,1
1077689,1
1077705,1
1077709,1
1077713,1
1077719,1
1077722,1
1077731,2
1077747,1
1077765,1
1077784,1
1077803,1
1077811,1
1077823,1
1077841,1
1077847,1
1077861,1
1077865,1
1077879,1
1077882,2
1077887,1
1077900,1
1077918,2
1077937,1
1077942,1
1077945,1
1077957,1
1077961,1
1077975,1
1077981,1
1077995,2
1078012,1
1078015,2
1078017,1
1078021,1
1078034,1
1078044,1
1078049,1
1078052,1
1078054,1
1078060,1
1078072,1
1078090,1
1078093,1
1078108,1
1078126,1
1078145,1
1078164,1
1078178,1
1078184,1
1078202,1
1078209,1
1078222,1
1078240,1
1078259,1
1078264,1
1078279,1
1078283,1
1078298,1
1078316,1
1078338,1
1078356,2
1078360,1
1078375,1
1078379,1
1078389,1
1078394,1
1078396,1
1078412,1
1078415,1
1078435,1
1078440,1
1078447,1
1078452,1
1078454,1
1078468,1
1078471,1
1078486,1
1078489,1
1078505,1
1078509,1
1078512,1
1078527,1
1078532,1
1078545,1
1078548,1
1078564,1
1078581,1
1078605,1
1078618,1
1078622,1
1078639,1
1078659,1
1078663,1
1078678,1
1078688,1
1078697,1
1078701,1
1078716,1
1078733,1
1078736,2
1078754,1
1078758,1
1078773,1
1078793,2
1078811,1
1078815,1
1078831,2
1078848,1
1078851,2
1078857,1
1078869,1
1078871,1
1078887,1
1078904,1
1078906,1
1078924,1
1078927,1
1078929,1
1078945,1
1078962,1
1078980,1
1078982,1
1078985,1
1079001,1
1079019,1
1079038,1
1079040,1
1079058,1
1079074,1
1079077,1
1079081,1
1079093,1
1079097,1
1079112,1
1079115,1
1079118,1
1079124,1
1079135,1
1079154,1
1079171,1
1079173,1
1079190,1
1079194,1
1079205,1
1079213,1
1079229,1
1079232,1
1079243,1
1079248,1
1079251,2
1079269,2
1079287,1
1079292,1
1079309,1
1079326,2
1079343,1
1079357,1
1079362,1
1079366,1
1079371,1
1079382,1
1079384,1
1079399,1
1079402,2
1079405,1
1079420,1
1079438,1
1079458,1
1079475,1
1079477,1
1079479,1
1079495,1
1079513,1
1079535,2
1079538,1
1079542,1
1079554,1
1079559,1
1079567,1
1079573,1
1079575,1
1079590,1
1079592,1
1079599,1
1079606,1
1079610,1
1079614,1
1079629,1
1079647,1
1079650,1
1079666,1
1079680,1
1079685,1
1079688,1
1079691,1
1079704,1
1079706,1
1079708,1
1079719,1
1079725,2
1079740,1
1079744,1
1079748,1
1079758,1
1079772,1
1079798,1
1079802,1
1079817,1
1079819,1
1079832,1
1079837,1
1079856,1
1079870,1
1079876,1
1079878,1
1079894,1
1079898,1
1079913,1
1079916,1
1079931,1
1079933,1
1079936,1
1079953,2
1079971,1
1079988,1
1079991,2
1079993,1
1080010,1
1080028,1
1080045,1
1080047,1
1080066,2
1080068,1
1080085,1
1080103,1
1080127,1
1080141,1
1080154,1
1080161,1
1080178,1
1080181,1
1080198,1
1080201,1
1080217,1
1080219,1
1080244,1
1080255,1
1080275,1
1080293,1
1080295,1
1080307,1
1080314,2
1080316,1
1080333,2
1080352,1
1080369,1
1080371,1
1080388,1
1080407,1
1080425,1
1080428,1
1080446,1
1080466,1
1080468,1
1080484,1
1080486,1
1080501,1
1080503,1
1080505,1
1080509,1
1080522,1
1080539,1
1080553,1
1080560,1
1080576,1
1080579,1
1080598,2
1080615,1
1080618,1
1080635,1
1080652,1
1080655,1
1080673,1
1080690,1
1080696,1
1080712,1
1080717,1
1080731,1
1080749,1
1080766,1
1080772,1
1080789,2
1080806,1
1080808,1
1080827,1
1080829,1
1080832,1
1080845,1
1080848,1
1080851,1
1080864,1
1080881,1
1080883,1
1080887,1
1080902,1
1080905,1
1080927,1
1080940,1
1080957,1
1080959,1
1080981,1
1080983,1
1080994,1
1080999,1
1081004,1
1081016,1
1081021,1
1081055,1
1081071,1
1081073,1
1081075,1
1081093,1
1081114,1
1081131,2
1081137,1
1081150,1
1081156,1
1081167,1
1081169,1
1081205,1
1081224,1
1081243,1
1081246,1
1081263,1
1081282,2
1081299,1
1081302,1
1081305,1
1081319,1
1081322,2
1081357,1
1081359,1
1081395,1
1081397,1
1081415,1
1081432,1
1081435,2
1081437,1
1081454,1
1081471,1
1081508,1
1081511,2
1081513,1
1081531,1
1081548,1
1081563,1
1081567,1
1081570,1
1081604,1
1081609,1
1081624,1
1081639,1
1081643,1
1081661,1
1081667,1
1081681,1
1081683,1
1081686,1
1081700,1
1081717,1
1081721,2
1081725,1
1081739,1
1081757,2
1081775,1
1081777,1
1081779,1
1081798,1
1081802,1
1081833,1
1081850,1
1081853,2
1081857,1
1081877,1
1081890,1
1081906,1
1081908,1
1081910,1
1081912,1
1081928,1
1081947,1
1081965,1
1081986,1
1082002,1
1082004,1
1082021,1
1082047,1
1082060,1
1082062,1
1082122,1
1082137,1
1082139,1
1082159,1
1082174,1
1082176,1
1082178,1
1082181,1
1082193,1
1082196,1
1082198,1
1082213,1
1082231,1
1082250,1
1082252,1
1082288,1
1082292,1
1082308,1
1082326,1
1082332,1
1082346,1
1082349,1
1082363,1
1082365,1
1082368,2
1082402,1
1082418,1
1082422,1
1082440,1
1082443,1
1082458,1
1082461,1
1082463,1
1082479,1
1082493,1
1082498,1
1082503,1
1082516,1
1082518,1
1082520,1
1082536,1
1082555,2
1082573,1
1082575,1
1082577,1
1082593,1
1082611,1
1082630,1
1082633,1
1082667,1
1082669,1
1082687,1
1082690,1
1082706,1
1082709,2
1082726,1
1082744,1
1082747,1
1082758,1
1082763,1
1082768,1
1082783,1
1082802,1
1082820,1
1082822,1
1082839,1
1082842,1
1082858,1
1082861,2
1082878,1
1082896,1
1082909,1
1082915,1
1082918,1
1082935,1
1082953,1
1082971,1
1082974,1
1082990,1
1082994,2
1083010,1
1083014,2
1083016,1
1083030,1
1083032,1
1083048,1
1083091,1
1083106,1
1083125,1
1083142,1
1083144,1
1083162,1
1083164,1
1083183,1
1083199,1
1083203,1
1083240,1
1083257,1
1083278,1
1083289,1
1083299,1
1083314,1
1083316,1
1083333,1
1083336,1
1083354,1
1083371,1
1083376,1
1083390,1
1083392,1
1083409,1
1083413,1
1083428,1
1083430,1
1083447,1
1083452,1
1083456,1
1083465,1
1083485,1
1083504,1
1083523,1
1083528,1
1083538,1
1083543,1
1083545,1
1083552,1
1083555,1
1083563,1
1083565,1
1083582,1
1083596,1
1083600,1
1083604,1
1083618,1
1083620,1
1083629,1
1083635,1
1083639,1
1083642,1
1083658,1
1083675,1
1083679,1
1083694,1
1083696,1
1083713,1
1083751,1
1083769,1
1083771,1
1083773,1
1083790,1
1083807,1
1083809,1
1083812,1
1083828,1
1083845,1
1083847,1
1083850,1
1083866,1
1083883,1
1083885,1
1083888,1
1083902,1
1083905,1
1083921,1
1083923,1
1083926,1
1083937,1
1083943,1
1083960,1
1083962,1
1083964,1
1083980,1
1083998,1
1084002,1
1084018,1
1084035,1
1084049,1
1084056,1
1084093,1
1084095,1
1084113,1
1084128,1
1084131,1
1084133,1
1084136,1
1084168,1
1084170,1
1084205,1
1084207,1
1084209,1
1084211,1
1084227,1
1084243,1
1084245,1
1084247,1
1084282,1
1084295,1
1084302,1
1084339,1
1084342,1
1084359,1
1084361,1
1084377,1
1084379,1
1084396,1
1084399,1
1084416,1
1084418,1
1084435,1
1084437,1
1084453,1
1084455,1
1084475,1
1084488,1
1084492,1
1084494,1
1084496,1
1084513,1
1084529,1
1084531,1
1084533,1
1084548,1
1084571,1
1084586,1
1084588,1
1084591,2
1084607,1
1084623,1
1084627,1
1084643,1
1084646,1
1084661,1
1084665,1
1084682,1
1084684,1
1084719,1
1084722,1
1084740,1
1084753,1
1084757,1
1084759,1
1084761,1
1084763,1
1084772,1
1084780,2
1084796,1
1084799,1
1084816,1
1084834,1
1084836,1
1084874,1
1084892,1
1084910,1
1084912,1
1084929,1
1084931,1
1084967,1
1084969,1
1085002,1
1085005,1
1085008,1
1085025,1
1085040,1
1085043,1
1085046,1
1085063,1
1085069,1
1085102,2
1085117,1
1085121,1
1085123,1
1085139,1
1085155,1
1085159,1
1085177,1
1085189,1
1085195,1
1085197,1
1085199,1
1085215,1
1085235,1
1085253,1
1085268,1
1085271,1
1085274,1
1085310,1
1085312,1
1085329,1
1085350,1
1085367,1
1085383,1
1085387,1
1085405,1
1085426,1
1085443,1
1085460,1
1085476,1
1085479,1
1085483,1
1085500,1
1085519,1
1085554,1
1085557,1
1085559,1
1085575,1
1085591,1
1085595,1
1085597,1
1085613,1
1085615,1
1085629,1
1085633,1
1085635,1
1085651,1
1085654,1
1085670,1
1085672,1
1085690,1
1085692,1
1085708,1
1085710,1
1085722,1
1085727,1
1085729,1
1085731,1
1085765,1
1085778,1
1085785,1
1085787,1
1085799,1
1085806,2
1085820,1
1085827,1
1085842,1
1085860,1
1085862,1
1085880,1
1085897,1
1085899,1
1085901,1
1085916,1
1085919,1
1085925,1
1085937,1
1085940,1
1085957,1
1085973,1
1085975,1
1085977,1
1085993,1
1086011,1
1086013,1
1086015,1
1086031,1
1086049,1
1086068,1
1086071,1
1086105,1
1086108,1
1086137,1
1086145,1
1086148,1
1086165,1
1086177,1
1086184,1
1086221,1
1086223,1
1086241,1
1086260,1
1086274,1
1086280,1
1086298,1
1086314,1
1086317,1
1086336,1
1086352,1
1086374,1
1086391,1
1086393,1
1086406,1
1086414,2
1086417,1
1086430,1
1086434,1
1086436,1
1086450,1
1086454,2
1086460,1
1086469,1
1086471,1
1086474,1
1086488,1
1086503,1
1086526,1
1086564,1
1086582,1
1086584,1
1086619,1
1086622,1
1086633,1
1086642,1
1086659,1
1086678,1
1086680,1
1086698,1
1086714,1
1086729,1
1086735,1
1086737,1
1086771,1
1086773,1
1086788,1
1086793,1
1086830,1
1086832,1
1086836,1
1086842,1
1086870,1
1086876,1
1086888,1
1086901,1
1086906,1
1086909,1
1086922,1
1086925,1
1086928,2
1086944,1
1086960,1
1086962,1
1086964,1
1086977,1
1086982,1
1086984,1
1086998,1
1087001,1
1087013,1
1087021,1
1087040,1
1087096,1
1087100,1
1087114,1
1087134,1
1087151,1
1087154,1
1087168,1
1087172,1
1087175,1
1087189,1
1087192,1
1087209,1
1087212,1
1087243,1
1087248,1
1087250,1
1087262,1
1087268,1
1087302,1
1087306,1
1087308,1
1087317,1
1087324,1
1087327,1
1087329,1
1087341,1
1087344,1
1087360,1
1087363,1
1087365,1
1087371,1
1087382,1
1087385,1
1087402,2
1087419,1
1087436,1
1087439,1
1087452,1
1087456,1
1087459,1
1087474,1
1087477,1
1087490,1
1087494,1
1087497,1
1087512,1
1087515,1
1087523,1
1087535,1
1087549,1
1087551,1
1087554,1
1087556,1
1087569,1
1087573,1
1087581,1
1087590,1
1087592,1
1087604,1
1087608,1
1087611,1
1087618,1
1087629,1
1087643,1
1087647,1
1087649,1
1087664,1
1087667,1
1087686,1
1087740,1
1087743,1
1087745,1
1087762,1
1087778,1
1087782,1
1087798,1
1087800,1
1087811,1
1087817,1
1087820,1
1087832,1
1087871,1
1087878,2
1087880,1
1087912,1
1087914,1
1087919,1
1087933,1
1087945,1
1087950,1
1087953,1
1087966,1
1087969,1
1087972,1
1087974,1
1087984,1
1087987,1
1087991,1
1087993,1
1088007,1
1088009,1
1088021,1
1088028,1
1088045,1
1088047,1
1088063,1
1088066,1
1088083,1
1088085,1
1088087,1
1088103,1
1088105,1
1088116,1
1088124,1
1088128,1
1088140,1
1088143,1
1088159,1
1088161,1
1088176,1
1088180,1
1088182,1
1088198,1
1088201,2
1088218,1
1088233,1
1088237,1
1088256,1
1088274,1
1088293,1
1088311,1
1088313,1
1088328,1
1088332,1
1088369,1
1088386,1
1088389,1
1088401,1
1088408,1
1088422,1
1088459,1
1088465,1
1088481,1
1088484,1
1088502,1
1088520,1
1088522,1
1088540,1
1088553,1
1088561,1
1088563,1
1088577,1
1088579,1
1088582,2
1088598,1
1088616,1
1088633,1
1088636,1
1088649,1
1088654,1
1088656,1
1088658,1
1088693,1
1088725,1
1088747,1
1088764,1
1088769,1
1088786,1
1088789,1
1088806,1
1088826,1
1088829,1
1088843,1
1088846,1
1088856,1
1088859,1
1088864,1
1088866,1
1088877,1
1088882,1
1088896,1
1088902,1
1088904,1
1088921,1
1088934,1
1088937,1
1088941,1
1088956,1
1088976,1
1088978,1
1088980,1
1088992,1
1088998,1
1089007,1
1089015,1
1089017,1
1089020,1
1089033,1
1089037,1
1089047,1
1089054,1
1089074,1
1089086,1
1089093,1
1089107,1
1089110,1
1089145,1
1089149,1
1089164,1
1089169,1
1089184,1
1089187,1
1089203,1
1089207,1
1089221,1
1089225,1
1089227,1
1089240,1
1089244,1
1089261,1
1089264,1
1089275,1
1089280,1
1089283,1
1089285,1
1089298,1
1089314,1
1089317,1
1089320,1
1089323,1
1089334,1
1089337,1
1089339,1
1089342,1
1089392,1
1089397,1
1089410,1
1089416,1
1089429,1
1089434,1
1089454,1
1089468,1
1089473,1
1089492,1
1089507,1
1089511,1
1089527,1
1089530,1
1089548,1
1089566,1
1089606,1
1089619,1
1089621,1
1089626,1
1089640,1
1089643,1
1089655,1
1089663,1
1089681,1
1089698,1
1089702,1
1089717,1
1089719,1
1089721,1
1089734,1
1089741,1
1089743,1
1089749,1
1089758,1
1089775,1
1089777,1
1089827,1
1089831,1
1089836,2
1089871,1
1089886,1
1089890,1
1089893,2
1089906,1
1089910,1
1089921,1
1089929,1
1089941,1
1089944,1
1089947,1
1089958,1
1089967,1
1089986,1
1090002,1
1090005,1
1090021,1
1090035,1
1090040,1
1090058,1
1090064,2
1090076,1
1090081,1
1090083,1
1090092,1
1090097,1
1090111,1
1090119,1
1090128,1
1090135,1
1090139,1
1090153,1
1090156,1
1090158,1
1090172,1
1090175,1
1090189,1
1090195,1
1090213,1
1090223,1
1090233,1
1090252,1
1090266,1
1090271,1
1090302,1
1090309,1
1090319,1
1090329,1
1090341,1
1090347,1
1090356,1
1090363,1
1090367,1
1090384,1
1090404,1
1090422,1
1090431,1
1090441,1
1090443,1
1090455,1
1090460,1
1090462,1
1090477,1
1090479,1
1090495,1
1090511,1
1090516,1
1090519,1
1090530,1
1090532,1
1090536,1
1090549,1
1090567,1
1090572,1
1090576,1
1090589,1
1090594,1
1090605,1
1090612,1
1090614,1
1090627,1
1090632,1
1090646,1
1090651,1
1090653,1
1090681,1
1090688,1
1090690,1
1090699,1
1090708,1
1090721,1
1090726,1
1090728,1
1090738,1
1090742,1
1090747,1
1090757,1
1090761,1
1090776,1
1090778,1
1090785,1
1090795,1
1090801,1
1090805,1
1090812,1
1090822,1
1090832,1
1090841,1
1090849,1
1090854,1
1090874,1
1090889,1
1090892,1
1090896,1
1090900,1
1090910,1
1090918,1
1090936,1
1090947,1
1090952,1
1090954,1
1090957,1
1090967,1
1090984,1
1090988,1
1090992,1
1090995,1
1091004,1
1091010,1
1091024,1
1091044,1
1091050,1
1091081,1
1091088,1
1091109,1
1091118,1
1091120,1
1091123,1
1091128,1
1091140,1
1091145,1
1091147,1
1091162,1
1091182,1
1091184,1
1091195,1
1091221,1
1091232,1
1091251,1
1091255,1
1091259,1
1091270,1
1091274,1
1091287,1
1091290,1
1091293,1
1091300,1
1091308,1
1091310,1
1091314,1
1091329,1
1091343,1
1091352,1
1091355,1
1091389,1
1091392,1
1091404,1
1091411,1
1091422,1
1091429,1
1091447,1
1091461,1
1091468,1
1091470,1
1091484,1
1091500,1
1091517,1
1091519,1
1091527,1
1091534,1
1091536,1
1091538,1
1091545,1
1091553,1
1091556,1
1091582,1
1091611,1
1091617,1
1091622,1
1091632,1
1091640,1
1091649,1
1091655,1
1091661,1
1091682,1
1091685,1
1091697,1
1091699,1
1091705,1
1091724,1
1091736,1
1091745,1
1091753,1
1091774,1
1091780,1
1091783,1
1091791,1
1091815,1
1091839,1
1091858,1
1091877,1
1091897,1
1091906,1
1091953,1
1091961,1
1091964,1
1091974,1
1091978,1
1091987,1
1091993,1
1091999,1
1092011,1
1092024,1
1092030,1
1092043,1
1092056,1
1092068,1
1092071,1
1092078,1
1092088,1
1092109,1
1092114,1
1092118,1
1092126,1
1092129,1
1092143,1
1092152,1
1092163,1
1092165,1
1092169,1
1092182,1
1092184,1
1092186,1
1092194,1
1092201,1
1092203,1
1092219,1
1092221,1
1092223,1
1092231,1
1092234,1
1092240,1
1092242,1
1092270,1
1092276,1
1092280,1
1092282,1
1092298,1
1092314,1
1092323,1
1092333,1
1092337,1
1092347,1
1092354,1
1092372,2
1092381,1
1092391,1
1092427,1
1092430,1
1092438,1
1092448,1
1092461,1
1092466,1
1092474,1
1092485,1
1092487,1
1092489,1
1092491,1
1092522,1
1092525,1
1092532,1
1092535,1
1092539,1
1092546,1
1092554,1
1092561,1
1092567,1
1092571,1
1092574,1
1092578,1
1092580,1
1092583,1
1092585,1
1092587,1
1092593,1
1092595,1
1092602,1
1092612,1
1092622,1
1092628,1
1092631,1
1092639,1
1092641,1
1092656,1
1092673,1
1092675,1
1092707,1
1092710,1
1092714,1
1092716,1
1092729,1
1092734,1
1092745,1
1092747,1
1092751,1
1092753,1
1092765,1
1092786,1
1092790,1
1092800,1
1092826,1
1092829,1
1092841,1
1092847,1
1092864,1
1092877,1
1092884,1
1092917,1
1092920,1
1092936,1
1092940,1
1092943,1
1092946,1
1092952,1
1092962,1
1092964,1
1092973,1
1092976,1
1092981,1
1092983,1
1092994,1
1092999,1
1093001,1
1093009,1
1093011,1
1093013,1
1093021,1
1093043,1
1093052,1
1093074,1
1093077,1
1093088,1
1093095,1
1093098,1
1093112,1
1093149,1
1093151,1
1093163,1
1093170,1
1093183,1
1093205,1
1093208,1
1093221,1
1093226,1
1093228,1
1093243,1
1093247,1
1093261,1
1093268,1
1093282,1
1093285,1
1093297,1
1093302,1
1093313,1
1093319,1
1093323,1
1093335,1
1093378,1
1093397,1
1093415,1
1093447,1
1093454,1
1093458,1
1093470,1
1093475,1
1093479,1
1093505,1
1093510,1
1093513,1
1093515,1
1093526,1
1093534,1
1093550,1
1093567,1
1093570,1
1093586,1
1093600,1
1093606,1
1093624,1
1093626,1
1093642,1
1093645,1
1093657,1
1093664,1
1093679,1
1093682,1
1093694,1
1093697,1
1093715,1
1093721,1
1093734,1
1093740,1
1093757,1
1093773,1
1093776,1
1093779,1
1093782,1
1093791,1
1093794,1
1093797,1
1093800,1
1093802,1
1093809,1
1093847,1
1093854,1
1093871,1
1093873,1
1093884,1
1093891,1
1093896,1
1093911,1
1093913,1
1093924,1
1093931,1
1093946,1
1093948,1
1093971,1
1093985,1
1093987,1
1094000,1
1094002,1
1094006,1
1094020,1
1094023,1
1094026,1
1094037,1
1094042,1
1094045,1
1094060,1
1094063,1
1094065,1
1094081,1
1094095,1
1094102,1
1094118,1
1094133,1
1094135,1
1094138,1
1094141,1
1094143,1
1094158,1
1094172,1
1094174,1
1094177,1
1094179,1
1094196,1
1094211,1
1094227,1
1094234,1
1094239,1
1094250,1
1094273,1
1094290,1
1094292,1
1094294,1
1094308,1
1094311,1
1094323,1
1094326,1
1094329,1
1094332,1
1094336,1
1094350,1
1094364,1
1094367,1
1094382,1
1094384,1
1094386,1
1094402,1
1094405,1
1094420,1
1094422,1
1094425,1
1094429,1
1094442,1
1094444,1
1094458,1
1094462,2
1094466,1
1094478,1
1094517,1
1094520,1
1094546,1
1094553,1
1094556,1
1094559,1
1094570,1
1094577,1
1094591,1
1094594,1
1094596,1
1094600,1
1094613,1
1094619,1
1094629,1
1094632,1
1094635,1
1094649,1
1094674,1
1094689,1
1094706,1
1094708,1
1094710,1
1094725,1
1094738,1
1094743,1
1094747,1
1094761,1
1094766,1
1094779,1
1094781,1
1094785,1
1094787,1
1094802,1
1094804,1
1094817,1
1094821,1
1094823,1
1094828,1
1094840,1
1094855,1
1094859,1
1094862,1
1094879,1
1094881,1
1094896,1
1094898,1
1094914,1
1094916,1
1094918,1
1094931,1
1094935,1
1094952,1
1094954,1
1094956,1
1094961,1
1094970,1
1094975,1
1094988,1
1094992,1
1095011,1
1095028,1
1095031,1
1095037,1
1095048,1
1095051,1
1095067,1
1095069,1
1095086,1
1095099,1
1095105,1
1095108,1
1095125,1
1095132,1
1095142,1
1095146,1
1095149,1
1095158,1
1095165,1
1095181,1
1095183,1
1095189,1
1095202,1
1095205,1
1095219,1
1095222,1
1095239,1
1095241,1
1095257,1
1095260,1
1095297,1
1095311,1
1095316,1
1095320,1
1095332,1
1095337,1
1095351,1
1095354,1
1095356,1
1095372,1
1095374,1
1095387,1
1095390,1
1095393,1
1095409,1
1095423,1
1095430,1
1095447,1
1095449,1
1095467,1
1095483,1
1095486,1
1095501,1
1095506,1
1095520,1
1095543,1
1095554,1
1095582,1
1095585,1
1095597,1
1095602,1
1095617,1
1095620,1
1095634,1
1095637,1
1095639,1
1095641,1
1095656,1
1095658,1
1095660,1
1095693,1
1095733,1
1095752,1
1095788,1
1095809,1
1095829,2
1095848,1
1095865,1
1095867,1
1095882,1
1095903,1
1095921,1
1095924,1
1095927,1
1095942,1
1095944,1
1095961,1
1095979,1
1095999,1
1096017,1
1096019,1
1096055,1
1096057,1
1096074,1
1096076,1
1096080,1
1096094,1
1096112,1
1096114,1
1096117,1
1096137,1
1096169,1
1096171,1
1096187,1
1096207,1
1096209,1
1096227,1
1096245,1
1096247,1
1096265,1
1096283,1
1096285,1
1096300,1
1096304,1
1096321,1
1096331,1
1096342,1
1096360,1
1096377,1
1096380,1
1096397,1
1096400,2
1096416,1
1096436,1
1096455,1
1096458,1
1096474,1
1096476,1
1096493,1
1096500,1
1096509,1
1096513,1
1096531,1
1096549,1
1096555,1
1096570,1
1096586,1
1096590,2
1096606,1
1096626,1
1096640,1
1096645,1
1096647,1
1096654,1
1096676,1
1096682,1
1096701,1
1096703,1
1096719,1
1096721,1
1096723,1
1096740,1
1096769,1
1096774,1
1096780,1
1096796,1
1096816,1
1096835,1
1096839,1
1096853,1
1096855,1
1096857,1
1096866,1
1096874,1
1096888,1
1096892,1
1096894,1
1096911,1
1096915,1
1096926,1
1096931,1
1096933,1
1096949,1
1096967,1
1096969,1
1096988,2
1097005,1
1097007,1
1097009,1
1097025,1
1097043,1
1097045,1
1097063,1
1097084,1
1097102,1
1097121,1
1097139,1
1097158,1
1097175,1
1097184,1
1097234,1
1097253,1
1097272,1
1097291,1
1097309,1
1097312,2
1097329,1
1097348,1
1097365,1
1097368,1
1097387,2
1097404,1
1097407,1
1097423,1
1097425,1
1097442,1
1097444,1
1097461,1
1097464,2
1097484,1
1097500,1
1097516,1
1097518,1
1097537,1
1097539,1
1097555,1
1097565,1
1097568,1
1097576,1
1097578,1
1097580,1
1097584,1
1097596,1
1097612,1
1097616,1
1097633,1
1097639,1
1097647,1
1097653,1
1097672,2
1097676,1
1097690,1
1097692,1
1097695,2
1097710,1
1097727,1
1097730,2
1097748,2
1097783,1
1097787,2
1097804,1
1097806,1
1097823,1
1097840,1
1097860,1
1097862,1
1097881,1
1097898,1
1097901,1
1097936,1
1097939,1
1097955,1
1097958,2
1097993,1
1098012,1
1098015,2
1098032,1
1098038,1
1098066,1
1098070,1
1098072,1
1098088,1
1098091,1
1098107,1
1098109,1
1098113,1
1098130,1
1098145,1
1098147,1
1098164,1
1098167,1
1098183,1
1098186,2
1098221,1
1098239,1
1098242,1
1098260,1
1098278,1
1098297,1
1098299,1
1098316,1
1098319,2
1098336,1
1098339,1
1098355,1
1098373,1
1098410,1
1098431,1
1098449,1
1098507,1
1098524,1
1098526,1
1098528,1
1098544,1
1098547,2
1098564,1
1098582,1
1098597,1
1098601,1
1098603,1
1098605,1
1098621,1
1098635,1
1098640,1
1098657,1
1098659,1
1098662,1
1098675,1
1098695,1
1098697,1
1098699,1
1098715,1
1098717,1
1098734,1
1098738,1
1098754,1
1098769,1
1098773,1
1098792,1
1098810,1
1098823,1
1098829,1
1098832,1
1098848,1
1098867,1
1098869,1
1098871,1
1098887,1
1098889,1
1098906,1
1098908,1
1098910,1
1098925,1
1098944,1
1098962,1
1098979,1
1098981,1
1098984,1
1099000,1
1099003,2
1099019,1
1099021,1
1099039,2
1099055,1
1099059,1
1099076,1
1099079,1
1099091,1
1099097,1
1099114,1
1099131,1
1099152,1
1099171,1
1099173,1
1099186,1
1099192,1
1099208,1
1099228,1
1099246,1
1099264,1
1099267,1
1099285,1
1099289,1
1099303,1
1099305,1
1099307,1
1099323,1
1099341,1
1099344,1
1099361,1
1099377,1
1099379,1
1099381,1
1099383,1
1099385,1
1099400,1
1099416,1
1099418,1
1099457,1
1099459,1
1099476,1
1099493,1
1099496,1
1099499,1
1099501,1
1099514,1
1099516,1
1099529,1
1099532,1
1099537,1
1099550,1
1099553,1
1099570,1
1099574,1
1099576,1
1099588,1
1099595,2
1099609,1
1099645,1
1099664,1
1099666,1
1099685,1
1099690,1
1099699,1
1099704,1
1099707,1
1099709,1
1099723,1
1099735,1
1099741,1
1099744,1
1099746,1
1099761,1
1099778,1
1099781,1
1099786,1
1099799,1
1099802,1
1099816,1
1099818,1
1099820,1
1099827,1
1099837,1
1099841,1
1099854,1
1099856,1
1099858,1
1099874,1
1099879,1
1099892,1
1099894,1
1099896,1
1099901,1
1099913,1
1099918,1
1099931,1
1099935,1
1099940,1
1099952,2
1200006,1
1200020,1
1200027,1
1200029,1
1200045,1
1200062,1
1200064,1
1200066,1
1200083,1
1200088,1
1200097,1
1200103,1
1200121,1
1200141,1
1200159,1
1200183,1
1200214,1
1200216,1
1200218,1
1200220,1
1200233,1
1200237,1
1200252,1
1200254,1
1200273,1
1200275,1
1200291,1
1200293,1
1200309,1
1200311,1
1200329,1
1200331,1
1200348,1
1200366,1
1200369,1
1200380,1
1200388,1
1200392,1
1200406,1
1200424,1
1200427,2
1200443,1
1200445,1
1200447,1
1200465,2
1200474,1
1200480,1
1200484,1
1200486,1
1200499,1
1200502,1
1200515,1
1200520,1
1200523,1
1200525,1
1200542,2
1200554,1
1200559,1
1200562,1
1200577,1
1200595,1
1200597,1
1200615,1
1200619,1
1200634,1
1200636,1
1200670,1
1200672,1
1200674,1
1200691,1
1200709,1
1200724,1
1200728,1
1200731,1
1200748,1
1200764,1
1200769,1
1200786,1
1200806,1
1200824,1
1200842,1
1200845,1
1200847,1
1200863,1
1200881,1
1200885,2
1200901,1
1200919,1
1200938,2
1200953,1
1200957,1
1200961,2
1200976,1
1200995,1
1201015,1
1201042,1
1201052,1
1201070,1
1201072,1
1201086,1
1201089,1
1201092,1
1201108,1
1201110,1
1201127,1
1201130,1
1201148,1
1201179,1
1201183,1
1201187,1
1201217,1
1201222,1
1201225,1
1201241,1
1201244,1
1201246,1
1201280,1
1201297,1
1201299,1
1201301,1
1201305,1
1201318,1
1201320,1
1201322,1
1201337,1
1201339,1
1201341,1
1201355,1
1201358,1
1201369,1
1201375,1
1201392,1
1201395,1
1201412,1
1201414,1
1201417,1
1201430,1
1201434,1
1201447,1
1201451,1
1201453,1
1201470,1
1201488,1
1201490,1
1201508,1
1201522,1
1201527,1
1201529,1
1201541,1
1201544,1
1201548,1
1201559,1
1201584,1
1201621,1
1201623,1
1201658,1
1201662,2
1201677,1
1201680,1
1201683,1
1201697,1
1201699,1
1201714,1
1201717,1
1201722,1
1201736,1
1201738,1
1201751,1
1201755,1
1201757,1
1201771,1
1201812,1
1201845,1
1201850,1
1201852,1
1201888,1
1201906,1
1201908,1
1201926,1
1201944,1
1201946,1
1201950,1
1201953,1
1201965,1
1201967,1
1201985,1
1202009,1
1202022,1
1202040,1
1202078,1
1202096,1
1202098,1
1202114,1
1202116,1
1202118,1
1202121,1
1202149,1
1202152,1
1202155,1
1202172,1
1202174,1
1202176,1
1202192,1
1202194,1
1202208,1
1202212,1
1202250,1
1202288,1
1202302,1
1202306,1
1202308,1
1202322,1
1202326,1
1202343,1
1202345,1
1202349,1
1202361,1
1202365,1
1202395,1
1202402,1
1202406,1
1202421,1
1202437,1
1202457,1
1202460,2
1202476,1
1202482,1
1202496,1
1202499,2
1202501,1
1202515,1
1202518,1
1202533,1
1202535,1
1202549,1
1202552,1
1202554,1
1202572,1
1202593,2
1202610,1
1202612,1
1202627,1
1202631,2
1202650,1
1202667,1
1202670,1
1202672,1
1202675,1
1202689,1
1202706,2
1202743,1
1202747,1
1202762,1
1202764,1
1202780,1
1202782,1
1202799,1
1202802,1
1202820,1
1202838,1
1202841,1
1202856,1
1202859,2
1202861,1
1202877,1
1202882,2
1202896,1
1202915,1
1202919,1
1202933,1
1202935,1
1202950,1
1202953,1
1202970,1
1202988,1
1202991,1
1202995,1
1203009,1
1203011,1
1203028,1
1203046,1
1203048,1
1203051,1
1203066,1
1203069,2
1203085,1
1203104,1
1203108,1
1203124,1
1203142,1
1203160,1
1203179,1
1203181,1
1203199,1
1203203,1
1203218,1
1203237,1
1203250,1
1203256,1
1203266,1
1203275,1
1203278,2
1203281,1
1203293,1
1203296,1
1203298,1
1203308,1
1203315,2
1203331,1
1203335,1
1203337,1
1203353,2
1203370,1
1203376,1
1203390,1
1203407,1
1203410,1
1203426,1
1203428,1
1203445,1
1203457,1
1203466,1
1203483,1
1203485,1
1203503,1
1203506,1
1203508,1
1203541,1
1203560,1
1203578,1
1203598,1
1203616,1
1203636,1
1203641,1
1203655,1
1203693,1
1203697,1
1203703,1
1203713,1
1203731,1
1203734,1
1203750,1
1203752,1
1203769,1
1203787,1
1203807,1
1203825,1
1203843,1
1203846,1
1203850,1
1203864,1
1203883,1
1203901,1
1203904,1
1203940,1
1203958,1
1203961,1
1203982,1
1203999,1
1204016,1
1204034,1
1204055,2
1204073,1
1204076,1
1204092,1
1204094,1
1204111,1
1204129,1
1204132,1
1204144,1
1204150,1
1204167,1
1204171,1
1204187,1
1204189,1
1204191,1
1204207,1
1204224,1
1204227,1
1204239,1
1204246,2
1204263,1
1204270,1
1204282,1
1204284,1
1204287,1
1204302,1
1204304,1
1204320,1
1204349,1
1204359,1
1204361,1
1204378,1
1204395,1
1204414,1
1204434,1
1204471,1
1204474,2
1204477,1
1204492,1
1204496,1
1204509,1
1204511,1
1204513,1
1204528,1
1204530,1
1204536,1
1204548,1
1204550,1
1204589,1
1204623,1
1204625,1
1204628,1
1204644,1
1204647,1
1204652,1
1204663,1
1204667,1
1204681,1
1204699,1
1204706,1
1204737,1
1204739,1
1204762,1
1204775,1
1204777,1
1204825,1
1204833,1
1204838,1
1204843,1
1204853,1
1204855,1
1204857,1
1204872,2
1204890,1
1204892,1
1204895,1
1204910,1
1204913,1
1204922,1
1204928,1
1204930,1
1204937,1
1204949,2
1204966,1
1204972,1
1204984,1
1205004,1
1205060,1
1205064,1
1205080,1
1205082,1
1205098,1
1205100,1
1205103,1
1205112,1
1205119,1
1205137,1
1205173,1
1205176,1
1205194,1
1205207,1
1205213,1
1205218,1
1205222,1
1205233,1
1205247,1
1205251,1
1205255,1
1205270,1
1205274,1
1205289,1
1205308,1
1205310,1
1205323,1
1205327,1
1205329,1
1205332,1
1205336,1
1205347,1
1205362,1
1205366,1
1205383,1
1205403,1
1205421,1
1205440,1
1205443,1
1205445,1
1205461,1
1205478,1
1205480,1
1205482,1
1205499,1
1205503,1
1205516,1
1205519,2
1205522,1
1205537,1
1205554,1
1205558,1
1205574,1
1205592,1
1205597,1
1205609,1
1205631,1
1205649,1
1205667,1
1205669,1
1205688,1
1205706,1
1205709,1
1205723,1
1205727,1
1205744,1
1205763,1
1205766,1
1205783,1
1205785,1
1205802,1
1205820,1
1205824,1
1205840,1
1205843,1
1205862,1
1205878,1
1205895,1
1205897,1
1205899,1
1205916,1
1205934,1
1205951,1
1205954,1
1205957,1
1205963,1
1205966,1
1205974,1
1205976,1
1205990,1
1205993,1
1205997,1
1206006,1
1206013,2
1206030,1
1206034,1
1206049,1
1206060,1
1206066,1
1206069,1
1206073,1
1206085,1
1206088,1
1206091,1
1206106,1
1206108,1
1206111,1
1206126,1
1206134,1
1206144,1
1206155,1
1206163,1
1206194,1
1206201,1
1206203,1
1206206,1
1206224,1
1206240,1
1206255,1
1206258,1
1206270,1
1206278,1
1206288,1
1206296,1
1206313,1
1206315,1
1206319,1
1206327,1
1206335,1
1206351,1
1206353,1
1206365,1
1206373,1
1206389,1
1206392,2
1206410,1
1206412,1
1206415,1
1206430,1
1206447,1
1206466,1
1206485,1
1206523,1
1206542,1
1206557,1
1206560,1
1206563,1
1206579,1
1206599,1
1206611,1
1206619,1
1206624,1
1206637,1
1206640,1
1206673,1
1206676,1
1206678,1
1206695,1
1206710,1
1206715,2
1206734,1
1206752,1
1206759,1
1206763,1
1206771,1
1206774,2
1206778,1
1206790,1
1206792,1
1206794,1
1206796,1
1206808,1
1206811,1
1206823,1
1206829,1
1206847,1
1206862,1
1206866,1
1206882,1
1206886,1
1206890,1
1206902,1
1206905,1
1206923,1
1206942,2
1206961,1
1206963,1
1206980,1
1206998,1
1207016,1
1207018,1
1207020,1
1207024,1
1207038,1
1207049,1
1207055,1
1207057,1
1207114,2
1207132,1
1207150,1
1207152,1
1207170,1
1207188,1
1207205,1
1207226,1
1207228,1
1207246,1
1207248,1
1207259,1
1207266,1
1207282,1
1207303,1
1207314,1
1207321,1
1207323,1
1207325,1
1207333,1
1207351,1
1207359,1
1207361,1
1207363,1
1207379,1
1207395,1
1207398,1
1207400,1
1207417,1
1207428,1
1207436,1
1207438,1
1207451,1
1207456,1
1207472,1
1207474,1
1207477,1
1207488,1
1207494,1
1207506,1
1207511,1
1207513,1
1207515,1
1207531,1
1207550,1
1207552,1
1207554,1
1207559,1
1207570,1
1207579,1
1207588,1
1207598,1
1207607,1
1207609,1
1207619,1
1207627,1
1207644,1
1207646,1
1207662,1
1207665,1
1207681,1
1207683,1
1207685,1
1207699,1
1207703,1
1207710,1
1207720,1
1207722,1
1207724,1
1207734,1
1207741,1
1207750,1
1207763,1
1207779,2
1207797,1
1207799,1
1207816,1
1207818,1
1207828,1
1207837,2
1207853,1
1207867,1
1207874,1
1207882,1
1207885,1
1207909,1
1207911,1
1207913,1
1207930,1
1207946,1
1207949,1
1207951,1
1207965,1
1207969,1
1208025,1
1208041,1
1208044,1
1208046,1
1208058,1
1208065,2
1208082,1
1208084,1
1208102,2
1208120,1
1208153,1
1208158,1
1208160,1
1208177,1
1208195,1
1208214,1
1208216,1
1208234,1
1208252,1
1208270,1
1208272,1
1208274,1
1208276,1
1208291,1
1208293,1
1208307,1
1208310,1
1208313,1
1208329,1
1208340,1
1208342,1
1208349,1
1208366,1
1208368,1
1208377,1
1208388,2
1208405,1
1208408,1
1208424,1
1208442,1
1208444,1
1208464,1
1208481,1
1208499,1
1208501,1
1208520,2
1208538,1
1208541,1
1208557,1
1208571,1
1208579,1
1208595,1
1208613,1
1208615,1
1208633,1
1208651,1
1208670,1
1208672,1
1208687,1
1208691,1
1208698,1
1208706,1
1208710,1
1208765,1
1208768,2
1208785,1
1208788,1
1208797,1
1208805,1
1208818,1
1208823,1
1208841,1
1208843,1
1208861,1
1208879,1
1208882,1
1208899,1
1208917,1
1208920,1
1208937,1
1208955,1
1208958,1
1208975,1
1208982,1
1208994,1
1209012,1
1209014,1
1209032,1
1209048,1
1209051,1
1209053,1
1209070,1
1209091,1
1209108,1
1209126,1
1209145,1
1209147,1
1209165,1
1209202,1
1209204,1
1209220,1
1209223,1
1209240,1
1209242,1
1209258,1
1209261,1
1209278,1
1209281,1
1209298,1
1209301,1
1209314,1
1209318,1
1209320,1
1209334,1
1209337,1
1209354,1
1209373,1
1209412,1
1209431,1
1209449,1
1209463,1
1209504,1
1209526,1
1209544,1
1209546,1
1209565,2
1209581,1
1209584,1
1209586,1
1209595,1
1209603,1
1209615,1
1209617,1
1209622,1
1209624,1
1209640,1
1209659,1
1209678,1
1209697,1
1209716,1
1209746,1
1209752,1
1209772,1
1209774,1
1209792,1
1209810,1
1209812,1
1209830,1
1209848,1
1209850,1
1209868,1
1209886,1
1209888,1
1209906,1
1209913,1
1209959,1
1209963,1
1209966,2
1209980,1
1209983,1
1209985,1
1209987,1
1210015,1
1210038,1
1210041,2
1210074,1
1210077,1
1210079,1
1210094,1
1210099,1
1210115,1
1210118,1
1210123,1
1210133,1
1210136,1
1210149,1
1210152,1
1210155,1
1210169,1
1210172,1
1210175,2
1210209,1
1210211,1
1210213,1
1210229,1
1210231,1
1210247,1
1210250,1
1210266,1
1210268,1
1210285,1
1210288,1
1210323,1
1210325,1
1210343,1
1210359,1
1210378,1
1210381,1
1210383,1
1210396,1
1210399,1
1210403,2
1210412,1
1210417,1
1210421,1
1210423,1
1210437,1
1210439,1
1210475,1
1210477,1
1210514,1
1210533,1
1210570,1
1210573,2
1210590,1
1210592,1
1210601,1
1210610,1
1210628,1
1210648,2
1210667,1
1210683,1
1210686,1
1210688,1
1210690,1
1210707,1
1210723,1
1210726,1
1210742,1
1210744,1
1210761,1
1210778,1
1210781,1
1210799,1
1210819,1
1210838,2
1210853,1
1210858,1
1210875,1
1210888,1
1210894,1
1210896,1
1210898,1
1210914,1
1210967,1
1210971,1
1210987,1
1210990,1
1211005,1
1211009,1
1211011,1
1211028,1
1211046,1
1211064,1
1211066,1
1211083,1
1211085,1
1211102,1
1211104,1
1211123,1
1211137,1
1211143,1
1211145,1
1211160,1
1211162,1
1211178,1
1211180,1
1211197,1
1211199,1
1211218,1
1211234,1
1211236,1
1211238,1
1211254,1
1211268,1
1211276,2
1211294,1
1211312,1
1211353,1
1211368,1
1211371,1
